<?xml version="1.0" encoding="UTF-8"?>
<COLLADA xmlns="http://www.collada.org/2005/11/COLLADASchema" version="1.4.1">
 <asset>
  <contributor>
   <authoring_tool>ExpCollada for Metasequoia</authoring_tool>
  </contributor>
  <created>2024-07-21T23:21:12Z</created>
  <modified>2024-07-21T23:21:12Z</modified>
  <up_axis>Y_UP</up_axis>
 </asset>
 <library_cameras>
  <camera id="Camera-Camera" name="Camera-Camera">
   <optics>
    <technique_common>
     <perspective>
      <yfov>0.000</yfov>
      <znear>0.1</znear>
      <zfar>10000.0</zfar>
     </perspective>
    </technique_common>
   </optics>
  </camera>
 </library_cameras>
 <library_images>
  <image id="texture1" name="texture1">
   <init_from>mat1.png</init_from>
  </image>
  <image id="texture2" name="texture2">
   <init_from>mat2.png</init_from>
  </image>
  <image id="texture3" name="texture3">
   <init_from>mat3.png</init_from>
  </image>
  <image id="texture4" name="texture4">
   <init_from>mat4.png</init_from>
  </image>
  <image id="texture5" name="texture5">
   <init_from>mat5.png</init_from>
  </image>
  <image id="texture6" name="texture6">
   <init_from>mat6.png</init_from>
  </image>
  <image id="texture7" name="texture7">
   <init_from>mat8.png</init_from>
  </image>
  <image id="texture8" name="texture8">
   <init_from>mat9.png</init_from>
  </image>
 </library_images>
 <library_effects>
  <effect id="mat1.png-fx" name="mat1.png-fx">
   <profile_COMMON>
    <newparam sid="texture1-surface">
     <surface type="2D">
      <init_from>texture1</init_from>
     </surface>
    </newparam>
    <newparam sid="texture1-sampler">
    <sampler2D>
     <source>texture1-surface</source>
     <minfilter>LINEAR</minfilter>
     <magfilter>LINEAR</magfilter>
    </sampler2D>
   </newparam>
    <technique sid="metaseq">
     <lambert>
      <emission>
       <color>0.500 0.500 0.500 1</color>
      </emission>
      <ambient>
       <color>0.000 0.000 0.000 1</color>
      </ambient>
      <diffuse>
       <texture texture="texture1-sampler" texcoord="UVSET0"/>
      </diffuse>
      <reflective>
       <color>1 1 1 1</color>
      </reflective>
      <reflectivity>
       <float>0.0</float>
      </reflectivity>
      <transparent>
       <color>1 1 1 1</color>
      </transparent>
      <transparency>
       <float>1.000</float>
      </transparency>
     </lambert>
    </technique>
   </profile_COMMON>
  </effect>
  <effect id="mat2.png-fx" name="mat2.png-fx">
   <profile_COMMON>
    <newparam sid="texture2-surface">
     <surface type="2D">
      <init_from>texture2</init_from>
     </surface>
    </newparam>
    <newparam sid="texture2-sampler">
    <sampler2D>
     <source>texture2-surface</source>
     <minfilter>LINEAR</minfilter>
     <magfilter>LINEAR</magfilter>
    </sampler2D>
   </newparam>
    <technique sid="metaseq">
     <lambert>
      <emission>
       <color>0.500 0.500 0.500 1</color>
      </emission>
      <ambient>
       <color>0.000 0.000 0.000 1</color>
      </ambient>
      <diffuse>
       <texture texture="texture2-sampler" texcoord="UVSET0"/>
      </diffuse>
      <reflective>
       <color>1 1 1 1</color>
      </reflective>
      <reflectivity>
       <float>0.0</float>
      </reflectivity>
      <transparent>
       <color>1 1 1 1</color>
      </transparent>
      <transparency>
       <float>1.000</float>
      </transparency>
     </lambert>
    </technique>
   </profile_COMMON>
  </effect>
  <effect id="mat3.png-fx" name="mat3.png-fx">
   <profile_COMMON>
    <newparam sid="texture3-surface">
     <surface type="2D">
      <init_from>texture3</init_from>
     </surface>
    </newparam>
    <newparam sid="texture3-sampler">
    <sampler2D>
     <source>texture3-surface</source>
     <minfilter>LINEAR</minfilter>
     <magfilter>LINEAR</magfilter>
    </sampler2D>
   </newparam>
    <technique sid="metaseq">
     <lambert>
      <emission>
       <color>0.500 0.500 0.500 1</color>
      </emission>
      <ambient>
       <color>0.000 0.000 0.000 1</color>
      </ambient>
      <diffuse>
       <texture texture="texture3-sampler" texcoord="UVSET0"/>
      </diffuse>
      <reflective>
       <color>1 1 1 1</color>
      </reflective>
      <reflectivity>
       <float>0.0</float>
      </reflectivity>
      <transparent>
       <color>1 1 1 1</color>
      </transparent>
      <transparency>
       <float>1.000</float>
      </transparency>
     </lambert>
    </technique>
   </profile_COMMON>
  </effect>
  <effect id="mat4.png-fx" name="mat4.png-fx">
   <profile_COMMON>
    <newparam sid="texture4-surface">
     <surface type="2D">
      <init_from>texture4</init_from>
     </surface>
    </newparam>
    <newparam sid="texture4-sampler">
    <sampler2D>
     <source>texture4-surface</source>
     <minfilter>LINEAR</minfilter>
     <magfilter>LINEAR</magfilter>
    </sampler2D>
   </newparam>
    <technique sid="metaseq">
     <lambert>
      <emission>
       <color>0.500 0.500 0.500 1</color>
      </emission>
      <ambient>
       <color>0.000 0.000 0.000 1</color>
      </ambient>
      <diffuse>
       <texture texture="texture4-sampler" texcoord="UVSET0"/>
      </diffuse>
      <reflective>
       <color>1 1 1 1</color>
      </reflective>
      <reflectivity>
       <float>0.0</float>
      </reflectivity>
      <transparent>
       <color>1 1 1 1</color>
      </transparent>
      <transparency>
       <float>1.000</float>
      </transparency>
     </lambert>
    </technique>
   </profile_COMMON>
  </effect>
  <effect id="mat5.png-fx" name="mat5.png-fx">
   <profile_COMMON>
    <newparam sid="texture5-surface">
     <surface type="2D">
      <init_from>texture5</init_from>
     </surface>
    </newparam>
    <newparam sid="texture5-sampler">
    <sampler2D>
     <source>texture5-surface</source>
     <minfilter>LINEAR</minfilter>
     <magfilter>LINEAR</magfilter>
    </sampler2D>
   </newparam>
    <technique sid="metaseq">
     <lambert>
      <emission>
       <color>0.500 0.500 0.500 1</color>
      </emission>
      <ambient>
       <color>0.000 0.000 0.000 1</color>
      </ambient>
      <diffuse>
       <texture texture="texture5-sampler" texcoord="UVSET0"/>
      </diffuse>
      <reflective>
       <color>1 1 1 1</color>
      </reflective>
      <reflectivity>
       <float>0.0</float>
      </reflectivity>
      <transparent>
       <color>1 1 1 1</color>
      </transparent>
      <transparency>
       <float>1.000</float>
      </transparency>
     </lambert>
    </technique>
   </profile_COMMON>
  </effect>
  <effect id="mat6.png-fx" name="mat6.png-fx">
   <profile_COMMON>
    <newparam sid="texture6-surface">
     <surface type="2D">
      <init_from>texture6</init_from>
     </surface>
    </newparam>
    <newparam sid="texture6-sampler">
    <sampler2D>
     <source>texture6-surface</source>
     <minfilter>LINEAR</minfilter>
     <magfilter>LINEAR</magfilter>
    </sampler2D>
   </newparam>
    <technique sid="metaseq">
     <lambert>
      <emission>
       <color>0.500 0.500 0.500 1</color>
      </emission>
      <ambient>
       <color>0.000 0.000 0.000 1</color>
      </ambient>
      <diffuse>
       <texture texture="texture6-sampler" texcoord="UVSET0"/>
      </diffuse>
      <reflective>
       <color>1 1 1 1</color>
      </reflective>
      <reflectivity>
       <float>0.0</float>
      </reflectivity>
      <transparent>
       <color>1 1 1 1</color>
      </transparent>
      <transparency>
       <float>1.000</float>
      </transparency>
     </lambert>
    </technique>
   </profile_COMMON>
  </effect>
  <effect id="mat8.png-fx" name="mat8.png-fx">
   <profile_COMMON>
    <newparam sid="texture7-surface">
     <surface type="2D">
      <init_from>texture7</init_from>
     </surface>
    </newparam>
    <newparam sid="texture7-sampler">
    <sampler2D>
     <source>texture7-surface</source>
     <minfilter>LINEAR</minfilter>
     <magfilter>LINEAR</magfilter>
    </sampler2D>
   </newparam>
    <technique sid="metaseq">
     <lambert>
      <emission>
       <color>0.500 0.500 0.500 1</color>
      </emission>
      <ambient>
       <color>0.000 0.000 0.000 1</color>
      </ambient>
      <diffuse>
       <texture texture="texture7-sampler" texcoord="UVSET0"/>
      </diffuse>
      <reflective>
       <color>1 1 1 1</color>
      </reflective>
      <reflectivity>
       <float>0.0</float>
      </reflectivity>
      <transparent>
       <color>1 1 1 1</color>
      </transparent>
      <transparency>
       <float>1.000</float>
      </transparency>
     </lambert>
    </technique>
   </profile_COMMON>
  </effect>
  <effect id="mat9.png-fx" name="mat9.png-fx">
   <profile_COMMON>
    <newparam sid="texture8-surface">
     <surface type="2D">
      <init_from>texture8</init_from>
     </surface>
    </newparam>
    <newparam sid="texture8-sampler">
    <sampler2D>
     <source>texture8-surface</source>
     <minfilter>LINEAR</minfilter>
     <magfilter>LINEAR</magfilter>
    </sampler2D>
   </newparam>
    <technique sid="metaseq">
     <lambert>
      <emission>
       <color>0.500 0.500 0.500 1</color>
      </emission>
      <ambient>
       <color>0.000 0.000 0.000 1</color>
      </ambient>
      <diffuse>
       <texture texture="texture8-sampler" texcoord="UVSET0"/>
      </diffuse>
      <reflective>
       <color>1 1 1 1</color>
      </reflective>
      <reflectivity>
       <float>0.0</float>
      </reflectivity>
      <transparent>
       <color>1 1 1 1</color>
      </transparent>
      <transparency>
       <float>1.000</float>
      </transparency>
     </lambert>
    </technique>
   </profile_COMMON>
  </effect>
 </library_effects>
 <library_materials>
  <material id="mat1.png" name="mat1.png">
   <instance_effect url="#mat1.png-fx"/>
  </material>
  <material id="mat2.png" name="mat2.png">
   <instance_effect url="#mat2.png-fx"/>
  </material>
  <material id="mat3.png" name="mat3.png">
   <instance_effect url="#mat3.png-fx"/>
  </material>
  <material id="mat4.png" name="mat4.png">
   <instance_effect url="#mat4.png-fx"/>
  </material>
  <material id="mat5.png" name="mat5.png">
   <instance_effect url="#mat5.png-fx"/>
  </material>
  <material id="mat6.png" name="mat6.png">
   <instance_effect url="#mat6.png-fx"/>
  </material>
  <material id="mat8.png" name="mat8.png">
   <instance_effect url="#mat8.png-fx"/>
  </material>
  <material id="mat9.png" name="mat9.png">
   <instance_effect url="#mat9.png-fx"/>
  </material>
 </library_materials>
 <library_geometries>
  <geometry id="realb10_back_8-lib" name="realb10_back_8">
   <mesh>
    <source id="realb10_back_8-lib-positions" name="position">
     <float_array id="realb10_back_8-lib-positions-array" count="36">2.81811 0.04897 4.91179 2.75293 0.05011 -3.56831 5.71899 0.04944 2.57600 5.39136 0.05012 -2.33388 0.23364 0.05012 -2.27431 0.13013 0.04919 2.59797 -0.23364 0.05012 -2.27431 -0.13013 0.04919 2.59797 -2.75293 0.05011 -3.56855 -2.81811 0.04897 4.91179 -5.71899 0.04944 2.57600 -5.39136 0.05012 -2.33388</float_array>
     <technique_common>
      <accessor count="12" source="#realb10_back_8-lib-positions-array" stride="3">
       <param name="X" type="float"/>
       <param name="Y" type="float"/>
       <param name="Z" type="float"/>
      </accessor>
     </technique_common>
    </source>
    <source id="realb10_back_8-lib-normals" name="normal">
     <float_array id="realb10_back_8-lib-normals-array" count="72">0.00006 -1.00000 -0.00014 0.00001 -1.00000 -0.00016 0.00004 -1.00000 -0.00013 0.00006 -1.00000 -0.00014 0.00007 -1.00000 -0.00014 0.00001 -1.00000 -0.00016 0.00001 -1.00000 -0.00014 0.00001 -1.00000 -0.00016 -0.00010 -1.00000 -0.00019 0.00001 -1.00000 -0.00014 0.00004 -1.00000 -0.00013 0.00001 -1.00000 -0.00016 -0.00001 -1.00000 -0.00016 -0.00001 -1.00000 -0.00014 0.00010 -1.00000 -0.00019 -0.00001 -1.00000 -0.00016 -0.00004 -1.00000 -0.00013 -0.00001 -1.00000 -0.00014 -0.00006 -1.00000 -0.00014 -0.00004 -1.00000 -0.00013 -0.00001 -1.00000 -0.00016 -0.00007 -1.00000 -0.00014 -0.00006 -1.00000 -0.00014 -0.00001 -1.00000 -0.00016</float_array>
     <technique_common>
      <accessor count="24" source="#realb10_back_8-lib-normals-array" stride="3">
       <param name="X" type="float"/>
       <param name="Y" type="float"/>
       <param name="Z" type="float"/>
      </accessor>
     </technique_common>
    </source>
    <source id="realb10_back_8-lib-texcoords">
     <float_array id="realb10_back_8-lib-texcoords-array" count="48">0.96484 -0.26562 0.02344 -0.99219 0.02344 -0.02344 0.96484 -0.26562 0.91406 -0.83984 0.02344 -0.99219 0.96484 -0.26562 0.02344 -0.99219 0.91406 -0.83984 0.96484 -0.26562 0.02344 -0.02344 0.02344 -0.99219 0.02344 -0.99219 0.96484 -0.26562 0.91406 -0.83984 0.02344 -0.99219 0.02344 -0.02344 0.96484 -0.26562 0.96484 -0.26562 0.02344 -0.02344 0.02344 -0.99219 0.91406 -0.83984 0.96484 -0.26562 0.02344 -0.99219</float_array>
     <technique_common>
      <accessor count="24" offset="0" source="#realb10_back_8-lib-texcoords-array" stride="2">
       <param name="U" type="float"/>
       <param name="V" type="float"/>
      </accessor>
     </technique_common>
    </source>
    <vertices id="realb10_back_8-lib-vertices">
     <input semantic="POSITION" source="#realb10_back_8-lib-positions"/>
    </vertices>
    <polylist count="8" material="mat4.png">
     <input offset="0" semantic="VERTEX" source="#realb10_back_8-lib-vertices"/>
     <input offset="1" semantic="NORMAL" source="#realb10_back_8-lib-normals"/>
     <input offset="2" semantic="TEXCOORD" source="#realb10_back_8-lib-texcoords"/>
     <vcount>3 3 3 3 3 3 3 3</vcount>
     <p>0 2 2 1 1 1 2 0 0 1 5 5 3 4 4 2 3 3 4 8 8 1 7 7 5 6 6 1 11 11 0 10 10 5 9 9 6 14 14 7 13 13 8 12 12 7 17 17 9 16 16 8 15 15 8 20 20 9 19 19 10 18 18 8 23 23 10 22 22 11 21 21</p>
    </polylist>
   </mesh>
  </geometry>
  <geometry id="weapon_A_3-lib" name="weapon_A_3">
   <mesh>
    <source id="weapon_A_3-lib-positions" name="position">
     <float_array id="weapon_A_3-lib-positions-array" count="30">0.00000 26.63055 -2.00567 3.69556 26.29196 -1.82342 1.09717 26.63279 -0.31546 0.00000 26.38513 -3.61939 -1.09717 26.63279 -0.31546 -3.69556 26.29196 -1.82342 0.00000 25.61525 3.19617 3.89502 26.19746 1.04880 0.00000 26.01887 1.20936 -3.89502 26.19746 1.04880</float_array>
     <technique_common>
      <accessor count="10" source="#weapon_A_3-lib-positions-array" stride="3">
       <param name="X" type="float"/>
       <param name="Y" type="float"/>
       <param name="Z" type="float"/>
      </accessor>
     </technique_common>
    </source>
    <source id="weapon_A_3-lib-normals" name="normal">
     <float_array id="weapon_A_3-lib-normals-array" count="90">-0.06446 0.98893 -0.13368 0.12113 0.99205 -0.03406 0.05366 0.99466 0.08814 -0.06446 0.98893 -0.13368 -0.00984 0.99120 -0.13202 0.12113 0.99205 -0.03406 -0.05982 0.99238 0.10774 -0.00984 0.99120 -0.13202 -0.06446 0.98893 -0.13368 -0.05982 0.99238 0.10774 -0.11057 0.99329 -0.03397 -0.00984 0.99120 -0.13202 -0.01502 0.97328 0.22912 0.05366 0.99466 0.08814 0.08009 0.98541 0.15019 -0.01502 0.97328 0.22912 -0.11525 0.96701 0.22718 0.05366 0.99466 0.08814 -0.05846 0.98679 0.15110 -0.11525 0.96701 0.22718 -0.01502 0.97328 0.22912 -0.05846 0.98679 0.15110 -0.05982 0.99238 0.10774 -0.11525 0.96701 0.22718 0.08009 0.98541 0.15019 0.05366 0.99466 0.08814 0.12113 0.99205 -0.03406 -0.05982 0.99238 0.10774 -0.05846 0.98679 0.15110 -0.11057 0.99329 -0.03397</float_array>
     <technique_common>
      <accessor count="30" source="#weapon_A_3-lib-normals-array" stride="3">
       <param name="X" type="float"/>
       <param name="Y" type="float"/>
       <param name="Z" type="float"/>
      </accessor>
     </technique_common>
    </source>
    <source id="weapon_A_3-lib-texcoords">
     <float_array id="weapon_A_3-lib-texcoords-array" count="60">0.07617 -0.23633 0.86133 -0.19141 0.34766 -0.48438 0.07617 -0.23633 0.07812 -0.00586 0.86133 -0.19141 0.34766 -0.48438 0.07812 -0.00586 0.07617 -0.23633 0.34766 -0.48438 0.86133 -0.19141 0.07812 -0.00586 0.04102 -0.89453 0.34766 -0.48438 0.86133 -0.73828 0.04102 -0.89453 0.03516 -0.63086 0.34766 -0.48438 0.86133 -0.73828 0.03516 -0.63086 0.04102 -0.89453 0.86133 -0.73828 0.34766 -0.48438 0.03516 -0.63086 0.86133 -0.73828 0.34766 -0.48438 0.86133 -0.19141 0.34766 -0.48438 0.86133 -0.73828 0.86133 -0.19141</float_array>
     <technique_common>
      <accessor count="30" offset="0" source="#weapon_A_3-lib-texcoords-array" stride="2">
       <param name="U" type="float"/>
       <param name="V" type="float"/>
      </accessor>
     </technique_common>
    </source>
    <vertices id="weapon_A_3-lib-vertices">
     <input semantic="POSITION" source="#weapon_A_3-lib-positions"/>
    </vertices>
    <polylist count="10" material="mat6.png">
     <input offset="0" semantic="VERTEX" source="#weapon_A_3-lib-vertices"/>
     <input offset="1" semantic="NORMAL" source="#weapon_A_3-lib-normals"/>
     <input offset="2" semantic="TEXCOORD" source="#weapon_A_3-lib-texcoords"/>
     <vcount>3 3 3 3 3 3 3 3 3 3</vcount>
     <p>2 2 2 1 1 1 0 0 0 1 5 5 3 4 4 0 3 3 0 8 8 3 7 7 4 6 6 3 11 11 5 10 10 4 9 9 7 14 14 2 13 13 6 12 12 2 17 17 8 16 16 6 15 15 6 20 20 8 19 19 9 18 18 8 23 23 4 22 22 9 21 21 1 26 26 2 25 25 7 24 24 5 29 29 9 28 28 4 27 27</p>
    </polylist>
   </mesh>
  </geometry>
  <geometry id="weapon_A_8-lib" name="weapon_A_8">
   <mesh>
    <source id="weapon_A_8-lib-positions" name="position">
     <float_array id="weapon_A_8-lib-positions-array" count="48">8.25317 26.65367 -0.34501 7.36225 24.93833 -2.48406 8.25314 24.93769 -2.47749 7.36396 26.70857 -0.36890 8.25287 24.94356 1.72558 7.36181 24.94226 1.75319 8.25294 22.94820 -0.40811 7.36294 22.94888 -0.39074 -7.36396 26.70858 -0.36865 -8.25314 24.93770 -2.47725 -7.36225 24.93834 -2.48382 -8.25317 26.65368 -0.34477 -7.36181 24.94227 1.75344 -8.25288 24.94357 1.72558 -7.36294 22.94889 -0.39050 -8.25294 22.94821 -0.40787</float_array>
     <technique_common>
      <accessor count="16" source="#weapon_A_8-lib-positions-array" stride="3">
       <param name="X" type="float"/>
       <param name="Y" type="float"/>
       <param name="Z" type="float"/>
      </accessor>
     </technique_common>
    </source>
    <source id="weapon_A_8-lib-normals" name="normal">
     <float_array id="weapon_A_8-lib-normals-array" count="144">0.05275 0.76821 -0.63801 0.01708 0.77654 -0.62984 0.00518 0.77907 -0.62691 0.05275 0.76821 -0.63801 0.06445 0.76524 -0.64051 0.01708 0.77654 -0.62984 0.02102 0.76890 0.63903 0.02803 0.77022 0.63716 0.03048 0.77067 0.63650 0.02102 0.76890 0.63903 0.01870 0.76845 0.63964 0.02803 0.77022 0.63716 0.01453 -0.73190 0.68126 0.02042 -0.73061 0.68249 0.02223 -0.73021 0.68287 0.01453 -0.73190 0.68126 0.01273 -0.73229 0.68087 0.02042 -0.73061 0.68249 0.00102 -0.72411 -0.68969 -0.01049 -0.72161 -0.69222 -0.01408 -0.72081 -0.69299 0.00102 -0.72411 -0.68969 0.00456 -0.72485 -0.68889 -0.01049 -0.72161 -0.69222 -0.05283 0.77556 -0.62907 -0.01711 0.76919 -0.63879 -0.00528 0.76685 -0.64180 -0.05283 0.77556 -0.62907 -0.06480 0.77745 -0.62560 -0.01711 0.76919 -0.63879 -0.02114 0.77033 0.63730 -0.02802 0.76875 0.63894 -0.03025 0.76823 0.63946 -0.02114 0.77033 0.63730 -0.01878 0.77086 0.63673 -0.02802 0.76875 0.63894 -0.01457 -0.73065 0.68260 -0.02056 -0.73182 0.68119 -0.02235 -0.73216 0.68076 -0.01457 -0.73065 0.68260 -0.01277 -0.73029 0.68302 -0.02056 -0.73182 0.68119 -0.00103 -0.72165 -0.69226 0.01047 -0.72407 -0.68964 0.01400 -0.72479 -0.68882 -0.00103 -0.72165 -0.69226 -0.00459 -0.72088 -0.69305 0.01047 -0.72407 -0.68964</float_array>
     <technique_common>
      <accessor count="48" source="#weapon_A_8-lib-normals-array" stride="3">
       <param name="X" type="float"/>
       <param name="Y" type="float"/>
       <param name="Z" type="float"/>
      </accessor>
     </technique_common>
    </source>
    <source id="weapon_A_8-lib-texcoords">
     <float_array id="weapon_A_8-lib-texcoords-array" count="96">1.00000 5.46094 0.00000 7.91406 1.00000 7.91016 1.00000 5.46094 0.00000 5.46484 0.00000 7.91406 1.00000 2.96875 0.00000 5.46484 1.00000 5.46094 1.00000 2.96875 0.00000 2.96875 0.00000 5.46484 1.00000 0.48438 0.00000 2.96875 1.00000 2.96875 1.00000 0.48438 0.00000 0.48047 0.00000 2.96875 1.00000 -1.99609 0.00000 0.48047 1.00000 0.48438 1.00000 -1.99609 0.00000 -1.99219 0.00000 0.48047 0.00000 5.46484 1.00000 7.91016 0.00000 7.91406 0.00000 5.46484 1.00000 5.46094 1.00000 7.91016 0.00000 2.96875 1.00000 5.46094 0.00000 5.46484 0.00000 2.96875 1.00000 2.96875 1.00000 5.46094 0.00000 0.48047 1.00000 2.96875 0.00000 2.96875 0.00000 0.48047 1.00000 0.48438 1.00000 2.96875 0.00000 -1.99219 1.00000 0.48438 0.00000 0.48047 0.00000 -1.99219 1.00000 -1.99609 1.00000 0.48438</float_array>
     <technique_common>
      <accessor count="48" offset="0" source="#weapon_A_8-lib-texcoords-array" stride="2">
       <param name="U" type="float"/>
       <param name="V" type="float"/>
      </accessor>
     </technique_common>
    </source>
    <vertices id="weapon_A_8-lib-vertices">
     <input semantic="POSITION" source="#weapon_A_8-lib-positions"/>
    </vertices>
    <polylist count="16" material="mat8.png">
     <input offset="0" semantic="VERTEX" source="#weapon_A_8-lib-vertices"/>
     <input offset="1" semantic="NORMAL" source="#weapon_A_8-lib-normals"/>
     <input offset="2" semantic="TEXCOORD" source="#weapon_A_8-lib-texcoords"/>
     <vcount>3 3 3 3 3 3 3 3 3 3 3 3 3 3 3 3</vcount>
     <p>2 2 2 1 1 1 0 0 0 1 5 5 3 4 4 0 3 3 0 8 8 3 7 7 4 6 6 3 11 11 5 10 10 4 9 9 4 14 14 5 13 13 6 12 12 5 17 17 7 16 16 6 15 15 6 20 20 7 19 19 2 18 18 7 23 23 1 22 22 2 21 21 10 26 26 9 25 25 8 24 24 9 29 29 11 28 28 8 27 27 8 32 32 11 31 31 12 30 30 11 35 35 13 34 34 12 33 33 12 38 38 13 37 37 14 36 36 13 41 41 15 40 40 14 39 39 14 44 44 15 43 43 10 42 42 15 47 47 9 46 46 10 45 45</p>
    </polylist>
   </mesh>
  </geometry>
  <geometry id="weapon_B_3-lib" name="weapon_B_3">
   <mesh>
    <source id="weapon_B_3-lib-positions" name="position">
     <float_array id="weapon_B_3-lib-positions-array" count="360">3.89575 23.26583 -2.05814 1.82031 21.63255 2.27001 4.03760 23.11896 1.12702 2.76367 21.58831 -1.37337 0.00000 23.21382 -3.97434 0.00000 21.70720 -2.76301 -3.89575 23.26583 -2.05814 -2.76367 21.58831 -1.37337 -4.03760 23.11896 1.12702 -1.82031 21.63255 2.27001 3.89502 26.19746 1.04880 0.00000 22.92853 3.48705 0.00000 25.61525 3.19617 3.69556 26.29196 -1.82342 0.00000 26.38513 -3.61939 -3.69556 26.29196 -1.82342 -3.89502 26.19746 1.04880 0.00000 18.67477 2.21408 0.00000 21.73532 3.09073 1.86401 18.68694 1.68857 2.47095 18.78762 -1.30517 0.00000 18.82819 -2.78555 -2.47095 18.78762 -1.30517 -1.86401 18.68694 1.68857 10.82088 24.87607 -1.59452 8.25294 22.94820 -0.40811 10.81743 23.64294 -0.42654 8.25314 24.93769 -2.47749 10.81741 26.07163 -0.43128 8.25317 26.65367 -0.34501 10.81800 24.87772 0.82687 8.25287 24.94356 1.72558 2.65259 13.55694 2.41171 1.70898 5.48061 1.70534 1.20972 11.10466 1.83350 2.78101 4.84699 1.70447 4.09204 11.10464 1.57547 3.85034 5.48061 1.70534 4.57202 13.76125 1.24647 4.04663 11.13261 -1.91328 3.99609 11.13283 0.71565 4.55908 13.76046 -2.07118 3.62280 15.58266 0.62875 3.62402 15.58587 -1.43327 1.10449 11.13185 -1.89718 0.65283 13.66957 -2.07182 1.38135 15.54056 -1.43126 1.29541 11.13201 0.71219 0.66919 13.66992 1.23994 1.37500 15.53294 0.62590 -8.25314 24.93770 -2.47725 -10.81743 23.64295 -0.42630 -8.25294 22.94821 -0.40787 -10.82088 24.87608 -1.59428 -8.25317 26.65368 -0.34477 -10.81741 26.07164 -0.43128 -8.25288 24.94357 1.72558 -10.81800 24.87773 0.82711 -2.78101 4.84699 1.70447 -1.20972 11.10467 1.83325 -1.70898 5.48061 1.70534 -2.65259 13.55694 2.41171 -3.85034 5.48061 1.70534 -4.09204 11.10464 1.57547 -4.55908 13.76046 -2.07118 -3.99609 11.13283 0.71565 -4.04663 11.13261 -1.91328 -4.57202 13.76125 1.24647 -3.62402 15.58587 -1.43327 -3.62280 15.58266 0.62875 -0.65283 13.66957 -2.07182 -1.10449 11.13185 -1.89718 -1.38135 15.54056 -1.43126 -0.66919 13.66992 1.23994 -1.29541 11.13201 0.71219 -1.37500 15.53294 0.62590 -0.70044 15.53027 2.70923 0.70044 14.93042 2.59815 -0.70044 14.93042 2.59815 0.70044 15.53027 2.70923 -0.66626 15.54932 2.38550 0.66626 15.54932 2.38550 -0.70532 18.24173 2.93840 0.70532 18.24173 2.93840 4.22217 23.69762 2.61046 4.87134 26.67346 2.46409 6.08935 25.29980 2.10602 3.25317 23.34550 3.20131 -5.22908 25.03518 -0.40727 -3.92427 25.17983 0.34518 -3.68619 23.62137 -0.36655 -3.91787 25.18073 -1.07842 -3.25317 23.34550 3.20131 -4.87134 26.67346 2.46409 -3.19409 25.25368 2.88577 -4.22217 23.69762 2.61046 0.74097 15.02563 -3.12915 -0.74097 15.02563 -3.12915 2.19873 21.51341 3.18971 2.05713 23.05617 3.27811 2.76001 21.51155 3.03833 3.80054 22.07999 2.73119 4.47583 22.30244 2.53816 0.63525 23.41277 3.74744 0.76147 25.72055 3.71098 3.19409 25.25368 2.88577 -2.19873 21.51341 3.18971 -2.76001 21.51155 3.03833 -2.05713 23.05617 3.27811 -3.80054 22.07999 2.73119 -4.47583 22.30244 2.53816 -0.76147 25.72055 3.71098 -0.63525 23.41277 3.74744 0.71045 18.43536 -3.02518 -0.71045 18.43536 -3.02518 5.22908 25.03517 -0.40752 3.91787 25.18072 -1.07867 3.68619 23.62136 -0.36680 3.92427 25.17982 0.34493 -6.08935 25.29980 2.10602</float_array>
     <technique_common>
      <accessor count="120" source="#weapon_B_3-lib-positions-array" stride="3">
       <param name="X" type="float"/>
       <param name="Y" type="float"/>
       <param name="Z" type="float"/>
      </accessor>
     </technique_common>
    </source>
    <source id="weapon_B_3-lib-normals" name="normal">
     <float_array id="weapon_B_3-lib-normals-array" count="1146">0.81510 -0.28108 -0.50657 0.75096 -0.25721 0.60820 0.53325 -0.84363 -0.06265 0.81510 -0.28108 -0.50657 0.92301 -0.30897 0.22934 0.75096 -0.25721 0.60820 -0.00253 -0.25369 -0.96728 0.41605 -0.35345 -0.83784 0.81510 -0.28108 -0.50657 -0.00253 -0.25369 -0.96728 0.00193 -0.37678 -0.92630 0.41605 -0.35345 -0.83784 -0.80306 -0.25281 -0.53962 0.00193 -0.37678 -0.92630 -0.00253 -0.25369 -0.96728 -0.80306 -0.25281 -0.53962 -0.78494 -0.46265 -0.41209 0.00193 -0.37678 -0.92630 -0.90004 -0.40647 0.15717 -0.78494 -0.46265 -0.41209 -0.80306 -0.25281 -0.53962 -0.90004 -0.40647 0.15717 -0.65052 -0.24961 0.71730 -0.78494 -0.46265 -0.41209 0.49176 0.06187 0.86853 -0.00472 -0.07351 0.99728 -0.01242 0.09730 0.99518 0.49176 0.06187 0.86853 0.50419 0.01165 0.86352 -0.00472 -0.07351 0.99728 0.99690 0.05709 -0.05418 0.99690 0.05723 -0.05403 0.99671 0.04444 -0.06775 0.99690 0.05709 -0.05418 0.81510 -0.28108 -0.50657 0.99690 0.05723 -0.05403 0.00039 0.11084 -0.99384 0.81510 -0.28108 -0.50657 0.43699 0.09826 -0.89409 0.00039 0.11084 -0.99384 -0.00253 -0.25369 -0.96728 0.81510 -0.28108 -0.50657 -0.43768 0.09900 -0.89366 -0.00253 -0.25369 -0.96728 0.00039 0.11084 -0.99384 -0.43768 0.09900 -0.89366 -0.80306 -0.25281 -0.53962 -0.00253 -0.25369 -0.96728 -0.99686 0.05770 -0.05421 -0.80306 -0.25281 -0.53962 -0.99524 0.07102 -0.06678 -0.99686 0.05770 -0.05421 -0.90004 -0.40647 0.15717 -0.80306 -0.25281 -0.53962 -0.01242 0.09730 0.99518 -0.48495 0.06127 0.87239 -0.47722 0.04440 0.87766 -0.01242 0.09730 0.99518 -0.00472 -0.07351 0.99728 -0.48495 0.06127 0.87239 0.34606 -0.23018 0.90954 0.02555 -0.24814 0.96839 0.00898 -0.28547 0.95835 0.34606 -0.23018 0.90954 0.26788 -0.18275 0.94596 0.02555 -0.24814 0.96839 0.92301 -0.30897 0.22934 0.97175 -0.06063 0.22807 0.75096 -0.25721 0.60820 0.92301 -0.30897 0.22934 0.97605 -0.09728 0.19461 0.97175 -0.06063 0.22807 0.00193 -0.37678 -0.92630 0.47901 -0.03261 -0.87720 0.41605 -0.35345 -0.83784 0.00193 -0.37678 -0.92630 0.01986 -0.01413 -0.99970 0.47901 -0.03261 -0.87720 -0.78494 -0.46265 -0.41209 0.01986 -0.01413 -0.99970 0.00193 -0.37678 -0.92630 -0.78494 -0.46265 -0.41209 -0.51162 -0.07432 -0.85599 0.01986 -0.01413 -0.99970 -0.65052 -0.24961 0.71730 -0.97136 -0.06504 0.22853 -0.78494 -0.46265 -0.41209 -0.65052 -0.24961 0.71730 -0.77308 -0.14067 0.61851 -0.97136 -0.06504 0.22853 0.00898 -0.28547 0.95835 -0.77308 -0.14067 0.61851 -0.65052 -0.24961 0.71730 0.00898 -0.28547 0.95835 0.02555 -0.24814 0.96839 -0.77308 -0.14067 0.61851 0.19797 -0.69133 -0.69488 0.20211 -0.69429 -0.69074 0.17825 -0.67692 -0.71415 0.19797 -0.69133 -0.69488 0.21581 -0.70391 -0.67671 0.20211 -0.69429 -0.69074 0.20422 0.72505 -0.65772 0.19132 0.73705 -0.64820 0.25442 0.67479 -0.69277 0.20422 0.72505 -0.65772 0.15389 0.76980 -0.61945 0.19132 0.73705 -0.64820 0.21049 0.73175 0.64825 0.21707 0.73635 0.64084 0.18459 0.71296 0.67647 0.21049 0.73175 0.64825 0.23604 0.74923 0.61882 0.21707 0.73635 0.64084 0.20964 -0.70600 0.67648 0.20749 -0.70794 0.67510 0.22190 -0.69467 0.68425 0.20964 -0.70600 0.67648 0.19873 -0.71582 0.66941 0.20749 -0.70794 0.67510 0.08785 -0.06568 0.99397 -0.07216 -0.07853 0.99430 -0.29971 -0.04832 0.95281 0.08785 -0.06568 0.99397 0.01903 -0.03875 0.99907 -0.07216 -0.07853 0.99430 0.38702 -0.06212 0.91997 0.01903 -0.03875 0.99907 0.08785 -0.06568 0.99397 0.38702 -0.06212 0.91997 -0.01487 0.02372 0.99961 0.01903 -0.03875 0.99907 0.99237 0.12327 0.00217 0.97918 -0.20291 0.00599 0.97585 -0.21762 0.01878 0.99237 0.12327 0.00217 0.99379 0.11128 -0.00277 0.97918 -0.20291 0.00599 0.88831 0.45924 -0.00189 0.99379 0.11128 -0.00277 0.99237 0.12327 0.00217 0.88831 0.45924 -0.00189 0.89020 0.45557 0.00124 0.99379 0.11128 -0.00277 -0.00464 0.11725 -0.99309 -0.00093 -0.06483 -0.99790 -0.00545 -0.05892 -0.99825 -0.00464 0.11725 -0.99309 -0.00250 0.11455 -0.99341 -0.00093 -0.06483 -0.99790 -0.00744 0.32649 -0.94517 -0.00250 0.11455 -0.99341 -0.00464 0.11725 -0.99309 -0.00744 0.32649 -0.94517 -0.00744 0.32649 -0.94517 -0.00250 0.11455 -0.99341 -0.99818 0.05533 0.02393 -0.97692 -0.21103 0.03313 -0.98282 -0.16997 0.07192 -0.99818 0.05533 0.02393 -0.99876 0.04969 0.00339 -0.97692 -0.21103 0.03313 -0.93338 0.35888 0.00248 -0.99876 0.04969 0.00339 -0.99818 0.05533 0.02393 -0.93338 0.35888 0.00248 -0.93531 0.35383 -0.00158 -0.99876 0.04969 0.00339 -0.00386 0.04342 0.99905 0.00145 -0.20055 0.97968 -0.00119 -0.20387 0.97900 -0.00386 0.04342 0.99905 -0.00240 0.03932 0.99922 0.00145 -0.20055 0.97968 -0.00877 0.31643 0.94857 -0.00240 0.03932 0.99922 -0.00386 0.04342 0.99905 -0.00877 0.31643 0.94857 -0.00822 0.31732 0.94828 -0.00240 0.03932 0.99922 -0.20180 -0.69443 -0.69069 -0.20613 -0.69032 -0.69352 -0.18696 -0.70818 -0.68083 -0.20180 -0.69443 -0.69069 -0.22695 -0.67006 -0.70676 -0.20613 -0.69032 -0.69352 -0.19428 0.73626 -0.64821 -0.18197 0.72770 -0.66132 -0.22810 0.75854 -0.61039 -0.19428 0.73626 -0.64821 -0.13295 0.69129 -0.71024 -0.18197 0.72770 -0.66132 -0.21495 0.73686 0.64096 -0.22217 0.73022 0.64608 -0.19280 0.75651 0.62491 -0.21495 0.73686 0.64096 -0.25134 0.70222 0.66612 -0.22217 0.73022 0.64608 -0.20741 -0.70788 0.67520 -0.20540 -0.70652 0.67723 -0.21534 -0.71321 0.66705 -0.20741 -0.70788 0.67520 -0.19427 -0.69885 0.68838 -0.20540 -0.70652 0.67723 0.00991 -0.05927 0.99819 0.23329 -0.07853 0.96923 0.01332 -0.02392 0.99963 0.00991 -0.05927 0.99819 -0.07904 -0.05450 0.99538 0.23329 -0.07853 0.96923 -0.09336 -0.07300 0.99295 -0.07904 -0.05450 0.99538 0.00991 -0.05927 0.99819 -0.09336 -0.07300 0.99295 -0.50040 -0.00151 0.86579 -0.07904 -0.05450 0.99538 -0.99450 0.10471 0.00252 -0.97909 -0.20336 0.00605 -0.98155 -0.19028 0.01888 -0.99450 0.10471 0.00252 -0.99304 0.11772 -0.00270 -0.97909 -0.20336 0.00605 -0.88851 0.45885 -0.00189 -0.99304 0.11772 -0.00270 -0.99450 0.10471 0.00252 -0.88851 0.45885 -0.00189 -0.88663 0.46248 0.00124 -0.99304 0.11772 -0.00270 0.00466 0.11623 -0.99321 0.00099 -0.06369 -0.99797 0.00544 -0.06962 -0.99756 0.00466 0.11623 -0.99321 0.00260 0.11889 -0.99290 0.00099 -0.06369 -0.99797 0.00744 0.32649 -0.94517 0.00260 0.11889 -0.99290 0.00466 0.11623 -0.99321 0.00744 0.32649 -0.94517 0.00744 0.32649 -0.94517 0.00260 0.11889 -0.99290 0.99778 0.06267 0.02275 0.97752 -0.20827 0.03286 0.96494 -0.25278 0.07062 0.99778 0.06267 0.02275 0.99744 0.07143 0.00349 0.97752 -0.20827 0.03286 0.93363 0.35824 0.00249 0.99744 0.07143 0.00349 0.99778 0.06267 0.02275 0.93363 0.35824 0.00249 0.93167 0.36329 -0.00153 0.99744 0.07143 0.00349 0.00375 0.03849 0.99925 -0.00148 -0.20090 0.97961 0.00120 -0.19771 0.98026 0.00375 0.03849 0.99925 0.00247 0.04268 0.99909 -0.00148 -0.20090 0.97961 0.00877 0.31662 0.94851 0.00247 0.04268 0.99909 0.00375 0.03849 0.99925 0.00877 0.31662 0.94851 0.00819 0.31581 0.94879 0.00247 0.04268 0.99909 0.00000 -0.18209 0.98328 0.00000 -0.18209 0.98328 0.00000 -0.18209 0.98328 0.00000 -0.18209 0.98328 0.00000 -0.18209 0.98328 0.00000 0.99827 0.05875 0.00000 0.99827 0.05875 0.00000 -0.20116 0.97956 0.00000 -0.20116 0.97956 0.00000 -0.20116 0.97956 0.00000 -0.20116 0.97956 0.00000 -0.20116 0.97956 0.45557 -0.05370 0.88858 0.27905 0.02153 0.96004 0.27002 -0.01155 0.96279 0.45557 -0.05370 0.88858 0.23718 0.03367 0.97088 0.27905 0.02153 0.96004 0.75096 -0.25721 0.60820 -0.00472 -0.07351 0.99728 0.50419 0.01165 0.86352 0.75096 -0.25721 0.60820 0.00898 -0.28547 0.95835 -0.00472 -0.07351 0.99728 -0.41488 -0.42966 0.80204 -0.41488 -0.42966 0.80204 -0.41488 -0.42966 0.80204 -0.11026 0.99390 0.00013 -0.11026 0.99390 0.00013 -0.11026 0.99390 0.00013 -0.23718 0.03367 0.97088 -0.27905 0.02153 0.96004 -0.16330 0.11475 0.97988 -0.23718 0.03367 0.97088 -0.45557 -0.05370 0.88858 -0.27905 0.02153 0.96004 -0.65052 -0.24961 0.71730 -0.00472 -0.07351 0.99728 0.00898 -0.28547 0.95835 -0.65052 -0.24961 0.71730 -0.90004 -0.40647 0.15717 -0.00472 -0.07351 0.99728 0.99949 0.02510 -0.01973 0.99860 0.04649 -0.02521 0.99441 0.01923 -0.10386 0.99949 0.02510 -0.01973 0.99998 0.00135 0.00667 0.99860 0.04649 -0.02521 -0.99860 0.04649 -0.02521 -0.99949 0.02510 -0.01973 -0.99441 0.01923 -0.10386 -0.99860 0.04649 -0.02521 -0.99998 0.00135 0.00667 -0.99949 0.02510 -0.01973 0.17623 -0.07220 0.98170 0.20750 0.00389 0.97823 0.23718 0.03367 0.97088 0.17623 -0.07220 0.98170 0.41191 -0.03942 0.91037 0.23718 0.03367 0.97088 0.45557 -0.05370 0.88858 0.41191 -0.03942 0.91037 0.20750 0.00389 0.97823 0.31734 0.00025 0.94831 0.16330 0.11475 0.97988 -0.17623 -0.07220 0.98170 -0.17623 -0.07220 0.98170 -0.23718 0.03367 0.97088 -0.20750 0.00389 0.97823 -0.41191 -0.03942 0.91037 -0.41191 -0.03942 0.91037 -0.45557 -0.05370 0.88858 -0.23718 0.03367 0.97088 -0.20750 0.00389 0.97823 -0.16330 0.11475 0.97988 -0.31734 0.00025 0.94831 0.99997 -0.00301 0.00656 0.99998 0.00135 0.00667 0.99949 0.02510 -0.01973 0.99997 -0.00301 0.00656 0.00000 0.03048 -0.99954 0.00000 -0.99986 -0.01662 0.00000 -0.99986 -0.01662 -0.99997 -0.00301 0.00656 -0.99949 0.02510 -0.01973 -0.99998 0.00135 0.00667 -0.99997 -0.00301 0.00656 0.00000 0.99947 0.03245 0.00000 0.99947 0.03245 0.00000 0.99947 0.03245 0.37289 -0.43061 -0.82190 0.37289 -0.43061 -0.82190 0.37289 -0.43061 -0.82190 0.41488 -0.42966 0.80204 0.41488 -0.42966 0.80204 0.41488 -0.42966 0.80204 0.11026 0.99390 0.00013 0.11026 0.99390 0.00013 0.11026 0.99390 0.00013 0.23718 0.03367 0.97088 0.16330 0.11475 0.97988 0.27905 0.02153 0.96004 0.16330 0.11475 0.97988 0.23718 0.03367 0.97088 0.20750 0.00389 0.97823 -0.37289 -0.43061 -0.82190 -0.37289 -0.43061 -0.82190 -0.27002 -0.01155 0.96279 -0.27905 0.02153 0.96004 -0.45557 -0.05370 0.88858 -0.23718 0.03367 0.97088 -0.16330 0.11475 0.97988 -0.20750 0.00389 0.97823</float_array>
     <technique_common>
      <accessor count="377" source="#weapon_B_3-lib-normals-array" stride="3">
       <param name="X" type="float"/>
       <param name="Y" type="float"/>
       <param name="Z" type="float"/>
      </accessor>
     </technique_common>
    </source>
    <source id="weapon_B_3-lib-texcoords">
     <float_array id="weapon_B_3-lib-texcoords-array" count="784">0.55566 -0.24805 0.15820 -0.35840 0.34180 -0.24805 0.55566 -0.24805 0.59180 -0.35840 0.15820 -0.35840 0.86523 -0.24707 0.59180 -0.35840 0.55566 -0.24805 0.86523 -0.24707 0.80566 -0.36523 0.59180 -0.35840 0.55566 -0.24805 0.80566 -0.36523 0.86523 -0.24707 0.55566 -0.24805 0.59180 -0.35840 0.80566 -0.36523 0.34180 -0.24805 0.59180 -0.35840 0.55566 -0.24805 0.34180 -0.24805 0.15820 -0.35840 0.59180 -0.35840 0.33594 -0.00293 0.00293 -0.24805 0.00293 -0.05176 0.33594 -0.00293 0.34180 -0.24805 0.00293 -0.24805 0.55664 -0.00293 0.34180 -0.24805 0.33594 -0.00293 0.55664 -0.00293 0.55566 -0.24805 0.34180 -0.24805 0.84766 -0.00293 0.55566 -0.24805 0.55664 -0.00293 0.84766 -0.00293 0.86523 -0.24707 0.55566 -0.24805 0.55664 -0.00293 0.86523 -0.24707 0.84766 -0.00293 0.55664 -0.00293 0.55566 -0.24805 0.86523 -0.24707 0.33594 -0.00293 0.55566 -0.24805 0.55664 -0.00293 0.33594 -0.00293 0.34180 -0.24805 0.55566 -0.24805 0.00293 -0.05176 0.34180 -0.24805 0.33594 -0.00293 0.00293 -0.05176 0.00293 -0.24805 0.34180 -0.24805 0.15820 -0.35840 0.00293 -0.57715 0.00293 -0.34082 0.15820 -0.35840 0.17383 -0.57715 0.00293 -0.57715 0.59180 -0.35840 0.17383 -0.57715 0.15820 -0.35840 0.59180 -0.35840 0.59082 -0.57715 0.17383 -0.57715 0.80566 -0.36523 0.59082 -0.57715 0.59180 -0.35840 0.80566 -0.36523 0.80664 -0.57715 0.59082 -0.57715 0.59180 -0.35840 0.80664 -0.57715 0.80566 -0.36523 0.59180 -0.35840 0.59082 -0.57715 0.80664 -0.57715 0.15820 -0.35840 0.59082 -0.57715 0.59180 -0.35840 0.15820 -0.35840 0.17383 -0.57715 0.59082 -0.57715 0.00293 -0.34082 0.17383 -0.57715 0.15820 -0.35840 0.00293 -0.34082 0.00293 -0.57715 0.17383 -0.57715 0.01562 -0.60352 0.01855 -0.87402 0.01855 -0.60352 0.01562 -0.60352 0.01562 -0.87402 0.01855 -0.87402 0.01855 -0.60352 0.01562 -0.87402 0.01562 -0.60352 0.01855 -0.60352 0.01855 -0.87402 0.01562 -0.87402 0.02148 -0.60352 0.01855 -0.87402 0.01855 -0.60352 0.02148 -0.60352 0.02148 -0.87402 0.01855 -0.87402 0.01855 -0.60352 0.02148 -0.87402 0.02148 -0.60352 0.01855 -0.60352 0.01855 -0.87402 0.02148 -0.87402 0.99512 -0.18555 0.85547 -0.93652 0.84473 -0.41504 0.99512 -0.18555 0.98242 -0.99609 0.85547 -0.93652 0.84473 -0.41504 0.98242 -0.99609 0.99512 -0.18555 0.84473 -0.41504 0.85547 -0.93652 0.98242 -0.99609 0.01367 -0.75977 0.02148 -0.96582 0.01465 -0.96387 0.01367 -0.75977 0.02246 -0.75781 0.02148 -0.96582 0.01465 -0.60742 0.02246 -0.75781 0.01367 -0.75977 0.01465 -0.60742 0.02051 -0.60938 0.02246 -0.75781 0.01367 -0.75977 0.02148 -0.96582 0.01465 -0.96387 0.01367 -0.75977 0.02246 -0.75781 0.02148 -0.96582 0.01465 -0.60742 0.02246 -0.75781 0.01367 -0.75977 0.01465 -0.60742 0.02051 -0.60938 0.02246 -0.75781 0.01367 -0.75977 0.02148 -0.96582 0.01465 -0.96387 0.01367 -0.75977 0.02246 -0.75781 0.02148 -0.96582 0.01465 -0.60742 0.02246 -0.75781 0.01367 -0.75977 0.01465 -0.60742 0.02051 -0.60938 0.02246 -0.75781 0.01367 -0.75977 0.02148 -0.96582 0.01465 -0.96387 0.01367 -0.75977 0.02246 -0.75781 0.02148 -0.96582 0.01465 -0.60742 0.02246 -0.75781 0.01367 -0.75977 0.01465 -0.60742 0.02051 -0.60938 0.02246 -0.75781 0.01562 -0.87402 0.01855 -0.60352 0.01855 -0.87402 0.01562 -0.87402 0.01562 -0.60352 0.01855 -0.60352 0.01855 -0.87402 0.01562 -0.60352 0.01562 -0.87402 0.01855 -0.87402 0.01855 -0.60352 0.01562 -0.60352 0.02148 -0.87402 0.01855 -0.60352 0.01855 -0.87402 0.02148 -0.87402 0.02148 -0.60352 0.01855 -0.60352 0.01855 -0.87402 0.02148 -0.60352 0.02148 -0.87402 0.01855 -0.87402 0.01855 -0.60352 0.02148 -0.60352 0.98242 -0.99609 0.84473 -0.41504 0.85547 -0.93652 0.98242 -0.99609 0.99512 -0.18555 0.84473 -0.41504 0.85547 -0.93652 0.99512 -0.18555 0.98242 -0.99609 0.85547 -0.93652 0.84473 -0.41504 0.99512 -0.18555 0.02246 -0.75781 0.01465 -0.96387 0.02148 -0.96582 0.02246 -0.75781 0.01367 -0.75977 0.01465 -0.96387 0.02051 -0.60938 0.01367 -0.75977 0.02246 -0.75781 0.02051 -0.60938 0.01465 -0.60742 0.01367 -0.75977 0.02246 -0.75781 0.01465 -0.96387 0.02148 -0.96582 0.02246 -0.75781 0.01367 -0.75977 0.01465 -0.96387 0.02051 -0.60938 0.01367 -0.75977 0.02246 -0.75781 0.02051 -0.60938 0.01465 -0.60742 0.01367 -0.75977 0.02246 -0.75781 0.01465 -0.96387 0.02148 -0.96582 0.02246 -0.75781 0.01367 -0.75977 0.01465 -0.96387 0.02051 -0.60938 0.01367 -0.75977 0.02246 -0.75781 0.02051 -0.60938 0.01465 -0.60742 0.01367 -0.75977 0.02246 -0.75781 0.01465 -0.96387 0.02148 -0.96582 0.02246 -0.75781 0.01367 -0.75977 0.01465 -0.96387 0.02051 -0.60938 0.01367 -0.75977 0.02246 -0.75781 0.02051 -0.60938 0.01465 -0.60742 0.01367 -0.75977 0.18164 -0.68750 0.09375 -0.62012 0.18164 -0.62012 0.18164 -0.68750 0.09375 -0.68750 0.09375 -0.62012 0.17871 -0.69629 0.09375 -0.68750 0.18164 -0.68750 0.17871 -0.69629 0.09668 -0.69629 0.09375 -0.68750 0.18164 -0.86816 0.09668 -0.69629 0.17871 -0.69629 0.18164 -0.86816 0.09375 -0.86816 0.09668 -0.69629 0.58789 -0.95801 0.69434 -0.68750 0.78711 -0.83789 0.58789 -0.95801 0.41309 -0.99316 0.69434 -0.68750 0.15820 -0.35840 0.00293 -0.24805 0.34180 -0.24805 0.15820 -0.35840 0.00293 -0.34082 0.00293 -0.24805 0.12500 -0.95020 0.06348 -0.94531 0.06348 -0.98828 0.12500 -0.95020 0.06348 -0.91699 0.06348 -0.94531 0.41309 -0.99316 0.69434 -0.68750 0.41797 -0.83301 0.41309 -0.99316 0.58789 -0.95801 0.69434 -0.68750 0.15820 -0.35840 0.00293 -0.24805 0.00293 -0.34082 0.15820 -0.35840 0.34180 -0.24805 0.00293 -0.24805 0.08789 -0.78027 0.08789 -0.78223 0.08789 -0.78027 0.08789 -0.78027 0.08594 -0.78223 0.08789 -0.78223 0.08789 -0.78223 0.08789 -0.78027 0.08789 -0.78027 0.08789 -0.78223 0.08594 -0.78223 0.08789 -0.78027 0.57520 -0.98926 0.56055 -0.87500 0.64355 -0.82129 0.62891 -0.98926 0.72949 -0.94629 0.64355 -0.82129 0.74219 -0.77832 0.79395 -0.92969 0.32910 -0.85938 0.07715 -0.85742 0.07617 -0.61035 0.46094 -0.59961 0.57520 -0.98926 0.62891 -0.98926 0.64355 -0.82129 0.56055 -0.87500 0.72949 -0.94629 0.79395 -0.92969 0.74219 -0.77832 0.64355 -0.82129 0.32910 -0.85938 0.46094 -0.59961 0.07617 -0.61035 0.07715 -0.85742 0.08594 -0.77344 0.08594 -0.78223 0.08789 -0.78027 0.08789 -0.77344 0.15918 -0.79980 0.12109 -0.79980 0.12207 -0.74316 0.15820 -0.74316 0.08594 -0.76953 0.08887 -0.76953 0.08887 -0.74316 0.08594 -0.74316 0.08789 -0.77344 0.08789 -0.78027 0.08594 -0.78223 0.08594 -0.77344 0.25781 -1.00000 0.25781 -0.97266 0.23730 -0.97266 0.23828 -1.00000 0.12500 -0.95996 0.06348 -0.94531 0.06348 -0.97461 0.06348 -0.94531 0.12500 -0.96680 0.06348 -0.98828 0.06348 -0.94531 0.06348 -0.91699 0.12500 -0.91699 0.41309 -0.99316 0.41797 -0.83301 0.69434 -0.68750 0.46094 -0.59961 0.50000 -0.77734 0.32910 -0.85938 0.06348 -0.94531 0.12500 -0.95996 0.06348 -0.97461 0.78711 -0.83789 0.69434 -0.68750 0.58789 -0.95801 0.50000 -0.77734 0.46094 -0.59961 0.32910 -0.85938</float_array>
     <technique_common>
      <accessor count="392" offset="0" source="#weapon_B_3-lib-texcoords-array" stride="2">
       <param name="U" type="float"/>
       <param name="V" type="float"/>
      </accessor>
     </technique_common>
    </source>
    <vertices id="weapon_B_3-lib-vertices">
     <input semantic="POSITION" source="#weapon_B_3-lib-positions"/>
    </vertices>
    <polylist count="127" material="mat4.png">
     <input offset="0" semantic="VERTEX" source="#weapon_B_3-lib-vertices"/>
     <input offset="1" semantic="NORMAL" source="#weapon_B_3-lib-normals"/>
     <input offset="2" semantic="TEXCOORD" source="#weapon_B_3-lib-texcoords"/>
     <vcount>3 3 3 3 3 3 3 3 3 3 3 3 3 3 3 3 3 3 3 3 3 3 3 3 3 3 3 3 3 3 3 3 3 3 3 3 3 3 3 3 3 3 3 3 3 3 3 3 3 3 3 3 3 3 3 3 3 3 3 3 3 3 3 3 3 3 3 3 3 3 3 3 3 3 3 3 3 3 3 3 3 3 3 3 3 3 3 3 3 3 3 3 3 3 3 3 3 3 3 3 3 3 3 3 3 3 3 3 4 4 4 4 4 4 4 4 4 4 4 3 3 3 3 3 3 3 3</vcount>
     <p>2 2 2 1 1 1 0 0 0 1 5 5 3 4 4 0 3 3 0 8 8 3 7 7 4 6 6 3 11 11 5 10 10 4 9 9 4 14 14 5 13 13 6 12 12 5 17 17 7 16 16 6 15 15 6 20 20 7 19 19 8 18 18 7 23 23 9 22 22 8 21 21 12 26 26 11 25 25 10 24 24 11 29 29 2 28 28 10 27 27 10 32 32 2 31 31 13 30 30 2 35 35 0 34 34 13 33 33 13 38 38 0 37 37 14 36 36 0 41 41 4 40 40 14 39 39 14 44 44 4 43 43 15 42 42 4 47 47 6 46 46 15 45 45 15 50 50 6 49 49 16 48 48 6 53 53 8 52 52 16 51 51 16 56 56 8 55 55 12 54 54 8 59 59 11 58 58 12 57 57 18 62 62 17 61 61 1 60 60 17 65 65 19 64 64 1 63 63 1 68 68 19 67 67 3 66 66 19 71 71 20 70 70 3 69 69 3 74 74 20 73 73 5 72 72 20 77 77 21 76 76 5 75 75 5 80 80 21 79 79 7 78 78 21 83 83 22 82 82 7 81 81 7 86 86 22 85 85 9 84 84 22 89 89 23 88 88 9 87 87 9 92 92 23 91 91 18 90 90 23 95 95 17 94 94 18 93 93 26 98 98 25 97 97 24 96 96 25 101 101 27 100 100 24 99 99 24 104 104 27 103 103 28 102 102 27 107 107 29 106 106 28 105 105 28 110 110 29 109 109 30 108 108 29 113 113 31 112 112 30 111 111 30 116 116 31 115 115 26 114 114 31 119 119 25 118 118 26 117 117 34 122 122 33 121 121 32 120 120 33 125 125 35 124 124 32 123 123 32 128 128 35 127 127 36 126 126 35 131 131 37 130 130 36 129 129 40 134 134 39 133 133 38 132 132 39 137 137 41 136 136 38 135 135 38 140 140 41 139 139 42 138 138 41 143 143 43 142 142 42 141 141 39 146 146 44 145 145 41 144 144 44 149 149 45 148 148 41 147 147 41 152 152 45 151 151 43 150 150 45 155 155 46 154 154 43 153 153 44 158 158 47 157 157 45 156 156 47 161 161 48 160 160 45 159 159 45 164 164 48 163 163 46 162 162 48 167 167 49 166 166 46 165 165 47 170 170 40 169 169 48 168 168 40 173 173 38 172 172 48 171 171 48 176 176 38 175 175 49 174 174 38 179 179 42 178 178 49 177 177 52 182 182 51 181 181 50 180 180 51 185 185 53 184 184 50 183 183 50 188 188 53 187 187 54 186 186 53 191 191 55 190 190 54 189 189 54 194 194 55 193 193 56 192 192 55 197 197 57 196 196 56 195 195 56 200 200 57 199 199 52 198 198 57 203 203 51 202 202 52 201 201 60 206 206 59 205 205 58 204 204 59 209 209 61 208 208 58 207 207 58 212 212 61 211 211 62 210 210 61 215 215 63 214 214 62 213 213 66 218 218 65 217 217 64 216 216 65 221 221 67 220 220 64 219 219 64 224 224 67 223 223 68 222 222 67 227 227 69 226 226 68 225 225 71 230 230 66 229 229 70 228 228 66 233 233 64 232 232 70 231 231 70 236 236 64 235 235 72 234 234 64 239 239 68 238 238 72 237 237 74 242 242 71 241 241 73 240 240 71 245 245 70 244 244 73 243 243 73 248 248 70 247 247 75 246 246 70 251 251 72 250 250 75 249 249 65 254 254 74 253 253 67 252 252 74 257 257 73 256 256 67 255 255 67 260 260 73 259 259 69 258 258 73 263 263 75 262 262 69 261 261 78 265 266 77 264 265 76 264 264 77 268 269 79 267 268 76 266 267 76 269 272 79 269 271 80 269 270 79 270 275 81 270 274 80 270 273 80 272 278 81 271 277 82 271 276 81 275 281 83 274 280 82 273 279 86 278 284 85 277 283 84 276 282 85 281 287 87 280 286 84 279 285 2 284 290 11 283 289 1 282 288 11 287 293 18 286 292 1 285 291 90 290 296 89 289 295 88 288 294 89 293 299 91 292 298 88 291 297 94 296 302 93 295 301 92 294 300 93 299 305 95 298 304 92 297 303 18 302 308 11 301 307 9 300 306 11 305 311 8 304 310 9 303 309 79 308 314 77 307 313 81 306 312 77 311 317 96 310 316 81 309 315 76 314 320 80 313 319 78 312 318 80 317 323 97 316 322 78 315 321 100 321 327 87 320 326 99 319 325 98 318 324 102 325 331 84 324 330 87 323 329 101 322 328 105 328 335 104 327 334 103 327 333 99 326 332 108 332 339 92 331 338 107 330 337 106 329 336 92 336 343 95 335 342 110 334 341 109 333 340 112 339 347 111 339 346 94 338 345 108 337 344 83 343 351 81 342 350 96 341 349 113 340 348 114 344 355 113 344 354 96 344 353 97 344 352 97 346 359 96 346 358 77 345 357 78 345 356 114 350 363 97 349 362 80 348 361 82 347 360 83 353 367 113 352 366 114 352 365 82 351 364 117 356 370 116 355 369 115 354 368 117 359 373 115 358 372 118 357 371 115 362 376 116 361 375 118 360 374 85 365 379 105 364 378 87 363 377 99 368 382 87 367 381 105 366 380 90 370 385 88 370 384 91 369 383 95 373 388 93 372 387 119 371 386 108 376 391 94 375 390 92 374 389</p>
    </polylist>
   </mesh>
  </geometry>
  <geometry id="weapon_B_8-lib" name="weapon_B_8">
   <mesh>
    <source id="weapon_B_8-lib-positions" name="position">
     <float_array id="weapon_B_8-lib-positions-array" count="222">0.00000 23.13063 3.62224 0.00000 25.88216 3.68631 2.02661 24.80911 3.26011 -2.02661 24.80911 3.26011 -2.44360 17.95620 -1.68229 2.44360 17.95620 -1.68229 0.00000 18.00778 -3.66305 2.83154 17.90201 -0.11716 1.78980 17.81092 2.08177 0.00000 17.79749 2.77506 -1.78980 17.81092 2.08177 -2.83154 17.90201 -0.11716 2.83179 18.75090 -0.05673 0.00000 18.82805 -3.57485 2.53223 18.78764 -1.69897 1.79346 18.68689 2.13659 0.00000 18.67482 2.84581 -1.79346 18.68689 2.13659 -2.83179 18.75090 -0.05673 -2.53223 18.78764 -1.69897 -0.00024 27.14122 1.20533 -0.14722 26.34991 1.86009 -0.17505 26.84773 1.09653 -0.00024 26.59793 1.77921 0.14697 26.34991 1.86009 15.36771 26.92949 -0.29126 15.36763 24.87506 -2.34591 15.36764 22.82061 -0.29096 15.36772 24.87504 1.76370 0.47705 4.66082 1.38961 0.45068 4.67773 -2.56259 5.14502 4.67949 -2.60847 5.17139 4.66260 1.34349 0.47290 3.50955 1.39111 5.16748 3.51132 1.34499 5.14111 3.52823 -2.60721 0.44678 3.52646 -2.56109 0.06714 11.28018 -2.71113 5.16992 11.26534 -2.76166 5.18359 11.26698 1.49027 0.11157 11.28132 1.54102 0.11108 10.30531 1.53586 5.18310 10.29122 1.48512 5.16943 10.28958 -2.76705 0.06689 10.30416 -2.71629 10.34449 24.87460 1.76407 10.34418 22.82017 -0.29084 10.34416 24.87462 -2.34555 10.34448 26.92905 -0.29089 -15.36771 26.92949 -0.29101 -15.36772 24.87505 1.76394 -15.36764 22.82062 -0.29072 -15.36763 24.87506 -2.34567 -5.14502 4.67951 -2.60871 -0.45068 4.67773 -2.56259 -0.47705 4.66082 1.38961 -5.17139 4.66260 1.34349 -5.14111 3.52823 -2.60721 -5.16748 3.51132 1.34499 -0.47290 3.50955 1.39111 -0.44678 3.52646 -2.56109 -0.06714 11.28018 -2.71113 -0.11157 11.28132 1.54102 -5.18359 11.26698 1.49027 -5.16992 11.26534 -2.76166 -0.11108 10.30532 1.52754 -0.06689 10.30424 -2.18459 -5.16943 10.28941 -2.23537 -5.18310 10.29122 1.47681 -10.34449 24.87461 1.76431 -10.34448 26.92906 -0.29064 -10.34416 24.87463 -2.34555 -10.34418 22.82018 -0.29059 0.17480 26.84773 1.09653</float_array>
     <technique_common>
      <accessor count="74" source="#weapon_B_8-lib-positions-array" stride="3">
       <param name="X" type="float"/>
       <param name="Y" type="float"/>
       <param name="Z" type="float"/>
      </accessor>
     </technique_common>
    </source>
    <source id="weapon_B_8-lib-normals" name="normal">
     <float_array id="weapon_B_8-lib-normals-array" count="312">0.00000 -0.02328 0.99973 0.00000 -0.02328 0.99973 0.19415 -0.02284 0.98071 0.00000 -0.02328 0.99973 -0.19415 -0.02284 0.98071 0.00000 -0.02328 0.99973 -0.00091 -0.99942 -0.03415 0.00000 -0.99948 -0.03226 -0.00000 -0.99966 -0.02603 -0.00091 -0.99942 -0.03415 0.00102 -0.99928 -0.03804 0.00000 -0.99948 -0.03226 -0.00143 -0.99932 -0.03696 0.00102 -0.99928 -0.03804 -0.00091 -0.99942 -0.03415 -0.00091 -0.99942 -0.03415 -0.00135 -0.99939 -0.03485 -0.00143 -0.99932 -0.03696 -0.00091 -0.99942 -0.03415 0.00600 -0.99920 -0.03961 -0.00135 -0.99939 -0.03485 -0.00942 -0.99927 -0.03693 0.00600 -0.99920 -0.03961 -0.00091 -0.99942 -0.03415 -0.00469 0.99966 0.02570 0.00000 0.99970 0.02454 -0.00071 0.99975 0.02250 -0.00469 0.99966 0.02570 0.00009 0.99970 0.02468 0.00000 0.99970 0.02454 0.00000 0.99972 0.02386 0.00000 0.99970 0.02454 0.00009 0.99970 0.02468 0.00000 0.99972 0.02386 -0.00009 0.99970 0.02468 0.00000 0.99970 0.02454 0.00000 0.99970 0.02454 0.00469 0.99966 0.02570 0.00071 0.99975 0.02250 0.00000 0.99970 0.02454 -0.00009 0.99970 0.02468 0.00469 0.99966 0.02570 -0.83839 0.43140 0.33317 -0.37317 0.44487 0.81415 -0.86491 0.40546 0.29587 -0.83839 0.43140 0.33317 -0.48997 0.51880 0.70055 -0.37317 0.44487 0.81415 0.37310 0.44509 0.81406 0.64576 0.55448 0.52492 0.83802 0.43186 0.33350 0.37310 0.44509 0.81406 -0.37317 0.44487 0.81415 -0.48997 0.51880 0.70055 1.00000 -0.00002 -0.00002 1.00000 -0.00002 -0.00002 -0.00033 0.99999 0.00428 -0.00033 0.99999 0.00428 0.00034 -0.99999 -0.00428 0.00034 -0.99999 -0.00428 0.00034 -0.99999 -0.00428 0.00034 -0.99999 -0.00428 0.00286 1.00000 -0.00035 0.00286 1.00000 -0.00035 0.00286 1.00000 -0.00035 -0.00281 -1.00000 0.00035 -0.00281 -1.00000 0.00035 -0.00281 -1.00000 0.00035 -0.00281 -1.00000 0.00035 -1.00000 0.00007 0.00008 -1.00000 0.00007 0.00008 -1.00000 0.00007 0.00008 -1.00000 0.00007 0.00008 -1.00000 -0.00002 -0.00002 -1.00000 -0.00002 -0.00002 -1.00000 -0.00002 -0.00002 -1.00000 -0.00002 -0.00002 0.00034 0.99999 0.00428 0.00034 0.99999 0.00428 0.00034 0.99999 0.00428 0.00034 0.99999 0.00428 -0.00034 -0.99999 -0.00428 -0.00034 -0.99999 -0.00428 -0.00034 -0.99999 -0.00428 -0.00034 -0.99999 -0.00428 -0.00286 1.00000 -0.00035 -0.00286 1.00000 -0.00035 -0.00286 1.00000 -0.00035 0.00284 -1.00000 0.00041 0.00284 -1.00000 0.00041 0.00284 -1.00000 0.00041 0.00284 -1.00000 0.00041 1.00000 0.00007 0.00008 1.00000 0.00007 0.00008 1.00000 0.00007 0.00008 1.00000 0.00007 0.00008 0.00000 -0.83769 -0.54615 0.00000 -0.83769 -0.54615 0.83802 0.43186 0.33350 0.86461 0.40590 0.29615 0.37310 0.44509 0.81406</float_array>
     <technique_common>
      <accessor count="101" source="#weapon_B_8-lib-normals-array" stride="3">
       <param name="X" type="float"/>
       <param name="Y" type="float"/>
       <param name="Z" type="float"/>
      </accessor>
     </technique_common>
    </source>
    <source id="weapon_B_8-lib-texcoords">
     <float_array id="weapon_B_8-lib-texcoords-array" count="218">0.39648 -0.99219 0.38281 0.00391 0.98828 -0.50000 0.39648 -0.99219 0.98828 -0.50000 0.38281 0.00391 0.29297 -0.17969 0.16406 -0.20508 0.24219 -0.22852 0.29297 -0.17969 0.14258 -0.17773 0.16406 -0.20508 0.15430 -0.13086 0.14258 -0.17773 0.29297 -0.17969 0.29297 -0.17969 0.19727 -0.10742 0.15430 -0.13086 0.29297 -0.17969 0.15430 -0.13086 0.19727 -0.10742 0.14258 -0.17773 0.15430 -0.13086 0.29297 -0.17969 0.25781 -0.20117 0.15430 -0.14258 0.24609 -0.17383 0.25781 -0.20117 0.22461 -0.23828 0.15430 -0.14258 0.16016 -0.25195 0.15430 -0.14258 0.22461 -0.23828 0.16016 -0.25195 0.22461 -0.23828 0.15430 -0.14258 0.15430 -0.14258 0.25781 -0.20117 0.24609 -0.17383 0.15430 -0.14258 0.22461 -0.23828 0.25781 -0.20117 0.19922 -0.50000 0.00000 -1.00000 0.00000 -0.50000 0.19922 -0.50000 0.18359 -0.86328 0.00000 -1.00000 0.36914 -1.00000 0.18359 -0.86328 0.19922 -0.50000 0.36914 -1.00000 0.00000 -1.00000 0.18359 -0.86328 0.33008 -0.04297 0.33008 -0.33789 0.04688 -0.33789 0.04492 -0.04492 0.98633 -0.73047 0.98633 -0.73047 0.98633 -0.73047 0.98633 -0.73047 0.98633 -0.73047 0.98633 -0.73047 0.98633 -0.73047 0.98633 -0.73047 0.33008 -0.04297 0.33008 -0.33789 0.04883 -0.33594 0.04492 -0.05078 0.04492 -0.05078 0.04883 -0.33594 0.33008 -0.33789 0.33008 -0.04297 0.33008 -0.33789 0.04688 -0.33789 0.04492 -0.04492 0.33008 -0.04102 0.33008 -0.04297 0.04492 -0.04492 0.04688 -0.33789 0.33008 -0.33789 0.98633 -0.73047 0.98633 -0.73047 0.98633 -0.73047 0.98633 -0.73047 0.98633 -0.73047 0.98633 -0.73047 0.98633 -0.73047 0.98633 -0.73047 0.33008 -0.04297 0.04492 -0.05078 0.04883 -0.33594 0.33008 -0.33789 0.04492 -0.05078 0.33008 -0.04297 0.33008 -0.33789 0.04883 -0.33594 0.33008 -0.33789 0.33008 -0.04102 0.04492 -0.04492 0.04688 -0.33789 0.12305 -0.46484 0.12305 -0.46484 0.08984 -0.46484 0.08984 -0.46484 0.19922 -0.50000 0.36914 -0.50000 0.36914 -1.00000</float_array>
     <technique_common>
      <accessor count="109" offset="0" source="#weapon_B_8-lib-texcoords-array" stride="2">
       <param name="U" type="float"/>
       <param name="V" type="float"/>
      </accessor>
     </technique_common>
    </source>
    <vertices id="weapon_B_8-lib-vertices">
     <input semantic="POSITION" source="#weapon_B_8-lib-positions"/>
    </vertices>
    <polylist count="32" material="mat3.png">
     <input offset="0" semantic="VERTEX" source="#weapon_B_8-lib-vertices"/>
     <input offset="1" semantic="NORMAL" source="#weapon_B_8-lib-normals"/>
     <input offset="2" semantic="TEXCOORD" source="#weapon_B_8-lib-texcoords"/>
     <vcount>3 3 3 3 3 3 3 3 3 3 3 3 3 3 3 3 3 3 4 4 4 4 4 4 4 4 4 4 4 4 4 3</vcount>
     <p>2 2 2 1 1 1 0 0 0 1 5 5 3 4 4 0 3 3 6 8 8 5 7 7 4 6 6 5 11 11 7 10 10 4 9 9 4 14 14 7 13 13 8 12 12 8 17 17 9 16 16 4 15 15 9 20 20 10 19 19 4 18 18 4 23 23 10 22 22 11 21 21 14 26 26 13 25 25 12 24 24 13 29 29 15 28 28 12 27 27 15 32 32 13 31 31 16 30 30 13 35 35 17 34 34 16 33 33 19 38 38 18 37 37 13 36 36 18 41 41 17 40 40 13 39 39 22 44 44 21 43 43 20 42 42 21 47 47 23 46 46 20 45 45 20 50 50 23 49 49 24 48 48 23 53 53 21 52 52 24 51 51 28 55 57 27 54 56 26 54 55 25 54 54 32 57 61 31 57 60 30 57 59 29 56 58 36 61 65 35 60 64 34 59 63 33 58 62 40 64 69 39 63 68 38 63 67 37 62 66 44 68 73 43 67 72 42 66 71 41 65 70 48 72 77 47 71 76 46 70 75 45 69 74 52 76 81 51 75 80 50 74 79 49 73 78 56 80 85 55 79 84 54 78 83 53 77 82 60 84 89 59 83 88 58 82 87 57 81 86 64 87 93 63 87 92 62 86 91 61 85 90 68 91 97 67 90 96 66 89 95 65 88 94 72 95 101 71 94 100 70 93 99 69 92 98 24 97 105 21 97 104 22 96 103 73 96 102 24 100 108 73 99 107 20 98 106</p>
    </polylist>
   </mesh>
  </geometry>
  <geometry id="realb10-lib" name="realb10">
   <mesh>
    <source id="realb10-lib-positions" name="position">
     <float_array id="realb10-lib-positions-array" count="240">15.36764 22.82061 -0.29096 14.54069 24.87275 1.63729 15.36772 24.87504 1.76370 14.53960 22.96243 -0.28430 15.36763 24.87506 -2.34591 14.54221 24.87315 -2.24934 15.36771 26.92949 -0.29126 14.54313 26.84649 -0.28381 5.17139 4.66260 1.34349 0.47290 3.50955 1.39111 0.47705 4.66082 1.38961 5.16748 3.51132 1.34499 5.14502 4.67949 -2.60847 5.14111 3.52823 -2.60721 0.45068 4.67773 -2.56259 0.44678 3.52646 -2.56109 5.18310 10.29122 1.48512 5.16992 11.26534 -2.76166 5.16943 10.28958 -2.76705 5.18359 11.26698 1.49027 0.11108 10.30531 1.53586 0.11157 11.28132 1.54102 0.06689 10.30416 -2.71629 0.06714 11.28018 -2.71113 11.14991 22.82035 -0.29075 10.34449 24.87460 1.76407 11.14998 24.87478 1.76415 10.34418 22.82017 -0.29084 11.14990 24.87456 -2.34570 10.34416 24.87462 -2.34555 11.14997 26.92923 -0.29080 10.34448 26.92905 -0.29089 2.44360 17.95620 -1.68229 0.00000 18.82805 -3.57485 0.00000 18.00778 -3.66305 2.53223 18.78764 -1.69897 2.83154 17.90201 -0.11716 2.83179 18.75090 -0.05673 1.78980 17.81092 2.08177 1.79346 18.68689 2.13659 0.00000 17.79749 2.77506 0.00000 18.67482 2.84581 -1.78980 17.81092 2.08177 -1.79346 18.68689 2.13659 -2.83154 17.90201 -0.11716 -2.83179 18.75090 -0.05673 -2.44360 17.95620 -1.68229 -2.53223 18.78764 -1.69897 -14.53960 22.96244 -0.28405 -15.36772 24.87505 1.76394 -14.54069 24.87276 1.63753 -15.36764 22.82062 -0.29072 -14.54221 24.87316 -2.24910 -15.36763 24.87506 -2.34567 -14.54313 26.84650 -0.28381 -15.36771 26.92949 -0.29101 -5.16748 3.51132 1.34499 -0.47705 4.66082 1.38961 -0.47290 3.50955 1.39111 -5.17139 4.66260 1.34349 -5.14111 3.52823 -2.60721 -5.14502 4.67951 -2.60871 -0.44678 3.52646 -2.56109 -0.45068 4.67773 -2.56259 -5.18359 11.26698 1.49027 -5.16943 10.28941 -2.23537 -5.16992 11.26534 -2.76166 -5.18310 10.29122 1.47681 -0.11157 11.28132 1.54102 -0.11108 10.30532 1.52754 -0.06714 11.28018 -2.71113 -0.06689 10.30424 -2.18459 -10.34418 22.82018 -0.29059 -11.14999 24.87479 1.76415 -10.34449 24.87461 1.76431 -11.14991 22.82036 -0.29051 -10.34416 24.87463 -2.34555 -11.14990 24.87457 -2.34546 -10.34448 26.92906 -0.29064 -11.14997 26.92924 -0.29080</float_array>
     <technique_common>
      <accessor count="80" source="#realb10-lib-positions-array" stride="3">
       <param name="X" type="float"/>
       <param name="Y" type="float"/>
       <param name="Z" type="float"/>
      </accessor>
     </technique_common>
    </source>
    <source id="realb10-lib-normals" name="normal">
     <float_array id="realb10-lib-normals-array" count="720">-0.11313 -0.70420 0.70093 -0.10715 -0.70341 0.70266 -0.10552 -0.70320 0.70312 -0.11313 -0.70420 0.70093 -0.11501 -0.70444 0.70038 -0.10715 -0.70341 0.70266 -0.08863 -0.71222 -0.69634 -0.11797 -0.70391 -0.70042 -0.12581 -0.70157 -0.70140 -0.08863 -0.71222 -0.69634 -0.07966 -0.71462 -0.69497 -0.11797 -0.70391 -0.70042 -0.07850 0.70381 -0.70604 -0.08288 0.70447 -0.70488 -0.08406 0.70464 -0.70456 -0.07850 0.70381 -0.70604 -0.07721 0.70362 -0.70637 -0.08288 0.70447 -0.70488 -0.10188 0.69579 0.71098 -0.07263 0.70368 0.70679 -0.06466 0.70571 0.70554 -0.10188 0.69579 0.71098 -0.11076 0.69326 0.71212 -0.07263 0.70368 0.70679 0.00982 0.00127 0.99995 0.00982 0.00127 0.99995 0.00982 0.00127 0.99995 0.00982 0.00127 0.99995 0.00982 0.00127 0.99995 0.00982 0.00127 0.99995 0.99997 -0.00340 -0.00669 0.99997 -0.00340 -0.00669 0.99997 -0.00340 -0.00669 0.99997 -0.00340 -0.00669 0.99997 -0.00340 -0.00669 0.99997 -0.00340 -0.00669 -0.00982 -0.00124 -0.99995 -0.00978 -0.00109 -0.99995 -0.00977 -0.00106 -0.99995 -0.00982 -0.00124 -0.99995 -0.00982 -0.00127 -0.99995 -0.00978 -0.00109 -0.99995 -0.99997 0.00358 0.00664 -0.99997 0.00344 0.00667 -0.99997 0.00340 0.00669 -0.99997 0.00358 0.00664 -0.99997 0.00361 0.00663 -0.99997 0.00344 0.00667 0.99999 -0.00048 -0.00322 0.99999 -0.00048 -0.00321 0.99999 -0.00048 -0.00321 0.99999 -0.00048 -0.00322 0.99999 -0.00048 -0.00322 0.99999 -0.00048 -0.00321 0.00999 -0.00529 0.99994 0.00999 -0.00528 0.99994 0.00999 -0.00528 0.99994 0.00999 -0.00529 0.99994 0.00999 -0.00529 0.99994 0.00999 -0.00528 0.99994 -0.99995 0.00023 0.01044 -0.99995 0.00041 0.01040 -0.99995 0.00045 0.01039 -0.99995 0.00023 0.01044 -0.99995 0.00019 0.01045 -0.99995 0.00041 0.01040 -0.00989 0.00550 -0.99994 -0.00993 0.00532 -0.99994 -0.00993 0.00529 -0.99994 -0.00989 0.00550 -0.99994 -0.00989 0.00553 -0.99994 -0.00993 0.00532 -0.99994 0.00008 -0.70719 0.70703 0.00008 -0.70719 0.70703 0.00009 -0.70719 0.70703 0.00008 -0.70719 0.70703 0.00008 -0.70719 0.70703 0.00008 -0.70719 0.70703 -0.00012 -0.70717 -0.70705 0.00016 -0.70722 -0.70699 0.00024 -0.70723 -0.70698 -0.00012 -0.70717 -0.70705 -0.00019 -0.70715 -0.70706 0.00016 -0.70722 -0.70699 -0.00008 0.70715 -0.70707 -0.00008 0.70715 -0.70707 -0.00008 0.70715 -0.70707 -0.00008 0.70715 -0.70707 -0.00008 0.70715 -0.70707 -0.00008 0.70715 -0.70707 -0.00023 0.70719 0.70702 -0.00023 0.70719 0.70702 -0.00023 0.70719 0.70702 -0.00023 0.70719 0.70702 -0.00023 0.70719 0.70702 -0.00023 0.70719 0.70702 0.82766 -0.08520 -0.55472 0.62396 0.05699 -0.77938 0.62858 0.08315 -0.77329 0.82766 -0.08520 -0.55472 0.83637 -0.07977 -0.54234 0.62396 0.05699 -0.77938 0.99309 -0.02808 0.11391 0.83637 -0.07977 -0.54234 0.82766 -0.08520 -0.55472 0.99309 -0.02808 0.11391 0.99026 -0.01015 0.13884 0.83637 -0.07977 -0.54234 0.68351 -0.04846 0.72833 0.99026 -0.01015 0.13884 0.99309 -0.02808 0.11391 0.68351 -0.04846 0.72833 0.67764 -0.05101 0.73362 0.99026 -0.01015 0.13884 0.00257 -0.07817 0.99694 0.67764 -0.05101 0.73362 0.68351 -0.04846 0.72833 0.00257 -0.07817 0.99694 0.00247 -0.07815 0.99694 0.67764 -0.05101 0.73362 -0.68533 -0.05056 0.72648 0.00247 -0.07815 0.99694 0.00257 -0.07817 0.99694 -0.68533 -0.05056 0.72648 -0.67957 -0.04867 0.73200 0.00247 -0.07815 0.99694 -0.99571 -0.00684 0.09225 -0.67957 -0.04867 0.73200 -0.68533 -0.05056 0.72648 -0.99571 -0.00684 0.09225 -0.99267 -0.02772 0.11761 -0.67957 -0.04867 0.73200 -0.85048 -0.08139 -0.51968 -0.99267 -0.02772 0.11761 -0.99571 -0.00684 0.09225 -0.85048 -0.08139 -0.51968 -0.85623 -0.08691 -0.50923 -0.99267 -0.02772 0.11761 -0.60068 0.05784 -0.79740 -0.85623 -0.08691 -0.50923 -0.85048 -0.08139 -0.51968 -0.60068 0.05784 -0.79740 -0.59394 0.08601 -0.79990 -0.85623 -0.08691 -0.50923 0.11305 -0.70295 0.70220 0.10708 -0.70468 0.70140 0.10521 -0.70522 0.70114 0.11305 -0.70295 0.70220 0.11466 -0.70248 0.70241 0.10708 -0.70468 0.70140 0.08888 -0.70606 -0.70255 0.11830 -0.70996 -0.69423 0.12735 -0.71103 -0.69154 0.08888 -0.70606 -0.70255 0.08082 -0.70488 -0.70471 0.11830 -0.70996 -0.69423 0.07835 0.70472 -0.70515 0.08287 0.70353 -0.70582 0.08422 0.70317 -0.70601 0.07835 0.70472 -0.70515 0.07712 0.70504 -0.70496 0.08287 0.70353 -0.70582 0.10162 0.70191 0.70498 0.07258 0.69758 0.71282 0.06381 0.69615 0.71505 0.10162 0.70191 0.70498 0.10936 0.70295 0.70278 0.07258 0.69758 0.71282 -0.00982 0.00127 0.99995 -0.00982 0.00127 0.99995 -0.00982 0.00127 0.99995 -0.00982 0.00127 0.99995 -0.00982 0.00127 0.99995 -0.00982 0.00127 0.99995 -0.99997 -0.00340 -0.00669 -0.99997 -0.00340 -0.00669 -0.99997 -0.00340 -0.00669 -0.99997 -0.00340 -0.00669 -0.99997 -0.00340 -0.00669 -0.99997 -0.00340 -0.00669 0.00982 -0.00127 -0.99995 0.00982 -0.00127 -0.99995 0.00982 -0.00127 -0.99995 0.00982 -0.00127 -0.99995 0.00982 -0.00127 -0.99995 0.00982 -0.00127 -0.99995 0.99997 0.00358 0.00668 0.99997 0.00344 0.00664 0.99997 0.00340 0.00662 0.99997 0.00358 0.00668 0.99997 0.00361 0.00669 0.99997 0.00344 0.00664 -0.99999 -0.00074 -0.00361 -0.99999 -0.00201 -0.00327 -0.99999 -0.00223 -0.00321 -0.99999 -0.00074 -0.00361 -0.99999 -0.00045 -0.00368 -0.99999 -0.00201 -0.00327 -0.00996 -0.01381 0.99986 -0.00996 -0.01380 0.99986 -0.00997 -0.01380 0.99986 -0.00996 -0.01381 0.99986 -0.00996 -0.01381 0.99986 -0.00996 -0.01380 0.99986 0.99992 0.00534 0.01160 0.99994 0.00126 0.01066 0.99995 0.00036 0.01045 0.99992 0.00534 0.01160 0.99991 0.00667 0.01190 0.99994 0.00126 0.01066 0.01013 -0.47465 -0.88012 0.01010 -0.47477 -0.88005 0.01010 -0.47479 -0.88004 0.01013 -0.47465 -0.88012 0.01014 -0.47463 -0.88013 0.01010 -0.47477 -0.88005 -0.00012 -0.70715 0.70706 -0.00026 -0.70718 0.70703 -0.00030 -0.70719 0.70703 -0.00012 -0.70715 0.70706 -0.00008 -0.70715 0.70707 -0.00026 -0.70718 0.70703 -0.00006 -0.70723 -0.70699 -0.00020 -0.70720 -0.70701 -0.00023 -0.70719 -0.70702 -0.00006 -0.70723 -0.70699 -0.00003 -0.70723 -0.70698 -0.00020 -0.70720 -0.70701 0.00022 0.70712 -0.70709 -0.00006 0.70717 -0.70704 -0.00013 0.70719 -0.70703 0.00022 0.70712 -0.70709 0.00030 0.70710 -0.70711 -0.00006 0.70717 -0.70704 0.00002 0.70719 0.70702 0.00002 0.70719 0.70702 0.00002 0.70719 0.70702 0.00002 0.70719 0.70702 0.00002 0.70719 0.70702 0.00002 0.70719 0.70702</float_array>
     <technique_common>
      <accessor count="240" source="#realb10-lib-normals-array" stride="3">
       <param name="X" type="float"/>
       <param name="Y" type="float"/>
       <param name="Z" type="float"/>
      </accessor>
     </technique_common>
    </source>
    <source id="realb10-lib-texcoords">
     <float_array id="realb10-lib-texcoords-array" count="480">0.01562 1.26562 0.99609 -0.99609 0.01562 -1.00000 0.01562 1.26562 0.99609 1.26562 0.99609 -0.99609 0.01562 3.74609 0.99609 1.26562 0.01562 1.26562 0.01562 3.74609 0.99609 3.73828 0.99609 1.26562 0.01562 6.61719 0.99609 3.73828 0.01562 3.74609 0.01562 6.61719 0.99609 6.62109 0.99609 3.73828 0.01562 8.96484 0.99609 6.62109 0.01562 6.61719 0.01562 8.96484 0.99609 8.96484 0.99609 6.62109 0.00781 1.88281 0.94922 -3.06250 0.00781 -3.05469 0.00781 1.88281 0.94922 1.87891 0.94922 -3.06250 0.00781 4.08594 0.94922 1.87891 0.00781 1.88281 0.00781 4.08594 0.94922 4.08594 0.94922 1.87891 0.00781 7.92578 0.94922 4.08594 0.00781 4.08594 0.00781 7.92578 0.94922 7.93750 0.94922 4.08594 0.00781 10.13281 0.94922 7.93750 0.00781 7.92578 0.00781 10.13281 0.94922 10.14063 0.94922 7.93750 -0.98438 6.45312 -0.01172 8.88672 -0.98438 8.89453 -0.98438 6.45312 -0.01172 6.44531 -0.01172 8.88672 -0.98438 3.53906 -0.01172 6.44531 -0.98438 6.45312 -0.98438 3.53906 -0.01172 3.53125 -0.01172 6.44531 -0.98438 1.09766 -0.01172 3.53125 -0.98438 3.53125 -0.98438 1.09766 -0.01172 1.09766 -0.01172 3.53125 -0.98438 -1.82422 -0.01172 1.09766 -0.98438 1.09766 -0.98438 -1.82422 -0.01172 -1.82422 -0.01172 1.09766 0.01172 1.39453 0.99219 -1.00000 0.01172 -1.00000 0.01172 1.39453 0.99219 1.39453 0.99219 -1.00000 0.01172 3.78906 0.99219 1.39453 0.01172 1.39453 0.01172 3.78906 0.99219 3.78906 0.99219 1.39453 0.01172 6.68750 0.99219 3.78906 0.01172 3.78906 0.01172 6.68750 0.99219 6.68750 0.99219 3.78906 0.01172 8.98438 0.99219 6.68750 0.01172 6.68750 0.01172 8.98438 0.99219 8.98438 0.99219 6.68750 0.00000 3.22656 0.94922 5.72266 0.00000 5.70703 0.00000 3.22656 0.94922 3.26172 0.94922 5.72266 0.00000 1.50391 0.94922 3.26172 0.00000 3.22656 0.00000 1.50391 0.94922 1.50391 0.94922 3.26172 0.00000 -1.00781 0.94922 1.50391 0.00000 1.50391 0.00000 -1.00781 0.94922 -0.99219 0.94922 1.50391 0.00000 -3.03516 0.94922 -0.99219 0.00000 -1.00781 0.00000 -3.03516 0.94922 -3.00781 0.94922 -0.99219 0.00000 -1.00781 0.94922 -3.00781 0.00000 -3.03516 0.00000 -1.00781 0.94922 -0.99219 0.94922 -3.00781 0.00000 1.50391 0.94922 -0.99219 0.00000 -1.00781 0.00000 1.50391 0.94922 1.50391 0.94922 -0.99219 0.00000 3.22656 0.94922 1.50391 0.00000 1.50391 0.00000 3.22656 0.94922 3.26172 0.94922 1.50391 0.00000 5.70703 0.94922 3.26172 0.00000 3.22656 0.00000 5.70703 0.94922 5.72266 0.94922 3.26172 0.99609 1.26562 0.01562 -1.00000 0.99609 -0.99609 0.99609 1.26562 0.01562 1.26562 0.01562 -1.00000 0.99609 3.73828 0.01562 1.26562 0.99609 1.26562 0.99609 3.73828 0.01562 3.74609 0.01562 1.26562 0.99609 6.62109 0.01562 3.74609 0.99609 3.73828 0.99609 6.62109 0.01562 6.61719 0.01562 3.74609 0.99609 8.96484 0.01562 6.61719 0.99609 6.62109 0.99609 8.96484 0.01562 8.96484 0.01562 6.61719 0.94922 1.87891 0.00781 -3.05469 0.94922 -3.06250 0.94922 1.87891 0.00781 1.88281 0.00781 -3.05469 0.94922 4.08594 0.00781 1.88281 0.94922 1.87891 0.94922 4.08594 0.00781 4.08594 0.00781 1.88281 0.94922 7.93750 0.00781 4.08594 0.94922 4.08594 0.94922 7.93750 0.00781 7.92578 0.00781 4.08594 0.94922 10.14063 0.00781 7.92578 0.94922 7.93750 0.94922 10.14063 0.00781 10.13281 0.00781 7.92578 -0.01172 6.44531 -0.98438 8.89453 -0.01172 8.88672 -0.01172 6.44531 -0.98438 6.45312 -0.98438 8.89453 -0.01172 3.53125 -0.98438 6.45312 -0.01172 6.44531 -0.01172 3.53125 -0.98438 3.53906 -0.98438 6.45312 -0.01172 1.09766 -0.98438 3.53125 -0.01172 3.53125 -0.01172 1.09766 -0.98438 1.09766 -0.98438 3.53125 -0.01172 -1.82422 -0.98438 1.09766 -0.01172 1.09766 -0.01172 -1.82422 -0.98438 -1.82422 -0.98438 1.09766 0.99219 1.39453 0.01172 -1.00000 0.99219 -1.00000 0.99219 1.39453 0.01172 1.39453 0.01172 -1.00000 0.99219 3.78906 0.01172 1.39453 0.99219 1.39453 0.99219 3.78906 0.01172 3.78906 0.01172 1.39453 0.99219 6.68750 0.01172 3.78906 0.99219 3.78906 0.99219 6.68750 0.01172 6.68750 0.01172 3.78906 0.99219 8.98438 0.01172 6.68750 0.99219 6.68750 0.99219 8.98438 0.01172 8.98438 0.01172 6.68750</float_array>
     <technique_common>
      <accessor count="240" offset="0" source="#realb10-lib-texcoords-array" stride="2">
       <param name="U" type="float"/>
       <param name="V" type="float"/>
      </accessor>
     </technique_common>
    </source>
    <vertices id="realb10-lib-vertices">
     <input semantic="POSITION" source="#realb10-lib-positions"/>
    </vertices>
    <polylist count="80" material="mat2.png">
     <input offset="0" semantic="VERTEX" source="#realb10-lib-vertices"/>
     <input offset="1" semantic="NORMAL" source="#realb10-lib-normals"/>
     <input offset="2" semantic="TEXCOORD" source="#realb10-lib-texcoords"/>
     <vcount>3 3 3 3 3 3 3 3 3 3 3 3 3 3 3 3 3 3 3 3 3 3 3 3 3 3 3 3 3 3 3 3 3 3 3 3 3 3 3 3 3 3 3 3 3 3 3 3 3 3 3 3 3 3 3 3 3 3 3 3 3 3 3 3 3 3 3 3 3 3 3 3 3 3 3 3 3 3 3 3</vcount>
     <p>2 2 2 1 1 1 0 0 0 1 5 5 3 4 4 0 3 3 0 8 8 3 7 7 4 6 6 3 11 11 5 10 10 4 9 9 4 14 14 5 13 13 6 12 12 5 17 17 7 16 16 6 15 15 6 20 20 7 19 19 2 18 18 7 23 23 1 22 22 2 21 21 10 26 26 9 25 25 8 24 24 9 29 29 11 28 28 8 27 27 8 32 32 11 31 31 12 30 30 11 35 35 13 34 34 12 33 33 12 38 38 13 37 37 14 36 36 13 41 41 15 40 40 14 39 39 14 44 44 15 43 43 10 42 42 15 47 47 9 46 46 10 45 45 18 50 50 17 49 49 16 48 48 17 53 53 19 52 52 16 51 51 16 56 56 19 55 55 20 54 54 19 59 59 21 58 58 20 57 57 20 62 62 21 61 61 22 60 60 21 65 65 23 64 64 22 63 63 22 68 68 23 67 67 18 66 66 23 71 71 17 70 70 18 69 69 26 74 74 25 73 73 24 72 72 25 77 77 27 76 76 24 75 75 24 80 80 27 79 79 28 78 78 27 83 83 29 82 82 28 81 81 28 86 86 29 85 85 30 84 84 29 89 89 31 88 88 30 87 87 30 92 92 31 91 91 26 90 90 31 95 95 25 94 94 26 93 93 34 98 98 33 97 97 32 96 96 33 101 101 35 100 100 32 99 99 32 104 104 35 103 103 36 102 102 35 107 107 37 106 106 36 105 105 36 110 110 37 109 109 38 108 108 37 113 113 39 112 112 38 111 111 38 116 116 39 115 115 40 114 114 39 119 119 41 118 118 40 117 117 40 122 122 41 121 121 42 120 120 41 125 125 43 124 124 42 123 123 42 128 128 43 127 127 44 126 126 43 131 131 45 130 130 44 129 129 44 134 134 45 133 133 46 132 132 45 137 137 47 136 136 46 135 135 46 140 140 47 139 139 34 138 138 47 143 143 33 142 142 34 141 141 50 146 146 49 145 145 48 144 144 49 149 149 51 148 148 48 147 147 48 152 152 51 151 151 52 150 150 51 155 155 53 154 154 52 153 153 52 158 158 53 157 157 54 156 156 53 161 161 55 160 160 54 159 159 54 164 164 55 163 163 50 162 162 55 167 167 49 166 166 50 165 165 58 170 170 57 169 169 56 168 168 57 173 173 59 172 172 56 171 171 56 176 176 59 175 175 60 174 174 59 179 179 61 178 178 60 177 177 60 182 182 61 181 181 62 180 180 61 185 185 63 184 184 62 183 183 62 188 188 63 187 187 58 186 186 63 191 191 57 190 190 58 189 189 66 194 194 65 193 193 64 192 192 65 197 197 67 196 196 64 195 195 64 200 200 67 199 199 68 198 198 67 203 203 69 202 202 68 201 201 68 206 206 69 205 205 70 204 204 69 209 209 71 208 208 70 207 207 70 212 212 71 211 211 66 210 210 71 215 215 65 214 214 66 213 213 74 218 218 73 217 217 72 216 216 73 221 221 75 220 220 72 219 219 72 224 224 75 223 223 76 222 222 75 227 227 77 226 226 76 225 225 76 230 230 77 229 229 78 228 228 77 233 233 79 232 232 78 231 231 78 236 236 79 235 235 74 234 234 79 239 239 73 238 238 74 237 237</p>
    </polylist>
   </mesh>
  </geometry>
  <geometry id="realb10_1-lib" name="realb10_1">
   <mesh>
    <source id="realb10_1-lib-positions" name="position">
     <float_array id="realb10_1-lib-positions-array" count="330">0.00000 28.11565 1.45578 0.46802 29.00875 1.59713 0.84058 28.25246 0.93939 0.00000 29.05448 1.87275 -0.84058 28.25246 0.93939 -0.46802 29.00875 1.59713 0.00000 27.87756 -1.30975 1.15308 28.86906 -1.10301 0.00000 28.68410 -1.61906 1.29565 27.94050 -0.62008 0.00000 26.73401 -2.16172 1.81152 26.82319 -1.07606 2.58545 27.93187 -0.05880 2.71606 29.81466 -0.07765 3.20996 29.59638 -0.14131 2.01074 28.63062 0.01400 0.92456 27.48809 0.15470 0.82739 28.43364 0.16713 11.14998 24.87478 1.76415 12.76677 22.66259 -0.34666 11.14991 22.82035 -0.29075 12.76476 24.87384 1.92408 11.14997 26.92923 -0.29080 12.76190 27.07465 -0.34337 11.14990 24.87456 -2.34570 12.75889 24.87303 -2.62248 14.54221 24.87315 -2.24934 14.53960 22.96243 -0.28430 14.54313 26.84649 -0.28381 14.54069 24.87275 1.63729 4.03809 16.72402 1.10689 3.62402 15.58587 -1.43327 3.62280 15.58266 0.62875 4.05005 16.72794 -1.93388 3.77588 17.74800 0.79815 3.79395 17.74822 -1.55141 0.95190 16.68444 -1.93398 1.38135 15.54056 -1.43126 0.93799 16.67137 1.10928 1.37500 15.53294 0.62590 1.28442 17.70076 0.78418 1.27710 17.70069 -1.52825 -1.29565 27.94050 -0.62008 -1.15308 28.86906 -1.10301 -1.81152 26.82319 -1.07606 -2.01074 28.63062 0.01400 -3.20996 29.59638 -0.14131 -2.71606 29.81466 -0.07765 -2.58545 27.93187 -0.05880 -0.82739 28.43364 0.16713 -0.92456 27.48809 0.15470 -12.76476 24.87385 1.92432 -11.14991 22.82036 -0.29051 -12.76677 22.66260 -0.34642 -11.14999 24.87479 1.76415 -12.76190 27.07466 -0.34337 -11.14997 26.92924 -0.29080 -12.75889 24.87304 -2.62224 -11.14990 24.87457 -2.34546 -14.53960 22.96244 -0.28405 -14.54221 24.87316 -2.24910 -14.54313 26.84650 -0.28381 -14.54069 24.87276 1.63753 -4.05005 16.72794 -1.93388 -3.62280 15.58266 0.62875 -3.62402 15.58587 -1.43327 -4.03809 16.72402 1.10689 -3.79395 17.74822 -1.55141 -3.77588 17.74800 0.79815 -1.38135 15.54056 -1.43126 -0.95190 16.68444 -1.93398 -1.37500 15.53294 0.62590 -0.93799 16.67137 1.10928 -1.28442 17.70076 0.78418 -1.27710 17.70069 -1.52825 0.00000 27.86171 1.34160 0.84058 28.25320 0.93939 -0.84058 28.25320 0.93939 -0.84058 27.91092 0.93949 0.00000 26.76014 1.27234 0.51685 26.92243 1.05134 -0.51685 26.92243 1.05134 0.84058 27.91092 0.93949 1.07080 27.59979 0.60682 0.00000 26.01887 1.20936 0.00000 27.08788 0.79593 1.09717 26.63279 -0.31546 1.64526 26.72797 0.60951 0.76782 27.04767 1.03763 0.92432 26.66850 0.97842 0.19727 30.07487 2.32558 0.00000 30.11516 2.35706 -0.19727 30.07487 2.32558 0.00000 27.61453 -0.75304 0.00000 26.63055 -2.00567 -1.09717 26.63279 -0.31546 -1.07080 27.59979 0.60682 -0.76782 27.04767 1.03763 -1.64526 26.72797 0.60951 -0.92432 26.66850 0.97842 1.53149 29.53102 0.95856 1.15601 28.82131 0.93752 0.62524 27.70882 1.13046 0.61060 27.21811 1.13549 -1.53149 29.53102 0.95856 -1.15601 28.82131 0.93752 -0.62524 27.70882 1.13046 -0.61060 27.21811 1.13549 4.39233 30.18056 -0.29309 -4.39233 30.18056 -0.29309</float_array>
     <technique_common>
      <accessor count="110" source="#realb10_1-lib-positions-array" stride="3">
       <param name="X" type="float"/>
       <param name="Y" type="float"/>
       <param name="Z" type="float"/>
      </accessor>
     </technique_common>
    </source>
    <source id="realb10_1-lib-normals" name="normal">
     <float_array id="realb10_1-lib-normals-array" count="1116">0.51562 -0.36747 0.77401 0.48801 -0.38584 0.78293 0.77320 -0.19955 0.60195 0.51562 -0.36747 0.77401 -0.00800 -0.45717 0.88935 0.48801 -0.38584 0.78293 -0.76929 -0.19679 0.60784 -0.00800 -0.45717 0.88935 -0.53150 -0.34550 0.77339 -0.76929 -0.19679 0.60784 -0.44822 -0.44262 0.77665 -0.00800 -0.45717 0.88935 0.15024 0.32510 -0.93367 0.44472 -0.34482 -0.82664 -0.00942 -0.36707 -0.93015 0.15024 0.32510 -0.93367 0.47311 0.16567 -0.86529 0.44472 -0.34482 -0.82664 -0.00780 0.58779 -0.80897 0.47311 0.16567 -0.86529 0.15024 0.32510 -0.93367 -0.00780 0.58779 -0.80897 0.42580 0.50342 -0.75184 0.47311 0.16567 -0.86529 0.12726 0.00118 0.99187 0.12784 0.00062 0.99180 0.12788 0.00011 0.99179 0.12726 0.00118 0.99187 0.12727 0.00101 0.99187 0.12784 0.00062 0.99180 0.12787 0.00058 0.99179 0.12727 0.00101 0.99187 0.12726 0.00118 0.99187 0.12787 0.00058 0.99179 0.12831 0.00015 0.99173 0.12727 0.00101 0.99187 -0.06198 -0.71235 0.69909 0.02057 -0.71312 0.70074 -0.04451 -0.70649 0.70633 -0.06198 -0.71235 0.69909 0.01727 -0.71413 0.69980 0.02057 -0.71312 0.70074 -0.05014 0.71359 0.69876 0.02475 0.71386 0.69986 -0.06944 0.70549 0.70531 -0.05014 0.71359 0.69876 0.01984 0.71124 0.70267 0.02475 0.71386 0.69986 -0.10873 0.71149 -0.69423 0.00812 0.71509 -0.69898 -0.08653 0.70450 -0.70441 -0.10873 0.71149 -0.69423 0.00722 0.71507 -0.69902 0.00812 0.71509 -0.69898 -0.10195 -0.71074 -0.69603 0.01482 -0.71376 -0.70023 -0.12138 -0.70201 -0.70175 -0.10195 -0.71074 -0.69603 0.02376 -0.71708 -0.69659 0.01482 -0.71376 -0.70023 0.14433 -0.70956 -0.68970 0.02376 -0.71708 -0.69659 0.14427 -0.70954 -0.68974 0.14433 -0.70956 -0.68970 0.01482 -0.71376 -0.70023 0.02376 -0.71708 -0.69659 0.12505 0.70919 -0.69384 0.00722 0.71507 -0.69902 0.14661 0.69804 -0.70089 0.12505 0.70919 -0.69384 0.00812 0.71509 -0.69898 0.00722 0.71507 -0.69902 0.01727 -0.71413 0.69980 0.10148 -0.71041 0.69644 0.02057 -0.71312 0.70074 0.01727 -0.71413 0.69980 0.11269 -0.70470 0.70050 0.10148 -0.71041 0.69644 0.01984 0.71124 0.70267 0.09707 0.70781 0.69970 0.02475 0.71386 0.69986 0.01984 0.71124 0.70267 0.06523 0.69596 0.71511 0.09707 0.70781 0.69970 0.99924 -0.03877 0.00286 0.93793 -0.34682 0.00251 0.93973 -0.34193 0.00002 0.99924 -0.03877 0.00286 0.99877 -0.04925 0.00511 0.93793 -0.34682 0.00251 0.96886 0.24756 0.00480 0.99877 -0.04925 0.00511 0.99924 -0.03877 0.00286 0.96886 0.24756 0.00480 0.97054 0.24081 0.00749 0.99877 -0.04925 0.00511 0.00078 -0.01299 -0.99992 0.00606 -0.40250 -0.91540 -0.00410 -0.00661 -0.99997 0.00078 -0.01299 -0.99992 0.00726 -0.40005 -0.91647 0.00606 -0.40250 -0.91540 -0.99996 -0.00854 -0.00410 -0.93507 -0.35441 -0.00543 -0.99982 -0.01898 -0.00242 -0.99996 -0.00854 -0.00410 -0.93417 -0.35682 -0.00420 -0.93507 -0.35441 -0.00543 0.00160 -0.04622 0.99893 0.00734 -0.38859 0.92138 0.00742 -0.38840 0.92146 0.00160 -0.04622 0.99893 -0.00130 -0.03594 0.99935 0.00734 -0.38859 0.92138 -0.00566 0.29928 0.95415 -0.00130 -0.03594 0.99935 0.00160 -0.04622 0.99893 -0.00566 0.29928 0.95415 -0.01080 0.28612 0.95813 -0.00130 -0.03594 0.99935 -0.00721 0.36729 -0.93008 -0.00410 -0.00661 -0.99997 -0.01519 0.34762 -0.93751 -0.00721 0.36729 -0.93008 0.00078 -0.01299 -0.99992 -0.00410 -0.00661 -0.99997 -0.94901 0.31523 -0.00177 -0.99982 -0.01898 -0.00242 -0.95277 0.30368 0.00301 -0.94901 0.31523 -0.00177 -0.99996 -0.00854 -0.00410 -0.99982 -0.01898 -0.00242 -0.45210 0.15203 -0.87892 -0.00942 -0.36707 -0.93015 -0.42849 -0.36425 -0.82687 -0.45210 0.15203 -0.87892 -0.45743 -0.31842 -0.83028 -0.00942 -0.36707 -0.93015 -0.39983 0.51958 -0.75510 0.15024 0.32510 -0.93367 -0.45210 0.15203 -0.87892 -0.39983 0.51958 -0.75510 -0.00780 0.58779 -0.80897 0.15024 0.32510 -0.93367 -0.12775 0.00161 0.99180 -0.12768 0.00001 0.99182 -0.12792 0.00021 0.99178 -0.12775 0.00161 0.99180 -0.12755 0.00123 0.99183 -0.12768 0.00001 0.99182 -0.12762 0.00058 0.99182 -0.12755 0.00123 0.99183 -0.12775 0.00161 0.99180 -0.12762 0.00058 0.99182 -0.12748 0.00007 0.99184 -0.12755 0.00123 0.99183 -0.02336 -0.71305 0.70072 0.05303 -0.71271 0.69945 -0.02655 -0.71399 0.69966 -0.02336 -0.71305 0.70072 0.07037 -0.70539 0.70532 0.05303 -0.71271 0.69945 -0.00876 0.71408 0.70001 0.06026 0.71320 0.69836 -0.01361 0.71137 0.70268 -0.00876 0.71408 0.70001 0.04071 0.70661 0.70643 0.06026 0.71320 0.69836 -0.01627 0.71500 -0.69893 0.09705 0.71228 -0.69516 -0.01799 0.71487 -0.69902 -0.01627 0.71500 -0.69893 0.12009 0.70199 -0.70199 0.09705 0.71228 -0.69516 -0.01964 -0.71366 -0.70021 0.11179 -0.71003 -0.69524 -0.01102 -0.71726 -0.69672 -0.01964 -0.71366 -0.70021 0.09305 -0.70417 -0.70391 0.11179 -0.71003 -0.69524 -0.01102 -0.71726 -0.69672 -0.14430 -0.70957 -0.68970 -0.01964 -0.71366 -0.70021 -0.01102 -0.71726 -0.69672 -0.14437 -0.70953 -0.68973 -0.14430 -0.70957 -0.68970 -0.01799 0.71487 -0.69902 -0.13403 0.70833 -0.69304 -0.01627 0.71500 -0.69893 -0.01799 0.71487 -0.69902 -0.11334 0.70109 -0.70401 -0.13403 0.70833 -0.69304 -0.10614 -0.71005 0.69611 -0.02655 -0.71399 0.69966 -0.09472 -0.70602 0.70183 -0.10614 -0.71005 0.69611 -0.02336 -0.71305 0.70072 -0.02655 -0.71399 0.69966 -0.08365 0.70872 0.70051 -0.01361 0.71137 0.70268 -0.11538 0.69280 0.71184 -0.08365 0.70872 0.70051 -0.00876 0.71408 0.70001 -0.01361 0.71137 0.70268 -0.99878 -0.04938 0.00283 -0.93875 -0.34458 0.00251 -0.93694 -0.34950 0.00001 -0.99878 -0.04938 0.00283 -0.99923 -0.03894 0.00516 -0.93875 -0.34458 0.00251 -0.96986 0.24361 0.00479 -0.99923 -0.03894 0.00516 -0.99878 -0.04938 0.00283 -0.96986 0.24361 0.00479 -0.96817 0.25017 0.00747 -0.99923 -0.03894 0.00516 -0.00604 -0.40129 -0.91593 -0.00070 -0.00887 -0.99996 -0.00734 -0.40374 -0.91484 -0.00604 -0.40129 -0.91593 0.00378 -0.01503 -0.99988 -0.00070 -0.00887 -0.99996 0.93466 -0.35550 -0.00544 0.99978 -0.02055 -0.00414 0.93558 -0.35309 -0.00419 0.93466 -0.35550 -0.00544 0.99995 -0.01019 -0.00234 0.99978 -0.02055 -0.00414 -0.00145 -0.03755 0.99929 -0.00734 -0.38850 0.92142 -0.00743 -0.38868 0.92134 -0.00145 -0.03755 0.99929 0.00095 -0.04766 0.99886 -0.00734 -0.38850 0.92142 0.00554 0.29108 0.95668 0.00095 -0.04766 0.99886 -0.00145 -0.03755 0.99929 0.00554 0.29108 0.95668 0.01112 0.30454 0.95243 0.00095 -0.04766 0.99886 0.00378 -0.01503 -0.99988 0.00707 0.35507 -0.93481 -0.00070 -0.00887 -0.99996 0.00378 -0.01503 -0.99988 0.01561 0.37505 -0.92687 0.00707 0.35507 -0.93481 0.99995 -0.01019 -0.00234 0.95116 0.30869 -0.00182 0.99978 -0.02055 -0.00414 0.99995 -0.01019 -0.00234 0.94748 0.31981 0.00299 0.95116 0.30869 -0.00182 0.20052 -0.14214 0.96932 0.51562 -0.36747 0.77401 0.45592 -0.06712 0.88749 -0.51762 -0.28119 0.80808 -0.45592 -0.06712 0.88749 -0.53150 -0.34550 0.77339 -0.43228 -0.01672 0.90159 -0.45592 -0.06712 0.88749 -0.51762 -0.28119 0.80808 0.00000 -0.06275 0.99803 0.20052 -0.14214 0.96932 0.41811 -0.05022 0.90701 0.00000 -0.06275 0.99803 -0.41811 -0.05022 0.90701 0.20052 -0.14214 0.96932 0.43228 -0.01672 0.90159 0.20052 -0.14214 0.96932 0.45592 -0.06712 0.88749 0.43228 -0.01672 0.90159 0.41811 -0.05022 0.90701 0.20052 -0.14214 0.96932 -0.00772 0.36070 0.93265 0.00000 0.36071 0.93268 0.00000 0.36071 0.93268 0.81505 -0.38809 0.43021 0.81505 -0.38809 0.43021 0.81505 -0.38809 0.43021 0.81884 0.29807 0.49056 0.48478 0.03665 0.87387 0.77320 -0.19955 0.60195 0.81884 0.29807 0.49056 0.45192 0.04740 0.89080 0.48478 0.03665 0.87387 -0.00800 -0.45717 0.88935 0.13650 -0.42376 0.89543 0.48801 -0.38584 0.78293 -0.00800 -0.45717 0.88935 0.00000 -0.41536 0.90966 0.13650 -0.42376 0.89543 -0.13650 -0.42376 0.89543 0.00000 -0.41536 0.90966 -0.00800 -0.45717 0.88935 0.68400 0.55170 -0.47726 0.68085 0.54069 -0.49405 0.67414 0.51931 -0.52522 0.68400 0.55170 -0.47726 0.68876 0.57012 -0.44785 0.68085 0.54069 -0.49405 -0.68085 0.54069 -0.49405 -0.68876 0.57012 -0.44785 -0.68400 0.55170 -0.47726 -0.81505 -0.38809 0.43021 -0.81505 -0.38809 0.43021 -0.81505 -0.38809 0.43021 0.00772 0.36070 0.93265 0.00000 0.36071 0.93268 0.00000 0.36071 0.93268 -0.48478 0.03665 0.87387 -0.81884 0.29807 0.49056 -0.76929 -0.19679 0.60784 -0.48478 0.03665 0.87387 -0.45192 0.04740 0.89080 -0.81884 0.29807 0.49056 0.98617 -0.16564 -0.00529 0.98617 -0.16564 -0.00529 0.98621 0.12243 0.11132 0.89160 -0.31332 0.32692 0.57593 0.00943 0.81745 0.77320 -0.19955 0.60195 0.48478 0.03665 0.87387 0.57593 0.00943 0.81745 -0.01892 0.99982 -0.00001 -0.01892 0.99982 -0.00001 -0.01892 0.99982 -0.00001 0.81884 0.29807 0.49056 0.77320 -0.19955 0.60195 0.98621 0.12243 0.11132 0.90325 0.40481 0.14237 -0.98617 -0.16564 -0.00529 -0.89160 -0.31332 0.32692 -0.98621 0.12243 0.11132 -0.98617 -0.16564 -0.00529 -0.57593 0.00943 0.81745 -0.57593 0.00943 0.81745 -0.48478 0.03665 0.87387 -0.76929 -0.19679 0.60784 0.01892 0.99982 -0.00001 0.01892 0.99982 -0.00001 0.01892 0.99982 -0.00001 -0.81884 0.29807 0.49056 -0.90325 0.40481 0.14237 -0.98621 0.12243 0.11132 -0.76929 -0.19679 0.60784 0.98621 0.12243 0.11132 0.77320 -0.19955 0.60195 0.89160 -0.31332 0.32692 0.12788 0.00011 0.99179 0.12784 0.00062 0.99180 0.12759 -0.00055 0.99183 0.48801 -0.38584 0.78293 0.89160 -0.31332 0.32692 0.77320 -0.19955 0.60195 -0.43228 -0.01672 0.90159 0.20052 -0.14214 0.96932 -0.41811 -0.05022 0.90701 -0.76929 -0.19679 0.60784 -0.98621 0.12243 0.11132 -0.89160 -0.31332 0.32692 -0.13650 -0.42376 0.89543 -0.00800 -0.45717 0.88935 -0.44822 -0.44262 0.77665 -0.12792 0.00021 0.99178 -0.12768 0.00001 0.99182 -0.12759 -0.00055 0.99183 -0.68400 0.55170 -0.47726 -0.67414 0.51931 -0.52522 -0.68085 0.54069 -0.49405 -0.89160 -0.31332 0.32692 -0.44822 -0.44262 0.77665 -0.76929 -0.19679 0.60784</float_array>
     <technique_common>
      <accessor count="372" source="#realb10_1-lib-normals-array" stride="3">
       <param name="X" type="float"/>
       <param name="Y" type="float"/>
       <param name="Z" type="float"/>
      </accessor>
     </technique_common>
    </source>
    <source id="realb10_1-lib-texcoords">
     <float_array id="realb10_1-lib-texcoords-array" count="748">0.42773 -0.98926 0.62793 -0.57910 0.99512 -0.98926 0.42773 -0.98926 0.42773 -0.56836 0.62793 -0.57910 0.99512 -0.98926 0.42773 -0.56836 0.42773 -0.98926 0.99512 -0.98926 0.62793 -0.57910 0.42773 -0.56836 1.13477 -0.91016 1.12305 -0.88086 1.13477 -0.88086 1.13477 -0.91016 1.12305 -0.91016 1.12305 -0.88086 1.13477 -0.93652 1.12305 -0.91016 1.13477 -0.91016 1.13477 -0.93652 1.12207 -0.93652 1.12305 -0.91016 0.45605 -0.77246 0.45996 -0.71289 0.47266 -0.71973 0.45605 -0.77246 0.44141 -0.75098 0.45996 -0.71289 0.41211 -0.78711 0.44141 -0.75098 0.45605 -0.77246 0.41211 -0.78711 0.40918 -0.75684 0.44141 -0.75098 0.89160 -0.57422 0.96875 -0.44629 0.96094 -0.57324 0.89160 -0.57422 0.89160 -0.44824 0.96875 -0.44629 0.79785 -0.57324 0.89160 -0.44824 0.89160 -0.57422 0.79785 -0.57324 0.79102 -0.44629 0.89160 -0.44824 0.89062 -0.57422 0.79004 -0.44727 0.79688 -0.57324 0.89062 -0.57422 0.89062 -0.44824 0.79004 -0.44727 0.95996 -0.57324 0.89062 -0.44824 0.89062 -0.57422 0.95996 -0.57324 0.96777 -0.44629 0.89062 -0.44824 0.89062 -0.30273 0.96777 -0.44629 0.95410 -0.30371 0.89062 -0.30273 0.89062 -0.44824 0.96777 -0.44629 0.80078 -0.30371 0.89062 -0.44824 0.89062 -0.30273 0.80078 -0.30371 0.79004 -0.44727 0.89062 -0.44824 0.89160 -0.44824 0.95508 -0.30371 0.96875 -0.44629 0.89160 -0.44824 0.89160 -0.30273 0.95508 -0.30371 0.79102 -0.44629 0.89160 -0.30273 0.89160 -0.44824 0.79102 -0.44629 0.80176 -0.30371 0.89160 -0.30273 0.40820 -0.44727 0.69434 -0.56348 0.46191 -0.56348 0.40820 -0.44727 0.75195 -0.44727 0.69434 -0.56348 0.44336 -0.34570 0.75195 -0.44727 0.40820 -0.44727 0.44336 -0.34570 0.70801 -0.34570 0.75195 -0.44727 0.68652 -0.44922 0.70215 -0.56348 0.70508 -0.44922 0.68652 -0.44922 0.68945 -0.56348 0.70215 -0.56348 0.70508 -0.44922 0.68945 -0.56348 0.68652 -0.44922 0.70508 -0.44922 0.70215 -0.56348 0.68945 -0.56348 0.68652 -0.44922 0.70215 -0.56348 0.68945 -0.56348 0.68652 -0.44922 0.70508 -0.44922 0.70215 -0.56348 0.68848 -0.33496 0.70508 -0.44922 0.68652 -0.44922 0.68848 -0.33496 0.70312 -0.33496 0.70508 -0.44922 0.68848 -0.33496 0.70508 -0.44922 0.70312 -0.33496 0.68848 -0.33496 0.68652 -0.44922 0.70508 -0.44922 0.70312 -0.33496 0.68652 -0.44922 0.68848 -0.33496 0.70312 -0.33496 0.70508 -0.44922 0.68652 -0.44922 1.12305 -0.91016 1.13477 -0.88086 1.12305 -0.88086 1.12305 -0.91016 1.13477 -0.91016 1.13477 -0.88086 1.12207 -0.93652 1.13477 -0.91016 1.12305 -0.91016 1.12207 -0.93652 1.13477 -0.93652 1.13477 -0.91016 0.44141 -0.75098 0.47266 -0.71973 0.45996 -0.71289 0.44141 -0.75098 0.45605 -0.77246 0.47266 -0.71973 0.40918 -0.75684 0.45605 -0.77246 0.44141 -0.75098 0.40918 -0.75684 0.41211 -0.78711 0.45605 -0.77246 0.89160 -0.44824 0.96094 -0.57324 0.96875 -0.44629 0.89160 -0.44824 0.89160 -0.57422 0.96094 -0.57324 0.79102 -0.44629 0.89160 -0.57422 0.89160 -0.44824 0.79102 -0.44629 0.79785 -0.57324 0.89160 -0.57422 0.89062 -0.44824 0.79688 -0.57324 0.79004 -0.44727 0.89062 -0.44824 0.89062 -0.57422 0.79688 -0.57324 0.96777 -0.44629 0.89062 -0.57422 0.89062 -0.44824 0.96777 -0.44629 0.95996 -0.57324 0.89062 -0.57422 0.89062 -0.44824 0.95410 -0.30371 0.96777 -0.44629 0.89062 -0.44824 0.89062 -0.30273 0.95410 -0.30371 0.79004 -0.44727 0.89062 -0.30273 0.89062 -0.44824 0.79004 -0.44727 0.80078 -0.30371 0.89062 -0.30273 0.89160 -0.30273 0.96875 -0.44629 0.95508 -0.30371 0.89160 -0.30273 0.89160 -0.44824 0.96875 -0.44629 0.80176 -0.30371 0.89160 -0.44824 0.89160 -0.30273 0.80176 -0.30371 0.79102 -0.44629 0.89160 -0.44824 0.75195 -0.44727 0.46191 -0.56348 0.69434 -0.56348 0.75195 -0.44727 0.40820 -0.44727 0.46191 -0.56348 0.70801 -0.34570 0.40820 -0.44727 0.75195 -0.44727 0.70801 -0.34570 0.44336 -0.34570 0.40820 -0.44727 0.68945 -0.56348 0.70508 -0.44922 0.70215 -0.56348 0.68945 -0.56348 0.68652 -0.44922 0.70508 -0.44922 0.70215 -0.56348 0.68652 -0.44922 0.68945 -0.56348 0.70215 -0.56348 0.70508 -0.44922 0.68652 -0.44922 0.70508 -0.44922 0.68945 -0.56348 0.70215 -0.56348 0.70508 -0.44922 0.68652 -0.44922 0.68945 -0.56348 0.70312 -0.33496 0.68652 -0.44922 0.70508 -0.44922 0.70312 -0.33496 0.68848 -0.33496 0.68652 -0.44922 0.68652 -0.44922 0.70312 -0.33496 0.70508 -0.44922 0.68652 -0.44922 0.68848 -0.33496 0.70312 -0.33496 0.70508 -0.44922 0.68848 -0.33496 0.68652 -0.44922 0.70508 -0.44922 0.70312 -0.33496 0.68848 -0.33496 0.00879 -0.19434 0.00586 -0.00488 0.50098 -0.00391 0.00879 -0.19434 0.50098 -0.00391 0.00586 -0.00488 0.43750 -0.16211 0.50098 -0.00391 0.00879 -0.19434 0.00684 -0.66309 0.00879 -0.19434 0.29297 -0.61133 0.00684 -0.66309 0.29297 -0.61133 0.00879 -0.19434 0.43750 -0.16211 0.00879 -0.19434 0.50098 -0.00391 0.43750 -0.16211 0.29297 -0.61133 0.00879 -0.19434 0.97363 -0.00781 0.42969 -0.33594 0.48438 -0.10742 0.97363 -0.00781 0.99121 -0.20801 0.42969 -0.33594 0.18750 -0.97266 0.06152 -0.95117 0.06348 -0.80371 0.18750 -0.97266 0.07715 -0.97266 0.06152 -0.95117 0.08105 -0.91406 0.31641 -0.97559 0.05859 -0.97559 0.08105 -0.91406 0.31641 -0.91406 0.31641 -0.97559 0.31641 -0.97559 0.31641 -0.91406 0.08105 -0.91406 0.98828 -0.56348 0.91797 -0.59277 0.89062 -0.56348 0.98828 -0.56348 0.98633 -0.59277 0.91797 -0.59277 0.91797 -0.59277 0.98633 -0.59277 0.98828 -0.56348 0.97363 -0.00781 0.42969 -0.33594 0.99121 -0.20801 0.97363 -0.00781 0.48438 -0.10742 0.42969 -0.33594 0.06152 -0.95117 0.18750 -0.97266 0.06348 -0.80371 0.06152 -0.95117 0.07715 -0.97266 0.18750 -0.97266 0.13672 -0.66992 0.33203 -0.75586 0.29102 -0.85156 0.10352 -0.74902 0.04590 -0.87012 0.06348 -0.80371 0.06152 -0.95117 0.04590 -0.92383 0.77637 -0.56055 0.86328 -0.56152 0.86133 -0.57715 0.77637 -0.57617 0.18750 -0.97266 0.06348 -0.80371 0.29102 -0.85156 0.39160 -0.97070 0.13672 -0.66992 0.10352 -0.74902 0.29102 -0.85156 0.33203 -0.75586 0.04590 -0.87012 0.04590 -0.92383 0.06152 -0.95117 0.06348 -0.80371 0.77637 -0.56055 0.77637 -0.57617 0.86133 -0.57715 0.86328 -0.56152 0.18750 -0.97266 0.39160 -0.97070 0.29102 -0.85156 0.06348 -0.80371 0.29102 -0.85156 0.06348 -0.80371 0.10352 -0.74902 0.47266 -0.71973 0.45996 -0.71289 0.50391 -0.70117 0.62793 -0.57910 0.99609 -0.66309 0.99512 -0.98926 0.43750 -0.16211 0.00879 -0.19434 0.29297 -0.61133 0.06348 -0.80371 0.29102 -0.85156 0.10352 -0.74902 0.31641 -0.97559 0.08105 -0.91406 0.05859 -0.97559 0.45996 -0.71289 0.47266 -0.71973 0.50391 -0.70117 0.98828 -0.56348 0.89062 -0.56348 0.91797 -0.59277 0.99609 -0.66309 0.62793 -0.57910 0.99512 -0.98926</float_array>
     <technique_common>
      <accessor count="374" offset="0" source="#realb10_1-lib-texcoords-array" stride="2">
       <param name="U" type="float"/>
       <param name="V" type="float"/>
      </accessor>
     </technique_common>
    </source>
    <vertices id="realb10_1-lib-vertices">
     <input semantic="POSITION" source="#realb10_1-lib-positions"/>
    </vertices>
    <polylist count="122" material="mat1.png">
     <input offset="0" semantic="VERTEX" source="#realb10_1-lib-vertices"/>
     <input offset="1" semantic="NORMAL" source="#realb10_1-lib-normals"/>
     <input offset="2" semantic="TEXCOORD" source="#realb10_1-lib-texcoords"/>
     <vcount>3 3 3 3 3 3 3 3 3 3 3 3 3 3 3 3 3 3 3 3 3 3 3 3 3 3 3 3 3 3 3 3 3 3 3 3 3 3 3 3 3 3 3 3 3 3 3 3 3 3 3 3 3 3 3 3 3 3 3 3 3 3 3 3 3 3 3 3 3 3 3 3 3 3 3 3 3 3 3 3 3 3 3 3 3 3 3 3 3 3 3 3 3 3 3 3 3 3 3 3 3 3 3 3 3 4 4 4 4 4 4 4 4 3 3 3 3 3 3 3 3 3</vcount>
     <p>2 2 2 1 1 1 0 0 0 1 5 5 3 4 4 0 3 3 0 8 8 3 7 7 4 6 6 3 11 11 5 10 10 4 9 9 8 14 14 7 13 13 6 12 12 7 17 17 9 16 16 6 15 15 6 20 20 9 19 19 10 18 18 9 23 23 11 22 22 10 21 21 14 26 26 13 25 25 12 24 24 13 29 29 15 28 28 12 27 27 12 32 32 15 31 31 16 30 30 15 35 35 17 34 34 16 33 33 20 38 38 19 37 37 18 36 36 19 41 41 21 40 40 18 39 39 18 44 44 21 43 43 22 42 42 21 47 47 23 46 46 22 45 45 22 50 50 23 49 49 24 48 48 23 53 53 25 52 52 24 51 51 24 56 56 25 55 55 20 54 54 25 59 59 19 58 58 20 57 57 27 62 62 19 61 61 26 60 60 19 65 65 25 64 64 26 63 63 26 68 68 25 67 67 28 66 66 25 71 71 23 70 70 28 69 69 19 74 74 27 73 73 21 72 72 27 77 77 29 76 76 21 75 75 21 80 80 29 79 79 23 78 78 29 83 83 28 82 82 23 81 81 32 86 86 31 85 85 30 84 84 31 89 89 33 88 88 30 87 87 30 92 92 33 91 91 34 90 90 33 95 95 35 94 94 34 93 93 33 98 98 31 97 97 36 96 96 31 101 101 37 100 100 36 99 99 36 104 104 37 103 103 38 102 102 37 107 107 39 106 106 38 105 105 39 110 110 32 109 109 38 108 108 32 113 113 30 112 112 38 111 111 38 116 116 30 115 115 40 114 114 30 119 119 34 118 118 40 117 117 35 122 122 33 121 121 41 120 120 33 125 125 36 124 124 41 123 123 41 128 128 36 127 127 40 126 126 36 131 131 38 130 130 40 129 129 43 134 134 8 133 133 42 132 132 8 137 137 6 136 136 42 135 135 42 140 140 6 139 139 44 138 138 6 143 143 10 142 142 44 141 141 47 146 146 46 145 145 45 144 144 46 149 149 48 148 148 45 147 147 45 152 152 48 151 151 49 150 150 48 155 155 50 154 154 49 153 153 53 158 158 52 157 157 51 156 156 52 161 161 54 160 160 51 159 159 51 164 164 54 163 163 55 162 162 54 167 167 56 166 166 55 165 165 55 170 170 56 169 169 57 168 168 56 173 173 58 172 172 57 171 171 57 176 176 58 175 175 53 174 174 58 179 179 52 178 178 53 177 177 53 182 182 59 181 181 57 180 180 59 185 185 60 184 184 57 183 183 57 188 188 60 187 187 55 186 186 60 191 191 61 190 190 55 189 189 59 194 194 53 193 193 62 192 192 53 197 197 51 196 196 62 195 195 62 200 200 51 199 199 61 198 198 51 203 203 55 202 202 61 201 201 65 206 206 64 205 205 63 204 204 64 209 209 66 208 208 63 207 207 63 212 212 66 211 211 67 210 210 66 215 215 68 214 214 67 213 213 65 218 218 63 217 217 69 216 216 63 221 221 70 220 220 69 219 219 69 224 224 70 223 223 71 222 222 70 227 227 72 226 226 71 225 225 64 230 230 71 229 229 66 228 228 71 233 233 72 232 232 66 231 231 66 236 236 72 235 235 68 234 234 72 239 239 73 238 238 68 237 237 63 242 242 67 241 241 70 240 240 67 245 245 74 244 244 70 243 243 70 248 248 74 247 247 72 246 246 74 251 251 73 250 250 72 249 249 76 254 254 0 253 253 75 252 252 0 257 257 77 256 256 75 255 255 75 260 260 77 259 259 78 258 258 80 263 263 75 262 262 79 261 261 75 266 266 81 265 265 79 264 264 76 269 269 75 268 268 82 267 267 75 272 272 80 271 271 82 270 270 85 275 275 84 274 274 83 273 273 84 278 278 86 277 277 83 276 276 2 281 281 88 280 280 87 279 279 88 284 284 89 283 283 87 282 282 1 287 287 90 286 286 3 285 285 90 290 290 91 289 289 3 288 288 3 293 293 91 292 292 92 291 291 83 296 296 86 295 295 93 294 294 86 299 299 94 298 298 93 297 297 93 302 302 94 301 301 95 300 300 95 305 305 84 304 304 96 303 303 84 308 308 85 307 307 96 306 306 4 311 311 98 310 310 97 309 309 98 314 314 99 313 313 97 312 312 101 318 318 9 317 317 7 316 316 100 315 315 103 322 322 88 321 321 2 320 320 102 319 319 41 325 326 40 325 325 34 324 324 35 323 323 11 329 330 9 328 329 2 327 328 87 326 327 43 333 334 42 332 333 105 331 332 104 330 331 4 337 338 97 336 337 107 335 336 106 334 335 68 340 342 73 339 341 74 339 340 67 338 339 4 344 346 42 343 345 44 342 344 98 341 343 101 347 349 2 346 348 9 345 347 108 350 352 13 349 351 14 348 350 2 353 355 101 352 354 1 351 353 81 356 358 75 355 357 78 354 356 105 359 361 42 358 360 4 357 359 5 362 364 3 361 363 92 360 362 109 365 367 46 364 366 47 363 365 95 368 370 96 367 369 93 366 368 4 371 373 5 370 372 105 369 371</p>
    </polylist>
   </mesh>
  </geometry>
  <geometry id="realb10_2-lib" name="realb10_2">
   <mesh>
    <source id="realb10_2-lib-positions" name="position">
     <float_array id="realb10_2-lib-positions-array" count="567">0.00000 29.29079 -0.76060 1.24902 27.94051 -0.57858 0.77393 29.29129 0.13075 0.00000 27.87756 -1.30975 -0.77393 29.29129 0.13075 -1.24902 27.94051 -0.57858 0.00000 28.43133 1.46521 0.77612 27.91087 0.78226 0.00000 29.32161 1.13635 -0.77588 27.91087 0.78226 17.64233 25.08205 2.71005 15.56115 23.87423 2.06779 15.60458 25.09773 2.01778 17.58262 23.80319 2.76712 20.31429 24.99372 2.92350 20.25433 23.71485 2.98054 17.72540 23.81103 1.73191 15.44116 25.10768 1.13408 15.38595 23.86043 1.14947 17.79265 25.01845 1.64428 20.10343 23.73870 2.14737 20.16329 24.92673 2.05811 21.93226 25.68304 1.64355 21.94018 24.59003 -2.45470 21.93423 24.58387 1.60745 21.93208 25.68296 -2.34226 20.09530 25.71542 1.64233 20.09513 25.71534 -2.34347 18.62590 25.74121 1.64146 18.62572 25.74078 -2.34434 5.19678 6.04070 -2.81242 4.65088 10.35822 1.10808 4.73755 10.35996 -2.56108 4.90332 6.03391 1.23259 4.71948 4.32826 -2.39880 4.39673 4.32547 0.98465 0.36646 6.04123 -2.87867 0.45093 10.36160 -2.52308 0.86108 4.32595 -2.47499 0.73022 6.03471 1.20695 0.66724 10.36031 1.11407 1.37598 4.32457 0.99144 2.81811 0.04897 4.91179 5.25732 2.57078 2.46049 5.71899 0.04944 2.57600 2.82153 2.56762 3.95201 0.13013 0.04919 2.59797 0.48413 2.56859 2.51103 0.23364 0.05012 -2.27431 0.58301 2.57562 -2.46209 1.40796 3.65627 1.19871 1.25146 3.65038 -2.16814 2.78320 2.56975 -3.33102 2.66479 3.65233 -2.41424 4.98535 2.57879 -2.56854 4.06543 3.65770 -2.18108 4.19067 3.65578 1.16648 20.09703 24.61625 1.60623 18.63361 24.64769 -2.45685 18.62772 24.64183 1.60529 20.10322 24.62217 -2.45592 7.43600 27.20825 -0.38649 7.43568 22.89963 0.88935 7.43568 24.99421 1.99815 7.43573 22.43877 -0.38753 7.43613 24.95728 -2.92334 7.43593 22.85537 -1.66443 4.86141 26.70711 -0.42780 7.30891 24.62863 1.57055 4.91477 24.77778 1.21180 7.33983 27.09618 -0.41637 4.78354 24.70008 -1.98284 7.30974 24.71508 -2.64399 -17.58262 23.80320 2.76736 -15.60458 25.09774 2.01802 -15.56115 23.87424 2.06803 -17.64233 25.08206 2.71030 -20.25433 23.71486 2.98079 -20.31429 24.99373 2.92374 -17.79267 25.01847 1.64428 -15.38595 23.86044 1.14972 -15.44116 25.10769 1.13433 -17.72540 23.81104 1.73215 -20.16329 24.92674 2.05835 -20.10345 23.73871 2.14737 -21.93209 25.68297 -2.34226 -21.93423 24.58388 1.60745 -21.94018 24.59004 -2.45445 -21.93226 25.68305 1.64379 -20.09513 25.71535 -2.34323 -20.09530 25.71543 1.64257 -18.62572 25.74104 -2.34434 -18.62590 25.74122 1.64171 -4.90332 6.03391 1.23259 -4.73755 10.35996 -2.56108 -4.65088 10.35822 1.10808 -5.19678 6.04070 -2.81242 -4.39673 4.32547 0.98465 -4.71948 4.32826 -2.39880 -0.45093 10.36160 -2.52308 -0.36646 6.04123 -2.87867 -0.86108 4.32595 -2.47499 -0.66724 10.36031 1.11407 -0.73022 6.03471 1.20695 -1.37598 4.32457 0.99144 -2.82153 2.56762 3.95201 -5.71899 0.04944 2.57600 -5.25732 2.57078 2.46049 -2.81811 0.04897 4.91179 -0.48413 2.56859 2.51103 -0.13013 0.04919 2.59797 -0.58301 2.57562 -2.46209 -0.23364 0.05012 -2.27431 -1.25146 3.65038 -2.16814 -1.40796 3.65627 1.19871 -2.66479 3.65233 -2.41424 -2.78320 2.56975 -3.33102 -4.06543 3.65770 -2.18108 -4.98535 2.57879 -2.56854 -4.19067 3.65578 1.16648 -20.10322 24.62218 -2.45567 -18.62772 24.64184 1.60554 -18.63361 24.64770 -2.45661 -20.09703 24.61626 1.60647 -7.43573 22.43878 -0.38728 -7.43568 24.99422 1.99839 -7.43568 22.89964 0.88959 -7.43600 27.20826 -0.38625 -7.43593 22.85538 -1.66419 -7.43588 24.95728 -2.92310 -7.33983 27.09619 -0.41613 -4.91477 24.77779 1.21204 -7.30891 24.62864 1.57080 -4.86141 26.70712 -0.42755 -7.30974 24.71509 -2.64374 -4.78354 24.70009 -1.98259 2.75293 0.05011 -3.56831 0.00000 29.59158 0.11846 5.39136 0.05012 -2.33388 5.98089 27.26663 -0.41641 3.44020 26.04377 -1.13413 5.98150 26.56514 -1.93136 3.46848 26.05494 0.38246 5.98471 23.03993 -2.14289 5.98313 24.62213 -2.74882 5.98267 23.07468 1.15004 5.98245 24.62831 1.62664 5.98035 26.54890 0.82729 5.98203 25.07516 1.53016 5.98055 26.18318 1.09885 -2.75293 0.05011 -3.56855 -5.39136 0.05012 -2.33388 -3.44020 26.04378 -1.13389 -5.98089 27.26664 -0.41617 -5.98150 26.56515 -1.93111 -3.46848 26.05495 0.38270 -5.98055 26.18319 1.09910 -5.98203 25.07517 1.53041 -5.98471 23.03994 -2.14289 -5.98313 24.62214 -2.74858 -5.98035 26.54891 0.82754 -5.98268 23.07445 1.15029 -5.98245 24.62831 1.62664 15.32119 25.66455 1.29683 15.62118 23.66639 1.17695 15.62052 23.69965 -2.05646 15.31931 25.74888 -2.13192 4.35247 23.28786 1.46863 4.42160 24.43206 1.76598 4.19080 23.44382 -2.20066 4.27071 24.56225 -2.35443 5.03131 25.79871 -2.13748 5.02709 25.25611 -2.34997 4.74543 23.03877 -0.44193 5.04606 26.05692 1.24773 5.02724 25.54343 1.52685 -15.32119 25.66456 1.29707 -15.31931 25.74889 -2.13168 -15.62052 23.69966 -2.05622 -15.62118 23.66640 1.17719 -4.42160 24.43207 1.76622 -4.35247 23.28787 1.46887 -4.19080 23.44383 -2.20041 -4.27071 24.56226 -2.35418 -5.02709 25.25612 -2.34972 -5.03131 25.79872 -2.13724 -4.74543 23.03878 -0.44169 -5.04606 26.05693 1.24798 -5.02724 25.54344 1.52710</float_array>
     <technique_common>
      <accessor count="189" source="#realb10_2-lib-positions-array" stride="3">
       <param name="X" type="float"/>
       <param name="Y" type="float"/>
       <param name="Z" type="float"/>
      </accessor>
     </technique_common>
    </source>
    <source id="realb10_2-lib-normals" name="normal">
     <float_array id="realb10_2-lib-normals-array" count="2130">0.35530 0.72794 -0.58640 0.55178 0.41270 -0.72472 0.52304 0.80519 -0.27946 0.35530 0.72794 -0.58640 0.14761 0.44684 -0.88235 0.55178 0.41270 -0.72472 -0.51467 0.77633 -0.36391 -0.73165 0.24690 -0.63540 -0.73165 0.24690 -0.63540 -0.51467 0.77633 -0.36391 -0.40737 0.53279 -0.74175 0.14761 0.44684 -0.88235 0.75322 0.25982 0.60427 0.84339 0.21764 0.49124 0.83694 0.23468 0.49442 0.75322 0.25982 0.60427 0.71529 0.44718 0.53702 0.84339 0.21764 0.49124 -0.84393 0.21683 0.49068 -0.68938 0.47623 0.54586 -0.72679 0.23800 0.64431 -0.84393 0.21683 0.49068 -0.84906 0.22647 0.47730 -0.68938 0.47623 0.54586 -0.20098 0.05185 0.97822 -0.32218 0.05252 0.94522 -0.32092 0.05005 0.94578 -0.20098 0.05185 0.97822 -0.20315 0.05311 0.97771 -0.32218 0.05252 0.94522 -0.07796 0.04807 0.99580 -0.20315 0.05311 0.97771 -0.20098 0.05185 0.97822 -0.07796 0.04807 0.99580 -0.07796 0.04807 0.99580 -0.20315 0.05311 0.97771 0.19406 -0.07243 -0.97831 0.23148 -0.04035 -0.97200 0.24108 -0.02264 -0.97024 0.19406 -0.07243 -0.97831 0.18862 -0.08177 -0.97864 0.23148 -0.04035 -0.97200 0.16855 -0.08182 -0.98229 0.18862 -0.08177 -0.97864 0.19406 -0.07243 -0.97831 0.16855 -0.08182 -0.98229 0.16829 -0.08228 -0.98230 0.18862 -0.08177 -0.97864 1.00000 0.00271 0.00121 0.99998 0.00640 0.00022 1.00000 0.00174 0.00147 1.00000 0.00271 0.00121 0.99997 0.00742 -0.00005 0.99998 0.00640 0.00022 0.01759 0.99985 -0.00002 0.01762 0.99984 -0.00002 0.01762 0.99984 -0.00002 0.01759 0.99985 -0.00002 0.01749 0.99985 -0.00005 0.01762 0.99984 -0.00002 0.00443 0.99997 0.00589 0.01749 0.99985 -0.00005 0.01759 0.99985 -0.00002 0.00443 0.99997 0.00589 0.00414 0.99997 0.00594 0.01749 0.99985 -0.00005 0.99527 -0.07626 0.06026 0.99542 0.08329 0.04688 0.99426 0.10434 0.02354 0.99527 -0.07626 0.06026 0.99107 -0.10729 0.07915 0.99542 0.08329 0.04688 0.96185 -0.26313 0.07490 0.99107 -0.10729 0.07915 0.99527 -0.07626 0.06026 0.96185 -0.26313 0.07490 0.95115 -0.29517 0.09049 0.99107 -0.10729 0.07915 0.00752 -0.06466 -0.99788 0.00321 0.07011 -0.99753 -0.00880 0.08220 -0.99658 0.00752 -0.06466 -0.99788 0.01569 -0.08060 -0.99662 0.00321 0.07011 -0.99753 0.01459 -0.22844 -0.97345 0.01569 -0.08060 -0.99662 0.00752 -0.06466 -0.99788 0.01459 -0.22844 -0.97345 0.01931 -0.23983 -0.97062 0.01569 -0.08060 -0.99662 -0.98046 -0.17964 0.08018 -0.99730 -0.00102 0.07350 -0.99815 -0.01326 0.05936 -0.98046 -0.17964 0.08018 -0.98611 -0.12791 0.10599 -0.99730 -0.00102 0.07350 -0.93836 -0.33157 0.09770 -0.98611 -0.12791 0.10599 -0.98046 -0.17964 0.08018 -0.93836 -0.33157 0.09770 -0.95947 -0.24316 0.14242 -0.98611 -0.12791 0.10599 -0.00418 -0.05186 0.99865 -0.00222 0.02521 0.99968 0.00152 0.02887 0.99958 -0.00418 -0.05186 0.99865 -0.00382 -0.04462 0.99900 -0.00222 0.02521 0.99968 -0.00412 -0.13767 0.99047 -0.00382 -0.04462 0.99900 -0.00418 -0.05186 0.99865 -0.00412 -0.13767 0.99047 0.00227 -0.12419 0.99226 -0.00382 -0.04462 0.99900 0.55776 0.23444 0.79620 0.76172 0.50820 0.40189 0.90373 0.17628 0.39011 0.55776 0.23444 0.79620 0.25119 0.69427 0.67446 0.76172 0.50820 0.40189 -0.88466 0.18399 0.42840 -0.58922 0.21024 0.78014 -0.62661 0.27826 0.72797 -0.88466 0.18399 0.42840 -0.76110 0.46627 0.45091 -0.58922 0.21024 0.78014 -0.99045 0.13642 -0.01995 -0.76110 0.46627 0.45091 -0.88466 0.18399 0.42840 -0.99045 0.13642 -0.01995 -0.93935 0.34294 0.00139 -0.76110 0.46627 0.45091 -0.93935 0.34294 0.00139 -0.52017 0.82555 0.21882 -0.76110 0.46627 0.45091 -0.93935 0.34294 0.00139 -0.85324 0.52008 0.03875 -0.52017 0.82555 0.21882 0.00339 0.35052 -0.93655 -0.26794 0.50388 -0.82117 -0.38871 0.20401 -0.89849 0.00339 0.35052 -0.93655 0.03464 0.61980 -0.78400 -0.26794 0.50388 -0.82117 0.72830 0.38409 -0.56749 0.03464 0.61980 -0.78400 0.00339 0.35052 -0.93655 0.72830 0.38409 -0.56749 0.14565 0.44204 -0.88509 0.03464 0.61980 -0.78400 0.76172 0.50820 0.40189 0.74918 0.66130 -0.03752 0.72830 0.38409 -0.56749 0.76172 0.50820 0.40189 0.48197 0.85211 0.20399 0.74918 0.66130 -0.03752 -0.01751 -0.99985 -0.00148 0.13821 -0.99040 -0.00340 0.13799 -0.99043 -0.00339 -0.01751 -0.99985 -0.00148 -0.01744 -0.99985 -0.00151 0.13821 -0.99040 -0.00340 -0.01759 -0.99984 -0.00150 -0.01744 -0.99985 -0.00151 -0.01751 -0.99985 -0.00148 -0.01759 -0.99984 -0.00150 -0.01749 -0.99985 -0.00154 -0.01744 -0.99985 -0.00151 0.00242 0.10235 -0.99475 -0.04426 0.06291 -0.99704 -0.04708 0.06053 -0.99706 0.00242 0.10235 -0.99475 0.00241 0.10234 -0.99475 -0.04426 0.06291 -0.99704 0.00246 0.10235 -0.99475 0.00241 0.10234 -0.99475 0.00242 0.10235 -0.99475 0.00246 0.10235 -0.99475 0.00246 0.10236 -0.99474 0.00241 0.10234 -0.99475 -0.00122 -0.03284 0.99946 -0.06006 -0.04487 0.99719 -0.05535 -0.04393 0.99750 -0.00122 -0.03284 0.99946 -0.00122 -0.03283 0.99946 -0.06006 -0.04487 0.99719 -0.00124 -0.03283 0.99946 -0.00122 -0.03283 0.99946 -0.00122 -0.03284 0.99946 -0.00124 -0.03283 0.99946 -0.00124 -0.03283 0.99946 -0.00122 -0.03283 0.99946 1.00000 -0.00005 0.00009 1.00000 -0.00005 0.00007 1.00000 -0.00005 0.00009 1.00000 -0.00005 0.00009 1.00000 -0.00005 0.00009 1.00000 -0.00005 0.00007 1.00000 -0.00005 0.00011 1.00000 -0.00005 0.00009 1.00000 -0.00005 0.00009 1.00000 -0.00005 0.00011 1.00000 -0.00000 0.00015 1.00000 -0.00005 0.00009 -0.09023 0.63299 0.76888 -0.08773 0.63479 0.76769 -0.07387 0.64462 0.76093 -0.09023 0.63299 0.76888 -0.10164 0.62470 0.77422 -0.08773 0.63479 0.76769 -0.15073 0.64856 -0.74609 -0.14301 0.64393 -0.75160 -0.09247 0.61209 -0.78537 -0.15073 0.64856 -0.74609 -0.19127 0.67185 -0.71556 -0.14301 0.64393 -0.75160 0.20187 0.05187 0.97804 0.32351 0.05255 0.94476 0.32495 0.05014 0.94440 0.20187 0.05187 0.97804 0.19963 0.05298 0.97844 0.32351 0.05255 0.94476 0.07796 0.04807 0.99580 0.19963 0.05298 0.97844 0.20187 0.05187 0.97804 0.07796 0.04807 0.99580 0.07796 0.04807 0.99580 0.19963 0.05298 0.97844 -0.19962 -0.07289 -0.97716 -0.21956 -0.04000 -0.97478 -0.21111 -0.02140 -0.97723 -0.19962 -0.07289 -0.97716 -0.20430 -0.08255 -0.97542 -0.21956 -0.04000 -0.97478 -0.16884 -0.08174 -0.98225 -0.20430 -0.08255 -0.97542 -0.19962 -0.07289 -0.97716 -0.16884 -0.08174 -0.98225 -0.16900 -0.08211 -0.98219 -0.20430 -0.08255 -0.97542 -0.99998 0.00636 0.00123 -1.00000 0.00271 0.00021 -0.99997 0.00725 0.00148 -0.99998 0.00636 0.00123 -1.00000 0.00179 -0.00004 -1.00000 0.00271 0.00021 -0.01755 0.99985 -0.00002 -0.01762 0.99984 -0.00002 -0.01762 0.99984 -0.00002 -0.01755 0.99985 -0.00002 -0.01758 0.99985 -0.00003 -0.01762 0.99984 -0.00002 -0.00422 0.99997 0.00600 -0.01758 0.99985 -0.00003 -0.01755 0.99985 -0.00002 -0.00422 0.99997 0.00600 -0.00443 0.99997 0.00590 -0.01758 0.99985 -0.00003 -0.99301 -0.10139 0.06040 -0.99576 0.07922 0.04683 -0.99798 0.05894 0.02360 -0.99301 -0.10139 0.06040 -0.99443 -0.06958 0.07912 -0.99576 0.07922 0.04683 -0.95678 -0.28108 0.07463 -0.99443 -0.06958 0.07912 -0.99301 -0.10139 0.06040 -0.95678 -0.28108 0.07463 -0.96473 -0.24671 0.09182 -0.99443 -0.06958 0.07912 -0.00771 -0.07659 -0.99703 -0.00322 0.07033 -0.99752 0.00883 0.05715 -0.99833 -0.00771 -0.07659 -0.99703 -0.01564 -0.05991 -0.99808 -0.00322 0.07033 -0.99752 -0.01457 -0.23523 -0.97183 -0.01564 -0.05991 -0.99808 -0.00771 -0.07659 -0.99703 -0.01457 -0.23523 -0.97183 -0.01938 -0.22374 -0.97446 -0.01564 -0.05991 -0.99808 0.98918 -0.12242 0.08084 0.99729 0.00147 0.07354 0.99813 0.01463 0.05937 0.98918 -0.12242 0.08084 0.97938 -0.17194 0.10607 0.99729 0.00147 0.07354 0.95333 -0.28540 0.09857 0.97938 -0.17194 0.10607 0.98918 -0.12242 0.08084 0.95333 -0.28540 0.09857 0.92094 -0.36497 0.13665 0.97938 -0.17194 0.10607 0.00409 -0.04105 0.99915 0.00222 0.02487 0.99969 -0.00152 0.02149 0.99977 0.00409 -0.04105 0.99915 0.00365 -0.04832 0.99883 0.00222 0.02487 0.99969 0.00414 -0.13131 0.99133 0.00365 -0.04832 0.99883 0.00409 -0.04105 0.99915 0.00414 -0.13131 0.99133 -0.00227 -0.14428 0.98953 0.00365 -0.04832 0.99883 -0.37697 0.54864 0.74625 -0.88504 0.21130 0.41481 -0.45081 0.50316 0.73729 -0.37697 0.54864 0.74625 -0.60135 0.28380 0.74689 -0.88504 0.21130 0.41481 0.76608 0.48483 0.42198 0.57522 0.21831 0.78833 0.36758 0.57146 0.73370 0.76608 0.48483 0.42198 0.90664 0.14061 0.39778 0.57522 0.21831 0.78833 0.94324 0.33158 -0.01884 0.90664 0.14061 0.39778 0.76608 0.48483 0.42198 0.94324 0.33158 -0.01884 0.99056 0.13547 -0.02102 0.90664 0.14061 0.39778 0.83129 0.55578 -0.00783 0.76608 0.48483 0.42198 0.48804 0.83976 0.23794 0.83129 0.55578 -0.00783 0.94324 0.33158 -0.01884 0.76608 0.48483 0.42198 0.07907 0.60110 -0.79525 0.35162 0.22787 -0.90799 0.16102 0.35230 -0.92193 0.07907 0.60110 -0.79525 0.02634 0.34957 -0.93654 0.35162 0.22787 -0.90799 -0.52472 0.68767 -0.50178 0.02634 0.34957 -0.93654 0.07907 0.60110 -0.79525 -0.52472 0.68767 -0.50178 -0.73827 0.37497 -0.56067 0.02634 0.34957 -0.93654 -0.48936 0.84905 0.19907 -0.73827 0.37497 -0.56067 -0.52472 0.68767 -0.50178 -0.48936 0.84905 0.19907 -0.93495 0.35058 -0.05437 -0.73827 0.37497 -0.56067 0.01743 -0.99985 -0.00148 -0.13800 -0.99043 -0.00340 -0.13821 -0.99040 -0.00339 0.01743 -0.99985 -0.00148 0.01750 -0.99985 -0.00151 -0.13800 -0.99043 -0.00340 0.01753 -0.99985 -0.00150 0.01750 -0.99985 -0.00151 0.01743 -0.99985 -0.00148 0.01753 -0.99985 -0.00150 0.01762 -0.99984 -0.00154 0.01750 -0.99985 -0.00151 -0.00240 0.10230 -0.99475 0.04706 0.06038 -0.99707 0.04421 0.06275 -0.99705 -0.00240 0.10230 -0.99475 -0.00239 0.10230 -0.99475 0.04706 0.06038 -0.99707 -0.00241 0.10221 -0.99476 -0.00239 0.10230 -0.99475 -0.00240 0.10230 -0.99475 -0.00241 0.10221 -0.99476 -0.00245 0.10214 -0.99477 -0.00239 0.10230 -0.99475 0.00115 -0.03284 0.99946 0.05536 -0.04392 0.99750 0.06007 -0.04488 0.99718 0.00115 -0.03284 0.99946 0.00116 -0.03287 0.99946 0.05536 -0.04392 0.99750 0.00120 -0.03297 0.99946 0.00116 -0.03287 0.99946 0.00115 -0.03284 0.99946 0.00120 -0.03297 0.99946 0.00125 -0.03305 0.99945 0.00116 -0.03287 0.99946 -1.00000 -0.00005 0.00010 -1.00000 -0.00005 0.00008 -1.00000 -0.00003 0.00005 -1.00000 -0.00005 0.00010 -1.00000 -0.00004 0.00005 -1.00000 -0.00005 0.00008 -1.00000 -0.00004 0.00008 -1.00000 -0.00004 0.00005 -1.00000 -0.00005 0.00010 -1.00000 -0.00004 0.00008 -1.00000 -0.00000 -0.00004 -1.00000 -0.00004 0.00005 0.09122 0.63446 0.76755 0.08875 0.63295 0.76909 0.07730 0.62588 0.77608 0.09122 0.63446 0.76755 0.10434 0.64236 0.75927 0.08875 0.63295 0.76909 0.15500 0.64347 -0.74962 0.14701 0.64939 -0.74611 0.10344 0.68021 -0.72568 0.15500 0.64347 -0.74962 0.20507 0.60441 -0.76983 0.14701 0.64939 -0.74611 0.03616 0.99785 -0.05468 0.03451 0.99935 -0.00997 0.03696 0.99931 0.00442 0.03616 0.99785 -0.05468 0.03555 0.99742 -0.06237 0.03451 0.99935 -0.00997 -0.02724 -0.99955 0.01259 -0.02983 -0.99950 -0.01047 -0.02608 -0.99946 0.02000 -0.02724 -0.99955 0.01259 -0.03038 -0.99943 -0.01466 -0.02983 -0.99950 -0.01047 -0.38871 0.20401 -0.89849 -0.02210 0.04052 -0.99893 0.00339 0.35052 -0.93655 -0.38871 0.20401 -0.89849 -0.45689 -0.00293 -0.88952 -0.02210 0.04052 -0.99893 0.48197 0.85211 0.20399 0.25119 0.69427 0.67446 -0.52017 0.82555 0.21882 0.48197 0.85211 0.20399 0.76172 0.50820 0.40189 0.25119 0.69427 0.67446 0.00000 0.99937 -0.03555 0.35530 0.72794 -0.58640 0.52304 0.80519 -0.27946 0.00000 0.99937 -0.03555 -0.51467 0.77633 -0.36391 0.35530 0.72794 -0.58640 -0.68938 0.47623 0.54586 -0.51467 0.77633 -0.36391 0.00000 0.99937 -0.03555 0.72830 0.38409 -0.56749 -0.02210 0.04052 -0.99893 0.42372 -0.01601 -0.90565 0.72830 0.38409 -0.56749 0.00339 0.35052 -0.93655 -0.02210 0.04052 -0.99893 -0.14370 0.98903 0.03416 -0.40061 0.90730 -0.12774 -0.01056 0.73608 -0.67681 -0.14370 0.98903 0.03416 -0.39309 0.90851 0.14174 -0.40061 0.90730 -0.12774 0.05859 0.12729 -0.99013 0.01757 -0.37037 -0.92872 0.21252 -0.50210 -0.83829 0.05859 0.12729 -0.99013 -0.12296 -0.02350 -0.99213 0.01757 -0.37037 -0.92872 -0.01056 0.73608 -0.67681 -0.12296 -0.02350 -0.99213 0.05859 0.12729 -0.99013 0.06332 -0.35026 0.93451 -0.06222 0.14467 0.98752 0.10168 -0.46543 0.87922 0.06332 -0.35026 0.93451 -0.11469 -0.14607 0.98260 -0.06222 0.14467 0.98752 0.19490 0.82678 -0.52768 -0.01056 0.73608 -0.67681 0.05859 0.12729 -0.99013 0.19490 0.82678 -0.52768 -0.14370 0.98903 0.03416 -0.01056 0.73608 -0.67681 0.10972 0.74836 0.65415 -0.14370 0.98903 0.03416 0.12243 0.78781 0.60363 0.10972 0.74836 0.65415 -0.39309 0.90851 0.14174 -0.14370 0.98903 0.03416 -0.17574 0.32406 0.92957 -0.06222 0.14467 0.98752 -0.11469 -0.14607 0.98260 -0.17574 0.32406 0.92957 0.11756 0.55739 0.82189 -0.06222 0.14467 0.98752 0.12243 0.78781 0.60363 0.11756 0.55739 0.82189 0.10972 0.74836 0.65415 0.12243 0.78781 0.60363 -0.06222 0.14467 0.98752 0.11756 0.55739 0.82189 -0.03450 0.99935 -0.00996 -0.03615 0.99785 -0.05466 -0.03696 0.99931 0.00442 -0.03450 0.99935 -0.00996 -0.03555 0.99742 -0.06236 -0.03615 0.99785 -0.05466 0.02983 -0.99950 -0.01047 0.02724 -0.99955 0.01259 0.02608 -0.99946 0.02000 0.02983 -0.99950 -0.01047 0.03038 -0.99943 -0.01466 0.02724 -0.99955 0.01259 0.36758 0.57146 0.73370 -0.48936 0.84905 0.19907 0.48804 0.83976 0.23794 -0.37697 0.54864 0.74625 -0.45081 0.50316 0.73729 -0.48936 0.84905 0.19907 0.02210 0.04057 -0.99893 -0.73827 0.37497 -0.56067 -0.42379 -0.01599 -0.90562 0.02210 0.04057 -0.99893 0.02634 0.34957 -0.93654 -0.73827 0.37497 -0.56067 0.35162 0.22787 -0.90799 0.02634 0.34957 -0.93654 0.02210 0.04057 -0.99893 0.40061 0.90730 -0.12774 0.14370 0.98903 0.03416 0.01055 0.73608 -0.67681 0.40061 0.90730 -0.12774 0.39309 0.90851 0.14174 0.14370 0.98903 0.03416 0.10562 0.31259 0.94400 -0.11756 0.55739 0.82189 0.17577 0.32389 0.92962 0.10562 0.31259 0.94400 -0.12243 0.78781 0.60363 -0.11756 0.55739 0.82189 -0.01760 -0.37031 -0.92874 -0.05859 0.12731 -0.99013 -0.21266 -0.50207 -0.83827 -0.01760 -0.37031 -0.92874 0.12300 -0.02345 -0.99213 -0.05859 0.12731 -0.99013 0.01055 0.73608 -0.67681 -0.05859 0.12731 -0.99013 0.12300 -0.02345 -0.99213 0.01055 0.73608 -0.67681 -0.19490 0.82678 -0.52768 -0.05859 0.12731 -0.99013 0.14370 0.98903 0.03416 -0.19490 0.82678 -0.52768 0.01055 0.73608 -0.67681 0.14370 0.98903 0.03416 -0.10972 0.74836 0.65415 -0.12243 0.78781 0.60363 0.39309 0.90851 0.14174 -0.10972 0.74836 0.65415 0.14370 0.98903 0.03416 -0.10175 -0.46543 0.87922 -0.06333 -0.35019 0.93453 -0.10175 -0.46543 0.87922 0.10562 0.31259 0.94400 0.11476 -0.14612 0.98259 -0.06333 -0.35019 0.93453 0.17577 0.32389 0.92962 0.11476 -0.14612 0.98259 0.10562 0.31259 0.94400 0.98318 -0.05809 -0.17318 0.98318 -0.05809 -0.17318 0.98318 -0.05809 -0.17318 0.98318 -0.05809 -0.17318 -0.98186 0.04410 0.18439 -0.98186 0.04410 0.18439 -0.98186 0.04410 0.18439 -0.98186 0.04410 0.18439 -0.98915 -0.14688 -0.00220 -0.98915 -0.14688 -0.00220 -0.98915 -0.14688 -0.00220 -0.98915 -0.14688 -0.00220 0.13821 -0.99040 -0.00340 0.30383 -0.95271 -0.00540 0.13799 -0.99043 -0.00339 -0.00958 0.99988 0.01224 -0.00958 0.99988 0.01224 0.00414 0.99997 0.00594 0.00443 0.99997 0.00589 -0.06006 -0.04487 0.99719 -0.10956 -0.05488 0.99246 -0.05535 -0.04393 0.99750 -0.08957 0.02423 -0.99569 -0.08957 0.02423 -0.99569 -0.04708 0.06053 -0.99706 -0.04426 0.06291 -0.99704 0.76172 0.50820 0.40189 0.72830 0.38409 -0.56749 0.98448 0.16517 -0.05932 0.90373 0.17628 0.39011 0.03616 0.99785 -0.05468 0.04372 0.99670 -0.06839 0.04372 0.99670 -0.06839 0.03555 0.99742 -0.06237 -0.03038 -0.99943 -0.01466 -0.02980 -0.99941 -0.01722 -0.02983 -0.99950 -0.01047 -0.11469 -0.14607 0.98260 0.06332 -0.35026 0.93451 0.13241 -0.27333 0.95276 0.13241 -0.27333 0.95276 -0.13618 -0.24001 -0.96117 0.01757 -0.37037 -0.92872 -0.12296 -0.02350 -0.99213 -0.13618 -0.24001 -0.96117 -0.12296 -0.02350 -0.99213 -0.01056 0.73608 -0.67681 -0.12822 0.37361 -0.91868 -0.12822 0.37361 -0.91868 -0.99864 0.03333 0.04021 -0.99864 0.03333 0.04021 -0.99864 0.03333 0.04021 -0.99864 0.03333 0.04021 -0.15640 -0.68525 -0.71131 -0.15640 -0.68525 -0.71131 -0.15652 -0.66825 0.72729 -0.15652 -0.66825 0.72729 0.12432 0.41708 0.90033 0.11756 0.55739 0.82189 -0.17574 0.32406 0.92957 0.12432 0.41708 0.90033 -0.98318 -0.05806 -0.17314 -0.98318 -0.05806 -0.17314 -0.98318 -0.05806 -0.17314 -0.98318 -0.05806 -0.17314 0.98186 0.04410 0.18439 0.98186 0.04410 0.18439 0.98186 0.04410 0.18439 0.98186 0.04410 0.18439 0.98914 -0.14696 -0.00218 0.98914 -0.14696 -0.00218 0.98914 -0.14696 -0.00218 0.98914 -0.14696 -0.00218 -0.13821 -0.99040 -0.00339 -0.13800 -0.99043 -0.00340 -0.30383 -0.95271 -0.00540 -0.30383 -0.95271 -0.00540 0.00962 0.99988 0.01227 -0.00443 0.99997 0.00590 -0.00422 0.99997 0.00600 0.00962 0.99988 0.01227 0.06007 -0.04488 0.99718 0.05536 -0.04392 0.99750 0.10956 -0.05488 0.99246 0.10956 -0.05488 0.99246 0.08961 0.02411 -0.99569 0.04421 0.06275 -0.99705 0.04706 0.06038 -0.99707 0.08961 0.02411 -0.99569 -0.93495 0.35058 -0.05437 -0.88504 0.21130 0.41481 -0.98448 0.16517 -0.05932 -0.73827 0.37497 -0.56067 -0.03615 0.99785 -0.05466 -0.03555 0.99742 -0.06236 -0.04372 0.99670 -0.06838 -0.04372 0.99670 -0.06838 0.03038 -0.99943 -0.01466 0.02983 -0.99950 -0.01047 0.02980 -0.99941 -0.01722 0.02980 -0.99941 -0.01722 0.11476 -0.14612 0.98259 -0.13248 -0.27324 0.95278 -0.13248 -0.27324 0.95278 -0.06333 -0.35019 0.93453 0.13623 -0.23994 -0.96118 0.13623 -0.23994 -0.96118 0.12300 -0.02345 -0.99213 -0.01760 -0.37031 -0.92874 0.12300 -0.02345 -0.99213 0.12822 0.37361 -0.91868 0.12822 0.37361 -0.91868 0.01055 0.73608 -0.67681 0.99864 0.03333 0.04021 0.99864 0.03333 0.04021 0.99864 0.03333 0.04021 0.99864 0.03333 0.04021 0.15640 -0.68525 -0.71131 0.15640 -0.68525 -0.71131 0.15652 -0.66825 0.72729 0.15652 -0.66825 0.72729 0.15652 -0.66825 0.72729 0.15652 -0.66825 0.72729 -0.12432 0.41708 0.90033 -0.12432 0.41708 0.90033 0.17577 0.32389 0.92962 -0.11756 0.55739 0.82189 0.83694 0.23468 0.49442 0.84339 0.21764 0.49124 0.93198 0.15594 0.32726 0.25119 0.69427 0.67446 -0.76110 0.46627 0.45091 -0.52017 0.82555 0.21882 0.71529 0.44718 0.53702 0.00000 0.99937 -0.03555 0.52304 0.80519 -0.27946 -0.84906 0.22647 0.47730 -0.84393 0.21683 0.49068 -0.93194 0.15585 0.32742 0.76608 0.48483 0.42198 -0.37697 0.54864 0.74625 0.48804 0.83976 0.23794 0.45696 -0.00292 -0.88948 0.35162 0.22787 -0.90799 0.02210 0.04057 -0.99893 -0.10972 0.74836 0.65415 -0.11756 0.55739 0.82189 -0.12243 0.78781 0.60363</float_array>
     <technique_common>
      <accessor count="709" source="#realb10_2-lib-normals-array" stride="3">
       <param name="X" type="float"/>
       <param name="Y" type="float"/>
       <param name="Z" type="float"/>
      </accessor>
     </technique_common>
    </source>
    <source id="realb10_2-lib-texcoords">
     <float_array id="realb10_2-lib-texcoords-array" count="1436">0.34082 0.51953 0.56543 0.57227 0.42676 0.47168 0.34082 0.51953 0.34082 0.57715 0.56543 0.57227 0.42676 0.47168 0.34082 0.57715 0.34082 0.51953 0.42676 0.47168 0.56543 0.57227 0.34082 0.57715 0.34082 0.35742 0.42676 0.47168 0.56445 0.36133 0.34082 0.35742 0.34082 0.41211 0.42676 0.47168 0.56445 0.36133 0.34082 0.41211 0.34082 0.35742 0.56445 0.36133 0.42676 0.47168 0.34082 0.41211 0.05078 -0.54297 0.09277 -0.64746 0.05078 -0.64746 0.05078 -0.54297 0.09277 -0.54297 0.09277 -0.64746 0.05078 -0.43457 0.09277 -0.54297 0.05078 -0.54297 0.05078 -0.43457 0.09375 -0.43457 0.09277 -0.54297 0.14844 -0.56641 0.08887 -0.48633 0.14551 -0.48535 0.14844 -0.56641 0.09375 -0.56738 0.08887 -0.48633 0.15137 -0.64746 0.09375 -0.56738 0.14844 -0.56641 0.15137 -0.64746 0.09766 -0.64941 0.09375 -0.56738 0.03516 -0.64746 0.24902 -0.67773 0.03516 -0.67773 0.03516 -0.64746 0.24902 -0.64746 0.24902 -0.67773 0.03516 -0.54297 0.24902 -0.64746 0.03516 -0.64746 0.03516 -0.54297 0.24902 -0.54297 0.24902 -0.64746 0.03516 -0.43457 0.24902 -0.54297 0.03516 -0.54297 0.03516 -0.43457 0.24902 -0.43457 0.24902 -0.54297 0.41309 -0.29688 0.21094 0.00000 0.41309 0.00000 0.41309 -0.29688 0.21777 -0.29688 0.21094 0.00000 0.38086 -0.40430 0.21777 -0.29688 0.41309 -0.29688 0.38086 -0.40430 0.20312 -0.40430 0.21777 -0.29688 0.80273 -0.29688 0.47070 0.00000 0.77832 0.00000 0.80273 -0.29688 0.44336 -0.29688 0.47070 0.00000 0.77832 -0.40430 0.44336 -0.29688 0.80273 -0.29688 0.77832 -0.40430 0.47070 -0.40430 0.44336 -0.29688 0.21777 -0.29688 0.41309 0.00000 0.21094 0.00000 0.21777 -0.29688 0.41309 -0.29688 0.41309 0.00000 0.20312 -0.40430 0.41309 -0.29688 0.21777 -0.29688 0.20312 -0.40430 0.38086 -0.40430 0.41309 -0.29688 0.21777 -0.29688 0.00684 0.00000 0.21094 0.00000 0.21777 -0.29688 0.00586 -0.29688 0.00684 0.00000 0.20312 -0.40430 0.00586 -0.29688 0.21777 -0.29688 0.20312 -0.40430 0.00586 -0.40430 0.00586 -0.29688 0.00000 -1.00000 0.18652 -0.81445 0.18652 -1.00000 0.00000 -1.00000 0.03320 -0.81445 0.18652 -0.81445 0.18652 -1.00000 0.03320 -0.81445 0.00000 -1.00000 0.18652 -1.00000 0.18652 -0.81445 0.03320 -0.81445 0.45020 -1.00000 0.18652 -0.81445 0.18652 -1.00000 0.45020 -1.00000 0.45020 -0.81445 0.18652 -0.81445 0.45020 -0.81445 0.23926 -0.69043 0.18652 -0.81445 0.45020 -0.81445 0.47949 -0.69043 0.23926 -0.69043 0.59961 -0.81445 0.47949 -0.69043 0.45020 -0.81445 0.59961 -0.81445 0.59961 -0.69043 0.47949 -0.69043 0.45020 -0.81445 0.59961 -0.69043 0.59961 -0.81445 0.45020 -0.81445 0.47949 -0.69043 0.59961 -0.69043 0.18652 -0.81445 0.47949 -0.69043 0.45020 -0.81445 0.18652 -0.81445 0.23926 -0.69043 0.47949 -0.69043 0.24902 -0.54297 0.03516 -0.43457 0.24902 -0.43457 0.24902 -0.54297 0.03516 -0.54297 0.03516 -0.43457 0.24902 -0.64746 0.03516 -0.54297 0.24902 -0.54297 0.24902 -0.64746 0.03516 -0.64746 0.03516 -0.54297 0.27637 -0.54297 0.24902 -0.43457 0.27637 -0.43457 0.27637 -0.54297 0.24902 -0.54297 0.24902 -0.43457 0.27637 -0.64746 0.24902 -0.54297 0.27637 -0.54297 0.27637 -0.64746 0.24902 -0.64746 0.24902 -0.54297 0.03516 -0.54297 0.00879 -0.43457 0.03516 -0.43457 0.03516 -0.54297 0.00879 -0.54297 0.00879 -0.43457 0.03516 -0.64746 0.00879 -0.54297 0.03516 -0.54297 0.03516 -0.64746 0.00879 -0.64746 0.00879 -0.54297 0.19629 -0.58203 0.19336 -0.59082 0.19141 -0.58594 0.19629 -0.58203 0.19629 -0.59180 0.19336 -0.59082 0.20117 -0.58594 0.19629 -0.59180 0.19629 -0.58203 0.20117 -0.58594 0.19824 -0.59082 0.19629 -0.59180 0.33594 -0.53320 0.56543 -0.63672 0.33496 -0.63672 0.33594 -0.53320 0.56738 -0.53223 0.56543 -0.63672 0.33496 -0.43750 0.56738 -0.53223 0.33594 -0.53320 0.33496 -0.43750 0.56543 -0.43750 0.56738 -0.53223 0.09277 -0.54297 0.05078 -0.64746 0.09277 -0.64746 0.09277 -0.54297 0.05078 -0.54297 0.05078 -0.64746 0.09375 -0.43457 0.05078 -0.54297 0.09277 -0.54297 0.09375 -0.43457 0.05078 -0.43457 0.05078 -0.54297 0.09375 -0.56738 0.14551 -0.48535 0.08887 -0.48633 0.09375 -0.56738 0.14844 -0.56641 0.14551 -0.48535 0.09766 -0.64941 0.14844 -0.56641 0.09375 -0.56738 0.09766 -0.64941 0.15137 -0.64746 0.14844 -0.56641 0.24902 -0.64746 0.03516 -0.67773 0.24902 -0.67773 0.24902 -0.64746 0.03516 -0.64746 0.03516 -0.67773 0.24902 -0.54297 0.03516 -0.64746 0.24902 -0.64746 0.24902 -0.54297 0.03516 -0.54297 0.03516 -0.64746 0.24902 -0.43457 0.03516 -0.54297 0.24902 -0.54297 0.24902 -0.43457 0.03516 -0.43457 0.03516 -0.54297 0.21777 -0.29688 0.41309 0.00000 0.21094 0.00000 0.21777 -0.29688 0.41309 -0.29688 0.41309 0.00000 0.20312 -0.40430 0.41309 -0.29688 0.21777 -0.29688 0.20312 -0.40430 0.38086 -0.40430 0.41309 -0.29688 0.44336 -0.29688 0.77832 0.00000 0.47070 0.00000 0.44336 -0.29688 0.80273 -0.29688 0.77832 0.00000 0.47070 -0.40430 0.80273 -0.29688 0.44336 -0.29688 0.47070 -0.40430 0.77832 -0.40430 0.80273 -0.29688 0.41309 -0.29688 0.21094 0.00000 0.41309 0.00000 0.41309 -0.29688 0.21777 -0.29688 0.21094 0.00000 0.38086 -0.40430 0.21777 -0.29688 0.41309 -0.29688 0.38086 -0.40430 0.20312 -0.40430 0.21777 -0.29688 0.00586 -0.29688 0.21094 0.00000 0.00684 0.00000 0.00586 -0.29688 0.21777 -0.29688 0.21094 0.00000 0.00586 -0.40430 0.21777 -0.29688 0.00586 -0.29688 0.00586 -0.40430 0.20312 -0.40430 0.21777 -0.29688 0.03320 -0.81445 0.18652 -1.00000 0.18652 -0.81445 0.03320 -0.81445 0.00000 -1.00000 0.18652 -1.00000 0.18652 -0.81445 0.00000 -1.00000 0.03320 -0.81445 0.18652 -0.81445 0.18652 -1.00000 0.00000 -1.00000 0.45020 -0.81445 0.18652 -1.00000 0.18652 -0.81445 0.45020 -0.81445 0.45020 -1.00000 0.18652 -1.00000 0.47949 -0.69043 0.18652 -0.81445 0.23926 -0.69043 0.47949 -0.69043 0.45020 -0.81445 0.18652 -0.81445 0.59961 -0.69043 0.45020 -0.81445 0.47949 -0.69043 0.59961 -0.69043 0.59961 -0.81445 0.45020 -0.81445 0.47949 -0.69043 0.59961 -0.81445 0.59961 -0.69043 0.47949 -0.69043 0.45020 -0.81445 0.59961 -0.81445 0.23926 -0.69043 0.45020 -0.81445 0.47949 -0.69043 0.23926 -0.69043 0.18652 -0.81445 0.45020 -0.81445 0.03516 -0.54297 0.24902 -0.43457 0.03516 -0.43457 0.03516 -0.54297 0.24902 -0.54297 0.24902 -0.43457 0.03516 -0.64746 0.24902 -0.54297 0.03516 -0.54297 0.03516 -0.64746 0.24902 -0.64746 0.24902 -0.54297 0.24902 -0.54297 0.27637 -0.43457 0.24902 -0.43457 0.24902 -0.54297 0.27637 -0.54297 0.27637 -0.43457 0.24902 -0.64746 0.27637 -0.54297 0.24902 -0.54297 0.24902 -0.64746 0.27637 -0.64746 0.27637 -0.54297 0.00879 -0.54297 0.03516 -0.43457 0.00879 -0.43457 0.00879 -0.54297 0.03516 -0.54297 0.03516 -0.43457 0.00879 -0.64746 0.03516 -0.54297 0.00879 -0.54297 0.00879 -0.64746 0.03516 -0.64746 0.03516 -0.54297 0.19629 -0.59180 0.19141 -0.58594 0.19336 -0.59082 0.19629 -0.59180 0.19629 -0.58203 0.19141 -0.58594 0.19824 -0.59082 0.19629 -0.58203 0.19629 -0.59180 0.19824 -0.59082 0.20117 -0.58594 0.19629 -0.58203 0.56738 -0.53223 0.33496 -0.63672 0.56543 -0.63672 0.56738 -0.53223 0.33594 -0.53320 0.33496 -0.63672 0.56543 -0.43750 0.33594 -0.53320 0.56738 -0.53223 0.56543 -0.43750 0.33496 -0.43750 0.33594 -0.53320 0.09277 -0.56250 0.06934 -0.45117 0.10059 -0.44434 0.09277 -0.56250 0.04688 -0.56055 0.06934 -0.45117 0.06934 -0.45117 0.09277 -0.56250 0.10059 -0.44434 0.06934 -0.45117 0.04688 -0.56055 0.09277 -0.56250 0.45020 -0.81445 0.59961 -1.00000 0.59961 -0.81445 0.45020 -0.81445 0.45020 -1.00000 0.59961 -1.00000 0.23926 -0.69043 0.03320 -0.81445 0.03027 -0.69043 0.23926 -0.69043 0.18652 -0.81445 0.03320 -0.81445 0.34082 0.46289 0.34082 0.51953 0.42676 0.47168 0.34082 0.46289 0.42676 0.47168 0.34082 0.51953 0.34082 0.41211 0.42676 0.47168 0.34082 0.46289 0.45020 -0.81445 0.59961 -1.00000 0.45020 -1.00000 0.45020 -0.81445 0.59961 -0.81445 0.59961 -1.00000 0.89355 -0.70703 0.63379 -0.63867 0.89355 -0.58984 0.89355 -0.70703 0.63379 -0.80176 0.63379 -0.63867 0.99414 -0.49805 0.89355 -0.41504 0.99414 -0.41504 0.99414 -0.49805 0.89355 -0.50391 0.89355 -0.41504 0.89355 -0.58984 0.89355 -0.50391 0.99414 -0.49805 0.89355 -1.00000 0.99414 -0.91602 0.99414 -1.00000 0.89355 -1.00000 0.90723 -0.92871 0.99414 -0.91602 0.99414 -0.70703 0.89355 -0.58984 0.99414 -0.49805 0.99414 -0.70703 0.89355 -0.70703 0.89355 -0.58984 0.89453 -0.82129 0.89355 -0.70703 0.99414 -0.70703 0.89453 -0.82129 0.63379 -0.80176 0.89355 -0.70703 0.90625 -0.90039 0.99414 -0.91602 0.90723 -0.92871 0.90625 -0.90039 0.89453 -0.85059 0.99414 -0.91602 0.99414 -0.70703 0.89453 -0.85059 0.89453 -0.82129 0.99414 -0.70703 0.99414 -0.91602 0.89453 -0.85059 0.06934 -0.45117 0.09277 -0.56250 0.10059 -0.44434 0.06934 -0.45117 0.04688 -0.56055 0.09277 -0.56250 0.09277 -0.56250 0.06934 -0.45117 0.10059 -0.44434 0.09277 -0.56250 0.04688 -0.56055 0.06934 -0.45117 0.03320 -0.81445 0.23926 -0.69043 0.03027 -0.69043 0.03320 -0.81445 0.18652 -0.81445 0.23926 -0.69043 0.59961 -1.00000 0.45020 -0.81445 0.45020 -1.00000 0.59961 -1.00000 0.59961 -0.81445 0.45020 -0.81445 0.45020 -0.81445 0.59961 -0.81445 0.59961 -1.00000 0.63379 -0.63867 0.89355 -0.70703 0.89355 -0.58984 0.63379 -0.63867 0.63379 -0.80176 0.89355 -0.70703 0.99414 -0.91602 0.89453 -0.85059 0.90625 -0.90039 0.99414 -0.91602 0.99414 -0.70703 0.89453 -0.85059 0.89355 -0.41504 0.99414 -0.49805 0.99414 -0.41504 0.89355 -0.41504 0.89355 -0.50391 0.99414 -0.49805 0.89355 -0.58984 0.99414 -0.49805 0.89355 -0.50391 0.89355 -0.58984 0.99414 -0.70703 0.99414 -0.49805 0.89355 -0.70703 0.99414 -0.70703 0.89355 -0.58984 0.89355 -0.70703 0.89453 -0.82129 0.99414 -0.70703 0.63379 -0.80176 0.89453 -0.82129 0.89355 -0.70703 0.99414 -0.91602 0.89355 -1.00000 0.99414 -1.00000 0.99414 -0.91602 0.90723 -0.92871 0.89355 -1.00000 0.90625 -0.90039 0.90723 -0.92871 0.99414 -0.91602 0.04980 -0.64551 0.09180 -0.64551 0.09180 -0.60059 0.04980 -0.60059 0.14160 -0.54395 0.14258 -0.57812 0.12891 -0.57812 0.12891 -0.54297 0.13086 -0.52734 0.12891 -0.58398 0.08105 -0.58301 0.08008 -0.52539 -0.80469 -0.73438 -0.78320 -0.73438 -0.78320 -0.78125 -0.80469 -0.78125 -0.15820 -0.19043 -0.15723 0.00000 -0.00098 0.00000 -0.00098 -0.19043 0.19238 -0.48047 0.15820 -0.49512 0.15527 -0.46387 0.19238 -0.46289 0.15527 -0.46387 0.15820 -0.49512 0.19238 -0.48047 0.19238 -0.46289 0.18652 -0.81445 0.45020 -0.81445 0.45020 -1.00000 0.18652 -1.00000 0.09277 -0.56250 0.08398 -0.65332 0.04688 -0.66211 0.04688 -0.56055 0.04688 -0.56055 0.04688 -0.66211 0.08398 -0.65332 0.09277 -0.56250 0.90723 -0.92871 0.89355 -1.00000 0.68848 -1.00000 0.68848 -0.92480 0.69043 -0.41504 0.89355 -0.41504 0.89355 -0.50391 0.69043 -0.50391 0.89355 -0.50391 0.89355 -0.58984 0.79883 -0.55664 0.79883 -0.52930 0.39355 -0.44434 0.46289 -0.49707 0.45215 -0.57715 0.38281 -0.61426 0.55957 -0.59668 0.56152 -0.48633 0.33301 -0.43652 0.33789 -0.62012 0.56934 -0.47949 0.54688 -0.61816 0.41797 -0.58105 0.46094 -0.46973 0.80078 -0.86719 0.89453 -0.85059 0.90625 -0.90039 0.80078 -0.89844 0.04980 -0.64551 0.04980 -0.60059 0.09180 -0.60059 0.09180 -0.64551 0.14160 -0.54395 0.12891 -0.54297 0.12891 -0.57812 0.14258 -0.57812 0.13086 -0.52734 0.08008 -0.52539 0.08105 -0.58301 0.12891 -0.58398 -0.80469 -0.73438 -0.80469 -0.78125 -0.78320 -0.78125 -0.78320 -0.73438 -0.15820 -0.19043 -0.00098 -0.19043 -0.00098 0.00000 -0.15723 0.00000 0.19238 -0.48047 0.19238 -0.46289 0.15527 -0.46387 0.15820 -0.49512 0.15527 -0.46387 0.19238 -0.46289 0.19238 -0.48047 0.15820 -0.49512 0.18652 -0.81445 0.18652 -1.00000 0.45020 -1.00000 0.45020 -0.81445 0.09277 -0.56250 0.04688 -0.56055 0.04688 -0.66211 0.08398 -0.65332 0.04688 -0.56055 0.09277 -0.56250 0.08398 -0.65332 0.04688 -0.66211 0.90723 -0.92871 0.68848 -0.92480 0.68848 -1.00000 0.89355 -1.00000 0.69043 -0.41504 0.69043 -0.50391 0.89355 -0.50391 0.89355 -0.41504 0.89355 -0.50391 0.79883 -0.52930 0.79883 -0.55664 0.89355 -0.58984 0.39355 -0.44434 0.38281 -0.61426 0.45215 -0.57715 0.46289 -0.49707 0.55957 -0.59668 0.33789 -0.62012 0.33301 -0.43652 0.56152 -0.48633 0.56934 -0.47949 0.46094 -0.46973 0.41797 -0.58105 0.54688 -0.61816 0.80078 -0.86719 0.80078 -0.89844 0.90625 -0.90039 0.89453 -0.85059 0.56445 0.36133 0.42676 0.47168 0.56543 0.57227 0.03320 -0.81445 0.18652 -0.81445 0.23926 -0.69043 0.34082 0.41211 0.34082 0.46289 0.42676 0.47168 0.42676 0.47168 0.56445 0.36133 0.56543 0.57227 0.18652 -0.81445 0.03320 -0.81445 0.23926 -0.69043 0.45020 -1.00000 0.45020 -0.81445 0.59961 -1.00000 0.89453 -0.82129 0.89453 -0.85059 0.99414 -0.70703</float_array>
     <technique_common>
      <accessor count="718" offset="0" source="#realb10_2-lib-texcoords-array" stride="2">
       <param name="U" type="float"/>
       <param name="V" type="float"/>
      </accessor>
     </technique_common>
    </source>
    <vertices id="realb10_2-lib-vertices">
     <input semantic="POSITION" source="#realb10_2-lib-positions"/>
    </vertices>
    <polylist count="228" material="mat5.png">
     <input offset="0" semantic="VERTEX" source="#realb10_2-lib-vertices"/>
     <input offset="1" semantic="NORMAL" source="#realb10_2-lib-normals"/>
     <input offset="2" semantic="TEXCOORD" source="#realb10_2-lib-texcoords"/>
     <vcount>3 3 3 3 3 3 3 3 3 3 3 3 3 3 3 3 3 3 3 3 3 3 3 3 3 3 3 3 3 3 3 3 3 3 3 3 3 3 3 3 3 3 3 3 3 3 3 3 3 3 3 3 3 3 3 3 3 3 3 3 3 3 3 3 3 3 3 3 3 3 3 3 3 3 3 3 3 3 3 3 3 3 3 3 3 3 3 3 3 3 3 3 3 3 3 3 3 3 3 3 3 3 3 3 3 3 3 3 3 3 3 3 3 3 3 3 3 3 3 3 3 3 3 3 3 3 3 3 3 3 3 3 3 3 3 3 3 3 3 3 3 3 3 3 3 3 3 3 3 3 3 3 3 3 3 3 3 3 3 3 3 3 3 3 3 3 3 3 3 3 3 3 3 3 3 3 3 3 3 3 3 3 3 3 3 3 3 4 4 4 4 4 4 4 4 4 4 4 4 4 4 4 4 4 4 4 4 4 4 4 4 4 4 4 4 4 4 4 4 4 4 3 3 3 3 3 3 3</vcount>
     <p>2 2 2 1 1 1 0 0 0 1 5 5 3 4 4 0 3 3 0 8 8 3 7 7 4 6 6 3 11 11 5 10 10 4 9 9 7 14 14 2 13 13 6 12 12 2 17 17 8 16 16 6 15 15 6 20 20 8 19 19 9 18 18 8 23 23 4 22 22 9 21 21 12 26 26 11 25 25 10 24 24 11 29 29 13 28 28 10 27 27 10 32 32 13 31 31 14 30 30 13 35 35 15 34 34 14 33 33 18 38 38 17 37 37 16 36 36 17 41 41 19 40 40 16 39 39 16 44 44 19 43 43 20 42 42 19 47 47 21 46 46 20 45 45 24 50 50 23 49 49 22 48 48 23 53 53 25 52 52 22 51 51 22 56 56 25 55 55 26 54 54 25 59 59 27 58 58 26 57 57 26 62 62 27 61 61 28 60 60 27 65 65 29 64 64 28 63 63 32 68 68 31 67 67 30 66 66 31 71 71 33 70 70 30 69 69 30 74 74 33 73 73 34 72 72 33 77 77 35 76 76 34 75 75 37 80 80 32 79 79 36 78 78 32 83 83 30 82 82 36 81 81 36 86 86 30 85 85 38 84 84 30 89 89 34 88 88 38 87 87 40 92 92 37 91 91 39 90 90 37 95 95 36 94 94 39 93 93 39 98 98 36 97 97 41 96 96 36 101 101 38 100 100 41 99 99 31 104 104 40 103 103 33 102 102 40 107 107 39 106 106 33 105 105 33 110 110 39 109 109 35 108 108 39 113 113 41 112 112 35 111 111 44 116 116 43 115 115 42 114 114 43 119 119 45 118 118 42 117 117 42 122 122 45 121 121 46 120 120 45 125 125 47 124 124 46 123 123 46 128 128 47 127 127 48 126 126 47 131 131 49 130 130 48 129 129 47 134 134 50 133 133 49 132 132 50 137 137 51 136 136 49 135 135 49 140 140 51 139 139 52 138 138 51 143 143 53 142 142 52 141 141 52 146 146 53 145 145 54 144 144 53 149 149 55 148 148 54 147 147 54 152 152 55 151 151 43 150 150 55 155 155 56 154 154 43 153 153 59 158 158 58 157 157 57 156 156 58 161 161 60 160 160 57 159 159 57 164 164 60 163 163 24 162 162 60 167 167 23 166 166 24 165 165 58 170 170 29 169 169 60 168 168 29 173 173 27 172 172 60 171 171 60 176 176 27 175 175 23 174 174 27 179 179 25 178 178 23 177 177 28 182 182 59 181 181 26 180 180 59 185 185 57 184 184 26 183 183 26 188 188 57 187 187 22 186 186 57 191 191 24 190 190 22 189 189 63 194 194 62 193 193 61 192 192 62 197 197 64 196 196 61 195 195 61 200 200 64 199 199 65 198 198 64 203 203 66 202 202 65 201 201 69 206 206 68 205 205 67 204 204 68 209 209 70 208 208 67 207 207 67 212 212 70 211 211 71 210 210 70 215 215 72 214 214 71 213 213 75 218 218 74 217 217 73 216 216 74 221 221 76 220 220 73 219 219 73 224 224 76 223 223 77 222 222 76 227 227 78 226 226 77 225 225 81 230 230 80 229 229 79 228 228 80 233 233 82 232 232 79 231 231 79 236 236 82 235 235 83 234 234 82 239 239 84 238 238 83 237 237 87 242 242 86 241 241 85 240 240 86 245 245 88 244 244 85 243 243 85 248 248 88 247 247 89 246 246 88 251 251 90 250 250 89 249 249 89 254 254 90 253 253 91 252 252 90 257 257 92 256 256 91 255 255 95 260 260 94 259 259 93 258 258 94 263 263 96 262 262 93 261 261 93 266 266 96 265 265 97 264 264 96 269 269 98 268 268 97 267 267 94 272 272 99 271 271 96 270 270 99 275 275 100 274 274 96 273 273 96 278 278 100 277 277 98 276 276 100 281 281 101 280 280 98 279 279 99 284 284 102 283 283 100 282 282 102 287 287 103 286 286 100 285 285 100 290 290 103 289 289 101 288 288 103 293 293 104 292 292 101 291 291 102 296 296 95 295 295 103 294 294 95 299 299 93 298 298 103 297 297 103 302 302 93 301 301 104 300 300 93 305 305 97 304 304 104 303 303 107 308 308 106 307 307 105 306 306 106 311 311 108 310 310 105 309 309 105 314 314 108 313 313 109 312 312 108 317 317 110 316 316 109 315 315 109 320 320 110 319 319 111 318 318 110 323 323 112 322 322 111 321 321 114 326 326 109 325 325 113 324 324 109 329 329 111 328 328 113 327 327 113 332 332 111 331 331 115 330 330 111 335 335 116 334 334 115 333 333 115 338 338 116 337 337 117 336 336 116 341 341 118 340 340 117 339 339 117 344 344 118 343 343 119 342 342 118 347 347 107 346 346 119 345 345 122 350 350 121 349 349 120 348 348 121 353 353 123 352 352 120 351 351 120 356 356 123 355 355 87 354 354 123 359 359 86 358 358 87 357 357 91 362 362 122 361 361 89 360 360 122 365 365 120 364 364 89 363 363 89 368 368 120 367 367 85 366 366 120 371 371 87 370 370 85 369 369 121 374 374 92 373 373 123 372 372 92 377 377 90 376 376 123 375 375 123 380 380 90 379 379 86 378 378 90 383 383 88 382 382 86 381 381 126 386 386 125 385 385 124 384 384 125 389 389 127 388 388 124 387 387 124 392 392 127 391 391 128 390 390 127 395 395 129 394 394 128 393 393 132 398 398 131 397 397 130 396 396 131 401 401 133 400 400 130 399 399 130 404 404 133 403 403 134 402 402 133 407 407 135 406 406 134 405 405 17 410 410 12 409 409 19 408 408 12 413 413 10 412 412 19 411 411 18 416 416 16 415 415 11 414 414 16 419 419 13 418 418 11 417 417 52 422 422 136 421 421 49 420 420 136 425 425 48 424 424 49 423 423 50 428 428 45 427 427 56 426 426 45 431 431 43 430 430 56 429 429 2 434 434 0 433 433 137 432 432 0 437 437 4 436 436 137 435 435 137 440 440 4 439 439 8 438 438 138 443 443 136 442 442 54 441 441 136 446 446 52 445 445 54 444 444 141 449 449 140 448 448 139 447 447 140 452 452 142 451 451 139 450 450 66 455 455 143 454 454 65 453 453 143 458 458 144 457 457 65 456 456 65 461 461 144 460 460 141 459 459 62 464 464 63 463 463 145 462 462 63 467 467 146 466 466 145 465 465 65 470 470 141 469 469 61 468 468 141 473 473 139 472 472 61 471 471 61 476 476 139 475 475 147 474 474 139 479 479 142 478 478 147 477 477 146 482 482 63 481 481 148 480 480 63 485 485 149 484 484 148 483 483 147 488 488 149 487 487 61 486 486 149 491 491 63 490 490 61 489 489 81 494 494 79 493 493 74 492 492 79 497 497 76 496 496 74 495 495 80 500 500 75 499 499 82 498 498 75 503 503 73 502 502 82 501 501 114 506 506 119 505 505 105 504 504 119 509 509 107 508 508 105 507 507 151 512 512 118 511 511 150 510 510 118 515 515 116 514 514 150 513 513 150 518 518 116 517 517 111 516 516 154 521 521 153 520 520 152 519 519 153 524 524 155 523 523 152 522 522 157 527 527 156 526 526 125 525 525 156 530 530 127 529 529 125 528 528 128 533 533 129 532 532 158 531 531 129 536 536 159 535 535 158 534 534 159 539 539 129 538 538 154 537 537 129 542 542 127 541 541 154 540 540 154 545 545 127 544 544 153 543 543 127 548 548 160 547 547 153 546 546 153 551 551 160 550 550 155 549 549 126 554 554 161 553 553 125 552 552 161 557 557 162 556 556 125 555 555 125 560 560 162 559 559 157 558 558 15 564 564 20 563 563 21 562 562 14 561 561 17 568 568 18 567 567 11 566 566 12 565 565 166 572 572 165 571 571 164 570 570 163 569 569 59 575 576 164 574 575 165 574 574 58 573 573 28 579 580 29 578 579 166 577 578 163 576 577 28 582 584 163 581 583 164 581 582 59 580 581 29 586 588 58 585 587 165 584 586 166 583 585 44 590 592 138 589 591 54 588 590 43 587 589 10 594 596 14 593 595 21 592 594 19 591 593 16 597 600 20 596 599 15 596 598 13 595 597 168 601 604 167 600 603 145 599 602 146 598 601 170 605 608 144 604 607 143 603 606 169 602 605 172 609 612 171 608 611 141 607 610 144 606 609 71 613 616 173 612 615 69 611 614 67 610 613 173 615 620 71 614 619 72 614 618 64 614 617 69 617 624 173 616 623 64 616 622 68 616 621 175 621 628 148 620 627 149 619 626 174 618 625 83 625 632 84 624 631 77 623 630 78 622 629 75 629 636 80 628 635 81 627 634 74 626 633 179 633 640 178 632 639 177 631 638 176 630 637 178 637 644 179 636 643 121 635 642 122 634 641 177 641 648 91 640 647 92 639 646 176 638 645 179 645 652 176 644 651 92 643 650 121 642 649 178 649 656 122 648 655 91 647 654 177 646 653 118 653 660 151 652 659 106 651 658 107 650 657 83 657 664 78 656 663 76 655 662 79 654 661 77 661 668 84 660 667 82 659 666 73 658 665 161 665 672 181 664 671 180 663 670 162 662 669 158 669 676 159 668 675 183 667 674 182 666 673 154 673 680 185 672 679 184 671 678 159 670 677 131 677 684 186 676 683 135 675 682 133 674 681 134 679 688 135 679 687 186 679 686 124 678 685 124 683 692 186 682 691 131 681 690 132 680 689 156 687 696 157 686 695 188 685 694 187 684 693 1 690 699 2 689 698 7 688 697 50 693 702 47 692 701 45 691 700 2 696 705 137 695 704 8 694 703 5 699 708 9 698 707 4 697 706 114 702 711 105 701 710 109 700 709 150 705 714 111 704 713 112 703 712 127 708 717 156 707 716 160 706 715</p>
    </polylist>
   </mesh>
  </geometry>
  <geometry id="realb10_3-lib" name="realb10_3">
   <mesh>
    <source id="realb10_3-lib-positions" name="position">
     <float_array id="realb10_3-lib-positions-array" count="18">-19.63918 24.79687 11.26402 -19.63945 24.79323 -10.61367 -17.97213 24.79296 -10.61364 -17.97186 24.79659 11.26405 -18.80434 23.73973 10.81229 -18.80459 23.73619 -10.54771</float_array>
     <technique_common>
      <accessor count="6" source="#realb10_3-lib-positions-array" stride="3">
       <param name="X" type="float"/>
       <param name="Y" type="float"/>
       <param name="Z" type="float"/>
      </accessor>
     </technique_common>
    </source>
    <source id="realb10_3-lib-normals" name="normal">
     <float_array id="realb10_3-lib-normals-array" count="27">0.00016 1.00000 -0.00017 0.00016 1.00000 -0.00017 -0.78476 -0.61980 0.00011 -0.78476 -0.61980 0.00011 -0.78476 -0.61980 0.00011 0.78555 -0.61880 0.00009 0.78555 -0.61880 0.00009 0.78555 -0.61880 0.00009 0.78555 -0.61880 0.00009</float_array>
     <technique_common>
      <accessor count="9" source="#realb10_3-lib-normals-array" stride="3">
       <param name="X" type="float"/>
       <param name="Y" type="float"/>
       <param name="Z" type="float"/>
      </accessor>
     </technique_common>
    </source>
    <source id="realb10_3-lib-texcoords">
     <float_array id="realb10_3-lib-texcoords-array" count="24">0.09180 -0.57617 0.09180 -0.53320 0.15234 -0.53320 0.15234 -0.57617 0.09180 -0.57617 0.09180 -0.57617 0.09180 -0.53320 0.09180 -0.53320 0.15234 -0.53320 0.15234 -0.53320 0.15234 -0.57617 0.15234 -0.57617</float_array>
     <technique_common>
      <accessor count="12" offset="0" source="#realb10_3-lib-texcoords-array" stride="2">
       <param name="U" type="float"/>
       <param name="V" type="float"/>
      </accessor>
     </technique_common>
    </source>
    <vertices id="realb10_3-lib-vertices">
     <input semantic="POSITION" source="#realb10_3-lib-positions"/>
    </vertices>
    <polylist count="3" material="mat4.png">
     <input offset="0" semantic="VERTEX" source="#realb10_3-lib-vertices"/>
     <input offset="1" semantic="NORMAL" source="#realb10_3-lib-normals"/>
     <input offset="2" semantic="TEXCOORD" source="#realb10_3-lib-texcoords"/>
     <vcount>4 4 4</vcount>
     <p>3 1 3 2 1 2 1 0 1 0 0 0 1 4 7 5 3 6 4 3 5 0 2 4 3 8 11 4 7 10 5 6 9 2 5 8</p>
    </polylist>
   </mesh>
  </geometry>
  <geometry id="realb10_4-lib" name="realb10_4">
   <mesh>
    <source id="realb10_4-lib-positions" name="position">
     <float_array id="realb10_4-lib-positions-array" count="168">-26.23555 23.39781 -12.28897 -28.49844 25.14640 -9.22679 -28.49848 23.39869 -9.22676 -26.23551 25.14552 -12.28899 -21.99038 23.39674 -14.62831 -21.99034 25.14444 -14.62833 -18.80466 23.39615 -15.06293 -18.80461 25.14385 -15.06295 -15.60916 23.39570 -14.62820 -15.60911 25.14341 -14.62822 -11.36637 23.39540 -12.28871 -11.36633 25.14311 -12.28873 -9.10093 23.39554 -9.22643 -9.10088 25.14325 -9.22645 -23.62101 23.73715 -9.43669 -25.87418 23.73800 -6.52833 -21.30924 23.73658 -10.62346 -18.80459 23.73619 -10.54771 -16.29019 23.73577 -10.62337 -13.97838 23.73559 -9.43653 -11.72515 23.73570 -6.52809 -25.87415 24.80957 -6.52835 -23.62099 24.80872 -9.43671 -21.30921 24.80815 -10.62347 -18.80457 24.80775 -10.54773 -16.29016 24.80733 -10.62338 -13.97835 24.80716 -9.43654 -11.72512 24.80727 -6.52810 -26.23521 25.14964 12.55571 -28.49826 23.40179 9.49345 -28.49821 25.14950 9.49343 -26.23525 23.40194 12.55574 -21.98998 25.14934 14.89276 -21.99003 23.40163 14.89278 -18.80424 25.14890 15.32749 -18.80429 23.40119 15.32751 -15.60876 25.14831 14.89287 -15.60880 23.40060 14.89289 -11.36603 25.14723 12.55597 -11.36607 23.39952 12.55599 -9.10065 25.14636 9.49376 -9.10070 23.39865 9.49379 -25.87402 23.74021 6.79267 -23.62078 23.74033 9.70110 -21.30898 23.74015 10.88794 -18.80434 23.73973 10.81229 -16.28993 23.73934 10.88803 -13.97815 23.73876 9.70127 -11.72499 23.73792 6.79291 -23.62075 24.81190 9.70109 -25.87399 24.81178 6.79265 -21.30895 24.81172 10.88793 -18.80431 24.81130 10.81227 -16.28990 24.81091 10.88802 -13.97812 24.81033 9.70125 -11.72496 24.80948 6.79289</float_array>
     <technique_common>
      <accessor count="56" source="#realb10_4-lib-positions-array" stride="3">
       <param name="X" type="float"/>
       <param name="Y" type="float"/>
       <param name="Z" type="float"/>
      </accessor>
     </technique_common>
    </source>
    <source id="realb10_4-lib-normals" name="normal">
     <float_array id="realb10_4-lib-normals-array" count="828">-0.65862 0.00001 -0.75248 -0.80423 0.00001 -0.59432 -0.80423 0.00001 -0.59432 -0.65862 0.00001 -0.75248 -0.65867 0.00001 -0.75243 -0.80423 0.00001 -0.59432 -0.31418 -0.00000 -0.94936 -0.65867 0.00001 -0.75243 -0.65862 0.00001 -0.75248 -0.31418 -0.00000 -0.94936 -0.31423 -0.00000 -0.94935 -0.65867 0.00001 -0.75243 -0.00017 -0.00001 -1.00000 -0.31423 -0.00000 -0.94935 -0.31418 -0.00000 -0.94936 -0.00017 -0.00001 -1.00000 -0.00020 -0.00001 -1.00000 -0.31423 -0.00000 -0.94935 0.31417 -0.00002 -0.94937 -0.00020 -0.00001 -1.00000 -0.00017 -0.00001 -1.00000 0.31417 -0.00002 -0.94937 0.31414 -0.00002 -0.94938 -0.00020 -0.00001 -1.00000 0.65855 -0.00002 -0.75254 0.31414 -0.00002 -0.94938 0.31417 -0.00002 -0.94937 0.65855 -0.00002 -0.75254 0.65855 -0.00002 -0.75254 0.31414 -0.00002 -0.94938 0.80392 -0.00003 -0.59473 0.65855 -0.00002 -0.75254 0.65855 -0.00002 -0.75254 0.80392 -0.00003 -0.59473 0.80392 -0.00003 -0.59473 0.65855 -0.00002 -0.75254 0.05592 -0.99612 0.06792 0.07145 -0.99596 0.05433 0.07150 -0.99588 0.05569 0.05592 -0.99612 0.06792 0.05692 -0.99622 0.06562 0.07145 -0.99596 0.05433 0.02023 -0.99644 0.08182 0.05692 -0.99622 0.06562 0.05592 -0.99612 0.06792 0.02023 -0.99644 0.08182 0.02219 -0.99672 0.07786 0.05692 -0.99622 0.06562 0.00243 -0.99696 0.07793 0.02219 -0.99672 0.07786 0.02023 -0.99644 0.08182 0.00243 -0.99696 0.07793 0.00175 -0.99699 0.07753 0.02219 -0.99672 0.07786 -0.02210 -0.99672 0.07791 0.00175 -0.99699 0.07753 0.00243 -0.99696 0.07793 -0.02210 -0.99672 0.07791 -0.02513 -0.99641 0.08081 0.00175 -0.99699 0.07753 -0.05577 -0.99621 0.06677 -0.02513 -0.99641 0.08081 -0.02210 -0.99672 0.07791 -0.05577 -0.99621 0.06677 -0.05793 -0.99611 0.06643 -0.02513 -0.99641 0.08081 -0.07175 -0.99594 0.05436 -0.05793 -0.99611 0.06643 -0.05577 -0.99621 0.06677 -0.07175 -0.99594 0.05436 -0.07329 -0.99583 0.05426 -0.05793 -0.99611 0.06643 0.05750 0.99619 0.06561 0.07124 0.99602 0.05362 0.07280 0.99591 0.05351 0.05750 0.99619 0.06561 0.05534 0.99629 0.06595 0.07124 0.99602 0.05362 0.02496 0.99649 0.07990 0.05534 0.99629 0.06595 0.05750 0.99619 0.06561 0.02496 0.99649 0.07990 0.02194 0.99679 0.07702 0.05534 0.99629 0.06595 -0.00171 0.99706 0.07665 0.02194 0.99679 0.07702 0.02496 0.99649 0.07990 -0.00171 0.99706 0.07665 -0.00242 0.99703 0.07704 0.02194 0.99679 0.07702 -0.02202 0.99679 0.07699 -0.00242 0.99703 0.07704 -0.00171 0.99706 0.07665 -0.02202 0.99679 0.07699 -0.02010 0.99652 0.08092 -0.00242 0.99703 0.07704 -0.05652 0.99629 0.06486 -0.02010 0.99652 0.08092 -0.02202 0.99679 0.07699 -0.05652 0.99629 0.06486 -0.05554 0.99620 0.06713 -0.02010 0.99652 0.08092 -0.07094 0.99604 0.05364 -0.05554 0.99620 0.06713 -0.05652 0.99629 0.06486 -0.07094 0.99604 0.05364 -0.07100 0.99596 0.05496 -0.05554 0.99620 0.06713 -0.65849 0.00003 0.75259 -0.80423 0.00003 0.59432 -0.80423 0.00003 0.59432 -0.65849 0.00003 0.75259 -0.65849 0.00003 0.75259 -0.80423 0.00003 0.59432 -0.31404 0.00002 0.94941 -0.65849 0.00003 0.75259 -0.65849 0.00003 0.75259 -0.31404 0.00002 0.94941 -0.31401 0.00002 0.94942 -0.65849 0.00003 0.75259 -0.00023 0.00001 1.00000 -0.31401 0.00002 0.94942 -0.31404 0.00002 0.94941 -0.00023 0.00001 1.00000 -0.00021 0.00001 1.00000 -0.31401 0.00002 0.94942 0.31390 0.00000 0.94946 -0.00021 0.00001 1.00000 -0.00023 0.00001 1.00000 0.31390 0.00000 0.94946 0.31394 0.00000 0.94944 -0.00021 0.00001 1.00000 0.65835 -0.00001 0.75271 0.31394 0.00000 0.94944 0.31390 0.00000 0.94946 0.65835 -0.00001 0.75271 0.65840 -0.00001 0.75267 0.31394 0.00000 0.94944 0.80392 -0.00001 0.59473 0.65840 -0.00001 0.75267 0.65835 -0.00001 0.75271 0.80392 -0.00001 0.59473 0.80392 -0.00001 0.59473 0.65840 -0.00001 0.75267 0.05755 -0.99615 -0.06606 0.07140 -0.99599 -0.05398 0.07298 -0.99588 -0.05388 0.05755 -0.99615 -0.06606 0.05539 -0.99625 -0.06641 0.07140 -0.99599 -0.05398 0.02480 -0.99645 -0.08047 0.05539 -0.99625 -0.06641 0.05755 -0.99615 -0.06606 0.02480 -0.99645 -0.08047 0.02178 -0.99675 -0.07758 0.05539 -0.99625 -0.06641 -0.00204 -0.99701 -0.07721 0.02178 -0.99675 -0.07758 0.02480 -0.99645 -0.08047 -0.00204 -0.99701 -0.07721 -0.00276 -0.99698 -0.07759 0.02178 -0.99675 -0.07758 -0.02249 -0.99674 -0.07754 -0.00276 -0.99698 -0.07759 -0.00204 -0.99701 -0.07721 -0.02249 -0.99674 -0.07754 -0.02054 -0.99646 -0.08149 -0.00276 -0.99698 -0.07759 -0.05722 -0.99622 -0.06531 -0.02054 -0.99646 -0.08149 -0.02249 -0.99674 -0.07754 -0.05722 -0.99622 -0.06531 -0.05623 -0.99613 -0.06757 -0.02054 -0.99646 -0.08149 -0.07175 -0.99596 -0.05401 -0.05623 -0.99613 -0.06757 -0.05722 -0.99622 -0.06531 -0.07175 -0.99596 -0.05401 -0.07180 -0.99588 -0.05534 -0.05623 -0.99613 -0.06757 0.05582 0.99616 -0.06740 0.07124 0.99600 -0.05392 0.07129 0.99592 -0.05527 0.05582 0.99616 -0.06740 0.05680 0.99626 -0.06514 0.07124 0.99600 -0.05392 0.02039 0.99649 -0.08123 0.05680 0.99626 -0.06514 0.05582 0.99616 -0.06740 0.02039 0.99649 -0.08123 0.02234 0.99676 -0.07731 0.05680 0.99626 -0.06514 0.00273 0.99700 -0.07737 0.02234 0.99676 -0.07731 0.02039 0.99649 -0.08123 0.00273 0.99700 -0.07737 0.00206 0.99703 -0.07698 0.02234 0.99676 -0.07731 -0.02162 0.99677 -0.07736 0.00206 0.99703 -0.07698 0.00273 0.99700 -0.07737 -0.02162 0.99677 -0.07736 -0.02461 0.99647 -0.08023 0.00206 0.99703 -0.07698 -0.05502 0.99628 -0.06628 -0.02461 0.99647 -0.08023 -0.02162 0.99677 -0.07736 -0.05502 0.99628 -0.06628 -0.05715 0.99619 -0.06594 -0.02461 0.99647 -0.08023 -0.07089 0.99602 -0.05396 -0.05715 0.99619 -0.06594 -0.05502 0.99628 -0.06628 -0.07089 0.99602 -0.05396 -0.07242 0.99592 -0.05386 -0.05715 0.99619 -0.06594 -0.22031 0.00002 0.97543 -0.22026 0.00002 0.97544 -0.63883 0.00003 0.76935 -0.63883 0.00003 0.76935 -0.63883 0.00003 0.76935 -0.63883 0.00003 0.76935 -0.79052 0.00003 0.61243 -0.79052 0.00003 0.61243 0.71688 -0.00001 0.69719 0.71688 -0.00001 0.69719 0.71688 -0.00001 0.69719 -0.00007 0.00001 1.00000 -0.00008 0.00001 1.00000 -0.22026 0.00002 0.97544 -0.22031 0.00002 0.97543 0.22017 0.00001 0.97546 0.22024 0.00001 0.97545 -0.00008 0.00001 1.00000 -0.00007 0.00001 1.00000 0.63879 -0.00001 0.76938 0.63885 -0.00001 0.76933 0.22024 0.00001 0.97545 0.22017 0.00001 0.97546 0.79052 -0.00001 0.61243 0.63885 -0.00001 0.76933 0.63879 -0.00001 0.76938 -0.71689 0.00003 0.69719 -0.71689 0.00003 0.69719 -0.71689 0.00003 0.69719 -0.22030 -0.00001 -0.97543 -0.63885 0.00001 -0.76933 -0.63880 0.00001 -0.76938 -0.22022 -0.00001 -0.97545 -0.63885 0.00001 -0.76933 -0.79052 0.00001 -0.61243 -0.79052 0.00001 -0.61243 -0.63880 0.00001 -0.76938 0.71720 -0.00003 -0.69687 0.71720 -0.00003 -0.69687 0.71720 -0.00003 -0.69687 -0.00004 -0.00001 -1.00000 -0.22030 -0.00001 -0.97543 -0.22022 -0.00001 -0.97545 -0.00004 -0.00001 -1.00000 0.22020 -0.00002 -0.97545 -0.00004 -0.00001 -1.00000 -0.00004 -0.00001 -1.00000 0.22026 -0.00002 -0.97544 0.63883 -0.00003 -0.76935 0.22020 -0.00002 -0.97545 0.22026 -0.00002 -0.97544 0.63883 -0.00003 -0.76935 0.79052 -0.00003 -0.61244 0.63883 -0.00003 -0.76935 0.63883 -0.00003 -0.76935 0.79052 -0.00003 -0.61244 -0.71720 0.00001 -0.69687 -0.71720 0.00001 -0.69687 -0.71720 0.00001 -0.69687</float_array>
     <technique_common>
      <accessor count="275" source="#realb10_4-lib-normals-array" stride="3">
       <param name="X" type="float"/>
       <param name="Y" type="float"/>
       <param name="Z" type="float"/>
      </accessor>
     </technique_common>
    </source>
    <source id="realb10_4-lib-texcoords">
     <float_array id="realb10_4-lib-texcoords-array" count="560">0.77539 -2.09961 0.96289 -3.00195 0.77148 -2.98828 0.77539 -2.09961 0.96484 -2.11328 0.96289 -3.00195 0.77539 -0.69141 0.96484 -2.11328 0.77539 -2.09961 0.77539 -0.69141 0.96094 -0.68164 0.96484 -2.11328 0.78711 0.66602 0.96094 -0.68164 0.77539 -0.69141 0.78711 0.66602 0.97852 0.65820 0.96094 -0.68164 0.77539 -0.69141 0.97852 0.65820 0.78711 0.66602 0.77539 -0.69141 0.96094 -0.68164 0.97852 0.65820 0.77539 -2.09961 0.96094 -0.68164 0.77539 -0.69141 0.77539 -2.09961 0.96484 -2.11328 0.96094 -0.68164 0.77148 -2.98828 0.96484 -2.11328 0.77539 -2.09961 0.77148 -2.98828 0.96289 -3.00195 0.96484 -2.11328 -0.70898 -1.84961 -0.24023 -3.00586 -0.70898 -3.00000 -0.70898 -1.84961 -0.24023 -1.84375 -0.24023 -3.00586 -0.70898 -0.28516 -0.24023 -1.84375 -0.70898 -1.84961 -0.70898 -0.28516 -0.24023 -0.28906 -0.24023 -1.84375 -0.70898 1.73438 -0.24023 -0.28906 -0.70898 -0.28516 -0.70898 1.73438 -0.24023 1.73242 -0.24023 -0.28906 -0.70898 -0.28516 -0.24023 1.73242 -0.70898 1.73438 -0.70898 -0.28516 -0.24023 -0.28906 -0.24023 1.73242 -0.70898 -1.84961 -0.24023 -0.28906 -0.70898 -0.28516 -0.70898 -1.84961 -0.24023 -1.84375 -0.24023 -0.28906 -0.70898 -3.00000 -0.24023 -1.84375 -0.70898 -1.84961 -0.70898 -3.00000 -0.24023 -3.00586 -0.24023 -1.84375 -0.24023 -1.84375 -0.70898 -3.00000 -0.24023 -3.00586 -0.24023 -1.84375 -0.70898 -1.84961 -0.70898 -3.00000 -0.24023 -0.28906 -0.70898 -1.84961 -0.24023 -1.84375 -0.24023 -0.28906 -0.70898 -0.28516 -0.70898 -1.84961 -0.24023 1.73242 -0.70898 -0.28516 -0.24023 -0.28906 -0.24023 1.73242 -0.70898 1.73438 -0.70898 -0.28516 -0.24023 -0.28906 -0.70898 1.73438 -0.24023 1.73242 -0.24023 -0.28906 -0.70898 -0.28516 -0.70898 1.73438 -0.24023 -1.84375 -0.70898 -0.28516 -0.24023 -0.28906 -0.24023 -1.84375 -0.70898 -1.84961 -0.70898 -0.28516 -0.24023 -3.00586 -0.70898 -1.84961 -0.24023 -1.84375 -0.24023 -3.00586 -0.70898 -3.00000 -0.70898 -1.84961 0.96484 -2.11328 0.77148 -2.98828 0.96289 -3.00195 0.96484 -2.11328 0.77539 -2.09961 0.77148 -2.98828 0.96094 -0.68164 0.77539 -2.09961 0.96484 -2.11328 0.96094 -0.68164 0.77539 -0.69141 0.77539 -2.09961 0.97852 0.65820 0.77539 -0.69141 0.96094 -0.68164 0.97852 0.65820 0.78711 0.66602 0.77539 -0.69141 0.96094 -0.68164 0.78711 0.66602 0.97852 0.65820 0.96094 -0.68164 0.77539 -0.69141 0.78711 0.66602 0.96484 -2.11328 0.77539 -0.69141 0.96094 -0.68164 0.96484 -2.11328 0.77539 -2.09961 0.77539 -0.69141 0.96289 -3.00195 0.77539 -2.09961 0.96484 -2.11328 0.96289 -3.00195 0.77148 -2.98828 0.77539 -2.09961 -0.24023 -1.84375 -0.70898 -3.00000 -0.24023 -3.00586 -0.24023 -1.84375 -0.70898 -1.84961 -0.70898 -3.00000 -0.24023 -0.28906 -0.70898 -1.84961 -0.24023 -1.84375 -0.24023 -0.28906 -0.70898 -0.28516 -0.70898 -1.84961 -0.24023 1.73242 -0.70898 -0.28516 -0.24023 -0.28906 -0.24023 1.73242 -0.70898 1.73438 -0.70898 -0.28516 -0.24023 -0.28906 -0.70898 1.73438 -0.24023 1.73242 -0.24023 -0.28906 -0.70898 -0.28516 -0.70898 1.73438 -0.24023 -1.84375 -0.70898 -0.28516 -0.24023 -0.28906 -0.24023 -1.84375 -0.70898 -1.84961 -0.70898 -0.28516 -0.24023 -3.00586 -0.70898 -1.84961 -0.24023 -1.84375 -0.24023 -3.00586 -0.70898 -3.00000 -0.70898 -1.84961 -0.70898 -1.84961 -0.24023 -3.00586 -0.70898 -3.00000 -0.70898 -1.84961 -0.24023 -1.84375 -0.24023 -3.00586 -0.70898 -0.28516 -0.24023 -1.84375 -0.70898 -1.84961 -0.70898 -0.28516 -0.24023 -0.28906 -0.24023 -1.84375 -0.70898 1.73438 -0.24023 -0.28906 -0.70898 -0.28516 -0.70898 1.73438 -0.24023 1.73242 -0.24023 -0.28906 -0.70898 -0.28516 -0.24023 1.73242 -0.70898 1.73438 -0.70898 -0.28516 -0.24023 -0.28906 -0.24023 1.73242 -0.70898 -1.84961 -0.24023 -0.28906 -0.70898 -0.28516 -0.70898 -1.84961 -0.24023 -1.84375 -0.24023 -0.28906 -0.70898 -3.00000 -0.24023 -1.84375 -0.70898 -1.84961 -0.70898 -3.00000 -0.24023 -3.00586 -0.24023 -1.84375 -0.70898 -0.28516 -0.70898 -0.28516 -0.70898 -1.84961 -0.70898 -1.84961 -0.70898 -1.84961 -0.70898 -1.84961 -0.70898 -3.00000 -0.70898 -3.00000 -0.70898 -3.00000 -0.70898 -2.99805 -0.22656 -2.99805 -0.22852 -3.00000 -0.70898 1.73438 -0.70898 1.73438 -0.70898 -0.28516 -0.70898 -0.28516 -0.70898 -0.28516 -0.70898 -0.28516 -0.70898 1.73438 -0.70898 1.73438 -0.70898 -1.84961 -0.70898 -1.84961 -0.70898 -0.28516 -0.70898 -0.28516 -0.70898 -3.00000 -0.70898 -3.00000 -0.70898 -1.84961 -0.70898 -1.84961 -0.24023 -3.00586 -0.24023 -3.00586 -0.70898 -3.00000 -0.70898 -3.00000 -0.70898 -0.28516 -0.70898 -1.84961 -0.70898 -1.84961 -0.70898 -0.28516 -0.70898 -1.84961 -0.70898 -3.00000 -0.70898 -3.00000 -0.70898 -1.84961 -0.71094 -3.00000 -0.23633 -3.00000 -0.23828 -3.00000 -0.70898 -2.99805 -0.70898 1.73438 -0.70898 -0.28516 -0.70898 -0.28516 -0.70898 1.73438 -0.70898 -0.28516 -0.70898 1.73438 -0.70898 1.73438 -0.70898 -0.28516 -0.70898 -1.84961 -0.70898 -0.28516 -0.70898 -0.28516 -0.70898 -1.84961 -0.70898 -3.00000 -0.70898 -1.84961 -0.70898 -1.84961 -0.70898 -3.00000 -0.24023 -3.00586 -0.70898 -3.00000 -0.70898 -3.00000 -0.24023 -3.00586</float_array>
     <technique_common>
      <accessor count="280" offset="0" source="#realb10_4-lib-texcoords-array" stride="2">
       <param name="U" type="float"/>
       <param name="V" type="float"/>
      </accessor>
     </technique_common>
    </source>
    <vertices id="realb10_4-lib-vertices">
     <input semantic="POSITION" source="#realb10_4-lib-positions"/>
    </vertices>
    <polylist count="88" material="mat9.png">
     <input offset="0" semantic="VERTEX" source="#realb10_4-lib-vertices"/>
     <input offset="1" semantic="NORMAL" source="#realb10_4-lib-normals"/>
     <input offset="2" semantic="TEXCOORD" source="#realb10_4-lib-texcoords"/>
     <vcount>3 3 3 3 3 3 3 3 3 3 3 3 3 3 3 3 3 3 3 3 3 3 3 3 3 3 3 3 3 3 3 3 3 3 3 3 3 3 3 3 3 3 3 3 3 3 3 3 3 3 3 3 3 3 3 3 3 3 3 3 3 3 3 3 3 3 3 3 3 3 3 3 4 4 4 4 4 4 4 4 4 4 4 4 4 4 4 4</vcount>
     <p>2 2 2 1 1 1 0 0 0 1 5 5 3 4 4 0 3 3 0 8 8 3 7 7 4 6 6 3 11 11 5 10 10 4 9 9 4 14 14 5 13 13 6 12 12 5 17 17 7 16 16 6 15 15 6 20 20 7 19 19 8 18 18 7 23 23 9 22 22 8 21 21 8 26 26 9 25 25 10 24 24 9 29 29 11 28 28 10 27 27 10 32 32 11 31 31 12 30 30 11 35 35 13 34 34 12 33 33 15 38 38 2 37 37 14 36 36 2 41 41 0 40 40 14 39 39 14 44 44 0 43 43 16 42 42 0 47 47 4 46 46 16 45 45 16 50 50 4 49 49 17 48 48 4 53 53 6 52 52 17 51 51 17 56 56 6 55 55 18 54 54 6 59 59 8 58 58 18 57 57 18 62 62 8 61 61 19 60 60 8 65 65 10 64 64 19 63 63 19 68 68 10 67 67 20 66 66 10 71 71 12 70 70 20 69 69 1 74 74 21 73 73 3 72 72 21 77 77 22 76 76 3 75 75 3 80 80 22 79 79 5 78 78 22 83 83 23 82 82 5 81 81 5 86 86 23 85 85 7 84 84 23 89 89 24 88 88 7 87 87 7 92 92 24 91 91 9 90 90 24 95 95 25 94 94 9 93 93 9 98 98 25 97 97 11 96 96 25 101 101 26 100 100 11 99 99 11 104 104 26 103 103 13 102 102 26 107 107 27 106 106 13 105 105 30 110 110 29 109 109 28 108 108 29 113 113 31 112 112 28 111 111 28 116 116 31 115 115 32 114 114 31 119 119 33 118 118 32 117 117 32 122 122 33 121 121 34 120 120 33 125 125 35 124 124 34 123 123 34 128 128 35 127 127 36 126 126 35 131 131 37 130 130 36 129 129 36 134 134 37 133 133 38 132 132 37 137 137 39 136 136 38 135 135 38 140 140 39 139 139 40 138 138 39 143 143 41 142 142 40 141 141 29 146 146 42 145 145 31 144 144 42 149 149 43 148 148 31 147 147 31 152 152 43 151 151 33 150 150 43 155 155 44 154 154 33 153 153 33 158 158 44 157 157 35 156 156 44 161 161 45 160 160 35 159 159 35 164 164 45 163 163 37 162 162 45 167 167 46 166 166 37 165 165 37 170 170 46 169 169 39 168 168 46 173 173 47 172 172 39 171 171 39 176 176 47 175 175 41 174 174 47 179 179 48 178 178 41 177 177 50 182 182 30 181 181 49 180 180 30 185 185 28 184 184 49 183 183 49 188 188 28 187 187 51 186 186 28 191 191 32 190 190 51 189 189 51 194 194 32 193 193 52 192 192 32 197 197 34 196 196 52 195 195 52 200 200 34 199 199 53 198 198 34 203 203 36 202 202 53 201 201 53 206 206 36 205 205 54 204 204 36 209 209 38 208 208 54 207 207 54 212 212 38 211 211 55 210 210 38 215 215 40 214 214 55 213 213 19 219 219 26 218 218 25 217 217 18 216 216 20 223 223 27 222 222 26 221 221 19 220 220 12 226 227 13 226 226 27 225 225 20 224 224 18 230 231 25 229 230 24 228 229 17 227 228 17 234 235 24 233 234 23 232 233 16 231 232 16 238 239 23 237 238 22 236 237 14 235 236 14 241 243 22 240 242 21 239 241 15 239 240 15 244 247 21 243 246 1 243 245 2 242 244 53 248 251 54 247 250 47 246 249 46 245 248 54 252 255 55 251 254 48 250 253 47 249 252 55 255 259 40 254 258 41 254 257 48 253 256 52 259 263 53 258 262 46 257 261 45 256 260 51 263 267 52 262 266 45 261 265 44 260 264 49 267 271 51 266 270 44 265 269 43 264 268 50 271 275 49 270 274 43 269 273 42 268 272 30 274 279 50 273 278 42 273 277 29 272 276</p>
    </polylist>
   </mesh>
  </geometry>
  <geometry id="realb10_5-lib" name="realb10_5">
   <mesh>
    <source id="realb10_5-lib-positions" name="position">
     <float_array id="realb10_5-lib-positions-array" count="108">6.41837 32.01047 -1.55135 3.53785 32.64299 -2.06400 5.63784 33.55370 -1.25862 4.69938 31.39848 -2.32288 7.10595 30.11016 -1.90368 5.05256 29.65747 -2.63508 6.96759 26.62921 -2.49114 4.75609 27.41192 -3.00431 5.38673 23.94587 -2.85340 3.71510 25.38927 -3.30596 1.89686 21.61832 -3.13846 0.74801 23.74432 -3.46706 6.38197 32.26016 -2.95437 5.60144 33.80171 -2.65646 7.07200 30.36586 -3.33230 6.93120 26.88527 -3.91735 5.36500 24.23432 -4.24500 1.86047 21.87438 -4.56467 -4.70737 31.39824 -2.32231 -5.64634 33.55197 -1.25771 -3.54712 32.64162 -2.06339 -6.42588 32.01191 -1.55083 -5.06219 29.65758 -2.63451 -7.11524 30.10986 -1.90281 -4.76539 27.41174 -3.00373 -6.97528 26.62877 -2.49027 -3.72387 25.38807 -3.30535 -5.39696 23.94631 -2.85285 -0.75590 23.74264 -3.46672 -1.90685 21.61776 -3.13816 -5.61194 33.80236 -2.65591 -6.38903 32.26157 -2.95385 -7.08084 30.36553 -3.33143 -6.94087 26.88480 -3.91648 -5.37475 24.23473 -4.24444 -1.87000 21.87379 -4.56436</float_array>
     <technique_common>
      <accessor count="36" source="#realb10_5-lib-positions-array" stride="3">
       <param name="X" type="float"/>
       <param name="Y" type="float"/>
       <param name="Z" type="float"/>
      </accessor>
     </technique_common>
    </source>
    <source id="realb10_5-lib-normals" name="normal">
     <float_array id="realb10_5-lib-normals-array" count="576">-0.27251 -0.30985 0.91090 -0.23892 -0.35575 0.90353 -0.22939 -0.29213 0.92846 -0.27251 -0.30985 0.91090 -0.27110 -0.33551 0.90218 -0.23892 -0.35575 0.90353 -0.29988 -0.20525 0.93164 -0.27110 -0.33551 0.90218 -0.27251 -0.30985 0.91090 -0.29988 -0.20525 0.93164 -0.28658 -0.17566 0.94181 -0.27110 -0.33551 0.90218 -0.25482 -0.06555 0.96476 -0.28658 -0.17566 0.94181 -0.29988 -0.20525 0.93164 -0.25482 -0.06555 0.96476 -0.25394 -0.06222 0.96522 -0.28658 -0.17566 0.94181 -0.20572 0.05653 0.97698 -0.25394 -0.06222 0.96522 -0.25482 -0.06555 0.96476 -0.20572 0.05653 0.97698 -0.20317 0.05578 0.97755 -0.25394 -0.06222 0.96522 -0.12642 0.10477 0.98643 -0.20317 0.05578 0.97755 -0.20572 0.05653 0.97698 -0.12642 0.10477 0.98643 -0.10661 0.09536 0.98972 -0.20317 0.05578 0.97755 0.91989 0.38955 0.04539 0.89511 0.44240 0.05533 0.89506 0.44252 0.05521 0.91989 0.38955 0.04539 0.91998 0.38928 0.04588 0.89511 0.44240 0.05533 0.98832 0.15235 0.00331 0.91998 0.38928 0.04588 0.91989 0.38955 0.04539 0.98832 0.15235 0.00331 0.98845 0.15149 0.00340 0.91998 0.38928 0.04588 0.96016 -0.26981 -0.07271 0.98845 0.15149 0.00340 0.98832 0.15235 0.00331 0.96016 -0.26981 -0.07271 0.95847 -0.27525 -0.07460 0.98845 0.15149 0.00340 0.73382 -0.66300 -0.14814 0.95847 -0.27525 -0.07460 0.96016 -0.26981 -0.07271 0.73382 -0.66300 -0.14814 0.72505 -0.67242 -0.14883 0.95847 -0.27525 -0.07460 0.55757 -0.81380 -0.16384 0.72505 -0.67242 -0.14883 0.73382 -0.66300 -0.14814 0.55757 -0.81380 -0.16384 0.55671 -0.81505 -0.16054 0.72505 -0.67242 -0.14883 -0.34085 0.03026 -0.93963 -0.31021 -0.01550 -0.95054 -0.25599 -0.03799 -0.96593 -0.34085 0.03026 -0.93963 -0.35818 0.03700 -0.93292 -0.31021 -0.01550 -0.95054 -0.37554 0.14462 -0.91545 -0.35818 0.03700 -0.93292 -0.34085 0.03026 -0.93963 -0.37554 0.14462 -0.91545 -0.35389 0.11737 -0.92789 -0.35818 0.03700 -0.93292 -0.33410 0.23711 -0.91223 -0.35389 0.11737 -0.92789 -0.37554 0.14462 -0.91545 -0.33410 0.23711 -0.91223 -0.32817 0.23237 -0.91559 -0.35389 0.11737 -0.92789 -0.24938 0.37090 -0.89456 -0.32817 0.23237 -0.91559 -0.33410 0.23711 -0.91223 -0.24938 0.37090 -0.89456 -0.25626 0.35643 -0.89849 -0.32817 0.23237 -0.91559 -0.19387 0.41659 -0.88818 -0.25626 0.35643 -0.89849 -0.24938 0.37090 -0.89456 -0.19387 0.41659 -0.88818 -0.19365 0.40840 -0.89203 -0.25626 0.35643 -0.89849 0.27882 -0.29256 0.91470 0.24662 -0.34090 0.90717 0.19024 -0.36713 0.91051 0.27882 -0.29256 0.91470 0.29340 -0.28627 0.91212 0.24662 -0.34090 0.90717 0.30642 -0.17390 0.93588 0.29340 -0.28627 0.91212 0.27882 -0.29256 0.91470 0.30642 -0.17390 0.93588 0.28069 -0.20696 0.93722 0.29340 -0.28627 0.91212 0.26096 -0.08114 0.96193 0.28069 -0.20696 0.93722 0.30642 -0.17390 0.93588 0.26096 -0.08114 0.96193 0.25807 -0.07607 0.96313 0.28069 -0.20696 0.93722 0.18807 0.07777 0.97907 0.25807 -0.07607 0.96313 0.26096 -0.08114 0.96193 0.18807 0.07777 0.97907 0.19527 0.06555 0.97856 0.25807 -0.07607 0.96313 0.13480 0.10072 0.98574 0.19527 0.06555 0.97856 0.18807 0.07777 0.97907 0.13480 0.10072 0.98574 0.13416 0.08006 0.98772 0.19527 0.06555 0.97856 -0.92018 0.38884 0.04546 -0.89538 0.44173 0.05621 -0.89510 0.44219 0.05716 -0.92018 0.38884 0.04546 -0.92026 0.38865 0.04546 -0.89538 0.44173 0.05621 -0.98832 0.15235 0.00299 -0.92026 0.38865 0.04546 -0.92018 0.38884 0.04546 -0.98832 0.15235 0.00299 -0.98819 0.15321 0.00361 -0.92026 0.38865 0.04546 -0.95878 -0.27476 -0.07245 -0.98819 0.15321 0.00361 -0.98832 0.15235 0.00299 -0.95878 -0.27476 -0.07245 -0.96042 -0.26898 -0.07238 -0.98819 0.15321 0.00361 -0.72295 -0.67433 -0.15037 -0.96042 -0.26898 -0.07238 -0.95878 -0.27476 -0.07245 -0.72295 -0.67433 -0.15037 -0.73172 -0.66539 -0.14778 -0.96042 -0.26898 -0.07238 -0.56042 -0.81186 -0.16374 -0.73172 -0.66539 -0.14778 -0.72295 -0.67433 -0.15037 -0.56042 -0.81186 -0.16374 -0.56150 -0.81181 -0.16024 -0.73172 -0.66539 -0.14778 0.33693 0.01819 -0.94135 0.30257 -0.03049 -0.95264 0.29439 0.03619 -0.95500 0.33693 0.01819 -0.94135 0.33644 -0.01152 -0.94163 0.30257 -0.03049 -0.95264 0.36918 0.11530 -0.92218 0.33644 -0.01152 -0.94163 0.33693 0.01819 -0.94135 0.36918 0.11530 -0.92218 0.35836 0.14236 -0.92266 0.33644 -0.01152 -0.94163 0.33256 0.23914 -0.91226 0.35836 0.14236 -0.92266 0.36918 0.11530 -0.92218 0.33256 0.23914 -0.91226 0.32403 0.24551 -0.91363 0.35836 0.14236 -0.92266 0.26142 0.35601 -0.89717 0.32403 0.24551 -0.91363 0.33256 0.23914 -0.91226 0.26142 0.35601 -0.89717 0.25122 0.36260 -0.89745 0.32403 0.24551 -0.91363 0.19022 0.41850 -0.88807 0.25122 0.36260 -0.89745 0.26142 0.35601 -0.89717 0.19022 0.41850 -0.88807 0.18173 0.41521 -0.89139 0.25122 0.36260 -0.89745 -0.44565 0.87937 0.16763 -0.44565 0.87937 0.16763 -0.44565 0.87937 0.16763 -0.87376 -0.48210 -0.06426 -0.87376 -0.48210 -0.06426 -0.87376 -0.48210 -0.06426 0.44587 0.87911 0.16840 0.44587 0.87911 0.16840 0.44587 0.87911 0.16840 0.87330 -0.48294 -0.06413 0.87330 -0.48294 -0.06413 0.87330 -0.48294 -0.06413</float_array>
     <technique_common>
      <accessor count="192" source="#realb10_5-lib-normals-array" stride="3">
       <param name="X" type="float"/>
       <param name="Y" type="float"/>
       <param name="Z" type="float"/>
      </accessor>
     </technique_common>
    </source>
    <source id="realb10_5-lib-texcoords">
     <float_array id="realb10_5-lib-texcoords-array" count="384">0.75391 4.43164 0.28711 5.96875 0.75391 5.97266 0.75391 4.43164 0.28711 4.42969 0.28711 5.96875 0.75391 3.00195 0.28711 4.42969 0.75391 4.43164 0.75391 3.00195 0.28711 3.00195 0.28711 4.42969 0.75391 1.29688 0.28711 3.00195 0.75391 3.00195 0.75391 1.29688 0.28711 1.29883 0.28711 3.00195 0.75391 -0.28125 0.28711 1.29883 0.75391 1.29688 0.75391 -0.28125 0.28711 -0.27734 0.28711 1.29883 0.75391 -2.98438 0.28711 -0.27734 0.75391 -0.28125 0.75391 -2.98438 0.28711 -2.97852 0.28711 -0.27734 0.99609 5.05469 0.80859 5.97656 1.00000 5.96289 0.99609 5.05469 0.80469 5.06836 0.80859 5.97656 0.98828 3.88086 0.80469 5.06836 0.99609 5.05469 0.98828 3.88086 0.79883 3.89258 0.80469 5.06836 0.97852 1.45312 0.79883 3.89258 0.98828 3.88086 0.97852 1.45312 0.78711 1.46680 0.79883 3.89258 0.96094 -0.67383 0.78711 1.46680 0.97852 1.45312 0.96094 -0.67383 0.77539 -0.69141 0.78711 1.46680 0.96289 -3.00195 0.77539 -0.69141 0.96094 -0.67383 0.96289 -3.00195 0.77148 -2.98828 0.77539 -0.69141 -0.70898 4.44531 -0.24023 5.99805 -0.70898 5.99414 -0.70898 4.44531 -0.24023 4.44922 -0.24023 5.99805 -0.70898 3.01172 -0.24023 4.44922 -0.70898 4.44531 -0.70898 3.01172 -0.24023 3.00977 -0.24023 4.44922 -0.70898 1.29883 -0.24023 3.00977 -0.70898 3.01172 -0.70898 1.29883 -0.24023 1.29688 -0.24023 3.00977 -0.70898 -0.28516 -0.24023 1.29688 -0.70898 1.29883 -0.70898 -0.28516 -0.24023 -0.28906 -0.24023 1.29688 -0.70898 -3.00000 -0.24023 -0.28906 -0.70898 -0.28516 -0.70898 -3.00000 -0.24023 -3.00586 -0.24023 -0.28906 0.28711 4.42969 0.75391 5.97266 0.28711 5.96875 0.28711 4.42969 0.75391 4.43164 0.75391 5.97266 0.28711 3.00195 0.75391 4.43164 0.28711 4.42969 0.28711 3.00195 0.75391 3.00195 0.75391 4.43164 0.28711 1.29883 0.75391 3.00195 0.28711 3.00195 0.28711 1.29883 0.75391 1.29688 0.75391 3.00195 0.28711 -0.27734 0.75391 1.29688 0.28711 1.29883 0.28711 -0.27734 0.75391 -0.28125 0.75391 1.29688 0.28711 -2.97852 0.75391 -0.28125 0.28711 -0.27734 0.28711 -2.97852 0.75391 -2.98438 0.75391 -0.28125 0.80469 5.06836 1.00000 5.96289 0.80859 5.97656 0.80469 5.06836 0.99609 5.05469 1.00000 5.96289 0.79883 3.89258 0.99609 5.05469 0.80469 5.06836 0.79883 3.89258 0.98828 3.88086 0.99609 5.05469 0.78711 1.46680 0.98828 3.88086 0.79883 3.89258 0.78711 1.46680 0.97852 1.45312 0.98828 3.88086 0.77539 -0.69141 0.97852 1.45312 0.78711 1.46680 0.77539 -0.69141 0.96094 -0.67383 0.97852 1.45312 0.77148 -2.98828 0.96094 -0.67383 0.77539 -0.69141 0.77148 -2.98828 0.96289 -3.00195 0.96094 -0.67383 -0.24023 4.44922 -0.70898 5.99414 -0.24023 5.99805 -0.24023 4.44922 -0.70898 4.44531 -0.70898 5.99414 -0.24023 3.00977 -0.70898 4.44531 -0.24023 4.44922 -0.24023 3.00977 -0.70898 3.01172 -0.70898 4.44531 -0.24023 1.29688 -0.70898 3.01172 -0.24023 3.00977 -0.24023 1.29688 -0.70898 1.29883 -0.70898 3.01172 -0.24023 -0.28906 -0.70898 1.29883 -0.24023 1.29688 -0.24023 -0.28906 -0.70898 -0.28516 -0.70898 1.29883 -0.24023 -3.00586 -0.70898 -0.28516 -0.24023 -0.28906 -0.24023 -3.00586 -0.70898 -3.00000 -0.70898 -0.28516 0.73438 -0.06836 0.73438 -0.02148 0.31055 -0.04492 0.31055 -0.04492 0.73438 -0.02148 0.73438 -0.06836 0.73438 -0.02148 0.73438 -0.06836 0.31055 -0.04492 0.73438 -0.02148 0.31055 -0.04492 0.73438 -0.06836</float_array>
     <technique_common>
      <accessor count="192" offset="0" source="#realb10_5-lib-texcoords-array" stride="2">
       <param name="U" type="float"/>
       <param name="V" type="float"/>
      </accessor>
     </technique_common>
    </source>
    <vertices id="realb10_5-lib-vertices">
     <input semantic="POSITION" source="#realb10_5-lib-positions"/>
    </vertices>
    <polylist count="64" material="mat9.png">
     <input offset="0" semantic="VERTEX" source="#realb10_5-lib-vertices"/>
     <input offset="1" semantic="NORMAL" source="#realb10_5-lib-normals"/>
     <input offset="2" semantic="TEXCOORD" source="#realb10_5-lib-texcoords"/>
     <vcount>3 3 3 3 3 3 3 3 3 3 3 3 3 3 3 3 3 3 3 3 3 3 3 3 3 3 3 3 3 3 3 3 3 3 3 3 3 3 3 3 3 3 3 3 3 3 3 3 3 3 3 3 3 3 3 3 3 3 3 3 3 3 3 3</vcount>
     <p>2 2 2 1 1 1 0 0 0 1 5 5 3 4 4 0 3 3 0 8 8 3 7 7 4 6 6 3 11 11 5 10 10 4 9 9 4 14 14 5 13 13 6 12 12 5 17 17 7 16 16 6 15 15 6 20 20 7 19 19 8 18 18 7 23 23 9 22 22 8 21 21 8 26 26 9 25 25 10 24 24 9 29 29 11 28 28 10 27 27 13 32 32 2 31 31 12 30 30 2 35 35 0 34 34 12 33 33 12 38 38 0 37 37 14 36 36 0 41 41 4 40 40 14 39 39 14 44 44 4 43 43 15 42 42 4 47 47 6 46 46 15 45 45 15 50 50 6 49 49 16 48 48 6 53 53 8 52 52 16 51 51 16 56 56 8 55 55 17 54 54 8 59 59 10 58 58 17 57 57 1 62 62 13 61 61 3 60 60 13 65 65 12 64 64 3 63 63 3 68 68 12 67 67 5 66 66 12 71 71 14 70 70 5 69 69 5 74 74 14 73 73 7 72 72 14 77 77 15 76 76 7 75 75 7 80 80 15 79 79 9 78 78 15 83 83 16 82 82 9 81 81 9 86 86 16 85 85 11 84 84 16 89 89 17 88 88 11 87 87 20 92 92 19 91 91 18 90 90 19 95 95 21 94 94 18 93 93 18 98 98 21 97 97 22 96 96 21 101 101 23 100 100 22 99 99 22 104 104 23 103 103 24 102 102 23 107 107 25 106 106 24 105 105 24 110 110 25 109 109 26 108 108 25 113 113 27 112 112 26 111 111 26 116 116 27 115 115 28 114 114 27 119 119 29 118 118 28 117 117 19 122 122 30 121 121 21 120 120 30 125 125 31 124 124 21 123 123 21 128 128 31 127 127 23 126 126 31 131 131 32 130 130 23 129 129 23 134 134 32 133 133 25 132 132 32 137 137 33 136 136 25 135 135 25 140 140 33 139 139 27 138 138 33 143 143 34 142 142 27 141 141 27 146 146 34 145 145 29 144 144 34 149 149 35 148 148 29 147 147 30 152 152 20 151 151 31 150 150 20 155 155 18 154 154 31 153 153 31 158 158 18 157 157 32 156 156 18 161 161 22 160 160 32 159 159 32 164 164 22 163 163 33 162 162 22 167 167 24 166 166 33 165 165 33 170 170 24 169 169 34 168 168 24 173 173 26 172 172 34 171 171 34 176 176 26 175 175 35 174 174 26 179 179 28 178 178 35 177 177 1 182 182 2 181 181 13 180 180 17 185 185 10 184 184 11 183 183 20 188 188 30 187 187 19 186 186 35 191 191 28 190 190 29 189 189</p>
    </polylist>
   </mesh>
  </geometry>
  <geometry id="realb10_6-lib" name="realb10_6">
   <mesh>
    <source id="realb10_6-lib-positions" name="position">
     <float_array id="realb10_6-lib-positions-array" count="18">-0.83252 0.29419 10.93750 -0.83252 0.29419 -10.93750 0.83252 0.29419 -10.93750 0.83252 0.29419 10.93750 0.00244 -0.76294 10.48584 0.00244 -0.76294 -10.86914</float_array>
     <technique_common>
      <accessor count="6" source="#realb10_6-lib-positions-array" stride="3">
       <param name="X" type="float"/>
       <param name="Y" type="float"/>
       <param name="Z" type="float"/>
      </accessor>
     </technique_common>
    </source>
    <source id="realb10_6-lib-normals" name="normal">
     <float_array id="realb10_6-lib-normals-array" count="21">0.00000 1.00000 0.00000 -0.78474 -0.61982 0.00000 -0.78474 -0.61982 0.00000 -0.78474 -0.61982 0.00000 -0.78474 -0.61982 0.00000 0.78651 -0.61758 0.00000 0.78651 -0.61758 0.00000</float_array>
     <technique_common>
      <accessor count="7" source="#realb10_6-lib-normals-array" stride="3">
       <param name="X" type="float"/>
       <param name="Y" type="float"/>
       <param name="Z" type="float"/>
      </accessor>
     </technique_common>
    </source>
    <source id="realb10_6-lib-texcoords">
     <float_array id="realb10_6-lib-texcoords-array" count="24">0.09180 -0.57617 0.09180 -0.53320 0.15234 -0.53320 0.15234 -0.57617 0.09180 -0.57617 0.09180 -0.57617 0.09180 -0.53320 0.09180 -0.53320 0.15234 -0.53320 0.15234 -0.53320 0.15234 -0.57617 0.15234 -0.57617</float_array>
     <technique_common>
      <accessor count="12" offset="0" source="#realb10_6-lib-texcoords-array" stride="2">
       <param name="U" type="float"/>
       <param name="V" type="float"/>
      </accessor>
     </technique_common>
    </source>
    <vertices id="realb10_6-lib-vertices">
     <input semantic="POSITION" source="#realb10_6-lib-positions"/>
    </vertices>
    <polylist count="3" material="mat4.png">
     <input offset="0" semantic="VERTEX" source="#realb10_6-lib-vertices"/>
     <input offset="1" semantic="NORMAL" source="#realb10_6-lib-normals"/>
     <input offset="2" semantic="TEXCOORD" source="#realb10_6-lib-texcoords"/>
     <vcount>4 4 4</vcount>
     <p>3 0 3 2 0 2 1 0 1 0 0 0 1 4 7 5 3 6 4 2 5 0 1 4 3 6 11 4 6 10 5 6 9 2 5 8</p>
    </polylist>
   </mesh>
  </geometry>
  <geometry id="realb10_7-lib" name="realb10_7">
   <mesh>
    <source id="realb10_7-lib-positions" name="position">
     <float_array id="realb10_7-lib-positions-array" count="168">-7.42920 -1.09985 -12.61230 -9.69482 0.64819 -9.55078 -9.69482 -1.09985 -9.55078 -7.42920 0.64819 -12.61230 -3.18603 -1.09985 -14.94873 -3.18603 0.64819 -14.94873 0.00000 -1.09985 -15.38330 0.00000 0.64819 -15.38330 3.19580 -1.09985 -14.94873 3.19580 0.64819 -14.94873 7.44141 -1.09985 -12.61230 7.44141 0.64819 -12.61230 9.70703 -1.09985 -9.55078 9.70703 0.64819 -9.55078 -4.81690 -0.76294 -9.75830 -7.06787 -0.76294 -6.85059 -2.50244 -0.76294 -10.94482 0.00244 -0.76294 -10.86914 2.51465 -0.76294 -10.94482 4.82910 -0.76294 -9.75830 7.08008 -0.76294 -6.85059 -7.06787 0.30884 -6.85059 -4.81690 0.30884 -9.75830 -2.50244 0.30884 -10.94482 0.00244 0.30884 -10.86914 2.51465 0.30884 -10.94482 4.82910 0.30884 -9.75830 7.08008 0.30884 -6.85059 -7.42920 0.64819 12.22656 -9.69482 -1.09985 9.16504 -9.69482 0.64819 9.16504 -7.42920 -1.09985 12.22656 -3.18603 0.64819 14.56543 -3.18603 -1.09985 14.56543 0.00000 0.64819 14.99756 0.00000 -1.09985 14.99756 3.19580 0.64819 14.56543 3.19580 -1.09985 14.56543 7.44141 0.64819 12.22656 7.44141 -1.09985 12.22656 9.70703 0.64819 9.16504 9.70703 -1.09985 9.16504 -7.06787 -0.76294 6.46729 -4.81690 -0.76294 9.37256 -2.50244 -0.76294 10.56152 0.00244 -0.76294 10.48584 2.51465 -0.76294 10.56152 4.82910 -0.76294 9.37256 7.08008 -0.76294 6.46729 -4.81690 0.30884 9.37256 -7.06787 0.30884 6.46729 -2.50244 0.30884 10.56152 0.00244 0.30884 10.48584 2.51465 0.30884 10.56152 4.82910 0.30884 9.37256 7.08008 0.30884 6.46729</float_array>
     <technique_common>
      <accessor count="56" source="#realb10_7-lib-positions-array" stride="3">
       <param name="X" type="float"/>
       <param name="Y" type="float"/>
       <param name="Z" type="float"/>
      </accessor>
     </technique_common>
    </source>
    <source id="realb10_7-lib-normals" name="normal">
     <float_array id="realb10_7-lib-normals-array" count="783">-0.65827 0.00000 -0.75278 -0.80383 0.00000 -0.59486 -0.80383 0.00000 -0.59486 -0.65827 0.00000 -0.75278 -0.65827 0.00000 -0.75278 -0.80383 0.00000 -0.59486 -0.31404 0.00000 -0.94941 -0.65827 0.00000 -0.75278 -0.65827 0.00000 -0.75278 -0.31404 0.00000 -0.94941 -0.31404 0.00000 -0.94941 -0.65827 0.00000 -0.75278 -0.00021 0.00000 -1.00000 -0.31404 0.00000 -0.94941 -0.31404 0.00000 -0.94941 -0.00021 0.00000 -1.00000 -0.00020 0.00000 -1.00000 -0.31404 0.00000 -0.94941 0.31373 0.00000 -0.94951 -0.00020 0.00000 -1.00000 -0.00021 0.00000 -1.00000 0.31373 0.00000 -0.94951 0.31373 0.00000 -0.94951 -0.00020 0.00000 -1.00000 0.65818 0.00000 -0.75286 0.31373 0.00000 -0.94951 0.31373 0.00000 -0.94951 0.65818 0.00000 -0.75286 0.65818 0.00000 -0.75286 0.31373 0.00000 -0.94951 0.80383 0.00000 -0.59486 0.65818 0.00000 -0.75286 0.65818 0.00000 -0.75286 0.80383 0.00000 -0.59486 0.80383 0.00000 -0.59486 0.65818 0.00000 -0.75286 0.05566 -0.99618 0.06729 0.07108 -0.99602 0.05378 0.07113 -0.99595 0.05507 0.05566 -0.99618 0.06729 0.05665 -0.99627 0.06504 0.07108 -0.99602 0.05378 0.02021 -0.99650 0.08111 0.05665 -0.99627 0.06504 0.05566 -0.99618 0.06729 0.02021 -0.99650 0.08111 0.02219 -0.99677 0.07717 0.05665 -0.99627 0.06504 0.00257 -0.99701 0.07724 0.02219 -0.99677 0.07717 0.02021 -0.99650 0.08111 0.00257 -0.99701 0.07724 0.00190 -0.99704 0.07685 0.02219 -0.99677 0.07717 -0.02176 -0.99678 0.07723 0.00190 -0.99704 0.07685 0.00257 -0.99701 0.07724 -0.02176 -0.99678 0.07723 -0.02477 -0.99648 0.08011 0.00190 -0.99704 0.07685 -0.05519 -0.99628 0.06613 -0.02477 -0.99648 0.08011 -0.02176 -0.99678 0.07723 -0.05519 -0.99628 0.06613 -0.05731 -0.99619 0.06579 -0.02477 -0.99648 0.08011 -0.07106 -0.99602 0.05379 -0.05731 -0.99619 0.06579 -0.05519 -0.99628 0.06613 -0.07106 -0.99602 0.05379 -0.07255 -0.99592 0.05369 -0.05731 -0.99619 0.06579 0.05773 0.99613 0.06626 0.07157 0.99596 0.05417 0.07307 0.99586 0.05407 0.05773 0.99613 0.06626 0.05559 0.99623 0.06660 0.07157 0.99596 0.05417 0.02497 0.99643 0.08067 0.05559 0.99623 0.06660 0.05773 0.99613 0.06626 0.02497 0.99643 0.08067 0.02190 0.99673 0.07777 0.05559 0.99623 0.06660 -0.00188 0.99700 0.07741 0.02190 0.99673 0.07777 0.02497 0.99643 0.08067 -0.00188 0.99700 0.07741 -0.00260 0.99697 0.07779 0.02190 0.99673 0.07777 -0.02232 0.99672 0.07774 -0.00260 0.99697 0.07779 -0.00188 0.99700 0.07741 -0.02232 0.99672 0.07774 -0.02037 0.99645 0.08170 -0.00260 0.99697 0.07779 -0.05705 0.99622 0.06551 -0.02037 0.99645 0.08170 -0.02232 0.99672 0.07774 -0.05705 0.99622 0.06551 -0.05606 0.99612 0.06777 -0.02037 0.99645 0.08170 -0.07159 0.99596 0.05416 -0.05606 0.99612 0.06777 -0.05705 0.99622 0.06551 -0.07159 0.99596 0.05416 -0.07164 0.99589 0.05546 -0.05606 0.99612 0.06777 -0.65844 0.00000 0.75264 -0.80383 0.00000 0.59486 -0.80383 0.00000 0.59486 -0.65844 0.00000 0.75264 -0.65843 0.00000 0.75264 -0.80383 0.00000 0.59486 -0.31390 0.00000 0.94946 -0.65843 0.00000 0.75264 -0.65844 0.00000 0.75264 -0.31390 0.00000 0.94946 -0.31389 0.00000 0.94946 -0.65843 0.00000 0.75264 -0.00021 0.00000 1.00000 -0.31389 0.00000 0.94946 -0.31390 0.00000 0.94946 -0.00021 0.00000 1.00000 -0.00020 0.00000 1.00000 -0.31389 0.00000 0.94946 0.31358 0.00000 0.94956 -0.00020 0.00000 1.00000 -0.00021 0.00000 1.00000 0.31358 0.00000 0.94956 0.31359 0.00000 0.94956 -0.00020 0.00000 1.00000 0.65834 0.00000 0.75272 0.31359 0.00000 0.94956 0.31358 0.00000 0.94956 0.65834 0.00000 0.75272 0.65835 0.00000 0.75272 0.31359 0.00000 0.94956 0.80383 0.00000 0.59486 0.65835 0.00000 0.75272 0.65834 0.00000 0.75272 0.80383 0.00000 0.59486 0.65835 0.00000 0.75272 0.05733 -0.99619 -0.06579 0.07106 -0.99602 -0.05381 0.07257 -0.99592 -0.05371 0.05733 -0.99619 -0.06579 0.05521 -0.99628 -0.06613 0.07106 -0.99602 -0.05381 0.02478 -0.99648 -0.08009 0.05521 -0.99628 -0.06613 0.05733 -0.99619 -0.06579 0.02478 -0.99648 -0.08009 0.02178 -0.99678 -0.07722 0.05521 -0.99628 -0.06613 -0.00186 -0.99704 -0.07688 0.02178 -0.99678 -0.07722 0.02478 -0.99648 -0.08009 -0.00186 -0.99704 -0.07688 -0.00257 -0.99701 -0.07727 0.02178 -0.99678 -0.07722 -0.02216 -0.99677 -0.07720 -0.00257 -0.99701 -0.07727 -0.00186 -0.99704 -0.07688 -0.02216 -0.99677 -0.07720 -0.02025 -0.99650 -0.08110 -0.00257 -0.99701 -0.07727 -0.05667 -0.99627 -0.06503 -0.02025 -0.99650 -0.08110 -0.02216 -0.99677 -0.07720 -0.05667 -0.99627 -0.06503 -0.05569 -0.99618 -0.06727 -0.02025 -0.99650 -0.08110 -0.07108 -0.99602 -0.05380 -0.05569 -0.99618 -0.06727 -0.05667 -0.99627 -0.06503 -0.07108 -0.99602 -0.05380 -0.07113 -0.99594 -0.05511 -0.05569 -0.99618 -0.06727 0.05609 0.99612 -0.06775 0.07159 0.99596 -0.05419 0.07164 0.99588 -0.05551 0.05609 0.99612 -0.06775 0.05708 0.99622 -0.06549 0.07159 0.99596 -0.05419 0.02039 0.99645 -0.08168 0.05708 0.99622 -0.06549 0.05609 0.99612 -0.06775 0.02039 0.99645 -0.08168 0.02235 0.99672 -0.07774 0.05708 0.99622 -0.06549 0.00258 0.99696 -0.07782 0.02235 0.99672 -0.07774 0.02039 0.99645 -0.08168 0.00258 0.99696 -0.07782 0.00191 0.99700 -0.07743 0.02235 0.99672 -0.07774 -0.02195 0.99673 -0.07779 0.00191 0.99700 -0.07743 0.00258 0.99696 -0.07782 -0.02195 0.99673 -0.07779 -0.02494 0.99643 -0.08068 0.00191 0.99700 -0.07743 -0.05560 0.99623 -0.06661 -0.02494 0.99643 -0.08068 -0.02195 0.99673 -0.07779 -0.05560 0.99623 -0.06661 -0.05774 0.99613 -0.06627 -0.02494 0.99643 -0.08068 -0.07157 0.99596 -0.05420 -0.05774 0.99613 -0.06627 -0.05560 0.99623 -0.06661 -0.07157 0.99596 -0.05420 -0.07310 0.99586 -0.05409 -0.05774 0.99613 -0.06627 -0.21999 0.00000 0.97550 -0.63875 0.00000 0.76941 -0.63875 0.00000 0.76941 -0.79074 0.00000 0.61215 0.71676 0.00000 0.69732 0.71676 0.00000 0.69732 0.71676 0.00000 0.69732 0.71676 0.00000 0.69732 -0.00004 0.00000 1.00000 -0.21999 0.00000 0.97550 0.21995 0.00000 0.97551 -0.00004 0.00000 1.00000 0.63875 0.00000 0.76941 0.21995 0.00000 0.97551 0.79074 0.00000 0.61215 0.63875 0.00000 0.76941 -0.71676 0.00000 0.69732 -0.71676 0.00000 0.69732 -0.71676 0.00000 0.69732 -0.71676 0.00000 0.69732 -0.22040 0.00000 -0.97541 -0.63892 0.00000 -0.76928 -0.22040 0.00000 -0.97541 -0.63892 0.00000 -0.76928 -0.79050 0.00000 -0.61247 -0.63892 0.00000 -0.76928 0.71645 0.00000 -0.69764 0.71645 0.00000 -0.69764 0.71645 0.00000 -0.69764 0.71645 0.00000 -0.69764 -0.00004 0.00000 -1.00000 -0.22040 0.00000 -0.97541 -0.00004 0.00000 -1.00000 0.22035 0.00000 -0.97542 -0.00004 0.00000 -1.00000 0.22035 0.00000 -0.97542 0.63892 0.00000 -0.76928 0.22035 0.00000 -0.97542 0.63892 0.00000 -0.76928 0.79050 0.00000 -0.61247 0.63892 0.00000 -0.76928 0.79050 0.00000 -0.61247 -0.71645 0.00000 -0.69764 -0.71645 0.00000 -0.69764 -0.71645 0.00000 -0.69764 -0.71645 0.00000 -0.69764</float_array>
     <technique_common>
      <accessor count="261" source="#realb10_7-lib-normals-array" stride="3">
       <param name="X" type="float"/>
       <param name="Y" type="float"/>
       <param name="Z" type="float"/>
      </accessor>
     </technique_common>
    </source>
    <source id="realb10_7-lib-texcoords">
     <float_array id="realb10_7-lib-texcoords-array" count="560">0.77539 -2.09961 0.96289 -3.00195 0.77148 -2.98828 0.77539 -2.09961 0.96484 -2.11328 0.96289 -3.00195 0.77539 -0.69141 0.96484 -2.11328 0.77539 -2.09961 0.77539 -0.69141 0.96094 -0.68164 0.96484 -2.11328 0.78711 0.66602 0.96094 -0.68164 0.77539 -0.69141 0.78711 0.66602 0.97852 0.65820 0.96094 -0.68164 0.77539 -0.69141 0.97852 0.65820 0.78711 0.66602 0.77539 -0.69141 0.96094 -0.68164 0.97852 0.65820 0.77539 -2.09961 0.96094 -0.68164 0.77539 -0.69141 0.77539 -2.09961 0.96484 -2.11328 0.96094 -0.68164 0.77148 -2.98828 0.96484 -2.11328 0.77539 -2.09961 0.77148 -2.98828 0.96289 -3.00195 0.96484 -2.11328 -0.70898 -1.84961 -0.24023 -3.00586 -0.70898 -3.00000 -0.70898 -1.84961 -0.24023 -1.84375 -0.24023 -3.00586 -0.70898 -0.28516 -0.24023 -1.84375 -0.70898 -1.84961 -0.70898 -0.28516 -0.24023 -0.28906 -0.24023 -1.84375 -0.70898 1.73438 -0.24023 -0.28906 -0.70898 -0.28516 -0.70898 1.73438 -0.24023 1.73242 -0.24023 -0.28906 -0.70898 -0.28516 -0.24023 1.73242 -0.70898 1.73438 -0.70898 -0.28516 -0.24023 -0.28906 -0.24023 1.73242 -0.70898 -1.84961 -0.24023 -0.28906 -0.70898 -0.28516 -0.70898 -1.84961 -0.24023 -1.84375 -0.24023 -0.28906 -0.70898 -3.00000 -0.24023 -1.84375 -0.70898 -1.84961 -0.70898 -3.00000 -0.24023 -3.00586 -0.24023 -1.84375 -0.24023 -1.84375 -0.70898 -3.00000 -0.24023 -3.00586 -0.24023 -1.84375 -0.70898 -1.84961 -0.70898 -3.00000 -0.24023 -0.28906 -0.70898 -1.84961 -0.24023 -1.84375 -0.24023 -0.28906 -0.70898 -0.28516 -0.70898 -1.84961 -0.24023 1.73242 -0.70898 -0.28516 -0.24023 -0.28906 -0.24023 1.73242 -0.70898 1.73438 -0.70898 -0.28516 -0.24023 -0.28906 -0.70898 1.73438 -0.24023 1.73242 -0.24023 -0.28906 -0.70898 -0.28516 -0.70898 1.73438 -0.24023 -1.84375 -0.70898 -0.28516 -0.24023 -0.28906 -0.24023 -1.84375 -0.70898 -1.84961 -0.70898 -0.28516 -0.24023 -3.00586 -0.70898 -1.84961 -0.24023 -1.84375 -0.24023 -3.00586 -0.70898 -3.00000 -0.70898 -1.84961 0.96484 -2.11328 0.77148 -2.98828 0.96289 -3.00195 0.96484 -2.11328 0.77539 -2.09961 0.77148 -2.98828 0.96094 -0.68164 0.77539 -2.09961 0.96484 -2.11328 0.96094 -0.68164 0.77539 -0.69141 0.77539 -2.09961 0.97852 0.65820 0.77539 -0.69141 0.96094 -0.68164 0.97852 0.65820 0.78711 0.66602 0.77539 -0.69141 0.96094 -0.68164 0.78711 0.66602 0.97852 0.65820 0.96094 -0.68164 0.77539 -0.69141 0.78711 0.66602 0.96484 -2.11328 0.77539 -0.69141 0.96094 -0.68164 0.96484 -2.11328 0.77539 -2.09961 0.77539 -0.69141 0.96289 -3.00195 0.77539 -2.09961 0.96484 -2.11328 0.96289 -3.00195 0.77148 -2.98828 0.77539 -2.09961 -0.24023 -1.84375 -0.70898 -3.00000 -0.24023 -3.00586 -0.24023 -1.84375 -0.70898 -1.84961 -0.70898 -3.00000 -0.24023 -0.28906 -0.70898 -1.84961 -0.24023 -1.84375 -0.24023 -0.28906 -0.70898 -0.28516 -0.70898 -1.84961 -0.24023 1.73242 -0.70898 -0.28516 -0.24023 -0.28906 -0.24023 1.73242 -0.70898 1.73438 -0.70898 -0.28516 -0.24023 -0.28906 -0.70898 1.73438 -0.24023 1.73242 -0.24023 -0.28906 -0.70898 -0.28516 -0.70898 1.73438 -0.24023 -1.84375 -0.70898 -0.28516 -0.24023 -0.28906 -0.24023 -1.84375 -0.70898 -1.84961 -0.70898 -0.28516 -0.24023 -3.00586 -0.70898 -1.84961 -0.24023 -1.84375 -0.24023 -3.00586 -0.70898 -3.00000 -0.70898 -1.84961 -0.70898 -1.84961 -0.24023 -3.00586 -0.70898 -3.00000 -0.70898 -1.84961 -0.24023 -1.84375 -0.24023 -3.00586 -0.70898 -0.28516 -0.24023 -1.84375 -0.70898 -1.84961 -0.70898 -0.28516 -0.24023 -0.28906 -0.24023 -1.84375 -0.70898 1.73438 -0.24023 -0.28906 -0.70898 -0.28516 -0.70898 1.73438 -0.24023 1.73242 -0.24023 -0.28906 -0.70898 -0.28516 -0.24023 1.73242 -0.70898 1.73438 -0.70898 -0.28516 -0.24023 -0.28906 -0.24023 1.73242 -0.70898 -1.84961 -0.24023 -0.28906 -0.70898 -0.28516 -0.70898 -1.84961 -0.24023 -1.84375 -0.24023 -0.28906 -0.70898 -3.00000 -0.24023 -1.84375 -0.70898 -1.84961 -0.70898 -3.00000 -0.24023 -3.00586 -0.24023 -1.84375 -0.70898 -0.28516 -0.70898 -0.28516 -0.70898 -1.84961 -0.70898 -1.84961 -0.70898 -1.84961 -0.70898 -1.84961 -0.70898 -3.00000 -0.70898 -3.00000 -0.70898 -3.00000 -0.70898 -2.99805 -0.22656 -2.99805 -0.22852 -3.00000 -0.70898 1.73438 -0.70898 1.73438 -0.70898 -0.28516 -0.70898 -0.28516 -0.70898 -0.28516 -0.70898 -0.28516 -0.70898 1.73438 -0.70898 1.73438 -0.70898 -1.84961 -0.70898 -1.84961 -0.70898 -0.28516 -0.70898 -0.28516 -0.70898 -3.00000 -0.70898 -3.00000 -0.70898 -1.84961 -0.70898 -1.84961 -0.24023 -3.00586 -0.24023 -3.00586 -0.70898 -3.00000 -0.70898 -3.00000 -0.70898 -0.28516 -0.70898 -1.84961 -0.70898 -1.84961 -0.70898 -0.28516 -0.70898 -1.84961 -0.70898 -3.00000 -0.70898 -3.00000 -0.70898 -1.84961 -0.71094 -3.00000 -0.23633 -3.00000 -0.23828 -3.00000 -0.70898 -2.99805 -0.70898 1.73438 -0.70898 -0.28516 -0.70898 -0.28516 -0.70898 1.73438 -0.70898 -0.28516 -0.70898 1.73438 -0.70898 1.73438 -0.70898 -0.28516 -0.70898 -1.84961 -0.70898 -0.28516 -0.70898 -0.28516 -0.70898 -1.84961 -0.70898 -3.00000 -0.70898 -1.84961 -0.70898 -1.84961 -0.70898 -3.00000 -0.24023 -3.00586 -0.70898 -3.00000 -0.70898 -3.00000 -0.24023 -3.00586</float_array>
     <technique_common>
      <accessor count="280" offset="0" source="#realb10_7-lib-texcoords-array" stride="2">
       <param name="U" type="float"/>
       <param name="V" type="float"/>
      </accessor>
     </technique_common>
    </source>
    <vertices id="realb10_7-lib-vertices">
     <input semantic="POSITION" source="#realb10_7-lib-positions"/>
    </vertices>
    <polylist count="88" material="mat9.png">
     <input offset="0" semantic="VERTEX" source="#realb10_7-lib-vertices"/>
     <input offset="1" semantic="NORMAL" source="#realb10_7-lib-normals"/>
     <input offset="2" semantic="TEXCOORD" source="#realb10_7-lib-texcoords"/>
     <vcount>3 3 3 3 3 3 3 3 3 3 3 3 3 3 3 3 3 3 3 3 3 3 3 3 3 3 3 3 3 3 3 3 3 3 3 3 3 3 3 3 3 3 3 3 3 3 3 3 3 3 3 3 3 3 3 3 3 3 3 3 3 3 3 3 3 3 3 3 3 3 3 3 4 4 4 4 4 4 4 4 4 4 4 4 4 4 4 4</vcount>
     <p>2 2 2 1 1 1 0 0 0 1 5 5 3 4 4 0 3 3 0 8 8 3 7 7 4 6 6 3 11 11 5 10 10 4 9 9 4 14 14 5 13 13 6 12 12 5 17 17 7 16 16 6 15 15 6 20 20 7 19 19 8 18 18 7 23 23 9 22 22 8 21 21 8 26 26 9 25 25 10 24 24 9 29 29 11 28 28 10 27 27 10 32 32 11 31 31 12 30 30 11 35 35 13 34 34 12 33 33 15 38 38 2 37 37 14 36 36 2 41 41 0 40 40 14 39 39 14 44 44 0 43 43 16 42 42 0 47 47 4 46 46 16 45 45 16 50 50 4 49 49 17 48 48 4 53 53 6 52 52 17 51 51 17 56 56 6 55 55 18 54 54 6 59 59 8 58 58 18 57 57 18 62 62 8 61 61 19 60 60 8 65 65 10 64 64 19 63 63 19 68 68 10 67 67 20 66 66 10 71 71 12 70 70 20 69 69 1 74 74 21 73 73 3 72 72 21 77 77 22 76 76 3 75 75 3 80 80 22 79 79 5 78 78 22 83 83 23 82 82 5 81 81 5 86 86 23 85 85 7 84 84 23 89 89 24 88 88 7 87 87 7 92 92 24 91 91 9 90 90 24 95 95 25 94 94 9 93 93 9 98 98 25 97 97 11 96 96 25 101 101 26 100 100 11 99 99 11 104 104 26 103 103 13 102 102 26 107 107 27 106 106 13 105 105 30 110 110 29 109 109 28 108 108 29 113 113 31 112 112 28 111 111 28 116 116 31 115 115 32 114 114 31 119 119 33 118 118 32 117 117 32 122 122 33 121 121 34 120 120 33 125 125 35 124 124 34 123 123 34 128 128 35 127 127 36 126 126 35 131 131 37 130 130 36 129 129 36 134 134 37 133 133 38 132 132 37 137 137 39 136 136 38 135 135 38 140 140 39 139 139 40 138 138 39 142 143 41 141 142 40 141 141 29 145 146 42 144 145 31 143 144 42 148 149 43 147 148 31 146 147 31 151 152 43 150 151 33 149 150 43 154 155 44 153 154 33 152 153 33 157 158 44 156 157 35 155 156 44 160 161 45 159 160 35 158 159 35 163 164 45 162 163 37 161 162 45 166 167 46 165 166 37 164 165 37 169 170 46 168 169 39 167 168 46 172 173 47 171 172 39 170 171 39 175 176 47 174 175 41 173 174 47 178 179 48 177 178 41 176 177 50 181 182 30 180 181 49 179 180 30 184 185 28 183 184 49 182 183 49 187 188 28 186 187 51 185 186 28 190 191 32 189 190 51 188 189 51 193 194 32 192 193 52 191 192 32 196 197 34 195 196 52 194 195 52 199 200 34 198 199 53 197 198 34 202 203 36 201 202 53 200 201 53 205 206 36 204 205 54 203 204 36 208 209 38 207 208 54 206 207 54 211 212 38 210 211 55 209 210 38 214 215 40 213 214 55 212 213 19 216 219 26 216 218 25 215 217 18 215 216 20 218 223 27 218 222 26 217 221 19 217 220 12 222 227 13 221 226 27 220 225 20 219 224 18 224 231 25 224 230 24 223 229 17 223 228 17 226 235 24 226 234 23 225 233 16 225 232 16 228 239 23 228 238 22 227 237 14 227 236 14 230 243 22 230 242 21 229 241 15 229 240 15 234 247 21 233 246 1 232 245 2 231 244 53 237 251 54 236 250 47 236 249 46 235 248 54 240 255 55 239 254 48 239 253 47 238 252 55 244 259 40 243 258 41 242 257 48 241 256 52 247 263 53 246 262 46 246 261 45 245 260 51 250 267 52 249 266 45 249 265 44 248 264 49 253 271 51 252 270 44 252 269 43 251 268 50 256 275 49 255 274 43 255 273 42 254 272 30 260 279 50 259 278 42 258 277 29 257 276</p>
    </polylist>
   </mesh>
  </geometry>
 </library_geometries>
 <library_visual_scenes>
  <visual_scene id="Scene" name="Scene">
   <node id="Camera" name="Camera">
    <rotate sid="rotateY">0 1 0 -0.00000</rotate>
    <rotate sid="rotateX">1 0 0 -0.00000</rotate>
    <rotate sid="rotateZ">0 0 1 -0.00000</rotate>
    <translate sid="translate">0.00000 0.00000 127.87389</translate>
    <instance_camera url="#Camera-Camera"/>
   </node>
   <node id="realb10_back_8" name="realb10_back_8">
    <translate sid="translate">0.00000 0.00000 0.00000</translate>
    <rotate sid="head">0 1 0 0.00000</rotate>
    <rotate sid="pitch">1 0 0 0.00000</rotate>
    <rotate sid="bank">0 0 1 0.00000</rotate>
    <scale sid="scale">1.00000 1.00000 1.00000</scale>
    <instance_geometry url="#realb10_back_8-lib">
     <bind_material>
      <technique_common>
       <instance_material symbol="mat4.png" target="#mat4.png">
        <bind_vertex_input semantic="UVSET0" input_semantic="TEXCOORD"/>
       </instance_material>
      </technique_common>
     </bind_material>
    </instance_geometry>
   </node>
   <node id="weapon_A_3" name="weapon_A_3">
    <translate sid="translate">0.00000 0.00000 0.00000</translate>
    <rotate sid="head">0 1 0 0.00000</rotate>
    <rotate sid="pitch">1 0 0 0.00000</rotate>
    <rotate sid="bank">0 0 1 0.00000</rotate>
    <scale sid="scale">1.00000 1.00000 1.00000</scale>
    <instance_geometry url="#weapon_A_3-lib">
     <bind_material>
      <technique_common>
       <instance_material symbol="mat6.png" target="#mat6.png">
        <bind_vertex_input semantic="UVSET0" input_semantic="TEXCOORD"/>
       </instance_material>
      </technique_common>
     </bind_material>
    </instance_geometry>
   </node>
   <node id="weapon_A_8" name="weapon_A_8">
    <translate sid="translate">0.00000 0.00000 0.00000</translate>
    <rotate sid="head">0 1 0 0.00000</rotate>
    <rotate sid="pitch">1 0 0 0.00000</rotate>
    <rotate sid="bank">0 0 1 0.00000</rotate>
    <scale sid="scale">1.00000 1.00000 1.00000</scale>
    <instance_geometry url="#weapon_A_8-lib">
     <bind_material>
      <technique_common>
       <instance_material symbol="mat8.png" target="#mat8.png">
        <bind_vertex_input semantic="UVSET0" input_semantic="TEXCOORD"/>
       </instance_material>
      </technique_common>
     </bind_material>
    </instance_geometry>
   </node>
   <node id="weapon_B_3" name="weapon_B_3">
    <translate sid="translate">0.00000 0.00000 0.00000</translate>
    <rotate sid="head">0 1 0 0.00000</rotate>
    <rotate sid="pitch">1 0 0 0.00000</rotate>
    <rotate sid="bank">0 0 1 0.00000</rotate>
    <scale sid="scale">1.00000 1.00000 1.00000</scale>
    <instance_geometry url="#weapon_B_3-lib">
     <bind_material>
      <technique_common>
       <instance_material symbol="mat4.png" target="#mat4.png">
        <bind_vertex_input semantic="UVSET0" input_semantic="TEXCOORD"/>
       </instance_material>
      </technique_common>
     </bind_material>
    </instance_geometry>
   </node>
   <node id="weapon_B_8" name="weapon_B_8">
    <translate sid="translate">0.00000 0.00000 0.00000</translate>
    <rotate sid="head">0 1 0 0.00000</rotate>
    <rotate sid="pitch">1 0 0 0.00000</rotate>
    <rotate sid="bank">0 0 1 0.00000</rotate>
    <scale sid="scale">1.00000 1.00000 1.00000</scale>
    <instance_geometry url="#weapon_B_8-lib">
     <bind_material>
      <technique_common>
       <instance_material symbol="mat3.png" target="#mat3.png">
        <bind_vertex_input semantic="UVSET0" input_semantic="TEXCOORD"/>
       </instance_material>
      </technique_common>
     </bind_material>
    </instance_geometry>
   </node>
   <node id="realb10" name="realb10">
    <translate sid="translate">0.00000 0.00000 0.00000</translate>
    <rotate sid="head">0 1 0 0.00000</rotate>
    <rotate sid="pitch">1 0 0 0.00000</rotate>
    <rotate sid="bank">0 0 1 0.00000</rotate>
    <scale sid="scale">1.00000 1.00000 1.00000</scale>
    <instance_geometry url="#realb10-lib">
     <bind_material>
      <technique_common>
       <instance_material symbol="mat2.png" target="#mat2.png">
        <bind_vertex_input semantic="UVSET0" input_semantic="TEXCOORD"/>
       </instance_material>
      </technique_common>
     </bind_material>
    </instance_geometry>
   </node>
   <node id="realb10_1" name="realb10_1">
    <translate sid="translate">0.00000 0.00000 0.00000</translate>
    <rotate sid="head">0 1 0 0.00000</rotate>
    <rotate sid="pitch">1 0 0 0.00000</rotate>
    <rotate sid="bank">0 0 1 0.00000</rotate>
    <scale sid="scale">1.00000 1.00000 1.00000</scale>
    <instance_geometry url="#realb10_1-lib">
     <bind_material>
      <technique_common>
       <instance_material symbol="mat1.png" target="#mat1.png">
        <bind_vertex_input semantic="UVSET0" input_semantic="TEXCOORD"/>
       </instance_material>
      </technique_common>
     </bind_material>
    </instance_geometry>
   </node>
   <node id="realb10_2" name="realb10_2">
    <translate sid="translate">0.00000 0.00000 0.00000</translate>
    <rotate sid="head">0 1 0 0.00000</rotate>
    <rotate sid="pitch">1 0 0 0.00000</rotate>
    <rotate sid="bank">0 0 1 0.00000</rotate>
    <scale sid="scale">1.00000 1.00000 1.00000</scale>
    <instance_geometry url="#realb10_2-lib">
     <bind_material>
      <technique_common>
       <instance_material symbol="mat5.png" target="#mat5.png">
        <bind_vertex_input semantic="UVSET0" input_semantic="TEXCOORD"/>
       </instance_material>
      </technique_common>
     </bind_material>
    </instance_geometry>
   </node>
   <node id="realb10_3" name="realb10_3">
    <translate sid="translate">0.00000 0.00000 0.00000</translate>
    <rotate sid="head">0 1 0 0.00000</rotate>
    <rotate sid="pitch">1 0 0 0.00000</rotate>
    <rotate sid="bank">0 0 1 0.00000</rotate>
    <scale sid="scale">1.00000 1.00000 1.00000</scale>
    <instance_geometry url="#realb10_3-lib">
     <bind_material>
      <technique_common>
       <instance_material symbol="mat4.png" target="#mat4.png">
        <bind_vertex_input semantic="UVSET0" input_semantic="TEXCOORD"/>
       </instance_material>
      </technique_common>
     </bind_material>
    </instance_geometry>
   </node>
   <node id="realb10_4" name="realb10_4">
    <translate sid="translate">0.00000 0.00000 0.00000</translate>
    <rotate sid="head">0 1 0 0.00000</rotate>
    <rotate sid="pitch">1 0 0 0.00000</rotate>
    <rotate sid="bank">0 0 1 0.00000</rotate>
    <scale sid="scale">1.00000 1.00000 1.00000</scale>
    <instance_geometry url="#realb10_4-lib">
     <bind_material>
      <technique_common>
       <instance_material symbol="mat9.png" target="#mat9.png">
        <bind_vertex_input semantic="UVSET0" input_semantic="TEXCOORD"/>
       </instance_material>
      </technique_common>
     </bind_material>
    </instance_geometry>
   </node>
   <node id="realb10_5" name="realb10_5">
    <translate sid="translate">0.00000 0.00000 0.00000</translate>
    <rotate sid="head">0 1 0 0.00000</rotate>
    <rotate sid="pitch">1 0 0 0.00000</rotate>
    <rotate sid="bank">0 0 1 0.00000</rotate>
    <scale sid="scale">1.00000 1.00000 1.00000</scale>
    <instance_geometry url="#realb10_5-lib">
     <bind_material>
      <technique_common>
       <instance_material symbol="mat9.png" target="#mat9.png">
        <bind_vertex_input semantic="UVSET0" input_semantic="TEXCOORD"/>
       </instance_material>
      </technique_common>
     </bind_material>
    </instance_geometry>
   </node>
   <node id="realb10_6" name="realb10_6">
    <translate sid="translate">0.00000 0.00000 0.00000</translate>
    <rotate sid="head">0 1 0 0.00000</rotate>
    <rotate sid="pitch">1 0 0 0.00000</rotate>
    <rotate sid="bank">0 0 1 0.00000</rotate>
    <scale sid="scale">1.00000 1.00000 1.00000</scale>
    <instance_geometry url="#realb10_6-lib">
     <bind_material>
      <technique_common>
       <instance_material symbol="mat4.png" target="#mat4.png">
        <bind_vertex_input semantic="UVSET0" input_semantic="TEXCOORD"/>
       </instance_material>
      </technique_common>
     </bind_material>
    </instance_geometry>
   </node>
   <node id="realb10_7" name="realb10_7">
    <translate sid="translate">0.00000 0.00000 0.00000</translate>
    <rotate sid="head">0 1 0 0.00000</rotate>
    <rotate sid="pitch">1 0 0 0.00000</rotate>
    <rotate sid="bank">0 0 1 0.00000</rotate>
    <scale sid="scale">1.00000 1.00000 1.00000</scale>
    <instance_geometry url="#realb10_7-lib">
     <bind_material>
      <technique_common>
       <instance_material symbol="mat9.png" target="#mat9.png">
        <bind_vertex_input semantic="UVSET0" input_semantic="TEXCOORD"/>
       </instance_material>
      </technique_common>
     </bind_material>
    </instance_geometry>
   </node>
  </visual_scene>
 </library_visual_scenes>
 <scene>
  <instance_visual_scene url="#Scene"/>
 </scene>
</COLLADA>
