<?xml version="1.0" encoding="utf-8"?>
<COLLADA xmlns="http://www.collada.org/2005/11/COLLADASchema" version="1.4.1">
  <asset>
    <created>2020-09-19T17:38:01Z</created>
    <modified>2020-09-19T17:38:01Z</modified>
  </asset>
  <library_images>
    <image id="image-01_Runo_body">
      <init_from>01_Runo_body.png</init_from>
    </image>
    <image id="image-01_Runo_mouth">
      <init_from>01_Runo_mouth.png</init_from>
    </image>
    <image id="image-01_Runo_hair">
      <init_from>01_Runo_hair.png</init_from>
    </image>
    <image id="image-01_Runo_fuku">
      <init_from>01_Runo_fuku.png</init_from>
    </image>
    <image id="image-01_Runo_face">
      <init_from>01_Runo_face.png</init_from>
    </image>
    <image id="image-01_Runo_item">
      <init_from>01_Runo_item.png</init_from>
    </image>
  </library_images>
  <library_materials>
    <material id="material0" name="face">
      <instance_effect url="#effect0"/>
    </material>
    <material id="material1" name="hair">
      <instance_effect url="#effect1"/>
    </material>
    <material id="material2" name="item">
      <instance_effect url="#effect2"/>
    </material>
    <material id="material3" name="mouth">
      <instance_effect url="#effect3"/>
    </material>
    <material id="material4" name="nose">
      <instance_effect url="#effect4"/>
    </material>
    <material id="material5" name="skin">
      <instance_effect url="#effect5"/>
    </material>
    <material id="material6" name="wear">
      <instance_effect url="#effect6"/>
    </material>
  </library_materials>
  <library_effects>
    <effect id="effect0" name="face">
      <profile_COMMON>
        <newparam sid="Image-surface">
          <surface type="2D">
            <init_from>image-01_Runo_face</init_from>
            <format>A8R8G8B8</format>
          </surface>
        </newparam>
        <newparam sid="Image-sampler">
          <sampler2D>
            <source>Image-surface</source>
            <wrap_s>WRAP</wrap_s>
            <wrap_t>WRAP</wrap_t>
            <minfilter>NEAREST</minfilter>
            <magfilter>NEAREST</magfilter>
            <mipfilter>NEAREST</mipfilter>
          </sampler2D>
        </newparam>
        <technique sid="common">
          <phong>
            <emission>
              <color>0 0 0 1</color>
            </emission>
            <ambient>
              <color>0.58064514 0.58064514 0.58064514 1</color>
            </ambient>
            <diffuse>
              <texture texture="Image-sampler" texcoord="tc"/>
            </diffuse>
            <specular>
              <color>0.9032258 0.9032258 0.9032258 1</color>
            </specular>
            <transparent>
              <texture texture="Image-sampler" texcoord="tc"/>
            </transparent>
          </phong>
        </technique>
      </profile_COMMON>
    </effect>
    <effect id="effect1" name="hair">
      <profile_COMMON>
        <newparam sid="Image-surface">
          <surface type="2D">
            <init_from>image-01_Runo_hair</init_from>
            <format>A8R8G8B8</format>
          </surface>
        </newparam>
        <newparam sid="Image-sampler">
          <sampler2D>
            <source>Image-surface</source>
            <wrap_s>WRAP</wrap_s>
            <wrap_t>WRAP</wrap_t>
            <minfilter>NEAREST</minfilter>
            <magfilter>NEAREST</magfilter>
            <mipfilter>NEAREST</mipfilter>
          </sampler2D>
        </newparam>
        <technique sid="common">
          <phong>
            <emission>
              <color>0 0 0 1</color>
            </emission>
            <ambient>
              <color>0.58064514 0.58064514 0.58064514 1</color>
            </ambient>
            <diffuse>
              <texture texture="Image-sampler" texcoord="tc"/>
            </diffuse>
            <specular>
              <color>0.9032258 0.9032258 0.9032258 1</color>
            </specular>
            <transparent>
              <texture texture="Image-sampler" texcoord="tc"/>
            </transparent>
          </phong>
        </technique>
      </profile_COMMON>
    </effect>
    <effect id="effect2" name="item">
      <profile_COMMON>
        <newparam sid="Image-surface">
          <surface type="2D">
            <init_from>image-01_Runo_item</init_from>
            <format>A8R8G8B8</format>
          </surface>
        </newparam>
        <newparam sid="Image-sampler">
          <sampler2D>
            <source>Image-surface</source>
            <wrap_s>WRAP</wrap_s>
            <wrap_t>WRAP</wrap_t>
            <minfilter>NEAREST</minfilter>
            <magfilter>NEAREST</magfilter>
            <mipfilter>NEAREST</mipfilter>
          </sampler2D>
        </newparam>
        <technique sid="common">
          <phong>
            <emission>
              <color>0 0 0 1</color>
            </emission>
            <ambient>
              <color>0.58064514 0.58064514 0.58064514 1</color>
            </ambient>
            <diffuse>
              <texture texture="Image-sampler" texcoord="tc"/>
            </diffuse>
            <specular>
              <color>0.9032258 0.9032258 0.9032258 1</color>
            </specular>
            <transparent>
              <texture texture="Image-sampler" texcoord="tc"/>
            </transparent>
          </phong>
        </technique>
      </profile_COMMON>
    </effect>
    <effect id="effect3" name="mouth">
      <profile_COMMON>
        <newparam sid="Image-surface">
          <surface type="2D">
            <init_from>image-01_Runo_mouth</init_from>
            <format>A8R8G8B8</format>
          </surface>
        </newparam>
        <newparam sid="Image-sampler">
          <sampler2D>
            <source>Image-surface</source>
            <wrap_s>WRAP</wrap_s>
            <wrap_t>WRAP</wrap_t>
            <minfilter>NEAREST</minfilter>
            <magfilter>NEAREST</magfilter>
            <mipfilter>NEAREST</mipfilter>
          </sampler2D>
        </newparam>
        <technique sid="common">
          <phong>
            <emission>
              <color>0 0 0 1</color>
            </emission>
            <ambient>
              <color>0.58064514 0.58064514 0.58064514 1</color>
            </ambient>
            <diffuse>
              <texture texture="Image-sampler" texcoord="tc"/>
            </diffuse>
            <specular>
              <color>0.9032258 0.9032258 0.9032258 1</color>
            </specular>
            <transparent>
              <texture texture="Image-sampler" texcoord="tc"/>
            </transparent>
          </phong>
        </technique>
      </profile_COMMON>
    </effect>
    <effect id="effect4" name="nose">
      <profile_COMMON>
        <newparam sid="Image-surface">
          <surface type="2D">
            <init_from>image-01_Runo_face</init_from>
            <format>A8R8G8B8</format>
          </surface>
        </newparam>
        <newparam sid="Image-sampler">
          <sampler2D>
            <source>Image-surface</source>
            <wrap_s>WRAP</wrap_s>
            <wrap_t>WRAP</wrap_t>
            <minfilter>NEAREST</minfilter>
            <magfilter>NEAREST</magfilter>
            <mipfilter>NEAREST</mipfilter>
          </sampler2D>
        </newparam>
        <technique sid="common">
          <phong>
            <emission>
              <color>0 0 0 1</color>
            </emission>
            <ambient>
              <color>0.58064514 0.58064514 0.58064514 1</color>
            </ambient>
            <diffuse>
              <texture texture="Image-sampler" texcoord="tc"/>
            </diffuse>
            <specular>
              <color>0.9032258 0.9032258 0.9032258 1</color>
            </specular>
            <transparent>
              <texture texture="Image-sampler" texcoord="tc"/>
            </transparent>
          </phong>
        </technique>
      </profile_COMMON>
    </effect>
    <effect id="effect5" name="skin">
      <profile_COMMON>
        <newparam sid="Image-surface">
          <surface type="2D">
            <init_from>image-01_Runo_body</init_from>
            <format>A8R8G8B8</format>
          </surface>
        </newparam>
        <newparam sid="Image-sampler">
          <sampler2D>
            <source>Image-surface</source>
            <wrap_s>WRAP</wrap_s>
            <wrap_t>WRAP</wrap_t>
            <minfilter>NEAREST</minfilter>
            <magfilter>NEAREST</magfilter>
            <mipfilter>NEAREST</mipfilter>
          </sampler2D>
        </newparam>
        <technique sid="common">
          <phong>
            <emission>
              <color>0 0 0 1</color>
            </emission>
            <ambient>
              <color>0.58064514 0.58064514 0.58064514 1</color>
            </ambient>
            <diffuse>
              <texture texture="Image-sampler" texcoord="tc"/>
            </diffuse>
            <specular>
              <color>0.9032258 0.9032258 0.9032258 1</color>
            </specular>
            <transparent>
              <texture texture="Image-sampler" texcoord="tc"/>
            </transparent>
          </phong>
        </technique>
      </profile_COMMON>
    </effect>
    <effect id="effect6" name="wear">
      <profile_COMMON>
        <newparam sid="Image-surface">
          <surface type="2D">
            <init_from>image-01_Runo_fuku</init_from>
            <format>A8R8G8B8</format>
          </surface>
        </newparam>
        <newparam sid="Image-sampler">
          <sampler2D>
            <source>Image-surface</source>
            <wrap_s>WRAP</wrap_s>
            <wrap_t>WRAP</wrap_t>
            <minfilter>NEAREST</minfilter>
            <magfilter>NEAREST</magfilter>
            <mipfilter>NEAREST</mipfilter>
          </sampler2D>
        </newparam>
        <technique sid="common">
          <phong>
            <emission>
              <color>0 0 0 1</color>
            </emission>
            <ambient>
              <color>0.58064514 0.58064514 0.58064514 1</color>
            </ambient>
            <diffuse>
              <texture texture="Image-sampler" texcoord="tc"/>
            </diffuse>
            <specular>
              <color>0.9032258 0.9032258 0.9032258 1</color>
            </specular>
            <transparent>
              <texture texture="Image-sampler" texcoord="tc"/>
            </transparent>
          </phong>
        </technique>
      </profile_COMMON>
    </effect>
  </library_effects>
  <library_geometries>
    <geometry id="geometry" name="chara01">
      <mesh>
        <source id="positions">
          <float_array id="positions-array" count="4611">1.7480469 124.832115 14.42012 1.8105469 126.996925 13.199917 0.037109375 125.43014 15.994629 0.037109375 127.805916 14.36616 -1.5449219 124.83217 14.418168 -1.7363281 126.996925 13.199917 1.7480469 124.832115 14.42012 0.037109375 125.43014 15.994629 0.037109375 124.309235 14.733511 -1.5449219 124.83217 14.418168 5.8789063 123.248856 11.486745 0.16601563 121.50404 13.260223 0.037109375 120.161865 12.563408 -6.1777344 123.24411 11.515922 1.7480469 124.832115 14.42012 0.037109375 124.309235 14.733511 0.16601563 121.50404 13.260223 -1.5449219 124.83217 14.418168 0.16601563 121.50404 13.260223 5.8789063 123.248856 11.486745 7.2148438 125.918495 11.271688 1.7480469 124.832115 14.42012 0.16601563 121.50404 13.260223 -1.5449219 124.83217 14.418168 -7.6464844 125.918274 11.279499 -6.1777344 123.24411 11.515922 1.6875 135.46452 14.219084 0.037109375 135.37233 14.710856 1.0527344 132.80116 15.036198 0.037109375 132.50499 15.143049 1.8105469 126.996925 13.199917 0.037109375 127.805916 14.36616 7.9296875 126.01533 4.653784 8.605469 127.380356 5.9199085 7.2148438 125.918495 11.271688 7.9160156 127.28947 10.3415165 1.7480469 124.832115 14.42012 1.8105469 126.996925 13.199917 1.8105469 126.996925 13.199917 7.9160156 127.28947 10.3415165 1.0527344 132.80116 15.036198 8.427734 133.14865 11.004919 1.6875 135.46452 14.219084 8.056641 135.8373 10.602807 0.037109375 135.37233 14.710856 -1.6132813 135.46452 14.219084 0.037109375 132.50499 15.143049 -0.9765625 132.71051 14.994531 0.037109375 127.805916 14.36616 -1.7363281 126.996925 13.199917 -8.859375 128.46883 5.919675 -7.5273438 124.92686 4.6540174 -7.841797 127.28947 10.3415165 -7.6464844 125.918274 11.279499 -1.7363281 126.996925 13.199917 -1.5449219 124.83217 14.418168 -7.841797 127.28947 10.3415165 -1.7363281 126.996925 13.199917 -8.353516 133.14865 11.004919 -0.9765625 132.71051 14.994531 -7.982422 135.8373 10.602807 -1.6132813 135.46452 14.219084 1.6875 135.46452 14.219084 8.056641 135.8373 10.602807 1.75 138.38809 13.733778 7.6875 138.52596 10.200694 8.427734 133.14865 11.004919 7.9160156 127.28947 10.3415165 9.388672 129.95848 6.309985 8.605469 127.380356 5.9199085 7.6875 138.52596 10.200694 8.056641 135.8373 10.602807 9.388672 129.95848 6.309985 8.427734 133.14865 11.004919 1.6875 135.46452 14.219084 1.75 138.38809 13.733778 0.037109375 135.37233 14.710856 0.037109375 138.23973 14.276711 -1.6757813 138.38809 13.733778 -7.6132813 138.52596 10.200694 -7.982422 135.8373 10.602807 -1.6757813 138.38809 13.733778 -1.6132813 135.46452 14.219084 -8.353516 133.14865 11.004919 -9.314453 129.95848 6.309985 -7.841797 127.28947 10.3415165 -8.859375 128.46883 5.919675 -7.6132813 138.52596 10.200694 -9.314453 129.95848 6.309985 -7.982422 135.8373 10.602807 -8.353516 133.14865 11.004919 -1.6757813 138.38809 13.733778 -1.6132813 135.46452 14.219084 0.037109375 135.37233 14.710856 10.9140625 135.69188 -3.6940045 0 134.11739 -10.224724 7.7089844 139.05907 -6.167714 0 140.35216 -8.821714 8.9140625 142.25761 -2.932292 0 146.69022 -2.7472918 9.998047 134.11665 -4.7159905 9.017578 128.40047 -2.512484 0 134.11739 -10.224724 0 126.93061 -6.749954 -9.998047 134.11665 -4.7159905 -9.017578 128.40047 -2.512484 0 134.11739 -10.224724 -10.9140625 135.69188 -3.6940045 0 140.35216 -8.821714 -7.7089844 139.05907 -6.167714 0 146.69022 -2.7472918 -8.9140625 142.25761 -2.932292 -2.7285156 137.24486 14.146731 -1.6523438 134.31854 15.208433 -2.0175781 139.92522 17.736713 -0.73828125 134.93875 19.294659 -0.54296875 138.7717 15.700821 0.45703125 135.25835 16.241615 12.261719 135.42113 3.4719672 11.060547 139.52707 4.9022193 11.6015625 135.35431 7.186858 10.970703 138.79822 7.916237 9.921875 133.84735 10.419052 8.660156 137.8488 10.236105 0 121.50719 -0.07872664 0 126.93061 -6.749954 3.2539063 123.18782 1.4269861 9.017578 128.40047 -2.512484 8.722656 127.59697 3.0515273 9.017578 128.40047 -2.512484 9.998047 134.11665 -4.7159905 12.261719 135.42113 3.4719672 10.9140625 135.69188 -3.6940045 11.527344 138.73183 -0.44747105 8.722656 127.59697 3.0515273 9.017578 128.40047 -2.512484 10.558594 129.70432 4.3954864 12.261719 135.42113 3.4719672 9.388672 129.95848 6.309985 0 121.50719 -0.07872664 -3.1796875 123.18782 1.4269861 0 126.93061 -6.749954 -9.017578 128.40047 -2.512484 -8.646484 127.59697 3.0515273 -9.322266 130.5918 3.8364978 -9.017578 128.40047 -2.512484 -12.253906 134.86502 2.140968 -9.998047 134.11665 -4.7159905 -10.9140625 135.69188 -3.6940045 0 134.11739 -10.224724 -10.9140625 135.69188 -3.6940045 -12.253906 134.86502 2.140968 -11.527344 138.73183 -0.44747105 -11.84375 138.22704 5.605778 -8.9140625 142.25761 -2.932292 -8.8359375 144.27548 6.0732994 0 146.69022 -2.7472918 0.00390625 146.6723 6.4484353 8.9140625 142.25761 -2.932292 11.060547 139.52707 4.9022193 11.527344 138.73183 -0.44747105 12.261719 135.42113 3.4719672 -8.859375 128.46883 5.919675 -9.314453 129.95848 6.309985 -9.322266 130.5918 3.8364978 -12.253906 134.86502 2.140968 0.00390625 143.58333 10.610647 2.2695313 137.16647 15.045361 6.0078125 137.13643 12.603768 3.8085938 135.45013 14.244078 -0.7167969 132.17552 15.1844635 0.31054688 132.07806 15.381008 -0.54296875 138.7717 15.700821 2.2695313 137.16647 15.045361 0.00390625 143.58333 10.610647 -1.6523438 134.31854 15.208433 2 128.93872 15.895337 -0.73828125 134.93875 19.294659 0.45703125 135.25835 16.241615 -3.3183594 135.13338 14.387471 -2.7285156 137.24486 14.146731 -4.576172 135.80891 13.654383 -4.5527344 137.24994 13.283141 -4.5527344 137.24994 13.283141 -9 135.679 12.933505 -7.1367188 131.59552 11.94944 -9.689453 131.15388 10.578712 -9 135.679 12.933505 -11.84375 138.22704 5.605778 -11.763672 133.53366 5.999589 -12.5546875 134.62001 4.222971 9.957031 130.26656 10.172356 9.921875 133.84735 10.419052 7.3203125 126.520096 11.144234 8.167969 133.21652 11.708395 8.660156 137.8488 10.236105 1.5722656 143.1207 10.935526 6.0078125 137.13643 12.603768 0.00390625 143.58333 10.610647 10.970703 138.79822 7.916237 11.060547 139.52707 4.9022193 6.8222656 145.29825 9.954092 0.00390625 146.6723 6.4484353 1.5722656 143.1207 10.935526 0.00390625 143.58333 10.610647 10.970703 138.79822 7.916237 6.8222656 145.29825 9.954092 8.660156 137.8488 10.236105 1.5722656 143.1207 10.935526 0.00390625 143.58333 10.610647 -1.5625 144.45932 10.9346075 -0.54296875 138.7717 15.700821 -2.0175781 139.92522 17.736713 -5.205078 140.88959 13.59014 -2.65625 143.02477 12.998329 -8.8359375 144.27548 6.0732994 0.00390625 146.6723 6.4484353 -1.5625 144.45932 10.9346075 -2.65625 143.02477 12.998329 -2.0175781 139.92522 17.736713 -2.7285156 137.24486 14.146731 -11.84375 138.22704 5.605778 -12.253906 134.86502 2.140968 -10.005859 137.04541 7.5711865 -7.1992188 135.99281 10.425505 7.6875 138.52596 10.200694 9.388672 129.95848 6.309985 11.6015625 135.35431 7.186858 12.261719 135.42113 3.4719672 0.25390625 143.87242 8.7644 -7.2089844 150.57416 14.968393 -7.140625 148.63109 15.196348 -15.285156 145.54457 23.178997 -2.7285156 137.24486 14.146731 -2.65625 143.02477 12.998329 -4.5527344 137.24994 13.283141 -5.205078 140.88959 13.59014 -9 135.679 12.933505 18.85295 107.426025 -15.726497 25.753849 107.67428 -13.858008 18.392767 96.45974 -11.082014 22.675217 107.3045 -9.826025 18.85295 107.426025 -15.726497 18.85295 107.426025 -15.726497 22.675217 107.3045 -9.826025 11.529751 96.593895 -8.558934 16.254463 107.522125 -10.2013 18.85295 107.426025 -15.726497 11.900185 104.18885 -8.5209675 15.203642 112.50747 -10.408768 16.254463 107.522125 -10.2013 14.551525 121.035774 -9.967328 21.82598 122.88207 -8.217599 22.675217 107.3045 -9.826025 25.753849 107.67428 -13.858008 21.82598 122.88207 -8.217599 24.901653 124.26983 -16.053848 12.215267 141.82655 -4.8495436 14.057809 137.80635 -2.616974 18.417702 137.76779 -8.737878 21.82598 122.88207 -8.217599 24.901653 124.26983 -16.053848 11.727547 134.91595 -5.897301 14.551525 121.035774 -9.967328 14.057809 137.80635 -2.616974 21.82598 122.88207 -8.217599 11.727547 134.91595 -5.897301 9.885005 138.93616 -8.12987 14.551525 121.035774 -9.967328 19.5631 123.31697 -19.419834 -18.853624 107.42622 -15.726962 -18.393442 96.45994 -11.082479 -25.754526 107.67448 -13.858473 -22.675894 107.30469 -9.82649 -23.927986 122.99894 -8.218232 -18.853624 107.42622 -15.726962 -11.528784 96.59401 -8.558345 -22.675894 107.30469 -9.82649 -16.25514 107.52232 -10.201764 -23.927986 122.99894 -8.218232 -16.653143 121.1499 -9.96784 -16.653143 121.1499 -9.96784 -16.25514 107.52232 -10.201764 -15.202675 112.50758 -10.408178 -11.90086 104.18904 -8.521432 -18.853624 107.42622 -15.726962 -16.25514 107.52232 -10.201764 -11.528784 96.59401 -8.558345 -11.727234 134.91547 -5.89733 -14.057495 137.80588 -2.6170032 -16.653143 121.1499 -9.96784 -23.927986 122.99894 -8.218232 -21.663809 123.43266 -19.419601 -9.88599 138.93684 -8.130766 -16.653143 121.1499 -9.96784 -11.727234 134.91547 -5.89733 -12.216253 141.82726 -4.850439 -9.88599 138.93684 -8.130766 -18.034222 137.93146 -9.257291 -21.663809 123.43266 -19.419601 -27.00457 124.38513 -16.055227 12.215267 141.82655 -4.8495436 18.417702 137.76779 -8.737878 9.885005 138.93616 -8.12987 19.5631 123.31697 -19.419834 -12.216253 141.82726 -4.850439 -18.034222 137.93146 -9.257291 -14.057495 137.80588 -2.6170032 -23.927986 122.99894 -8.218232 6.060547 132.44112 13.271105 7.8359375 133.10313 12.053001 6.0078125 137.13643 12.603768 3.8085938 135.45013 14.244078 -9.689453 131.15388 10.578712 -11.763672 133.53366 5.999589 -10.431641 126.5721 8.497841 -7.6308594 126.64436 11.651948 6.0078125 137.13643 12.603768 8.167969 133.21652 11.708395 9.921875 133.84735 10.419052 8.660156 137.8488 10.236105 12.261719 135.42113 3.4719672 11.6015625 135.35431 7.186858 10.1796875 126.03966 6.5421877 11.363281 126.17309 4.6035657 9.957031 130.26656 10.172356 10.3125 126.07687 7.5672245 11.6015625 135.35431 7.186858 9.921875 133.84735 10.419052 -10.498047 126.58228 6.2215443 -11.763672 133.53366 5.999589 -12.5546875 134.62001 4.222971 -11.830078 127.09428 4.0963454 14.551525 121.035774 -9.967328 19.5631 123.31697 -19.419834 18.85295 107.426025 -15.726497 15.203642 112.50747 -10.408768 19.5631 123.31697 -19.419834 24.901653 124.26983 -16.053848 25.753849 107.67428 -13.858008 18.85295 107.426025 -15.726497 -18.853624 107.42622 -15.726962 -21.663809 123.43266 -19.419601 -16.653143 121.1499 -9.96784 -15.202675 112.50758 -10.408178 -21.663809 123.43266 -19.419601 -18.853624 107.42622 -15.726962 -25.754526 107.67448 -13.858473 -27.00457 124.38513 -16.055227 -9 135.679 12.933505 -5.205078 140.88959 13.59014 -8.8359375 144.27548 6.0732994 -11.84375 138.22704 5.605778 9.388672 129.95848 6.309985 8.605469 127.380356 5.9199085 10.558594 129.70432 4.3954864 6.060547 132.44112 13.271105 6.8378906 129.46542 11.609266 7.8359375 133.10313 12.053001 -0.7167969 132.17552 15.1844635 -1.8222656 129.49634 14.431942 0.31054688 132.07806 15.381008 -3.6640625 131.91296 14.0435705 -3.3183594 135.13338 14.387471 -4.576172 135.80891 13.654383 -9.689453 131.15388 10.578712 -7.3398438 126.344986 11.186141 -7.1367188 131.59552 11.94944 -10.431641 126.5721 8.497841 -6.861328 123.2701 11.3583765 -7.6308594 126.64436 11.651948 6.8496094 123.07944 10.780375 10.3125 126.07687 7.5672245 9.957031 130.26656 10.172356 10.1796875 126.03966 6.5421877 8.572266 122.175125 7.1315947 11.363281 126.17309 4.6035657 -11.830078 127.09428 4.0963454 -8.46875 122.203354 6.21004 -10.498047 126.58228 6.2215443 -7.1992188 135.99281 10.425505 -12.253906 134.86502 2.140968 -9.314453 129.95848 6.309985 -1.5625 144.45932 10.9346075 0.00390625 143.58333 10.610647 0.00390625 146.6723 6.4484353 10.9140625 135.69188 -3.6940045 9.998047 134.11665 -4.7159905 0 134.11739 -10.224724 -11.763672 133.53366 5.999589 -9.689453 131.15388 10.578712 -9 135.679 12.933505 -2.65625 143.02477 12.998329 -1.5625 144.45932 10.9346075 0.00390625 146.6723 6.4484353 22.675217 107.3045 -9.826025 21.82598 122.88207 -8.217599 16.254463 107.522125 -10.2013 -22.675894 107.30469 -9.82649 -18.393442 96.45994 -11.082479 -18.853624 107.42622 -15.726962 -23.927986 122.99894 -8.218232 -27.00457 124.38513 -16.055227 -25.754526 107.67448 -13.858473 -3.1796875 123.18782 1.4269861 -8.646484 127.59697 3.0515273 -9.017578 128.40047 -2.512484 8.722656 127.59697 3.0515273 10.558594 129.70432 4.3954864 8.605469 127.380356 5.9199085 8.605469 127.380356 5.9199085 7.9296875 126.01533 4.653784 8.722656 127.59697 3.0515273 -8.859375 128.46883 5.919675 -9.322266 130.5918 3.8364978 -8.646484 127.59697 3.0515273 -8.646484 127.59697 3.0515273 -7.5273438 124.92686 4.6540174 -8.859375 128.46883 5.919675 18.417702 137.76779 -8.737878 24.901653 124.26983 -16.053848 19.5631 123.31697 -19.419834 -18.034222 137.93146 -9.257291 -27.00457 124.38513 -16.055227 -23.927986 122.99894 -8.218232 4.7393584 48.361427 2.6038039 0.45841122 75.52855 2.0047128 6.308222 50.18078 -0.9478796 2.4414115 76.31305 -3.1604848 9.755873 51.09163 -0.9461083 9.514872 77.586975 -2.6151593 11.526495 49.93231 2.8737483 11.008787 78.18462 3.9141085 4.7393584 48.361427 2.6038039 5.288091 39.398083 2.0434544 8.190923 46.809242 6.1809506 8.83713 39.772217 5.850356 11.526495 49.93231 2.8737483 12.765612 40.892082 2.4427958 9.882182 48.956303 -0.9076911 11.11807 41.33179 -2.3262918 6.726845 48.230927 -1.2550807 6.985237 40.79597 -2.7412698 4.7393584 48.361427 2.6038039 5.288091 39.398083 2.0434544 2.78125 121.96444 2.937841 2.9121094 116.83027 1.6131089 0.037109375 120.960014 0.061490368 0 117.71563 -0.9425084 -2.7070313 121.96444 2.937841 -2.9121094 116.83027 1.6131089 2.9121094 116.83027 1.6131089 2.78125 121.96444 2.937841 0 115.392044 4.3413343 0.037109375 120.3291 5.9436016 -2.9121094 116.83027 1.6131089 -2.7070313 121.96444 2.937841 7.9296875 126.01533 4.653784 7.2148438 125.918495 11.271688 6.2871094 122.502365 7.031492 5.8789063 123.248856 11.486745 0.037109375 119.49101 11.487085 0.037109375 120.161865 12.563408 -6.2128906 122.502365 7.031492 -6.1777344 123.24411 11.515922 -7.5273438 124.92686 4.6540174 -7.6464844 125.918274 11.279499 -0.45801353 75.529236 2.0044596 -4.739086 48.360283 2.6056108 -2.386191 76.31406 -3.1608255 -6.309773 50.1816 -0.9481376 -9.571245 77.58748 -2.6153297 -9.755602 51.090378 -0.9462512 -11.0083885 78.18532 3.9138553 -11.526097 49.933 2.873495 -5.289762 39.39704 2.0423002 -4.739086 48.360283 2.6056108 -8.838683 39.77305 5.851232 -8.190645 46.808075 6.1798015 -12.765206 40.89286 2.4417253 -11.526097 49.933 2.873495 -10.925914 41.33174 -2.3264244 -9.881914 48.955055 -0.9068889 -7.176719 40.795555 -2.7414055 -6.726567 48.22976 -1.25623 -5.289762 39.39704 2.0423002 -4.739086 48.360283 2.6056108 5.453125 89.88319 -0.15154244 5.6308594 96.486595 0.47635654 8.71875 89.88803 3.91118 6.4882813 96.488 3.9120896 0 89.86991 10.009151 0 96.48842 8.691645 -8.71875 89.88803 3.91118 -6.4882813 96.488 3.9120896 -5.453125 89.882965 0.14925486 -5.6328125 96.48659 0.48612267 10.052769 110.797195 4.564137 11.0781975 112.07919 4.4487667 11.676541 115.396545 1.3704123 12.426186 114.69953 2.942661 12.4339905 114.91055 -0.28602073 9.971682 115.56746 1.3335204 9.954626 114.94661 -0.85604376 5.067662 115.54988 1.580257 5.047126 114.93163 -1.7636627 2.9121094 116.83027 1.6131089 0 117.71563 -0.9425084 10.030939 111.05136 -2.932338 8.713371 110.585236 -3.3931305 9.954626 114.94661 -0.85604376 5.047126 114.93163 -1.7636627 10.052769 110.797195 4.564137 11.676541 115.396545 1.3704123 9.971682 115.56746 1.3335204 9.954626 114.94661 -0.85604376 11.676541 115.396545 1.3704123 12.4339905 114.91055 -0.28602073 11.560263 114.9672 -0.72343075 11.058392 111.78258 -2.2429805 10.030939 111.05136 -2.932338 11.676541 115.396545 1.3704123 11.560263 114.9672 -0.72343075 9.954626 114.94661 -0.85604376 10.030939 111.05136 -2.932338 2.9121094 116.83027 1.6131089 0 115.392044 4.3413343 5.067662 115.54988 1.580257 0 113.51198 5.424837 8.190923 46.809242 6.1809506 11.526495 49.93231 2.8737483 8.027364 48.74375 6.335638 7.825774 50.789143 6.711509 4.7393584 48.361427 2.6038039 -12.425216 114.69944 2.942683 -11.079147 112.07874 4.448788 -11.677851 115.39801 1.3704338 -10.054079 110.79867 4.5641584 -9.972631 115.56701 1.3335419 -12.425216 114.69944 2.942683 -11.677851 115.39801 1.3704338 -12.433381 114.912384 -0.28599906 -11.559294 114.96711 -0.72340906 -11.057421 111.782486 -2.2429588 -10.029969 111.05127 -2.9323163 -9.972631 115.56701 1.3335419 -5.066692 115.5498 1.5802788 -9.9559355 114.94808 -0.85602236 -5.046156 114.93154 -1.763641 -8.714682 110.5867 -3.393109 0 110.698425 -4.0464764 -9.972631 115.56701 1.3335419 -9.9559355 114.94808 -0.85602236 -11.677851 115.39801 1.3704338 -11.559294 114.96711 -0.72340906 0 113.51198 5.424837 0 115.392044 4.3413343 -5.066692 115.5498 1.5802788 -2.9121094 116.83027 1.6131089 0 117.71563 -0.9425084 -5.066692 115.5498 1.5802788 0 117.71563 -0.9425084 -5.046156 114.93154 -1.763641 0 115.4319 -2.462859 0 110.698425 -4.0464764 5.047126 114.93163 -1.7636627 8.713371 110.585236 -3.3931305 10.052769 110.797195 4.564137 0 113.51198 5.424837 0 109.33833 7.5429993 -10.054079 110.79867 4.5641584 8.605469 127.380356 5.9199085 7.9296875 126.01533 4.653784 9.214844 127.37522 4.93487 9.576172 126.97088 4.1065063 10.7890625 128.57278 3.5073073 10.060547 126.15292 3.1862304 11.732422 128.12396 2.3884614 6.2871094 122.502365 7.031492 0.037109375 119.49101 11.487085 0.037109375 120.3291 5.9436016 -6.2128906 122.502365 7.031492 -2.7070313 121.96444 2.937841 -7.5273438 124.92686 4.6540174 3.2539063 123.18782 1.4269861 2.78125 121.96444 2.937841 0 121.50719 -0.07872664 0.037109375 120.960014 0.061490368 -2.7070313 121.96444 2.937841 8.605469 127.380356 5.9199085 9.214844 127.37522 4.93487 9.767578 129.484 5.1317825 10.337891 129.0891 4.4522038 11.064453 130.2755 3.8958747 10.7890625 128.57278 3.5073073 11.794922 129.46098 2.717749 11.732422 128.12396 2.3884614 3.2539063 123.18782 1.4269861 8.722656 127.59697 3.0515273 2.78125 121.96444 2.937841 7.9296875 126.01533 4.653784 7.9296875 126.01533 4.653784 6.2871094 122.502365 7.031492 2.78125 121.96444 2.937841 0.037109375 120.3291 5.9436016 -7.5273438 124.92686 4.6540174 -8.859375 128.46883 5.919675 -9.140625 127.37522 4.93487 -9.693359 129.484 5.1317825 -10.263672 129.0891 4.4522038 -10.990234 130.2755 3.8958747 -10.714844 128.57278 3.5073073 -11.720703 129.46098 2.717749 -11.658203 128.12396 2.3884614 -3.1796875 123.18782 1.4269861 -2.7070313 121.96444 2.937841 -8.646484 127.59697 3.0515273 -7.5273438 124.92686 4.6540174 -10.263672 129.0891 4.4522038 -10.714844 128.57278 3.5073073 -9.140625 127.37522 4.93487 -9.501953 126.97088 4.1065063 -7.5273438 124.92686 4.6540174 -9.984375 126.15292 3.1862304 -11.658203 128.12396 2.3884614 -9.984375 126.15292 3.1862304 -10.714844 128.57278 3.5073073 -9.501953 126.97088 4.1065063 -11.526097 49.933 2.873495 -8.190645 46.808075 6.1798015 -8.026958 48.744534 6.3345675 -4.739086 48.360283 2.6056108 -7.8253765 50.789833 6.711256 5.6308594 96.486595 0.47635654 5.453125 89.88319 -0.15154244 0 96.48751 -0.7756634 0 89.87697 -2.3430712 -5.453125 89.882965 0.14925486 0 113.51198 5.424837 10.052769 110.797195 4.564137 9.971682 115.56746 1.3335204 5.067662 115.54988 1.580257 7.825774 50.789143 6.711509 11.526495 49.93231 2.8737483 11.008787 78.18462 3.9141085 5.889558 76.70372 8.521972 7.825774 50.789143 6.711509 5.889558 76.70372 8.521972 0.45841122 75.52855 2.0047128 4.7393584 48.361427 2.6038039 0 113.51198 5.424837 -5.066692 115.5498 1.5802788 -9.972631 115.56701 1.3335419 -10.054079 110.79867 4.5641584 6.308222 50.18078 -0.9478796 9.755873 51.09163 -0.9461083 9.882182 48.956303 -0.9076911 6.726845 48.230927 -1.2550807 -7.8253765 50.789833 6.711256 -5.889288 76.70247 8.521829 -11.0083885 78.18532 3.9138553 -11.526097 49.933 2.873495 -7.8253765 50.789833 6.711256 -4.739086 48.360283 2.6056108 -0.45801353 75.529236 2.0044596 -5.889288 76.70247 8.521829 -9.881914 48.955055 -0.9068889 -9.755602 51.090378 -0.9462512 -6.309773 50.1816 -0.9481376 -6.726567 48.22976 -1.25623 -8.714682 110.5867 -3.393109 -10.029969 111.05127 -2.9323163 -9.9559355 114.94808 -0.85602236 -10.029969 111.05127 -2.9323163 -11.559294 114.96711 -0.72340906 -9.9559355 114.94808 -0.85602236 10.7890625 128.57278 3.5073073 10.337891 129.0891 4.4522038 9.214844 127.37522 4.93487 9.576172 126.97088 4.1065063 7.9296875 126.01533 4.653784 10.060547 126.15292 3.1862304 -2.7070313 121.96444 2.937841 -3.1796875 123.18782 1.4269861 0 121.50719 -0.07872664 5.047126 114.93163 -1.7636627 0 115.4319 -2.462859 0 117.71563 -0.9425084 8.190923 46.809242 6.1809506 8.027364 48.74375 6.335638 4.7393584 48.361427 2.6038039 9.755873 51.09163 -0.9461083 11.526495 49.93231 2.8737483 9.882182 48.956303 -0.9076911 6.726845 48.230927 -1.2550807 4.7393584 48.361427 2.6038039 6.308222 50.18078 -0.9478796 -7.8253765 50.789833 6.711256 -11.526097 49.933 2.873495 -8.026958 48.744534 6.3345675 -9.755602 51.090378 -0.9462512 -9.881914 48.955055 -0.9068889 -11.526097 49.933 2.873495 -6.726567 48.22976 -1.25623 -6.309773 50.1816 -0.9481376 -4.739086 48.360283 2.6056108 -5.453125 89.882965 0.14925486 -5.6328125 96.48659 0.48612267 0 96.48751 -0.7756634 5.3359375 104.353836 -3.3616157 8.630859 104.9028 -0.83764166 5.6308594 98.62557 0.2239974 6.6972656 98.62483 3.9116955 5.6308594 96.486595 0.47635654 6.4882813 96.488 3.9120896 0 96.48842 8.691645 6.4882813 96.488 3.9120896 0 98.62504 8.982282 6.6972656 98.62483 3.9116955 0 106.59265 9.451255 8.355469 105.385475 4.205951 18.332182 111.37937 -2.4581075 11.058392 111.78258 -2.2429805 19.050047 114.7072 -0.5582094 12.4339905 114.91055 -0.28602073 19.035172 114.65933 3.6977427 12.426186 114.69953 2.942661 18.332703 111.37628 5.5774283 11.0781975 112.07919 4.4487667 7.734612 15.673022 1.8316813 5.288091 39.398083 2.0434544 9.206953 15.799061 -0.9367342 6.985237 40.79597 -2.7412698 11.232533 15.861936 -0.9092861 11.11807 41.33179 -2.3262918 12.76851 15.743316 2.086581 12.765612 40.892082 2.4427958 10.417383 15.584433 4.777984 8.83713 39.772217 5.850356 7.734612 15.673022 1.8316813 5.288091 39.398083 2.0434544 -6.4882813 96.488 3.9120896 0 96.48842 8.691645 -6.6992188 98.62483 3.9116955 0 98.62504 8.982282 -8.355469 105.385475 4.205951 0 106.59265 9.451255 -5.6328125 96.48659 0.48612267 -5.6328125 98.62557 0.2239974 0 96.48751 -0.7756634 0 98.62468 -1.233113 5.6308594 96.486595 0.47635654 5.6308594 98.62557 0.2239974 -11.057421 111.782486 -2.2429588 -18.331652 111.37898 -2.4581783 -12.433381 114.912384 -0.28599906 -19.049517 114.70681 -0.5582803 -12.425216 114.69944 2.942683 -19.036589 114.65901 3.6978095 -11.079147 112.07874 4.448788 -18.332172 111.37589 5.577358 12.955469 79.53487 -0.94861865 17.134804 70.41455 -1.7224882 7.7128906 79.42836 -5.9597116 9.729429 72.098305 -7.437581 -0.009765625 78.74688 -7.238109 -0.01953125 69.21757 -9.854305 -7.732422 79.42836 -5.9597116 -9.767578 71.60417 -7.4363885 -12.975604 79.535194 -1.3596318 -17.026062 70.051636 -2.926909 6.0742188 85.5713 -3.722694 7.7128906 79.42836 -5.9597116 0 85.446106 -5.539173 -0.009765625 78.74688 -7.238109 -6.0742188 85.5713 -3.722694 -7.732422 79.42836 -5.9597116 12.047596 79.242455 4.837623 10.394531 87.493164 4.1985106 6.0247498 78.497185 10.187176 5.1972656 88.68251 7.103832 0 77.75043 11.761479 0 89.86991 10.009151 -6.4247575 78.34153 10.458408 -5.1972656 88.68251 7.103832 -12.849705 78.93436 5.3781667 -10.396484 87.493164 4.1985106 -8.630859 104.9028 -0.83764166 -5.3378906 104.353836 -3.3616157 -6.6992188 98.62483 3.9116955 -5.6328125 98.62557 0.2239974 -6.4882813 96.488 3.9120896 -5.6328125 96.48659 0.48612267 8.576172 94.87265 3.9421625 6.4882813 96.488 3.9120896 0 95.002464 10.743405 0 96.48842 8.691645 -8.576172 94.87265 3.9421625 -6.4882813 96.488 3.9120896 16.059937 69.96975 5.304581 12.047596 79.242455 4.837623 8.029907 69.80894 9.108321 6.0247498 78.497185 10.187176 0 69.64967 12.9154415 0 77.75043 11.761479 -7.661653 71.23702 8.979919 -6.4247575 78.34153 10.458408 -15.323698 72.82717 5.0479193 -12.849705 78.93436 5.3781667 -5.289762 39.39704 2.0423002 -7.736165 15.673852 1.8325576 -7.176719 40.795555 -2.7414055 -9.208624 15.798021 -0.9378883 -10.925914 41.33174 -2.3264244 -11.2340765 15.8628435 -0.91036135 -12.765206 40.89286 2.4417253 -12.768242 15.742069 2.087383 -8.838683 39.77305 5.851232 -10.417115 15.583187 4.778786 -5.289762 39.39704 2.0423002 -7.736165 15.673852 1.8325576 6.4882813 96.488 3.9120896 8.576172 94.87265 3.9421625 5.6308594 96.486595 0.47635654 6.6757813 95.02616 -0.3157674 0 96.540245 -0.77562493 0 95.18002 -2.391939 -5.6328125 96.48659 0.48612267 -6.6757813 95.02615 -0.30600125 -6.4882813 96.488 3.9120896 -8.576172 94.87265 3.9421625 11.058392 111.78258 -2.2429805 9.552734 106.106064 -0.93247193 10.030939 111.05136 -2.932338 8.713371 110.585236 -3.3931305 9.552734 106.106064 -0.93247193 9.220703 106.10655 3.7533278 8.630859 104.9028 -0.83764166 8.355469 105.385475 4.205951 6.6972656 98.62483 3.9116955 8.630859 104.9028 -0.83764166 5.3359375 104.353836 -3.3616157 8.713371 110.585236 -3.3931305 0 110.698425 -4.0464764 10.052769 110.797195 4.564137 0 109.33833 7.5429993 0 106.59265 9.451255 -10.054079 110.79867 4.5641584 -8.355469 105.385475 4.205951 -9.222656 106.10655 3.7533278 11.058392 111.78258 -2.2429805 18.332182 111.37937 -2.4581075 9.552734 106.106064 -0.93247193 17.65678 107.89404 -0.5794278 11.0781975 112.07919 4.4487667 9.220703 106.10655 3.7533278 18.332703 111.37628 5.5774283 17.655283 107.892525 3.768217 -6.6992188 98.62483 3.9116955 -8.355469 105.385475 4.205951 -8.630859 104.9028 -0.83764166 -9.222656 106.10655 3.7533278 -9.5546875 106.106064 -0.93247193 -11.057421 111.782486 -2.2429588 -10.029969 111.05127 -2.9323163 -9.5546875 106.106064 -0.93247193 -8.714682 110.5867 -3.393109 -8.630859 104.9028 -0.83764166 -8.714682 110.5867 -3.393109 -5.3378906 104.353836 -3.3616157 0 110.698425 -4.0464764 0 104.464966 -3.0802693 5.3359375 104.353836 -3.3616157 0 98.62468 -1.233113 5.6308594 98.62557 0.2239974 -11.057421 111.782486 -2.2429588 -9.5546875 106.106064 -0.93247193 -18.331652 111.37898 -2.4581783 -17.65625 107.893654 -0.5794986 -17.6567 107.892204 3.7682838 -9.222656 106.10655 3.7533278 -18.332172 111.37589 5.577358 -11.079147 112.07874 4.448788 17.134804 70.41455 -1.7224882 12.955469 79.53487 -0.94861865 16.059937 69.96975 5.304581 12.047596 79.242455 4.837623 12.047596 79.242455 4.837623 12.955469 79.53487 -0.94861865 10.394531 87.493164 4.1985106 6.0742188 85.5713 -3.722694 5.453125 89.88319 -0.15154244 0 89.87697 -2.3430712 -17.026062 70.051636 -2.926909 -15.323698 72.82717 5.0479193 -12.975604 79.535194 -1.3596318 -12.849705 78.93436 5.3781667 -10.396484 87.493164 4.1985106 -10.396484 87.493164 4.1985106 -5.1972656 88.68251 7.103832 -8.71875 89.88803 3.91118 0 89.86991 10.009151 -7.732422 79.42836 -5.9597116 -12.975604 79.535194 -1.3596318 -6.0742188 85.5713 -3.722694 -10.396484 87.493164 4.1985106 -5.453125 89.882965 0.14925486 -8.71875 89.88803 3.91118 16.059937 69.96975 5.304581 -0.009765625 73.28398 0.0020923615 17.134804 70.41455 -1.7224882 9.729429 72.098305 -7.437581 9.729429 72.098305 -7.437581 -0.009765625 73.28398 0.0020923615 -0.01953125 69.21757 -9.854305 -9.767578 71.60417 -7.4363885 0 69.64967 12.9154415 -0.009765625 73.28398 0.0020923615 8.029907 69.80894 9.108321 16.059937 69.96975 5.304581 -9.767578 71.60417 -7.4363885 -0.009765625 73.28398 0.0020923615 -17.026062 70.051636 -2.926909 -15.323698 72.82717 5.0479193 0 69.64967 12.9154415 -7.661653 71.23702 8.979919 -0.009765625 73.28398 0.0020923615 -15.323698 72.82717 5.0479193 9.220703 106.10655 3.7533278 10.052769 110.797195 4.564137 8.355469 105.385475 4.205951 0 106.59265 9.451255 0 104.464966 -3.0802693 0 98.62468 -1.233113 -5.3378906 104.353836 -3.3616157 -5.6328125 98.62557 0.2239974 6.0742188 85.5713 -3.722694 0 85.446106 -5.539173 0 89.87697 -2.3430712 -6.0742188 85.5713 -3.722694 -5.453125 89.882965 0.14925486 0 89.86991 10.009151 5.1972656 88.68251 7.103832 8.71875 89.88803 3.91118 10.394531 87.493164 4.1985106 10.9140625 135.69188 -3.6940045 7.7089844 139.05907 -6.167714 11.727547 134.91595 -5.897301 9.885005 138.93616 -8.12987 14.057809 137.80635 -2.616974 11.527344 138.73183 -0.44747105 11.727547 134.91595 -5.897301 10.9140625 135.69188 -3.6940045 12.215267 141.82655 -4.8495436 8.9140625 142.25761 -2.932292 14.057809 137.80635 -2.616974 11.527344 138.73183 -0.44747105 9.885005 138.93616 -8.12987 7.7089844 139.05907 -6.167714 12.215267 141.82655 -4.8495436 8.9140625 142.25761 -2.932292 -9.88599 138.93684 -8.130766 -7.7089844 139.05907 -6.167714 -11.727234 134.91547 -5.89733 -10.9140625 135.69188 -3.6940045 -10.9140625 135.69188 -3.6940045 -11.527344 138.73183 -0.44747105 -11.727234 134.91547 -5.89733 -14.057495 137.80588 -2.6170032 -11.527344 138.73183 -0.44747105 -8.9140625 142.25761 -2.932292 -14.057495 137.80588 -2.6170032 -12.216253 141.82726 -4.850439 -8.9140625 142.25761 -2.932292 -7.7089844 139.05907 -6.167714 -12.216253 141.82726 -4.850439 -9.88599 138.93684 -8.130766 17.65678 107.89404 -0.5794278 17.655283 107.892525 3.768217 9.220703 106.10655 3.7533278 9.552734 106.106064 -0.93247193 -9.222656 106.10655 3.7533278 -17.6567 107.892204 3.7682838 -17.65625 107.893654 -0.5794986 -9.5546875 106.106064 -0.93247193 8.713371 110.585236 -3.3931305 9.552734 106.106064 -0.93247193 8.630859 104.9028 -0.83764166 10.052769 110.797195 4.564137 9.220703 106.10655 3.7533278 11.0781975 112.07919 4.4487667 -8.630859 104.9028 -0.83764166 -9.5546875 106.106064 -0.93247193 -8.714682 110.5867 -3.393109 -10.054079 110.79867 4.5641584 -11.079147 112.07874 4.448788 -9.222656 106.10655 3.7533278 12.955469 79.53487 -0.94861865 7.7128906 79.42836 -5.9597116 6.0742188 85.5713 -3.722694 18.332182 111.37937 -2.4581075 19.050047 114.7072 -0.5582094 16.507307 111.3177 1.5747564 17.65678 107.89404 -0.5794278 18.332182 111.37937 -2.4581075 16.507307 111.3177 1.5747564 17.655283 107.892525 3.768217 17.65678 107.89404 -0.5794278 16.507307 111.3177 1.5747564 18.332703 111.37628 5.5774283 17.655283 107.892525 3.768217 16.507307 111.3177 1.5747564 19.035172 114.65933 3.6977427 18.332703 111.37628 5.5774283 16.507307 111.3177 1.5747564 19.050047 114.7072 -0.5582094 19.035172 114.65933 3.6977427 16.507307 111.3177 1.5747564 -19.049517 114.70681 -0.5582803 -18.331652 111.37898 -2.4581783 -17.662766 111.319176 1.5754793 -18.331652 111.37898 -2.4581783 -17.65625 107.893654 -0.5794986 -17.662766 111.319176 1.5754793 -17.65625 107.893654 -0.5794986 -17.6567 107.892204 3.7682838 -17.662766 111.319176 1.5754793 -17.6567 107.892204 3.7682838 -18.332172 111.37589 5.577358 -17.662766 111.319176 1.5754793 -18.332172 111.37589 5.577358 -19.036589 114.65901 3.6978095 -17.662766 111.319176 1.5754793 -19.036589 114.65901 3.6978095 -19.049517 114.70681 -0.5582803 -17.662766 111.319176 1.5754793 5.453125 89.88319 -0.15154244 8.71875 89.88803 3.91118 10.394531 87.493164 4.1985106 7.7692847 8.799309 2.113795 7.640508 2.042187 6.431528 10.765183 9.532788 5.560675 10.900014 6.200413 8.449484 13.962061 9.035978 2.2141023 14.493376 1.9198455 6.443519 9.206953 15.799061 -0.9367342 10.554082 8.920396 -1.5918113 7.734612 15.673022 1.8316813 7.7692847 8.799309 2.113795 10.417383 15.584433 4.777984 10.765183 9.532788 5.560675 12.76851 15.743316 2.086581 13.962061 9.035978 2.2141023 11.232533 15.861936 -0.9092861 10.554082 8.920396 -1.5918113 8.726256 0.4778991 3.0091321 8.095456 3.116551 3.07086 10.567756 0.43803102 -1.790039 10.639997 3.6510859 -2.364031 13.282465 0.40784362 2.959648 13.622281 3.3113291 3.2342763 27.681177 110.68658 -0.7705585 17.706718 111.04628 -1.8643768 26.225636 113.50774 1.4514352 18.428442 113.5822 1.4168841 24.673567 110.77103 3.5633628 17.707731 111.045586 4.2774014 24.673567 110.77103 3.5633628 17.707731 111.045586 4.2774014 26.336107 109.25655 1.4236066 17.50978 109.18499 1.4146725 27.681177 110.68658 -0.7705585 17.706718 111.04628 -1.8643768 26.982292 110.41578 32.10943 27.49215 112.64282 26.29616 26.184423 110.3055 32.102203 25.723717 112.303024 26.002335 26.27167 109.63967 31.635809 25.977936 110.65606 25.845736 27.031988 109.78949 31.693083 27.505575 110.833206 26.126091 26.982292 110.41578 32.10943 27.49215 112.64282 26.29616 28.71038 109.099304 31.69722 29.581255 110.97147 26.531794 28.66583 109.3159 32.29183 29.556032 112.87883 26.694986 27.9508 109.30565 32.238525 27.49215 112.64282 26.29616 27.99898 109.096275 31.638796 27.505575 110.833206 26.126091 28.71038 109.099304 31.69722 29.581255 110.97147 26.531794 29.581255 110.97147 26.531794 29.889229 108.089264 30.46348 29.556032 112.87883 26.694986 29.847591 108.08128 31.212788 31.673784 112.73444 26.687052 30.559422 108.00403 31.268517 31.713718 110.93449 26.244335 30.60329 107.99987 30.518572 31.688982 107.6654 29.149582 32.944145 110.622826 25.776594 31.643284 107.57193 29.656097 33.32412 112.36775 26.509474 31.161818 107.685005 29.61597 31.673784 112.73444 26.687052 31.206326 107.77985 29.115026 31.713718 110.93449 26.244335 31.688982 107.6654 29.149582 32.944145 110.622826 25.776594 25.827642 107.91196 22.314949 25.160847 107.199295 27.045376 24.338936 108.32301 23.139856 24.492674 106.79449 26.814772 24.216589 109.5797 24.220913 24.276821 107.405304 27.359642 25.698996 109.99375 23.955948 25.160847 107.199295 27.045376 27.339317 110.59935 16.304562 27.634584 110.562675 18.899965 29.864569 113.309265 16.251125 30.098497 113.30221 18.961754 31.198196 111.25185 16.221758 31.359022 111.340225 19.234781 -17.708134 111.04596 -1.86431 -27.682522 110.68821 -0.7704689 -18.429785 113.58383 1.4169737 -26.225105 113.50734 1.4513644 -17.707129 111.04715 4.2773533 -24.672964 110.77259 3.563315 -17.707129 111.04715 4.2773533 -24.672964 110.77259 3.563315 -17.511198 109.18467 1.4147393 -26.337452 109.25818 1.4236963 -17.708134 111.04596 -1.86431 -27.682522 110.68821 -0.7704689 -27.493736 112.64471 26.294987 -26.981705 110.41442 32.10877 -25.72545 112.302864 26.003021 -26.185734 110.304474 32.101868 -25.977571 110.65787 25.844637 -26.27298 109.63864 31.635471 -27.505358 110.83297 26.12685 -27.030766 109.79046 31.693766 -27.493736 112.64471 26.294987 -26.981705 110.41442 32.10877 -29.581038 110.971245 26.532553 -28.711294 109.09874 31.698738 -29.557766 112.87868 26.695673 -28.667141 109.31488 32.291492 -27.493736 112.64471 26.294987 -27.95211 109.30462 32.23819 -27.505358 110.83297 26.12685 -28.00029 109.095245 31.638458 -29.581038 110.971245 26.532553 -28.711294 109.09874 31.698738 -29.889904 108.09057 30.464487 -29.581038 110.971245 26.532553 -29.846764 108.0818 31.211613 -29.557766 112.87868 26.695673 -30.560732 108.003006 31.268177 -31.67349 112.73431 26.685863 -30.603966 108.001175 30.519577 -31.713425 110.93434 26.243145 -32.943928 110.6226 25.777353 -31.687757 107.66637 29.150265 -33.323826 112.36761 26.508284 -31.642061 107.5729 29.65678 -31.67349 112.73431 26.685863 -31.162731 107.68444 29.617489 -31.713425 110.93434 26.243145 -31.207 107.78115 29.116034 -32.943928 110.6226 25.777353 -31.687757 107.66637 29.150265 -24.49238 106.79434 26.813581 -24.338642 108.32287 23.138666 -24.278479 107.405235 27.358377 -24.216372 109.57947 24.221674 -25.16063 107.199066 27.046137 -25.70073 109.9936 23.956635 13.818359 76.32234 -9.557361 7.1835938 75.68686 -12.772707 11.2890625 86.55006 -6.765082 4.966797 85.942474 -9.827053 9.798828 85.309746 -3.4414353 3.4765625 84.70233 -6.505353 -7.640524 2.0422208 6.431518 -7.7693005 8.799342 2.1137853 -10.901982 6.2004466 8.449474 -10.765199 9.532822 5.5606656 -14.495345 1.919879 6.4435096 -13.962076 9.036013 2.2140925 -10.554098 8.92043 -1.591821 -9.208624 15.798021 -0.9378883 -7.7693005 8.799342 2.1137853 -7.736165 15.673852 1.8325576 -10.765199 9.532822 5.5606656 -10.417115 15.583187 4.778786 -13.962076 9.036013 2.2140925 -12.768242 15.742069 2.087383 -10.554098 8.92043 -1.591821 -11.2340765 15.8628435 -0.91036135 -8.095471 3.1165848 3.0708504 -8.726273 0.47793302 3.0091224 -10.640013 3.6511197 -2.3640409 -10.569724 0.43806455 -1.7900486 -13.622296 3.311363 3.2342668 -13.28248 0.40787753 2.959638 11.277128 1.4837884 15.919271 7.640508 2.042187 6.431528 11.281033 0.3357964 15.844781 7.820179 0.76384914 6.396131 14.339085 0.66315144 6.0268345 13.622281 3.3113291 3.2342763 14.493376 1.9198455 6.443519 13.962061 9.035978 2.2141023 11.281033 0.3357964 15.844781 7.820179 0.76384914 6.396131 14.339085 0.66315144 6.0268345 13.622281 3.3113291 3.2342763 10.900014 6.200413 8.449484 11.277128 1.4837884 15.919271 14.493376 1.9198455 6.443519 11.281033 0.3357964 15.844781 14.339085 0.66315144 6.0268345 7.820179 0.76384914 6.396131 7.640508 2.042187 6.431528 8.095456 3.116551 3.07086 7.7692847 8.799309 2.113795 10.639997 3.6510859 -2.364031 10.554082 8.920396 -1.5918113 13.962061 9.035978 2.2141023 10.567756 0.43803102 -1.790039 13.282465 0.40784362 2.959648 8.726256 0.4778991 3.0091321 8.095456 3.116551 3.07086 7.820179 0.76384914 6.396131 8.095456 3.116551 3.07086 13.622281 3.3113291 3.2342763 13.282465 0.40784362 2.959648 28.588474 113.34189 1.4046438 26.225636 113.50774 1.4514352 25.9169 110.77379 3.766666 24.673567 110.77103 3.5633628 28.636292 109.31701 1.5529233 25.9169 110.77379 3.766666 26.336107 109.25655 1.4236066 24.673567 110.77103 3.5633628 30.36676 110.800255 0.72563857 27.681177 110.68658 -0.7705585 28.588474 113.34189 1.4046438 26.225636 113.50774 1.4514352 30.36676 110.800255 0.72563857 28.636292 109.31701 1.5529233 27.681177 110.68658 -0.7705585 26.336107 109.25655 1.4236066 25.723717 112.303024 26.002335 26.012732 112.73691 23.575825 25.977936 110.65606 25.845736 25.698996 109.99375 23.955948 33.32412 112.36775 26.509474 32.944145 110.622826 25.776594 31.359022 111.340225 19.234781 30.161352 109.97912 19.157064 25.977936 110.65606 25.845736 25.698996 109.99375 23.955948 27.505575 110.833206 26.126091 25.827642 107.91196 22.314949 29.581255 110.97147 26.531794 30.161352 109.97912 19.157064 31.713718 110.93449 26.244335 32.944145 110.622826 25.776594 31.673784 112.73444 26.687052 30.098497 113.30221 18.961754 29.556032 112.87883 26.694986 27.49215 112.64282 26.29616 31.359022 111.340225 19.234781 30.098497 113.30221 18.961754 33.32412 112.36775 26.509474 31.673784 112.73444 26.687052 30.161352 109.97912 19.157064 25.827642 107.91196 22.314949 27.634584 110.562675 18.899965 24.338936 108.32301 23.139856 26.059305 111.36127 20.989351 24.216589 109.5797 24.220913 25.698996 109.99375 23.955948 27.634584 110.562675 18.899965 26.059305 111.36127 20.989351 30.098497 113.30221 18.961754 26.012732 112.73691 23.575825 27.49215 112.64282 26.29616 25.723717 112.303024 26.002335 -28.588058 113.34151 1.404209 -25.916485 110.77341 3.7662313 -26.225105 113.50734 1.4513644 -24.672964 110.77259 3.563315 -24.672964 110.77259 3.563315 -25.916485 110.77341 3.7662313 -26.337452 109.25818 1.4236963 -28.637825 109.316696 1.552381 -30.366344 110.79987 0.7252039 -28.588058 113.34151 1.404209 -27.682522 110.68821 -0.7704689 -26.225105 113.50734 1.4513644 -30.366344 110.79987 0.7252039 -27.682522 110.68821 -0.7704689 -28.637825 109.316696 1.552381 -26.337452 109.25818 1.4236963 -25.70073 109.9936 23.956635 -26.01244 112.73676 23.574635 -25.977571 110.65787 25.844637 -25.72545 112.302864 26.003021 -30.160864 109.98068 19.156652 -32.943928 110.6226 25.777353 -31.358606 111.33984 19.234346 -33.323826 112.36761 26.508284 -27.505358 110.83297 26.12685 -29.581038 110.971245 26.532553 -25.829298 107.91189 22.313686 -30.160864 109.98068 19.156652 -25.977571 110.65787 25.844637 -27.505358 110.83297 26.12685 -25.70073 109.9936 23.956635 -25.829298 107.91189 22.313686 -24.49238 106.79434 26.813581 -25.16063 107.199066 27.046137 -24.338642 108.32287 23.138666 -25.829298 107.91189 22.313686 -24.216372 109.57947 24.221674 -24.338642 108.32287 23.138666 -26.059011 111.36112 20.988163 -27.634096 110.56425 18.899553 -30.09819 113.30181 18.963268 -31.358606 111.33984 19.234346 -33.323826 112.36761 26.508284 -30.09819 113.30181 18.963268 -31.67349 112.73431 26.685863 -29.557766 112.87868 26.695673 -30.160864 109.98068 19.156652 -27.634096 110.56425 18.899553 -25.829298 107.91189 22.313686 -24.338642 108.32287 23.138666 -29.557766 112.87868 26.695673 -27.493736 112.64471 26.294987 -30.09819 113.30181 18.963268 -26.01244 112.73676 23.574635 -26.059011 111.36112 20.988163 -25.70073 109.9936 23.956635 -24.216372 109.57947 24.221674 -29.581038 110.971245 26.532553 -31.713425 110.93434 26.243145 -30.160864 109.98068 19.156652 -32.943928 110.6226 25.777353 -2.4394531 84.598404 -6.21046 -8.552734 85.67208 -3.119935 -4.9023438 75.53194 -7.7632236 -11.017578 76.603836 -4.674813 12.253906 75.02085 -6.0704 9.798828 85.309746 -3.4414353 5.6191406 74.3852 -9.2838 3.4765625 84.70233 -6.505353 -11.281049 0.3358303 15.84477 -14.3391 0.66318536 6.026825 -7.822148 0.76388264 6.3961215 -13.622296 3.311363 3.2342668 -8.095471 3.1165848 3.0708504 -13.28248 0.40787753 2.959638 -8.726273 0.47793302 3.0091224 -10.569724 0.43806455 -1.7900486 -10.901982 6.2004466 8.449474 -14.495345 1.919879 6.4435096 -11.2771435 1.4838222 15.919262 -11.281049 0.3358303 15.84477 -7.640524 2.0422208 6.431518 -7.822148 0.76388264 6.3961215 -8.095471 3.1165848 3.0708504 -11.281049 0.3358303 15.84477 -14.495345 1.919879 6.4435096 -14.3391 0.66318536 6.026825 -13.622296 3.311363 3.2342668 -7.640524 2.0422208 6.431518 -8.095471 3.1165848 3.0708504 -7.7693005 8.799342 2.1137853 -10.640013 3.6511197 -2.3640409 -10.554098 8.92043 -1.591821 -13.962076 9.036013 2.2140925 -14.495345 1.919879 6.4435096 -13.962076 9.036013 2.2140925 -13.622296 3.311363 3.2342668 -10.640013 3.6511197 -2.3640409 27.339317 110.59935 16.304562 25.9169 110.77379 3.766666 28.636292 109.31701 1.5529233 29.909178 109.8705 16.248709 28.588474 113.34189 1.4046438 25.9169 110.77379 3.766666 27.339317 110.59935 16.304562 29.864569 113.309265 16.251125 30.36676 110.800255 0.72563857 28.588474 113.34189 1.4046438 29.864569 113.309265 16.251125 31.198196 111.25185 16.221758 30.36676 110.800255 0.72563857 31.198196 111.25185 16.221758 29.909178 109.8705 16.248709 28.636292 109.31701 1.5529233 28.66583 109.3159 32.29183 27.9508 109.30565 32.238525 27.99898 109.096275 31.638796 28.71038 109.099304 31.69722 30.559422 108.00403 31.268517 29.847591 108.08128 31.212788 29.889229 108.089264 30.46348 30.60329 107.99987 30.518572 29.581255 110.97147 26.531794 31.713718 110.93449 26.244335 30.60329 107.99987 30.518572 29.889229 108.089264 30.46348 31.643284 107.57193 29.656097 31.161818 107.685005 29.61597 31.206326 107.77985 29.115026 31.688982 107.6654 29.149582 27.634584 110.562675 18.899965 27.339317 110.59935 16.304562 29.909178 109.8705 16.248709 30.161352 109.97912 19.157064 29.909178 109.8705 16.248709 31.198196 111.25185 16.221758 31.359022 111.340225 19.234781 30.161352 109.97912 19.157064 26.982292 110.41578 32.10943 26.184423 110.3055 32.102203 26.27167 109.63967 31.635809 27.031988 109.78949 31.693083 -28.637825 109.316696 1.552381 -25.916485 110.77341 3.7662313 -27.634096 110.56425 18.899553 -30.160864 109.98068 19.156652 -27.634096 110.56425 18.899553 -25.916485 110.77341 3.7662313 -28.588058 113.34151 1.404209 -30.09819 113.30181 18.963268 -28.588058 113.34151 1.404209 -30.366344 110.79987 0.7252039 -31.358606 111.33984 19.234346 -30.09819 113.30181 18.963268 -31.358606 111.33984 19.234346 -30.366344 110.79987 0.7252039 -28.637825 109.316696 1.552381 -30.160864 109.98068 19.156652 -28.00029 109.095245 31.638458 -27.95211 109.30462 32.23819 -28.667141 109.31488 32.291492 -28.711294 109.09874 31.698738 -29.889904 108.09057 30.464487 -29.846764 108.0818 31.211613 -30.560732 108.003006 31.268177 -30.603966 108.001175 30.519577 -30.603966 108.001175 30.519577 -31.713425 110.93434 26.243145 -29.581038 110.971245 26.532553 -29.889904 108.09057 30.464487 -31.207 107.78115 29.116034 -31.162731 107.68444 29.617489 -31.642061 107.5729 29.65678 -31.687757 107.66637 29.150265 -26.27298 109.63864 31.635471 -26.185734 110.304474 32.101868 -26.981705 110.41442 32.10877 -27.030766 109.79046 31.693766 -3.6933594 85.3369 -9.036406 -6.15625 76.268486 -10.589338 -12.271484 77.34233 -7.5007586 -9.808594 86.40863 -5.946049 -6.15625 76.268486 -10.589338 -3.6933594 85.3369 -9.036406 -2.4394531 84.598404 -6.21046 -4.9023438 75.53194 -7.7632236 -12.271484 77.34233 -7.5007586 -6.15625 76.268486 -10.589338 -4.9023438 75.53194 -7.7632236 -11.017578 76.603836 -4.674813 -8.552734 85.67208 -3.119935 -2.4394531 84.598404 -6.21046 -3.6933594 85.3369 -9.036406 -9.808594 86.40863 -5.946049 -9.808594 86.40863 -5.946049 -12.271484 77.34233 -7.5007586 -11.017578 76.603836 -4.674813 -8.552734 85.67208 -3.119935 5.6191406 74.3852 -9.2838 7.1835938 75.68686 -12.772707 13.818359 76.32234 -9.557361 12.253906 75.02085 -6.0704 12.253906 75.02085 -6.0704 13.818359 76.32234 -9.557361 11.2890625 86.55006 -6.765082 9.798828 85.309746 -3.4414353 4.966797 85.942474 -9.827053 7.1835938 75.68686 -12.772707 5.6191406 74.3852 -9.2838 3.4765625 84.70233 -6.505353 11.277128 1.4837884 15.919271 10.900014 6.200413 8.449484 7.640508 2.042187 6.431528 10.554082 8.920396 -1.5918113 9.206953 15.799061 -0.9367342 11.232533 15.861936 -0.9092861 25.698996 109.99375 23.955948 25.160847 107.199295 27.045376 25.827642 107.91196 22.314949 26.012732 112.73691 23.575825 26.059305 111.36127 20.989351 25.698996 109.99375 23.955948 24.492674 106.79449 26.814772 25.160847 107.199295 27.045376 24.276821 107.405304 27.359642 13.962061 9.035978 2.2141023 13.622281 3.3113291 3.2342763 10.639997 3.6510859 -2.364031 -25.70073 109.9936 23.956635 -25.829298 107.91189 22.313686 -25.16063 107.199066 27.046137 -24.49238 106.79434 26.813581 -24.278479 107.405235 27.358377 -25.16063 107.199066 27.046137 -27.493736 112.64471 26.294987 -25.72545 112.302864 26.003021 -26.01244 112.73676 23.574635 -11.2771435 1.4838222 15.919262 -7.640524 2.0422208 6.431518 -10.901982 6.2004466 8.449474 -10.554098 8.92043 -1.591821 -11.2340765 15.8628435 -0.91036135 -9.208624 15.798021 -0.9378883 </float_array>
          <technique_common>
            <accessor source="#positions-array" count="1537" stride="3">
              <param name="X" type="float"/>
              <param name="Y" type="float"/>
              <param name="Z" type="float"/>
            </accessor>
          </technique_common>
        </source>
        <source id="texcoords">
          <float_array id="texcoords-array" count="3074">0.11035156 0.9057617 0.11376953 0.9633789 0.05126953 0.93603516 0.052734375 0.9970703 -0.0053710938 0.90527344 -0.0063476563 0.96240234 0.11035156 0.9057617 0.05126953 0.93603516 0.052246094 0.89160156 -0.0053710938 0.90527344 1.0283203 0.9091797 0.7529297 0.8017578 0.7529297 0.7285156 0.4765625 0.9091797 0.8222656 0.9667969 0.7529297 0.9423828 0.7529297 0.8017578 0.6826172 0.9667969 0.7529297 0.8017578 1.0283203 0.9091797 1.0351563 0.9716797 0.8222656 0.9667969 0.7529297 0.8017578 0.6826172 0.9667969 0.47070313 0.9716797 0.4765625 0.9091797 0.03173828 0.9975586 0.026855469 0.9975586 0.030273438 0.99658203 0.026855469 0.99658203 0.030761719 0.9951172 0.026855469 0.99560547 1.0332031 0.74316406 1.0151367 0.7973633 0.9321289 0.74316406 0.9555664 0.79541016 0.79345703 0.7397461 0.79003906 0.7939453 0.79003906 0.7939453 0.9555664 0.79541016 0.7714844 0.92578125 0.9682617 0.9458008 0.79052734 0.99609375 0.9501953 0.99609375 0.026855469 0.9975586 0.022460938 0.9975586 0.026855469 0.99658203 0.023925781 0.99658203 0.026855469 0.99560547 0.0234375 0.9951172 0.49365234 0.7973633 0.47558594 0.74316406 0.5551758 0.7973633 0.57666016 0.74316406 0.7285156 0.79541016 0.72509766 0.74121094 0.5551758 0.7973633 0.7285156 0.79541016 0.54052734 0.9458008 0.74560547 0.9267578 0.55859375 0.99658203 0.7211914 0.99609375 0 0.98828125 0.0078125 0.98828125 0 0.99609375 0.0078125 0.99609375 0.9682617 0.9458008 0.9555664 0.79541016 1.0117188 0.86621094 1.0151367 0.7973633 0.01171875 1 0.01171875 0.99609375 0.015625 0.98046875 0.01171875 0.9921875 0.0078125 0.984375 0.0078125 0.99609375 0 0.984375 0 0.99609375 0.0078125 0.99609375 0.0078125 0.99609375 0.0078125 0.98828125 0 0.99609375 0 0.98828125 0.54052734 0.9458008 0.4970703 0.86621094 0.5551758 0.7973633 0.49365234 0.7973633 0.01171875 1 0.015625 0.98046875 0.01171875 0.99609375 0.01171875 0.9921875 0.0078125 0.99609375 0.0078125 0.984375 0 0.984375 0.74316406 0.15429688 0.53222656 0.13867188 0.6621094 0.25683594 0.5761719 0.30273438 0.7597656 0.3310547 0.7705078 0.3935547 0.72753906 0.13867188 0.7402344 0.044921875 0.53222656 0.13867188 0.5878906 0.040039063 0.72753906 0.13867188 0.7402344 0.044921875 0.53222656 0.13867188 0.74316406 0.15429688 0.5761719 0.30273438 0.6621094 0.25683594 0.7705078 0.3935547 0.7597656 0.3310547 0.33984375 0.78027344 0.33398438 0.6689453 0.44628906 0.7470703 0.44140625 0.6279297 0.55078125 0.74121094 0.5341797 0.6386719 0.97753906 0.60839844 0.9902344 0.80078125 0.8232422 0.63183594 0.83203125 0.82714844 0.66015625 0.68847656 0.6826172 0.8828125 0.86035156 0.016601563 0.5878906 0.040039063 0.8925781 0.021484375 0.7402344 0.044921875 0.9248047 0.025390625 0.7402344 0.044921875 0.72753906 0.13867188 0.95410156 0.15234375 0.74316406 0.15429688 0.8408203 0.22851563 0.90722656 0.03515625 0.7402344 0.044921875 0.9511719 0.057617188 0.95410156 0.15234375 0.9609375 0.06738281 0.86035156 0.016601563 0.8847656 0.01953125 0.5878906 0.040039063 0.7402344 0.044921875 0.90234375 0.030273438 0.9511719 0.057617188 0.7402344 0.044921875 0.953125 0.15332031 0.72753906 0.13867188 0.74316406 0.15429688 0.53222656 0.13867188 0.74316406 0.15429688 0.953125 0.15332031 0.8408203 0.22851563 0.9658203 0.2578125 0.7597656 0.3310547 0.9736328 0.35058594 0.7705078 0.3935547 0.92089844 0.36523438 0.7597656 0.3310547 0.9658203 0.2578125 0.8408203 0.22851563 0.95410156 0.15234375 0.9609375 0.026367188 0.9609375 0.06738281 0.9511719 0.057617188 0.953125 0.15332031 0.765625 0.9980469 0.6933594 0.8535156 0.8535156 0.7324219 0.6845703 0.75097656 0.6875 0.51464844 0.7158203 0.5214844 0.55078125 0.74121094 0.64941406 0.7685547 0.578125 0.99316406 0.04296875 0.044921875 0.047851563 0.036132813 0.043945313 0.044921875 0.044921875 0.044921875 0.31835938 0.74121094 0.31640625 0.8173828 0.22265625 0.7607422 0.21777344 0.81347656 0.21777344 0.81347656 0.14355469 0.6435547 0.26464844 0.5078125 0.21484375 0.4736328 0.63183594 0.7841797 0.9814453 0.75 0.90234375 0.61621094 1.0029297 0.6191406 0.053710938 0.038085938 0.0546875 0.041992188 0.051757813 0.033203125 0.052734375 0.041992188 0.9873047 0.73339844 0.83496094 1.0244141 0.8535156 0.7324219 0.8339844 1.0761719 1 0.31640625 0.9746094 0.31445313 0.9873047 0.35253906 0.92089844 0.36523438 0.99121094 0.3564453 0.9873047 0.34960938 0.83203125 0.82714844 0.8261719 0.98828125 0.6826172 0.8828125 0.68847656 1.03125 0.578125 0.99316406 0.4921875 0.99316406 0.55078125 0.74121094 0.44628906 0.7470703 0.9902344 0.3466797 0.99316406 0.35058594 0.9736328 0.35058594 0.92089844 0.36523438 0.4921875 0.99316406 0.38964844 0.9169922 0.44628906 0.7470703 0.33984375 0.78027344 0.9658203 0.2578125 0.953125 0.15332031 0.9658203 0.19433594 0.038085938 0.044921875 0.052734375 0.041992188 0.053710938 0.0390625 0.056640625 0.04296875 0.057617188 0.043945313 0.044921875 0.055664063 0.038085938 0.0625 0.038085938 0.060546875 0.030273438 0.056640625 0.31640625 0.8173828 0.2109375 0.94921875 0.21777344 0.81347656 0.13085938 0.84375 0.14355469 0.6435547 0.072265625 0.034179688 0.07324219 0.034179688 0.06640625 0.020507813 0.07128906 0.034179688 0.0703125 0.033203125 0.06933594 0.034179688 0.06933594 0.033203125 0.060546875 0.020507813 0.06542969 0.037109375 0.064453125 0.037109375 0.060546875 0.029296875 0.06347656 0.040039063 0.06542969 0.037109375 0.06542969 0.047851563 0.07128906 0.049804688 0.07128906 0.034179688 0.07324219 0.034179688 0.07128906 0.049804688 0.07421875 0.051757813 0.0029296875 0.58203125 0.25097656 0.58203125 0.0029296875 0.3798828 0.25097656 0 0.0029296875 0 0.49804688 0.58203125 0.49804688 0 0.25097656 0.58203125 0.25097656 0 0.0029296875 0.58203125 0.25097656 0.58203125 0.0029296875 0 0.25097656 0 0.072265625 0.034179688 0.06640625 0.020507813 0.07324219 0.034179688 0.07128906 0.034179688 0.07128906 0.049804688 0.06933594 0.034179688 0.060546875 0.020507813 0.06933594 0.033203125 0.06542969 0.037109375 0.07128906 0.049804688 0.06542969 0.047851563 0.06542969 0.047851563 0.06542969 0.037109375 0.06347656 0.040039063 0.060546875 0.029296875 0.064453125 0.037109375 0.06542969 0.037109375 0.060546875 0.020507813 0.49804688 0.58203125 0.25097656 0.58203125 0.49804688 0 0.25097656 0 0.25097656 0 0.25097656 0.58203125 0.0029296875 0 0.0029296875 0.58203125 0.49804688 0.58203125 0.25097656 0.58203125 0.49804688 0.35351563 0.25097656 0 0.49804688 0 0.49804688 0.58203125 0.49804688 0.3798828 0.25097656 0.58203125 0.25097656 0 0.0029296875 0.58203125 0.0029296875 0.35351563 0.25097656 0.58203125 0.25097656 0 0.049804688 0.041015625 0.051757813 0.041015625 0.051757813 0.046875 0.048828125 0.044921875 0.036132813 0.040039063 0.033203125 0.041992188 0.036132813 0.033203125 0.037109375 0.033203125 0.8535156 0.7324219 0.85839844 0.6015625 0.99316406 0.60058594 0.9873047 0.73339844 0.057617188 0.043945313 0.056640625 0.04296875 0.0546875 0.033203125 0.055664063 0.033203125 0.053710938 0.038085938 0.0546875 0.033203125 0.056640625 0.04296875 0.0546875 0.041992188 0.03515625 0.033203125 0.033203125 0.041992188 0.032226563 0.04296875 0.034179688 0.034179688 0.06542969 0.047851563 0.06738281 0.049804688 0.064453125 0.037109375 0.06347656 0.040039063 0.072265625 0.051757813 0.07421875 0.051757813 0.07324219 0.034179688 0.072265625 0.040039063 0.064453125 0.037109375 0.06738281 0.049804688 0.06542969 0.047851563 0.06347656 0.040039063 0.072265625 0.051757813 0.072265625 0.040039063 0.07324219 0.034179688 0.07421875 0.051757813 0.63183594 0.7841797 0.60546875 0.9824219 0.9707031 0.91796875 0.9814453 0.75 0.9609375 0.06738281 0.9609375 0.026367188 0.9511719 0.057617188 0.049804688 0.041015625 0.05078125 0.036132813 0.051757813 0.041015625 0.043945313 0.040039063 0.04296875 0.036132813 0.044921875 0.040039063 0.041015625 0.0390625 0.041015625 0.045898438 0.040039063 0.046875 0.036132813 0.040039063 0.037109375 0.03515625 0.037109375 0.040039063 0.036132813 0.033203125 0.038085938 0.029296875 0.037109375 0.033203125 0.051757813 0.029296875 0.0546875 0.033203125 0.053710938 0.038085938 0.0546875 0.033203125 0.053710938 0.029296875 0.055664063 0.033203125 0.034179688 0.034179688 0.036132813 0.030273438 0.03515625 0.033203125 0.038085938 0.044921875 0.953125 0.15332031 0.9609375 0.06738281 0.99121094 0.3564453 0.9873047 0.34960938 0.92089844 0.36523438 0.74316406 0.15429688 0.72753906 0.13867188 0.53222656 0.13867188 0.8652344 0.6113281 0.6503906 0.63378906 0.63183594 0.7841797 0.99316406 0.35058594 0.9667969 0.359375 0.92089844 0.36523438 0.06933594 0.033203125 0.07128906 0.049804688 0.06542969 0.037109375 0.07128906 0.034179688 0.06640625 0.020507813 0.0703125 0.033203125 0.07128906 0.049804688 0.07421875 0.051757813 0.07324219 0.034179688 0.8847656 0.01953125 0.9248047 0.025390625 0.7402344 0.044921875 0.9248047 0.025390625 0.9511719 0.057617188 0.9609375 0.026367188 0.9609375 0.026367188 1 1 0.9248047 0.025390625 0.9609375 0.026367188 0.9511719 0.057617188 0.9248047 0.025390625 0.9248047 0.025390625 1 1 0.9609375 0.026367188 0.49804688 0.3798828 0.49804688 0 0.25097656 0 0.0029296875 0.35351563 0.0029296875 0 0.25097656 0 0.056640625 0.0078125 0.06640625 0.0859375 0.051757813 0.0146484375 0.060546875 0.08886719 0.044921875 0.016601563 0.044921875 0.09277344 0.038085938 0.0126953125 0.034179688 0.095703125 0.08496094 0.24804688 0.08496094 0.01953125 0.21289063 0.2265625 0.21191406 0.047851563 0.3642578 0.3125 0.35546875 0.06542969 0.46875 0.28222656 0.45507813 0.072265625 0.5644531 0.2548828 0.56640625 0.059570313 0.6513672 0.25683594 0.65722656 0.029296875 0.9902344 0.6591797 0.9902344 0.5839844 0.99609375 0.75683594 0.99609375 0.68066406 0.9902344 0.6591797 0.9902344 0.5839844 0.8623047 0.6015625 0.9560547 0.79003906 0.70996094 0.60058594 0.70996094 0.78515625 0.8623047 0.6015625 0.9560547 0.79003906 0.921875 0.61621094 0.91796875 0.6152344 0.90234375 0.59472656 0.9042969 0.59765625 0.88183594 0.58496094 0.88183594 0.58984375 0.90234375 0.59472656 0.9042969 0.59765625 0.921875 0.61621094 0.91796875 0.6152344 0.06640625 0.0859375 0.056640625 0.0078125 0.060546875 0.08886719 0.051757813 0.0146484375 0.044921875 0.09375 0.044921875 0.016601563 0.034179688 0.095703125 0.038085938 0.0126953125 0.08496094 0.01953125 0.08496094 0.24804688 0.21191406 0.047851563 0.21289063 0.2265625 0.35546875 0.06542969 0.3642578 0.3125 0.45507813 0.072265625 0.46875 0.28027344 0.56640625 0.059570313 0.5644531 0.25683594 0.65722656 0.029296875 0.6513672 0.25683594 0.9238281 0.30566406 0.7939453 0.2890625 0.9238281 0.23242188 0.7919922 0.2265625 0.9248047 0.0234375 0.8046875 0.0234375 0.9238281 0.23242188 0.7919922 0.2265625 0.9238281 0.2939453 0.7939453 0.28710938 0.037109375 0.99121094 0.029296875 0.9873047 0.033203125 0.9638672 0.025390625 0.9716797 0.021484375 0.95996094 0.38964844 0.71484375 0.38671875 0.76660156 0.2421875 0.70703125 0.2421875 0.79296875 0.16015625 0.73046875 0.07128906 0.79003906 0.42089844 0.8955078 0.3203125 0.9345703 0.38671875 0.76660156 0.2421875 0.79296875 0.037109375 0.99121094 0.033203125 0.9638672 0.048828125 0.96777344 -0.022460938 0.9560547 0.033203125 0.9638672 0.021484375 0.95996094 0.033203125 0.9560547 0.029296875 0.94433594 0.044921875 0.9404297 0.033203125 0.9638672 0.033203125 0.9560547 -0.022460938 0.9560547 0.044921875 0.9404297 0.16015625 0.73046875 0.04296875 0.6484375 0.2421875 0.70703125 0.05078125 0.58984375 0.21289063 0.2265625 0.3642578 0.3125 0.21386719 0.2861328 0.20117188 0.45117188 0.08496094 0.24804688 0.025390625 0.9716797 0.029296875 0.9873047 0.033203125 0.9638672 0.037109375 0.99121094 0.06738281 0.96191406 0.025390625 0.9716797 0.033203125 0.9638672 0.021484375 0.95996094 0.033203125 0.9560547 0.029296875 0.94433594 0.044921875 0.9404297 0.38964844 0.71484375 0.2421875 0.70703125 0.38671875 0.76660156 0.2421875 0.79296875 0.3203125 0.9345703 0.13574219 0.9433594 0.06738281 0.96191406 0.06738281 0.9501953 0.033203125 0.9638672 0.033203125 0.9560547 0.05078125 0.58984375 0.04296875 0.6484375 0.2421875 0.70703125 0.16015625 0.73046875 0.07128906 0.79003906 0.2421875 0.70703125 0.07128906 0.79003906 0.2421875 0.79296875 0.12207031 0.85058594 0.13574219 0.9433594 0.2421875 0.79296875 0.3203125 0.9345703 0.421875 0.55078125 0.05078125 0.58984375 0.05078125 0.46484375 0.421875 0.55078125 0.46191406 0.58203125 0.5097656 0.49609375 0.4970703 0.5917969 0.53027344 0.5839844 0.54296875 0.6464844 0.57128906 0.56933594 0.5917969 0.6503906 0.8544922 0.97558594 0.57421875 0.9267578 0.70996094 0.78515625 0.8544922 0.97558594 0.9560547 0.79003906 0.9951172 0.9667969 0.96191406 0.82421875 0.9902344 0.6591797 0.99609375 0.82421875 0.99609375 0.75683594 0.9902344 0.6591797 0.46191406 0.58203125 0.4970703 0.5917969 0.47753906 0.66503906 0.5078125 0.6582031 0.52441406 0.70214844 0.54296875 0.6464844 0.5683594 0.6875 0.5917969 0.6503906 0.88964844 0.5957031 0.890625 0.61816406 0.8828125 0.5800781 0.88183594 0.58984375 0.9951172 0.9667969 0.8544922 0.97558594 0.9560547 0.79003906 0.70996094 0.78515625 0.5097656 0.49609375 0.46191406 0.58203125 0.4970703 0.5917969 0.47753906 0.66503906 0.5078125 0.6582031 0.52441406 0.70214844 0.54296875 0.6464844 0.5683594 0.6875 0.5917969 0.6503906 0.88964844 0.5957031 0.8828125 0.5800781 0.890625 0.61816406 0.88183594 0.58984375 0.5078125 0.6582031 0.54296875 0.6464844 0.4970703 0.5917969 0.53027344 0.5839844 0.5097656 0.49609375 0.57128906 0.56933594 0.5917969 0.6503906 0.57128906 0.56933594 0.54296875 0.6464844 0.53027344 0.5839844 0.3642578 0.3125 0.21289063 0.2265625 0.21386719 0.2861328 0.08496094 0.24804688 0.20117188 0.45117188 0.7939453 0.2890625 0.9238281 0.30566406 0.79785156 0.42871094 0.9238281 0.42871094 0.9238281 0.2939453 0.05078125 0.58984375 0.421875 0.55078125 0.38964844 0.71484375 0.2421875 0.70703125 0.025390625 0.016601563 0.037109375 0.0126953125 0.034179688 0.095703125 0.021484375 0.091796875 0.024414063 0.017578125 0.021484375 0.091796875 0.0068359375 0.08496094 0.0146484375 0.0068359375 0.05078125 0.58984375 0.2421875 0.70703125 0.38964844 0.71484375 0.421875 0.55078125 0.5732422 0.33203125 0.4736328 0.37597656 0.46875 0.28222656 0.5644531 0.2548828 0.025390625 0.016601563 0.021484375 0.091796875 0.034179688 0.095703125 0.037109375 0.0126953125 0.024414063 0.017578125 0.0146484375 0.0068359375 0.0068359375 0.08496094 0.021484375 0.091796875 0.46875 0.28027344 0.4716797 0.37402344 0.5722656 0.33691406 0.5644531 0.25683594 0.3203125 0.9345703 0.42089844 0.8955078 0.38671875 0.76660156 0.044921875 0.9404297 0.033203125 0.9560547 0.06738281 0.9501953 0.54296875 0.6464844 0.5078125 0.6582031 0.4970703 0.5917969 0.53027344 0.5839844 0.5097656 0.49609375 0.57128906 0.56933594 0.9902344 0.6591797 0.96191406 0.82421875 0.99609375 0.82421875 0.2421875 0.79296875 0.12207031 0.85058594 0.07128906 0.79003906 0.21289063 0.2265625 0.21386719 0.2861328 0.08496094 0.24804688 0.4736328 0.37597656 0.3642578 0.3125 0.46875 0.28222656 0.5644531 0.2548828 0.6513672 0.25683594 0.5732422 0.33203125 0.20117188 0.45117188 0.3642578 0.3125 0.21386719 0.2861328 0.4716797 0.37402344 0.46875 0.28027344 0.3642578 0.3125 0.5644531 0.25683594 0.5722656 0.33691406 0.6513672 0.25683594 0.9238281 0.2939453 0.7939453 0.28710938 0.79785156 0.42871094 0.39648438 0.8046875 0.3232422 0.81933594 0.3232422 0.64453125 0.23144531 0.64453125 0.31640625 0.5703125 0.22949219 0.5703125 0.024414063 0.5703125 0.22949219 0.5703125 0.024414063 0.64453125 0.23144531 0.64453125 0.024414063 0.8671875 0.23242188 0.8330078 0.6425781 0.8203125 0.6357422 0.99121094 0.6308594 0.8203125 0.625 0.99121094 0.5390625 0.8203125 0.54785156 0.99121094 0.52441406 0.8203125 0.5292969 0.99121094 0.3486328 0.0126953125 0.3486328 0.37890625 0.29296875 0.0126953125 0.29296875 0.37890625 0.23632813 0.0126953125 0.23632813 0.37890625 0.18066406 0.0126953125 0.18066406 0.37890625 0.09667969 0.0126953125 0.09667969 0.37890625 0.0126953125 0.0126953125 0.0126953125 0.37890625 0.22949219 0.5703125 0.024414063 0.5703125 0.23144531 0.64453125 0.024414063 0.64453125 0.23242188 0.8330078 0.024414063 0.8671875 0.31347656 0.5703125 0.31347656 0.64453125 0.50878906 0.5703125 0.50878906 0.64453125 0.31640625 0.5703125 0.3232422 0.64453125 0.6357422 0.99121094 0.6425781 0.8203125 0.625 0.99121094 0.6308594 0.8203125 0.54785156 0.99121094 0.5390625 0.8203125 0.5292969 0.99121094 0.52441406 0.8203125 0.7246094 0.6953125 0.6503906 0.55078125 0.859375 0.6435547 0.8222656 0.48632813 0.99121094 0.6191406 0.99121094 0.46191406 0.859375 0.6435547 0.8222656 0.48632813 0.7246094 0.6953125 0.6503906 0.55078125 0.8857422 0.7529297 0.859375 0.6435547 0.99121094 0.74316406 0.99121094 0.6191406 0.8857422 0.7529297 0.859375 0.6435547 0.93847656 0.17871094 0.9042969 0.39257813 0.7988281 0.18066406 0.78222656 0.4169922 0.6591797 0.18164063 0.66015625 0.4423828 0.53222656 0.20117188 0.5419922 0.41796875 0.40527344 0.22167969 0.42382813 0.39453125 0.3232422 0.81933594 0.39648438 0.8046875 0.23144531 0.64453125 0.31347656 0.64453125 0.22949219 0.5703125 0.31347656 0.5703125 0.27441406 0.4609375 0.2626953 0.5371094 0.0048828125 0.4609375 0.0048828125 0.5371094 0.27441406 0.4609375 0.2626953 0.5371094 0.99121094 0.024414063 0.93847656 0.17871094 0.8251953 0.022460938 0.7988281 0.18066406 0.6591797 0.020507813 0.6591797 0.18164063 0.5175781 0.055664063 0.53222656 0.20117188 0.37597656 0.09082031 0.40527344 0.22167969 0.3486328 0.37890625 0.3486328 0.0126953125 0.29296875 0.37890625 0.29296875 0.0126953125 0.23632813 0.37890625 0.23632813 0.0126953125 0.18066406 0.37890625 0.18066406 0.0126953125 0.09667969 0.37890625 0.09667969 0.0126953125 0.0126953125 0.37890625 0.0126953125 0.0126953125 0.01171875 0.5449219 0.01171875 0.46191406 0.13769531 0.5449219 0.13769531 0.46191406 0.26367188 0.5449219 0.26367188 0.46289063 0.13769531 0.5449219 0.13769531 0.46191406 0.01171875 0.5449219 0.01171875 0.46191406 0.43164063 0.984375 0.42871094 0.94433594 0.42382813 0.984375 0.40820313 0.98339844 0.31933594 0.8535156 0.24316406 0.8535156 0.3232422 0.81933594 0.23242188 0.8330078 0.23144531 0.64453125 0.3232422 0.81933594 0.39648438 0.8046875 0.3486328 0.9980469 0.50878906 0.9814453 0.27148438 0.98339844 0.024414063 0.9453125 0.024414063 0.8671875 0.27148438 0.98339844 0.23242188 0.8330078 0.24316406 0.8535156 0.4638672 0.96972656 0.47460938 0.9355469 0.4375 0.93652344 0.4501953 0.90234375 0.4951172 0.9667969 0.4794922 0.9296875 0.5048828 0.9169922 0.49023438 0.921875 0.23144531 0.64453125 0.23242188 0.8330078 0.3232422 0.81933594 0.24316406 0.8535156 0.31933594 0.8535156 0.43164063 0.984375 0.42382813 0.984375 0.42871094 0.94433594 0.40820313 0.98339844 0.3232422 0.81933594 0.3486328 0.9980469 0.39648438 0.8046875 0.50878906 0.9814453 0.50878906 0.8076172 0.39648438 0.8046875 0.50878906 0.64453125 0.3232422 0.64453125 0.4638672 0.96972656 0.4375 0.93652344 0.47460938 0.9355469 0.4501953 0.90234375 0.49023438 0.921875 0.4794922 0.9296875 0.5048828 0.9169922 0.4951172 0.9667969 0.6503906 0.55078125 0.7246094 0.6953125 0.53027344 0.71484375 0.6230469 0.7763672 0.6230469 0.7763672 0.7246094 0.6953125 0.7626953 0.8613281 0.8857422 0.7529297 0.8574219 0.9169922 0.99121094 0.92089844 0.6503906 0.55078125 0.53027344 0.71484375 0.7246094 0.6953125 0.6230469 0.7763672 0.7626953 0.8613281 0.42382813 0.39453125 0.5419922 0.41796875 0.453125 0.44433594 0.66015625 0.4423828 0.859375 0.6435547 0.7246094 0.6953125 0.8857422 0.7529297 0.7626953 0.8613281 0.84472656 0.9160156 0.77734375 0.9140625 0.984375 0.9667969 0.9638672 0.9658203 0.9824219 0.95703125 0.97265625 0.95214844 0.97265625 0.95214844 0.9638672 0.9658203 0.95996094 0.953125 0.94921875 0.9589844 0.96875 0.9814453 0.9638672 0.9658203 0.9765625 0.9736328 0.984375 0.9667969 0.94921875 0.9589844 0.9638672 0.9658203 0.9423828 0.9667969 0.94921875 0.9794922 0.96875 0.9814453 0.95996094 0.98046875 0.9638672 0.9658203 0.9501953 0.9794922 0.24316406 0.8535156 0.27148438 0.98339844 0.23242188 0.8330078 0.024414063 0.8671875 0.50878906 0.8076172 0.50878906 0.64453125 0.39648438 0.8046875 0.31347656 0.64453125 0.8857422 0.7529297 0.99121094 0.74316406 0.99121094 0.92089844 0.8857422 0.7529297 0.84472656 0.9160156 0.66015625 0.4423828 0.78222656 0.4169922 0.87597656 0.4423828 0.9042969 0.39257813 0.4013672 0.39648438 0.4013672 0.5283203 0.2939453 0.39648438 0.2939453 0.5283203 0.2939453 0.39648438 0.4013672 0.39648438 0.2939453 0.5283203 0.4013672 0.5283203 0.2939453 0.39648438 0.4013672 0.39648438 0.2939453 0.5283203 0.4013672 0.5283203 0.2939453 0.39648438 0.4013672 0.39648438 0.2939453 0.5283203 0.4013672 0.5283203 0.2939453 0.5283203 0.4013672 0.5283203 0.2939453 0.39648438 0.4013672 0.39648438 0.4013672 0.5283203 0.4013672 0.39648438 0.2939453 0.5283203 0.2939453 0.39648438 0.4013672 0.5283203 0.4013672 0.39648438 0.2939453 0.5283203 0.2939453 0.39648438 0.4013672 0.5283203 0.4013672 0.39648438 0.2939453 0.5283203 0.2939453 0.39648438 0.32421875 0.9189453 0.32421875 0.9189453 0.25976563 0.890625 0.2626953 0.890625 0.25976563 0.890625 0.32421875 0.9189453 0.32421875 0.9189453 0.2626953 0.890625 0.20996094 0.96875 0.23730469 0.9316406 0.24414063 0.92578125 0.3955078 0.984375 0.3955078 0.9394531 0.4013672 0.984375 0.24414063 0.92578125 0.23730469 0.9316406 0.20996094 0.96875 0.3955078 0.984375 0.4013672 0.984375 0.3955078 0.9394531 0.7246094 0.6953125 0.859375 0.6435547 0.8857422 0.7529297 0.3828125 0.5595703 0.38476563 0.5595703 0.3876953 0.56152344 0.38476563 0.5595703 0.3828125 0.5595703 0.3876953 0.56152344 0.38964844 0.5595703 0.38476563 0.5595703 0.3876953 0.56152344 0.39257813 0.5595703 0.38964844 0.5595703 0.3876953 0.56152344 0.38964844 0.5595703 0.39257813 0.5595703 0.3876953 0.56152344 0.38476563 0.5595703 0.38964844 0.5595703 0.3876953 0.56152344 0.38378906 0.56152344 0.38183594 0.5605469 0.3857422 0.5595703 0.38183594 0.5605469 0.38378906 0.55859375 0.3857422 0.5595703 0.38378906 0.55859375 0.38867188 0.55859375 0.3857422 0.5595703 0.38867188 0.55859375 0.390625 0.5595703 0.3857422 0.5595703 0.390625 0.5595703 0.38867188 0.56152344 0.3857422 0.5595703 0.38867188 0.56152344 0.38378906 0.56152344 0.3857422 0.5595703 0.8574219 0.9169922 0.77734375 0.9140625 0.7626953 0.8613281 0.7548828 0.3095703 0.60253906 0.22753906 0.7841797 0.234375 0.70703125 0.17871094 0.7548828 0.3095703 0.60253906 0.22753906 0.90625 0.36816406 0.7578125 0.38085938 0.90625 0.3154297 0.7548828 0.3095703 0.91015625 0.25097656 0.7841797 0.234375 0.90625 0.3154297 0.7548828 0.3095703 0.90625 0.3671875 0.7578125 0.38085938 0.5654297 0.2939453 0.62890625 0.29101563 0.56640625 0.38476563 0.62890625 0.3955078 0.5654297 0.2939453 0.62890625 0.29101563 0.265625 0.87597656 0.17578125 0.93847656 0.11328125 0.8955078 0.13867188 0.93847656 0.03125 0.8955078 0.025390625 0.9394531 0.26464844 0.8925781 0.3232422 0.9316406 0.18457031 0.8925781 0.1484375 0.9326172 0.03125 0.8730469 0.015625 0.9121094 0.17285156 0.35546875 0.15917969 0.46484375 0.21972656 0.3466797 0.203125 0.46777344 0.26660156 0.36132813 0.2763672 0.48242188 0.38183594 0.3486328 0.3876953 0.46777344 0.40527344 0.35742188 0.4404297 0.46777344 0.42285156 0.3232422 0.4404297 0.46777344 0.38867188 0.30664063 0.3876953 0.46777344 0.2734375 0.30859375 0.2734375 0.46777344 0.21972656 0.3466797 0.203125 0.46777344 0.1640625 0.3232422 0.15917969 0.46484375 0.16015625 0.4658203 0.16308594 0.36328125 0.21875 0.4658203 0.234375 0.32714844 0.4296875 0.4658203 0.34570313 0.3251953 0.4873047 0.4658203 0.44726563 0.3251953 0.4658203 0.3076172 0.4814453 0.49902344 0.3935547 0.30078125 0.3857422 0.49902344 0.3310547 0.29589844 0.2763672 0.49902344 0.26464844 0.2998047 0.24707031 0.49902344 0.21386719 0.31054688 0.2109375 0.49902344 0.4794922 0.4638672 0.4970703 0.3203125 0.3955078 0.46484375 0.36816406 0.34375 0.28808594 0.4638672 0.3154297 0.33984375 0.23242188 0.46484375 0.24023438 0.34570313 0.75683594 0.7597656 0.93066406 0.75878906 0.75683594 0.8652344 0.93066406 0.8652344 0.75683594 0.9980469 0.93066406 0.99902344 0.2763672 0.93847656 0.265625 0.87597656 0.07128906 0.93847656 0.11328125 0.8955078 0.080078125 0.9394531 0.03125 0.8955078 0.2705078 0.91503906 0.26464844 0.8925781 0.20898438 0.9316406 0.18457031 0.8925781 -0.053710938 0.93066406 0.03125 0.8730469 0.15917969 0.46484375 0.17285156 0.35546875 0.203125 0.46777344 0.21972656 0.3466797 0.2763672 0.48242188 0.26660156 0.36132813 0.3876953 0.46777344 0.38183594 0.3486328 0.4404297 0.46777344 0.40527344 0.35742188 0.4404297 0.46777344 0.42285156 0.3232422 0.3876953 0.46777344 0.38867188 0.30664063 0.2734375 0.46777344 0.2734375 0.30859375 0.203125 0.46777344 0.21972656 0.3466797 0.15917969 0.46484375 0.1640625 0.3232422 0.16308594 0.36328125 0.16015625 0.4658203 0.234375 0.32714844 0.21875 0.4658203 0.34570313 0.3251953 0.4296875 0.4658203 0.44726563 0.3251953 0.4873047 0.4658203 0.4814453 0.49902344 0.4658203 0.3076172 0.3857422 0.49902344 0.3935547 0.30078125 0.2763672 0.49902344 0.3310547 0.29589844 0.24707031 0.49902344 0.26464844 0.2998047 0.2109375 0.49902344 0.21386719 0.31054688 0.36816406 0.34375 0.3955078 0.46484375 0.3154297 0.33984375 0.28808594 0.4638672 0.24023438 0.34570313 0.23242188 0.46484375 0.19042969 0.22851563 0.19042969 0.09082031 0.40722656 0.22851563 0.40722656 0.09082031 0.42382813 0.22851563 0.42382813 0.09082031 0.60253906 0.22753906 0.7548828 0.3095703 0.70703125 0.17871094 0.7841797 0.234375 0.60253906 0.22753906 0.7548828 0.3095703 0.7578125 0.38085938 0.90625 0.36816406 0.7548828 0.3095703 0.90625 0.3154297 0.7841797 0.234375 0.91015625 0.25097656 0.7548828 0.3095703 0.90625 0.3154297 0.7578125 0.38085938 0.90625 0.3671875 0.62890625 0.29101563 0.5654297 0.2939453 0.62890625 0.3955078 0.56640625 0.38476563 0.62890625 0.29101563 0.5654297 0.2939453 0.5908203 0.037109375 0.60253906 0.22753906 0.5654297 0.037109375 0.5732422 0.22753906 0.5732422 0.22753906 0.62890625 0.29101563 0.60253906 0.22753906 0.7548828 0.3095703 0.9326172 0.19628906 0.8515625 0.17285156 0.84765625 0.21679688 0.82421875 0.21191406 0.70703125 0.17871094 0.5908203 0.037109375 0.60253906 0.22753906 0.5654297 0.037109375 0.5732422 0.22753906 0.5732422 0.22753906 0.60253906 0.22753906 0.62890625 0.29101563 0.7548828 0.3095703 0.62890625 0.3955078 0.7578125 0.38085938 0.7548828 0.3095703 0.7675781 0.19140625 0.8076172 0.20898438 0.80859375 0.17871094 0.8251953 0.16113281 0.8515625 0.17285156 0.8251953 0.16113281 0.82421875 0.21191406 0.8076172 0.20898438 0.11328125 0.86035156 0.11328125 0.8955078 0.08203125 0.8613281 0.03125 0.8955078 0.18457031 0.8564453 0.31640625 0.8574219 0.18457031 0.8925781 0.26464844 0.8925781 0.25 0.8339844 0.27734375 0.86816406 0.1171875 0.86035156 0.11328125 0.87597656 0.015625 0.8300781 0.16894531 0.8613281 0.0390625 0.8642578 0.171875 0.87597656 0.06542969 0.5996094 0.06542969 0.6455078 0.030273438 0.5996094 0.030273438 0.6455078 0.12207031 0.5996094 0.16503906 0.5996094 0.05859375 0.7138672 0.25390625 0.71777344 0.7753906 0.60058594 0.7578125 0.65625 0.69628906 0.6035156 0.7441406 0.734375 0.60839844 0.6044922 0.5205078 0.73535156 0.4970703 0.6035156 0.40820313 0.6044922 0.265625 0.5996094 0.18066406 0.7246094 0.19238281 0.5996094 0.11035156 0.5996094 0.31152344 0.7246094 0.18066406 0.7246094 0.37402344 0.5996094 0.265625 0.5996094 0.14355469 0.7402344 0.024414063 0.7285156 0.14453125 0.7246094 0.030273438 0.7080078 0.07714844 0.69140625 0.030273438 0.66796875 0.030273438 0.6455078 0.14453125 0.7246094 0.07714844 0.69140625 0.18066406 0.7246094 0.06542969 0.6455078 0.11035156 0.5996094 0.06542969 0.5996094 0.11328125 0.86035156 0.08203125 0.8613281 0.11328125 0.8955078 0.03125 0.8955078 0.26464844 0.8925781 0.31640625 0.8574219 0.18457031 0.8925781 0.18457031 0.8564453 0.25 0.8339844 0.1171875 0.86035156 0.27734375 0.86816406 0.11328125 0.87597656 0.015625 0.8300781 0.0390625 0.8642578 0.16894531 0.8613281 0.171875 0.87597656 0.030273438 0.6455078 0.06542969 0.6455078 0.030273438 0.5996094 0.06542969 0.5996094 0.25390625 0.71777344 0.16503906 0.5996094 0.05859375 0.7138672 0.12207031 0.5996094 0.69628906 0.6035156 0.60839844 0.6044922 0.7441406 0.734375 0.5205078 0.73535156 0.7753906 0.60058594 0.69628906 0.6035156 0.7578125 0.65625 0.7441406 0.734375 0.36816406 0.34375 0.4970703 0.3203125 0.3955078 0.46484375 0.4794922 0.4638672 0.030273438 0.66796875 0.030273438 0.7080078 0.07714844 0.69140625 0.14453125 0.7246094 0.18066406 0.7246094 0.31152344 0.7246094 0.37402344 0.5996094 0.18066406 0.7246094 0.265625 0.5996094 0.19238281 0.5996094 0.14355469 0.7402344 0.14453125 0.7246094 0.024414063 0.7285156 0.030273438 0.7080078 0.19238281 0.5996094 0.11035156 0.5996094 0.18066406 0.7246094 0.06542969 0.6455078 0.07714844 0.69140625 0.030273438 0.6455078 0.030273438 0.66796875 0.60839844 0.6044922 0.4970703 0.6035156 0.5205078 0.73535156 0.40820313 0.6044922 0.119140625 0.08105469 0.119140625 0.24902344 0.017578125 0.08105469 0.017578125 0.24902344 0.41992188 0.076171875 0.41992188 0.020507813 0.44335938 0.076171875 0.44335938 0.020507813 0.9326172 0.19628906 0.84765625 0.21679688 0.8515625 0.17285156 0.82421875 0.21191406 0.8251953 0.16113281 0.8076172 0.20898438 0.80859375 0.17871094 0.7675781 0.19140625 0.70703125 0.17871094 0.60253906 0.22753906 0.5908203 0.037109375 0.5654297 0.037109375 0.60253906 0.22753906 0.5732422 0.22753906 0.62890625 0.29101563 0.5654297 0.037109375 0.60253906 0.22753906 0.5732422 0.22753906 0.62890625 0.29101563 0.60253906 0.22753906 0.62890625 0.29101563 0.7548828 0.3095703 0.62890625 0.3955078 0.7578125 0.38085938 0.7548828 0.3095703 0.60253906 0.22753906 0.7548828 0.3095703 0.62890625 0.29101563 0.62890625 0.3955078 0.6074219 0.9746094 0.30859375 0.9921875 0.25390625 0.921875 0.609375 0.9033203 0.25390625 0.90234375 0.30859375 0.828125 0.6074219 0.81933594 0.61328125 0.9267578 0.23046875 0.98046875 0.25390625 0.87890625 0.61328125 0.90527344 0.61035156 0.97265625 0.23046875 0.82421875 0.61035156 0.8388672 0.609375 0.9160156 0.25390625 0.9140625 0.13867188 0.35351563 0.087890625 0.35253906 0.087890625 0.3076172 0.13867188 0.3076172 0.13769531 0.3046875 0.13769531 0.3544922 0.0859375 0.35546875 0.0859375 0.30566406 0.30273438 0.4560547 0.5097656 0.46289063 0.41796875 0.3642578 0.31054688 0.37109375 0.13671875 0.3076172 0.13671875 0.3515625 0.09082031 0.35253906 0.09082031 0.30859375 0.9921875 0.9980469 0.9296875 0.9980469 0.9296875 0.7607422 0.9921875 0.7607422 0.9296875 0.9980469 0.9296875 0.7607422 0.9921875 0.7607422 0.9921875 0.9980469 0.40527344 0.35742188 0.21972656 0.3466797 0.26660156 0.36132813 0.38183594 0.3486328 0.25390625 0.921875 0.30859375 0.9921875 0.6689453 0.9707031 0.67871094 0.90234375 0.6689453 0.8173828 0.30859375 0.828125 0.25390625 0.90234375 0.6777344 0.9238281 0.25390625 0.87890625 0.23046875 0.98046875 0.68359375 0.9746094 0.6796875 0.91015625 0.68359375 0.84277344 0.23046875 0.82421875 0.25390625 0.9140625 0.6796875 0.9160156 0.087890625 0.3076172 0.087890625 0.35253906 0.13867188 0.35351563 0.13867188 0.3076172 0.0859375 0.35546875 0.13769531 0.3544922 0.13769531 0.3046875 0.0859375 0.30566406 0.41796875 0.3642578 0.5097656 0.46289063 0.30273438 0.4560547 0.31054688 0.37109375 0.09082031 0.35253906 0.13671875 0.3515625 0.13671875 0.3076172 0.09082031 0.30859375 0.26660156 0.36132813 0.21972656 0.3466797 0.40527344 0.35742188 0.38183594 0.3486328 0.119140625 0.091796875 0.017578125 0.091796875 0.017578125 0.23828125 0.119140625 0.23828125 0.009765625 0.08105469 0.111328125 0.08105469 0.111328125 0.029296875 0.009765625 0.029296875 0.0126953125 0.24902344 0.0126953125 0.08105469 0.00390625 0.08105469 0.00390625 0.24902344 0.1328125 0.083984375 0.1328125 0.23046875 0.119140625 0.23046875 0.119140625 0.083984375 0.111328125 0.08105469 0.009765625 0.08105469 0.009765625 0.029296875 0.111328125 0.029296875 0.44726563 0.028320313 0.45996094 0.028320313 0.45996094 0.068359375 0.44726563 0.068359375 0.18652344 0.07128906 0.18652344 0.01171875 0.40820313 0.01171875 0.40820313 0.07128906 0.40722656 0.01171875 0.18554688 0.01171875 0.18554688 0.07128906 0.40722656 0.07128906 0.5908203 0.037109375 0.70703125 0.17871094 0.60253906 0.22753906 0.7578125 0.38085938 0.90625 0.36816406 0.90625 0.3671875 0.23242188 0.46484375 0.24023438 0.34570313 0.19140625 0.4638672 0.06542969 0.6455078 0.07714844 0.69140625 0.030273438 0.6455078 0.083984375 0.3515625 0.10449219 0.2939453 0.14746094 0.3515625 0.7548828 0.3095703 0.62890625 0.29101563 0.62890625 0.3955078 0.23242188 0.46484375 0.19140625 0.4638672 0.24023438 0.34570313 0.083984375 0.3515625 0.14746094 0.3515625 0.10449219 0.2939453 0.11035156 0.5996094 0.06542969 0.5996094 0.06542969 0.6455078 0.5908203 0.037109375 0.60253906 0.22753906 0.70703125 0.17871094 0.7578125 0.38085938 0.90625 0.3671875 0.90625 0.36816406 </float_array>
          <technique_common>
            <accessor source="#texcoords-array" count="1537" stride="2">
              <param name="S" type="float"/>
              <param name="T" type="float"/>
            </accessor>
          </technique_common>
        </source>
        <source id="colors">
          <float_array id="colors-array" count="4611">1 1 1 1 1 1 1 1 1 1 1 1 1 1 1 1 1 1 1 1 1 1 1 1 1 1 1 1 1 1 1 1 1 1 1 1 1 1 1 1 1 1 1 1 1 1 1 1 1 1 1 1 1 1 1 1 1 1 1 1 1 1 1 1 1 1 1 1 1 1 1 1 1 1 1 1 1 1 1 1 1 1 1 1 1 1 1 1 1 1 1 1 1 1 1 1 1 1 1 1 1 1 1 1 1 1 1 1 1 1 1 1 1 1 1 1 1 1 1 1 1 1 1 1 1 1 1 1 1 1 1 1 1 1 1 1 1 1 1 1 1 1 1 1 1 1 1 1 1 1 1 1 1 1 1 1 1 1 1 1 1 1 1 1 1 1 1 1 1 1 1 1 1 1 1 1 1 1 1 1 1 1 1 1 1 1 1 1 1 1 1 1 1 1 1 1 1 1 1 1 1 1 1 1 1 1 1 1 1 1 1 1 1 1 1 1 1 1 1 1 1 1 1 1 1 1 1 1 1 1 1 1 1 1 1 1 1 1 1 1 1 1 1 1 1 1 1 1 1 1 1 1 1 1 1 1 1 1 1 1 1 1 1 1 1 1 1 1 1 1 1 1 1 1 1 1 1 1 1 1 1 1 1 1 1 1 1 1 1 1 1 1 1 1 1 1 1 1 1 1 1 1 1 1 1 1 1 1 1 1 1 1 1 1 1 1 1 1 1 1 1 1 1 1 1 1 1 1 1 1 1 1 1 1 1 1 1 1 1 1 1 1 1 1 1 1 1 1 1 1 1 1 1 1 1 1 1 1 1 1 1 1 1 1 1 1 1 1 1 1 1 1 1 1 1 1 1 1 1 1 1 1 1 1 1 1 1 1 1 1 1 1 1 1 1 1 1 1 1 1 1 1 1 1 1 1 1 1 1 1 1 1 1 1 1 1 1 1 1 1 1 1 1 1 1 1 1 1 1 1 1 1 1 1 1 1 1 1 1 1 1 1 1 1 1 1 1 1 1 1 1 1 1 1 1 1 1 1 1 1 1 1 1 1 1 1 1 1 1 1 1 1 1 1 1 1 1 1 1 1 1 1 1 1 1 1 1 1 1 1 1 1 1 1 1 1 1 1 1 1 1 1 1 1 1 1 1 1 1 1 1 1 1 1 1 1 1 1 1 1 1 1 1 1 1 1 1 1 1 1 1 1 1 1 1 1 1 1 1 1 1 1 1 1 1 1 1 1 1 1 1 1 1 1 1 1 1 1 1 1 1 1 1 1 1 1 1 1 1 1 1 1 1 1 1 1 1 1 1 1 1 1 1 1 1 1 1 1 1 1 1 1 1 1 1 1 1 1 1 1 1 1 1 1 1 1 1 1 1 1 1 1 1 1 1 1 1 1 1 1 1 1 1 1 1 1 1 1 1 1 1 1 1 1 1 1 1 1 1 1 1 1 1 1 1 1 1 1 1 1 1 1 1 1 1 1 1 1 1 1 1 1 1 1 1 1 1 1 1 1 1 1 1 1 1 1 1 1 1 1 1 1 1 1 1 1 1 1 1 1 1 1 1 1 1 1 1 1 1 1 1 1 1 1 1 1 1 1 1 1 1 1 1 1 1 1 1 1 1 1 1 1 1 1 1 1 1 1 1 1 1 1 1 1 1 1 1 1 1 1 1 1 1 1 1 1 1 1 1 1 1 1 1 1 1 1 1 1 1 1 1 1 1 1 1 1 1 1 1 1 1 1 1 1 1 1 1 1 1 1 1 1 1 1 1 1 1 1 1 1 1 1 1 1 1 1 1 1 1 1 1 1 1 1 1 1 1 1 1 1 1 1 1 1 1 1 1 1 1 1 1 1 1 1 1 1 1 1 1 1 1 1 1 1 1 1 1 1 1 1 1 1 1 1 1 1 1 1 1 1 1 1 1 1 1 1 1 1 1 1 1 1 1 1 1 1 1 1 1 1 1 1 1 1 1 1 1 1 1 1 1 1 1 1 1 1 1 1 1 1 1 1 1 1 1 1 1 1 1 1 1 1 1 1 1 1 1 1 1 1 1 1 1 1 1 1 1 1 1 1 1 1 1 1 1 1 1 1 1 1 1 1 1 1 1 1 1 1 1 1 1 1 1 1 1 1 1 1 1 1 1 1 1 1 1 1 1 1 1 1 1 1 1 1 1 1 1 1 1 1 1 1 1 1 1 1 1 1 1 1 1 1 1 1 1 1 1 1 1 1 1 1 1 1 1 1 1 1 1 1 1 1 1 1 1 1 1 1 1 1 1 1 1 1 1 1 1 1 1 1 1 1 1 1 1 1 1 1 1 1 1 1 1 1 1 1 1 1 1 1 1 1 1 1 1 1 1 1 1 1 1 1 1 1 1 1 1 1 1 1 1 1 1 1 1 1 1 1 1 1 1 1 1 1 1 1 1 1 1 1 1 1 1 1 1 1 1 1 1 1 1 1 1 1 1 1 1 1 1 1 1 1 1 1 1 1 1 1 1 1 1 1 1 1 1 1 1 1 1 1 1 1 1 1 1 1 1 1 1 1 1 1 1 1 1 1 1 1 1 1 1 1 1 1 1 1 1 1 1 1 1 1 1 1 1 1 1 1 1 1 1 1 1 1 1 1 1 1 1 1 1 1 1 1 1 1 1 1 1 1 1 1 1 1 1 1 1 1 1 1 1 1 1 1 1 1 1 1 1 1 1 1 1 1 1 1 1 1 1 1 1 1 1 1 1 1 1 1 1 1 1 1 1 1 1 1 1 1 1 1 1 1 1 1 1 1 1 1 1 1 1 1 1 1 1 1 1 1 1 1 1 1 1 1 1 1 1 1 1 1 1 1 1 1 1 1 1 1 1 1 1 1 1 1 1 1 1 1 1 1 1 1 1 1 1 1 1 1 1 1 1 1 1 1 1 1 1 1 1 1 1 1 1 1 1 1 1 1 1 1 1 1 1 1 1 1 1 1 1 1 1 1 1 1 1 1 1 1 1 1 1 1 1 1 1 1 1 1 1 1 1 1 1 1 1 1 1 1 1 1 1 1 1 1 1 1 1 1 1 1 1 1 1 1 1 1 1 1 1 1 1 1 1 1 1 1 1 1 1 1 1 1 1 1 1 1 1 1 1 1 1 1 1 1 1 1 1 1 1 1 1 1 1 1 1 1 1 1 1 1 1 1 1 1 1 1 1 1 1 1 1 1 1 1 1 1 1 1 1 1 1 1 1 1 1 1 1 1 1 1 1 1 1 1 1 1 1 1 1 1 1 1 1 1 1 1 1 1 1 1 1 1 1 1 1 1 1 1 1 1 1 1 1 1 1 1 1 1 1 1 1 1 1 1 1 1 1 1 1 1 1 1 1 1 1 1 1 1 1 1 1 1 1 1 1 1 1 1 1 1 1 1 1 1 1 1 1 1 1 1 1 1 1 1 1 1 1 1 1 1 1 1 1 1 1 1 1 1 1 1 1 1 1 1 1 1 1 1 1 1 1 1 1 1 1 1 1 1 1 1 1 1 1 1 1 1 1 1 1 1 1 1 1 1 1 1 1 1 1 1 1 1 1 1 1 1 1 1 1 1 1 1 1 1 1 1 1 1 1 1 1 1 1 1 1 1 1 1 1 1 1 1 1 1 1 1 1 1 1 1 1 1 1 1 1 1 1 1 1 1 1 1 1 1 1 1 1 1 1 1 1 1 1 1 1 1 1 1 1 1 1 1 1 1 1 1 1 1 1 1 1 1 1 1 1 1 1 1 1 1 1 1 1 1 1 1 1 1 1 1 1 1 1 1 1 1 1 1 1 1 1 1 1 1 1 1 1 1 1 1 1 1 1 1 1 1 1 1 1 1 1 1 1 1 1 1 1 1 1 1 1 1 1 1 1 1 1 1 1 1 1 1 1 1 1 1 1 1 1 1 1 1 1 1 1 1 1 1 1 1 1 1 1 1 1 1 1 1 1 1 1 1 1 1 1 1 1 1 1 1 1 1 1 1 1 1 1 1 1 1 1 1 1 1 1 1 1 1 1 1 1 1 1 1 1 1 1 1 1 1 1 1 1 1 1 1 1 1 1 1 1 1 1 1 1 1 1 1 1 1 1 1 1 1 1 1 1 1 1 1 1 1 1 1 1 1 1 1 1 1 1 1 1 1 1 1 1 1 1 1 1 1 1 1 1 1 1 1 1 1 1 1 1 1 1 1 1 1 1 1 1 1 1 1 1 1 1 1 1 1 1 1 1 1 1 1 1 1 1 1 1 1 1 1 1 1 1 1 1 1 1 1 1 1 1 1 1 1 1 1 1 1 1 1 1 1 1 1 1 1 1 1 1 1 1 1 1 1 1 1 1 1 1 1 1 1 1 1 1 1 1 1 1 1 1 1 1 1 1 1 1 1 1 1 1 1 1 1 1 1 1 1 1 1 1 1 1 1 1 1 1 1 1 1 1 1 1 1 1 1 1 1 1 1 1 1 1 1 1 1 1 1 1 1 1 1 1 1 1 1 1 1 1 1 1 1 1 1 1 1 1 1 1 1 1 1 1 1 1 1 1 1 1 1 1 1 1 1 1 1 1 1 1 1 1 1 1 1 1 1 1 1 1 1 1 1 1 1 1 1 1 1 1 1 1 1 1 1 1 1 1 1 1 1 1 1 1 1 1 1 1 1 1 1 1 1 1 1 1 1 1 1 1 1 1 1 1 1 1 1 1 1 1 1 1 1 1 1 1 1 1 1 1 1 1 1 1 1 1 1 1 1 1 1 1 1 1 1 1 1 1 1 1 1 1 1 1 1 1 1 1 1 1 1 1 1 1 1 1 1 1 1 1 1 1 1 1 1 1 1 1 1 1 1 1 1 1 1 1 1 1 1 1 1 1 1 1 1 1 1 1 1 1 1 1 1 1 1 1 1 1 1 1 1 1 1 1 1 1 1 1 1 1 1 1 1 1 1 1 1 1 1 1 1 1 1 1 1 1 1 1 1 1 1 1 1 1 1 1 1 1 1 1 1 1 1 1 1 1 1 1 1 1 1 1 1 1 1 1 1 1 1 1 1 1 1 1 1 1 1 1 1 1 1 1 1 1 1 1 1 1 1 1 1 1 1 1 1 1 1 1 1 1 1 1 1 1 1 1 1 1 1 1 1 1 1 1 1 1 1 1 1 1 1 1 1 1 1 1 1 1 1 1 1 1 1 1 1 1 1 1 1 1 1 1 1 1 1 1 1 1 1 1 1 1 1 1 1 1 1 1 1 1 1 1 1 1 1 1 1 1 1 1 1 1 1 1 1 1 1 1 1 1 1 1 1 1 1 1 1 1 1 1 1 1 1 1 1 1 1 1 1 1 1 1 1 1 1 1 1 1 1 1 1 1 1 1 1 1 1 1 1 1 1 1 1 1 1 1 1 1 1 1 1 1 1 1 1 1 1 1 1 1 1 1 1 1 1 1 1 1 1 1 1 1 1 1 1 1 1 1 1 1 1 1 1 1 1 1 1 1 1 1 1 1 1 1 1 1 1 1 1 1 1 1 1 1 1 1 1 1 1 1 1 1 1 1 1 1 1 1 1 1 1 1 1 1 1 1 1 1 1 1 1 1 1 1 1 1 1 1 1 1 1 1 1 1 1 1 1 1 1 1 1 1 1 1 1 1 1 1 1 1 1 1 1 1 1 1 1 1 1 1 1 1 1 1 1 1 1 1 1 1 1 1 1 1 1 1 1 1 1 1 1 1 1 1 1 1 1 1 1 1 1 1 1 1 1 1 1 1 1 1 1 1 1 1 1 1 1 1 1 1 1 1 1 1 1 1 1 1 1 1 1 1 1 1 1 1 1 1 1 1 1 1 1 1 1 1 1 1 1 1 1 1 1 1 1 1 1 1 1 1 1 1 1 1 1 1 1 1 1 1 1 1 1 1 1 1 1 1 1 1 1 1 1 1 1 1 1 1 1 1 1 1 1 1 1 1 1 1 1 1 1 1 1 1 1 1 1 1 1 1 1 1 1 1 1 1 1 1 1 1 1 1 1 1 1 1 1 1 1 1 1 1 1 1 1 1 1 1 1 1 1 1 1 1 1 1 1 1 1 1 1 1 1 1 1 1 1 1 1 1 1 1 1 1 1 1 1 1 1 1 1 1 1 1 1 1 1 1 1 1 1 1 1 1 1 1 1 1 1 1 1 1 1 1 1 1 1 1 1 1 1 1 1 1 1 1 1 1 1 1 1 1 1 1 1 1 1 1 1 1 1 1 1 1 1 1 1 1 1 1 1 1 1 1 1 1 1 1 1 1 1 1 1 1 1 1 1 1 1 1 1 1 1 1 1 1 1 1 1 1 1 1 1 1 1 1 1 1 1 1 1 1 1 1 1 1 1 1 1 1 1 1 1 1 1 1 1 1 1 1 1 1 1 1 1 1 1 1 1 1 1 1 1 1 1 1 1 1 1 1 1 1 1 1 1 1 1 1 1 1 1 1 1 1 1 1 1 1 1 1 1 1 1 1 1 1 1 1 1 1 1 1 1 1 1 1 1 1 1 1 1 1 1 1 1 1 1 1 1 1 1 1 1 1 1 1 1 1 1 1 1 1 1 1 1 1 1 1 1 1 1 1 1 1 1 1 1 1 1 1 1 1 1 1 1 1 1 1 1 1 1 1 1 1 1 1 1 1 1 1 1 1 1 1 1 1 1 1 1 1 1 1 1 1 1 1 1 1 1 1 1 1 1 1 1 1 1 1 1 1 1 1 1 1 1 1 1 1 1 1 1 1 1 1 1 1 1 1 1 1 1 1 1 1 1 1 1 1 1 1 1 1 1 1 1 1 1 1 1 1 1 1 1 1 1 1 1 1 1 1 1 1 1 1 1 1 1 1 1 1 1 1 1 1 1 1 1 1 1 1 1 1 1 1 1 1 1 1 1 1 1 1 1 1 1 1 1 1 1 1 1 1 1 1 1 1 1 1 1 1 1 1 1 1 1 1 1 1 1 1 1 1 1 1 1 1 1 1 1 1 1 1 1 1 1 1 1 1 1 1 1 1 1 1 1 1 1 1 1 1 1 1 1 1 1 1 1 1 1 1 1 1 1 1 1 1 1 1 1 1 1 1 1 1 1 1 1 1 1 1 1 1 1 1 1 1 1 1 1 1 1 1 1 1 1 1 1 1 1 1 1 1 1 1 1 1 1 1 1 1 1 1 1 1 1 1 1 1 1 1 1 1 1 1 1 1 1 1 1 1 1 1 1 1 1 1 1 1 1 1 1 1 1 1 1 1 1 1 1 1 1 1 1 1 1 1 1 1 1 1 1 1 1 1 1 1 1 1 1 1 1 1 1 1 1 1 1 1 1 1 1 1 1 1 1 1 1 1 1 1 1 1 1 1 1 1 1 1 1 1 1 1 1 1 1 1 1 1 1 1 1 1 1 1 1 1 1 1 1 1 1 1 1 1 1 1 1 1 1 1 1 1 1 1 1 1 1 1 1 1 1 1 1 1 1 1 1 1 1 1 1 1 1 1 1 1 1 1 1 1 1 1 1 1 1 1 1 1 1 1 1 1 1 1 1 1 1 1 1 1 1 1 1 1 1 1 1 1 1 1 1 1 1 1 1 1 1 1 1 1 1 1 1 1 1 1 1 1 1 1 1 1 1 1 1 1 1 1 1 1 1 1 1 1 1 1 1 1 1 1 1 1 1 1 1 1 1 1 1 1 1 1 1 1 1 1 1 1 1 1 1 1 1 1 1 1 1 1 1 1 1 1 1 1 1 1 1 1 1 1 1 1 1 1 1 1 1 1 1 1 1 1 1 1 1 1 1 1 1 1 1 1 1 1 1 1 1 1 1 1 1 1 1 1 1 1 1 1 1 1 1 1 1 1 1 1 1 1 1 1 1 1 1 1 1 1 1 1 1 1 1 1 1 1 1 1 1 1 1 1 1 1 1 1 1 1 1 1 1 1 1 1 1 1 1 1 1 1 1 1 1 1 1 1 1 1 1 1 1 1 1 1 1 1 1 1 1 1 1 1 1 1 1 1 1 1 1 1 1 1 1 1 1 1 1 1 1 1 1 1 1 1 1 1 1 1 1 1 1 1 1 1 1 1 1 1 1 1 1 1 1 1 1 1 1 1 1 1 1 1 1 1 1 1 1 1 1 1 1 1 1 1 1 1 1 1 1 1 1 1 1 1 1 1 1 1 1 1 1 1 1 1 1 1 1 1 1 1 1 1 1 1 1 1 1 1 1 1 1 1 1 1 1 1 1 1 1 1 1 1 1 1 1 1 1 1 1 1 1 1 1 1 1 1 1 1 1 1 1 1 1 1 1 1 1 1 1 1 1 1 1 1 1 1 1 1 1 1 1 1 1 1 1 1 1 1 1 1 1 1 1 1 1 1 1 1 1 1 1 1 1 1 1 1 1 1 1 1 1 1 1 1 1 1 1 1 1 1 1 1 1 1 1 1 1 1 1 1 1 1 1 1 1 1 1 1 1 1 1 1 1 1 1 1 1 1 1 1 1 1 1 1 1 1 1 1 1 1 1 1 1 1 1 1 1 1 1 1 1 1 1 1 1 1 1 1 1 1 1 1 1 1 1 1 1 1 1 1 1 1 1 1 1 1 1 1 1 1 1 1 1 1 1 1 1 1 1 1 1 1 1 1 1 1 1 1 1 1 1 1 1 1 1 1 1 1 1 1 1 1 1 1 1 1 1 1 1 1 1 1 1 1 1 1 1 1 1 1 1 1 1 1 1 1 1 1 1 1 1 1 1 1 1 1 1 1 1 1 1 1 1 1 1 1 1 1 1 1 1 1 1 1 1 1 1 1 1 1 1 1 1 1 1 1 1 1 1 1 1 1 1 1 1 1 1 1 1 1 1 1 1 1 1 1 1 1 1 1 1 1 1 1 1 1 1 1 1 1 1 1 1 1 1 1 1 1 1 1 1 1 1 1 1 1 1 1 1 1 1 1 1 1 1 1 1 1 1 1 1 1 1 1 1 1 1 1 1 1 1 1 1 1 1 1 1 1 1 1 1 1 1 1 1 1 1 1 1 1 1 1 1 1 1 1 1 1 1 1 1 1 1 1 1 1 1 1 1 1 1 1 1 1 1 1 1 1 1 1 1 1 1 1 1 1 1 1 1 1 1 1 1 1 1 1 1 1 1 1 1 1 1 1 1 1 1 1 1 1 1 1 1 1 1 1 1 1 1 1 1 1 1 1 1 1 1 1 1 1 1 1 1 1 1 1 1 1 1 1 1 1 1 1 1 1 1 1 1 1 1 1 1 1 1 1 1 1 1 1 1 1 1 1 1 1 1 1 1 1 1 1 1 1 1 1 1 1 1 1 1 1 1 1 1 1 1 1 1 1 1 1 1 1 1 1 1 1 1 1 1 1 1 1 1 1 1 1 1 1 1 1 1 1 1 1 1 1 1 1 1 1 1 1 1 1 1 1 1 1 1 1 1 1 1 1 1 1 1 1 1 1 1 1 1 1 1 1 1 1 1 1 1 1 1 1 1 1 1 1 1 1 1 1 1 1 1 1 1 1 1 1 1 1 1 1 1 1 1 1 1 1 1 1 1 1 1 1 1 1 1 1 1 1 1 1 1 1 1 1 1 1 1 1 1 1 1 1 1 1 1 1 1 1 1 1 1 1 1 1 1 1 1 1 1 1 1 1 1 1 1 1 1 1 1 1 1 1 1 1 1 1 1 1 1 1 1 1 1 1 1 1 1 1 1 1 1 1 1 1 1 1 1 1 1 1 1 1 1 1 1 1 1 1 1 1 1 1 1 1 1 1 1 1 1 1 1 1 1 1 1 1 1 1 1 1 1 1 1 1 1 1 1 1 1 1 1 1 1 1 1 1 1 1 1 1 1 1 1 1 1 1 1 1 1 1 1 1 1 1 1 1 1 1 1 1 1 1 1 1 1 1 1 1 1 1 1 1 1 1 1 1 1 1 1 1 1 1 1 1 1 1 1 1 1 1 1 1 1 1 1 1 1 1 1 1 1 1 1 1 1 1 1 1 1 1 1 1 1 1 1 1 1 1 1 1 1 1 1 1 1 1 1 1 1 1 1 1 1 1 1 1 1 1 1 1 1 1 1 1 1 1 1 1 1 1 1 1 1 1 1 1 1 1 1 1 1 1 1 1 1 1 1 1 1 1 1 1 1 1 1 1 1 1 1 1 1 1 1 1 1 1 1 1 1 1 1 1 1 1 1 1 1 1 1 1 1 1 1 1 1 1 1 1 1 1 1 1 1 1 1 1 1 1 1 1 1 1 1 1 1 1 1 1 1 1 1 1 1 1 1 1 1 1 1 1 1 1 1 1 1 1 1 1 1 1 1 1 1 1 1 1 1 1 1 1 1 1 1 1 </float_array>
          <technique_common>
            <accessor source="#colors-array" count="1537" stride="3">
              <param name="R" type="float"/>
              <param name="G" type="float"/>
              <param name="B" type="float"/>
            </accessor>
          </technique_common>
        </source>
        <source id="normals">
          <float_array id="normals-array" count="4611">0.5096555 -0.096662484 0.85493135 0.50530773 0.15146099 0.8495432 -0.015620754 -0.020686401 0.99966395 -0.003904526 0.063351616 0.99798363 -0.5039037 -0.11040643 0.8566747 -0.49207452 0.14746468 0.8579725 0.5096555 -0.096662484 0.85493135 -0.015620754 -0.020686401 0.99966395 -0.01758284 -0.60518456 0.795891 -0.5039037 -0.11040643 0.8566747 0.67199516 -0.54589164 0.5004247 0.031254563 -0.47459966 0.8796467 0 -0.74381334 0.6683874 -0.6537125 -0.56871647 0.49922094 0.5096555 -0.096662484 0.85493135 -0.01758284 -0.60518456 0.795891 0.031254563 -0.47459966 0.8796467 -0.5039037 -0.11040643 0.8566747 0.031254563 -0.47459966 0.8796467 0.67199516 -0.54589164 0.5004247 0.774903 -0.084259436 0.62643886 0.5096555 -0.096662484 0.85493135 0.031254563 -0.47459966 0.8796467 -0.5039037 -0.11040643 0.8566747 -0.7987784 -0.023002166 0.60118544 -0.6537125 -0.56871647 0.49922094 0.3825948 0.16548264 0.90897566 -0.0039034768 0.18090595 0.9834927 0.30255735 0.0021209898 0.9531288 -0.01757328 -0.030446455 0.9993819 0.50530773 0.15146099 0.8495432 -0.003904526 0.063351616 0.99798363 0.76767963 -0.64074856 -0.010450399 0.855719 -0.45467412 0.24701522 0.774903 -0.084259436 0.62643886 0.8320039 -0.1810482 0.52439594 0.5096555 -0.096662484 0.85493135 0.50530773 0.15146099 0.8495432 0.50530773 0.15146099 0.8495432 0.8320039 -0.1810482 0.52439594 0.30255735 0.0021209898 0.9531288 0.80755347 0.043878544 0.5881599 0.3825948 0.16548264 0.90897566 0.8238777 0.18790275 0.53471315 -0.0039034768 0.18090595 0.9834927 -0.38247892 0.15757345 0.91042876 -0.01757328 -0.030446455 0.9993819 -0.3202312 -0.007471689 0.94731 -0.003904526 0.063351616 0.99798363 -0.49207452 0.14746468 0.8579725 -0.89333737 -0.33326024 0.301473 -0.78681856 -0.59721667 -0.15572043 -0.82420295 0.02882023 0.5655607 -0.7987784 -0.023002166 0.60118544 -0.49207452 0.14746468 0.8579725 -0.5039037 -0.11040643 0.8566747 -0.82420295 0.02882023 0.5655607 -0.49207452 0.14746468 0.8579725 -0.80662704 0.043772537 0.5894377 -0.3202312 -0.007471689 0.94731 -0.8238777 0.18790275 0.53471315 -0.38247892 0.15757345 0.91042876 0.3825948 0.16548264 0.90897566 0.8238777 0.18790275 0.53471315 0.39611977 0.14792323 0.9062052 0.6800747 0.19887114 0.70565474 0.80755347 0.043878544 0.5881599 0.8320039 -0.1810482 0.52439594 0.9713898 -0.14039305 0.19155073 0.855719 -0.45467412 0.24701522 0.6800747 0.19887114 0.70565474 0.8238777 0.18790275 0.53471315 0.9713898 -0.14039305 0.19155073 0.80755347 0.043878544 0.5881599 0.3825948 0.16548264 0.90897566 0.39611977 0.14792323 0.9062052 -0.0039034768 0.18090595 0.9834927 0 0.14956495 0.9887519 -0.39611977 0.14792323 0.9062052 -0.6800747 0.19887114 0.70565474 -0.8238777 0.18790275 0.53471315 -0.39611977 0.14792323 0.9062052 -0.38247892 0.15757345 0.91042876 -0.80662704 0.043772537 0.5894377 -0.97088355 -0.15187041 0.18525805 -0.82420295 0.02882023 0.5655607 -0.89333737 -0.33326024 0.301473 -0.6800747 0.19887114 0.70565474 -0.97088355 -0.15187041 0.18525805 -0.8238777 0.18790275 0.53471315 -0.80662704 0.043772537 0.5894377 -0.39611977 0.14792323 0.9062052 -0.38247892 0.15757345 0.91042876 -0.0039034768 0.18090595 0.9834927 0.7539005 -0.640723 -0.1452862 0 -0.13971747 -0.9901914 0.06252646 0.30857742 -0.9491419 0 0.47098064 -0.88214356 0.4162049 0.883895 -0.21331471 0.031228354 0.9228983 -0.38377532 0.71679497 -0.12701368 -0.68561834 0.7009823 -0.5598143 -0.44185045 0 -0.13971747 -0.9901914 0 -0.632671 -0.7744207 -0.70177895 -0.12276975 -0.7017364 -0.7142273 -0.5682319 -0.40864635 0 -0.13971747 -0.9901914 -0.7660257 -0.6165619 -0.18181312 0 0.47098064 -0.88214356 -0.06252646 0.30857742 -0.9491419 0.031228354 0.9228983 -0.38377532 -0.4414742 0.8469102 -0.2963844 -0.77726406 0.05442538 0.62681615 -0.8901243 -0.37644953 0.25683552 -0.20915091 0.49818364 0.84146833 -0.050801475 -0.1182003 0.99168944 0.68642205 0.4154015 0.59688056 0.89058775 0.25501677 0.37658986 0.9990877 -0.012897862 0.040712256 0.85733753 0.5125277 0.047829714 0.95011425 0.034193024 0.31002212 0.87696743 0.27405652 0.39474183 0.742295 0.03173264 0.6693214 0.5677279 0.25092387 0.78404224 -0.005865146 -0.776192 -0.6304693 0 -0.632671 -0.7744207 0.519489 -0.74422556 -0.41983274 0.7009823 -0.5598143 -0.44185045 0.71515 -0.696139 -0.062857 0.7009823 -0.5598143 -0.44185045 0.71679497 -0.12701368 -0.68561834 0.9990877 -0.012897862 0.040712256 0.7539005 -0.640723 -0.1452862 0.9327435 0.3213875 0.16340029 0.71515 -0.696139 -0.062857 0.7009823 -0.5598143 -0.44185045 0.9122965 -0.3369554 0.23275776 0.9990877 -0.012897862 0.040712256 0.8100719 -0.25526893 0.5278459 -0.005865146 -0.776192 -0.6304693 -0.5231398 -0.74397403 -0.41572517 0 -0.632671 -0.7744207 -0.7142273 -0.5682319 -0.40864635 -0.86054844 -0.5091024 -0.016467128 -0.8761237 -0.48160484 -0.021539992 -0.7142273 -0.5682319 -0.40864635 -0.9778058 -0.19728431 0.070531964 -0.70177895 -0.12276975 -0.7017364 -0.7660257 -0.6165619 -0.18181312 0 -0.13971747 -0.9901914 -0.7660257 -0.6165619 -0.18181312 -0.9778058 -0.19728431 0.070531964 -0.92459726 0.34550998 0.1604456 -0.9378873 0.123695835 0.32413992 -0.4414742 0.8469102 -0.2963844 -0.65070593 0.7312383 0.20462725 0.031228354 0.9228983 -0.38377532 0.05664059 0.9793601 0.1940248 0.4162049 0.883895 -0.21331471 0.85733753 0.5125277 0.047829714 0.9327435 0.3213875 0.16340029 0.9990877 -0.012897862 0.040712256 -0.95886177 -0.27550322 -0.068425685 -0.9489324 -0.27404737 0.156286 -0.8761237 -0.48160484 -0.021539992 -0.9778058 -0.19728431 0.070531964 0.3359885 0.679132 0.6526036 0.4181478 0.33960763 0.8425076 0.523542 0.34722626 0.7780345 0.5373529 0.111062504 0.83601254 -0.1972118 -0.13513276 0.97100294 -0.12295787 -0.10234731 0.9871203 0.68642205 0.4154015 0.59688056 0.4181478 0.33960763 0.8425076 0.3359885 0.679132 0.6526036 -0.8901243 -0.37644953 0.25683552 -0.18546149 -0.54675037 0.81649745 -0.050801475 -0.1182003 0.99168944 0.89058775 0.25501677 0.37658986 -0.4746443 0.06878866 0.8774856 -0.77726406 0.05442538 0.62681615 -0.4451986 0.1467373 0.8833269 -0.19903769 0.038462278 0.9792368 -0.19903769 0.038462278 0.9792368 -0.58166146 0.023688385 0.813086 -0.32840532 -0.25282183 0.910072 -0.79559 -0.25814465 0.5480857 -0.58166146 0.023688385 0.813086 -0.9378873 0.123695835 0.32413992 -0.9161431 -0.054320358 0.39715374 -0.91863704 -0.024931129 0.3943152 0.8126997 -0.06926981 0.57855076 0.742295 0.03173264 0.6693214 0.5192593 -0.10036892 0.8487025 0.60749555 0.02035747 0.7940622 0.5677279 0.25092387 0.78404224 -0.033201892 0.43551555 0.8995687 0.523542 0.34722626 0.7780345 0.3359885 0.679132 0.6526036 0.87696743 0.27405652 0.39474183 0.85733753 0.5125277 0.047829714 0.457304 0.7714698 0.4423883 0.05664059 0.9793601 0.1940248 -0.033201892 0.43551555 0.8995687 0.3359885 0.679132 0.6526036 0.87696743 0.27405652 0.39474183 0.457304 0.7714698 0.4423883 0.5677279 0.25092387 0.78404224 -0.033201892 0.43551555 0.8995687 0.3359885 0.679132 0.6526036 -0.15035073 0.8903252 0.42978567 0.68642205 0.4154015 0.59688056 -0.20915091 0.49818364 0.84146833 -0.28707907 0.32208195 0.9021357 -0.32402536 0.7227787 0.61040854 -0.65070593 0.7312383 0.20462725 0.05664059 0.9793601 0.1940248 -0.15035073 0.8903252 0.42978567 -0.32402536 0.7227787 0.61040854 -0.20915091 0.49818364 0.84146833 -0.77726406 0.05442538 0.62681615 -0.9378873 0.123695835 0.32413992 -0.9778058 -0.19728431 0.070531964 -0.7188059 -0.48898503 0.4941778 -0.8170958 -0.22827534 0.5293816 0.41002408 -0.30773947 0.85858995 0.72255856 -0.3894764 0.57115436 0.69739056 -0.38468662 0.60470045 0.9048263 -0.39737412 0.15291552 0.69133157 0.10859419 0.71433043 0.6823303 0.1084929 0.7229486 0.6823303 0.1084929 0.7229486 0.6742719 0.108231805 0.7305089 -0.77726406 0.05442538 0.62681615 -0.32402536 0.7227787 0.61040854 -0.19903769 0.038462278 0.9792368 -0.28707907 0.32208195 0.9021357 -0.58166146 0.023688385 0.813086 -0.29996347 -0.31120357 -0.9017618 0.9114037 -0.28939757 -0.29256162 -0.32552582 -0.93000495 0.17065664 0.4368572 -0.24024418 0.86685556 -0.29996347 -0.31120357 -0.9017618 -0.29996347 -0.31120357 -0.9017618 0.4368572 -0.24024418 0.86685556 -0.551526 -0.7989645 0.2397389 0.013401531 -0.102726795 0.9946193 -0.29996347 -0.31120357 -0.9017618 -0.6349288 -0.6447874 0.4255756 -0.9750203 -0.033982527 0.21950084 0.013401531 -0.102726795 0.9946193 -0.8965218 -0.25772914 0.36031142 0.54710746 -0.026769776 0.8366342 0.4368572 -0.24024418 0.86685556 0.9114037 -0.28939757 -0.29256162 0.54710746 -0.026769776 0.8366342 0.88620985 0.2509316 -0.3894424 0.2866621 0.957693 -0.025475923 0.53169763 0.020516733 0.8466857 0.68392956 0.70667976 -0.1812294 0.54710746 -0.026769776 0.8366342 0.88620985 0.2509316 -0.3894424 -0.73144865 -0.54057246 0.41564927 -0.8965218 -0.25772914 0.36031142 0.53169763 0.020516733 0.8466857 0.54710746 -0.026769776 0.8366342 -0.73144865 -0.54057246 0.41564927 -0.54266375 0.34320098 -0.76663494 -0.8965218 -0.25772914 0.36031142 -0.14960913 0.08791281 -0.9848291 0.3123764 -0.2995237 -0.9015024 0.32552582 -0.93000495 0.17065664 -0.8867674 -0.35138083 -0.30029166 -0.41617364 -0.26841655 0.8687647 -0.5786156 0.0041476246 0.81558985 0.3123764 -0.2995237 -0.9015024 0.551526 -0.7989645 0.2397389 -0.41617364 -0.26841655 0.8687647 -0.015751421 -0.09481453 0.9953703 -0.5786156 0.0041476246 0.81558985 0.8880636 -0.20207433 0.41292736 0.8880636 -0.20207433 0.41292736 -0.015751421 -0.09481453 0.9953703 0.9295211 0.10495193 0.35351893 0.6349288 -0.6447874 0.4255756 0.3123764 -0.2995237 -0.9015024 -0.015751421 -0.09481453 0.9953703 0.551526 -0.7989645 0.2397389 0.711674 -0.6110019 0.34669405 -0.5428184 0.025621545 0.8394592 0.8880636 -0.20207433 0.41292736 -0.5786156 0.0041476246 0.81558985 0.10032865 0.09202944 -0.99068904 0.55718136 0.312075 -0.76951814 0.8880636 -0.20207433 0.41292736 0.711674 -0.6110019 0.34669405 -0.29015195 0.9568853 -0.0135057755 0.55718136 0.312075 -0.76951814 -0.59409255 0.7618797 -0.25805688 0.10032865 0.09202944 -0.99068904 -0.898351 0.24433286 -0.36505747 0.2866621 0.957693 -0.025475923 0.68392956 0.70667976 -0.1812294 -0.54266375 0.34320098 -0.76663494 -0.14960913 0.08791281 -0.9848291 -0.29015195 0.9568853 -0.0135057755 -0.59409255 0.7618797 -0.25805688 -0.5428184 0.025621545 0.8394592 -0.5786156 0.0041476246 0.81558985 0.57429445 -0.035045117 0.81789833 0.57642734 -0.04476749 0.8159212 0.523542 0.34722626 0.7780345 0.5373529 0.111062504 0.83601254 -0.79559 -0.25814465 0.5480857 -0.9161431 -0.054320358 0.39715374 -0.7473891 0.014253756 0.6642337 -0.77894837 -0.15793824 0.6068731 0.523542 0.34722626 0.7780345 0.60749555 0.02035747 0.7940622 0.742295 0.03173264 0.6693214 0.5677279 0.25092387 0.78404224 0.9990877 -0.012897862 0.040712256 0.95011425 0.034193024 0.31002212 0.8384849 -0.2253435 0.49614853 0.8714994 -0.1849939 0.45416522 0.8126997 -0.06926981 0.57855076 0.83009326 -0.2313797 0.5073545 0.95011425 0.034193024 0.31002212 0.742295 0.03173264 0.6693214 -0.84051365 -0.290745 0.45716977 -0.9161431 -0.054320358 0.39715374 -0.91863704 -0.024931129 0.3943152 -0.86010826 -0.2088506 0.46539795 -0.8965218 -0.25772914 0.36031142 -0.14960913 0.08791281 -0.9848291 -0.29996347 -0.31120357 -0.9017618 -0.9750203 -0.033982527 0.21950084 -0.14960913 0.08791281 -0.9848291 0.88620985 0.2509316 -0.3894424 0.9114037 -0.28939757 -0.29256162 -0.29996347 -0.31120357 -0.9017618 0.3123764 -0.2995237 -0.9015024 0.10032865 0.09202944 -0.99068904 0.8880636 -0.20207433 0.41292736 0.9295211 0.10495193 0.35351893 0.10032865 0.09202944 -0.99068904 0.3123764 -0.2995237 -0.9015024 -0.8867674 -0.35138083 -0.30029166 -0.898351 0.24433286 -0.36505747 -0.58166146 0.023688385 0.813086 -0.28707907 0.32208195 0.9021357 -0.65070593 0.7312383 0.20462725 -0.9378873 0.123695835 0.32413992 0.8100719 -0.25526893 0.5278459 0.7891218 -0.31982163 0.52440524 0.9122965 -0.3369554 0.23275776 0.57429445 -0.035045117 0.81789833 0.61100864 -0.2576693 0.7485152 0.57642734 -0.04476749 0.8159212 -0.1972118 -0.13513276 0.97100294 -0.2010668 -0.18756819 0.9614522 -0.12295787 -0.10234731 0.9871203 -0.51757145 -0.03609773 0.8548782 -0.4746443 0.06878866 0.8774856 -0.4451986 0.1467373 0.8833269 -0.79559 -0.25814465 0.5480857 -0.4548642 -0.11113408 0.88359934 -0.32840532 -0.25282183 0.910072 -0.7473891 0.014253756 0.6642337 -0.72658813 -0.22177915 0.6502951 -0.77894837 -0.15793824 0.6068731 0.77317625 -0.28572392 0.5661804 0.83009326 -0.2313797 0.5073545 0.8126997 -0.06926981 0.57855076 0.8384849 -0.2253435 0.49614853 0.82979727 -0.26983443 0.48849347 0.8714994 -0.1849939 0.45416522 -0.86010826 -0.2088506 0.46539795 -0.82207394 -0.3813042 0.42284936 -0.84051365 -0.290745 0.45716977 -0.8170958 -0.22827534 0.5293816 -0.9778058 -0.19728431 0.070531964 -0.9489324 -0.27404737 0.156286 -0.15035073 0.8903252 0.42978567 0.3359885 0.679132 0.6526036 0.05664059 0.9793601 0.1940248 0.7539005 -0.640723 -0.1452862 0.71679497 -0.12701368 -0.68561834 0 -0.13971747 -0.9901914 -0.9161431 -0.054320358 0.39715374 -0.79559 -0.25814465 0.5480857 -0.58166146 0.023688385 0.813086 -0.32402536 0.7227787 0.61040854 -0.15035073 0.8903252 0.42978567 0.05664059 0.9793601 0.1940248 0.4368572 -0.24024418 0.86685556 0.54710746 -0.026769776 0.8366342 0.013401531 -0.102726795 0.9946193 -0.41617364 -0.26841655 0.8687647 0.32552582 -0.93000495 0.17065664 0.3123764 -0.2995237 -0.9015024 -0.5786156 0.0041476246 0.81558985 -0.898351 0.24433286 -0.36505747 -0.8867674 -0.35138083 -0.30029166 -0.5231398 -0.74397403 -0.41572517 -0.86054844 -0.5091024 -0.016467128 -0.7142273 -0.5682319 -0.40864635 0.7596317 -0.6500894 -0.01853435 0.7596317 -0.6500894 -0.01853435 0.7596317 -0.6500894 -0.01853435 0.895077 -0.44590196 0.0029298805 0.895077 -0.44590196 0.0029298805 0.895077 -0.44590196 0.0029298805 -0.97581273 -0.21851933 -0.006230087 -0.97581273 -0.21851933 -0.006230087 -0.97581273 -0.21851933 -0.006230087 -0.9301037 -0.36484334 0.042383865 -0.9301037 -0.36484334 0.042383865 -0.9301037 -0.36484334 0.042383865 0.68392956 0.70667976 -0.1812294 0.88620985 0.2509316 -0.3894424 -0.14960913 0.08791281 -0.9848291 -0.59409255 0.7618797 -0.25805688 -0.898351 0.24433286 -0.36505747 -0.5786156 0.0041476246 0.81558985 -0.9831625 -0.10512436 0.14946686 -0.97759247 -0.1582939 0.13876599 -0.54777545 -0.06366159 -0.8341998 -0.47320727 -0.13733238 -0.87018085 0.5545243 -0.010747446 -0.8320981 0.683123 -0.022017939 -0.72997135 0.9776714 0.059935953 0.20141079 0.9574748 0.006679876 0.28843942 -0.9831625 -0.10512436 0.14946686 -0.978643 -0.08917935 0.1852158 -0.04301242 -0.05297115 0.9976693 -0.045342546 -0.047248926 0.9978535 0.9776714 0.059935953 0.20141079 0.96766007 0.057309348 0.24566153 0.56820893 0.13268651 -0.8121163 0.60210633 0.0969205 -0.79251146 -0.4845313 0.0817991 -0.87094104 -0.5081346 0.013337635 -0.86117435 -0.9831625 -0.10512436 0.14946686 -0.978643 -0.08917935 0.1852158 0.7481517 -0.6080732 -0.2655485 0.76207083 0.6153056 0.20161115 0.01562614 0.07464194 -0.99708796 -0.005861301 0.61154455 -0.7911883 -0.74389243 -0.6115777 -0.26943785 -0.7739335 0.6106166 0.16785207 0.76207083 0.6153056 0.20161115 0.7481517 -0.6080732 -0.2655485 -0.001951693 0.2953958 0.955373 0.0019525755 -0.9682942 0.24980496 -0.7739335 0.6106166 0.16785207 -0.74389243 -0.6115777 -0.26943785 0.76767963 -0.64074856 -0.010450399 0.774903 -0.084259436 0.62643886 0.7107153 -0.699082 -0.078537375 0.67199516 -0.54589164 0.5004247 0 -0.9573101 0.28906292 0 -0.74381334 0.6683874 -0.67201054 -0.7366592 -0.07572978 -0.6537125 -0.56871647 0.49922094 -0.78681856 -0.59721667 -0.15572043 -0.7987784 -0.023002166 0.60118544 0.9767676 -0.15990423 0.14267333 0.9832545 -0.10927685 0.14583936 0.478347 -0.13938253 -0.867039 0.54777545 -0.06366159 -0.8341998 -0.6851336 -0.02178168 -0.7280917 -0.5545243 -0.010747446 -0.8320981 -0.9562233 0.006777896 0.29255947 -0.97824913 0.05594941 0.1997456 0.9815435 -0.08871086 0.16941895 0.9832545 -0.10927685 0.14583936 0.045342546 -0.047248926 0.9978535 0.04301242 -0.05297115 0.9976693 -0.9714422 0.058188956 0.23003043 -0.97824913 0.05594941 0.1997456 -0.59229 0.09462196 -0.8001495 -0.57341605 0.12517068 -0.80964583 0.48832145 0.013130042 -0.87256503 0.4881108 0.073714696 -0.8696631 0.9815435 -0.08871086 0.16941895 0.9832545 -0.10927685 0.14583936 0.5955167 0.1802122 -0.7828687 0.71792114 0.047330253 -0.69451356 0.9437319 0.31060338 0.11355874 0.9391714 0.1970118 0.28132457 0 0.19464898 0.980873 0 0.21228449 0.9772079 -0.94550014 0.3105538 0.097907506 -0.94184434 0.18934892 0.27762595 -0.601072 0.16255692 -0.7824881 -0.71089697 0.016138012 -0.703111 0.26228237 0.15765926 0.95202494 -0.64892644 0.57681686 0.49616206 0.19409494 0.9500646 0.24434496 -0.3922487 0.7566486 0.52309066 0.3787989 0.82277167 -0.42374304 0.049951494 0.9446373 0.32429194 0.071587145 0.79453427 -0.60298467 0.29554105 0.88764006 0.3532005 0.20126961 0.71300906 -0.6716462 0.76207083 0.6153056 0.20161115 -0.005861301 0.61154455 -0.7911883 0.16423541 0.45190182 -0.87681895 0.1252484 0.44530913 -0.8865735 0.071587145 0.79453427 -0.60298467 0.20126961 0.71300906 -0.6716462 0.26228237 0.15765926 0.95202494 0.19409494 0.9500646 0.24434496 0.049951494 0.9446373 0.32429194 0.071587145 0.79453427 -0.60298467 0.19409494 0.9500646 0.24434496 0.3787989 0.82277167 -0.42374304 0.21560162 0.7467271 -0.62921745 0.33800104 0.36161518 -0.8689015 0.16423541 0.45190182 -0.87681895 0.19409494 0.9500646 0.24434496 0.21560162 0.7467271 -0.62921745 0.071587145 0.79453427 -0.60298467 0.16423541 0.45190182 -0.87681895 0.76207083 0.6153056 0.20161115 -0.001951693 0.2953958 0.955373 0.29554105 0.88764006 0.3532005 0 0.53638613 0.8439727 -0.04301242 -0.05297115 0.9976693 0.9776714 0.059935953 0.20141079 -0.016192116 -0.13316272 0.9909619 -0.031154823 -0.11448372 0.9929365 -0.9831625 -0.10512436 0.14946686 0.3922487 0.7566486 0.52309066 0.64892644 0.57681686 0.49616206 -0.19409494 0.9500646 0.24434496 -0.26228237 0.15765926 0.95202494 -0.049951494 0.9446373 0.32429194 0.3922487 0.7566486 0.52309066 -0.19409494 0.9500646 0.24434496 -0.3787989 0.82277167 -0.42374304 -0.21560162 0.7467271 -0.62921745 -0.33800104 0.36161518 -0.8689015 -0.16423541 0.45190182 -0.87681895 -0.049951494 0.9446373 0.32429194 -0.2850909 0.89470005 0.34385312 -0.071587145 0.79453427 -0.60298467 -0.19814709 0.71755105 -0.66772616 -0.1252484 0.44530913 -0.8865735 0 0.35992163 -0.93298256 -0.049951494 0.9446373 0.32429194 -0.071587145 0.79453427 -0.60298467 -0.19409494 0.9500646 0.24434496 -0.21560162 0.7467271 -0.62921745 0 0.53638613 0.8439727 -0.001951693 0.2953958 0.955373 -0.2850909 0.89470005 0.34385312 -0.7739335 0.6106166 0.16785207 -0.005861301 0.61154455 -0.7911883 -0.2850909 0.89470005 0.34385312 -0.005861301 0.61154455 -0.7911883 -0.19814709 0.71755105 -0.66772616 0 0.44161385 -0.89720523 0 0.35992163 -0.93298256 0.20126961 0.71300906 -0.6716462 0.1252484 0.44530913 -0.8865735 0.26228237 0.15765926 0.95202494 0 0.53638613 0.8439727 0 0.52303946 0.85230845 -0.26228237 0.15765926 0.95202494 0.855719 -0.45467412 0.24701522 0.76767963 -0.64074856 -0.010450399 0.711795 -0.46691373 0.52472794 0.6487331 -0.44573998 0.6168154 0.73594826 -0.28316087 0.61497974 0.6370139 -0.36732203 0.67770773 0.68933374 -0.24800241 0.6806716 0.7107153 -0.699082 -0.078537375 0 -0.9573101 0.28906292 0.0019525755 -0.9682942 0.24980496 -0.67201054 -0.7366592 -0.07572978 -0.74389243 -0.6115777 -0.26943785 -0.78681856 -0.59721667 -0.15572043 0.6133573 -0.69689447 -0.3716597 0.7481517 -0.6080732 -0.2655485 -0.029299477 -0.4613457 -0.8867365 0.01562614 0.07464194 -0.99708796 -0.74389243 -0.6115777 -0.26943785 0.855719 -0.45467412 0.24701522 0.711795 -0.46691373 0.52472794 0.71918476 -0.20856348 0.6627779 0.7466385 -0.23868352 0.6209357 0.7578897 -0.2284915 0.61106044 0.73594826 -0.28316087 0.61497974 0.7195257 -0.23189549 0.6546047 0.68933374 -0.24800241 0.6806716 0.6133573 -0.69689447 -0.3716597 0.6481356 -0.6776347 -0.3474643 0.7481517 -0.6080732 -0.2655485 0.76767963 -0.64074856 -0.010450399 0.76767963 -0.64074856 -0.010450399 0.7107153 -0.699082 -0.078537375 0.7481517 -0.6080732 -0.2655485 0.0019525755 -0.9682942 0.24980496 -0.78681856 -0.59721667 -0.15572043 -0.89333737 -0.33326024 0.301473 -0.6857259 -0.41194987 0.60006434 -0.7277062 -0.21377896 0.6517225 -0.7466385 -0.23868352 0.6209357 -0.7578897 -0.2284915 0.61106044 -0.73594826 -0.28316087 0.61497974 -0.7195257 -0.23189549 0.6546047 -0.68933374 -0.24800241 0.6806716 -0.6170548 -0.69476175 -0.36952594 -0.74389243 -0.6115777 -0.26943785 -0.5912662 -0.61375684 -0.52316993 -0.78681856 -0.59721667 -0.15572043 -0.7466385 -0.23868352 0.6209357 -0.73594826 -0.28316087 0.61497974 -0.6857259 -0.41194987 0.60006434 -0.6953214 -0.39812377 0.59835243 -0.78681856 -0.59721667 -0.15572043 -0.6596112 -0.34511012 0.6676916 -0.68933374 -0.24800241 0.6806716 -0.6596112 -0.34511012 0.6676916 -0.73594826 -0.28316087 0.61497974 -0.6953214 -0.39812377 0.59835243 -0.97824913 0.05594941 0.1997456 0.04301242 -0.05297115 0.9976693 0.016192116 -0.13316272 0.9909619 0.9832545 -0.10927685 0.14583936 0.031154823 -0.11448372 0.9929365 0.71792114 0.047330253 -0.69451356 0.5955167 0.1802122 -0.7828687 -0.011715329 0.14131385 -0.9898955 -0.021487117 0.23122035 -0.9726641 -0.601072 0.16255692 -0.7824881 0 0.53638613 0.8439727 0.26228237 0.15765926 0.95202494 0.049951494 0.9446373 0.32429194 0.29554105 0.88764006 0.3532005 -0.031154823 -0.11448372 0.9929365 0.9776714 0.059935953 0.20141079 0.9574748 0.006679876 0.28843942 0.027230348 -0.07900471 0.9965023 -0.031154823 -0.11448372 0.9929365 0.027230348 -0.07900471 0.9965023 -0.97759247 -0.1582939 0.13876599 -0.9831625 -0.10512436 0.14946686 0 0.53638613 0.8439727 -0.2850909 0.89470005 0.34385312 -0.049951494 0.9446373 0.32429194 -0.26228237 0.15765926 0.95202494 -0.54777545 -0.06366159 -0.8341998 0.5545243 -0.010747446 -0.8320981 0.56820893 0.13268651 -0.8121163 -0.4845313 0.0817991 -0.87094104 0.031154823 -0.11448372 0.9929365 -0.027230348 -0.07900471 0.9965023 -0.9562233 0.006777896 0.29255947 -0.97824913 0.05594941 0.1997456 0.031154823 -0.11448372 0.9929365 0.9832545 -0.10927685 0.14583936 0.9767676 -0.15990423 0.14267333 -0.027230348 -0.07900471 0.9965023 -0.57341605 0.12517068 -0.80964583 -0.5545243 -0.010747446 -0.8320981 0.54777545 -0.06366159 -0.8341998 0.4881108 0.073714696 -0.8696631 -0.1252484 0.44530913 -0.8865735 -0.16423541 0.45190182 -0.87681895 -0.071587145 0.79453427 -0.60298467 -0.16423541 0.45190182 -0.87681895 -0.21560162 0.7467271 -0.62921745 -0.071587145 0.79453427 -0.60298467 0.73594826 -0.28316087 0.61497974 0.7466385 -0.23868352 0.6209357 0.711795 -0.46691373 0.52472794 0.6487331 -0.44573998 0.6168154 0.76767963 -0.64074856 -0.010450399 0.6370139 -0.36732203 0.67770773 -0.74389243 -0.6115777 -0.26943785 -0.6170548 -0.69476175 -0.36952594 -0.029299477 -0.4613457 -0.8867365 0.20126961 0.71300906 -0.6716462 0 0.44161385 -0.89720523 -0.005861301 0.61154455 -0.7911883 -0.04301242 -0.05297115 0.9976693 -0.016192116 -0.13316272 0.9909619 -0.9831625 -0.10512436 0.14946686 0.5545243 -0.010747446 -0.8320981 0.9776714 0.059935953 0.20141079 0.56820893 0.13268651 -0.8121163 -0.4845313 0.0817991 -0.87094104 -0.9831625 -0.10512436 0.14946686 -0.54777545 -0.06366159 -0.8341998 0.031154823 -0.11448372 0.9929365 -0.97824913 0.05594941 0.1997456 0.016192116 -0.13316272 0.9909619 -0.5545243 -0.010747446 -0.8320981 -0.57341605 0.12517068 -0.80964583 -0.97824913 0.05594941 0.1997456 0.4881108 0.073714696 -0.8696631 0.54777545 -0.06366159 -0.8341998 0.9832545 -0.10927685 0.14583936 -0.601072 0.16255692 -0.7824881 -0.71089697 0.016138012 -0.703111 -0.011715329 0.14131385 -0.9898955 0.30661112 -0.33527324 -0.8908319 0.745604 -0.5189131 -0.41809553 0.7251292 -0.22430754 -0.65105593 0.9238967 -0.20338751 0.32411185 0.71536964 -0.08158964 -0.6939664 0.9378786 -0.07840739 0.33798808 0 -0.12572013 0.9920657 0.9378786 -0.07840739 0.33798808 0 -0.1276418 0.99182034 0.9238967 -0.20338751 0.32411185 0 0.16146046 0.98687917 0.7379241 -0.33231714 0.58739537 0.028929925 0.11033878 -0.99347293 0.17146128 -0.008356291 -0.9851554 0.0077107064 0.87717605 -0.48010704 0.0042277244 0.86011124 -0.51008904 -0.041657615 0.86357486 0.5024969 -0.05138713 0.8373092 0.5443094 -0.05725937 0.1369437 0.98892254 -0.07187956 0.14669159 0.98656726 -0.9829017 -0.113314144 0.1451352 -0.978643 -0.08917935 0.1852158 -0.50227994 -0.10595751 -0.85818875 -0.5081346 0.013337635 -0.86117435 0.5413126 -0.05206217 -0.83920807 0.60210633 0.0969205 -0.79251146 0.98961526 -0.015459035 0.14290802 0.96766007 0.057309348 0.24566153 0.024168229 -0.06227617 0.9977663 -0.045342546 -0.047248926 0.9978535 -0.9829017 -0.113314144 0.1451352 -0.978643 -0.08917935 0.1852158 -0.93773365 -0.08034899 0.3379344 0 -0.12572013 0.9920657 -0.9238967 -0.20338751 0.32411185 0 -0.1276418 0.99182034 -0.7379241 -0.33231714 0.58739537 0 0.16146046 0.98687917 -0.7170559 -0.08546841 -0.6917557 -0.7248094 -0.22616239 -0.65077025 0 -0.18863764 -0.9820468 0 -0.32722548 -0.9449463 0.71536964 -0.08158964 -0.6939664 0.7251292 -0.22430754 -0.65105593 -0.17146128 -0.008356291 -0.9851554 -0.028929925 0.11033878 -0.99347293 -0.0042277244 0.86011124 -0.51008904 -0.0077107064 0.87717605 -0.48010704 0.05138713 0.8373092 0.5443094 0.041657615 0.86357486 0.5024969 0.07187956 0.14669159 0.98656726 0.05725937 0.1369437 0.98892254 0.850305 0.41797978 -0.31980345 0.88020253 0.41531235 -0.22969358 0.3906385 0.34819376 -0.85215175 0.4149556 0.29406366 -0.86101013 -0.0019542715 0.27731237 -0.9607778 -0.009758339 0.26366767 -0.9645642 -0.36892366 0.34315196 -0.86379516 -0.37716818 0.2746336 -0.8844889 -0.8241915 0.42921618 -0.36943448 -0.8243251 0.3958538 -0.40470722 0.44698822 0.49547252 -0.7447876 0.3906385 0.34819376 -0.85215175 0 0.4081067 -0.91293424 -0.0019542715 0.27731237 -0.9607778 -0.4394241 0.50903153 -0.74013066 -0.36892366 0.34315196 -0.86379516 0.81404513 0.24970606 0.5243829 0.8436967 0.49006996 0.21910559 0.47141895 0.13140924 0.8720641 0.5155172 0.36851886 0.7735864 0.025365839 0.141601 0.98959875 0.007812007 0.30789667 0.9513877 -0.4489505 0.11307157 0.88637364 -0.5155801 0.38419402 0.7658799 -0.81986094 0.26308975 0.50853896 -0.82588845 0.5250888 0.20540199 -0.745604 -0.5189131 -0.41809553 -0.30661112 -0.33527324 -0.8908319 -0.9238967 -0.20338751 0.32411185 -0.7248094 -0.22616239 -0.65077025 -0.93773365 -0.08034899 0.3379344 -0.7170559 -0.08546841 -0.6917557 0.5959031 0.7912235 0.13734937 0.6031661 0.7454949 0.28359833 0 0.809994 0.5864382 0 0.80003077 0.599959 -0.5959031 0.7912235 0.13734937 -0.6031661 0.7454949 0.28359833 0.76067054 0.3571013 0.5420877 0.81404513 0.24970606 0.5243829 0.48817682 0.08327208 0.868763 0.47141895 0.13140924 0.8720641 0.003907036 -0.370557 0.92880154 0.025365839 0.141601 0.98959875 -0.4431218 -0.7724165 0.45499003 -0.4489505 0.11307157 0.88637364 -0.9092018 0.05566251 0.41261822 -0.81986094 0.26308975 0.50853896 0.9815435 -0.08871086 0.16941895 0.98360044 -0.109387204 0.14340384 0.48832145 0.013130042 -0.87256503 0.504193 -0.10212939 -0.8575308 -0.59229 0.09462196 -0.8001495 -0.54358 -0.048168637 -0.8379741 -0.9714422 0.058188956 0.23003043 -0.98990464 -0.013439068 0.14109634 0.045342546 -0.047248926 0.9978535 -0.024168229 -0.06227617 0.9977663 0.9815435 -0.08871086 0.16941895 0.98360044 -0.109387204 0.14340384 0.6031661 0.7454949 0.28359833 0.5959031 0.7912235 0.13734937 0.49796125 0.66048837 -0.56195164 0.5061221 0.7097484 -0.48999754 0 0.73998946 -0.67261845 0 0.7646716 -0.64442015 -0.49850816 0.6612124 -0.5606138 -0.5061221 0.7097484 -0.48999754 -0.6031661 0.7454949 0.28359833 -0.5959031 0.7912235 0.13734937 0.17146128 -0.008356291 -0.9851554 0.47712463 -0.674248 -0.56368583 0.5795726 -0.35318765 -0.7344073 0.3580161 -0.2738802 -0.89264446 0.47712463 -0.674248 -0.56368583 0.52935624 -0.6489439 0.5464923 0.745604 -0.5189131 -0.41809553 0.7379241 -0.33231714 0.58739537 0.9238967 -0.20338751 0.32411185 0.745604 -0.5189131 -0.41809553 0.30661112 -0.33527324 -0.8908319 0.3580161 -0.2738802 -0.89264446 0 -0.092977025 -0.99566823 0.26228237 0.15765926 0.95202494 0 0.52303946 0.85230845 0 0.16146046 0.98687917 -0.26228237 0.15765926 0.95202494 -0.7379241 -0.33231714 0.58739537 -0.52935624 -0.6489439 0.5464923 0.17146128 -0.008356291 -0.9851554 0.028929925 0.11033878 -0.99347293 0.47712463 -0.674248 -0.56368583 0.20501024 -0.81896156 -0.5359783 -0.07187956 0.14669159 0.98656726 0.52935624 -0.6489439 0.5464923 -0.05725937 0.1369437 0.98892254 0.17420374 -0.809424 0.5607904 -0.9238967 -0.20338751 0.32411185 -0.7379241 -0.33231714 0.58739537 -0.745604 -0.5189131 -0.41809553 -0.52935624 -0.6489439 0.5464923 -0.47712463 -0.674248 -0.56368583 -0.17146128 -0.008356291 -0.9851554 -0.5795726 -0.35318765 -0.7344073 -0.47712463 -0.674248 -0.56368583 -0.3580161 -0.2738802 -0.89264446 -0.745604 -0.5189131 -0.41809553 -0.3580161 -0.2738802 -0.89264446 -0.30661112 -0.33527324 -0.8908319 0 -0.092977025 -0.99566823 0 -0.22800203 -0.97366065 0.30661112 -0.33527324 -0.8908319 0 -0.32722548 -0.9449463 0.7251292 -0.22430754 -0.65105593 -0.17146128 -0.008356291 -0.9851554 -0.47712463 -0.674248 -0.56368583 -0.028929925 0.11033878 -0.99347293 -0.20501024 -0.81896156 -0.5359783 -0.17420374 -0.809424 0.5607904 -0.52935624 -0.6489439 0.5464923 0.05725937 0.1369437 0.98892254 0.07187956 0.14669159 0.98656726 0.88020253 0.41531235 -0.22969358 0.850305 0.41797978 -0.31980345 0.76067054 0.3571013 0.5420877 0.81404513 0.24970606 0.5243829 0.81404513 0.24970606 0.5243829 0.850305 0.41797978 -0.31980345 0.8436967 0.49006996 0.21910559 0.44698822 0.49547252 -0.7447876 0.5406961 0.57240826 -0.61643857 -0.007812677 0.62952137 -0.7769439 -0.8243251 0.3958538 -0.40470722 -0.9092018 0.05566251 0.41261822 -0.8241915 0.42921618 -0.36943448 -0.81986094 0.26308975 0.50853896 -0.82588845 0.5250888 0.20540199 -0.82588845 0.5250888 0.20540199 -0.5155801 0.38419402 0.7658799 -0.81203306 0.57776374 0.08241012 0.007812007 0.30789667 0.9513877 -0.36892366 0.34315196 -0.86379516 -0.8241915 0.42921618 -0.36943448 -0.4394241 0.50903153 -0.74013066 -0.82588845 0.5250888 0.20540199 -0.5409559 0.59024763 -0.59914476 -0.81203306 0.57776374 0.08241012 -0.14956616 -0.97666764 -0.15411112 -0.02930266 -0.99945015 0.015516961 -0.17246668 -0.9816382 -0.08149653 -0.05400056 -0.99470055 0.08749151 -0.05400056 -0.99470055 0.08749151 -0.02930266 -0.99945015 0.015516961 0.021473829 -0.9245195 0.38052943 0.087938905 -0.99019384 0.1085491 -0.10743496 -0.957112 -0.2690619 -0.02930266 -0.99945015 0.015516961 -0.10814451 -0.9571567 -0.26861823 -0.14956616 -0.97666764 -0.15411112 0.087938905 -0.99019384 0.1085491 -0.02930266 -0.99945015 0.015516961 0.15301628 -0.97206604 0.17797083 0.12731531 -0.9448073 0.30187753 0.003907036 -0.370557 0.92880154 -0.4431218 -0.7724165 0.45499003 -0.02930266 -0.99945015 0.015516961 -0.9092018 0.05566251 0.41261822 0.52935624 -0.6489439 0.5464923 0.26228237 0.15765926 0.95202494 0.7379241 -0.33231714 0.58739537 0 0.16146046 0.98687917 0 -0.22800203 -0.97366065 0 -0.32722548 -0.9449463 -0.30661112 -0.33527324 -0.8908319 -0.7248094 -0.22616239 -0.65077025 0.44698822 0.49547252 -0.7447876 0 0.4081067 -0.91293424 -0.007812677 0.62952137 -0.7769439 -0.4394241 0.50903153 -0.74013066 -0.5409559 0.59024763 -0.59914476 0.007812007 0.30789667 0.9513877 0.5155172 0.36851886 0.7735864 0.8089121 0.5783065 0.10593795 0.8436967 0.49006996 0.21910559 0.7539005 -0.640723 -0.1452862 0.06252646 0.30857742 -0.9491419 -0.73144865 -0.54057246 0.41564927 -0.54266375 0.34320098 -0.76663494 0.53169763 0.020516733 0.8466857 0.9327435 0.3213875 0.16340029 -0.73144865 -0.54057246 0.41564927 0.7539005 -0.640723 -0.1452862 0.2866621 0.957693 -0.025475923 0.4162049 0.883895 -0.21331471 0.53169763 0.020516733 0.8466857 0.9327435 0.3213875 0.16340029 -0.54266375 0.34320098 -0.76663494 0.06252646 0.30857742 -0.9491419 0.2866621 0.957693 -0.025475923 0.4162049 0.883895 -0.21331471 0.55718136 0.312075 -0.76951814 -0.06252646 0.30857742 -0.9491419 0.711674 -0.6110019 0.34669405 -0.7660257 -0.6165619 -0.18181312 -0.7660257 -0.6165619 -0.18181312 -0.92459726 0.34550998 0.1604456 0.711674 -0.6110019 0.34669405 -0.5428184 0.025621545 0.8394592 -0.92459726 0.34550998 0.1604456 -0.4414742 0.8469102 -0.2963844 -0.5428184 0.025621545 0.8394592 -0.29015195 0.9568853 -0.0135057755 -0.4414742 0.8469102 -0.2963844 -0.06252646 0.30857742 -0.9491419 -0.29015195 0.9568853 -0.0135057755 0.55718136 0.312075 -0.76951814 0.20501024 -0.81896156 -0.5359783 0.17420374 -0.809424 0.5607904 0.52935624 -0.6489439 0.5464923 0.47712463 -0.674248 -0.56368583 -0.52935624 -0.6489439 0.5464923 -0.17420374 -0.809424 0.5607904 -0.20501024 -0.81896156 -0.5359783 -0.47712463 -0.674248 -0.56368583 0.3580161 -0.2738802 -0.89264446 0.47712463 -0.674248 -0.56368583 0.745604 -0.5189131 -0.41809553 0.26228237 0.15765926 0.95202494 0.52935624 -0.6489439 0.5464923 -0.07187956 0.14669159 0.98656726 -0.745604 -0.5189131 -0.41809553 -0.47712463 -0.674248 -0.56368583 -0.3580161 -0.2738802 -0.89264446 -0.26228237 0.15765926 0.95202494 0.07187956 0.14669159 0.98656726 -0.52935624 -0.6489439 0.5464923 0.850305 0.41797978 -0.31980345 0.3906385 0.34819376 -0.85215175 0.44698822 0.49547252 -0.7447876 0.8392261 -0.39481804 0.37392282 0.8392261 -0.39481804 0.37392282 0.8392261 -0.39481804 0.37392282 0.9096396 0.04463205 0.41299364 0.9096396 0.04463205 0.41299364 0.9096396 0.04463205 0.41299364 0.94792974 0.31847897 0.0005811641 0.94792974 0.31847897 0.0005811641 0.94792974 0.31847897 0.0005811641 0.90895075 0.03855708 -0.41511676 0.90895075 0.03855708 -0.41511676 0.90895075 0.03855708 -0.41511676 0.838517 -0.39457268 -0.37576798 0.838517 -0.39457268 -0.37576798 0.838517 -0.39457268 -0.37576798 0.79853123 -0.60194266 -0.0035840396 0.79853123 -0.60194266 -0.0035840396 0.79853123 -0.60194266 -0.0035840396 -0.9444798 -0.2912196 0.15214804 -0.9444798 -0.2912196 0.15214804 -0.9444798 -0.2912196 0.15214804 -0.9813996 -0.10413709 0.16127725 -0.9813996 -0.10413709 0.16127725 -0.9813996 -0.10413709 0.16127725 -0.9999979 -0.0019801238 -0.00044628847 -0.9999979 -0.0019801238 -0.00044628847 -0.9999979 -0.0019801238 -0.00044628847 -0.9810805 -0.106310226 -0.16180012 -0.9810805 -0.106310226 -0.16180012 -0.9810805 -0.106310226 -0.16180012 -0.9442023 -0.29148942 -0.1533492 -0.9442023 -0.29148942 -0.1533492 -0.9442023 -0.29148942 -0.1533492 -0.9249947 -0.3799778 -0.0012909032 -0.9249947 -0.3799778 -0.0012909032 -0.9249947 -0.3799778 -0.0012909032 0.5406961 0.57240826 -0.61643857 0.8089121 0.5783065 0.10593795 0.8436967 0.49006996 0.21910559 -0.9974774 0.064186655 -0.030312872 -0.9815024 0.06927556 0.17847677 -0.03314238 0.44102022 0.89688504 -0.025358018 0.7078469 0.7059106 0.98689985 0.14942 -0.060846858 0.986431 0.08981886 0.13742796 -0.53170395 0.019040339 -0.8467162 -0.035157472 0.045412168 -0.9983495 -0.9958143 0.005553372 0.09123053 -0.9974774 0.064186655 -0.030312872 -0.018129941 0.13507195 0.9906699 -0.03314238 0.44102022 0.89688504 0.97782874 0.17712338 0.11170606 0.98689985 0.14942 -0.060846858 0.5141269 0.103382826 -0.8514608 -0.035157472 0.045412168 -0.9983495 -0.91351306 -0.21013206 -0.34833664 -0.9122589 -0.15603048 -0.3787323 -0.04883431 -0.2062101 -0.97728837 0.0136528425 -0.17521365 -0.98443574 0.86701465 -0.05456576 -0.49528596 0.8699839 -0.07211037 -0.48777866 0.23234445 -0.16578504 -0.9584004 0.05266209 -0.18814474 -0.98072845 0.06343565 0.99757695 0.028568638 0.054824017 0.9962383 0.0671084 -0.038701802 -0.15352449 0.98738664 0.09359367 -0.17006192 0.98097867 -0.038701802 -0.15352449 0.98738664 0.09359367 -0.17006192 0.98097867 0.0051379087 -0.9999854 0.0016599058 0.022813842 -0.99933803 0.028338455 0.23234445 -0.16578504 -0.9584004 0.05266209 -0.18814474 -0.98072845 0.5393279 0.76937723 0.34232166 -0.14717868 0.95103425 0.27179465 -0.727847 0.62609744 0.27971548 -0.8263134 0.551909 0.112261675 -0.65003914 -0.7534872 -0.098519936 -0.6990947 -0.70988256 0.08563497 0.8294951 -0.5571605 -0.038860884 -0.010709896 -0.96953124 0.24473357 0.5393279 0.76937723 0.34232166 -0.14717868 0.95103425 0.27179465 0.60647154 -0.79182327 0.072167665 0.020493386 -0.99865025 -0.047725458 0.46708167 -0.08871614 0.87975234 -0.0066531063 0.92150754 0.38830352 -0.56965667 -0.11086124 0.8143716 -0.14717868 0.95103425 0.27179465 -0.5363664 -0.8439838 0.0015275737 -0.010709896 -0.96953124 0.24473357 0.60647154 -0.79182327 0.072167665 0.020493386 -0.99865025 -0.047725458 0.020493386 -0.99865025 -0.047725458 -0.6056049 -0.75226194 -0.25950864 -0.0066531063 0.92150754 0.38830352 -0.5835965 -0.29591417 0.7562076 0.19447319 0.86015373 0.4715037 0.4278433 -0.38879547 0.81595844 -0.24467303 -0.93206143 -0.2672013 0.49808058 -0.84554684 -0.192266 0.45020673 -0.8231235 -0.34609476 0.6902849 -0.69819516 -0.1898164 0.3637653 -0.58044404 0.72853243 0.8019417 0.5093901 0.3121077 -0.65676945 -0.35902017 0.6631428 0.19447319 0.86015373 0.4715037 -0.7156046 -0.5623755 -0.4142992 -0.24467303 -0.93206143 -0.2672013 0.45020673 -0.8231235 -0.34609476 0.6902849 -0.69819516 -0.1898164 -0.014695215 -0.9627938 -0.2698372 0.76084226 -0.2967744 0.5770997 -0.8229597 -0.42914566 -0.3722516 -0.29120004 -0.95393765 0.072148904 -0.7894178 0.5789256 0.20411919 -0.523911 0.0631176 0.8494313 -0.56136334 0.26630297 0.7835521 0.76084226 -0.2967744 0.5770997 -0.9546122 -0.27717075 0.109050125 -0.7707088 -0.2585781 -0.5823618 0.09138064 0.99581265 0.002584 0.1605388 0.96903455 -0.18761471 0.99412096 -0.08742022 -0.06388412 0.9747943 -0.08653081 -0.20564161 -0.05266209 -0.18814474 -0.98072845 -0.23234445 -0.16578504 -0.9584004 -0.054824017 0.9962383 0.0671084 -0.06343565 0.99757695 0.028568638 -0.09359367 -0.17006192 0.98097867 0.038701802 -0.15352449 0.98738664 -0.09359367 -0.17006192 0.98097867 0.038701802 -0.15352449 0.98738664 -0.022785308 -0.9993364 0.028416734 -0.005074832 -0.9999857 0.0016860806 -0.05266209 -0.18814474 -0.98072845 -0.23234445 -0.16578504 -0.9584004 0.14717868 0.95103425 0.27179465 -0.5393279 0.76937723 0.34232166 0.8263134 0.551909 0.112261675 0.727847 0.62609744 0.27971548 0.6990947 -0.70988256 0.08563497 0.65003914 -0.7534872 -0.098519936 0.010709896 -0.96953124 0.24473357 -0.8294951 -0.5571605 -0.038860884 0.14717868 0.95103425 0.27179465 -0.5393279 0.76937723 0.34232166 -0.020493386 -0.99865025 -0.047725458 -0.60647154 -0.79182327 0.072167665 0.0066531063 0.92150754 0.38830352 -0.46708167 -0.08871614 0.87975234 0.14717868 0.95103425 0.27179465 0.56965667 -0.11086124 0.8143716 0.010709896 -0.96953124 0.24473357 0.5363664 -0.8439838 0.0015275737 -0.020493386 -0.99865025 -0.047725458 -0.60647154 -0.79182327 0.072167665 0.6056049 -0.75226194 -0.25950864 -0.020493386 -0.99865025 -0.047725458 0.5835965 -0.29591417 0.7562076 0.0066531063 0.92150754 0.38830352 -0.4278433 -0.38879547 0.81595844 -0.19447319 0.86015373 0.4715037 -0.49808058 -0.84554684 -0.192266 0.24467303 -0.93206143 -0.2672013 -0.6902849 -0.69819516 -0.1898164 -0.45020673 -0.8231235 -0.34609476 -0.8019417 0.5093901 0.3121077 -0.3637653 -0.58044404 0.72853243 -0.19447319 0.86015373 0.4715037 0.65676945 -0.35902017 0.6631428 0.24467303 -0.93206143 -0.2672013 0.7156046 -0.5623755 -0.4142992 -0.6902849 -0.69819516 -0.1898164 -0.45020673 -0.8231235 -0.34609476 0.29120004 -0.95393765 0.072148904 0.8229597 -0.42914566 -0.3722516 0.523911 0.0631176 0.8494313 0.7894178 0.5789256 0.20411919 -0.76084226 -0.2967744 0.5770997 0.56136334 0.26630297 0.7835521 0.8689774 -0.30122823 -0.39260644 -0.17578039 -0.40058464 -0.8992404 0.6114621 0.78508466 -0.0987732 -0.415658 0.68629295 -0.5968504 0.16602966 0.41474843 0.8946608 -0.8617394 0.31472015 0.39794028 0.9815024 0.06927556 0.17847677 0.9974774 0.064186655 -0.030312872 0.025358018 0.7078469 0.7059106 0.03314238 0.44102022 0.89688504 -0.986431 0.08981886 0.13742796 -0.98689985 0.14942 -0.060846858 0.035157472 0.045412168 -0.9983495 0.53170395 0.019040339 -0.8467162 0.9974774 0.064186655 -0.030312872 0.9958143 0.005553372 0.09123053 0.03314238 0.44102022 0.89688504 0.018129941 0.13507195 0.9906699 -0.98689985 0.14942 -0.060846858 -0.97782874 0.17712338 0.11170606 0.035157472 0.045412168 -0.9983495 -0.5141269 0.103382826 -0.8514608 0.9122589 -0.15603048 -0.3787323 0.91351306 -0.21013206 -0.34833664 -0.0136528425 -0.17521365 -0.98443574 0.04883431 -0.2062101 -0.97728837 -0.8699839 -0.07211037 -0.48777866 -0.86701465 -0.05456576 -0.49528596 0.01759149 0.35200846 0.9358315 -0.9815024 0.06927556 0.17847677 0.031282924 -0.10220719 0.9942711 -0.97889864 -0.14222835 0.14672622 0.9910756 -0.13084076 0.02549389 0.9245381 -0.11325139 -0.36387292 0.986431 0.08981886 0.13742796 0.98689985 0.14942 -0.060846858 -0.017578073 -0.9990599 -0.039627492 -0.003916482 -0.9301725 -0.3671019 -0.037130743 -0.91117436 -0.41034454 -0.044905894 -0.9817591 0.18475012 -0.025358018 0.7078469 0.7059106 0.01759149 0.35200846 0.9358315 0.986431 0.08981886 0.13742796 0.031282924 -0.10220719 0.9942711 0.9910756 -0.13084076 0.02549389 -0.97889864 -0.14222835 0.14672622 -0.9815024 0.06927556 0.17847677 -0.95940626 -0.103475094 -0.26235965 -0.9974774 0.064186655 -0.030312872 -0.042993657 -0.05613598 -0.997497 -0.035157472 0.045412168 -0.9983495 0.98689985 0.14942 -0.060846858 -0.015646406 -0.9998766 0.0013933843 -0.021468654 -0.57789004 0.8158322 0.000021870816 -0.5597204 0.8286815 0.046873037 -0.9547375 0.29373336 -0.003916482 -0.9301725 -0.3671019 0.046873037 -0.9547375 0.29373336 -0.044905894 -0.9817591 0.18475012 -0.021468654 -0.57789004 0.8158322 0.29064324 0.91695184 -0.27336025 0.06343565 0.99757695 0.028568638 -0.6238374 -0.21756484 0.7506613 -0.038701802 -0.15352449 0.98738664 0.24447916 -0.95576096 -0.16355722 -0.6238374 -0.21756484 0.7506613 0.0051379087 -0.9999854 0.0016599058 -0.038701802 -0.15352449 0.98738664 0.8570389 -0.11472158 -0.50231785 0.23234445 -0.16578504 -0.9584004 0.29064324 0.91695184 -0.27336025 0.06343565 0.99757695 0.028568638 0.8570389 -0.11472158 -0.50231785 0.24447916 -0.95576096 -0.16355722 0.23234445 -0.16578504 -0.9584004 0.0051379087 -0.9999854 0.0016599058 -0.8263134 0.551909 0.112261675 -0.6947233 0.7175411 -0.049942978 -0.6990947 -0.70988256 0.08563497 -0.56136334 0.26630297 0.7835521 0.8019417 0.5093901 0.3121077 0.6902849 -0.69819516 -0.1898164 0.9747943 -0.08653081 -0.20564161 0.3785504 -0.9180471 -0.11785237 -0.6990947 -0.70988256 0.08563497 -0.56136334 0.26630297 0.7835521 -0.010709896 -0.96953124 0.24473357 -0.014695215 -0.9627938 -0.2698372 0.020493386 -0.99865025 -0.047725458 0.3785504 -0.9180471 -0.11785237 -0.24467303 -0.93206143 -0.2672013 0.6902849 -0.69819516 -0.1898164 0.19447319 0.86015373 0.4715037 0.1605388 0.96903455 -0.18761471 -0.0066531063 0.92150754 0.38830352 -0.14717868 0.95103425 0.27179465 0.9747943 -0.08653081 -0.20564161 0.1605388 0.96903455 -0.18761471 0.8019417 0.5093901 0.3121077 0.19447319 0.86015373 0.4715037 0.3785504 -0.9180471 -0.11785237 -0.014695215 -0.9627938 -0.2698372 -0.7707088 -0.2585781 -0.5823618 -0.8229597 -0.42914566 -0.3722516 -0.78971255 0.41131446 -0.45516425 -0.7894178 0.5789256 0.20411919 -0.56136334 0.26630297 0.7835521 -0.7707088 -0.2585781 -0.5823618 -0.78971255 0.41131446 -0.45516425 0.1605388 0.96903455 -0.18761471 -0.6947233 0.7175411 -0.049942978 -0.14717868 0.95103425 0.27179465 -0.8263134 0.551909 0.112261675 -0.28862682 0.9170259 -0.2752417 0.6238374 -0.21756484 0.7506613 -0.06343565 0.99757695 0.028568638 0.038701802 -0.15352449 0.98738664 0.038701802 -0.15352449 0.98738664 0.6238374 -0.21756484 0.7506613 -0.005074832 -0.9999857 0.0016860806 -0.24043612 -0.956141 -0.16728692 -0.85346127 -0.11489953 -0.5083325 -0.28862682 0.9170259 -0.2752417 -0.23234445 -0.16578504 -0.9584004 -0.06343565 0.99757695 0.028568638 -0.85346127 -0.11489953 -0.5083325 -0.23234445 -0.16578504 -0.9584004 -0.24043612 -0.956141 -0.16728692 -0.005074832 -0.9999857 0.0016860806 0.56136334 0.26630297 0.7835521 0.6947233 0.7175411 -0.049942978 0.6990947 -0.70988256 0.08563497 0.8263134 0.551909 0.112261675 -0.376686 -0.91856766 -0.11975417 -0.6902849 -0.69819516 -0.1898164 -0.9747943 -0.08653081 -0.20564161 -0.8019417 0.5093901 0.3121077 0.010709896 -0.96953124 0.24473357 -0.020493386 -0.99865025 -0.047725458 0.014695215 -0.9627938 -0.2698372 -0.376686 -0.91856766 -0.11975417 0.6990947 -0.70988256 0.08563497 0.010709896 -0.96953124 0.24473357 0.56136334 0.26630297 0.7835521 0.014695215 -0.9627938 -0.2698372 0.29120004 -0.95393765 0.072148904 -0.76084226 -0.2967744 0.5770997 0.8229597 -0.42914566 -0.3722516 0.014695215 -0.9627938 -0.2698372 0.7894178 0.5789256 0.20411919 0.8229597 -0.42914566 -0.3722516 0.78971255 0.41131446 -0.45516425 0.7707088 -0.2585781 -0.5823618 -0.16238068 0.96951395 -0.18350801 -0.9747943 -0.08653081 -0.20564161 -0.8019417 0.5093901 0.3121077 -0.16238068 0.96951395 -0.18350801 -0.19447319 0.86015373 0.4715037 0.0066531063 0.92150754 0.38830352 -0.376686 -0.91856766 -0.11975417 0.7707088 -0.2585781 -0.5823618 0.014695215 -0.9627938 -0.2698372 0.8229597 -0.42914566 -0.3722516 0.0066531063 0.92150754 0.38830352 0.14717868 0.95103425 0.27179465 -0.16238068 0.96951395 -0.18350801 0.6947233 0.7175411 -0.049942978 0.78971255 0.41131446 -0.45516425 0.56136334 0.26630297 0.7835521 0.7894178 0.5789256 0.20411919 -0.020493386 -0.99865025 -0.047725458 0.24467303 -0.93206143 -0.2672013 -0.376686 -0.91856766 -0.11975417 -0.6902849 -0.69819516 -0.1898164 0.39863017 -0.25852922 0.8799185 0.39863017 -0.25852922 0.8799185 0.39863017 -0.25852922 0.8799185 0.39863017 -0.25852922 0.8799185 0.42031 -0.6745578 0.6068865 0.16602966 0.41474843 0.8946608 -0.6231507 -0.7754802 0.101556055 -0.8617394 0.31472015 0.39794028 0.017578073 -0.9990599 -0.039627492 0.037130743 -0.91117436 -0.41034454 0.003916482 -0.9301725 -0.3671019 0.044905894 -0.9817591 0.18475012 -0.046873037 -0.9547375 0.29373336 0.021468654 -0.57789004 0.8158322 -0.000021870816 -0.5597204 0.8286815 0.015646406 -0.9998766 0.0013933843 0.025358018 0.7078469 0.7059106 -0.986431 0.08981886 0.13742796 -0.01759149 0.35200846 0.9358315 -0.031282924 -0.10220719 0.9942711 0.9815024 0.06927556 0.17847677 0.97889864 -0.14222835 0.14672622 0.95940626 -0.103475094 -0.26235965 -0.031282924 -0.10220719 0.9942711 -0.986431 0.08981886 0.13742796 -0.9910756 -0.13084076 0.02549389 -0.9245381 -0.11325139 -0.36387292 0.9815024 0.06927556 0.17847677 0.95940626 -0.103475094 -0.26235965 0.9974774 0.064186655 -0.030312872 0.042993657 -0.05613598 -0.997497 0.035157472 0.045412168 -0.9983495 -0.98689985 0.14942 -0.060846858 -0.986431 0.08981886 0.13742796 -0.98689985 0.14942 -0.060846858 -0.9245381 -0.11325139 -0.36387292 0.042993657 -0.05613598 -0.997497 -0.9546122 -0.27717075 0.109050125 -0.6238374 -0.21756484 0.7506613 0.24447916 -0.95576096 -0.16355722 0.2619221 -0.96508265 0.0035084072 0.29064324 0.91695184 -0.27336025 -0.6238374 -0.21756484 0.7506613 -0.9546122 -0.27717075 0.109050125 0.09138064 0.99581265 0.002584 0.8570389 -0.11472158 -0.50231785 0.29064324 0.91695184 -0.27336025 0.09138064 0.99581265 0.002584 0.99412096 -0.08742022 -0.06388412 0.8570389 -0.11472158 -0.50231785 0.99412096 -0.08742022 -0.06388412 0.2619221 -0.96508265 0.0035084072 0.24447916 -0.95576096 -0.16355722 0.46708167 -0.08871614 0.87975234 -0.56965667 -0.11086124 0.8143716 -0.5363664 -0.8439838 0.0015275737 0.60647154 -0.79182327 0.072167665 0.4278433 -0.38879547 0.81595844 -0.5835965 -0.29591417 0.7562076 -0.6056049 -0.75226194 -0.25950864 0.49808058 -0.84554684 -0.192266 0.020493386 -0.99865025 -0.047725458 -0.24467303 -0.93206143 -0.2672013 0.49808058 -0.84554684 -0.192266 -0.6056049 -0.75226194 -0.25950864 0.3637653 -0.58044404 0.72853243 -0.65676945 -0.35902017 0.6631428 -0.7156046 -0.5623755 -0.4142992 0.45020673 -0.8231235 -0.34609476 -0.7707088 -0.2585781 -0.5823618 -0.9546122 -0.27717075 0.109050125 0.2619221 -0.96508265 0.0035084072 0.3785504 -0.9180471 -0.11785237 0.2619221 -0.96508265 0.0035084072 0.99412096 -0.08742022 -0.06388412 0.9747943 -0.08653081 -0.20564161 0.3785504 -0.9180471 -0.11785237 0.068537995 -0.5478788 0.83374536 0.068537995 -0.5478788 0.83374536 0.05026501 -0.5685772 0.82109284 0.068537995 -0.5478788 0.83374536 -0.24043612 -0.956141 -0.16728692 0.6238374 -0.21756484 0.7506613 0.7707088 -0.2585781 -0.5823618 -0.376686 -0.91856766 -0.11975417 0.7707088 -0.2585781 -0.5823618 0.6238374 -0.21756484 0.7506613 -0.28862682 0.9170259 -0.2752417 -0.16238068 0.96951395 -0.18350801 -0.28862682 0.9170259 -0.2752417 -0.85346127 -0.11489953 -0.5083325 -0.9747943 -0.08653081 -0.20564161 -0.16238068 0.96951395 -0.18350801 -0.9747943 -0.08653081 -0.20564161 -0.85346127 -0.11489953 -0.5083325 -0.24043612 -0.956141 -0.16728692 -0.376686 -0.91856766 -0.11975417 0.5363664 -0.8439838 0.0015275737 0.56965667 -0.11086124 0.8143716 -0.46708167 -0.08871614 0.87975234 -0.60647154 -0.79182327 0.072167665 0.6056049 -0.75226194 -0.25950864 0.5835965 -0.29591417 0.7562076 -0.4278433 -0.38879547 0.81595844 -0.49808058 -0.84554684 -0.192266 -0.49808058 -0.84554684 -0.192266 0.24467303 -0.93206143 -0.2672013 -0.020493386 -0.99865025 -0.047725458 0.6056049 -0.75226194 -0.25950864 0.7156046 -0.5623755 -0.4142992 0.65676945 -0.35902017 0.6631428 -0.3637653 -0.58044404 0.72853243 -0.45020673 -0.8231235 -0.34609476 -0.05026501 -0.5685772 0.82109284 -0.05026501 -0.5685772 0.82109284 -0.068537995 -0.5478788 0.83374536 -0.05026501 -0.5685772 0.82109284 0.4274068 0.5992454 -0.67692566 0.13464266 -0.50197154 -0.8543395 -0.882653 -0.31905702 -0.34514675 -0.5950942 0.7861076 -0.16702631 0.13464266 -0.50197154 -0.8543395 0.4274068 0.5992454 -0.67692566 0.7929683 0.57436955 -0.20322643 0.4568978 -0.78973544 -0.40934384 -0.882653 -0.31905702 -0.34514675 0.13464266 -0.50197154 -0.8543395 0.4568978 -0.78973544 -0.40934384 -0.8049505 -0.55381846 0.21293157 -0.4488034 0.7952364 0.40764514 0.7929683 0.57436955 -0.20322643 0.4274068 0.5992454 -0.67692566 -0.5950942 0.7861076 -0.16702631 -0.5950942 0.7861076 -0.16702631 -0.882653 -0.31905702 -0.34514675 -0.8049505 -0.55381846 0.21293157 -0.4488034 0.7952364 0.40764514 -0.6231507 -0.7754802 0.101556055 -0.17578039 -0.40058464 -0.8992404 0.8689774 -0.30122823 -0.39260644 0.42031 -0.6745578 0.6068865 0.42031 -0.6745578 0.6068865 0.8689774 -0.30122823 -0.39260644 0.6114621 0.78508466 -0.0987732 0.16602966 0.41474843 0.8946608 -0.415658 0.68629295 -0.5968504 -0.17578039 -0.40058464 -0.8992404 -0.6231507 -0.7754802 0.101556055 -0.8617394 0.31472015 0.39794028 0.01759149 0.35200846 0.9358315 -0.025358018 0.7078469 0.7059106 -0.9815024 0.06927556 0.17847677 -0.035157472 0.045412168 -0.9983495 -0.53170395 0.019040339 -0.8467162 0.5141269 0.103382826 -0.8514608 -0.56136334 0.26630297 0.7835521 0.76084226 -0.2967744 0.5770997 -0.014695215 -0.9627938 -0.2698372 -0.6947233 0.7175411 -0.049942978 -0.78971255 0.41131446 -0.45516425 -0.56136334 0.26630297 0.7835521 -0.29120004 -0.95393765 0.072148904 0.76084226 -0.2967744 0.5770997 -0.523911 0.0631176 0.8494313 0.98689985 0.14942 -0.060846858 0.9245381 -0.11325139 -0.36387292 -0.042993657 -0.05613598 -0.997497 0.56136334 0.26630297 0.7835521 0.014695215 -0.9627938 -0.2698372 -0.76084226 -0.2967744 0.5770997 0.29120004 -0.95393765 0.072148904 0.523911 0.0631176 0.8494313 -0.76084226 -0.2967744 0.5770997 0.14717868 0.95103425 0.27179465 0.8263134 0.551909 0.112261675 0.6947233 0.7175411 -0.049942978 -0.01759149 0.35200846 0.9358315 0.9815024 0.06927556 0.17847677 0.025358018 0.7078469 0.7059106 0.035157472 0.045412168 -0.9983495 -0.5141269 0.103382826 -0.8514608 0.53170395 0.019040339 -0.8467162 </float_array>
          <technique_common>
            <accessor source="#normals-array" count="1537" stride="3">
              <param name="X" type="float"/>
              <param name="Y" type="float"/>
              <param name="Z" type="float"/>
            </accessor>
          </technique_common>
        </source>
        <vertices id="vertices">
          <input semantic="POSITION" source="#positions"/>
          <input semantic="TEXCOORD" source="#texcoords"/>
          <input semantic="COLOR" source="#colors"/>
          <input semantic="NORMAL" source="#normals"/>
        </vertices>
        <polylist material="material4" count="4">
          <input semantic="VERTEX" source="#vertices" offset="0"/>
          <vcount>4 4 3 3 </vcount>
          <p>0 1 3 2 2 3 5 4 6 7 8 7 9 8 </p>
        </polylist>
        <polylist material="material3" count="6">
          <input semantic="VERTEX" source="#vertices" offset="0"/>
          <vcount>3 3 3 3 4 4 </vcount>
          <p>10 11 12 11 13 12 14 15 16 15 17 16 18 19 20 21 22 23 24 25 </p>
        </polylist>
        <polylist material="material0" count="28">
          <input semantic="VERTEX" source="#vertices" offset="0"/>
          <vcount>4 4 4 4 4 4 4 4 4 4 4 4 3 3 3 3 3 3 3 3 3 3 3 3 3 3 3 3 </vcount>
          <p>26 27 29 28 28 29 31 30 32 33 35 34 34 35 37 36 38 39 41 40 40 41 43 42 44 45 47 46 46 47 49 48 50 51 53 52 52 53 55 54 56 57 59 58 58 59 61 60 62 63 64 63 65 64 66 67 68 67 69 68 70 71 72 71 73 72 74 75 76 75 77 76 76 77 78 79 80 81 80 82 81 83 84 85 84 86 85 87 88 89 88 90 89 91 92 93 </p>
        </polylist>
        <polylist material="material1" count="154">
          <input semantic="VERTEX" source="#vertices" offset="0"/>
          <vcount>4 4 4 4 4 4 4 4 4 4 3 3 3 3 3 3 3 3 3 3 3 3 3 3 3 3 3 3 3 3 3 3 3 3 3 3 3 3 3 3 3 3 3 3 3 3 3 3 3 3 3 3 3 3 3 3 3 3 3 3 3 3 3 3 3 3 3 3 3 3 3 3 3 3 3 3 3 3 3 3 3 3 3 3 3 3 3 3 3 3 3 3 3 3 3 3 3 3 3 3 3 3 3 3 3 3 3 3 3 3 3 3 3 3 3 3 3 3 3 4 4 4 4 4 4 4 4 4 4 4 3 3 3 3 3 3 3 3 3 3 3 3 3 3 3 3 3 3 3 3 3 3 3 3 </vcount>
          <p>94 95 97 96 96 97 99 98 100 101 103 102 102 103 105 104 106 107 109 108 108 109 111 110 112 113 115 114 114 115 117 116 118 119 121 120 120 121 123 122 124 125 126 125 127 126 126 127 128 129 130 131 130 132 131 131 132 133 134 135 136 135 137 136 136 137 138 139 140 141 140 142 141 143 144 145 144 146 145 145 146 147 146 148 147 147 148 149 150 151 152 151 153 152 152 153 154 153 155 154 154 155 156 155 157 156 156 157 158 157 159 158 158 159 160 159 161 160 162 163 164 163 165 164 166 167 168 167 169 168 170 171 172 171 173 172 172 173 174 175 176 177 176 178 177 179 180 181 180 182 181 183 184 185 184 186 185 187 188 189 188 190 189 191 192 193 192 194 193 195 196 197 196 198 197 199 200 201 200 202 201 201 202 203 202 204 203 205 206 207 206 208 207 209 210 211 210 212 211 213 214 215 214 216 215 217 218 219 218 220 219 221 222 223 222 224 223 225 226 227 226 228 227 229 230 231 230 232 231 233 234 235 234 236 235 235 236 237 238 239 240 239 241 240 240 241 242 243 244 245 244 246 245 245 246 247 246 248 247 247 248 249 248 250 249 249 250 251 250 252 251 253 254 255 254 256 255 257 258 259 258 260 259 259 260 261 262 263 264 263 265 264 266 267 268 267 269 268 270 271 272 271 273 272 272 273 274 275 276 277 276 278 277 277 278 279 278 280 279 281 282 283 282 284 283 283 284 285 284 286 285 285 286 287 288 289 290 289 291 290 292 293 294 293 295 294 296 297 298 297 299 298 298 299 300 301 302 303 302 304 303 305 306 307 306 308 307 309 310 311 312 313 314 315 316 317 318 319 320 321 322 323 324 325 326 327 328 329 330 331 332 333 334 335 336 337 338 339 340 341 342 343 344 345 346 347 348 349 350 351 352 353 354 355 356 357 358 359 360 361 362 363 364 365 366 367 368 369 370 371 372 373 374 375 376 377 378 379 380 381 382 383 384 385 386 387 388 389 390 391 392 393 394 395 396 397 398 399 400 401 402 403 404 405 406 407 408 409 410 411 412 413 414 415 416 417 418 419 420 421 422 423 424 </p>
        </polylist>
        <polylist material="material5" count="136">
          <input semantic="VERTEX" source="#vertices" offset="0"/>
          <vcount>4 4 4 4 4 4 4 4 4 4 4 4 4 4 4 4 4 4 4 4 4 4 4 4 4 4 4 4 3 3 3 3 3 3 3 3 3 3 3 3 3 3 3 3 3 3 3 3 3 3 3 3 3 3 3 3 3 3 3 3 3 3 3 3 3 3 3 3 3 3 3 3 3 3 3 3 3 3 3 3 3 3 3 3 3 3 3 3 3 3 3 3 3 3 3 3 3 3 3 3 3 3 3 3 3 3 3 3 3 3 3 3 3 3 3 4 4 4 4 4 4 4 4 3 3 3 3 3 3 3 3 3 3 3 3 3 </vcount>
          <p>425 426 428 427 427 428 430 429 429 430 432 431 433 434 436 435 435 436 438 437 437 438 440 439 439 440 442 441 441 442 444 443 445 446 448 447 447 448 450 449 451 452 454 453 453 454 456 455 457 458 460 459 459 460 462 461 461 462 464 463 463 464 466 465 467 468 470 469 469 470 472 471 471 472 474 473 475 476 478 477 477 478 480 479 479 480 482 481 481 482 484 483 483 484 486 485 487 488 490 489 489 490 492 491 491 492 494 493 493 494 496 495 497 498 499 498 500 499 499 500 501 502 503 504 503 505 504 504 505 506 505 507 506 508 509 510 509 511 510 512 513 514 513 515 514 516 517 518 517 519 518 518 519 520 521 522 523 522 524 523 525 526 527 526 528 527 529 530 531 530 532 531 531 532 533 534 535 536 535 537 536 536 537 538 539 540 541 540 542 541 541 542 543 542 544 543 545 546 547 546 548 547 547 548 549 548 550 549 551 552 553 552 554 553 555 556 557 556 558 557 557 558 559 560 561 562 561 563 562 562 563 564 563 565 564 564 565 566 567 568 569 568 570 569 571 572 573 572 574 573 573 574 575 574 576 575 575 576 577 578 579 580 579 581 580 580 581 582 581 583 582 584 585 586 585 587 586 586 587 588 589 590 591 590 592 591 591 592 593 592 594 593 593 594 595 594 596 595 597 598 599 598 600 599 601 602 603 602 604 603 605 606 607 606 608 607 607 608 609 608 610 609 609 610 611 610 612 611 611 612 613 614 615 616 615 617 616 618 619 620 619 621 620 620 621 622 621 623 622 624 625 626 625 627 626 628 629 630 629 631 630 630 631 632 633 634 635 634 636 635 635 636 637 638 639 640 641 642 643 644 645 646 647 648 649 650 651 652 653 654 655 656 657 658 659 660 661 662 663 664 665 666 667 668 669 670 671 672 673 674 675 676 677 678 679 680 681 682 683 684 685 686 687 688 689 690 691 692 693 694 695 696 697 698 699 700 701 702 703 704 705 706 707 708 </p>
        </polylist>
        <polylist material="material6" count="146">
          <input semantic="VERTEX" source="#vertices" offset="0"/>
          <vcount>4 4 4 4 4 4 4 4 4 4 4 4 4 4 4 4 4 4 4 4 4 4 4 4 4 4 4 4 4 4 4 4 4 4 4 4 4 4 4 4 4 4 4 4 4 4 3 3 3 3 3 3 3 3 3 3 3 3 3 3 3 3 3 3 3 3 3 3 3 3 3 3 3 3 3 3 3 3 3 3 3 3 3 3 3 3 3 3 3 3 3 3 3 3 3 3 3 3 3 3 3 3 3 3 3 3 3 3 3 3 3 3 3 3 3 3 3 3 3 3 3 3 3 3 3 3 4 4 3 3 3 3 3 3 3 3 3 3 3 3 3 3 3 3 3 3 </vcount>
          <p>709 710 712 711 711 712 714 713 715 716 718 717 717 718 720 719 721 722 724 723 723 724 726 725 725 726 728 727 729 730 732 731 731 732 734 733 733 734 736 735 735 736 738 737 737 738 740 739 741 742 744 743 743 744 746 745 747 748 750 749 749 750 752 751 753 754 756 755 755 756 758 757 757 758 760 759 761 762 764 763 763 764 766 765 765 766 768 767 767 768 770 769 771 772 774 773 773 774 776 775 777 778 780 779 779 780 782 781 781 782 784 783 783 784 786 785 787 788 790 789 789 790 792 791 793 794 796 795 795 796 798 797 799 800 802 801 801 802 804 803 803 804 806 805 805 806 808 807 809 810 812 811 811 812 814 813 813 814 816 815 815 816 818 817 817 818 820 819 821 822 824 823 823 824 826 825 825 826 828 827 827 828 830 829 831 832 833 832 834 833 835 836 837 836 838 837 837 838 839 840 841 842 841 843 842 844 845 846 845 847 846 846 847 848 847 849 848 850 851 852 851 853 852 854 855 856 855 857 856 858 859 860 859 861 860 860 861 862 863 864 865 864 866 865 867 868 869 868 870 869 869 870 871 870 872 871 871 872 873 872 874 873 875 876 877 876 878 877 879 880 881 880 882 881 883 884 885 884 886 885 887 888 889 888 890 889 889 890 891 890 892 891 893 894 895 894 896 895 895 896 897 898 899 900 899 901 900 902 903 904 903 905 904 904 905 906 905 907 906 908 909 910 909 911 910 912 913 914 913 915 914 916 917 918 917 919 918 920 921 922 921 923 922 924 925 926 925 927 926 928 929 930 929 931 930 932 933 934 933 935 934 936 937 938 937 939 938 938 939 940 941 942 943 942 944 943 945 946 947 946 948 947 949 950 951 950 952 951 953 954 955 954 956 955 957 958 959 958 960 959 961 962 963 962 964 963 965 966 967 966 968 967 969 970 971 970 972 971 973 974 975 974 976 975 977 978 979 980 981 982 983 984 985 986 987 988 989 990 991 992 993 994 995 996 997 998 999 1000 1001 1002 1003 1004 1005 1006 1007 1008 1009 1010 1011 1012 1013 1014 1015 1016 1017 1018 1019 1020 1021 1022 1023 1024 1025 1026 1027 1028 1029 1030 1031 1032 1033 1034 1035 1036 1037 1038 </p>
        </polylist>
        <polylist material="material2" count="207">
          <input semantic="VERTEX" source="#vertices" offset="0"/>
          <vcount>4 4 4 4 4 4 4 4 4 4 4 4 4 4 4 4 4 4 4 4 4 4 4 4 4 4 4 4 4 4 4 4 4 4 4 4 4 4 4 4 4 4 4 4 4 4 4 4 4 4 4 4 4 4 4 4 4 4 4 4 4 4 4 3 3 3 3 3 3 3 3 3 3 3 3 3 3 3 3 3 3 3 3 3 3 3 3 3 3 3 3 3 3 3 3 3 3 3 3 3 3 3 3 3 3 3 3 3 3 3 3 3 3 3 3 3 3 3 3 3 3 3 3 3 3 3 3 3 3 3 3 3 3 3 3 3 3 3 3 3 3 3 3 3 3 3 3 3 3 3 3 3 3 3 3 3 3 3 3 3 3 3 3 3 3 3 3 3 4 4 4 4 4 4 4 4 4 4 4 4 4 4 4 4 4 4 4 4 4 4 4 4 4 4 4 4 3 3 3 3 3 3 3 3 3 3 3 </vcount>
          <p>1039 1040 1042 1041 1041 1042 1044 1043 1045 1046 1048 1047 1047 1048 1050 1049 1049 1050 1052 1051 1051 1052 1054 1053 1055 1056 1058 1057 1057 1058 1060 1059 1061 1062 1064 1063 1063 1064 1066 1065 1067 1068 1070 1069 1069 1070 1072 1071 1073 1074 1076 1075 1075 1076 1078 1077 1077 1078 1080 1079 1079 1080 1082 1081 1083 1084 1086 1085 1085 1086 1088 1087 1087 1088 1090 1089 1089 1090 1092 1091 1093 1094 1096 1095 1095 1096 1098 1097 1097 1098 1100 1099 1101 1102 1104 1103 1103 1104 1106 1105 1105 1106 1108 1107 1107 1108 1110 1109 1111 1112 1114 1113 1113 1114 1116 1115 1115 1116 1118 1117 1119 1120 1122 1121 1121 1122 1124 1123 1125 1126 1128 1127 1127 1128 1130 1129 1131 1132 1134 1133 1133 1134 1136 1135 1137 1138 1140 1139 1139 1140 1142 1141 1141 1142 1144 1143 1143 1144 1146 1145 1147 1148 1150 1149 1149 1150 1152 1151 1151 1152 1154 1153 1153 1154 1156 1155 1157 1158 1160 1159 1159 1160 1162 1161 1161 1162 1164 1163 1165 1166 1168 1167 1167 1168 1170 1169 1169 1170 1172 1171 1171 1172 1174 1173 1175 1176 1178 1177 1177 1178 1180 1179 1181 1182 1184 1183 1183 1184 1186 1185 1187 1188 1190 1189 1189 1190 1192 1191 1193 1194 1196 1195 1195 1196 1198 1197 1197 1198 1200 1199 1199 1200 1202 1201 1203 1204 1206 1205 1205 1206 1208 1207 1209 1210 1211 1210 1212 1211 1213 1214 1215 1214 1216 1215 1217 1218 1219 1218 1220 1219 1221 1222 1223 1222 1224 1223 1223 1224 1225 1226 1227 1228 1227 1229 1228 1228 1229 1230 1229 1231 1230 1230 1231 1232 1233 1234 1235 1234 1236 1235 1237 1238 1239 1238 1240 1239 1241 1242 1243 1242 1244 1243 1245 1246 1247 1246 1248 1247 1249 1250 1251 1250 1252 1251 1253 1254 1255 1254 1256 1255 1257 1258 1259 1258 1260 1259 1261 1262 1263 1262 1264 1263 1265 1266 1267 1266 1268 1267 1267 1268 1269 1268 1270 1269 1269 1270 1271 1270 1272 1271 1273 1274 1275 1274 1276 1275 1277 1278 1279 1278 1280 1279 1281 1282 1283 1282 1284 1283 1283 1284 1285 1284 1286 1285 1285 1286 1287 1288 1289 1290 1289 1291 1290 1290 1291 1292 1291 1293 1292 1294 1295 1296 1295 1297 1296 1298 1299 1300 1299 1301 1300 1302 1303 1304 1303 1305 1304 1306 1307 1308 1307 1309 1308 1310 1311 1312 1311 1313 1312 1314 1315 1316 1315 1317 1316 1318 1319 1320 1319 1321 1320 1322 1323 1324 1323 1325 1324 1326 1327 1328 1327 1329 1328 1330 1331 1332 1331 1333 1332 1332 1333 1334 1335 1336 1337 1336 1338 1337 1337 1338 1339 1340 1341 1342 1341 1343 1342 1344 1345 1346 1345 1347 1346 1346 1347 1348 1347 1349 1348 1348 1349 1350 1351 1352 1353 1352 1354 1353 1355 1356 1357 1356 1358 1357 1359 1360 1361 1360 1362 1361 1363 1364 1365 1364 1366 1365 1365 1366 1367 1366 1368 1367 1367 1368 1369 1368 1370 1369 1371 1372 1373 1372 1374 1373 1373 1374 1375 1374 1376 1375 1375 1376 1377 1378 1379 1380 1379 1381 1380 1382 1383 1384 1383 1385 1384 1384 1385 1386 1385 1387 1386 1388 1389 1390 1389 1391 1390 1392 1393 1394 1395 1396 1397 1398 1399 1400 1401 1402 1403 1404 1405 1406 1407 1408 1409 1410 1411 1412 1413 1414 1415 1416 1417 1418 1419 1420 1421 1422 1423 1424 1425 1426 1427 1428 1429 1430 1431 1432 1433 1434 1435 1436 1437 1438 1439 1440 1441 1442 1443 1444 1445 1446 1447 1448 1449 1450 1451 1452 1453 1454 1455 1456 1457 1458 1459 1460 1461 1462 1463 1464 1465 1466 1467 1468 1469 1470 1471 1472 1473 1474 1475 1476 1477 1478 1479 1480 1481 1482 1483 1484 1485 1486 1487 1488 1489 1490 1491 1492 1493 1494 1495 1496 1497 1498 1499 1500 1501 1502 1503 1504 1505 1506 1507 1508 1509 1510 1511 1512 1513 1514 1515 1516 1517 1518 1519 1520 1521 1522 1523 1524 1525 1526 1527 1528 1529 1530 1531 1532 1533 1534 1535 1536 </p>
        </polylist>
      </mesh>
    </geometry>
  </library_geometries>
  <library_controllers>
    <controller id="controller">
      <skin source="#geometry">
        <source id="controller-joints">
          <Name_array id="controller-joints-array" count="29">joint0 joint1 joint2 joint3 joint4 joint5 joint6 joint7 joint8 joint9 joint10 joint11 joint12 joint13 joint14 joint15 joint16 joint17 joint18 joint19 joint20 joint21 joint22 joint23 joint24 joint25 joint26 joint27 joint28 </Name_array>
          <technique_common>
            <accessor source="#controller-joints-array" count="29">
              <param name="JOINT" type="Name"/>
            </accessor>
          </technique_common>
        </source>
        <source id="controller-bind-poses">
          <float_array id="controller-bind-poses-array" count="464">1 0 0 0 0 1 0 0 0 0 1 0 0 0 0 1 0 0 1 -1.10693359375 0 1 0 -83.15576171875 -1 0 0 -0.083984375 0 0 0 1 0 0.996221863179168 0.08617160443573789 -82.93697411731331 1 0 0 0.083984375 0 0.08617160443573789 -0.996221863179168 -6.0629139581993625 0 0 0 1 0 0.9999461242541047 0.0007296614260832464 -89.44463710975849 1 0 0 0.08398437500000001 0 0.0007296614260832464 -0.9999461242541047 2.5836626845456694 0 0 0 1 0 0.9999461242541047 0.0007296614260832464 -101.26958828163349 1 0 0 0.08398437500000001 0 0.0007296614260832464 -0.9999461242541047 2.5741412001706694 0 0 0 1 0 0.9633405823720644 0.26801282769157525 -111.48553127925268 1 0 0 0.08398437500000001 0 0.26801282769157525 -0.9633405823720644 -29.388896477041456 0 0 0 1 0 0.9994746169923417 0.028495484025964673 -120.36493626587578 1 0 0 0.08398437500000001 0 0.028495484025964673 -0.9994746169923417 -0.4571070794955147 0 0 0 1 0.4662134563191991 -0.7980259635626099 -0.3818027067628122 100.75197247641131 0.664984474792339 0.6005698584526138 -0.44367533379516505 -93.86931054649752 0.5835066119465763 -0.04707980334054298 0.8106414127482168 3.836186808029303 0 0 0 1 0.04490715616102653 -0.9989470929597051 0.0003174318204918004 119.40877601393491 0.8410415451402959 0.03728278936377125 -0.5397474865160116 -31.341780278848034 0.5393251542165349 0.024519444651045615 0.8417844206440526 -3.362404156888524 0 0 0 0.9999999999999999 -0.4662134563191991 -0.7980259635626099 -0.3818027067628122 100.75367980108045 0.664984474792339 -0.6005698584526138 0.44367533379516505 93.86687530061813 -0.5835066119465763 -0.04707980334054298 0.8106414127482168 3.8383236730632846 0 0 0 1 -0.04490715616102653 -0.9989470929597051 0.0003174318204918004 119.40894046885249 0.8410415451402959 -0.03728278936377125 0.5397474865160116 31.338700292720805 -0.5393251542165349 0.024519444651045615 0.8417844206440526 -3.360429089185095 0 0 0 0.9999999999999999 0.06542368109913392 -0.9960973986715611 0.05646512323250251 82.37771009917033 -0.9979104739953055 -0.06538694656314947 0.0024811771277131593 11.398872797331569 0.0012692493235941936 -0.05646955192270601 -0.9984164210693983 5.793363223296618 0 0 0 1 0.06523696733386719 -0.9968454403072544 -0.040319712973135635 47.16746007227615 -0.9979104739953057 -0.0653869465631495 0.00248117712771316 11.398872797331576 -0.005061318085545644 0.040091123298079186 -0.999153067050011 1.238975122394308 0 0 0 1.0000000000000002 -0.06542368109913392 -0.9960973986715611 0.05646512323250251 82.36672096523571 -0.9979104739953055 0.06538694656314947 -0.0024811771277131593 -11.56649057226047 -0.0012692493235941936 -0.05646955192270601 -0.9984164210693983 5.793150029074295 0 0 0 1 -0.06523696733386719 -0.9968454403072544 -0.040319712973135635 47.15650230041929 -0.9979104739953057 0.0653869465631495 -0.00248117712771316 -11.566490572260475 0.005061318085545644 0.040091123298079186 -0.999153067050011 1.2398252656664899 0 0 0 1.0000000000000002 0.982795111458999 -0.18432288789748585 0.000007621188206665948 16.9625344501836 0.18445944538552264 0.9828926446030174 -0.00004063960757620809 -111.18167377011812 0.00012851724689841242 -0.000001559894258530025 0.9999487166192049 -0.99861581017049 0 0 0 1 -0.982795111458999 -0.18432288789748585 0.000007621188206665948 16.79745558380572 0.18445944538552264 -0.9828926446030174 0.00004063960757620809 111.21265719258521 -0.00012851724689841242 -0.000001559894258530025 0.9999487166192049 -0.9986373970518048 0 0 0 1 0.9967388443591163 0.03646667290435108 0.07043702184207347 -15.639406033929255 -0.03710014329664679 0.9991413603605005 0.01156727188434337 -110.43455388534267 -0.06993399718508313 -0.014318170115894377 0.9972781240600723 1.402426963251022 0 0 0 1 -0.9967388443591163 0.03646667290435108 0.07043702184207347 -15.806827011692704 -0.03710014329664679 -0.9991413603605005 -0.01156727188434337 110.4283222206483 0.06993399718508313 -0.014318170115894377 0.9972781240600723 1.414173689340704 0 0 0 1 -0.0002027014122932659 -0.9996701968448669 0.01514528031847507 10.101904923300458 -1.0000946042103163 -0.0000009424317001725851 0.000025758249089461635 10.764114214624914 0.000055016452528950425 -0.015088558353775526 -0.9997820709555257 1.7437227910723387 0 0 0 1 0.055441291116948 -0.009637895227159987 0.9981868045129181 -2.728685879281517 -0.037100143296646806 0.9991413603605008 0.011567271884343373 -110.43455388534268 -0.9975888100767585 -0.03797040661116022 0.05500979066190796 32.814269502682784 0 0 0 1.0000000000000002 0.03941023825779546 -0.04492908918938039 0.9979694517023431 -16.368813083657336 0.998489354660983 0.03793186951152059 -0.037686369150240165 -33.18744274848885 -0.03599521799343412 0.998061834270202 0.04619660335836673 -111.04814771116129 0 0 0 1 -0.2026005472331938 0.23462664255941698 0.9504606264066916 -46.21251092421478 0.9713239092198175 0.1699183020231814 0.16526017899471415 -52.63403942410185 -0.12254103240705905 0.9568922332814883 -0.26249332037992856 -95.35073784099897 0 0 0 1 -0.055441291116948 -0.009637895227159987 0.9981868045129181 -2.737998283648817 -0.037100143296646806 -0.9991413603605008 -0.011567271884343373 110.42832222064831 0.9975888100767585 -0.03797040661116022 0.05500979066190796 32.98183324812537 0 0 0 1.0000000000000002 -0.03941023825779546 -0.04492908918938039 0.9979694517023431 -16.375432772114703 0.998489354660983 -0.03793186951152059 0.037686369150240165 33.355157757279564 0.03599521799343412 0.998061834270202 0.04619660335836673 -111.04210163938895 0 0 0 1 0.2026005472331938 0.23462664255941698 0.9504606264066916 -46.17848036354671 0.9713239092198175 -0.1699183020231814 -0.16526017899471415 52.797191486978626 0.12254103240705905 0.9568922332814883 -0.26249332037992856 -95.33015477696185 0 0 0 1 0.0002027014122932659 -0.9996701968448669 0.01514528031847507 10.101938970803305 -1.0000946042103163 0.0000009424317001725851 -0.000025758249089461635 -10.932098855175868 -0.000055016452528950425 -0.015088558353775526 -0.9997820709555257 1.7437135500275782 0 0 0 1 -0.000055016452528950425 0.015088558353775526 0.9997820709555257 -12.45319544732234 -1.0000946042103163 -0.0000009424317001725851 0.000025758249089461635 10.764114214624916 -0.0002027014122932659 -0.9996701968448669 0.01514528031847507 0.37143617330045753 0 0 0 1 0.000055016452528950425 0.015088558353775526 0.9997820709555257 -12.453186206277579 -1.0000946042103163 0.0000009424317001725851 -0.000025758249089461635 -10.932098855175866 0.0002027014122932659 -0.9996701968448669 0.01514528031847507 0.37147022080330355 0 0 0 1 </float_array>
          <technique_common>
            <accessor source="#controller-bind-poses-array" count="29" stride="16">
              <param name="TRANSFORM" type="float4x4"/>
            </accessor>
          </technique_common>
        </source>
        <source id="controller-weights">
          <float_array id="controller-weights-array" count="1">1 </float_array>
          <technique_common>
            <accessor source="#controller-weights-array" count="1">
              <param name="WEIGHT" type="float"/>
            </accessor>
          </technique_common>
        </source>
        <joints>
          <input semantic="JOINT" source="#controller-joints"/>
          <input semantic="INV_BIND_MATRIX" source="#controller-bind-poses"/>
        </joints>
        <vertex_weights count="1537">
          <input semantic="JOINT" source="#controller-joints" offset="0"/>
          <input semantic="WEIGHT" source="#controller-weights" offset="1"/>
          <vcount>1 1 1 1 1 1 1 1 1 1 1 1 1 1 1 1 1 1 1 1 1 1 1 1 1 1 1 1 1 1 1 1 1 1 1 1 1 1 1 1 1 1 1 1 1 1 1 1 1 1 1 1 1 1 1 1 1 1 1 1 1 1 1 1 1 1 1 1 1 1 1 1 1 1 1 1 1 1 1 1 1 1 1 1 1 1 1 1 1 1 1 1 1 1 1 1 1 1 1 1 1 1 1 1 1 1 1 1 1 1 1 1 1 1 1 1 1 1 1 1 1 1 1 1 1 1 1 1 1 1 1 1 1 1 1 1 1 1 1 1 1 1 1 1 1 1 1 1 1 1 1 1 1 1 1 1 1 1 1 1 1 1 1 1 1 1 1 1 1 1 1 1 1 1 1 1 1 1 1 1 1 1 1 1 1 1 1 1 1 1 1 1 1 1 1 1 1 1 1 1 1 1 1 1 1 1 1 1 1 1 1 1 1 1 1 1 1 1 1 1 1 1 1 1 1 1 1 1 1 1 1 1 1 1 1 1 1 1 1 1 1 1 1 1 1 1 1 1 1 1 1 1 1 1 1 1 1 1 1 1 1 1 1 1 1 1 1 1 1 1 1 1 1 1 1 1 1 1 1 1 1 1 1 1 1 1 1 1 1 1 1 1 1 1 1 1 1 1 1 1 1 1 1 1 1 1 1 1 1 1 1 1 1 1 1 1 1 1 1 1 1 1 1 1 1 1 1 1 1 1 1 1 1 1 1 1 1 1 1 1 1 1 1 1 1 1 1 1 1 1 1 1 1 1 1 1 1 1 1 1 1 1 1 1 1 1 1 1 1 1 1 1 1 1 1 1 1 1 1 1 1 1 1 1 1 1 1 1 1 1 1 1 1 1 1 1 1 1 1 1 1 1 1 1 1 1 1 1 1 1 1 1 1 1 1 1 1 1 1 1 1 1 1 1 1 1 1 1 1 1 1 1 1 1 1 1 1 1 1 1 1 1 1 1 1 1 1 1 1 1 1 1 1 1 1 1 1 1 1 1 1 1 1 1 1 1 1 1 1 1 1 1 1 1 1 1 1 1 1 1 1 1 1 1 1 1 1 1 1 1 1 1 1 1 1 1 1 1 1 1 1 1 1 1 1 1 1 1 1 1 1 1 1 1 1 1 1 1 1 1 1 1 1 1 1 1 1 1 1 1 1 1 1 1 1 1 1 1 1 1 1 1 1 1 1 1 1 1 1 1 1 1 1 1 1 1 1 1 1 1 1 1 1 1 1 1 1 1 1 1 1 1 1 1 1 1 1 1 1 1 1 1 1 1 1 1 1 1 1 1 1 1 1 1 1 1 1 1 1 1 1 1 1 1 1 1 1 1 1 1 1 1 1 1 1 1 1 1 1 1 1 1 1 1 1 1 1 1 1 1 1 1 1 1 1 1 1 1 1 1 1 1 1 1 1 1 1 1 1 1 1 1 1 1 1 1 1 1 1 1 1 1 1 1 1 1 1 1 1 1 1 1 1 1 1 1 1 1 1 1 1 1 1 1 1 1 1 1 1 1 1 1 1 1 1 1 1 1 1 1 1 1 1 1 1 1 1 1 1 1 1 1 1 1 1 1 1 1 1 1 1 1 1 1 1 1 1 1 1 1 1 1 1 1 1 1 1 1 1 1 1 1 1 1 1 1 1 1 1 1 1 1 1 1 1 1 1 1 1 1 1 1 1 1 1 1 1 1 1 1 1 1 1 1 1 1 1 1 1 1 1 1 1 1 1 1 1 1 1 1 1 1 1 1 1 1 1 1 1 1 1 1 1 1 1 1 1 1 1 1 1 1 1 1 1 1 1 1 1 1 1 1 1 1 1 1 1 1 1 1 1 1 1 1 1 1 1 1 1 1 1 1 1 1 1 1 1 1 1 1 1 1 1 1 1 1 1 1 1 1 1 1 1 1 1 1 1 1 1 1 1 1 1 1 1 1 1 1 1 1 1 1 1 1 1 1 1 1 1 1 1 1 1 1 1 1 1 1 1 1 1 1 1 1 1 1 1 1 1 1 1 1 1 1 1 1 1 1 1 1 1 1 1 1 1 1 1 1 1 1 1 1 1 1 1 1 1 1 1 1 1 1 1 1 1 1 1 1 1 1 1 1 1 1 1 1 1 1 1 1 1 1 1 1 1 1 1 1 1 1 1 1 1 1 1 1 1 1 1 1 1 1 1 1 1 1 1 1 1 1 1 1 1 1 1 1 1 1 1 1 1 1 1 1 1 1 1 1 1 1 1 1 1 1 1 1 1 1 1 1 1 1 1 1 1 1 1 1 1 1 1 1 1 1 1 1 1 1 1 1 1 1 1 1 1 1 1 1 1 1 1 1 1 1 1 1 1 1 1 1 1 1 1 1 1 1 1 1 1 1 1 1 1 1 1 1 1 1 1 1 1 1 1 1 1 1 1 1 1 1 1 1 1 1 1 1 1 1 1 1 1 1 1 1 1 1 1 1 1 1 1 1 1 1 1 1 1 1 1 1 1 1 1 1 1 1 1 1 1 1 1 1 1 1 1 1 1 1 1 1 1 1 1 1 1 1 1 1 1 1 1 1 1 1 1 1 1 1 1 1 1 1 1 1 1 1 1 1 1 1 1 1 1 1 1 1 1 1 1 1 1 1 1 1 1 1 1 1 1 1 1 1 1 1 1 1 1 1 1 1 1 1 1 1 1 1 1 1 1 1 1 1 1 1 1 1 1 1 1 1 1 1 1 1 1 1 1 1 1 1 1 1 1 1 1 1 1 1 1 1 1 1 1 1 1 1 1 1 1 1 1 1 1 1 1 1 1 1 1 1 1 1 1 1 1 1 1 1 1 1 1 1 1 1 1 1 1 1 1 1 1 1 1 1 1 1 1 1 1 1 1 1 1 1 1 1 1 1 1 1 1 1 1 1 1 1 1 1 1 1 1 1 1 1 1 1 1 1 1 1 1 1 1 1 1 1 1 1 1 1 1 1 1 1 1 1 1 1 1 1 1 1 1 1 1 1 1 1 1 1 1 1 1 1 1 1 1 1 1 1 1 1 1 1 1 1 1 1 1 1 1 1 1 1 1 1 1 1 1 1 1 1 1 1 1 1 1 1 1 1 1 1 1 1 1 1 1 1 1 1 1 1 1 1 1 1 1 1 1 1 1 1 1 1 1 1 1 1 1 1 1 1 1 1 1 1 1 1 1 1 1 1 1 1 1 1 1 1 1 1 1 1 1 1 1 1 1 1 1 1 1 1 1 1 1 1 1 1 1 1 1 1 1 1 1 1 1 1 1 1 1 1 1 1 1 1 1 1 1 1 1 1 1 1 1 1 1 1 1 1 1 1 1 1 1 1 1 1 1 1 1 1 1 1 1 1 1 1 1 1 1 1 1 1 1 1 1 1 1 1 1 1 1 1 1 1 1 1 1 1 1 1 1 1 1 1 1 </vcount>
          <v>6 0 6 0 6 0 6 0 6 0 6 0 6 0 6 0 6 0 6 0 6 0 6 0 6 0 6 0 6 0 6 0 6 0 6 0 6 0 6 0 6 0 6 0 6 0 6 0 6 0 6 0 6 0 6 0 6 0 6 0 6 0 6 0 6 0 6 0 6 0 6 0 6 0 6 0 6 0 6 0 6 0 6 0 6 0 6 0 6 0 6 0 6 0 6 0 6 0 6 0 6 0 6 0 6 0 6 0 6 0 6 0 6 0 6 0 6 0 6 0 6 0 6 0 6 0 6 0 6 0 6 0 6 0 6 0 6 0 6 0 6 0 6 0 6 0 6 0 6 0 6 0 6 0 6 0 6 0 6 0 6 0 6 0 6 0 6 0 6 0 6 0 6 0 6 0 6 0 6 0 6 0 6 0 6 0 6 0 6 0 6 0 6 0 6 0 6 0 6 0 6 0 6 0 6 0 6 0 6 0 6 0 6 0 6 0 6 0 6 0 6 0 6 0 6 0 6 0 6 0 6 0 6 0 6 0 6 0 6 0 6 0 6 0 6 0 6 0 6 0 6 0 6 0 6 0 6 0 6 0 6 0 6 0 6 0 6 0 6 0 6 0 6 0 6 0 6 0 6 0 6 0 6 0 6 0 6 0 6 0 6 0 6 0 6 0 6 0 6 0 6 0 6 0 6 0 6 0 6 0 6 0 6 0 6 0 6 0 6 0 6 0 6 0 6 0 6 0 6 0 6 0 6 0 6 0 6 0 6 0 6 0 6 0 6 0 6 0 6 0 6 0 6 0 6 0 6 0 6 0 6 0 6 0 6 0 6 0 6 0 6 0 6 0 6 0 6 0 6 0 6 0 6 0 6 0 6 0 6 0 6 0 6 0 6 0 6 0 6 0 6 0 6 0 6 0 6 0 6 0 6 0 6 0 6 0 6 0 6 0 6 0 6 0 6 0 6 0 6 0 6 0 6 0 6 0 6 0 6 0 6 0 6 0 6 0 6 0 6 0 6 0 6 0 6 0 6 0 6 0 6 0 6 0 6 0 6 0 6 0 6 0 6 0 6 0 8 0 8 0 8 0 8 0 8 0 8 0 8 0 8 0 8 0 8 0 8 0 8 0 8 0 7 0 7 0 8 0 8 0 7 0 7 0 7 0 7 0 7 0 7 0 7 0 7 0 7 0 7 0 7 0 7 0 7 0 7 0 7 0 10 0 10 0 10 0 10 0 9 0 10 0 10 0 10 0 10 0 9 0 9 0 9 0 10 0 10 0 10 0 10 0 10 0 10 0 9 0 9 0 9 0 9 0 9 0 9 0 9 0 9 0 9 0 9 0 9 0 9 0 9 0 7 0 7 0 7 0 7 0 9 0 9 0 9 0 9 0 6 0 6 0 6 0 6 0 6 0 6 0 6 0 6 0 6 0 6 0 6 0 6 0 6 0 6 0 6 0 6 0 6 0 6 0 6 0 6 0 6 0 6 0 6 0 6 0 7 0 7 0 8 0 8 0 7 0 7 0 8 0 8 0 10 0 9 0 9 0 10 0 9 0 10 0 10 0 9 0 6 0 6 0 6 0 6 0 6 0 6 0 6 0 6 0 6 0 6 0 6 0 6 0 6 0 6 0 6 0 6 0 6 0 6 0 6 0 6 0 6 0 6 0 6 0 6 0 6 0 6 0 6 0 6 0 6 0 6 0 6 0 6 0 6 0 6 0 6 0 6 0 6 0 6 0 6 0 6 0 6 0 6 0 6 0 6 0 6 0 6 0 8 0 7 0 8 0 10 0 10 0 10 0 9 0 9 0 10 0 6 0 6 0 6 0 6 0 6 0 6 0 6 0 6 0 6 0 6 0 6 0 6 0 6 0 6 0 6 0 7 0 7 0 7 0 9 0 9 0 9 0 11 0 11 0 11 0 11 0 11 0 11 0 11 0 11 0 11 0 12 0 12 0 12 0 11 0 12 0 12 0 12 0 12 0 12 0 11 0 12 0 6 0 5 0 5 0 5 0 6 0 5 0 5 0 6 0 5 0 6 0 5 0 6 0 6 0 6 0 6 0 6 0 6 0 6 0 6 0 6 0 6 0 6 0 13 0 13 0 13 0 13 0 13 0 13 0 13 0 13 0 14 0 13 0 14 0 14 0 14 0 13 0 14 0 14 0 14 0 14 0 14 0 13 0 3 0 3 0 3 0 3 0 3 0 3 0 3 0 3 0 3 0 3 0 15 0 15 0 15 0 15 0 15 0 15 0 15 0 15 0 15 0 5 0 5 0 15 0 15 0 15 0 15 0 15 0 15 0 15 0 15 0 15 0 15 0 15 0 15 0 15 0 15 0 15 0 15 0 15 0 5 0 5 0 15 0 4 0 12 0 11 0 12 0 11 0 11 0 16 0 16 0 16 0 16 0 16 0 16 0 16 0 16 0 16 0 16 0 16 0 16 0 16 0 16 0 16 0 16 0 4 0 16 0 16 0 16 0 16 0 4 0 5 0 16 0 5 0 5 0 16 0 5 0 16 0 4 0 4 0 15 0 15 0 15 0 4 0 4 0 16 0 6 0 6 0 6 0 6 0 6 0 6 0 6 0 6 0 6 0 6 0 6 0 6 0 6 0 6 0 6 0 6 0 5 0 6 0 6 0 6 0 6 0 6 0 6 0 6 0 6 0 6 0 6 0 6 0 6 0 6 0 6 0 6 0 6 0 6 0 6 0 6 0 6 0 6 0 6 0 6 0 6 0 6 0 6 0 6 0 6 0 6 0 6 0 6 0 6 0 6 0 6 0 6 0 6 0 6 0 6 0 6 0 6 0 13 0 14 0 14 0 13 0 13 0 3 0 3 0 3 0 3 0 3 0 4 0 15 0 15 0 15 0 11 0 11 0 11 0 11 0 11 0 11 0 11 0 11 0 4 0 16 0 16 0 16 0 11 0 11 0 12 0 12 0 13 0 13 0 13 0 13 0 13 0 13 0 13 0 13 0 14 0 13 0 13 0 14 0 16 0 16 0 16 0 16 0 16 0 16 0 6 0 6 0 6 0 6 0 6 0 6 0 6 0 6 0 6 0 15 0 4 0 5 0 12 0 12 0 11 0 11 0 11 0 12 0 12 0 11 0 11 0 13 0 13 0 14 0 13 0 14 0 13 0 14 0 13 0 13 0 3 0 3 0 3 0 4 0 4 0 3 0 3 0 3 0 3 0 3 0 3 0 3 0 3 0 4 0 4 0 17 0 15 0 17 0 15 0 17 0 15 0 17 0 15 0 12 0 12 0 12 0 12 0 12 0 12 0 12 0 12 0 12 0 12 0 12 0 12 0 3 0 3 0 3 0 3 0 4 0 4 0 3 0 3 0 3 0 3 0 3 0 3 0 16 0 18 0 16 0 18 0 16 0 18 0 16 0 18 0 11 0 11 0 2 0 11 0 2 0 2 0 2 0 2 0 13 0 13 0 2 0 2 0 2 0 2 0 2 0 2 0 11 0 3 0 11 0 3 0 2 0 3 0 13 0 3 0 13 0 3 0 4 0 4 0 3 0 3 0 3 0 3 0 3 0 3 0 3 0 3 0 3 0 3 0 11 0 11 0 11 0 11 0 2 0 2 0 13 0 13 0 13 0 13 0 14 0 14 0 14 0 14 0 14 0 14 0 14 0 14 0 14 0 14 0 14 0 14 0 3 0 3 0 3 0 3 0 3 0 3 0 3 0 3 0 3 0 3 0 15 0 4 0 15 0 15 0 4 0 4 0 4 0 4 0 3 0 4 0 4 0 15 0 4 0 15 0 4 0 4 0 16 0 4 0 4 0 15 0 17 0 4 0 17 0 15 0 4 0 17 0 17 0 3 0 4 0 4 0 4 0 4 0 16 0 16 0 4 0 16 0 4 0 16 0 4 0 4 0 4 0 4 0 3 0 3 0 16 0 4 0 18 0 18 0 18 0 4 0 18 0 16 0 11 0 11 0 11 0 11 0 11 0 11 0 3 0 2 0 3 0 3 0 13 0 13 0 13 0 13 0 3 0 3 0 3 0 3 0 3 0 2 0 13 0 2 0 3 0 3 0 3 0 11 0 2 0 11 0 11 0 11 0 2 0 2 0 2 0 2 0 2 0 11 0 11 0 2 0 2 0 13 0 13 0 2 0 13 0 2 0 13 0 4 0 15 0 4 0 4 0 4 0 3 0 4 0 3 0 2 0 2 0 3 0 2 0 3 0 3 0 3 0 3 0 3 0 6 0 6 0 7 0 7 0 7 0 6 0 7 0 6 0 7 0 6 0 7 0 6 0 7 0 6 0 7 0 6 0 9 0 6 0 9 0 6 0 6 0 6 0 9 0 9 0 6 0 6 0 9 0 9 0 6 0 6 0 9 0 9 0 17 0 17 0 4 0 4 0 4 0 18 0 18 0 4 0 15 0 4 0 4 0 15 0 4 0 15 0 4 0 4 0 16 0 16 0 16 0 4 0 11 0 2 0 2 0 17 0 17 0 17 0 17 0 17 0 17 0 17 0 17 0 17 0 17 0 17 0 17 0 17 0 17 0 17 0 17 0 17 0 17 0 18 0 18 0 18 0 18 0 18 0 18 0 18 0 18 0 18 0 18 0 18 0 18 0 18 0 18 0 18 0 18 0 18 0 18 0 3 0 3 0 3 0 19 0 19 0 19 0 19 0 19 0 19 0 12 0 19 0 12 0 19 0 12 0 19 0 12 0 19 0 12 0 19 0 19 0 19 0 19 0 19 0 19 0 19 0 17 0 17 0 17 0 17 0 17 0 17 0 17 0 17 0 17 0 17 0 17 0 17 0 22 0 21 0 22 0 21 0 22 0 21 0 22 0 21 0 22 0 21 0 22 0 21 0 22 0 21 0 22 0 21 0 22 0 21 0 22 0 21 0 21 0 22 0 21 0 22 0 21 0 22 0 21 0 22 0 22 0 21 0 22 0 21 0 22 0 21 0 22 0 21 0 22 0 21 0 21 0 21 0 21 0 21 0 21 0 21 0 21 0 21 0 20 0 20 0 20 0 20 0 20 0 20 0 18 0 18 0 18 0 18 0 18 0 18 0 18 0 18 0 18 0 18 0 18 0 18 0 24 0 25 0 24 0 25 0 24 0 25 0 24 0 25 0 24 0 25 0 24 0 25 0 24 0 25 0 24 0 25 0 24 0 25 0 24 0 25 0 25 0 24 0 25 0 24 0 25 0 24 0 25 0 24 0 24 0 25 0 24 0 25 0 24 0 25 0 24 0 25 0 24 0 25 0 24 0 24 0 24 0 24 0 24 0 24 0 2 0 2 0 2 0 2 0 2 0 2 0 26 0 26 0 26 0 26 0 26 0 26 0 26 0 14 0 26 0 14 0 26 0 14 0 26 0 14 0 26 0 14 0 26 0 26 0 26 0 26 0 26 0 26 0 27 0 19 0 27 0 19 0 19 0 19 0 19 0 19 0 27 0 19 0 19 0 19 0 19 0 27 0 19 0 27 0 19 0 19 0 19 0 19 0 19 0 19 0 19 0 19 0 19 0 19 0 19 0 19 0 19 0 19 0 19 0 19 0 20 0 17 0 20 0 17 0 20 0 20 0 17 0 17 0 20 0 17 0 20 0 17 0 20 0 20 0 17 0 17 0 21 0 21 0 21 0 21 0 21 0 21 0 20 0 20 0 21 0 21 0 21 0 21 0 21 0 20 0 21 0 21 0 21 0 20 0 21 0 21 0 20 0 20 0 21 0 21 0 20 0 21 0 20 0 21 0 21 0 21 0 21 0 20 0 21 0 20 0 21 0 21 0 21 0 23 0 23 0 18 0 18 0 18 0 23 0 18 0 23 0 23 0 23 0 18 0 18 0 23 0 18 0 23 0 18 0 24 0 24 0 24 0 24 0 23 0 24 0 23 0 24 0 24 0 24 0 24 0 23 0 24 0 24 0 24 0 24 0 24 0 24 0 24 0 24 0 24 0 24 0 24 0 23 0 23 0 23 0 24 0 23 0 24 0 24 0 23 0 23 0 24 0 24 0 24 0 24 0 23 0 24 0 24 0 24 0 24 0 24 0 24 0 23 0 24 0 2 0 2 0 2 0 2 0 2 0 2 0 2 0 2 0 28 0 26 0 26 0 26 0 26 0 26 0 26 0 26 0 26 0 26 0 28 0 28 0 26 0 26 0 26 0 28 0 26 0 26 0 26 0 26 0 26 0 26 0 26 0 26 0 26 0 26 0 26 0 26 0 26 0 20 0 20 0 20 0 20 0 20 0 20 0 20 0 20 0 20 0 20 0 20 0 20 0 20 0 20 0 20 0 20 0 22 0 22 0 22 0 22 0 22 0 22 0 22 0 22 0 21 0 21 0 22 0 22 0 22 0 22 0 22 0 22 0 20 0 20 0 20 0 20 0 20 0 20 0 20 0 20 0 22 0 22 0 22 0 22 0 23 0 23 0 23 0 23 0 23 0 23 0 23 0 23 0 23 0 23 0 23 0 23 0 23 0 23 0 23 0 23 0 25 0 25 0 25 0 25 0 25 0 25 0 25 0 25 0 25 0 24 0 24 0 25 0 25 0 25 0 25 0 25 0 25 0 25 0 25 0 25 0 2 0 2 0 2 0 2 0 2 0 2 0 2 0 2 0 2 0 2 0 2 0 2 0 2 0 2 0 2 0 2 0 2 0 2 0 2 0 2 0 2 0 2 0 2 0 2 0 2 0 2 0 2 0 2 0 2 0 2 0 2 0 2 0 27 0 19 0 19 0 19 0 12 0 12 0 21 0 21 0 21 0 21 0 21 0 21 0 21 0 21 0 21 0 19 0 19 0 19 0 24 0 24 0 24 0 24 0 24 0 24 0 24 0 24 0 24 0 28 0 26 0 26 0 26 0 14 0 14 0 </v>
        </vertex_weights>
      </skin>
    </controller>
  </library_controllers>
  <library_visual_scenes>
    <visual_scene id="scene0" name="chara01">
      <node id="joint0" sid="joint0" name="world_root" type="JOINT">
        <matrix sid="transform">1 0 0 0 0 1 0 0 0 0 1 0 0 0 0 1</matrix>
        <node id="joint1" sid="joint1" name="Bip01" type="JOINT">
          <matrix sid="transform">0 0 -1 -0.083984375 0 1 0 83.15576171875 1 0 0 1.10693359375 0 0 0 1</matrix>
          <node id="joint2" sid="joint2" name="Bip01_Pelvis" type="JOINT">
            <matrix sid="transform">0.086181640625 0 -0.996337890625 0 0.996337890625 0 0.086181640625 0 0 -1 0 0 0 0 0 1</matrix>
            <node id="joint3" sid="joint3" name="Bip01_Spine" type="JOINT">
              <matrix sid="transform">0.996337890625 0 -0.08544921875 6.40087890625 0 1 0 0 0.08544921875 0 0.996337890625 -0.994140625 0 0 0 1</matrix>
              <node id="joint4" sid="joint4" name="Bip01_Spine1" type="JOINT">
                <matrix sid="transform">1 0 0 11.824951171875 0 1 0 0 0 0 1 0.009521484375 0 0 0 1</matrix>
                <node id="joint5" sid="joint5" name="Bip01_Neck" type="JOINT">
                  <matrix sid="transform">0.963623046875 0 0.267333984375 14.01708984375 0 1 0 0 -0.267333984375 0 0.963623046875 1.090087890625 0 0 0 1</matrix>
                  <node id="joint6" sid="joint6" name="Bip01_Head" type="JOINT">
                    <matrix sid="transform">0.970703125 0 -0.240478515625 5.2431640625 0 1 0 0 0.240478515625 0 0.970703125 0 0 0 0 1</matrix>
                    <node id="joint7" sid="joint7" name="Bip01_tail_1" type="JOINT">
                      <matrix sid="transform">-0.80859375 0.587890625 -0.02392578125 16.379150390625 0.466064453125 0.6650390625 0.58349609375 13.3154296875 0.35888671875 0.460693359375 -0.811767578125 9.743408203125 0 0 0 1</matrix>
                      <node id="joint8" sid="joint8" name="Bip01_tail_11" type="JOINT">
                        <matrix sid="transform">0.81787109375 0.568115234375 -0.089599609375 20.595458984375 -0.570556640625 0.8212890625 -0.000244140625 0 0.073486328125 0.05126953125 0.995849609375 0.0166015625 0 0 0 1</matrix>
                      </node>
                    </node>
                    <node id="joint9" sid="joint9" name="Bip01_tail_2" type="JOINT">
                      <matrix sid="transform">-0.80859375 -0.587890625 -0.02392578125 16.379150390625 -0.466064453125 0.6650390625 -0.58349609375 -13.143798828125 0.35888671875 -0.460693359375 -0.811767578125 9.743408203125 0 0 0 1</matrix>
                      <node id="joint10" sid="joint10" name="Bip01_tail_21" type="JOINT">
                        <matrix sid="transform">0.81787109375 -0.568115234375 -0.089599609375 20.595458984375 0.570556640625 0.8212890625 0.000244140625 0 0.073486328125 -0.05126953125 0.995849609375 0.0166015625 0 0 0 1</matrix>
                      </node>
                    </node>
                  </node>
                  <node id="joint15" sid="joint15" name="Bip01_L_Clavicle" type="JOINT">
                    <matrix sid="transform">-0.177734375 0.94677734375 0.26806640625 -2.938720703125 0.98291015625 0.184326171875 0 3.905029296875 -0.04931640625 0.263427734375 -0.96337890625 -0.22607421875 0 0 0 1</matrix>
                    <node id="joint17" sid="joint17" name="Bip01_L_UpperArm" type="JOINT">
                      <matrix sid="transform">0.97314453125 -0.220947265625 -0.066162109375 7.87451171875 0.219482421875 0.975341796875 -0.02685546875 0 0.070556640625 0.01171875 0.99755859375 0 0 0 0 1</matrix>
                      <node id="joint20" sid="joint20" name="Bip01_L_Forearm" type="JOINT">
                        <matrix sid="transform">0.125244140625 0 -0.9921875 17.26025390625 0 1 0 0 0.9921875 0 0.125244140625 0 0 0 0 1</matrix>
                        <node id="joint21" sid="joint21" name="Bip01_L_Hand" type="JOINT">
                          <matrix sid="transform">0.999267578125 0.017333984375 0.03466796875 18.05322265625 -0.03466796875 0.000244140625 0.99951171875 0 0.017333984375 -0.999755859375 0.000732421875 0 0 0 0 1</matrix>
                          <node id="joint22" sid="joint22" name="Bip01_L_Finger0" type="JOINT">
                            <matrix sid="transform">0.930419921875 0.195556640625 -0.309814453125 7.380126953125 -0.2294921875 0.970458984375 -0.076416015625 0 0.28564453125 0.14208984375 0.94775390625 0 0 0 0 1</matrix>
                          </node>
                        </node>
                      </node>
                    </node>
                  </node>
                  <node id="joint16" sid="joint16" name="Bip01_R_Clavicle" type="JOINT">
                    <matrix sid="transform">-0.177734375 -0.94677734375 0.26806640625 -2.938720703125 -0.98291015625 0.184326171875 0 -3.905029296875 -0.04931640625 -0.263427734375 -0.96337890625 -0.22607421875 0 0 0 1</matrix>
                    <node id="joint18" sid="joint18" name="Bip01_R_UpperArm" type="JOINT">
                      <matrix sid="transform">0.97314453125 0.220947265625 -0.066162109375 7.87451171875 -0.219482421875 0.975341796875 0.02685546875 0 0.070556640625 -0.01171875 0.99755859375 0 0 0 0 1</matrix>
                      <node id="joint23" sid="joint23" name="Bip01_R_Forearm" type="JOINT">
                        <matrix sid="transform">0.125244140625 0 -0.9921875 17.26025390625 0 1 0 0 0.9921875 0 0.125244140625 0 0 0 0 1</matrix>
                        <node id="joint24" sid="joint24" name="Bip01_R_Hand" type="JOINT">
                          <matrix sid="transform">0.999267578125 -0.017333984375 0.03466796875 18.05322265625 0.03466796875 0.000244140625 -0.99951171875 0 0.017333984375 0.999755859375 0.000732421875 0 0 0 0 1</matrix>
                          <node id="joint25" sid="joint25" name="Bip01_R_Finger0" type="JOINT">
                            <matrix sid="transform">0.930419921875 -0.195556640625 -0.309814453125 7.380126953125 0.2294921875 0.970458984375 0.076416015625 0 0.28564453125 -0.14208984375 0.94775390625 0 0 0 0 1</matrix>
                          </node>
                        </node>
                      </node>
                    </node>
                  </node>
                </node>
              </node>
            </node>
            <node id="joint11" sid="joint11" name="Bip01_L_Thigh" type="JOINT">
              <matrix sid="transform">-0.98779296875 -0.06494140625 -0.142333984375 0 0.0654296875 -0.997802734375 0.001220703125 6.060791015625 -0.14208984375 -0.008056640625 0.98974609375 0 0 0 0 1</matrix>
              <node id="joint12" sid="joint12" name="Bip01_L_Calf" type="JOINT">
                <matrix sid="transform">0.995361328125 0 -0.0966796875 35.548828125 0 1 0 0 0.0966796875 0 0.995361328125 0 0 0 0 1</matrix>
                <node id="joint19" sid="joint19" name="Bip01_L_Foot" type="JOINT">
                  <matrix sid="transform">0.996337890625 -0.0654296875 0.055419921875 37.710205078125 0.0654296875 0.997802734375 -0.00146484375 0 -0.05517578125 0.005126953125 0.99853515625 0 0 0 0 1</matrix>
                  <node id="joint27" sid="joint27" name="Bip01_L_Toe0" type="JOINT">
                    <matrix sid="transform">0 0 1 9.73046875 0 1 0 0 -1 0 0 -10.70947265625 0 0 0 1</matrix>
                  </node>
                </node>
              </node>
            </node>
            <node id="joint13" sid="joint13" name="Bip01_R_Thigh" type="JOINT">
              <matrix sid="transform">-0.98779296875 0.06494140625 -0.142333984375 0 -0.0654296875 -0.997802734375 -0.001220703125 -6.060791015625 -0.14208984375 0.008056640625 0.98974609375 0 0 0 0 1</matrix>
              <node id="joint14" sid="joint14" name="Bip01_R_Calf" type="JOINT">
                <matrix sid="transform">0.995361328125 0 -0.0966796875 35.548828125 0 1 0 0 0.0966796875 0 0.995361328125 0 0 0 0 1</matrix>
                <node id="joint26" sid="joint26" name="Bip01_R_Foot" type="JOINT">
                  <matrix sid="transform">0.996337890625 0.0654296875 0.055419921875 37.710205078125 -0.0654296875 0.997802734375 0.00146484375 0 -0.05517578125 -0.005126953125 0.99853515625 0 0 0 0 1</matrix>
                  <node id="joint28" sid="joint28" name="Bip01_R_Toe0" type="JOINT">
                    <matrix sid="transform">0 0 1 9.73046875 0 1 0 0 -1 0 0 -10.70947265625 0 0 0 1</matrix>
                  </node>
                </node>
              </node>
            </node>
          </node>
        </node>
      </node>
      <node id="node" name="chara01" type="NODE">
        <instance_controller url="#controller">
          <skeleton>#joint0</skeleton>
          <bind_material>
            <technique_common>
              <instance_material symbol="material0" target="#material0">
                <bind_vertex_input semantic="tc" input_semantic="TEXCOORD"/>
              </instance_material>
              <instance_material symbol="material1" target="#material1">
                <bind_vertex_input semantic="tc" input_semantic="TEXCOORD"/>
              </instance_material>
              <instance_material symbol="material2" target="#material2">
                <bind_vertex_input semantic="tc" input_semantic="TEXCOORD"/>
              </instance_material>
              <instance_material symbol="material3" target="#material3">
                <bind_vertex_input semantic="tc" input_semantic="TEXCOORD"/>
              </instance_material>
              <instance_material symbol="material4" target="#material4">
                <bind_vertex_input semantic="tc" input_semantic="TEXCOORD"/>
              </instance_material>
              <instance_material symbol="material5" target="#material5">
                <bind_vertex_input semantic="tc" input_semantic="TEXCOORD"/>
              </instance_material>
              <instance_material symbol="material6" target="#material6">
                <bind_vertex_input semantic="tc" input_semantic="TEXCOORD"/>
              </instance_material>
            </technique_common>
          </bind_material>
        </instance_controller>
      </node>
    </visual_scene>
  </library_visual_scenes>
  <scene>
    <instance_visual_scene url="#scene0"/>
  </scene>
</COLLADA>
