<?xml version="1.0" encoding="UTF-8"?>
<COLLADA xmlns="http://www.collada.org/2005/11/COLLADASchema" version="1.4.1">
 <asset>
  <contributor>
   <authoring_tool>ExpCollada for Metasequoia</authoring_tool>
  </contributor>
  <created>2024-06-03T00:46:54Z</created>
  <modified>2024-06-03T00:46:54Z</modified>
  <up_axis>Y_UP</up_axis>
 </asset>
 <library_images>
  <image id="texture1" name="texture1">
   <init_from>mat1.png</init_from>
  </image>
  <image id="texture2" name="texture2">
   <init_from>mat4.png</init_from>
  </image>
  <image id="texture3" name="texture3">
   <init_from>mat3.png</init_from>
  </image>
  <image id="texture4" name="texture4">
   <init_from>mat2.png</init_from>
  </image>
  <image id="texture5" name="texture5">
   <init_from>mat5.png</init_from>
  </image>
  <image id="texture6" name="texture6">
   <init_from>mat6.png</init_from>
  </image>
  <image id="texture7" name="texture7">
   <init_from>mat7.png</init_from>
  </image>
 </library_images>
 <library_effects>
  <effect id="mat1.png-fx" name="mat1.png-fx">
   <profile_COMMON>
    <newparam sid="texture1-surface">
     <surface type="2D">
      <init_from>texture1</init_from>
     </surface>
    </newparam>
    <newparam sid="texture1-sampler">
    <sampler2D>
     <source>texture1-surface</source>
     <minfilter>LINEAR</minfilter>
     <magfilter>LINEAR</magfilter>
    </sampler2D>
   </newparam>
    <technique sid="metaseq">
     <phong>
      <emission>
       <color>0.500 0.500 0.500 1</color>
      </emission>
      <ambient>
       <color>0.000 0.000 0.000 1</color>
      </ambient>
      <diffuse>
       <texture texture="texture1-sampler" texcoord="UVSET0"/>
      </diffuse>
      <specular>
       <color>0.000 0.000 0.000 1</color>
      </specular>
      <shininess>
       <float>0.000</float>
      </shininess>
      <reflective>
       <color>1 1 1 1</color>
      </reflective>
      <reflectivity>
       <float>0.0</float>
      </reflectivity>
      <transparent>
       <color>1 1 1 1</color>
      </transparent>
      <transparency>
       <float>1.000</float>
      </transparency>
     </phong>
    </technique>
   </profile_COMMON>
  </effect>
  <effect id="Sphinx_SG04-fx" name="Sphinx_SG04-fx">
   <profile_COMMON>
    <newparam sid="texture2-surface">
     <surface type="2D">
      <init_from>texture2</init_from>
     </surface>
    </newparam>
    <newparam sid="texture2-sampler">
    <sampler2D>
     <source>texture2-surface</source>
     <minfilter>LINEAR</minfilter>
     <magfilter>LINEAR</magfilter>
    </sampler2D>
   </newparam>
    <technique sid="metaseq">
     <phong>
      <emission>
       <color>0.500 0.500 0.500 1</color>
      </emission>
      <ambient>
       <color>0.000 0.000 0.000 1</color>
      </ambient>
      <diffuse>
       <texture texture="texture2-sampler" texcoord="UVSET0"/>
      </diffuse>
      <specular>
       <color>0.000 0.000 0.000 1</color>
      </specular>
      <shininess>
       <float>0.000</float>
      </shininess>
      <reflective>
       <color>1 1 1 1</color>
      </reflective>
      <reflectivity>
       <float>0.0</float>
      </reflectivity>
      <transparent>
       <color>1 1 1 1</color>
      </transparent>
      <transparency>
       <float>1.000</float>
      </transparency>
     </phong>
    </technique>
   </profile_COMMON>
  </effect>
  <effect id="mat3.png-fx" name="mat3.png-fx">
   <profile_COMMON>
    <newparam sid="texture3-surface">
     <surface type="2D">
      <init_from>texture3</init_from>
     </surface>
    </newparam>
    <newparam sid="texture3-sampler">
    <sampler2D>
     <source>texture3-surface</source>
     <minfilter>LINEAR</minfilter>
     <magfilter>LINEAR</magfilter>
    </sampler2D>
   </newparam>
    <technique sid="metaseq">
     <phong>
      <emission>
       <color>0.500 0.500 0.500 1</color>
      </emission>
      <ambient>
       <color>0.000 0.000 0.000 1</color>
      </ambient>
      <diffuse>
       <texture texture="texture3-sampler" texcoord="UVSET0"/>
      </diffuse>
      <specular>
       <color>0.000 0.000 0.000 1</color>
      </specular>
      <shininess>
       <float>0.000</float>
      </shininess>
      <reflective>
       <color>1 1 1 1</color>
      </reflective>
      <reflectivity>
       <float>0.0</float>
      </reflectivity>
      <transparent>
       <color>1 1 1 1</color>
      </transparent>
      <transparency>
       <float>1.000</float>
      </transparency>
     </phong>
    </technique>
   </profile_COMMON>
  </effect>
  <effect id="mat4.png-fx" name="mat4.png-fx">
   <profile_COMMON>
    <newparam sid="texture4-surface">
     <surface type="2D">
      <init_from>texture4</init_from>
     </surface>
    </newparam>
    <newparam sid="texture4-sampler">
    <sampler2D>
     <source>texture4-surface</source>
     <minfilter>LINEAR</minfilter>
     <magfilter>LINEAR</magfilter>
    </sampler2D>
   </newparam>
    <technique sid="metaseq">
     <phong>
      <emission>
       <color>0.500 0.500 0.500 1</color>
      </emission>
      <ambient>
       <color>0.000 0.000 0.000 1</color>
      </ambient>
      <diffuse>
       <texture texture="texture4-sampler" texcoord="UVSET0"/>
      </diffuse>
      <specular>
       <color>0.000 0.000 0.000 1</color>
      </specular>
      <shininess>
       <float>0.000</float>
      </shininess>
      <reflective>
       <color>1 1 1 1</color>
      </reflective>
      <reflectivity>
       <float>0.0</float>
      </reflectivity>
      <transparent>
       <color>1 1 1 1</color>
      </transparent>
      <transparency>
       <float>1.000</float>
      </transparency>
     </phong>
    </technique>
   </profile_COMMON>
  </effect>
  <effect id="mat5.png-fx" name="mat5.png-fx">
   <profile_COMMON>
    <newparam sid="texture5-surface">
     <surface type="2D">
      <init_from>texture5</init_from>
     </surface>
    </newparam>
    <newparam sid="texture5-sampler">
    <sampler2D>
     <source>texture5-surface</source>
     <minfilter>LINEAR</minfilter>
     <magfilter>LINEAR</magfilter>
    </sampler2D>
   </newparam>
    <technique sid="metaseq">
     <phong>
      <emission>
       <color>0.500 0.500 0.500 1</color>
      </emission>
      <ambient>
       <color>0.000 0.000 0.000 1</color>
      </ambient>
      <diffuse>
       <texture texture="texture5-sampler" texcoord="UVSET0"/>
      </diffuse>
      <specular>
       <color>0.000 0.000 0.000 1</color>
      </specular>
      <shininess>
       <float>0.000</float>
      </shininess>
      <reflective>
       <color>1 1 1 1</color>
      </reflective>
      <reflectivity>
       <float>0.0</float>
      </reflectivity>
      <transparent>
       <color>1 1 1 1</color>
      </transparent>
      <transparency>
       <float>1.000</float>
      </transparency>
     </phong>
    </technique>
   </profile_COMMON>
  </effect>
  <effect id="mat6.png-fx" name="mat6.png-fx">
   <profile_COMMON>
    <newparam sid="texture6-surface">
     <surface type="2D">
      <init_from>texture6</init_from>
     </surface>
    </newparam>
    <newparam sid="texture6-sampler">
    <sampler2D>
     <source>texture6-surface</source>
     <minfilter>LINEAR</minfilter>
     <magfilter>LINEAR</magfilter>
    </sampler2D>
   </newparam>
    <technique sid="metaseq">
     <phong>
      <emission>
       <color>0.500 0.500 0.500 1</color>
      </emission>
      <ambient>
       <color>0.000 0.000 0.000 1</color>
      </ambient>
      <diffuse>
       <texture texture="texture6-sampler" texcoord="UVSET0"/>
      </diffuse>
      <specular>
       <color>0.000 0.000 0.000 1</color>
      </specular>
      <shininess>
       <float>0.000</float>
      </shininess>
      <reflective>
       <color>1 1 1 1</color>
      </reflective>
      <reflectivity>
       <float>0.0</float>
      </reflectivity>
      <transparent>
       <color>1 1 1 1</color>
      </transparent>
      <transparency>
       <float>1.000</float>
      </transparency>
     </phong>
    </technique>
   </profile_COMMON>
  </effect>
  <effect id="mat7.png-fx" name="mat7.png-fx">
   <profile_COMMON>
    <newparam sid="texture7-surface">
     <surface type="2D">
      <init_from>texture7</init_from>
     </surface>
    </newparam>
    <newparam sid="texture7-sampler">
    <sampler2D>
     <source>texture7-surface</source>
     <minfilter>LINEAR</minfilter>
     <magfilter>LINEAR</magfilter>
    </sampler2D>
   </newparam>
    <technique sid="metaseq">
     <phong>
      <emission>
       <color>0.500 0.500 0.500 1</color>
      </emission>
      <ambient>
       <color>0.000 0.000 0.000 1</color>
      </ambient>
      <diffuse>
       <texture texture="texture7-sampler" texcoord="UVSET0"/>
      </diffuse>
      <specular>
       <color>0.000 0.000 0.000 1</color>
      </specular>
      <shininess>
       <float>0.000</float>
      </shininess>
      <reflective>
       <color>1 1 1 1</color>
      </reflective>
      <reflectivity>
       <float>0.0</float>
      </reflectivity>
      <transparent>
       <color>1 1 1 1</color>
      </transparent>
      <transparency>
       <float>1.000</float>
      </transparency>
     </phong>
    </technique>
   </profile_COMMON>
  </effect>
 </library_effects>
 <library_materials>
  <material id="mat1.png" name="mat1.png">
   <instance_effect url="#mat1.png-fx"/>
  </material>
  <material id="Sphinx_SG04" name="Sphinx_SG04">
   <instance_effect url="#Sphinx_SG04-fx"/>
  </material>
  <material id="mat3.png" name="mat3.png">
   <instance_effect url="#mat3.png-fx"/>
  </material>
  <material id="mat4.png" name="mat4.png">
   <instance_effect url="#mat4.png-fx"/>
  </material>
  <material id="mat5.png" name="mat5.png">
   <instance_effect url="#mat5.png-fx"/>
  </material>
  <material id="mat6.png" name="mat6.png">
   <instance_effect url="#mat6.png-fx"/>
  </material>
  <material id="mat7.png" name="mat7.png">
   <instance_effect url="#mat7.png-fx"/>
  </material>
 </library_materials>
 <library_geometries>
  <geometry id="realb56-lib" name="realb56">
   <mesh>
    <source id="realb56-lib-positions" name="position">
     <float_array id="realb56-lib-positions-array" count="57">0.07471 6.16793 6.71997 0.00000 6.18968 6.97387 0.00000 6.14186 6.84672 -0.07471 6.16793 6.71997 0.45947 6.52175 6.41166 0.21924 5.93175 6.60980 0.00000 5.94768 6.80128 -0.21924 5.93175 6.60980 0.00000 5.93411 6.78432 0.00000 5.63560 6.72781 -0.23926 5.64485 5.98288 -0.59912 6.01646 6.12946 0.00000 6.62429 6.83676 0.23926 5.64485 5.98288 0.59912 6.01646 6.12946 0.67871 6.95987 6.15041 0.00000 7.52831 6.35942 -0.67871 6.95987 6.15041 -0.45947 6.52175 6.41166</float_array>
     <technique_common>
      <accessor count="19" source="#realb56-lib-positions-array" stride="3">
       <param name="X" type="float"/>
       <param name="Y" type="float"/>
       <param name="Z" type="float"/>
      </accessor>
     </technique_common>
    </source>
    <source id="realb56-lib-normals" name="normal">
     <float_array id="realb56-lib-normals-array" count="234">0.77168 -0.44152 0.45780 0.95303 -0.09265 0.28835 0.79853 0.04645 0.60016 -0.77168 -0.44152 0.45780 -0.79853 0.04645 0.60016 -0.95303 -0.09265 0.28835 0.75763 -0.27785 0.59059 0.79853 0.04645 0.60016 0.74646 -0.02556 0.66494 0.75763 -0.27785 0.59059 0.77168 -0.44152 0.45780 0.79853 0.04645 0.60016 0.64042 -0.17502 0.74781 0.77168 -0.44152 0.45780 0.75763 -0.27785 0.59059 -0.64042 -0.17502 0.74781 -0.75763 -0.27785 0.59059 -0.77168 -0.44152 0.45780 0.77721 -0.37358 0.50634 0.61511 -0.14665 0.77469 0.75763 -0.27785 0.59059 -0.77721 -0.37358 0.50634 -0.75763 -0.27785 0.59059 -0.61511 -0.14665 0.77469 -0.68303 -0.65565 0.32187 -0.75763 -0.27785 0.59059 -0.77721 -0.37358 0.50634 -0.68303 -0.65565 0.32187 -0.76251 -0.38825 0.51754 -0.75763 -0.27785 0.59059 0.79853 0.04645 0.60016 0.72237 0.12129 0.68079 0.74646 -0.02556 0.66494 0.79853 0.04645 0.60016 0.95303 -0.09265 0.28835 0.72237 0.12129 0.68079 0.75763 -0.27785 0.59059 0.68303 -0.65565 0.32187 0.77721 -0.37358 0.50634 0.75763 -0.27785 0.59059 0.76251 -0.38825 0.51754 0.68303 -0.65565 0.32187 0.74646 -0.02556 0.66494 0.76251 -0.38825 0.51754 0.75763 -0.27785 0.59059 0.74646 -0.02556 0.66494 0.68181 0.19168 0.70597 0.76251 -0.38825 0.51754 0.72237 0.12129 0.68079 0.68181 0.19168 0.70597 0.74646 -0.02556 0.66494 0.72237 0.12129 0.68079 0.55281 0.38909 0.73689 0.68181 0.19168 0.70597 -0.68181 0.19168 0.70597 -0.55281 0.38909 0.73689 -0.72237 0.12129 0.68079 -0.74646 -0.02556 0.66494 -0.68181 0.19168 0.70597 -0.72237 0.12129 0.68079 -0.74646 -0.02556 0.66494 -0.76251 -0.38825 0.51754 -0.68181 0.19168 0.70597 -0.79853 0.04645 0.60016 -0.72237 0.12129 0.68079 -0.95303 -0.09265 0.28835 -0.79853 0.04645 0.60016 -0.74646 -0.02556 0.66494 -0.72237 0.12129 0.68079 -0.75763 -0.27785 0.59059 -0.74646 -0.02556 0.66494 -0.79853 0.04645 0.60016 -0.75763 -0.27785 0.59059 -0.76251 -0.38825 0.51754 -0.74646 -0.02556 0.66494 -0.75763 -0.27785 0.59059 -0.79853 0.04645 0.60016 -0.77168 -0.44152 0.45780</float_array>
     <technique_common>
      <accessor count="78" source="#realb56-lib-normals-array" stride="3">
       <param name="X" type="float"/>
       <param name="Y" type="float"/>
       <param name="Z" type="float"/>
      </accessor>
     </technique_common>
    </source>
    <source id="realb56-lib-texcoords">
     <float_array id="realb56-lib-texcoords-array" count="156">0.01172 -0.61133 0.01172 -0.58984 0.07422 -0.60352 0.01172 -0.61133 0.07422 -0.60352 0.01172 -0.58984 0.29102 -0.75000 0.07422 -0.60352 0.51953 -0.33984 0.29102 -0.75000 0.01172 -0.61133 0.07422 -0.60352 0.01172 -0.73047 0.01172 -0.61133 0.29102 -0.75000 0.01172 -0.73047 0.29102 -0.75000 0.01172 -0.61133 -0.00195 -0.97070 0.01172 -0.74219 0.29102 -0.75000 -0.00195 -0.97070 0.29102 -0.75000 0.01172 -0.74219 0.43359 -0.98438 0.29102 -0.75000 -0.00195 -0.97070 0.43359 -0.98438 0.67188 -0.74219 0.29102 -0.75000 0.07422 -0.60352 0.01172 -0.23242 0.51953 -0.33984 0.07422 -0.60352 0.01172 -0.58984 0.01172 -0.23242 0.29102 -0.75000 0.43359 -0.98438 -0.00195 -0.97070 0.29102 -0.75000 0.67188 -0.74219 0.43359 -0.98438 0.51953 -0.33984 0.67188 -0.74219 0.29102 -0.75000 0.51953 -0.33984 0.72852 -0.03906 0.67188 -0.74219 0.01172 -0.23242 0.72852 -0.03906 0.51953 -0.33984 0.01172 -0.23242 0.01172 0.32812 0.72852 -0.03906 0.72852 -0.03906 0.01172 0.32812 0.01172 -0.23242 0.51953 -0.33984 0.72852 -0.03906 0.01172 -0.23242 0.51953 -0.33984 0.67188 -0.74219 0.72852 -0.03906 0.07422 -0.60352 0.01172 -0.23242 0.01172 -0.58984 0.07422 -0.60352 0.51953 -0.33984 0.01172 -0.23242 0.29102 -0.75000 0.51953 -0.33984 0.07422 -0.60352 0.29102 -0.75000 0.67188 -0.74219 0.51953 -0.33984 0.29102 -0.75000 0.07422 -0.60352 0.01172 -0.61133</float_array>
     <technique_common>
      <accessor count="78" offset="0" source="#realb56-lib-texcoords-array" stride="2">
       <param name="U" type="float"/>
       <param name="V" type="float"/>
      </accessor>
     </technique_common>
    </source>
    <vertices id="realb56-lib-vertices">
     <input semantic="POSITION" source="#realb56-lib-positions"/>
    </vertices>
    <polylist count="26" material="mat6.png">
     <input offset="0" semantic="VERTEX" source="#realb56-lib-vertices"/>
     <input offset="1" semantic="NORMAL" source="#realb56-lib-normals"/>
     <input offset="2" semantic="TEXCOORD" source="#realb56-lib-texcoords"/>
     <vcount>3 3 3 3 3 3 3 3 3 3 3 3 3 3 3 3 3 3 3 3 3 3 3 3 3 3</vcount>
     <p>0 2 2 1 1 1 2 0 0 1 5 5 3 4 4 2 3 3 4 8 8 0 7 7 5 6 6 0 11 11 2 10 10 5 9 9 5 14 14 2 13 13 6 12 12 2 17 17 7 16 16 6 15 15 5 20 20 8 19 19 9 18 18 8 23 23 7 22 22 9 21 21 9 26 26 7 25 25 10 24 24 7 29 29 11 28 28 10 27 27 4 32 32 12 31 31 0 30 30 12 35 35 1 34 34 0 33 33 9 38 38 13 37 37 5 36 36 13 41 41 14 40 40 5 39 39 5 44 44 14 43 43 4 42 42 14 47 47 15 46 46 4 45 45 4 50 50 15 49 49 12 48 48 15 53 53 16 52 52 12 51 51 12 56 56 16 55 55 17 54 54 12 59 59 17 58 58 18 57 57 17 62 62 11 61 61 18 60 60 1 65 65 12 64 64 3 63 63 12 68 68 18 67 67 3 66 66 3 71 71 18 70 70 7 69 69 18 74 74 11 73 73 7 72 72 2 77 77 3 76 76 7 75 75</p>
    </polylist>
   </mesh>
  </geometry>
  <geometry id="realb56_1-lib" name="realb56_1">
   <mesh>
    <source id="realb56_1-lib-positions" name="position">
     <float_array id="realb56_1-lib-positions-array" count="72">0.84082 6.39660 2.98668 1.52637 6.43599 2.64887 1.37842 6.93556 3.55731 1.54932 5.32865 2.16048 0.67090 5.48354 2.60293 2.17532 6.53703 3.44880 1.06982 6.39789 4.28554 1.07959 5.07048 4.68923 2.50905 4.35480 4.43432 2.80782 5.11179 3.31119 2.43915 4.65464 2.12125 3.08557 3.69369 3.21705 -1.52637 6.43599 2.64887 -0.84082 6.39660 2.98668 -1.37842 6.93556 3.55731 -1.54932 5.32865 2.16048 -1.06982 6.39789 4.28554 -2.17532 6.53703 3.44880 -1.07959 5.07048 4.68923 -2.50905 4.35480 4.43432 -2.80782 5.11179 3.31119 -3.08557 3.69369 3.21705 -2.43915 4.65464 2.12125 -0.67090 5.48354 2.60293</float_array>
     <technique_common>
      <accessor count="24" source="#realb56_1-lib-positions-array" stride="3">
       <param name="X" type="float"/>
       <param name="Y" type="float"/>
       <param name="Z" type="float"/>
      </accessor>
     </technique_common>
    </source>
    <source id="realb56_1-lib-normals" name="normal">
     <float_array id="realb56_1-lib-normals-array" count="252">-0.49425 0.65965 -0.56620 -0.16444 0.65506 -0.73747 0.09981 0.87864 -0.46693 -0.49425 0.65965 -0.56620 0.03047 0.41385 -0.90984 -0.16444 0.65506 -0.73747 -0.34895 0.41756 -0.83897 0.03047 0.41385 -0.90984 -0.49425 0.65965 -0.56620 0.54646 0.43905 0.71317 0.53376 0.36021 0.76509 0.40947 0.64240 0.64781 0.54646 0.43905 0.71317 0.43281 0.37140 0.82142 0.53376 0.36021 0.76509 0.73148 0.32534 0.59925 0.43281 0.37140 0.82142 0.54646 0.43905 0.71317 0.72390 0.43115 -0.53858 0.93564 0.35246 -0.01846 0.59070 0.58722 -0.55339 0.72390 0.43115 -0.53858 0.76218 0.39272 -0.51465 0.93564 0.35246 -0.01846 0.03047 0.41385 -0.90984 0.76218 0.39272 -0.51465 -0.16444 0.65506 -0.73747 0.93564 0.35246 -0.01846 0.73148 0.32534 0.59925 0.54646 0.43905 0.71317 0.93564 0.35246 -0.01846 0.98143 0.19143 0.01199 0.73148 0.32534 0.59925 0.16444 0.65506 -0.73747 0.49425 0.65965 -0.56620 -0.09981 0.87864 -0.46693 0.16444 0.65506 -0.73747 -0.03047 0.41385 -0.90984 0.49425 0.65965 -0.56620 -0.53376 0.36021 0.76509 -0.54646 0.43905 0.71317 -0.40947 0.64240 0.64781 -0.53376 0.36021 0.76509 -0.43281 0.37140 0.82142 -0.54646 0.43905 0.71317 -0.73148 0.32534 0.59925 -0.54646 0.43905 0.71317 -0.43281 0.37140 0.82142 -0.73148 0.32534 0.59925 -0.93854 0.34188 0.04746 -0.54646 0.43905 0.71317 -0.98143 0.19143 0.01199 -0.93854 0.34188 0.04746 -0.73148 0.32534 0.59925 -0.69838 0.36913 -0.61320 -0.72390 0.43115 -0.53858 -0.59070 0.58722 -0.55339 -0.93854 0.34188 0.04746 -0.76218 0.39272 -0.51465 -0.72390 0.43115 -0.53858 -0.98143 0.19143 0.01199 -0.76218 0.39272 -0.51465 -0.93854 0.34188 0.04746 0.98143 0.19143 0.01199 0.93564 0.35246 -0.01846 0.76218 0.39272 -0.51465 -0.16444 0.65506 -0.73747 0.59070 0.58722 -0.55339 0.09981 0.87864 -0.46693 -0.49425 0.65965 -0.56620 -0.76932 0.62443 0.13502 -0.76932 0.62443 0.13502 -0.03047 0.41385 -0.90984 0.34895 0.41756 -0.83897 0.49425 0.65965 -0.56620 -0.59070 0.58722 -0.55339 0.16444 0.65506 -0.73747 -0.09981 0.87864 -0.46693 0.76932 0.62443 0.13502 0.49425 0.65965 -0.56620 0.76932 0.62443 0.13502 -0.03047 0.41385 -0.90984 0.16444 0.65506 -0.73747 -0.76218 0.39272 -0.51465</float_array>
     <technique_common>
      <accessor count="84" source="#realb56_1-lib-normals-array" stride="3">
       <param name="X" type="float"/>
       <param name="Y" type="float"/>
       <param name="Z" type="float"/>
      </accessor>
     </technique_common>
    </source>
    <source id="realb56_1-lib-texcoords">
     <float_array id="realb56_1-lib-texcoords-array" count="168">0.22266 -0.18945 0.26562 -0.19727 0.25977 -0.16211 0.22266 -0.18945 0.26758 -0.23633 0.26562 -0.19727 0.21289 -0.22266 0.26758 -0.23633 0.22266 -0.18945 0.72656 -0.06445 0.33203 0.00781 0.62305 -0.00586 0.72656 -0.06445 0.04688 -0.18750 0.33203 0.00781 0.23828 -0.69727 0.04688 -0.18750 0.72656 -0.06445 0.96875 0.02344 0.68359 -0.62500 0.72656 -0.06445 0.96875 0.02344 0.99023 -0.75195 0.68359 -0.62500 0.99219 -0.31445 0.99023 -0.75195 0.96875 0.02344 0.68359 -0.62500 0.23828 -0.69727 0.72656 -0.06445 0.68359 -0.62500 0.65625 -0.95703 0.23828 -0.69727 0.26562 -0.19531 0.22266 -0.18945 0.25586 -0.16016 0.26562 -0.19531 0.26953 -0.23438 0.22266 -0.18945 0.33203 0.00781 0.72656 -0.06445 0.62305 -0.00586 0.33203 0.00781 0.04688 -0.18750 0.72656 -0.06445 0.23828 -0.69727 0.72656 -0.06445 0.04688 -0.18750 0.23828 -0.69727 0.68359 -0.62500 0.72656 -0.06445 0.65625 -0.95703 0.68359 -0.62500 0.23828 -0.69727 0.68359 -0.62500 0.96875 0.02344 0.72656 -0.06445 0.68359 -0.62500 0.99023 -0.75195 0.96875 0.02344 0.65625 -0.95703 0.99023 -0.75195 0.68359 -0.62500 0.65625 -0.95703 0.68359 -0.62500 0.99023 -0.75195 0.33008 -0.01953 0.26562 -0.09375 0.23828 -0.04492 0.15234 -0.04492 0.14062 -0.01758 0.06641 -0.17578 0.26953 -0.23438 0.21094 -0.22070 0.22266 -0.18945 0.26562 -0.09375 0.33008 -0.01953 0.23828 -0.04492 0.14062 -0.01758 0.15234 -0.04492 0.06641 -0.17578 0.99219 -0.31445 0.96875 0.02344 0.99023 -0.75195</float_array>
     <technique_common>
      <accessor count="84" offset="0" source="#realb56_1-lib-texcoords-array" stride="2">
       <param name="U" type="float"/>
       <param name="V" type="float"/>
      </accessor>
     </technique_common>
    </source>
    <vertices id="realb56_1-lib-vertices">
     <input semantic="POSITION" source="#realb56_1-lib-positions"/>
    </vertices>
    <polylist count="28" material="mat7.png">
     <input offset="0" semantic="VERTEX" source="#realb56_1-lib-vertices"/>
     <input offset="1" semantic="NORMAL" source="#realb56_1-lib-normals"/>
     <input offset="2" semantic="TEXCOORD" source="#realb56_1-lib-texcoords"/>
     <vcount>3 3 3 3 3 3 3 3 3 3 3 3 3 3 3 3 3 3 3 3 3 3 3 3 3 3 3 3</vcount>
     <p>2 2 2 1 1 1 0 0 0 1 5 5 3 4 4 0 3 3 0 8 8 3 7 7 4 6 6 2 11 11 6 10 10 5 9 9 6 14 14 7 13 13 5 12 12 5 17 17 7 16 16 8 15 15 5 20 20 9 19 19 1 18 18 9 23 23 10 22 22 1 21 21 1 26 26 10 25 25 3 24 24 5 29 29 8 28 28 9 27 27 8 32 32 11 31 31 9 30 30 14 35 35 13 34 34 12 33 33 13 38 38 15 37 37 12 36 36 14 41 41 17 40 40 16 39 39 17 44 44 18 43 43 16 42 42 18 47 47 17 46 46 19 45 45 17 50 50 20 49 49 19 48 48 19 53 53 20 52 52 21 51 51 17 56 56 12 55 55 20 54 54 12 59 59 22 58 58 20 57 57 20 62 62 22 61 61 21 60 60 10 65 65 9 64 64 11 63 63 2 68 68 5 67 67 1 66 66 6 71 71 2 70 70 0 69 69 13 74 74 23 73 73 15 72 72 14 77 77 12 76 76 17 75 75 16 80 80 13 79 79 14 78 78 22 83 83 12 82 82 15 81 81</p>
    </polylist>
   </mesh>
  </geometry>
  <geometry id="realb56_2-lib" name="realb56_2">
   <mesh>
    <source id="realb56_2-lib-positions" name="position">
     <float_array id="realb56_2-lib-positions-array" count="96">1.82548 2.25160 2.65572 1.32336 1.27254 3.32716 1.93731 1.18523 2.96882 1.24875 2.28576 3.20191 1.61758 2.44551 3.96597 1.71148 1.36413 4.15281 2.22654 2.74068 3.84568 2.52846 1.27737 3.55887 2.51865 2.48421 3.29374 2.24536 2.53395 2.74179 2.43693 2.67337 2.94724 2.43120 2.78471 3.55322 2.37654 3.09359 3.64627 2.47501 3.33843 3.41988 2.39585 3.02027 2.81347 2.47725 3.21171 3.01505 -1.32336 1.27254 3.32716 -1.82548 2.25160 2.65572 -1.93731 1.18523 2.96882 -1.24875 2.28576 3.20191 -1.61758 2.44551 3.96597 -1.71148 1.36413 4.15281 -2.22654 2.74068 3.84568 -2.52846 1.27737 3.55887 -2.37654 3.09359 3.64627 -2.43120 2.78471 3.55322 -2.47501 3.33843 3.41988 -2.43693 2.67337 2.94724 -2.39585 3.02027 2.81347 -2.47725 3.21171 3.01505 -2.24536 2.53395 2.74179 -2.51865 2.48421 3.29374</float_array>
     <technique_common>
      <accessor count="32" source="#realb56_2-lib-positions-array" stride="3">
       <param name="X" type="float"/>
       <param name="Y" type="float"/>
       <param name="Z" type="float"/>
      </accessor>
     </technique_common>
    </source>
    <source id="realb56_2-lib-normals" name="normal">
     <float_array id="realb56_2-lib-normals-array" count="288">-0.08326 -0.24890 -0.96494 -0.58415 -0.23352 -0.77733 -0.37627 -0.29713 -0.87757 -0.08326 -0.24890 -0.96494 -0.68529 -0.13884 -0.71492 -0.58415 -0.23352 -0.77733 -0.90196 -0.00888 0.43172 -0.90256 -0.00806 0.43049 -0.89949 -0.01225 0.43677 -0.90196 -0.00888 0.43172 -0.90477 -0.00499 0.42587 -0.90256 -0.00806 0.43049 0.70442 0.01735 0.70957 0.47474 0.01869 0.87993 0.10681 0.17828 0.97817 0.70442 0.01735 0.70957 0.68791 -0.00032 0.72579 0.47474 0.01869 0.87993 0.99848 -0.02578 0.04878 0.68791 -0.00032 0.72579 0.70442 0.01735 0.70957 0.72781 -0.23102 -0.64570 0.78516 -0.44663 -0.42901 0.81529 -0.28315 -0.50509 0.72781 -0.23102 -0.64570 0.75795 -0.22691 -0.61158 0.99848 -0.02578 0.04878 0.70082 -0.27114 -0.65980 0.75795 -0.22691 -0.61158 0.72781 -0.23102 -0.64570 0.83521 -0.12403 0.53576 0.88016 0.01283 0.47450 0.90372 0.03132 0.42697 0.83521 -0.12403 0.53576 0.70442 0.01735 0.70957 0.88016 0.01283 0.47450 0.99848 -0.02578 0.04878 0.70442 0.01735 0.70957 0.83521 -0.12403 0.53576 0.90315 -0.05712 -0.42550 0.81529 -0.28315 -0.50509 0.93513 -0.02552 -0.35337 0.90315 -0.05712 -0.42550 0.72781 -0.23102 -0.64570 0.81529 -0.28315 -0.50509 0.58415 -0.23352 -0.77733 0.08326 -0.24890 -0.96494 0.37627 -0.29713 -0.87757 0.58415 -0.23352 -0.77733 0.68529 -0.13884 -0.71492 0.08326 -0.24890 -0.96494 0.90256 -0.00806 0.43049 0.90196 -0.00888 0.43172 0.89949 -0.01225 0.43677 0.90256 -0.00806 0.43049 0.90477 -0.00499 0.42587 0.90196 -0.00888 0.43172 -0.47474 0.01869 0.87993 -0.70442 0.01735 0.70957 -0.10681 0.17828 0.97817 -0.47474 0.01869 0.87993 -0.68791 -0.00032 0.72579 -0.70442 0.01735 0.70957 -0.88016 0.01283 0.47450 -0.83521 -0.12403 0.53576 -0.90372 0.03132 0.42697 -0.88016 0.01283 0.47450 -0.70442 0.01735 0.70957 -0.83521 -0.12403 0.53576 -0.81529 -0.28315 -0.50509 -0.90315 -0.05712 -0.42550 -0.93513 -0.02552 -0.35337 -0.81529 -0.28315 -0.50509 -0.72781 -0.23102 -0.64570 -0.90315 -0.05712 -0.42550 -0.99715 -0.07520 -0.00550 -0.72781 -0.23102 -0.64570 -0.81529 -0.28315 -0.50509 -0.99715 -0.07520 -0.00550 -0.75795 -0.22691 -0.61158 -0.72781 -0.23102 -0.64570 -0.99715 -0.07520 -0.00550 -0.70442 0.01735 0.70957 -0.68791 -0.00032 0.72579 -0.99715 -0.07520 -0.00550 -0.83521 -0.12403 0.53576 -0.70442 0.01735 0.70957 -0.70082 -0.27114 -0.65980 -0.72781 -0.23102 -0.64570 -0.75795 -0.22691 -0.61158 0.37627 -0.29713 -0.87757 0.08326 -0.24890 -0.96494 -0.72781 -0.23102 -0.64570 0.72781 -0.23102 -0.64570 -0.08326 -0.24890 -0.96494 -0.37627 -0.29713 -0.87757</float_array>
     <technique_common>
      <accessor count="96" source="#realb56_2-lib-normals-array" stride="3">
       <param name="X" type="float"/>
       <param name="Y" type="float"/>
       <param name="Z" type="float"/>
      </accessor>
     </technique_common>
    </source>
    <source id="realb56_2-lib-texcoords">
     <float_array id="realb56_2-lib-texcoords-array" count="192">0.69141 -0.69336 0.90234 -0.98828 0.68750 -0.95117 0.69141 -0.69336 0.92188 -0.81836 0.90234 -0.98828 0.67773 -0.69531 0.89844 -0.98438 0.90820 -0.82422 0.67773 -0.69531 0.68164 -0.94141 0.89844 -0.98438 0.48047 -0.56641 0.68164 -0.94141 0.67773 -0.69531 0.48047 -0.56641 0.20312 -0.95508 0.68164 -0.94141 0.19922 -0.56445 0.20312 -0.95508 0.48047 -0.56641 0.47656 -0.56445 0.19531 -0.56250 0.33789 -0.46094 0.47656 -0.56445 0.16992 -0.93555 0.19531 -0.56250 0.68750 -0.95117 0.16992 -0.93555 0.47656 -0.56445 0.33594 -0.45898 0.46680 -0.33984 0.41211 -0.28125 0.33594 -0.45898 0.48047 -0.56641 0.46680 -0.33984 0.19922 -0.56445 0.48047 -0.56641 0.33594 -0.45898 0.49414 -0.38281 0.33789 -0.46094 0.40625 -0.28125 0.49414 -0.38281 0.47656 -0.56445 0.33789 -0.46094 0.90234 -0.98828 0.69141 -0.69336 0.68750 -0.95117 0.90234 -0.98828 0.92188 -0.81836 0.69141 -0.69336 0.89844 -0.98438 0.67773 -0.69531 0.90820 -0.82422 0.89844 -0.98438 0.68164 -0.94141 0.67773 -0.69531 0.68164 -0.94141 0.48047 -0.56641 0.67773 -0.69531 0.68164 -0.94141 0.20312 -0.95508 0.48047 -0.56641 0.46680 -0.33984 0.33594 -0.45898 0.41211 -0.28125 0.46680 -0.33984 0.48047 -0.56641 0.33594 -0.45898 0.33789 -0.46094 0.49414 -0.38281 0.40625 -0.28125 0.33789 -0.46094 0.47656 -0.56445 0.49414 -0.38281 0.19531 -0.56250 0.47656 -0.56445 0.33789 -0.46094 0.19531 -0.56250 0.16992 -0.93555 0.47656 -0.56445 0.19922 -0.56445 0.48047 -0.56641 0.20312 -0.95508 0.19922 -0.56445 0.33594 -0.45898 0.48047 -0.56641 0.68750 -0.95117 0.47656 -0.56445 0.16992 -0.93555 0.68750 -0.95117 0.69141 -0.69336 0.47656 -0.56445 0.47656 -0.56445 0.69141 -0.69336 0.68750 -0.95117</float_array>
     <technique_common>
      <accessor count="96" offset="0" source="#realb56_2-lib-texcoords-array" stride="2">
       <param name="U" type="float"/>
       <param name="V" type="float"/>
      </accessor>
     </technique_common>
    </source>
    <vertices id="realb56_2-lib-vertices">
     <input semantic="POSITION" source="#realb56_2-lib-positions"/>
    </vertices>
    <polylist count="32" material="mat5.png">
     <input offset="0" semantic="VERTEX" source="#realb56_2-lib-vertices"/>
     <input offset="1" semantic="NORMAL" source="#realb56_2-lib-normals"/>
     <input offset="2" semantic="TEXCOORD" source="#realb56_2-lib-texcoords"/>
     <vcount>3 3 3 3 3 3 3 3 3 3 3 3 3 3 3 3 3 3 3 3 3 3 3 3 3 3 3 3 3 3 3 3</vcount>
     <p>2 2 2 1 1 1 0 0 0 1 5 5 3 4 4 0 3 3 3 8 8 1 7 7 4 6 6 1 11 11 5 10 10 4 9 9 4 14 14 5 13 13 6 12 12 5 17 17 7 16 16 6 15 15 6 20 20 7 19 19 8 18 18 10 23 23 8 22 22 9 21 21 8 26 26 7 25 25 9 24 24 9 29 29 7 28 28 2 27 27 13 32 32 12 31 31 11 30 30 12 35 35 6 34 34 11 33 33 11 38 38 6 37 37 8 36 36 15 41 41 10 40 40 14 39 39 10 44 44 9 43 43 14 42 42 18 47 47 17 46 46 16 45 45 17 50 50 19 49 49 16 48 48 19 53 53 20 52 52 16 51 51 20 56 56 21 55 55 16 54 54 20 59 59 22 58 58 21 57 57 22 62 62 23 61 61 21 60 60 26 65 65 25 64 64 24 63 63 25 68 68 22 67 67 24 66 66 29 71 71 28 70 70 27 69 69 28 74 74 30 73 73 27 72 72 27 77 77 30 76 76 31 75 75 30 80 80 23 79 79 31 78 78 23 83 83 22 82 82 31 81 81 22 86 86 25 85 85 31 84 84 23 89 89 30 88 88 18 87 87 30 92 92 17 91 91 18 90 90 2 95 95 0 94 94 9 93 93</p>
    </polylist>
   </mesh>
  </geometry>
  <geometry id="realb56_3-lib" name="realb56_3">
   <mesh>
    <source id="realb56_3-lib-positions" name="position">
     <float_array id="realb56_3-lib-positions-array" count="459">2.01109 0.35212 5.14318 2.13435 0.10158 5.34698 2.04453 0.02996 5.74917 2.01086 0.42495 5.13612 1.90496 0.10126 5.35597 2.01004 0.35364 5.13805 1.32666 6.89320 4.36394 1.03076 7.25545 5.94927 1.12891 7.25395 4.35618 1.07178 6.89387 5.89420 1.67920 4.55171 1.88847 1.37305 6.11255 2.30031 1.35107 5.30389 0.75912 1.61963 5.51915 2.95075 1.36914 4.60931 2.93157 1.37842 6.04091 3.80335 0.75977 6.53474 4.55411 0.46875 6.97816 3.78525 0.66113 5.71118 4.75802 1.19190 5.87454 4.15667 1.01611 4.46301 3.95236 0.00000 4.11501 4.74744 0.00000 5.39388 4.98714 -0.66064 5.71118 4.75802 0.44385 6.07037 5.45805 0.00000 5.72191 5.51165 -0.44385 6.07037 5.45805 0.00000 7.94756 5.29235 0.00000 7.01750 4.40315 0.79492 7.00714 5.32878 -0.79492 7.00714 5.32878 0.00000 6.77791 3.80086 -0.46875 6.97816 3.78525 1.47607 5.97450 3.31616 0.00000 5.93411 6.78432 -0.00000 5.95900 6.18538 0.21924 5.93554 6.57256 -0.21924 5.93554 6.57256 0.00000 5.94768 6.80128 0.00000 6.70275 -1.02053 0.00000 7.02490 -2.40782 0.17529 6.79592 -2.51013 -0.17529 6.79592 -2.51013 0.69189 5.77516 -3.18681 0.00000 6.79592 -2.51013 0.86816 6.54158 -2.09846 0.62939 7.04566 3.14200 0.00000 6.36383 0.61152 -0.62939 7.04566 3.14200 1.20166 6.13058 -0.84475 0.36719 7.68634 6.81282 0.00000 7.61090 6.41211 0.37158 7.35169 6.53208 0.00000 7.78835 6.87216 0.00000 7.53869 7.37618 -0.36719 7.68634 6.81282 0.54883 6.89023 6.35129 0.00000 7.24550 6.67277 0.00000 6.88392 6.76477 -0.54883 6.89023 6.35129 -2.01109 0.35212 5.14318 -2.13435 0.10158 5.34698 -2.01086 0.42495 5.13612 -2.04453 0.02996 5.74917 -1.90496 0.10126 5.35597 -2.01004 0.35364 5.13805 -1.03076 7.25545 5.94927 -1.32666 6.89320 4.36394 -1.12891 7.25395 4.35618 -1.07178 6.89387 5.89420 -1.37305 6.11255 2.30031 -1.67920 4.55171 1.88847 -1.35107 5.30389 0.75912 -1.61963 5.51915 2.95075 -1.47607 5.97450 3.31616 -0.75977 6.53474 4.55411 -1.37842 6.04091 3.80335 -1.01611 4.46301 3.95236 -1.19190 5.87406 4.15673 -0.37158 7.35169 6.53208 -1.20166 6.13058 -0.84475 -0.86816 6.54158 -2.09846 -0.69189 5.77516 -3.18681 0.00000 5.66240 -3.46108 1.63583 0.11056 -3.34857 1.35602 0.03965 -2.88920 1.49712 0.40809 -3.62766 1.23392 0.10971 -3.40813 2.30485 0.11010 -3.35496 2.15446 0.04991 -2.88239 2.08312 0.40170 -3.60231 1.91808 0.11061 -3.36666 2.84983 0.11609 -3.40235 2.77318 0.05345 -2.92930 2.57927 0.39738 -3.62970 2.45623 0.11702 -3.38914 3.36649 0.11526 -3.46049 3.37774 0.05312 -2.98842 3.07884 0.39455 -3.66685 1.07311 0.06775 4.83608 0.73936 0.01126 5.16245 1.04569 0.34301 4.63148 0.83899 0.06739 4.70874 1.73684 0.01813 5.72390 1.71107 0.43317 5.08049 1.83869 0.09660 5.33779 1.59178 0.09649 5.35016 2.44864 0.08398 5.28003 2.40902 0.01398 5.64733 2.29926 0.39994 5.10046 2.22981 0.08427 5.30736 2.76094 0.04982 5.12935 2.69335 0.00203 5.53974 2.56019 0.36532 4.97383 2.48804 0.06722 5.21801 0.98584 4.46468 -0.86319 1.28369 5.59696 -0.67609 2.99682 0.11270 -3.41506 -1.35592 0.03965 -2.88920 -1.63583 0.11056 -3.34857 -1.49721 0.40809 -3.62766 -1.23395 0.10971 -3.40813 -2.15434 0.04991 -2.88239 -2.30485 0.11010 -3.35496 -2.08320 0.40170 -3.60231 -1.91809 0.11061 -3.36666 -2.77307 0.05345 -2.92930 -2.84984 0.11609 -3.40235 -2.57935 0.39738 -3.62970 -2.45673 0.11702 -3.38914 -3.37764 0.05312 -2.98842 -3.36651 0.11526 -3.46049 -3.07892 0.39504 -3.66685 -0.73936 0.01126 5.16245 -1.07311 0.06775 4.83608 -1.04569 0.34301 4.63148 -0.83899 0.06739 4.70874 -1.71107 0.43317 5.08049 -1.73684 0.01813 5.72390 -1.83869 0.09660 5.33779 -1.59178 0.09649 5.35016 -2.40902 0.01398 5.64733 -2.44864 0.08398 5.28003 -2.29926 0.39994 5.10046 -2.22981 0.08427 5.30736 -2.69335 0.00203 5.53974 -2.76094 0.04982 5.12935 -2.56019 0.36532 4.97383 -2.48804 0.06722 5.21801 -1.36914 4.60931 2.93157 -0.98584 4.46468 -0.86319 -1.28369 5.59696 -0.67609 -2.99683 0.11270 -3.41506</float_array>
     <technique_common>
      <accessor count="153" source="#realb56_3-lib-positions-array" stride="3">
       <param name="X" type="float"/>
       <param name="Y" type="float"/>
       <param name="Z" type="float"/>
      </accessor>
     </technique_common>
    </source>
    <source id="realb56_3-lib-normals" name="normal">
     <float_array id="realb56_3-lib-normals-array" count="1293">0.75534 0.59500 0.27465 0.75534 0.59500 0.27465 0.75534 0.59500 0.27465 -0.85733 0.30024 0.41814 -0.84859 0.04840 0.52683 -0.82495 0.05197 0.56281 -0.70856 0.60619 0.36123 -0.85733 0.30024 0.41814 -0.70840 0.60627 0.36139 -0.70856 0.60619 0.36123 -0.94941 0.18871 0.25104 -0.85733 0.30024 0.41814 0.90078 0.42857 0.07020 0.84479 0.08477 0.52834 0.87516 0.48088 0.05346 0.90078 0.42857 0.07020 0.89123 0.03218 0.45242 0.84479 0.08477 0.52834 0.99564 0.09152 -0.01817 0.81214 0.54802 -0.20025 0.86656 0.49135 -0.08748 0.99564 0.09152 -0.01817 0.98593 0.16645 -0.01523 0.81214 0.54802 -0.20025 0.92162 -0.25981 0.28829 0.98593 0.16645 -0.01523 0.99564 0.09152 -0.01817 0.77967 0.57462 0.24885 0.88694 0.44788 0.11292 0.63425 0.73692 0.23383 0.77967 0.57462 0.24885 0.74979 -0.26224 0.60749 0.88694 0.44788 0.11292 0.58986 0.47835 0.65057 0.74979 -0.26224 0.60749 0.77967 0.57462 0.24885 0.58986 0.47835 0.65057 0.68492 -0.24754 0.68528 0.74979 -0.26224 0.60749 0.39010 -0.25052 0.88604 0.74979 -0.26224 0.60749 0.68492 -0.24754 0.68528 0.39010 -0.25052 0.88604 -0.00014 -0.49546 0.86863 0.74979 -0.26224 0.60749 -0.74850 -0.27668 0.60266 -0.00014 -0.49546 0.86863 0.39010 -0.25052 0.88604 -0.00014 -0.49546 0.86863 0.74460 -0.48587 0.45771 0.74979 -0.26224 0.60749 -0.00014 -0.49546 0.86863 0.58944 -0.68490 0.42834 0.74460 -0.48587 0.45771 -0.74481 -0.48589 0.45735 -0.58944 -0.68490 0.42834 -0.00014 -0.49546 0.86863 0.64794 0.52637 -0.55055 0.56264 0.78977 -0.24434 0.76890 0.47939 -0.42305 -0.64794 0.52637 -0.55055 -0.76898 0.47931 -0.42301 -0.56264 0.78977 -0.24434 -0.56264 0.78977 -0.24434 0.00000 0.97608 -0.21741 -0.39339 0.91147 -0.12029 0.56264 0.78977 -0.24434 0.39339 0.91147 -0.12029 0.00000 0.97608 -0.21741 0.87155 -0.27017 0.40915 0.74979 -0.26224 0.60749 0.74460 -0.48587 0.45771 0.76890 0.47939 -0.42305 0.88694 0.44788 0.11292 0.74979 -0.26224 0.60749 0.56264 0.78977 -0.24434 0.88694 0.44788 0.11292 0.76890 0.47939 -0.42305 0.81214 0.54802 -0.20025 0.76502 0.64393 0.00992 0.77967 0.57462 0.24885 0.81214 0.54802 -0.20025 0.98593 0.16645 -0.01523 0.76502 0.64393 0.00992 0.00000 0.99914 0.04151 -0.00000 0.99914 0.04151 0.03357 0.99857 0.04149 0.00000 0.99914 0.04151 -0.03357 0.99857 0.04149 -0.00000 0.99914 0.04151 0.00000 -0.99983 -0.01838 0.00000 -0.99983 -0.01838 -0.07431 -0.99707 -0.01833 0.00000 -0.99983 -0.01838 0.07431 -0.99707 -0.01833 0.00000 -0.99983 -0.01838 0.02931 0.98259 0.18348 0.81460 0.56499 0.13120 0.61161 0.78128 -0.12464 -0.81460 0.56499 0.13120 -0.43334 0.78660 -0.43985 -0.81460 0.56499 0.13120 0.29763 0.64153 -0.70701 0.00000 0.55253 -0.83349 -0.00000 0.58291 -0.81253 0.29763 0.64153 -0.70701 0.44133 0.89174 -0.10016 0.61161 0.78128 -0.12464 0.00000 0.97608 -0.21741 -0.46752 0.87947 -0.08921 -0.39339 0.91147 -0.12029 0.00000 0.97608 -0.21741 0.36227 0.93202 0.01031 -0.46752 0.87947 -0.08921 0.46752 0.87947 -0.08921 0.36227 0.93202 0.01031 0.00000 0.97608 -0.21741 0.71294 0.70121 -0.00357 0.77967 0.57462 0.24885 0.63425 0.73692 0.23383 0.71294 0.70121 -0.00357 0.81214 0.54802 -0.20025 0.77967 0.57462 0.24885 0.36227 0.93202 0.01031 0.81214 0.54802 -0.20025 0.71294 0.70121 -0.00357 0.36227 0.93202 0.01031 0.86656 0.49135 -0.08748 0.81214 0.54802 -0.20025 0.60652 0.76974 0.19906 0.86656 0.49135 -0.08748 0.36227 0.93202 0.01031 0.02931 0.98259 0.18348 0.60652 0.76974 0.19906 0.36227 0.93202 0.01031 0.02931 0.98259 0.18348 0.44133 0.89174 -0.10016 0.60652 0.76974 0.19906 0.61161 0.78128 -0.12464 0.44133 0.89174 -0.10016 0.02931 0.98259 0.18348 0.40643 0.88648 -0.22127 0.22864 0.84022 -0.49168 0.57234 0.53143 -0.62451 0.40643 0.88648 -0.22127 0.00000 0.99689 0.07878 0.22864 0.84022 -0.49168 0.00000 0.89609 0.44387 0.00000 0.99689 0.07878 0.40643 0.88648 -0.22127 0.00000 0.89609 0.44387 -0.27005 0.96271 0.01607 0.00000 0.99689 0.07878 0.58820 0.12279 0.79934 0.84479 0.08477 0.52834 0.89123 0.03218 0.45242 0.58820 0.12279 0.79934 0.58221 0.18245 0.79231 0.84479 0.08477 0.52834 0.58818 0.19941 0.78376 0.58221 0.18245 0.79231 0.58820 0.12279 0.79934 -0.58818 0.19941 0.78376 -0.58820 0.12279 0.79934 -0.58221 0.18245 0.79231 0.85733 0.30024 0.41814 0.82495 0.05197 0.56281 0.84859 0.04840 0.52683 -0.75534 0.59500 0.27465 -0.75534 0.59500 0.27465 0.85733 0.30024 0.41814 0.70856 0.60619 0.36123 0.70840 0.60627 0.36139 0.85733 0.30024 0.41814 0.94941 0.18871 0.25104 0.70856 0.60619 0.36123 0.84859 0.04840 0.52683 0.94941 0.18871 0.25104 0.85733 0.30024 0.41814 -0.84479 0.08477 0.52834 -0.90078 0.42857 0.07020 -0.87516 0.48088 0.05346 -0.84479 0.08477 0.52834 -0.89123 0.03218 0.45242 -0.90078 0.42857 0.07020 -0.58820 0.12279 0.79934 -0.89123 0.03218 0.45242 -0.84479 0.08477 0.52834 -0.81214 0.54802 -0.20025 -0.99564 0.09152 -0.01817 -0.86656 0.49135 -0.08748 -0.81214 0.54802 -0.20025 -0.98593 0.16645 -0.01523 -0.99564 0.09152 -0.01817 -0.76502 0.64393 0.00992 -0.98593 0.16645 -0.01523 -0.81214 0.54802 -0.20025 -0.88702 0.44766 0.11311 -0.77970 0.57450 0.24904 -0.63425 0.73692 0.23383 -0.88702 0.44766 0.11311 -0.74850 -0.27668 0.60266 -0.77970 0.57450 0.24904 -0.68479 -0.24742 0.68545 -0.74850 -0.27668 0.60266 -0.64909 -0.27336 0.70990 -0.68479 -0.24742 0.68545 -0.59091 0.47633 0.65111 -0.74850 -0.27668 0.60266 -0.74850 -0.27668 0.60266 -0.74481 -0.48589 0.45735 -0.00014 -0.49546 0.86863 -0.74850 -0.27668 0.60266 -0.87173 -0.27031 0.40867 -0.74481 -0.48589 0.45735 -0.88702 0.44766 0.11311 -0.76898 0.47931 -0.42301 -0.74850 -0.27668 0.60266 -0.88702 0.44766 0.11311 -0.56264 0.78977 -0.24434 -0.76898 0.47931 -0.42301 -0.77970 0.57450 0.24904 -0.71294 0.70121 -0.00357 -0.63425 0.73692 0.23383 -0.77970 0.57450 0.24904 -0.81214 0.54802 -0.20025 -0.71294 0.70121 -0.00357 -0.81214 0.54802 -0.20025 -0.61003 0.78859 -0.07740 -0.71294 0.70121 -0.00357 -0.81214 0.54802 -0.20025 -0.86656 0.49135 -0.08748 -0.61003 0.78859 -0.07740 -0.57234 0.53143 -0.62451 -0.57234 0.53143 -0.62451 0.22864 0.84022 -0.49168 0.00000 0.99689 0.07878 -0.27005 0.96271 0.01607 -0.60652 0.76974 0.19906 -0.61003 0.78859 -0.07740 -0.86656 0.49135 -0.08748 -0.60652 0.76974 0.19906 0.02931 0.98259 0.18348 0.36227 0.93202 0.01031 -0.44133 0.89174 -0.10016 0.02931 0.98259 0.18348 -0.60652 0.76974 0.19906 -0.44133 0.89174 -0.10016 -0.43334 0.78660 -0.43985 0.02931 0.98259 0.18348 -0.29763 0.64153 -0.70701 -0.43334 0.78660 -0.43985 -0.44133 0.89174 -0.10016 -0.29763 0.64153 -0.70701 -0.00000 0.58291 -0.81253 -0.43334 0.78660 -0.43985 -0.00000 0.64271 -0.76611 -0.00000 0.58291 -0.81253 -0.29763 0.64153 -0.70701 -0.00000 0.64271 -0.76611 0.29763 0.64153 -0.70701 -0.00000 0.58291 -0.81253 0.56741 0.68838 0.45186 0.56741 0.68838 0.45186 0.56741 0.68838 0.45186 0.02268 -0.99003 -0.13901 0.62610 0.72325 0.29138 0.00250 -0.99208 -0.12557 0.00250 -0.99208 -0.12557 0.00250 -0.99208 -0.12557 0.61985 0.75857 0.20088 0.61985 0.75857 0.20088 0.61985 0.75857 0.20088 -0.00680 -0.99118 -0.13234 -0.00680 -0.99118 -0.13234 -0.00680 -0.99118 -0.13234 0.66330 0.74383 0.08211 0.66330 0.74383 0.08211 0.66330 0.74383 0.08211 0.54250 0.53529 0.64743 0.54250 0.53529 0.64743 0.54250 0.53529 0.64743 -0.80955 0.57734 -0.10632 -0.80955 0.57734 -0.10632 0.06101 -0.99213 -0.10936 0.06101 -0.99213 -0.10936 0.06101 -0.99213 -0.10936 0.78188 0.53769 0.31553 0.78188 0.53769 0.31553 0.78188 0.53769 0.31553 -0.71647 0.57281 0.39819 -0.71647 0.57281 0.39819 -0.00965 -0.97942 -0.20159 -0.00965 -0.97942 -0.20159 -0.00557 -0.98428 -0.17651 -0.00557 -0.98428 -0.17651 -0.00557 -0.98428 -0.17651 0.84274 0.50476 0.18709 0.84274 0.50476 0.18709 -0.02500 -0.98151 -0.18976 -0.02500 -0.98151 -0.18976 0.78004 0.59371 0.19760 0.78004 0.59371 0.19760 0.78004 0.59371 0.19760 -0.62999 0.57765 0.51907 -0.62999 0.57765 0.51907 -0.62999 0.57765 0.51907 -0.10580 -0.98556 -0.13219 -0.10580 -0.98556 -0.13219 -0.10580 -0.98556 -0.13219 0.96652 -0.23870 -0.09412 0.86656 0.49135 -0.08748 0.99856 -0.01790 -0.05054 0.88694 0.44788 0.11292 0.56264 0.78977 -0.24434 0.63425 0.73692 0.23383 -0.62901 0.73694 0.24750 -0.62901 0.73694 0.24750 -0.62822 0.67268 0.39095 -0.62822 0.67268 0.39095 -0.62822 0.67268 0.39095 -0.56884 0.66495 0.48400 -0.56884 0.66495 0.48400 -0.56884 0.66495 0.48400 -0.52096 0.64798 0.55563 -0.52096 0.64798 0.55563 -0.52096 0.64798 0.55563 -0.73190 0.47881 0.48483 -0.73190 0.47881 0.48483 -0.73190 0.47881 0.48483 -0.00915 -0.99143 -0.13029 -0.00915 -0.99143 -0.13029 -0.94941 0.18871 0.25104 -0.84859 0.04840 0.52683 -0.85733 0.30024 0.41814 0.60652 0.76974 0.19906 0.99856 -0.01790 -0.05054 0.86656 0.49135 -0.08748 -0.56739 0.68832 0.45198 -0.56739 0.68832 0.45198 -0.56739 0.68832 0.45198 -0.02268 -0.99003 -0.13900 -0.02268 -0.99003 -0.13900 -0.62609 0.72320 0.29152 -0.00250 -0.99208 -0.12557 -0.00250 -0.99208 -0.12557 -0.00250 -0.99208 -0.12557 -0.61986 0.75853 0.20103 -0.61986 0.75853 0.20103 0.00681 -0.99118 -0.13235 0.00681 -0.99118 -0.13235 0.00681 -0.99118 -0.13235 -0.66404 0.74317 0.08217 -0.66404 0.74317 0.08217 -0.54250 0.53529 0.64743 -0.54250 0.53529 0.64743 0.80955 0.57734 -0.10632 0.80955 0.57734 -0.10632 0.80955 0.57734 -0.10632 -0.06101 -0.99213 -0.10936 -0.06101 -0.99213 -0.10936 -0.78188 0.53769 0.31553 -0.78188 0.53769 0.31553 0.71647 0.57281 0.39819 0.71647 0.57281 0.39819 0.71647 0.57281 0.39819 0.00965 -0.97942 -0.20159 0.00965 -0.97942 -0.20159 0.00965 -0.97942 -0.20159 0.00557 -0.98428 -0.17651 0.00557 -0.98428 -0.17651 0.00557 -0.98428 -0.17651 -0.84274 0.50476 0.18709 -0.84274 0.50476 0.18709 -0.84274 0.50476 0.18709 0.02500 -0.98151 -0.18976 0.02500 -0.98151 -0.18976 0.02500 -0.98151 -0.18976 -0.78004 0.59371 0.19760 0.62999 0.57765 0.51907 0.62999 0.57765 0.51907 0.62999 0.57765 0.51907 0.10580 -0.98556 -0.13219 0.10580 -0.98556 -0.13219 0.10580 -0.98556 -0.13219 -0.58820 0.12279 0.79934 -0.84479 0.08477 0.52834 -0.58221 0.18245 0.79231 -0.99564 0.09152 -0.01817 -0.98593 0.16645 -0.01523 -0.92162 -0.25981 0.28829 -0.86656 0.49135 -0.08748 -0.96652 -0.23870 -0.09412 -0.99856 -0.01790 -0.05054 -0.40898 0.72274 0.55712 -0.59091 0.47633 0.65111 -0.77970 0.57450 0.24904 -0.77970 0.57450 0.24904 -0.76502 0.64393 0.00992 -0.81214 0.54802 -0.20025 -0.56264 0.78977 -0.24434 -0.88702 0.44766 0.11311 -0.63425 0.73692 0.23383 0.39339 0.91147 -0.12029 0.46752 0.87947 -0.08921 0.00000 0.97608 -0.21741 0.62902 0.73699 0.24736 0.62902 0.73699 0.24736 0.62902 0.73699 0.24736 0.62824 0.67274 0.39081 0.62824 0.67274 0.39081 0.62824 0.67274 0.39081 0.56975 0.66433 0.48379 0.56975 0.66433 0.48379 0.56975 0.66433 0.48379 0.52147 0.64736 0.55587 0.73190 0.47881 0.48483 0.73190 0.47881 0.48483 0.00915 -0.99143 -0.13030 0.00915 -0.99143 -0.13030 -0.99856 -0.01790 -0.05054 -0.60652 0.76974 0.19906 -0.86656 0.49135 -0.08748</float_array>
     <technique_common>
      <accessor count="423" source="#realb56_3-lib-normals-array" stride="3">
       <param name="X" type="float"/>
       <param name="Y" type="float"/>
       <param name="Z" type="float"/>
      </accessor>
     </technique_common>
    </source>
    <source id="realb56_3-lib-texcoords">
     <float_array id="realb56_3-lib-texcoords-array" count="900">0.11426 -0.77344 0.14453 -0.77051 0.11914 -0.95898 0.11426 -0.77344 0.11328 -0.77148 0.14453 -0.77051 0.09277 -0.84961 0.11426 -0.77344 0.11914 -0.95898 0.09277 -0.84961 0.11328 -0.77148 0.11426 -0.77344 0.31250 -0.72266 0.26074 -0.65625 0.31250 -0.64941 0.31250 -0.72266 0.26855 -0.72266 0.26074 -0.65625 1.00098 -0.12695 0.73633 -0.17969 0.77539 -0.35254 1.00098 -0.12695 0.79883 -0.11621 0.73633 -0.17969 0.93945 -0.02832 0.79883 -0.11621 1.00098 -0.12695 0.29980 -0.41113 0.21484 -0.34863 0.28613 -0.29980 0.29980 -0.41113 0.17578 -0.45312 0.21484 -0.34863 0.27051 -0.46191 0.17578 -0.45312 0.29980 -0.41113 0.27051 -0.46191 0.21582 -0.61035 0.17578 -0.45312 0.19531 -0.61914 0.17578 -0.45312 0.21582 -0.61035 0.19531 -0.61914 0.14746 -0.48535 0.17578 -0.45312 0.17578 -0.45312 0.14746 -0.48535 0.19531 -0.61914 0.92285 -0.95020 0.80371 -0.88672 0.94336 -0.91602 0.92285 -0.95020 0.80664 -0.91113 0.80371 -0.88672 0.80371 -0.88672 0.80664 -0.91113 0.92285 -0.95020 0.75293 -0.60840 0.96094 -0.67969 0.79492 -0.73828 0.75293 -0.60840 0.79492 -0.73828 0.96094 -0.67969 0.23145 -0.26855 0.28809 -0.26855 0.29004 -0.30859 0.23145 -0.26855 0.29004 -0.30859 0.28809 -0.26855 0.79492 -0.73828 0.94336 -0.91602 0.80371 -0.88672 0.79492 -0.73828 0.96484 -0.77051 0.94336 -0.91602 0.96094 -0.67969 0.96484 -0.77051 0.79492 -0.73828 0.73633 -0.17969 0.77832 -0.07031 0.75000 -0.01367 0.73633 -0.17969 0.79883 -0.11621 0.77832 -0.07031 0.33203 -0.65527 0.39941 -0.57031 0.38184 -0.62305 0.33203 -0.65527 0.38184 -0.62305 0.39941 -0.57031 0.39941 -0.57031 0.33398 -0.49219 0.39453 -0.48438 0.39941 -0.57031 0.39453 -0.48438 0.33398 -0.49219 0.61719 -0.96973 0.74219 -0.92285 0.70410 -0.98047 0.61719 -0.96973 0.70410 -0.98047 0.74219 -0.92285 0.53027 -0.89062 0.47070 -0.67871 0.43262 -0.79883 0.53027 -0.89062 0.56152 -0.79492 0.47070 -0.67871 0.44336 -0.04980 0.50488 -0.12305 0.49707 -0.04785 0.44336 -0.04980 0.44434 -0.37500 0.50488 -0.12305 0.50488 -0.12305 0.44434 -0.37500 0.44336 -0.04980 0.50488 -0.12305 0.60938 -0.04980 0.49707 -0.04785 0.50488 -0.12305 0.59961 -0.22754 0.60938 -0.04980 0.44434 -0.37500 0.59961 -0.22754 0.50488 -0.12305 0.44434 -0.37500 0.57324 -0.36914 0.59961 -0.22754 0.61816 -0.56836 0.57324 -0.36914 0.44434 -0.37500 0.44824 -0.56836 0.61816 -0.56836 0.44434 -0.37500 0.44824 -0.56836 0.56152 -0.79492 0.61816 -0.56836 0.47070 -0.67871 0.56152 -0.79492 0.44824 -0.56836 0.22949 -0.19434 0.03320 -0.03516 0.22949 -0.07227 0.22949 -0.19434 0.03027 -0.21680 0.03320 -0.03516 0.03516 -0.39453 0.03027 -0.21680 0.22949 -0.19434 0.03516 -0.39453 0.22949 -0.19434 0.03027 -0.21680 0.14160 -0.72266 0.26074 -0.65625 0.26855 -0.72266 0.14160 -0.72266 0.02051 -0.64941 0.26074 -0.65625 0.02148 -0.72266 0.02051 -0.64941 0.14160 -0.72266 0.02148 -0.72266 0.14160 -0.72266 0.02051 -0.64941 0.11426 -0.77344 0.14453 -0.77051 0.11328 -0.77148 0.11426 -0.77344 0.11914 -0.95898 0.14453 -0.77051 0.11426 -0.77344 0.09277 -0.84961 0.11914 -0.95898 0.11426 -0.77344 0.11328 -0.77148 0.09277 -0.84961 0.11328 -0.77148 0.11328 -0.77148 0.11426 -0.77344 0.26074 -0.65625 0.31250 -0.72266 0.31250 -0.64941 0.26074 -0.65625 0.26855 -0.72266 0.31250 -0.72266 0.14160 -0.72266 0.26855 -0.72266 0.26074 -0.65625 0.73633 -0.17969 1.00098 -0.12695 0.77539 -0.35254 0.73633 -0.17969 0.79883 -0.11621 1.00098 -0.12695 0.77832 -0.07031 0.79883 -0.11621 0.73633 -0.17969 0.21484 -0.34863 0.29980 -0.41113 0.28613 -0.29980 0.21484 -0.34863 0.17578 -0.45312 0.29980 -0.41113 0.21582 -0.61035 0.17578 -0.45312 0.19531 -0.61914 0.21582 -0.61035 0.27051 -0.46191 0.17578 -0.45312 0.94336 -0.91602 0.80371 -0.88672 0.92285 -0.95020 0.94336 -0.91602 0.79492 -0.73828 0.80371 -0.88672 0.96484 -0.77051 0.79492 -0.73828 0.94336 -0.91602 0.96484 -0.77051 0.96094 -0.67969 0.79492 -0.73828 0.60938 -0.04980 0.50488 -0.12305 0.49707 -0.04785 0.60938 -0.04980 0.59961 -0.22754 0.50488 -0.12305 0.59961 -0.22754 0.44434 -0.37500 0.50488 -0.12305 0.59961 -0.22754 0.57324 -0.36914 0.44434 -0.37500 0.03320 -0.03516 0.22949 -0.19434 0.22949 -0.07227 0.03320 -0.03516 0.03027 -0.21680 0.22949 -0.19434 0.61816 -0.56836 0.44434 -0.37500 0.57324 -0.36914 0.61816 -0.56836 0.44824 -0.56836 0.44434 -0.37500 0.56152 -0.79492 0.44824 -0.56836 0.61816 -0.56836 0.56152 -0.79492 0.47070 -0.67871 0.44824 -0.56836 0.53027 -0.89062 0.47070 -0.67871 0.56152 -0.79492 0.53027 -0.89062 0.43262 -0.79883 0.47070 -0.67871 0.44043 -0.96777 0.43262 -0.79883 0.53027 -0.89062 0.44043 -0.96777 0.53027 -0.89062 0.43262 -0.79883 0.14258 -0.84863 0.11523 -0.84961 0.14551 -0.77148 0.18359 -0.96191 0.21191 -0.79395 0.26465 -0.81738 0.14258 -0.84863 0.11523 -0.84961 0.14551 -0.77148 0.18359 -0.96191 0.21191 -0.79395 0.26465 -0.81738 0.14258 -0.84863 0.11523 -0.84961 0.14551 -0.77148 0.18359 -0.96191 0.21191 -0.79395 0.26465 -0.81738 0.14258 -0.84863 0.11523 -0.84961 0.14551 -0.77148 0.14258 -0.84863 0.11914 -0.95898 0.11328 -0.77148 0.11914 -0.95898 0.04688 -0.87500 0.08887 -0.79199 0.24805 -0.89844 0.15723 -0.96777 0.19629 -0.86328 0.11914 -0.95898 0.11328 -0.77148 0.14453 -0.77051 0.09082 -0.94629 0.09277 -0.84961 0.11328 -0.77148 0.18359 -0.96191 0.21191 -0.79395 0.26367 -0.81738 0.15723 -0.96777 0.21191 -0.79395 0.26367 -0.81738 0.14258 -0.84863 0.11816 -0.92188 0.12891 -0.77051 0.15723 -0.96777 0.21191 -0.79395 0.26367 -0.81738 0.14258 -0.84863 0.11816 -0.92188 0.11328 -0.77148 0.11816 -0.92188 0.09375 -0.85059 0.07227 -0.77734 0.15723 -0.96777 0.20508 -0.79102 0.26758 -0.80762 0.93945 -0.60352 0.77930 -0.34180 0.77539 -0.55566 0.21484 -0.34863 0.23145 -0.26855 0.29004 -0.30859 0.11523 -0.84961 0.09277 -0.84961 0.33301 -0.74902 0.11523 -0.84961 0.09277 -0.84961 0.07227 -0.77734 0.11523 -0.84961 0.09277 -0.84961 0.07227 -0.77734 0.11523 -0.84961 0.09277 -0.84961 0.07227 -0.77734 0.11816 -0.92188 0.09277 -0.84961 0.07227 -0.77734 0.22754 -0.84375 0.16895 -0.90039 0.16504 -0.84180 0.11328 -0.77148 0.11328 -0.77148 0.11426 -0.77344 0.74219 -0.78809 0.68652 -0.75684 0.72559 -0.59863 0.11523 -0.84961 0.14258 -0.84863 0.14551 -0.77148 0.21191 -0.79395 0.18359 -0.96191 0.26465 -0.81738 0.11523 -0.84961 0.14258 -0.84863 0.14551 -0.77148 0.21191 -0.79395 0.18359 -0.96191 0.26465 -0.81738 0.11523 -0.84961 0.14258 -0.84863 0.14551 -0.77148 0.21191 -0.79395 0.18359 -0.96191 0.26465 -0.81738 0.11523 -0.84961 0.14258 -0.84863 0.14551 -0.77148 0.11914 -0.95898 0.14258 -0.84863 0.11328 -0.77148 0.04688 -0.87500 0.11914 -0.95898 0.08887 -0.79199 0.15723 -0.96777 0.24805 -0.89844 0.19629 -0.86328 0.11328 -0.77148 0.11914 -0.95898 0.14453 -0.77051 0.09277 -0.84961 0.09082 -0.94629 0.11328 -0.77148 0.21191 -0.79395 0.18359 -0.96191 0.26367 -0.81738 0.21191 -0.79395 0.15723 -0.96777 0.26367 -0.81738 0.11816 -0.92188 0.14258 -0.84863 0.12891 -0.77051 0.21191 -0.79395 0.15723 -0.96777 0.26367 -0.81738 0.11816 -0.92188 0.14258 -0.84863 0.11328 -0.77148 0.09375 -0.85059 0.11816 -0.92188 0.07227 -0.77734 0.20508 -0.79102 0.15723 -0.96777 0.26758 -0.80762 0.14160 -0.72266 0.26074 -0.65625 0.02051 -0.64941 1.00098 -0.12695 0.79883 -0.11621 0.93945 -0.02832 0.77930 -0.34180 0.93945 -0.60352 0.77539 -0.55566 0.17578 -0.45312 0.27051 -0.46191 0.29980 -0.41113 0.75000 -0.01367 0.77832 -0.07031 0.73633 -0.17969 0.23145 -0.26855 0.21484 -0.34863 0.29004 -0.30859 0.49707 -0.04785 0.50488 -0.12305 0.44336 -0.04980 0.09277 -0.84961 0.11523 -0.84961 0.33301 -0.74902 0.09277 -0.84961 0.11523 -0.84961 0.07227 -0.77734 0.09277 -0.84961 0.11523 -0.84961 0.07227 -0.77734 0.09277 -0.84961 0.11523 -0.84961 0.07227 -0.77734 0.09277 -0.84961 0.11816 -0.92188 0.07227 -0.77734 0.16895 -0.90039 0.22754 -0.84375 0.16504 -0.84180 0.68652 -0.75684 0.74219 -0.78809 0.72559 -0.59863</float_array>
     <technique_common>
      <accessor count="450" offset="0" source="#realb56_3-lib-texcoords-array" stride="2">
       <param name="U" type="float"/>
       <param name="V" type="float"/>
      </accessor>
     </technique_common>
    </source>
    <vertices id="realb56_3-lib-vertices">
     <input semantic="POSITION" source="#realb56_3-lib-positions"/>
    </vertices>
    <polylist count="150" material="mat4.png">
     <input offset="0" semantic="VERTEX" source="#realb56_3-lib-vertices"/>
     <input offset="1" semantic="NORMAL" source="#realb56_3-lib-normals"/>
     <input offset="2" semantic="TEXCOORD" source="#realb56_3-lib-texcoords"/>
     <vcount>3 3 3 3 3 3 3 3 3 3 3 3 3 3 3 3 3 3 3 3 3 3 3 3 3 3 3 3 3 3 3 3 3 3 3 3 3 3 3 3 3 3 3 3 3 3 3 3 3 3 3 3 3 3 3 3 3 3 3 3 3 3 3 3 3 3 3 3 3 3 3 3 3 3 3 3 3 3 3 3 3 3 3 3 3 3 3 3 3 3 3 3 3 3 3 3 3 3 3 3 3 3 3 3 3 3 3 3 3 3 3 3 3 3 3 3 3 3 3 3 3 3 3 3 3 3 3 3 3 3 3 3 3 3 3 3 3 3 3 3 3 3 3 3 3 3 3 3 3 3</vcount>
     <p>2 2 2 1 1 1 0 0 0 1 5 5 3 4 4 0 3 3 2 8 8 0 7 7 4 6 6 0 11 11 5 10 10 4 9 9 8 14 14 7 13 13 6 12 12 7 17 17 9 16 16 6 15 15 12 20 20 11 19 19 10 18 18 11 23 23 13 22 22 10 21 21 10 26 26 13 25 25 14 24 24 17 29 29 16 28 28 15 27 27 16 32 32 18 31 31 15 30 30 15 35 35 18 34 34 19 33 33 18 38 38 20 37 37 19 36 36 20 41 41 18 40 40 21 39 39 18 44 44 22 43 43 21 42 42 21 47 47 22 46 46 23 45 45 18 50 50 24 49 49 22 48 48 24 53 53 25 52 52 22 51 51 22 56 56 25 55 55 26 54 54 29 59 59 28 58 58 27 57 57 28 62 62 30 61 61 27 60 60 17 65 65 31 64 64 28 63 63 31 68 68 32 67 67 28 66 66 24 71 71 18 70 70 29 69 69 18 74 74 16 73 73 29 72 72 29 77 77 16 76 76 28 75 75 15 80 80 33 79 79 11 78 78 33 83 83 13 82 82 11 81 81 36 86 86 35 85 85 34 84 84 35 89 89 37 88 88 34 87 87 36 92 92 38 91 91 35 90 90 38 95 95 37 94 94 35 93 93 41 98 98 40 97 97 39 96 96 40 101 101 42 100 100 39 99 99 44 104 104 41 103 103 43 102 102 41 107 107 45 106 106 43 105 105 17 110 110 46 109 109 31 108 108 46 113 113 47 112 112 31 111 111 31 116 116 47 115 115 48 114 114 17 119 119 15 118 118 46 117 117 15 122 122 11 121 121 46 120 120 46 125 125 11 124 124 47 123 123 11 128 128 12 127 127 47 126 126 47 131 131 12 130 130 49 129 129 47 134 134 49 133 133 39 132 132 49 137 137 45 136 136 39 135 135 39 140 140 45 139 139 41 138 138 52 143 143 51 142 142 50 141 141 51 146 146 53 145 145 50 144 144 50 149 149 53 148 148 54 147 147 53 152 152 55 151 151 54 150 150 9 155 155 7 154 154 56 153 153 7 158 158 57 157 157 56 156 156 56 161 161 57 160 160 58 159 159 57 164 164 59 163 163 58 162 162 62 167 167 61 166 166 60 165 165 61 169 170 63 168 169 60 168 168 63 172 173 64 171 172 60 170 171 64 175 176 65 174 175 60 173 174 60 178 179 65 177 178 62 176 177 68 181 182 67 180 181 66 179 180 67 184 185 69 183 184 66 182 183 66 187 188 69 186 187 59 185 186 72 190 191 71 189 190 70 188 189 71 193 194 73 192 193 70 191 192 70 196 197 73 195 196 74 194 195 32 199 200 76 198 199 75 197 198 76 202 203 23 201 202 75 200 201 21 205 206 23 204 205 77 203 204 23 208 209 78 207 208 77 206 207 22 211 212 26 210 211 23 209 210 26 214 215 30 213 214 23 212 213 23 217 218 30 216 217 75 215 216 30 220 221 28 219 220 75 218 219 32 223 224 48 222 223 76 221 222 48 226 227 70 225 226 76 224 225 48 229 230 47 228 229 70 227 228 47 232 233 72 231 232 70 230 231 79 234 236 55 234 235 51 233 234 55 237 239 53 236 238 51 235 237 72 240 242 47 239 241 80 238 240 47 243 245 39 242 244 80 241 243 80 246 248 39 245 247 81 244 246 39 249 251 42 248 250 81 247 249 81 252 254 42 251 253 82 250 252 42 255 257 44 254 256 82 253 255 82 258 260 44 257 259 83 256 258 44 261 263 43 260 262 83 259 261 86 264 266 85 263 265 84 262 264 87 265 269 84 265 268 85 265 267 90 266 272 89 266 271 88 266 270 91 269 275 88 268 274 89 267 273 94 272 278 93 271 277 92 270 276 95 275 281 92 274 280 93 273 279 98 278 284 97 277 283 96 276 282 101 281 287 100 280 286 99 279 285 101 283 290 102 283 289 100 282 288 99 286 293 100 285 292 102 284 291 105 289 296 104 288 295 103 287 294 104 291 299 106 290 298 103 290 297 106 293 302 105 292 301 103 292 300 4 296 305 1 295 304 2 294 303 109 298 308 108 298 307 107 297 306 110 300 311 107 299 310 108 299 309 113 303 314 112 302 313 111 301 312 113 306 317 114 305 316 112 304 315 114 309 320 111 308 319 112 307 318 116 312 323 12 311 322 115 310 321 17 315 326 28 314 325 16 313 324 86 317 329 87 316 328 85 316 327 90 320 332 91 319 331 89 318 330 94 323 335 95 322 334 93 321 333 98 326 338 117 325 337 97 324 336 109 329 341 110 328 340 108 327 339 96 331 344 97 331 343 117 330 342 0 334 347 3 333 346 5 332 345 12 337 350 116 336 349 49 335 348 120 340 353 119 339 352 118 338 351 121 342 356 118 342 355 119 341 354 124 343 359 123 343 358 122 343 357 125 346 362 122 345 361 123 344 360 128 348 365 127 347 364 126 347 363 129 351 368 126 350 367 127 349 366 132 353 371 131 353 370 130 352 369 135 355 374 134 355 373 133 354 372 135 358 377 133 357 376 136 356 375 134 360 380 136 359 379 133 359 378 139 362 383 138 362 382 137 361 381 137 365 386 138 364 385 140 363 384 140 368 389 138 367 388 139 366 387 64 371 392 63 370 391 61 369 390 143 374 395 142 373 394 141 372 393 144 377 398 141 376 397 142 375 396 147 378 401 146 378 400 145 378 399 147 381 404 145 380 403 148 379 402 148 384 407 145 383 406 146 382 405 57 387 410 66 386 409 59 385 408 149 390 413 73 389 412 71 388 411 151 393 416 150 392 415 72 391 414 76 396 419 78 395 418 23 394 417 70 399 422 74 398 421 76 397 420 32 402 425 75 401 424 28 400 423 31 405 428 48 404 427 32 403 426 120 408 431 118 407 430 121 406 429 124 411 434 122 410 433 125 409 432 128 414 437 126 413 436 129 412 435 132 415 440 130 415 439 152 415 438 143 417 443 141 417 442 144 416 441 131 419 446 152 419 445 130 418 444 72 422 449 80 421 448 151 420 447</p>
    </polylist>
   </mesh>
  </geometry>
  <geometry id="realb56_4-lib" name="realb56_4">
   <mesh>
    <source id="realb56_4-lib-positions" name="position">
     <float_array id="realb56_4-lib-positions-array" count="30">0.65295 6.47515 3.10421 3.29609 6.73839 -2.71106 0.69349 5.83659 1.06851 3.09717 10.85736 0.77013 8.41841 7.77279 -2.71106 -0.65295 6.47515 3.10421 -3.29609 6.73839 -2.71106 -0.69349 5.83659 1.06851 -3.09717 10.85736 0.77013 -8.41841 7.77279 -2.71106</float_array>
     <technique_common>
      <accessor count="10" source="#realb56_4-lib-positions-array" stride="3">
       <param name="X" type="float"/>
       <param name="Y" type="float"/>
       <param name="Z" type="float"/>
      </accessor>
     </technique_common>
    </source>
    <source id="realb56_4-lib-normals" name="normal">
     <float_array id="realb56_4-lib-normals-array" count="54">0.81198 -0.46871 0.34784 0.49568 -0.57891 0.64743 0.61713 -0.74720 0.24667 0.81198 -0.46871 0.34784 0.64728 -0.47356 0.59731 0.49568 -0.57891 0.64743 0.12854 -0.63652 0.76048 0.49568 -0.57891 0.64743 0.64728 -0.47356 0.59731 -0.81198 -0.46871 0.34784 -0.61713 -0.74720 0.24667 -0.49568 -0.57891 0.64743 -0.81198 -0.46871 0.34784 -0.49568 -0.57891 0.64743 -0.64728 -0.47356 0.59731 -0.12854 -0.63652 0.76048 -0.64728 -0.47356 0.59731 -0.49568 -0.57891 0.64743</float_array>
     <technique_common>
      <accessor count="18" source="#realb56_4-lib-normals-array" stride="3">
       <param name="X" type="float"/>
       <param name="Y" type="float"/>
       <param name="Z" type="float"/>
      </accessor>
     </technique_common>
    </source>
    <source id="realb56_4-lib-texcoords">
     <float_array id="realb56_4-lib-texcoords-array" count="36">0.06104 -0.00488 0.34229 -0.72559 -0.02490 -0.42383 0.06104 -0.00488 0.56494 -0.00342 0.34229 -0.72559 1.02881 -1.03857 0.34229 -0.72559 0.56494 -0.00342 0.06104 -0.00488 -0.02490 -0.42383 0.34229 -0.72559 0.06104 -0.00488 0.34229 -0.72559 0.56494 -0.00342 1.02881 -1.03857 0.56494 -0.00342 0.34229 -0.72559</float_array>
     <technique_common>
      <accessor count="18" offset="0" source="#realb56_4-lib-texcoords-array" stride="2">
       <param name="U" type="float"/>
       <param name="V" type="float"/>
      </accessor>
     </technique_common>
    </source>
    <vertices id="realb56_4-lib-vertices">
     <input semantic="POSITION" source="#realb56_4-lib-positions"/>
    </vertices>
    <polylist count="6" material="mat1.png">
     <input offset="0" semantic="VERTEX" source="#realb56_4-lib-vertices"/>
     <input offset="1" semantic="NORMAL" source="#realb56_4-lib-normals"/>
     <input offset="2" semantic="TEXCOORD" source="#realb56_4-lib-texcoords"/>
     <vcount>3 3 3 3 3 3</vcount>
     <p>2 2 2 1 1 1 0 0 0 1 5 5 3 4 4 0 3 3 3 8 8 1 7 7 4 6 6 6 11 11 7 10 10 5 9 9 8 14 14 6 13 13 5 12 12 6 17 17 8 16 16 9 15 15</p>
    </polylist>
   </mesh>
  </geometry>
  <geometry id="realb56_5-lib" name="realb56_5">
   <mesh>
    <source id="realb56_5-lib-positions" name="position">
     <float_array id="realb56_5-lib-positions-array" count="324">1.12891 7.25395 4.35618 0.68896 7.85687 6.06053 0.83008 7.99990 3.89602 1.03076 7.25545 5.94927 0.00000 8.42202 3.39419 0.00000 8.20458 6.05653 0.00000 7.24550 6.67277 -0.68896 7.85687 6.06053 0.41113 5.47940 6.41242 0.81396 3.63045 5.21478 0.35352 3.20496 5.62442 1.10254 5.54658 5.72211 0.51904 5.99732 6.35665 1.31934 6.07278 5.90650 0.58887 6.48550 6.32954 0.54883 6.89023 6.35129 1.98438 6.15884 4.93532 2.06836 6.21229 4.14450 1.38135 5.58485 4.75090 1.32666 6.89320 4.36394 1.07178 6.89387 5.89420 0.00000 5.66240 -3.46108 0.00000 4.53793 -3.33332 0.69189 5.77516 -3.18681 -0.69189 5.77516 -3.18681 1.20166 6.13058 -0.84475 1.90792 5.10151 -0.99493 1.28369 5.59696 -0.67609 1.64229 6.03669 -2.27841 0.86816 6.54158 -2.09846 2.27340 0.49409 3.70713 1.88041 0.98979 3.19618 1.88767 0.43357 3.32417 2.31245 1.05568 3.63629 1.47745 1.05250 3.37232 1.51048 0.49111 3.47203 1.75069 1.11751 4.10398 1.74688 0.55046 4.12359 1.32336 1.27254 3.32716 1.93731 1.18523 2.96882 1.71148 1.36413 4.15281 2.52846 1.27737 3.55887 1.34274 5.11598 -3.06402 2.21800 4.84061 -2.07234 0.73633 4.24560 -2.21672 0.00000 3.59734 -1.98310 0.74707 3.87102 -1.45630 0.00000 7.37321 6.82896 0.37158 7.35169 6.53208 0.00000 6.88779 6.75369 0.36719 7.68634 6.81282 0.00000 7.53869 7.37618 -1.12891 7.25395 4.35618 -0.83008 7.99990 3.89602 -1.03076 7.25545 5.94927 -1.10254 5.54658 5.72211 -0.51904 5.99732 6.35665 -0.41113 5.47940 6.41242 -1.31934 6.07278 5.90650 -1.98438 6.15884 4.93532 -1.07178 6.89387 5.89420 -1.32666 6.89320 4.36394 -0.81396 3.63045 5.21478 -0.35352 3.20496 5.62442 -1.38135 5.58485 4.75090 -2.06836 6.21229 4.14450 -0.73633 4.24560 -2.21672 -0.74707 3.87102 -1.45630 -1.34298 5.11598 -3.06402 -1.64240 6.03669 -2.27841 -0.86816 6.54158 -2.09846 -1.20166 6.13058 -0.84475 -1.90766 5.10151 -0.99493 -1.28369 5.59696 -0.67609 -2.21799 4.84061 -2.07234 -1.88041 0.98979 3.19618 -2.27340 0.49409 3.70713 -1.88767 0.43357 3.32417 -2.31245 1.05568 3.63629 -1.93731 1.18523 2.96882 -2.52846 1.27737 3.55887 -1.47745 1.05250 3.37232 -1.51048 0.49111 3.47203 -1.32336 1.27254 3.32716 -1.75069 1.11751 4.10398 -1.74688 0.55046 4.12359 -1.71148 1.36413 4.15281 -0.58887 6.48550 6.32954 -0.54883 6.89023 6.35129 -0.37158 7.35169 6.53208 -0.36719 7.68634 6.81282 -0.08057 5.69202 6.67588 0.08057 5.19857 7.07854 -0.08057 5.19857 7.07854 0.08057 5.69202 6.67588 -0.08008 5.23244 7.24230 0.08008 5.23244 7.24230 -0.08301 5.00808 7.18015 0.08301 5.00808 7.18015 -0.23926 5.64485 5.98288 0.23926 5.64485 5.98288 0.98584 4.46468 -0.86319 -0.98584 4.46468 -0.86319 0.00000 2.73423 -8.86170 0.13135 3.46278 -7.58788 0.00000 3.58415 -7.67615 -0.13135 3.46278 -7.58788 0.00000 5.72191 5.51165</float_array>
     <technique_common>
      <accessor count="108" source="#realb56_5-lib-positions-array" stride="3">
       <param name="X" type="float"/>
       <param name="Y" type="float"/>
       <param name="Z" type="float"/>
      </accessor>
     </technique_common>
    </source>
    <source id="realb56_5-lib-normals" name="normal">
     <float_array id="realb56_5-lib-normals-array" count="1074">0.89969 0.42904 0.08046 0.62963 0.60356 0.48915 0.60845 0.78827 0.09176 0.89969 0.42904 0.08046 0.83477 0.40552 0.37245 0.62963 0.60356 0.48915 0.62963 0.60356 0.48915 0.00000 0.99581 0.09146 0.60845 0.78827 0.09176 0.62963 0.60356 0.48915 -0.00000 0.88572 0.46422 0.00000 0.99581 0.09146 0.00000 0.40827 0.91286 -0.00000 0.88572 0.46422 0.62963 0.60356 0.48915 0.00000 0.40827 0.91286 -0.62963 0.60356 0.48915 -0.00000 0.88572 0.46422 0.71115 -0.17676 0.68045 0.79229 -0.23912 0.56134 0.75709 -0.23091 0.61114 0.71115 -0.17676 0.68045 0.75149 -0.38089 0.53869 0.79229 -0.23912 0.56134 0.58659 -0.12976 0.79942 0.75149 -0.38089 0.53869 0.71115 -0.17676 0.68045 0.58659 -0.12976 0.79942 0.70497 -0.15155 0.69286 0.75149 -0.38089 0.53869 0.49855 -0.00614 0.86684 0.70497 -0.15155 0.69286 0.58659 -0.12976 0.79942 0.49855 -0.00614 0.86684 0.58102 0.10878 0.80659 0.70497 -0.15155 0.69286 0.69867 -0.70124 0.14183 0.68546 -0.72773 0.02362 0.79519 -0.58141 0.17213 0.73857 0.63793 0.21810 0.69247 0.71178 0.11770 0.69053 0.71302 0.12152 0.73238 0.34713 0.58576 0.69247 0.71178 0.11770 0.73857 0.63793 0.21810 0.00000 -0.11289 -0.99361 0.00002 -0.54902 -0.83581 0.39327 0.24429 -0.88637 0.00000 -0.11289 -0.99361 -0.39321 0.24432 -0.88639 0.00002 -0.54902 -0.83581 0.74058 0.58559 0.32960 0.83432 0.47757 0.27539 0.62049 0.32146 0.71530 0.74058 0.58559 0.32960 0.72180 0.62966 -0.28729 0.83432 0.47757 0.27539 0.49621 0.83959 -0.22104 0.72180 0.62966 -0.28729 0.74058 0.58559 0.32960 0.49621 0.83959 -0.22104 0.39327 0.24429 -0.88637 0.72180 0.62966 -0.28729 0.71298 -0.14244 -0.68656 0.66195 -0.47096 -0.58311 0.70834 -0.14951 -0.68985 0.71298 -0.14244 -0.68656 0.66041 -0.47675 -0.58015 0.66195 -0.47096 -0.58311 -0.39825 -0.19422 -0.89648 -0.41482 -0.35422 -0.83813 -0.38289 -0.18335 -0.90542 -0.39825 -0.19422 -0.89648 -0.44905 -0.42403 -0.78648 -0.41482 -0.35422 -0.83813 -0.93837 0.01134 0.34546 -0.92863 -0.11087 0.35404 -0.94041 0.01807 0.33956 -0.93837 0.01134 0.34546 -0.88670 -0.24125 0.39441 -0.92863 -0.11087 0.35404 0.63369 0.03595 0.77275 0.59610 -0.12317 0.79340 0.62304 0.05510 0.78025 0.63369 0.03595 0.77275 0.63849 -0.01878 0.76940 0.59610 -0.12317 0.79340 -0.44905 -0.42403 -0.78648 -0.43732 -0.52250 -0.73195 -0.41482 -0.35422 -0.83813 -0.44905 -0.42403 -0.78648 -0.46170 -0.61225 -0.64186 -0.43732 -0.52250 -0.73195 -0.88670 -0.24125 0.39441 -0.88678 -0.27126 0.37421 -0.92863 -0.11087 0.35404 -0.88670 -0.24125 0.39441 -0.78197 -0.46165 0.41880 -0.88678 -0.27126 0.37421 0.59610 -0.12317 0.79340 0.61819 -0.10089 0.77952 0.54994 -0.25847 0.79421 0.59610 -0.12317 0.79340 0.63849 -0.01878 0.76940 0.61819 -0.10089 0.77952 0.66041 -0.47675 -0.58015 0.56272 -0.69294 -0.45076 0.66195 -0.47096 -0.58311 0.66041 -0.47675 -0.58015 0.55673 -0.69915 -0.44860 0.56272 -0.69294 -0.45076 0.75149 -0.38089 0.53869 0.79519 -0.58141 0.17213 0.79229 -0.23912 0.56134 0.75149 -0.38089 0.53869 0.69867 -0.70124 0.14183 0.79519 -0.58141 0.17213 0.70497 -0.15155 0.69286 0.69867 -0.70124 0.14183 0.75149 -0.38089 0.53869 0.70497 -0.15155 0.69286 0.73238 0.34713 0.58576 0.73857 0.63793 0.21810 0.58102 0.10878 0.80659 0.73238 0.34713 0.58576 0.70497 -0.15155 0.69286 0.52910 0.25041 -0.81077 0.72180 0.62966 -0.28729 0.39327 0.24429 -0.88637 0.52910 0.25041 -0.81077 0.89903 0.40337 -0.17042 0.72180 0.62966 -0.28729 0.57166 -0.69889 -0.42984 0.00000 -0.85662 -0.51595 0.84817 -0.47035 -0.24368 0.57166 -0.69889 -0.42984 0.00002 -0.54902 -0.83581 0.00000 -0.85662 -0.51595 0.42625 -0.76577 -0.48156 0.00002 -0.54902 -0.83581 0.57166 -0.69889 -0.42984 0.52910 0.25041 -0.81077 0.39327 0.24429 -0.88637 0.00002 -0.54902 -0.83581 0.64196 -0.49443 0.58603 0.56604 -0.37240 0.73547 0.61535 -0.12077 0.77894 0.64196 -0.49443 0.58603 0.58368 -0.66009 0.47286 0.56604 -0.37240 0.73547 0.63821 -0.73691 0.22285 0.58368 -0.66009 0.47286 0.64196 -0.49443 0.58603 -0.62963 0.60356 0.48915 -0.89969 0.42904 0.08046 -0.60845 0.78827 0.09176 -0.62963 0.60356 0.48915 -0.83477 0.40552 0.37245 -0.89969 0.42904 0.08046 0.00000 0.40827 0.91286 -0.83477 0.40552 0.37245 -0.62963 0.60356 0.48915 0.00000 0.99581 0.09146 -0.62963 0.60356 0.48915 -0.60845 0.78827 0.09176 0.00000 0.99581 0.09146 -0.00000 0.88572 0.46422 -0.62963 0.60356 0.48915 -0.75149 -0.38089 0.53869 -0.58659 -0.12976 0.79942 -0.71115 -0.17676 0.68045 -0.75149 -0.38089 0.53869 -0.70497 -0.15155 0.69286 -0.58659 -0.12976 0.79942 -0.80654 0.52224 0.27704 -0.70497 -0.15155 0.69286 -0.75149 -0.38089 0.53869 -0.80654 0.52224 0.27704 -0.73238 0.34713 0.58576 -0.70497 -0.15155 0.69286 -0.69247 0.71178 0.11770 -0.73238 0.34713 0.58576 -0.80654 0.52224 0.27704 -0.79229 -0.23912 0.56134 -0.71115 -0.17676 0.68045 -0.75709 -0.23091 0.61114 -0.79229 -0.23912 0.56134 -0.75149 -0.38089 0.53869 -0.71115 -0.17676 0.68045 -0.79519 -0.58141 0.17213 -0.75149 -0.38089 0.53869 -0.79229 -0.23912 0.56134 -0.79519 -0.58141 0.17213 -0.67567 -0.73352 0.07367 -0.75149 -0.38089 0.53869 -0.68546 -0.72773 0.02362 -0.67567 -0.73352 0.07367 -0.79519 -0.58141 0.17213 -0.69053 0.71302 0.12152 -0.69247 0.71178 0.11770 -0.80654 0.52224 0.27704 -0.57164 -0.69891 -0.42983 0.00000 -0.85662 -0.51595 0.00002 -0.54902 -0.83581 -0.57164 -0.69891 -0.42983 -0.84817 -0.47035 -0.24368 0.00000 -0.85662 -0.51595 -0.56643 0.01963 -0.82387 0.00002 -0.54902 -0.83581 -0.39321 0.24432 -0.88639 -0.56643 0.01963 -0.82387 -0.57164 -0.69891 -0.42983 0.00002 -0.54902 -0.83581 -0.72182 0.62966 -0.28723 -0.49616 0.83962 -0.22104 -0.74063 0.58552 0.32959 -0.72182 0.62966 -0.28723 -0.39321 0.24432 -0.88639 -0.49616 0.83962 -0.22104 -0.56643 0.01963 -0.82387 -0.39321 0.24432 -0.88639 -0.72182 0.62966 -0.28723 -0.83435 0.47746 0.27549 -0.74063 0.58552 0.32959 -0.62066 0.32144 0.71516 -0.83435 0.47746 0.27549 -0.72182 0.62966 -0.28723 -0.74063 0.58552 0.32959 -0.89908 0.40332 -0.17027 -0.72182 0.62966 -0.28723 -0.83435 0.47746 0.27549 -0.89908 0.40332 -0.17027 -0.56643 0.01963 -0.82387 -0.72182 0.62966 -0.28723 -0.66195 -0.47096 -0.58311 -0.71298 -0.14244 -0.68656 -0.70834 -0.14951 -0.68985 -0.66195 -0.47096 -0.58311 -0.66041 -0.47675 -0.58015 -0.71298 -0.14244 -0.68656 -0.56272 -0.69294 -0.45076 -0.66041 -0.47675 -0.58015 -0.66195 -0.47096 -0.58311 -0.56272 -0.69294 -0.45076 -0.55673 -0.69915 -0.44860 -0.66041 -0.47675 -0.58015 0.41482 -0.35422 -0.83813 0.39825 -0.19422 -0.89648 0.38289 -0.18335 -0.90542 0.41482 -0.35422 -0.83813 0.44905 -0.42403 -0.78648 0.39825 -0.19422 -0.89648 0.43732 -0.52250 -0.73195 0.44905 -0.42403 -0.78648 0.41482 -0.35422 -0.83813 0.43732 -0.52250 -0.73195 0.46170 -0.61225 -0.64186 0.44905 -0.42403 -0.78648 0.92863 -0.11087 0.35404 0.93837 0.01134 0.34546 0.94041 0.01807 0.33956 0.92863 -0.11087 0.35404 0.88670 -0.24125 0.39441 0.93837 0.01134 0.34546 0.88678 -0.27126 0.37421 0.88670 -0.24125 0.39441 0.92863 -0.11087 0.35404 0.88678 -0.27126 0.37421 0.78197 -0.46165 0.41880 0.88670 -0.24125 0.39441 -0.59610 -0.12317 0.79340 -0.63369 0.03595 0.77275 -0.62304 0.05510 0.78025 -0.59610 -0.12317 0.79340 -0.63849 -0.01878 0.76940 -0.63369 0.03595 0.77275 -0.61819 -0.10089 0.77952 -0.63849 -0.01878 0.76940 -0.59610 -0.12317 0.79340 -0.70497 -0.15155 0.69286 -0.49855 -0.00614 0.86684 -0.58659 -0.12976 0.79942 -0.70497 -0.15155 0.69286 -0.58102 0.10878 0.80659 -0.49855 -0.00614 0.86684 -0.73238 0.34713 0.58576 -0.58102 0.10878 0.80659 -0.70497 -0.15155 0.69286 -0.56604 -0.37240 0.73547 -0.64196 -0.49443 0.58603 -0.61535 -0.12077 0.77894 -0.56604 -0.37240 0.73547 -0.58368 -0.66009 0.47286 -0.64196 -0.49443 0.58603 0.00000 0.63223 0.77478 0.00000 0.63223 0.77478 0.00000 0.63223 0.77478 0.00000 0.63223 0.77478 0.00000 0.63223 0.77478 0.00000 0.97928 -0.20252 0.00000 0.97928 -0.20252 0.00000 0.97928 -0.20252 0.00000 -0.26695 0.96371 0.00000 -0.26695 0.96371 0.00000 -0.26695 0.96371 0.00000 -0.26695 0.96371 0.00000 -0.26695 0.96371 0.00000 -0.26695 0.96371 0.00000 -0.88290 -0.46957 0.00000 -0.94007 -0.34097 0.00000 -0.88290 -0.46957 0.00000 -0.88290 -0.46957 0.00000 -0.94007 -0.34097 0.00000 -0.94007 -0.34097 0.00000 0.40827 0.91286 0.62963 0.60356 0.48915 0.83477 0.40552 0.37245 0.84817 -0.47035 -0.24368 0.95876 -0.24936 -0.13638 0.57166 -0.69889 -0.42984 0.72180 0.62966 -0.28729 0.89903 0.40337 -0.17042 0.83432 0.47757 0.27539 -0.59610 -0.12317 0.79340 -0.54994 -0.25847 0.79421 -0.61819 -0.10089 0.77952 -0.95876 -0.24936 -0.13638 -0.84817 -0.47035 -0.24368 -0.57164 -0.69891 -0.42983 -0.58368 -0.66009 0.47286 -0.63821 -0.73691 0.22285 -0.64196 -0.49443 0.58603 0.75250 0.53526 -0.38373 0.75250 0.53526 -0.38373 0.00000 -0.86805 0.49647 0.00000 -0.86805 0.49647 -0.75250 0.53526 -0.38373 -0.00000 -0.98689 -0.16139 0.00000 -0.94007 -0.34097 0.00000 -0.94007 -0.34097 0.99495 0.06503 0.07641 0.99906 0.02967 0.03162 0.96598 0.15570 0.20650 0.96598 0.15570 0.20650 0.96476 0.15838 0.21014 0.99495 0.06503 0.07641 0.99495 0.06503 0.07641 0.99992 0.01297 0.00030 0.99906 0.02967 0.03162 -0.98694 0.08973 0.13380 -0.99486 0.05728 0.08347 -0.96564 0.15982 0.20495 -0.96564 0.15982 0.20495 -0.96296 0.17047 0.20891 -0.98694 0.08973 0.13380 -0.99992 0.01297 0.00030 -0.99486 0.05728 0.08347 -0.98694 0.08973 0.13380</float_array>
     <technique_common>
      <accessor count="358" source="#realb56_5-lib-normals-array" stride="3">
       <param name="X" type="float"/>
       <param name="Y" type="float"/>
       <param name="Z" type="float"/>
      </accessor>
     </technique_common>
    </source>
    <source id="realb56_5-lib-texcoords">
     <float_array id="realb56_5-lib-texcoords-array" count="732">0.41602 -0.23145 0.14258 -0.14648 0.50098 -0.10840 0.41602 -0.23145 0.13965 -0.23535 0.14258 -0.14648 0.09082 -0.08984 0.40430 -0.00488 0.34375 -0.10156 0.09082 -0.08984 0.07715 -0.00488 0.40430 -0.00488 0.00195 -0.02637 0.07715 -0.00488 0.09082 -0.08984 0.00195 -0.02637 0.09082 -0.08984 0.07715 -0.00488 0.02734 -0.47070 0.20801 -0.70801 0.12109 -0.76855 0.02734 -0.47070 0.15723 -0.45801 0.20801 -0.70801 0.02734 -0.38281 0.15723 -0.45801 0.02734 -0.47070 0.02734 -0.38281 0.13574 -0.37109 0.15723 -0.45801 0.03027 -0.31543 0.13574 -0.37109 0.02734 -0.38281 0.03027 -0.31543 0.00879 -0.25488 0.13574 -0.37109 0.26074 -0.35938 0.36914 -0.35645 0.28320 -0.45117 0.26074 -0.35938 0.33691 -0.25488 0.36914 -0.35645 0.12891 -0.25391 0.33691 -0.25488 0.26074 -0.35938 1.00098 -0.34375 0.99609 -0.44238 0.98340 -0.30371 1.00098 -0.34375 0.98340 -0.30371 0.99609 -0.44238 0.64746 -0.12012 0.64258 -0.21387 0.59570 -0.16797 0.64746 -0.12012 0.79980 -0.09961 0.64258 -0.21387 0.78320 -0.02051 0.79980 -0.09961 0.64746 -0.12012 0.78320 -0.02051 0.96094 -0.11426 0.79980 -0.09961 0.85840 -0.52637 0.95117 -0.67188 0.94434 -0.52734 0.85840 -0.52637 0.85449 -0.67188 0.95117 -0.67188 0.94434 -0.52734 0.89160 -0.67676 0.88965 -0.53320 0.94434 -0.52734 0.95117 -0.67188 0.89160 -0.67676 0.88965 -0.53320 0.76758 -0.66895 0.78125 -0.52051 0.88965 -0.53320 0.89160 -0.67676 0.76758 -0.66895 0.78125 -0.52051 0.85449 -0.67188 0.85840 -0.52637 0.78125 -0.52051 0.76758 -0.66895 0.85449 -0.67188 0.95117 -0.67188 0.89062 -0.72363 0.89160 -0.67676 0.95117 -0.67188 0.98242 -0.70801 0.89062 -0.72363 0.89160 -0.67676 0.74121 -0.70996 0.76758 -0.66895 0.89160 -0.67676 0.89062 -0.72363 0.74121 -0.70996 0.85449 -0.67188 0.74121 -0.70996 0.86133 -0.71777 0.85449 -0.67188 0.76758 -0.66895 0.74121 -0.70996 0.85449 -0.67188 0.98242 -0.70801 0.95117 -0.67188 0.85449 -0.67188 0.86133 -0.71777 0.98242 -0.70801 0.15723 -0.45801 0.28320 -0.45117 0.20801 -0.70801 0.15723 -0.45801 0.26074 -0.35938 0.28320 -0.45117 0.13574 -0.37109 0.26074 -0.35938 0.15723 -0.45801 0.13574 -0.37109 0.12891 -0.25391 0.26074 -0.35938 0.00879 -0.25488 0.12891 -0.25391 0.13574 -0.37109 0.92871 -0.17676 0.79980 -0.09961 0.96094 -0.11426 0.92871 -0.17676 0.76855 -0.24316 0.79980 -0.09961 0.88867 -0.39941 0.89648 -0.50977 0.79590 -0.45996 0.88867 -0.39941 0.99609 -0.44238 0.89648 -0.50977 0.93555 -0.30273 0.99609 -0.44238 0.88867 -0.39941 0.93555 -0.30273 0.98340 -0.30371 0.99609 -0.44238 0.60352 -0.48340 0.71973 -0.51660 0.60547 -0.62402 0.60352 -0.48340 0.73145 -0.44043 0.71973 -0.51660 0.61621 -0.36328 0.73145 -0.44043 0.60352 -0.48340 0.14258 -0.14648 0.41602 -0.23145 0.50098 -0.10840 0.14258 -0.14648 0.13965 -0.23535 0.41602 -0.23145 0.00391 -0.19922 0.13965 -0.23535 0.14258 -0.14648 0.40430 -0.00488 0.09082 -0.08984 0.34375 -0.10156 0.40430 -0.00488 0.07715 -0.00488 0.09082 -0.08984 0.15723 -0.45801 0.02734 -0.38281 0.02734 -0.47070 0.15723 -0.45801 0.13574 -0.37109 0.02734 -0.38281 0.26074 -0.35938 0.13574 -0.37109 0.15723 -0.45801 0.26074 -0.35938 0.12891 -0.25391 0.13574 -0.37109 0.33691 -0.25488 0.12891 -0.25391 0.26074 -0.35938 0.20801 -0.70801 0.02734 -0.47070 0.12109 -0.76855 0.20801 -0.70801 0.15723 -0.45801 0.02734 -0.47070 0.28320 -0.45117 0.15723 -0.45801 0.20801 -0.70801 0.28320 -0.45117 0.26074 -0.35938 0.15723 -0.45801 0.36914 -0.35645 0.26074 -0.35938 0.28320 -0.45117 0.36914 -0.35645 0.33691 -0.25488 0.26074 -0.35938 0.88867 -0.39941 0.89648 -0.50977 0.99609 -0.44238 0.88867 -0.39941 0.79590 -0.45996 0.89648 -0.50977 0.93555 -0.30273 0.99609 -0.44238 0.98340 -0.30371 0.93555 -0.30273 0.88867 -0.39941 0.99609 -0.44238 0.79980 -0.09961 0.78320 -0.02051 0.64746 -0.12012 0.79980 -0.09961 0.96094 -0.11426 0.78320 -0.02051 0.92871 -0.17676 0.96094 -0.11426 0.79980 -0.09961 0.64258 -0.21387 0.64746 -0.12012 0.59570 -0.16797 0.64258 -0.21387 0.79980 -0.09961 0.64746 -0.12012 0.76855 -0.24316 0.79980 -0.09961 0.64258 -0.21387 0.76855 -0.24316 0.92871 -0.17676 0.79980 -0.09961 0.95117 -0.67188 0.85840 -0.52637 0.94434 -0.52734 0.95117 -0.67188 0.85449 -0.67188 0.85840 -0.52637 0.98242 -0.70801 0.85449 -0.67188 0.95117 -0.67188 0.98242 -0.70801 0.86133 -0.71777 0.85449 -0.67188 0.89160 -0.67676 0.94434 -0.52734 0.88965 -0.53320 0.89160 -0.67676 0.95117 -0.67188 0.94434 -0.52734 0.89062 -0.72363 0.95117 -0.67188 0.89160 -0.67676 0.89062 -0.72363 0.98242 -0.70801 0.95117 -0.67188 0.76758 -0.66895 0.88965 -0.53320 0.78125 -0.52051 0.76758 -0.66895 0.89160 -0.67676 0.88965 -0.53320 0.74121 -0.70996 0.89160 -0.67676 0.76758 -0.66895 0.74121 -0.70996 0.89062 -0.72363 0.89160 -0.67676 0.85449 -0.67188 0.78125 -0.52051 0.85840 -0.52637 0.85449 -0.67188 0.76758 -0.66895 0.78125 -0.52051 0.74121 -0.70996 0.76758 -0.66895 0.85449 -0.67188 0.13574 -0.37109 0.03027 -0.31543 0.02734 -0.38281 0.13574 -0.37109 0.00879 -0.25488 0.03027 -0.31543 0.12891 -0.25391 0.00879 -0.25488 0.13574 -0.37109 0.71973 -0.51660 0.60352 -0.48340 0.60547 -0.62402 0.71973 -0.51660 0.73145 -0.44043 0.60352 -0.48340 0.08984 -0.69727 0.08887 -0.89551 0.08887 -0.89551 0.08984 -0.69727 0.08984 -0.69727 0.08887 -0.89551 0.61035 -0.92969 0.60938 -0.90430 0.61035 -0.92969 0.61035 -0.92969 0.60938 -0.90430 0.60938 -0.90430 0.67578 -0.94727 0.67676 -0.99121 0.67578 -0.94727 0.67578 -0.94727 0.67676 -0.99121 0.67676 -0.99121 0.67578 -0.94727 0.71875 -0.63281 0.67578 -0.94727 0.67578 -0.94727 0.71875 -0.63281 0.71875 -0.63281 0.00391 -0.19922 0.14258 -0.14648 0.13965 -0.23535 0.94922 -0.25781 0.90039 -0.20996 0.88770 -0.34473 0.79980 -0.09961 0.76855 -0.24316 0.64258 -0.21387 0.85449 -0.67188 0.86133 -0.71777 0.74121 -0.70996 0.90039 -0.20996 0.94922 -0.25781 0.88770 -0.34473 0.73145 -0.44043 0.61621 -0.36328 0.60352 -0.48340 0.94922 -1.04199 0.90332 -0.72070 0.98535 -0.72070 0.82910 -1.04102 0.82129 -0.72070 0.82129 -0.72070 0.90332 -0.72070 0.94922 -1.04199 0.98535 -0.72070 0.64160 -0.61426 0.71875 -0.63281 0.71875 -0.63281 0.53320 -0.36328 0.50586 -0.31934 0.49414 -0.17773 0.49414 -0.17773 0.58594 -0.07617 0.53320 -0.36328 0.53320 -0.36328 0.48145 -0.35254 0.50586 -0.31934 0.50586 -0.31934 0.53320 -0.36328 0.58594 -0.07617 0.58594 -0.07617 0.49414 -0.17773 0.50586 -0.31934 0.48145 -0.35254 0.53320 -0.36328 0.50586 -0.31934</float_array>
     <technique_common>
      <accessor count="366" offset="0" source="#realb56_5-lib-texcoords-array" stride="2">
       <param name="U" type="float"/>
       <param name="V" type="float"/>
      </accessor>
     </technique_common>
    </source>
    <vertices id="realb56_5-lib-vertices">
     <input semantic="POSITION" source="#realb56_5-lib-positions"/>
    </vertices>
    <polylist count="122" material="Sphinx_SG04">
     <input offset="0" semantic="VERTEX" source="#realb56_5-lib-vertices"/>
     <input offset="1" semantic="NORMAL" source="#realb56_5-lib-normals"/>
     <input offset="2" semantic="TEXCOORD" source="#realb56_5-lib-texcoords"/>
     <vcount>3 3 3 3 3 3 3 3 3 3 3 3 3 3 3 3 3 3 3 3 3 3 3 3 3 3 3 3 3 3 3 3 3 3 3 3 3 3 3 3 3 3 3 3 3 3 3 3 3 3 3 3 3 3 3 3 3 3 3 3 3 3 3 3 3 3 3 3 3 3 3 3 3 3 3 3 3 3 3 3 3 3 3 3 3 3 3 3 3 3 3 3 3 3 3 3 3 3 3 3 3 3 3 3 3 3 3 3 3 3 3 3 3 3 3 3 3 3 3 3 3 3</vcount>
     <p>2 2 2 1 1 1 0 0 0 1 5 5 3 4 4 0 3 3 2 8 8 4 7 7 1 6 6 4 11 11 5 10 10 1 9 9 1 14 14 5 13 13 6 12 12 5 17 17 7 16 16 6 15 15 10 20 20 9 19 19 8 18 18 9 23 23 11 22 22 8 21 21 8 26 26 11 25 25 12 24 24 11 29 29 13 28 28 12 27 27 12 32 32 13 31 31 14 30 30 13 35 35 15 34 34 14 33 33 18 38 38 17 37 37 16 36 36 17 41 41 19 40 40 16 39 39 16 44 44 19 43 43 20 42 42 23 47 47 22 46 46 21 45 45 22 50 50 24 49 49 21 48 48 27 53 53 26 52 52 25 51 51 26 56 56 28 55 55 25 54 54 25 59 59 28 58 58 29 57 57 28 62 62 23 61 61 29 60 60 32 65 65 31 64 64 30 63 63 31 68 68 33 67 67 30 66 66 35 71 71 34 70 70 32 69 69 34 74 74 31 73 73 32 72 72 37 77 77 36 76 76 35 75 75 36 80 80 34 79 79 35 78 78 30 83 83 33 82 82 37 81 81 33 86 86 36 85 85 37 84 84 34 89 89 38 88 88 31 87 87 38 92 92 39 91 91 31 90 90 36 95 95 40 94 94 34 93 93 40 98 98 38 97 97 34 96 96 41 101 101 40 100 100 33 99 99 40 104 104 36 103 103 33 102 102 31 107 107 39 106 106 33 105 105 39 110 110 41 109 109 33 108 108 9 113 113 18 112 112 11 111 111 18 116 116 16 115 115 11 114 114 11 119 119 16 118 118 13 117 117 16 122 122 20 121 121 13 120 120 13 125 125 20 124 124 15 123 123 23 128 128 28 127 127 42 126 126 28 131 131 43 130 130 42 129 129 46 134 134 45 133 133 44 132 132 45 137 137 22 136 136 44 135 135 44 140 140 22 139 139 42 138 138 22 143 143 23 142 142 42 141 141 49 146 146 48 145 145 47 144 144 48 149 149 50 148 148 47 147 147 47 152 152 50 151 151 51 150 150 53 155 155 52 154 154 7 153 153 52 158 158 54 157 157 7 156 156 7 161 161 54 160 160 6 159 159 53 164 164 7 163 163 4 162 162 7 167 167 5 166 166 4 165 165 57 170 170 56 169 169 55 168 168 56 173 173 58 172 172 55 171 171 55 176 176 58 175 175 59 174 174 58 179 179 60 178 178 59 177 177 59 182 182 60 181 181 61 180 180 63 185 185 57 184 184 62 183 183 57 188 188 55 187 187 62 186 186 62 191 191 55 190 190 64 189 189 55 194 194 59 193 193 64 192 192 64 197 197 59 196 196 65 195 195 59 200 200 61 199 199 65 198 198 22 203 203 45 202 202 66 201 201 45 206 206 67 205 205 66 204 204 24 209 209 22 208 208 68 207 207 22 212 212 66 211 211 68 210 210 71 215 215 70 214 214 69 213 213 70 218 218 24 217 217 69 216 216 69 221 221 24 220 220 68 219 219 73 224 224 71 223 223 72 222 222 71 227 227 69 226 226 72 225 225 72 230 230 69 229 229 74 228 228 69 233 233 68 232 232 74 231 231 77 236 236 76 235 235 75 234 234 76 239 239 78 238 238 75 237 237 75 242 242 78 241 241 79 240 240 78 245 245 80 244 244 79 243 243 82 248 248 77 247 247 81 246 246 77 251 251 75 250 250 81 249 249 81 254 254 75 253 253 83 252 252 75 257 257 79 256 256 83 255 255 85 260 260 82 259 259 84 258 258 82 263 263 81 262 262 84 261 261 84 266 266 81 265 265 86 264 264 81 269 269 83 268 268 86 267 267 76 272 272 85 271 271 78 270 270 85 275 275 84 274 274 78 273 273 78 278 278 84 277 277 86 276 276 56 281 281 87 280 280 58 279 279 87 284 284 88 283 283 58 282 282 58 287 287 88 286 286 60 285 285 49 290 290 47 289 289 89 288 288 47 293 293 90 292 292 89 291 291 93 295 296 92 294 295 91 294 294 92 298 299 94 297 298 91 296 297 96 300 302 92 299 301 95 299 300 92 301 305 93 301 304 95 301 303 98 304 308 96 303 307 97 302 306 96 307 311 95 306 310 97 305 309 97 310 314 99 309 313 98 308 312 99 313 317 100 312 316 98 311 315 3 316 320 1 315 319 6 314 318 44 319 323 101 318 322 46 317 321 26 322 326 43 321 325 28 320 324 86 325 329 80 324 328 78 323 327 66 328 332 67 327 331 102 326 330 47 331 335 51 330 334 90 329 333 105 333 338 104 333 337 103 332 336 104 335 341 106 335 340 103 334 339 105 336 344 103 336 343 106 336 342 100 339 347 99 338 346 107 337 345 94 342 350 92 341 349 98 340 348 98 345 353 100 344 352 94 343 351 92 348 356 96 347 355 98 346 354 99 351 359 97 350 358 93 349 357 93 354 362 91 353 361 99 352 360 93 357 365 97 356 364 95 355 363</p>
    </polylist>
   </mesh>
  </geometry>
  <geometry id="realb56_6-lib" name="realb56_6">
   <mesh>
    <source id="realb56_6-lib-positions" name="position">
     <float_array id="realb56_6-lib-positions-array" count="933">0.00000 2.97135 -9.32805 0.00000 1.94273 -10.25751 0.43311 2.58499 -9.21048 -0.43311 2.58499 -9.21048 0.00000 3.04234 -8.33852 0.00000 2.24498 -9.03428 1.74507 2.99286 -3.42415 2.43650 2.91186 -3.98478 2.42945 2.52652 -2.95170 1.73432 3.21493 -4.00301 1.19910 2.42515 -2.94021 1.25083 2.63508 -4.34172 2.46581 3.01137 -4.39260 1.72656 3.58423 -4.37513 2.38748 2.51192 -4.49791 2.05720 0.19912 -5.50098 2.77454 0.96426 -4.86773 1.83136 2.45443 -5.01457 1.87563 3.06195 -4.99416 2.09772 0.98196 -4.30557 1.87458 2.16544 -4.01305 1.28481 3.02182 -4.85353 1.40672 0.88296 -4.77897 1.49759 4.59516 -3.51950 0.65933 3.72891 -2.27526 1.34274 5.11598 -3.06402 0.73633 4.24560 -2.21672 1.62270 3.49355 -1.01172 1.78173 2.35939 -2.09880 0.98584 4.46468 -0.86319 1.90792 5.10151 -0.99493 1.28369 5.59696 -0.67609 2.45289 4.33665 -2.31555 2.21800 4.84061 -2.07234 1.79763 2.00532 -2.08452 1.96589 1.69388 -2.41581 1.79550 0.05976 -3.96206 1.35840 0.08008 -5.13644 2.24379 0.06558 -3.94205 2.30485 0.11010 -3.35496 1.63583 0.11056 -3.34857 1.23392 0.10971 -3.40813 2.68525 0.06757 -3.95477 2.86931 0.16183 -5.20714 3.36649 0.11526 -3.46049 2.24572 0.60389 -4.03401 2.68229 0.51117 -4.05282 2.57927 0.39738 -3.62970 1.81940 0.52083 -4.01758 2.84983 0.11609 -3.40235 2.45623 0.11702 -3.38914 2.99682 0.11270 -3.41506 3.07884 0.39455 -3.66685 1.45278 3.49330 3.12834 1.89084 2.85178 2.46149 1.95525 3.65185 2.60929 1.29894 2.74685 3.08800 1.68127 3.41335 3.59876 1.64481 2.80223 3.86922 2.30952 3.07330 3.62481 2.08698 3.47425 3.18933 2.36050 4.42411 3.36030 1.36914 4.60931 2.93157 1.01611 4.46301 3.95236 1.86800 4.67531 2.43305 1.67261 4.73627 4.26238 1.19190 5.87454 4.15667 2.08496 5.63059 3.75019 1.47607 5.97450 3.31616 1.37842 6.04091 3.80335 1.61963 5.51915 2.95075 1.66198 0.52923 3.69877 1.85731 0.55391 3.42824 1.89961 0.55017 3.97054 2.08339 0.54309 3.66133 1.45144 0.12166 4.37341 0.83899 0.06739 4.70874 1.07311 0.06775 4.83608 1.51955 0.03205 3.45437 2.07451 0.07748 3.36210 1.49182 0.42823 4.32814 1.04569 0.34301 4.63148 1.83869 0.09660 5.33779 1.59178 0.09649 5.35016 1.79329 0.06199 4.56440 1.81163 0.48827 4.45037 1.71107 0.43317 5.08049 2.48786 0.42608 4.25436 2.76094 0.04982 5.12935 2.56019 0.36532 4.97383 2.05695 0.06201 4.56041 2.26871 0.10797 4.44705 2.48804 0.06722 5.21801 1.90496 0.10126 5.35597 2.01004 0.35364 5.13805 2.13435 0.10158 5.34698 2.02746 0.49176 4.44659 2.01086 0.42495 5.13612 2.24063 0.48057 4.37696 2.29926 0.39994 5.10046 2.22981 0.08427 5.30736 2.44864 0.08398 5.28003 0.59912 6.01646 6.12946 0.44385 6.07037 5.45805 0.23926 5.64485 5.98288 0.79492 7.00714 5.32878 0.67871 6.95987 6.15041 0.00000 7.94756 5.29235 0.00000 7.52831 6.35942 -0.67871 6.95987 6.15041 0.85498 3.99445 0.07661 1.67920 4.55171 1.88847 1.35107 5.30389 0.75912 1.13477 3.48099 2.27555 0.00000 2.78690 2.04556 0.00000 2.95447 3.37280 -1.13477 3.48099 2.27555 -1.01611 4.46301 3.95236 -1.36914 4.60931 2.93157 0.74707 3.87102 -1.45630 0.00000 4.11501 4.74744 -2.43682 2.91186 -3.98478 -1.74527 2.99286 -3.42415 -2.42950 2.52652 -2.95170 -1.73467 3.21493 -4.00301 -2.46623 3.01137 -4.39260 -1.72702 3.58423 -4.37513 -1.19915 2.42515 -2.94021 -1.25123 2.63508 -4.34172 -1.28534 3.02182 -4.85353 -2.09800 0.98196 -4.30557 -1.81959 0.52083 -4.01758 -2.24591 0.60389 -4.03401 -1.40711 0.88296 -4.77897 -2.05771 0.19912 -5.50098 -2.38790 2.51192 -4.49791 -2.77495 0.96426 -4.86773 -1.83190 2.45443 -5.01457 -1.87486 2.16544 -4.01305 -1.49791 4.59516 -3.51950 -0.65930 3.72891 -2.27526 -1.62236 3.49355 -1.01172 -0.98584 4.46468 -0.86319 -1.90766 5.10151 -0.99493 -1.28369 5.59696 -0.67609 -0.73633 4.24560 -2.21672 -1.34298 5.11598 -3.06402 -1.79745 2.00532 -2.08452 -1.96576 1.69388 -2.41581 -1.78158 2.35939 -2.09880 -2.45290 4.33665 -2.31555 -2.21799 4.84061 -2.07234 -1.35883 0.08008 -5.13644 -1.63583 0.11056 -3.34857 -1.23395 0.10971 -3.40813 -1.79564 0.05976 -3.96206 -2.24393 0.06558 -3.94205 -2.68539 0.06757 -3.95477 -2.84984 0.11609 -3.40235 -2.30485 0.11010 -3.35496 -1.91809 0.11061 -3.36666 -2.68248 0.51117 -4.05282 -2.57935 0.39738 -3.62970 -2.86975 0.16183 -5.20714 -3.36651 0.11526 -3.46049 -2.99683 0.11270 -3.41506 -3.07892 0.39504 -3.66685 -1.45278 3.49330 3.12834 -1.89084 2.85178 2.46149 -1.29894 2.74685 3.08800 -1.95525 3.65185 2.60929 -1.86800 4.67531 2.43305 -1.68127 3.41335 3.59876 -1.64481 2.80223 3.86922 -1.66198 0.52923 3.69877 -1.89961 0.55017 3.97054 -2.30952 3.07330 3.62481 -1.61963 5.51915 2.95075 -1.67261 4.73627 4.26238 -1.19190 5.87406 4.15673 -2.08496 5.63059 3.75019 -2.36050 4.42411 3.36030 -2.08698 3.47425 3.18933 -2.08339 0.54309 3.66133 -1.85731 0.55391 3.42824 -1.47607 5.97450 3.31616 -1.37842 6.04091 3.80335 -2.07451 0.07748 3.36210 -1.45144 0.12166 4.37341 -1.51955 0.03205 3.45437 -1.79329 0.06199 4.56440 -2.05695 0.06201 4.56041 -0.83899 0.06739 4.70874 -1.07311 0.06775 4.83608 -1.49182 0.42823 4.32814 -1.04569 0.34301 4.63148 -1.81163 0.48827 4.45037 -2.02746 0.49176 4.44659 -2.01086 0.42495 5.13612 -1.83869 0.09660 5.33779 -1.59178 0.09649 5.35016 -2.48786 0.42608 4.25436 -2.24063 0.48057 4.37696 -2.56019 0.36532 4.97383 -2.26871 0.10797 4.44705 -2.76094 0.04982 5.12935 -1.90496 0.10126 5.35597 -2.01004 0.35364 5.13805 -2.13435 0.10158 5.34698 -2.29926 0.39994 5.10046 -2.22981 0.08427 5.30736 -2.44864 0.08398 5.28003 -0.44385 6.07037 5.45805 -0.59912 6.01646 6.12946 -0.23926 5.64485 5.98288 -0.79492 7.00714 5.32878 -0.85498 3.99445 0.07661 -1.35107 5.30389 0.75912 -1.67920 4.55171 1.88847 -0.74707 3.87102 -1.45630 0.00000 3.41720 -1.09737 0.00000 3.58164 -0.01719 0.00000 3.59734 -1.98310 -1.71107 0.43317 5.08049 -1.87620 3.06195 -4.99416 -0.17529 6.79592 -2.51013 0.18848 6.10279 -4.45859 -0.18848 6.10279 -4.45859 0.17529 6.79592 -2.51013 0.00000 4.79360 -6.21085 0.13135 3.46278 -7.58788 0.14990 4.66903 -6.09385 0.00000 3.58415 -7.67615 -0.13135 3.46278 -7.58788 -0.14990 4.66903 -6.09385 2.08312 0.40170 -3.60231 1.91808 0.11061 -3.36666 1.96973 1.33770 -5.66668 2.04204 0.62110 -5.33538 2.03567 1.20671 -5.19819 1.71729 4.95971 -3.35831 1.94190 4.22591 -2.93464 1.74512 4.66976 -2.88316 1.98339 1.55022 -5.51135 2.05570 1.04181 -5.25378 2.01515 1.45068 -5.12141 1.72318 3.61997 -4.86094 1.81350 2.89809 -4.79167 1.71412 3.31645 -4.59715 1.62870 3.83570 -4.74857 1.77817 3.14237 -4.58137 1.67458 3.43290 -4.38682 1.65332 5.12014 -3.22565 1.74512 4.72854 -2.93959 1.61377 4.85237 -2.83306 1.36535 2.88627 2.59358 1.39046 2.75212 3.00144 1.47807 2.39175 3.07356 1.43260 3.31585 2.51173 1.54649 3.20694 2.96328 1.49214 2.76670 2.90819 1.49712 0.40809 -3.62766 0.12842 2.87321 -8.63446 0.02490 2.97151 -8.73621 0.42041 2.86710 -9.11088 0.42480 2.58499 -9.21048 0.55566 2.14087 -9.76170 0.07422 2.30957 -9.07388 -2.08320 0.40170 -3.60231 -2.45673 0.11702 -3.38914 -2.48804 0.06722 5.21801 -2.04255 0.62110 -5.33538 -1.97035 1.33770 -5.66668 -2.03618 1.20671 -5.19819 -1.94190 4.22591 -2.93464 -1.71729 4.95971 -3.35831 -1.74512 4.66976 -2.88316 -2.05621 1.04181 -5.25378 -1.98399 1.55022 -5.51135 -2.01565 1.45068 -5.12141 -1.81402 2.89809 -4.79167 -1.72376 3.61997 -4.86094 -1.71461 3.31645 -4.59715 -1.77913 3.14247 -4.58136 -1.62926 3.83570 -4.74857 -1.67503 3.43290 -4.38682 -1.74512 4.72854 -2.93959 -1.65332 5.12014 -3.22565 -1.61377 4.85237 -2.83306 -1.39046 2.75212 3.00144 -1.36535 2.88627 2.59358 -1.47807 2.39175 3.07356 -1.54649 3.20694 2.96328 -1.43260 3.31585 2.51173 -1.49214 2.76670 2.90819 -1.49721 0.40809 -3.62766 -0.02490 2.97151 -8.73621 -0.12793 2.87321 -8.63446 -0.42041 2.86710 -9.11088 -0.55566 2.14087 -9.76170 -0.42480 2.58499 -9.21048 -0.07422 2.30957 -9.07388 0.00000 6.28218 -4.57504 0.00000 7.02490 -2.40782 0.00000 5.72191 5.51165 0.00000 2.81503 1.61960 -0.18945 2.90918 2.08423 0.18945 2.90918 2.08423 0.00000 3.05914 3.62562 -0.15625 3.52097 3.75020 0.15625 3.52097 3.75020</float_array>
     <technique_common>
      <accessor count="311" source="#realb56_6-lib-positions-array" stride="3">
       <param name="X" type="float"/>
       <param name="Y" type="float"/>
       <param name="Z" type="float"/>
      </accessor>
     </technique_common>
    </source>
    <source id="realb56_6-lib-normals" name="normal">
     <float_array id="realb56_6-lib-normals-array" count="3858">0.67850 0.66679 -0.30827 0.62445 0.52366 -0.57952 0.67294 0.64318 -0.36535 -0.67850 0.66679 -0.30827 -0.67294 0.64318 -0.36535 -0.62445 0.52366 -0.57952 -0.67272 0.73800 -0.05295 -0.67294 0.64318 -0.36535 -0.67850 0.66679 -0.30827 0.66168 -0.64297 0.38570 0.66144 -0.63936 0.39207 0.65192 -0.73615 0.18190 0.66168 -0.64297 0.38570 0.63532 -0.50773 0.58188 0.66144 -0.63936 0.39207 -0.66144 -0.63936 0.39207 -0.63532 -0.50773 0.58188 -0.66168 -0.64297 0.38570 -0.10364 0.92797 0.35795 0.37305 0.88165 0.28901 0.99350 -0.06508 0.09341 -0.10364 0.92797 0.35795 0.32650 0.83030 0.45166 0.37305 0.88165 0.28901 -0.79427 0.53876 0.28084 0.32650 0.83030 0.45166 -0.10364 0.92797 0.35795 -0.79427 0.53876 0.28084 -0.89426 0.44333 -0.06123 -0.81147 0.51115 0.28326 0.32650 0.83030 0.45166 0.51488 0.85382 0.07677 0.37305 0.88165 0.28901 0.32650 0.83030 0.45166 0.49595 0.62150 0.60644 0.51488 0.85382 0.07677 0.84386 0.00223 -0.53656 0.13173 0.39198 -0.91050 0.61819 0.32179 -0.71714 0.84386 0.00223 -0.53656 0.51599 0.10588 -0.85002 0.13173 0.39198 -0.91050 0.25521 0.40608 -0.87748 0.51599 0.10588 -0.85002 0.84386 0.00223 -0.53656 0.67807 -0.03613 0.73411 0.45373 0.42087 0.78549 0.70167 -0.04348 0.71118 0.67807 -0.03613 0.73411 0.61264 0.38685 0.68922 0.45373 0.42087 0.78549 -0.64353 -0.69390 -0.32307 -0.76676 -0.10583 -0.63315 -0.58081 -0.35104 -0.73445 -0.89426 0.44333 -0.06123 -0.70654 0.09955 -0.70064 -0.76676 -0.10583 -0.63315 -0.80503 0.16507 -0.56981 -0.70654 0.09955 -0.70064 -0.89426 0.44333 -0.06123 -0.89426 0.44333 -0.06123 -0.82715 0.42742 0.36487 -0.81147 0.51115 0.28326 -0.89426 0.44333 -0.06123 -0.85572 0.43857 0.27459 -0.82715 0.42742 0.36487 -0.82436 0.05574 -0.56332 -0.74302 -0.53297 -0.40481 -0.57371 -0.13667 -0.80758 -0.82436 0.05574 -0.56332 -0.92969 0.07246 -0.36115 -0.74302 -0.53297 -0.40481 -0.86815 0.16073 -0.46955 -0.92969 0.07246 -0.36115 -0.82436 0.05574 -0.56332 -0.86815 0.16073 -0.46955 -0.97014 0.16475 -0.17800 -0.92969 0.07246 -0.36115 -0.71685 -0.53387 0.44845 -0.72806 -0.55606 0.40090 -0.71864 -0.53099 0.44901 -0.71685 -0.53387 0.44845 -0.79271 -0.31040 0.52465 -0.72806 -0.55606 0.40090 0.20965 -0.10240 0.97240 0.56788 -0.13119 0.81259 0.74774 -0.17720 0.63991 0.20965 -0.10240 0.97240 0.29159 -0.23012 0.92845 0.56788 -0.13119 0.81259 0.81301 0.39380 -0.42889 0.69509 0.57247 -0.43490 0.74075 0.38499 -0.55053 0.81301 0.39380 -0.42889 0.88321 0.45872 -0.09753 0.69509 0.57247 -0.43490 -0.81205 -0.41908 0.40614 -0.92969 0.07246 -0.36115 -0.97014 0.16475 -0.17800 -0.81205 -0.41908 0.40614 -0.71685 -0.53387 0.44845 -0.71864 -0.53099 0.44901 0.81681 -0.03175 0.57604 0.80337 -0.27999 0.52554 0.88723 -0.24061 0.39362 0.81681 -0.03175 0.57604 0.79971 -0.18589 0.57089 0.99350 -0.06508 0.09341 -0.72806 -0.55606 0.40090 -0.83373 -0.38812 0.39274 -0.69897 -0.71285 0.05731 -0.79427 0.53876 0.28084 -0.79271 -0.31040 0.52465 -0.83373 -0.38812 0.39274 0.74774 -0.17720 0.63991 0.80337 -0.27999 0.52554 0.79971 -0.18589 0.57089 0.74774 -0.17720 0.63991 0.87687 -0.16537 0.45139 0.99350 -0.06508 0.09341 0.56788 -0.13119 0.81259 0.87687 -0.16537 0.45139 0.74774 -0.17720 0.63991 0.56788 -0.13119 0.81259 0.88321 0.45872 -0.09753 0.81301 0.39380 -0.42889 -0.05072 -0.99868 0.00800 0.04912 -0.99592 -0.07564 0.09186 -0.99463 -0.04775 -0.05072 -0.99868 0.00800 0.00821 -0.99996 -0.00469 0.04912 -0.99592 -0.07564 0.00168 -0.99669 0.08125 0.00821 -0.99996 -0.00469 -0.05072 -0.99868 0.00800 -0.03874 -0.99898 0.02304 0.09186 -0.99463 -0.04775 -0.00043 -0.99985 0.01711 -0.03874 -0.99898 0.02304 -0.05072 -0.99868 0.00800 0.09186 -0.99463 -0.04775 0.04007 -0.99912 -0.01277 0.04912 -0.99592 -0.07564 0.00821 -0.99996 -0.00469 0.04007 -0.99912 -0.01277 0.00735 -0.99723 -0.07397 0.04912 -0.99592 -0.07564 0.06135 -0.99805 0.01173 0.00735 -0.99723 -0.07397 0.04007 -0.99912 -0.01277 0.04470 0.75680 0.65212 0.08364 0.86972 0.48640 0.12335 0.85439 0.50478 0.04470 0.75680 0.65212 0.45373 0.42087 0.78549 0.08364 0.86972 0.48640 -0.09885 0.83878 0.53543 0.45373 0.42087 0.78549 0.04470 0.75680 0.65212 -0.09885 0.83878 0.53543 -0.60332 0.11487 0.78918 -0.57335 0.15264 0.80497 0.00335 -0.99599 0.08945 0.00821 -0.99996 -0.00469 0.00073 -0.99573 0.09236 0.00335 -0.99599 0.08945 0.04007 -0.99912 -0.01277 0.00821 -0.99996 -0.00469 -0.66766 0.43730 0.60249 0.08364 0.86972 0.48640 -0.36269 0.72097 0.59047 -0.66766 0.43730 0.60249 -0.86516 0.10273 0.49086 -0.86516 0.10273 0.49086 0.84144 0.53961 -0.02840 0.61819 0.32179 -0.71714 0.66482 0.35624 -0.65659 0.84144 0.53961 -0.02840 0.59604 0.77339 0.21587 0.61264 0.38685 0.68922 -0.78259 -0.00014 -0.62253 -0.73078 -0.01569 -0.68244 -0.71474 -0.02326 -0.69901 -0.78259 -0.00014 -0.62253 -0.71628 -0.09070 -0.69189 -0.73078 -0.01569 -0.68244 -0.91109 -0.13976 0.38780 -0.90714 0.08064 0.41304 -0.89562 -0.18823 0.40304 -0.91109 -0.13976 0.38780 -0.90690 0.07789 0.41409 -0.90714 0.08064 0.41304 0.28889 0.59141 0.75285 0.34597 0.40545 0.84612 0.26814 0.19342 0.94376 0.28889 0.59141 0.75285 0.39453 0.76760 0.50512 0.34597 0.40545 0.84612 0.99242 -0.04855 0.11286 0.99071 -0.13275 -0.02963 0.52584 -0.37804 0.76196 0.99242 -0.04855 0.11286 0.94462 -0.08218 -0.31772 0.99071 -0.13275 -0.02963 -0.78259 -0.00014 -0.62253 -0.79119 -0.04813 -0.60967 -0.94449 -0.28190 -0.16876 -0.78259 -0.00014 -0.62253 -0.70528 -0.00902 -0.70887 -0.79119 -0.04813 -0.60967 -0.71474 -0.02326 -0.69901 -0.70528 -0.00902 -0.70887 -0.78259 -0.00014 -0.62253 0.05767 -0.17402 0.98305 -0.30245 -0.29987 0.90477 0.29634 0.39579 0.86922 0.05767 -0.17402 0.98305 0.52584 -0.37804 0.76196 -0.30245 -0.29987 0.90477 0.61421 0.24417 0.75042 0.05767 -0.17402 0.98305 0.29634 0.39579 0.86922 0.61421 0.24417 0.75042 0.99242 -0.04855 0.11286 0.79238 -0.01610 0.60981 0.86437 0.22110 -0.45164 0.99242 -0.04855 0.11286 0.72598 0.58803 -0.35662 0.86437 0.22110 -0.45164 0.94462 -0.08218 -0.31772 0.99242 -0.04855 0.11286 0.61054 0.74626 -0.26520 0.72598 0.58803 -0.35662 0.49141 0.80225 0.33899 0.61054 0.74626 -0.26520 0.69594 0.53447 -0.47959 0.72598 0.58803 -0.35662 0.99071 -0.13275 -0.02963 0.94485 -0.04169 -0.32484 0.94125 -0.00567 -0.33768 0.99071 -0.13275 -0.02963 0.94462 -0.08218 -0.31772 0.94485 -0.04169 -0.32484 -0.80753 0.24469 -0.53668 -0.73078 -0.01569 -0.68244 -0.71628 -0.09070 -0.69189 -0.80753 0.24469 -0.53668 -0.68505 0.03236 -0.72778 -0.73078 -0.01569 -0.68244 -0.78858 -0.05191 0.61274 -0.90690 0.07789 0.41409 -0.74955 -0.05513 0.65965 -0.78858 -0.05191 0.61274 -0.90714 0.08064 0.41304 -0.90690 0.07789 0.41409 0.79831 0.14727 -0.58396 0.94485 -0.04169 -0.32484 0.71763 -0.00732 -0.69639 0.79831 0.14727 -0.58396 0.94125 -0.00567 -0.33768 0.94485 -0.04169 -0.32484 0.79326 -0.04568 0.60717 0.34597 0.40545 0.84612 0.85688 -0.06921 0.51086 0.79326 -0.04568 0.60717 0.26814 0.19342 0.94376 0.34597 0.40545 0.84612 0.00241 -0.99925 0.03861 0.08222 -0.99655 -0.01111 0.04474 -0.99584 -0.07944 0.00241 -0.99925 0.03861 0.10738 -0.98873 0.10436 0.08222 -0.99655 -0.01111 0.02089 -0.99871 0.04619 0.10738 -0.98873 0.10436 0.00241 -0.99925 0.03861 -0.17758 0.97806 0.10894 -0.16700 0.97155 0.16794 0.32009 0.67834 0.66135 -0.17758 0.97806 0.10894 -0.03513 0.99571 0.08556 -0.16700 0.97155 0.16794 -0.04330 -0.99903 -0.00858 0.00241 -0.99925 0.03861 -0.00083 -0.99967 -0.02565 -0.04330 -0.99903 -0.00858 -0.10002 -0.99482 0.01828 0.00241 -0.99925 0.03861 0.96779 0.23990 0.07637 0.99483 0.10057 0.01405 0.99676 -0.05786 -0.05593 0.86674 0.46552 0.17903 0.99483 0.10057 0.01405 0.96779 0.23990 0.07637 0.81082 0.24258 -0.53266 0.79831 0.14727 -0.58396 0.71763 -0.00732 -0.69639 0.81082 0.24258 -0.53266 0.93244 -0.01792 -0.36089 0.79831 0.14727 -0.58396 0.94050 0.29645 -0.16605 0.93244 -0.01792 -0.36089 0.81082 0.24258 -0.53266 0.94050 0.29645 -0.16605 0.78597 0.61768 -0.02686 0.93244 -0.01792 -0.36089 -0.10002 -0.99482 0.01828 0.02089 -0.99871 0.04619 0.00241 -0.99925 0.03861 -0.10002 -0.99482 0.01828 0.08175 -0.99663 -0.00717 0.02089 -0.99871 0.04619 0.00724 -0.99993 0.00934 0.02089 -0.99871 0.04619 0.08175 -0.99663 -0.00717 0.00724 -0.99993 0.00934 -0.09637 -0.99523 -0.01531 0.02089 -0.99871 0.04619 -0.07386 -0.99677 -0.03168 -0.09637 -0.99523 -0.01531 0.00724 -0.99993 0.00934 -0.88494 0.38829 0.25713 -0.96257 0.18951 0.19376 -0.85985 0.39364 0.32514 -0.88494 0.38829 0.25713 -0.98765 0.07873 0.13542 -0.96257 0.18951 0.19376 -0.10002 -0.99482 0.01828 0.00279 -0.99878 0.04931 0.08175 -0.99663 -0.00717 -0.10002 -0.99482 0.01828 0.00329 -0.99879 0.04909 0.00279 -0.99878 0.04931 0.96956 0.24468 -0.00907 0.98863 0.13911 -0.05709 0.99412 0.04177 -0.09992 0.96956 0.24468 -0.00907 0.91888 0.38997 0.05991 0.98863 0.13911 -0.05709 0.03681 0.99374 0.10550 0.16358 0.98396 0.07121 0.08585 0.99092 0.10348 0.03681 0.99374 0.10550 -0.03513 0.99571 0.08556 0.16358 0.98396 0.07121 -0.12037 0.98882 0.08802 -0.03513 0.99571 0.08556 0.03681 0.99374 0.10550 -0.12037 0.98882 0.08802 -0.16700 0.97155 0.16794 -0.03513 0.99571 0.08556 -0.76405 0.60696 0.21869 -0.16700 0.97155 0.16794 -0.12037 0.98882 0.08802 -0.76405 0.60696 0.21869 -0.89340 0.39428 0.21536 -0.16700 0.97155 0.16794 -0.90324 0.26480 0.33770 -0.95203 0.12099 0.28108 -0.80684 0.43763 0.39685 -0.90324 0.26480 0.33770 -0.97418 -0.00711 0.22565 -0.95203 0.12099 0.28108 0.08175 -0.99663 -0.00717 0.03669 -0.99927 0.01054 0.00724 -0.99993 0.00934 0.08175 -0.99663 -0.00717 0.00233 -0.99957 0.02925 0.03669 -0.99927 0.01054 0.95531 0.27909 -0.09747 0.97707 0.13201 -0.16707 0.97709 0.03412 -0.21007 0.95531 0.27909 -0.09747 0.90967 0.41443 -0.02752 0.97707 0.13201 -0.16707 0.16358 0.98396 0.07121 0.23628 0.97064 0.04506 0.78597 0.61768 -0.02686 0.16358 0.98396 0.07121 0.16703 0.98472 0.04933 0.23628 0.97064 0.04506 -0.03513 0.99571 0.08556 0.16703 0.98472 0.04933 0.16358 0.98396 0.07121 0.89157 -0.42946 -0.14379 0.79195 -0.54185 -0.28145 0.65895 -0.68900 -0.30176 0.89157 -0.42946 -0.14379 0.95785 0.27671 0.07717 0.79195 -0.54185 -0.28145 0.91807 0.34868 0.18859 0.95785 0.27671 0.07717 0.89157 -0.42946 -0.14379 0.91807 0.34868 0.18859 0.70951 0.67196 0.21226 0.95785 0.27671 0.07717 0.66572 0.69452 0.27287 0.70951 0.67196 0.21226 0.91807 0.34868 0.18859 -0.66572 0.69452 0.27287 -0.91807 0.34868 0.18859 -0.70951 0.67196 0.21226 0.76969 -0.62179 -0.14473 0.91848 -0.38507 -0.09012 0.93694 -0.20894 -0.28017 0.76969 -0.62179 -0.14473 0.75290 -0.65549 0.05901 0.91848 -0.38507 -0.09012 0.51967 -0.84869 -0.09835 0.75290 -0.65549 0.05901 0.76969 -0.62179 -0.14473 0.51967 -0.84869 -0.09835 0.61673 -0.70740 0.34530 0.75290 -0.65549 0.05901 -0.75290 -0.65549 0.05901 -0.61673 -0.70740 0.34530 -0.51967 -0.84869 -0.09835 -0.75290 -0.65549 0.05901 -0.72136 -0.54991 0.42099 -0.61673 -0.70740 0.34530 -0.89883 -0.34436 0.27115 -0.72136 -0.54991 0.42099 -0.75290 -0.65549 0.05901 0.94022 -0.33839 -0.03840 0.76969 -0.62179 -0.14473 0.93694 -0.20894 -0.28017 0.94022 -0.33839 -0.03840 0.63236 -0.77250 -0.05796 0.76969 -0.62179 -0.14473 0.75290 -0.65549 0.05901 0.89883 -0.34436 0.27115 0.91848 -0.38507 -0.09012 0.75290 -0.65549 0.05901 0.72136 -0.54991 0.42099 0.89883 -0.34436 0.27115 0.61673 -0.70740 0.34530 0.72136 -0.54991 0.42099 0.75290 -0.65549 0.05901 0.61673 -0.70740 0.34530 0.60833 -0.60646 0.51200 0.72136 -0.54991 0.42099 -0.72136 -0.54991 0.42099 -0.60833 -0.60646 0.51200 -0.61673 -0.70740 0.34530 -0.97807 0.15012 0.14439 -0.89340 0.39428 0.21536 0.77460 -0.00864 0.63239 0.55596 0.38916 0.73448 0.77460 -0.00864 0.63239 0.84386 0.00223 -0.53656 0.99350 -0.06508 0.09341 0.99384 -0.11047 -0.00883 0.84386 0.00223 -0.53656 0.88723 -0.24061 0.39362 0.99350 -0.06508 0.09341 -0.69897 -0.71285 0.05731 -0.64353 -0.69390 -0.32307 -0.74302 -0.53297 -0.40481 -0.69897 -0.71285 0.05731 -0.08164 -0.95713 -0.27791 -0.64353 -0.69390 -0.32307 0.58708 0.04257 -0.80841 0.74075 0.38499 -0.55053 0.58708 0.04257 -0.80841 0.99350 -0.06508 0.09341 0.81301 0.39380 -0.42889 0.74075 0.38499 -0.55053 -0.56976 -0.25811 0.78022 -0.60332 0.11487 0.78918 -0.58971 -0.24455 0.76970 -0.56976 -0.25811 0.78022 -0.57335 0.15264 0.80497 -0.60332 0.11487 0.78918 -0.80753 0.24469 -0.53668 -0.63063 0.35086 -0.69225 -0.68505 0.03236 -0.72778 -0.80753 0.24469 -0.53668 -0.77763 0.45551 -0.43337 -0.63063 0.35086 -0.69225 -0.01445 0.99527 0.09610 -0.12037 0.98882 0.08802 0.03681 0.99374 0.10550 -0.95966 0.01867 0.28053 -0.85985 0.39364 0.32514 -0.96257 0.18951 0.19376 -0.37305 0.88163 0.28909 0.10368 0.92798 0.35792 -0.96780 -0.11345 0.22469 -0.37305 0.88163 0.28909 -0.32650 0.83028 0.45171 0.10368 0.92798 0.35792 -0.51490 0.85380 0.07683 -0.32650 0.83028 0.45171 -0.37305 0.88163 0.28909 -0.51490 0.85380 0.07683 -0.49592 0.62144 0.60653 -0.32650 0.83028 0.45171 -0.32650 0.83028 0.45171 0.79431 0.53878 0.28069 0.10368 0.92798 0.35792 0.81150 0.51120 0.28310 0.89423 0.44338 -0.06143 0.79431 0.53878 0.28069 0.82719 0.42749 0.36469 0.89423 0.44338 -0.06143 0.81150 0.51120 0.28310 0.82719 0.42749 0.36469 0.85575 0.43863 0.27440 0.89423 0.44338 -0.06143 0.04235 0.73037 0.68174 0.09886 0.83880 0.53539 -0.04471 0.75678 0.65214 0.04235 0.73037 0.68174 0.86916 0.11923 0.47995 0.09886 0.83880 0.53539 -0.13179 0.39198 -0.91049 -0.84394 0.00219 -0.53643 -0.61826 0.32179 -0.71708 -0.13179 0.39198 -0.91049 -0.51607 0.10586 -0.84998 -0.84394 0.00219 -0.53643 -0.67799 -0.03617 0.73418 -0.65618 -0.02954 0.75403 -0.53066 0.48164 0.69744 -0.67799 -0.03617 0.73418 -0.70158 -0.04352 0.71126 -0.65618 -0.02954 0.75403 0.76668 -0.10577 -0.63326 0.64351 -0.69387 -0.32319 0.58078 -0.35100 -0.73451 0.76668 -0.10577 -0.63326 0.70645 0.09958 -0.70072 0.89423 0.44338 -0.06143 0.78009 -0.56348 -0.27196 0.82426 0.05578 -0.56346 0.57365 -0.13662 -0.80762 0.78009 -0.56348 -0.27196 0.92964 0.07251 -0.36126 0.82426 0.05578 -0.56346 0.71696 -0.53379 0.44837 0.71874 -0.53094 0.44891 0.73488 -0.56754 0.37128 0.71696 -0.53379 0.44837 0.81216 -0.41892 0.40609 0.71874 -0.53094 0.44891 -0.56786 -0.13123 0.81260 -0.20971 -0.10240 0.97239 -0.74768 -0.17723 0.63997 -0.56786 -0.13123 0.81260 -0.29167 -0.23014 0.92842 -0.20971 -0.10240 0.97239 0.97012 0.16480 -0.17810 0.92964 0.07251 -0.36126 0.81216 -0.41892 0.40609 0.97012 0.16480 -0.17810 0.86806 0.16076 -0.46970 0.92964 0.07251 -0.36126 -0.80328 -0.28001 0.52567 -0.81672 -0.03180 0.57616 -0.88714 -0.24064 0.39380 -0.96780 -0.11345 0.22469 -0.79962 -0.18591 0.57101 -0.81672 -0.03180 0.57616 0.83382 -0.38810 0.39259 0.73488 -0.56754 0.37128 0.69900 -0.71284 0.05714 0.83382 -0.38810 0.39259 0.79281 -0.31039 0.52452 0.79431 0.53878 0.28069 -0.80328 -0.28001 0.52567 -0.74768 -0.17723 0.63997 -0.79962 -0.18591 0.57101 -0.96780 -0.11345 0.22469 -0.90895 -0.07047 0.41091 -0.74768 -0.17723 0.63997 -0.74083 0.38498 -0.55041 -0.75673 0.38661 -0.52715 -0.70933 0.12925 -0.69292 -0.74083 0.38498 -0.55041 -0.69516 0.57248 -0.43477 -0.75673 0.38661 -0.52715 -0.90895 -0.07047 0.41091 -0.56786 -0.13123 0.81260 -0.74768 -0.17723 0.63997 -0.90895 -0.07047 0.41091 -0.88325 0.45869 -0.09734 -0.56786 -0.13123 0.81260 -0.69516 0.57248 -0.43477 -0.88325 0.45869 -0.09734 -0.75673 0.38661 -0.52715 -0.09187 -0.99463 -0.04773 0.03874 -0.99898 0.02303 0.00043 -0.99985 0.01711 -0.09187 -0.99463 -0.04773 0.05072 -0.99868 0.00800 0.03874 -0.99898 0.02303 -0.04910 -0.99593 -0.07563 0.05072 -0.99868 0.00800 -0.09187 -0.99463 -0.04773 -0.04910 -0.99593 -0.07563 -0.00821 -0.99996 -0.00470 0.05072 -0.99868 0.00800 -0.04006 -0.99912 -0.01277 -0.00821 -0.99996 -0.00470 -0.04910 -0.99593 -0.07563 -0.04006 -0.99912 -0.01277 -0.00335 -0.99599 0.08945 -0.00821 -0.99996 -0.00470 0.05072 -0.99868 0.00800 -0.00168 -0.99669 0.08125 0.00390 -0.99630 0.08589 0.05072 -0.99868 0.00800 -0.00821 -0.99996 -0.00470 -0.00168 -0.99669 0.08125 -0.08318 0.86973 0.48647 -0.04471 0.75678 0.65214 -0.12307 0.85431 0.50498 -0.08318 0.86973 0.48647 0.04235 0.73037 0.68174 -0.04471 0.75678 0.65214 -0.53066 0.48164 0.69744 0.04235 0.73037 0.68174 -0.08318 0.86973 0.48647 -0.00735 -0.99723 -0.07397 -0.04006 -0.99912 -0.01277 -0.04910 -0.99593 -0.07563 -0.00735 -0.99723 -0.07397 -0.06135 -0.99805 0.01174 -0.04006 -0.99912 -0.01277 -0.08318 0.86973 0.48647 0.66817 0.43683 0.60227 0.36379 0.72045 0.59043 0.86524 0.10280 0.49070 0.86524 0.10280 0.49070 0.66817 0.43683 0.60227 -0.61826 0.32179 -0.71708 -0.84181 0.53901 -0.02868 -0.66490 0.35624 -0.65651 -0.53066 0.48164 0.69744 -0.59736 0.77261 0.21501 -0.84181 0.53901 -0.02868 0.78259 -0.00014 -0.62253 0.73078 -0.01569 -0.68244 0.71628 -0.09070 -0.69189 0.78259 -0.00014 -0.62253 0.71474 -0.02326 -0.69901 0.73078 -0.01569 -0.68244 0.70528 -0.00902 -0.70887 0.71474 -0.02326 -0.69901 0.78259 -0.00014 -0.62253 0.90714 0.08064 0.41304 0.91109 -0.13976 0.38780 0.89562 -0.18823 0.40304 0.90714 0.08064 0.41304 0.90690 0.07789 0.41409 0.91109 -0.13976 0.38780 0.78858 -0.05191 0.61274 0.90690 0.07789 0.41409 0.90714 0.08064 0.41304 0.78858 -0.05191 0.61274 0.74955 -0.05513 0.65965 0.90690 0.07789 0.41409 -0.26814 0.19342 0.94376 -0.34597 0.40545 0.84612 -0.47279 0.11184 0.87405 -0.26814 0.19342 0.94376 -0.79326 -0.04568 0.60717 -0.34597 0.40545 0.84612 0.79119 -0.04813 -0.60967 0.78259 -0.00014 -0.62253 0.94449 -0.28190 -0.16876 0.79119 -0.04813 -0.60967 0.70528 -0.00902 -0.70887 0.78259 -0.00014 -0.62253 0.70500 0.20839 -0.67790 0.70528 -0.00902 -0.70887 0.79119 -0.04813 -0.60967 0.30243 -0.29990 0.90476 -0.05770 -0.17402 0.98305 -0.29620 0.39558 0.86936 0.30243 -0.29990 0.90476 -0.47279 0.11184 0.87405 -0.05770 -0.17402 0.98305 -0.05770 -0.17402 0.98305 -0.61414 0.24418 0.75047 -0.29620 0.39558 0.86936 -0.79238 -0.01610 0.60981 -0.82684 -0.23283 0.51198 -0.61414 0.24418 0.75047 -0.47279 0.11184 0.87405 -0.82684 -0.23283 0.51198 -0.05770 -0.17402 0.98305 -0.47279 0.11184 0.87405 -0.96104 -0.24608 0.12587 -0.82684 -0.23283 0.51198 -0.34597 0.40545 0.84612 -0.39453 0.76760 0.50512 -0.47279 0.11184 0.87405 -0.94125 -0.00567 -0.33768 -0.94485 -0.04169 -0.32484 -0.92555 0.12588 -0.35708 -0.79831 0.14727 -0.58396 -0.94485 -0.04169 -0.32484 -0.94125 -0.00567 -0.33768 -0.79831 0.14727 -0.58396 -0.54169 0.01041 -0.84051 -0.94485 -0.04169 -0.32484 -0.72598 0.58803 -0.35662 -0.61054 0.74626 -0.26520 -0.49136 0.80213 0.33934 -0.72598 0.58803 -0.35662 -0.69594 0.53447 -0.47959 -0.61054 0.74626 -0.26520 -0.86437 0.22110 -0.45164 -0.69594 0.53447 -0.47959 -0.72598 0.58803 -0.35662 0.80753 0.24469 -0.53668 0.73078 -0.01569 -0.68244 0.81146 0.02044 -0.58405 0.80753 0.24469 -0.53668 0.71628 -0.09070 -0.69189 0.73078 -0.01569 -0.68244 -0.02089 -0.99871 0.04619 -0.00241 -0.99925 0.03861 -0.10738 -0.98873 0.10436 -0.02089 -0.99871 0.04619 0.10002 -0.99482 0.01828 -0.00241 -0.99925 0.03861 -0.08175 -0.99663 -0.00717 0.10002 -0.99482 0.01828 -0.02089 -0.99871 0.04619 -0.08222 -0.99655 -0.01111 -0.00241 -0.99925 0.03861 -0.04474 -0.99584 -0.07944 -0.08222 -0.99655 -0.01111 -0.10738 -0.98873 0.10436 -0.00241 -0.99925 0.03861 0.16700 0.97155 0.16794 0.17758 0.97806 0.10894 -0.32009 0.67834 0.66135 0.16700 0.97155 0.16794 0.03513 0.99571 0.08556 0.17758 0.97806 0.10894 0.15014 0.98358 0.10016 0.03513 0.99571 0.08556 0.16700 0.97155 0.16794 0.15014 0.98358 0.10016 -0.03681 0.99374 0.10550 0.03513 0.99571 0.08556 0.01445 0.99527 0.09610 -0.03681 0.99374 0.10550 0.15014 0.98358 0.10016 -0.00241 -0.99925 0.03861 0.04330 -0.99903 -0.00858 0.00083 -0.99967 -0.02565 -0.00241 -0.99925 0.03861 0.10002 -0.99482 0.01828 0.04330 -0.99903 -0.00858 -0.99676 -0.05786 -0.05593 -0.99483 0.10057 0.01405 -0.96779 0.23990 0.07637 -0.79831 0.14727 -0.58396 -0.81082 0.24258 -0.53266 -0.54169 0.01041 -0.84051 -0.79831 0.14727 -0.58396 -0.93244 -0.01792 -0.36089 -0.81082 0.24258 -0.53266 -0.20758 0.97589 0.06752 -0.23628 0.97064 0.04506 -0.16703 0.98472 0.04933 -0.20758 0.97589 0.06752 -0.78597 0.61768 -0.02686 -0.23628 0.97064 0.04506 -0.02089 -0.99871 0.04619 -0.00724 -0.99993 0.00934 -0.08175 -0.99663 -0.00717 -0.02089 -0.99871 0.04619 0.09637 -0.99523 -0.01531 -0.00724 -0.99993 0.00934 0.15014 0.98358 0.10016 0.88494 0.38829 0.25713 0.85985 0.39364 0.32514 0.98605 0.07302 0.14957 0.98765 0.07873 0.13542 0.88494 0.38829 0.25713 0.10002 -0.99482 0.01828 -0.00279 -0.99878 0.04931 -0.00329 -0.99879 0.04909 0.10002 -0.99482 0.01828 -0.08175 -0.99663 -0.00717 -0.00279 -0.99878 0.04931 -0.98863 0.13911 -0.05709 -0.96956 0.24468 -0.00907 -0.99412 0.04177 -0.09992 -0.98863 0.13911 -0.05709 -0.91888 0.38997 0.05991 -0.96956 0.24468 -0.00907 -0.20758 0.97589 0.06752 -0.03681 0.99374 0.10550 -0.08585 0.99092 0.10348 -0.20758 0.97589 0.06752 0.03513 0.99571 0.08556 -0.03681 0.99374 0.10550 -0.16703 0.98472 0.04933 0.03513 0.99571 0.08556 -0.20758 0.97589 0.06752 0.95203 0.12099 0.28108 0.90324 0.26480 0.33770 0.80684 0.43763 0.39685 0.95203 0.12099 0.28108 0.97418 -0.00711 0.22565 0.90324 0.26480 0.33770 -0.08175 -0.99663 -0.00717 -0.03669 -0.99927 0.01054 -0.00233 -0.99957 0.02925 -0.08175 -0.99663 -0.00717 -0.00724 -0.99993 0.00934 -0.03669 -0.99927 0.01054 -0.97709 0.03412 -0.21007 -0.95531 0.27909 -0.09747 -0.97709 0.03412 -0.21007 -0.20758 0.97589 0.06752 -0.90967 0.41443 -0.02752 -0.95531 0.27909 -0.09747 -0.93244 -0.01792 -0.36089 -0.94050 0.29645 -0.16605 -0.81082 0.24258 -0.53266 -0.93244 -0.01792 -0.36089 -0.78597 0.61768 -0.02686 -0.94050 0.29645 -0.16605 -0.88707 0.19553 -0.41819 -0.86437 0.22110 -0.45164 -0.72598 0.58803 -0.35662 -0.88707 0.19553 -0.41819 -0.94462 -0.08218 -0.31772 -0.86437 0.22110 -0.45164 -0.96104 -0.24608 0.12587 -0.94462 -0.08218 -0.31772 -0.82684 -0.23283 0.51198 -0.96104 -0.24608 0.12587 -0.94485 -0.04169 -0.32484 -0.94462 -0.08218 -0.31772 -0.79195 -0.54185 -0.28145 -0.89157 -0.42946 -0.14379 -0.65895 -0.68900 -0.30176 -0.79195 -0.54185 -0.28145 -0.95785 0.27671 0.07717 -0.89157 -0.42946 -0.14379 -0.76969 -0.62179 -0.14473 -0.93694 -0.20894 -0.28017 -0.91848 -0.38507 -0.09012 -0.76969 -0.62179 -0.14473 -0.94022 -0.33839 -0.03840 -0.93694 -0.20894 -0.28017 -0.63236 -0.77250 -0.05796 -0.94022 -0.33839 -0.03840 -0.76969 -0.62179 -0.14473 -0.00000 -0.99967 -0.02574 -0.76969 -0.62179 -0.14473 0.00000 -0.99510 -0.09887 -0.00000 -0.99967 -0.02574 -0.63236 -0.77250 -0.05796 -0.76969 -0.62179 -0.14473 0.00000 -0.97994 -0.19930 -0.63236 -0.77250 -0.05796 -0.00000 -0.99967 -0.02574 -0.95785 0.27671 0.07717 -0.91807 0.34868 0.18859 -0.89157 -0.42946 -0.14379 -0.95785 0.27671 0.07717 -0.70951 0.67196 0.21226 -0.91807 0.34868 0.18859 -0.75290 -0.65549 0.05901 -0.91848 -0.38507 -0.09012 -0.89883 -0.34436 0.27115 -0.75290 -0.65549 0.05901 -0.76969 -0.62179 -0.14473 -0.91848 -0.38507 -0.09012 -0.51967 -0.84869 -0.09835 -0.76969 -0.62179 -0.14473 -0.75290 -0.65549 0.05901 -0.51967 -0.84869 -0.09835 0.00000 -0.99510 -0.09887 -0.76969 -0.62179 -0.14473 0.76969 -0.62179 -0.14473 0.00000 -0.99510 -0.09887 0.51967 -0.84869 -0.09835 0.76969 -0.62179 -0.14473 -0.00000 -0.99967 -0.02574 0.00000 -0.99510 -0.09887 0.63236 -0.77250 -0.05796 -0.00000 -0.99967 -0.02574 0.76969 -0.62179 -0.14473 0.63236 -0.77250 -0.05796 0.00000 -0.97994 -0.19930 -0.00000 -0.99967 -0.02574 0.89340 0.39428 0.21536 0.97807 0.15012 0.14439 0.89340 0.39428 0.21536 0.76405 0.60696 0.21869 0.16700 0.97155 0.16794 -0.55596 0.38916 0.73448 0.16700 0.97155 0.16794 -0.32009 0.67834 0.66135 -0.55596 0.38916 0.73448 -0.77460 -0.00864 0.63239 -0.96780 -0.11345 0.22469 -0.84394 0.00219 -0.53643 -0.99384 -0.11053 -0.00860 -0.96780 -0.11345 0.22469 -0.88714 -0.24064 0.39380 -0.84394 0.00219 -0.53643 0.64351 -0.69387 -0.32319 0.69900 -0.71284 0.05714 0.78009 -0.56348 -0.27196 0.64351 -0.69387 -0.32319 0.08161 -0.95713 -0.27793 0.69900 -0.71284 0.05714 -0.84394 0.00219 -0.53643 -0.25529 0.40608 -0.87746 -0.93643 -0.07459 -0.34284 -0.84394 0.00219 -0.53643 -0.51607 0.10586 -0.84998 -0.25529 0.40608 -0.87746 0.56984 -0.25810 0.78017 0.86916 0.11923 0.47995 0.51073 -0.29582 0.80724 0.56984 -0.25810 0.78017 0.58978 -0.24454 0.76965 0.86916 0.11923 0.47995 0.63063 0.35086 -0.69225 0.80753 0.24469 -0.53668 0.81146 0.02044 -0.58405 0.63063 0.35086 -0.69225 0.77763 0.45551 -0.43337 0.80753 0.24469 -0.53668 0.77506 0.45978 -0.43346 0.77763 0.45551 -0.43337 0.63063 0.35086 -0.69225 0.00000 -0.94216 0.33516 0.00000 -0.86276 0.50562 0.00000 -0.86275 0.50563 0.00000 -0.94216 0.33516 0.00000 -0.94216 0.33516 0.00000 -0.86276 0.50562 0.75154 0.49865 -0.43190 0.75183 0.50850 -0.41973 0.75129 0.49830 -0.43274 0.75154 0.49865 -0.43190 0.75189 0.50846 -0.41967 0.75183 0.50850 -0.41973 0.00000 -0.76503 0.64399 0.00000 -0.77806 0.62819 0.00000 -0.76503 0.64399 0.00000 -0.76503 0.64399 0.00000 -0.77806 0.62819 0.00000 -0.86275 0.50563 0.00000 -0.76503 0.64399 0.00000 -0.76503 0.64399 0.00000 -0.86275 0.50563 0.00000 -0.86276 0.50562 0.00000 -0.76503 0.64399 -0.75154 0.49865 -0.43190 -0.75183 0.50850 -0.41973 -0.75189 0.50846 -0.41967 -0.75154 0.49865 -0.43190 -0.75129 0.49830 -0.43274 -0.75183 0.50850 -0.41973 0.67272 0.73800 -0.05295 0.67850 0.66679 -0.30827 0.67294 0.64318 -0.36535 0.25521 0.40608 -0.87748 0.51488 0.85382 0.07677 0.23683 0.76993 -0.59255 0.99384 -0.11047 -0.00883 0.93637 -0.07454 -0.34300 0.84386 0.00223 -0.53656 0.25521 0.40608 -0.87748 0.23683 0.76993 -0.59255 -0.20608 0.72288 -0.65952 0.13173 0.39198 -0.91050 0.66482 0.35624 -0.65659 0.61819 0.32179 -0.71714 0.79196 0.39912 0.46207 0.96717 -0.01963 0.25335 -0.04922 0.84062 0.53939 -0.09885 0.83878 0.53543 0.04470 0.75680 0.65212 -0.04922 0.84062 0.53939 -0.81718 0.42362 0.39086 -0.09885 0.83878 0.53543 -0.05072 -0.99868 0.00800 -0.00390 -0.99630 0.08589 0.00168 -0.99669 0.08125 0.99458 -0.02095 -0.10184 0.99458 -0.02095 -0.10184 0.12335 0.85439 0.50478 -0.73897 0.39928 0.54268 0.04470 0.75680 0.65212 0.95821 -0.05564 -0.28059 0.95821 -0.05564 -0.28059 0.95821 -0.05564 -0.28059 -0.36269 0.72097 0.59047 0.08364 0.86972 0.48640 -0.19289 0.86669 0.46004 0.04007 -0.99912 -0.01277 0.01601 -0.99712 0.07413 0.06135 -0.99805 0.01173 -0.80503 0.16507 -0.56981 -0.78173 0.29231 -0.55087 0.13173 0.39198 -0.91050 -0.80503 0.16507 -0.56981 -0.84347 0.50637 0.17930 -0.78173 0.29231 -0.55087 -0.89562 -0.18823 0.40304 -0.94449 -0.28190 -0.16876 -0.91109 -0.13976 0.38780 0.61421 0.24417 0.75042 0.29634 0.39579 0.86922 0.49141 0.80225 0.33899 -0.16847 0.05978 -0.98389 -0.68505 0.03236 -0.72778 -0.63063 0.35086 -0.69225 -0.68492 0.55370 0.47361 -0.83841 0.34937 0.41834 -0.93009 0.13690 0.34088 -0.70500 0.20839 -0.67790 -0.79119 -0.04813 -0.60967 -0.70528 -0.00902 -0.70887 0.99092 0.04079 -0.12808 0.99092 0.04079 -0.12808 0.99092 0.04079 -0.12808 0.90688 0.38123 0.17952 0.90688 0.38123 0.17952 0.90688 0.38123 0.17952 0.99203 0.11503 -0.05143 0.99203 0.11503 -0.05143 0.99203 0.11503 -0.05143 0.97082 0.14014 0.19460 0.97082 0.14014 0.19460 0.97082 0.14014 0.19460 0.95874 0.24248 0.14839 0.95874 0.24248 0.14839 0.95874 0.24248 0.14839 0.77931 0.47836 0.40477 0.77931 0.47836 0.40477 0.77931 0.47836 0.40477 -0.97063 -0.23980 -0.01912 -0.97063 -0.23980 -0.01912 -0.97063 -0.23980 -0.01912 -0.96096 0.08572 0.26306 -0.96096 0.08572 0.26306 -0.96096 0.08572 0.26306 0.99242 -0.04855 0.11286 0.52584 -0.37804 0.76196 0.05767 -0.17402 0.98305 0.12544 0.92058 0.36985 -0.09885 0.83878 0.53543 -0.07297 0.86551 0.49555 0.72598 0.58803 -0.35662 0.69594 0.53447 -0.47959 0.86437 0.22110 -0.45164 0.52680 0.77989 0.33800 0.12335 0.85439 0.50478 0.08364 0.86972 0.48640 0.79196 0.39912 0.46207 -0.07297 0.86551 0.49555 -0.09885 0.83878 0.53543 -0.81718 0.42362 0.39086 -0.97799 0.07419 0.19502 -0.97799 0.07419 0.19502 0.41927 0.75123 0.50976 -0.04922 0.84062 0.53939 0.04470 0.75680 0.65212 -0.73897 0.39928 0.54268 -0.93355 0.06360 0.35277 -0.60332 0.11487 0.78918 -0.07297 0.86551 0.49555 -0.84347 0.50637 0.17930 -0.83841 0.34937 0.41834 -0.96191 -0.02122 0.27253 -0.93009 0.13690 0.34088 0.55596 0.38916 0.73448 0.32009 0.67834 0.66135 -0.16700 0.97155 0.16794 0.49248 0.82012 0.29132 0.49248 0.82012 0.29132 0.49248 0.82012 0.29132 0.25521 0.40608 -0.87748 0.84386 0.00223 -0.53656 0.93637 -0.07454 -0.34300 0.51599 0.10588 -0.85002 0.25521 0.40608 -0.87748 -0.58081 -0.35104 -0.73445 0.33753 -0.89738 -0.28423 0.33753 -0.89738 -0.28423 -0.08164 -0.95713 -0.27791 -0.77763 0.45551 -0.43337 -0.77506 0.45978 -0.43346 -0.63063 0.35086 -0.69225 0.45373 0.42087 0.78549 0.61264 0.38685 0.68922 0.08364 0.86972 0.48640 0.63302 -0.52247 0.57123 -0.66144 -0.63936 0.39207 -0.66168 -0.64297 0.38570 -0.65192 -0.73615 0.18190 -0.51490 0.85380 0.07683 -0.25529 0.40608 -0.87746 -0.23683 0.76995 -0.59253 -0.93643 -0.07459 -0.34284 -0.99384 -0.11053 -0.00860 -0.84394 0.00219 -0.53643 -0.23683 0.76995 -0.59253 -0.25529 0.40608 -0.87746 0.20608 0.72287 -0.65954 0.70645 0.09958 -0.70072 0.63770 0.18323 -0.74817 0.89423 0.44338 -0.06143 -0.66490 0.35624 -0.65651 -0.13179 0.39198 -0.91049 -0.61826 0.32179 -0.71708 -0.96712 -0.01969 0.25356 -0.79188 0.39907 0.46224 -0.96712 -0.01969 0.25356 0.09886 0.83880 0.53539 0.04924 0.84062 0.53938 -0.04471 0.75678 0.65214 0.81724 0.42367 0.39067 0.04924 0.84062 0.53938 0.09886 0.83880 0.53539 -0.99460 -0.02101 -0.10161 -0.99460 -0.02101 -0.10161 -0.99460 -0.02101 -0.10161 0.73901 0.39900 0.54283 -0.12307 0.85431 0.50498 -0.04471 0.75678 0.65214 -0.00335 -0.99599 0.08945 -0.00073 -0.99573 0.09236 -0.00821 -0.99996 -0.00470 -0.95827 -0.05570 -0.28038 -0.95827 -0.05570 -0.28038 -0.95827 -0.05570 -0.28038 -0.08318 0.86973 0.48647 0.36379 0.72045 0.59043 -0.53066 0.48164 0.69744 -0.06135 -0.99805 0.01174 -0.01601 -0.99712 0.07414 -0.04006 -0.99912 -0.01277 0.78165 0.29231 -0.55097 0.63770 0.18323 -0.74817 -0.13179 0.39198 -0.91049 0.84349 0.50641 0.17910 0.86916 0.11923 0.47995 0.78165 0.29231 -0.55097 0.94449 -0.28190 -0.16876 0.89562 -0.18823 0.40304 0.91109 -0.13976 0.38780 -0.29620 0.39558 0.86936 -0.61414 0.24418 0.75047 -0.49136 0.80213 0.33934 -0.79326 -0.04568 0.60717 -0.85688 -0.06921 0.51086 -0.34597 0.40545 0.84612 -0.54169 0.01041 -0.84051 0.16847 0.05978 -0.98389 0.63063 0.35086 -0.69225 0.83841 0.34937 0.41834 0.68492 0.55370 0.47361 0.93009 0.13690 0.34088 0.09637 -0.99523 -0.01531 0.07386 -0.99677 -0.03168 -0.00724 -0.99993 0.00934 -0.99096 0.04073 -0.12785 -0.99096 0.04073 -0.12785 -0.90688 0.38123 0.17952 -0.90688 0.38123 0.17952 -0.99205 0.11497 -0.05119 -0.99205 0.11497 -0.05119 -0.99205 0.11497 -0.05119 -0.97078 0.14008 0.19483 -0.97078 0.14008 0.19483 -0.97078 0.14008 0.19483 -0.95835 0.24328 0.14962 -0.95835 0.24328 0.14962 -0.77931 0.47836 0.40477 -0.77931 0.47836 0.40477 0.97063 -0.23980 -0.01912 0.97063 -0.23980 -0.01912 0.97063 -0.23980 -0.01912 0.96096 0.08572 0.26306 0.96096 0.08572 0.26306 0.96096 0.08572 0.26306 0.09886 0.83880 0.53539 -0.12545 0.92057 0.36988 0.07300 0.86551 0.49554 -0.12307 0.85431 0.50498 -0.52679 0.77985 0.33812 -0.08318 0.86973 0.48647 0.07300 0.86551 0.49554 -0.79188 0.39907 0.46224 0.09886 0.83880 0.53539 0.97803 0.07425 0.19479 0.81724 0.42367 0.39067 0.97803 0.07425 0.19479 0.04924 0.84062 0.53938 -0.41926 0.75118 0.50985 -0.04471 0.75678 0.65214 0.93334 0.06378 0.35328 0.73901 0.39900 0.54283 0.93334 0.06378 0.35328 0.07300 0.86551 0.49554 0.86916 0.11923 0.47995 0.84349 0.50641 0.17910 0.96191 -0.02122 0.27253 0.83841 0.34937 0.41834 0.93009 0.13690 0.34088 -0.49317 0.81937 0.29226 -0.49317 0.81937 0.29226 -0.49317 0.81937 0.29226 0.92964 0.07251 -0.36126 0.86806 0.16076 -0.46970 0.82426 0.05578 -0.56346 -0.25529 0.40608 -0.87746 -0.51607 0.10586 -0.84998 0.58078 -0.35100 -0.73451 -0.58715 0.04254 -0.80836 -0.74083 0.38498 -0.55041 -0.70933 0.12925 -0.69292 -0.33753 -0.89740 -0.28415 -0.33753 -0.89740 -0.28415 0.08161 -0.95713 -0.27793 0.79281 -0.31039 0.52452 0.71696 -0.53379 0.44837 0.78009 -0.56348 -0.27196 0.76405 0.60696 0.21869 0.15014 0.98358 0.10016 0.16700 0.97155 0.16794 0.98605 0.07302 0.14957 0.85985 0.39364 0.32514 0.95966 0.01867 0.28053 -0.86674 0.46552 0.17903 -0.96779 0.23990 0.07637 -0.99483 0.10057 0.01405 -0.63302 -0.52247 0.57123 0.75129 0.49830 -0.43274 0.74928 0.57160 -0.33444 0.75022 0.56766 -0.33900 0.75022 0.56766 -0.33900 0.75154 0.49865 -0.43190 0.75129 0.49830 -0.43274 0.74928 0.57160 -0.33444 0.72139 0.65400 -0.22777 0.72381 0.65175 -0.22653 0.72381 0.65175 -0.22653 0.75022 0.56766 -0.33900 0.74928 0.57160 -0.33444 -0.75129 0.49830 -0.43274 -0.75154 0.49865 -0.43190 -0.75022 0.56766 -0.33900 -0.75022 0.56766 -0.33900 -0.74928 0.57160 -0.33444 -0.75129 0.49830 -0.43274 -0.74928 0.57160 -0.33444 -0.75022 0.56766 -0.33900 -0.72381 0.65175 -0.22653 -0.72381 0.65175 -0.22653 -0.72139 0.65400 -0.22777 -0.74928 0.57160 -0.33444 0.53741 -0.74524 -0.39473 0.65895 -0.68900 -0.30176 0.79195 -0.54185 -0.28145 0.00000 -0.98008 0.19860 0.00000 -0.98008 0.19860 0.00000 -0.26044 0.96549 -0.65895 -0.68900 -0.30176 -0.53741 -0.74524 -0.39473 -0.79195 -0.54185 -0.28145</float_array>
     <technique_common>
      <accessor count="1278" source="#realb56_6-lib-normals-array" stride="3">
       <param name="X" type="float"/>
       <param name="Y" type="float"/>
       <param name="Z" type="float"/>
      </accessor>
     </technique_common>
    </source>
    <source id="realb56_6-lib-texcoords">
     <float_array id="realb56_6-lib-texcoords-array" count="2592">0.80371 -0.89941 0.84180 -0.95801 0.79980 -0.90918 0.80371 -0.89941 0.79980 -0.90918 0.84180 -0.95801 0.75293 -0.89941 0.79980 -0.90918 0.80371 -0.89941 0.78027 -0.95312 0.79980 -0.90918 0.84180 -0.95801 0.78027 -0.95312 0.75293 -0.89941 0.79980 -0.90918 0.79980 -0.90918 0.75293 -0.89941 0.78027 -0.95312 0.47266 -0.30762 0.42090 -0.35254 0.42383 -0.27539 0.47266 -0.30762 0.47461 -0.34961 0.42090 -0.35254 0.51074 -0.27051 0.47461 -0.34961 0.47266 -0.30762 0.51074 -0.27051 0.52246 -0.35059 0.47461 -0.34961 0.47461 -0.34961 0.44629 -0.38770 0.42090 -0.35254 0.47461 -0.34961 0.47559 -0.37891 0.44629 -0.38770 0.72949 -0.27051 0.81543 -0.36719 0.75586 -0.37988 0.72949 -0.27051 0.79004 -0.26758 0.81543 -0.36719 0.77832 -0.22949 0.79004 -0.26758 0.72949 -0.27051 0.72949 -0.27051 0.72656 -0.37305 0.70508 -0.28906 0.72949 -0.27051 0.75586 -0.37988 0.72656 -0.37305 0.71875 -0.25781 0.79004 -0.26758 0.75488 -0.23047 0.71875 -0.25781 0.80957 -0.36914 0.79004 -0.26758 0.74902 -0.38184 0.80957 -0.36914 0.71875 -0.25781 0.52246 -0.35059 0.47559 -0.37891 0.47461 -0.34961 0.52246 -0.35059 0.51758 -0.41602 0.47559 -0.37891 0.56348 -0.10156 0.51855 -0.20020 0.55762 -0.18262 0.56348 -0.10156 0.48926 -0.14844 0.51855 -0.20020 0.53223 -0.05957 0.48926 -0.14844 0.56348 -0.10156 0.53223 -0.05957 0.48145 -0.10840 0.48926 -0.14844 0.40820 -0.15234 0.51855 -0.20020 0.48926 -0.14844 0.40820 -0.15234 0.46777 -0.21777 0.51855 -0.20020 0.61816 -0.09668 0.65527 -0.07715 0.63965 -0.15430 0.61816 -0.09668 0.63477 -0.03613 0.65527 -0.07715 0.72266 -0.12109 0.74609 -0.05078 0.79004 -0.10449 0.72266 -0.12109 0.71875 -0.07812 0.74609 -0.05078 0.42285 -0.10449 0.48926 -0.14844 0.48145 -0.10840 0.42285 -0.10449 0.40820 -0.15234 0.48926 -0.14844 0.60645 -0.24707 0.55176 -0.24121 0.59277 -0.27930 0.60645 -0.24707 0.60742 -0.21777 0.55176 -0.24121 0.64746 -0.24414 0.60645 -0.24707 0.59277 -0.27930 0.64746 -0.24414 0.60742 -0.21777 0.60645 -0.24707 0.63965 -0.15430 0.74316 -0.20410 0.67578 -0.21680 0.63965 -0.15430 0.72266 -0.12109 0.74316 -0.20410 0.65527 -0.07715 0.72266 -0.12109 0.63965 -0.15430 0.65527 -0.07715 0.71875 -0.07812 0.72266 -0.12109 0.92871 -0.15430 0.91406 -0.04785 0.95117 -0.14160 0.92871 -0.15430 0.90527 -0.15625 0.91406 -0.04785 0.90234 -0.19727 0.90527 -0.15625 0.92871 -0.15430 0.93848 -0.19727 0.95117 -0.14160 0.95996 -0.19336 0.93848 -0.19727 0.92871 -0.15430 0.95117 -0.14160 0.88281 -0.15527 0.91406 -0.04785 0.90527 -0.15625 0.88281 -0.15527 0.87305 -0.06738 0.91406 -0.04785 0.84766 -0.18945 0.87305 -0.06738 0.88281 -0.15527 0.43164 -0.70898 0.41211 -0.70996 0.41895 -0.74121 0.43164 -0.70898 0.43555 -0.66992 0.41211 -0.70996 0.45117 -0.71387 0.43555 -0.66992 0.43164 -0.70898 0.45117 -0.71387 0.46191 -0.66699 0.43555 -0.66992 0.87402 -0.19336 0.90527 -0.15625 0.89453 -0.19434 0.87402 -0.19336 0.88281 -0.15527 0.90527 -0.15625 0.59277 -0.69336 0.59570 -0.61328 0.59570 -0.66602 0.59277 -0.69336 0.58008 -0.61621 0.59570 -0.61328 0.63477 -0.69434 0.62598 -0.56152 0.64062 -0.61621 0.63477 -0.69434 0.62793 -0.66504 0.62598 -0.56152 0.11523 -0.18262 0.18066 -0.26465 0.17676 -0.20020 0.11523 -0.18262 0.12402 -0.26562 0.18066 -0.26465 0.05176 -0.17871 0.12402 -0.26562 0.11523 -0.18262 0.05176 -0.17871 0.06348 -0.26660 0.12402 -0.26562 0.24023 -0.18164 0.30566 -0.25000 0.24805 -0.26367 0.24023 -0.18164 0.30762 -0.21582 0.30566 -0.25000 0.29199 -0.14844 0.30762 -0.21582 0.24023 -0.18164 0.29199 -0.14844 0.36133 -0.20312 0.30762 -0.21582 0.11523 -0.18262 0.13965 -0.12988 0.05957 -0.14160 0.11523 -0.18262 0.18457 -0.12402 0.13965 -0.12988 0.17676 -0.20020 0.18457 -0.12402 0.11523 -0.18262 0.02148 -0.12793 0.05957 -0.14160 0.04688 -0.06250 0.02148 -0.12793 0.05176 -0.17871 0.05957 -0.14160 0.24121 -0.06543 0.20801 -0.12598 0.22363 -0.04590 0.24121 -0.06543 0.29199 -0.14844 0.20801 -0.12598 0.37207 -0.12891 0.29199 -0.14844 0.24121 -0.06543 0.37207 -0.12891 0.36133 -0.20312 0.29199 -0.14844 0.29102 -0.03711 0.24121 -0.06543 0.24805 -0.03320 0.29102 -0.03711 0.32520 -0.06836 0.24121 -0.06543 0.30762 -0.21582 0.37500 -0.25977 0.30566 -0.25000 0.30762 -0.21582 0.36133 -0.20312 0.37500 -0.25977 0.07715 -0.42480 0.18066 -0.26465 0.12402 -0.26562 0.07715 -0.42480 0.11133 -0.42578 0.18066 -0.26465 0.07715 -0.42480 0.06348 -0.26660 0.04102 -0.42383 0.07715 -0.42480 0.12402 -0.26562 0.06348 -0.26660 0.26172 -0.42383 0.37500 -0.25977 0.28516 -0.42285 0.26172 -0.42383 0.30566 -0.25000 0.37500 -0.25977 0.23535 -0.42285 0.30566 -0.25000 0.26172 -0.42383 0.23535 -0.42285 0.24805 -0.26367 0.30566 -0.25000 0.93945 -0.31641 0.98340 -0.34277 0.96582 -0.35352 0.93945 -0.31641 0.94727 -0.26562 0.98340 -0.34277 0.89551 -0.25000 0.94727 -0.26562 0.93945 -0.31641 0.50879 -0.87207 0.48828 -0.89941 0.54590 -0.90723 0.50879 -0.87207 0.43164 -0.86328 0.48828 -0.89941 0.91113 -0.39062 0.93945 -0.31641 0.92871 -0.39160 0.91113 -0.39062 0.91406 -0.33008 0.93945 -0.31641 0.50293 -0.97559 0.44629 -0.90723 0.46094 -0.92188 0.49512 -0.94922 0.44629 -0.90723 0.50293 -0.97559 0.40723 -0.77441 0.39453 -0.84668 0.44922 -0.78516 0.40723 -0.77441 0.37891 -0.89453 0.39453 -0.84668 0.32520 -0.92480 0.37891 -0.89453 0.40723 -0.77441 0.32520 -0.92480 0.36035 -0.92773 0.37891 -0.89453 0.91406 -0.33008 0.89551 -0.25000 0.93945 -0.31641 0.91406 -0.33008 0.89453 -0.33008 0.89551 -0.25000 0.87793 -0.32031 0.89551 -0.25000 0.89453 -0.33008 0.87793 -0.32031 0.84863 -0.34961 0.89551 -0.25000 0.86914 -0.35449 0.84863 -0.34961 0.87793 -0.32031 0.46191 -1.01562 0.44629 -0.90723 0.44141 -0.94629 0.46191 -1.01562 0.46094 -0.92188 0.44629 -0.90723 0.83496 -0.82520 0.86426 -0.70312 0.87988 -0.82324 0.83496 -0.82520 0.83301 -0.70410 0.86426 -0.70312 0.42969 -0.99414 0.42480 -0.91797 0.42188 -0.93262 0.42969 -0.99414 0.44141 -0.94629 0.42480 -0.91797 0.42480 -0.91797 0.39746 -0.90820 0.37598 -0.99316 0.42480 -0.91797 0.43164 -0.86328 0.39746 -0.90820 0.44629 -0.90723 0.43164 -0.86328 0.42480 -0.91797 0.44629 -0.90723 0.48828 -0.89941 0.43164 -0.86328 0.49512 -0.94922 0.48828 -0.89941 0.44629 -0.90723 0.49512 -0.94922 0.53223 -0.98828 0.48828 -0.89941 0.37988 -1.01856 0.42480 -0.91797 0.37598 -0.99316 0.37988 -1.01856 0.42188 -0.93262 0.42480 -0.91797 0.84277 -0.81738 0.86426 -0.70312 0.90137 -0.83398 0.84277 -0.81738 0.83301 -0.70410 0.86426 -0.70312 0.35352 -1.00195 0.39746 -0.90820 0.38965 -0.92480 0.35352 -1.00195 0.37598 -0.98828 0.39746 -0.90820 0.39746 -0.90820 0.37891 -0.89453 0.36035 -0.92773 0.39746 -0.90820 0.39453 -0.84668 0.37891 -0.89453 0.43164 -0.86328 0.39453 -0.84668 0.39746 -0.90820 0.92090 -0.92969 0.96484 -0.92480 0.92090 -0.96289 0.92090 -0.92969 0.97363 -0.85938 0.96484 -0.92480 0.92969 -0.86328 0.97363 -0.85938 0.92090 -0.92969 0.92969 -0.86328 0.97754 -0.78809 0.97363 -0.85938 0.88477 -0.80469 0.97754 -0.78809 0.92969 -0.86328 0.88477 -0.80469 0.92969 -0.86328 0.97754 -0.78809 0.11914 -0.85059 0.06641 -0.75098 0.07031 -0.83105 0.11914 -0.85059 0.09863 -0.71582 0.06641 -0.75098 0.17285 -0.72949 0.09863 -0.71582 0.11914 -0.85059 0.17285 -0.72949 0.17285 -0.65039 0.09863 -0.71582 0.09863 -0.71582 0.17285 -0.65039 0.17285 -0.72949 0.09863 -0.71582 0.06348 -0.61426 0.17285 -0.65039 0.03711 -0.68945 0.06348 -0.61426 0.09863 -0.71582 0.08008 -0.90820 0.11914 -0.85059 0.07031 -0.83105 0.08008 -0.90820 0.12305 -0.94434 0.11914 -0.85059 0.09863 -0.71582 0.03711 -0.68945 0.06641 -0.75098 0.09863 -0.71582 0.06348 -0.61426 0.03711 -0.68945 0.17285 -0.65039 0.06348 -0.61426 0.09863 -0.71582 0.17285 -0.65039 0.17383 -0.52734 0.06348 -0.61426 0.06348 -0.61426 0.17383 -0.52734 0.17285 -0.65039 0.49609 -0.90820 0.48828 -0.89941 0.53223 -0.98828 0.49609 -0.90820 0.54492 -0.92773 0.48828 -0.89941 0.58789 -0.43457 0.57422 -0.32617 0.56250 -0.42773 0.58789 -0.43457 0.61035 -0.30273 0.57422 -0.32617 0.61035 -0.30273 0.71875 -0.25781 0.64355 -0.34668 0.61035 -0.30273 0.64844 -0.33789 0.71875 -0.25781 0.74316 -0.20410 0.79004 -0.10449 0.78711 -0.18848 0.74316 -0.20410 0.72266 -0.12109 0.79004 -0.10449 0.70508 -0.28906 0.74902 -0.38184 0.71875 -0.25781 0.70508 -0.28906 0.72656 -0.37305 0.74902 -0.38184 0.50879 -0.87207 0.50195 -0.84473 0.44922 -0.78516 0.50879 -0.87207 0.55469 -0.90820 0.50195 -0.84473 0.44141 -0.94629 0.44629 -0.90723 0.42480 -0.91797 0.44141 -0.94629 0.44141 -0.94629 0.44629 -0.90723 0.42090 -0.35254 0.47266 -0.30762 0.42383 -0.27539 0.42090 -0.35254 0.47461 -0.34961 0.47266 -0.30762 0.44629 -0.38770 0.47461 -0.34961 0.42090 -0.35254 0.44629 -0.38770 0.47559 -0.37891 0.47461 -0.34961 0.47461 -0.34961 0.51074 -0.27051 0.47266 -0.30762 0.47461 -0.34961 0.52246 -0.35059 0.51074 -0.27051 0.47559 -0.37891 0.52246 -0.35059 0.47461 -0.34961 0.47559 -0.37891 0.51758 -0.41602 0.52246 -0.35059 0.43555 -0.66992 0.45117 -0.71387 0.43164 -0.70898 0.43555 -0.66992 0.46191 -0.66699 0.45117 -0.71387 0.81543 -0.36719 0.72949 -0.27051 0.75586 -0.37988 0.81543 -0.36719 0.79004 -0.26758 0.72949 -0.27051 0.72949 -0.27051 0.72656 -0.37305 0.75586 -0.37988 0.72949 -0.27051 0.70508 -0.28906 0.72656 -0.37305 0.79004 -0.26758 0.71875 -0.25781 0.75488 -0.23047 0.79004 -0.26758 0.80957 -0.36914 0.71875 -0.25781 0.51855 -0.20020 0.56348 -0.10156 0.55762 -0.18262 0.51855 -0.20020 0.48926 -0.14844 0.56348 -0.10156 0.40820 -0.15234 0.48926 -0.14844 0.51855 -0.20020 0.40820 -0.15234 0.42285 -0.10449 0.48926 -0.14844 0.65527 -0.07715 0.61816 -0.09668 0.63965 -0.15430 0.65527 -0.07715 0.63477 -0.03613 0.61816 -0.09668 0.48145 -0.10840 0.48926 -0.14844 0.42285 -0.10449 0.48145 -0.10840 0.53223 -0.05957 0.48926 -0.14844 0.55176 -0.24121 0.60645 -0.24707 0.59277 -0.27930 0.55176 -0.24121 0.60742 -0.21777 0.60645 -0.24707 0.60645 -0.24707 0.64746 -0.24414 0.59277 -0.27930 0.60645 -0.24707 0.60742 -0.21777 0.64746 -0.24414 0.74316 -0.20410 0.63965 -0.15430 0.67578 -0.21680 0.74316 -0.20410 0.72266 -0.12109 0.63965 -0.15430 0.79004 -0.10449 0.72266 -0.12109 0.74316 -0.20410 0.79004 -0.10449 0.74609 -0.05078 0.72266 -0.12109 0.72266 -0.12109 0.65527 -0.07715 0.63965 -0.15430 0.72266 -0.12109 0.71875 -0.07812 0.65527 -0.07715 0.74609 -0.05078 0.71875 -0.07812 0.72266 -0.12109 0.95117 -0.14160 0.93848 -0.19727 0.95996 -0.19336 0.95117 -0.14160 0.92871 -0.15430 0.93848 -0.19727 0.91406 -0.04785 0.92871 -0.15430 0.95117 -0.14160 0.91406 -0.04785 0.90527 -0.15625 0.92871 -0.15430 0.88281 -0.15527 0.90527 -0.15625 0.91406 -0.04785 0.88281 -0.15527 0.87402 -0.19336 0.90527 -0.15625 0.92871 -0.15430 0.90234 -0.19727 0.92285 -0.19629 0.92871 -0.15430 0.90527 -0.15625 0.90234 -0.19727 0.41211 -0.70996 0.43164 -0.70898 0.41895 -0.74121 0.41211 -0.70996 0.43555 -0.66992 0.43164 -0.70898 0.41016 -0.65820 0.43555 -0.66992 0.41211 -0.70996 0.87305 -0.06738 0.88281 -0.15527 0.91406 -0.04785 0.87305 -0.06738 0.84766 -0.18945 0.88281 -0.15527 0.59570 -0.61328 0.59277 -0.69336 0.59570 -0.66602 0.59570 -0.61328 0.58008 -0.61621 0.59277 -0.69336 0.62598 -0.56152 0.63477 -0.69434 0.64062 -0.61621 0.62598 -0.56152 0.62793 -0.66504 0.63477 -0.69434 0.11523 -0.18262 0.18066 -0.26465 0.12402 -0.26562 0.11523 -0.18262 0.17676 -0.20020 0.18066 -0.26465 0.18457 -0.12402 0.17676 -0.20020 0.11523 -0.18262 0.12402 -0.26562 0.05176 -0.17871 0.11523 -0.18262 0.12402 -0.26562 0.06348 -0.26660 0.05176 -0.17871 0.07715 -0.42480 0.06348 -0.26660 0.12402 -0.26562 0.07715 -0.42480 0.04102 -0.42383 0.06348 -0.26660 0.24805 -0.26367 0.30566 -0.25000 0.24023 -0.18164 0.24805 -0.26367 0.23535 -0.42285 0.30566 -0.25000 0.13965 -0.12988 0.11523 -0.18262 0.05957 -0.14160 0.13965 -0.12988 0.18457 -0.12402 0.11523 -0.18262 0.15039 -0.08887 0.18457 -0.12402 0.13965 -0.12988 0.05957 -0.14160 0.02148 -0.12793 0.04688 -0.06250 0.05957 -0.14160 0.05176 -0.17871 0.02148 -0.12793 0.20801 -0.12598 0.24121 -0.06543 0.22363 -0.04590 0.20801 -0.12598 0.29199 -0.14844 0.24121 -0.06543 0.24023 -0.18164 0.29199 -0.14844 0.20801 -0.12598 0.24023 -0.18164 0.30762 -0.21582 0.29199 -0.14844 0.30566 -0.25000 0.30762 -0.21582 0.24023 -0.18164 0.30566 -0.25000 0.37500 -0.25977 0.30762 -0.21582 0.26172 -0.42383 0.37500 -0.25977 0.30566 -0.25000 0.26172 -0.42383 0.28516 -0.42285 0.37500 -0.25977 0.24121 -0.06543 0.29102 -0.03711 0.24805 -0.03320 0.24121 -0.06543 0.32520 -0.06836 0.29102 -0.03711 0.37207 -0.12891 0.32520 -0.06836 0.24121 -0.06543 0.07715 -0.42480 0.18066 -0.26465 0.11133 -0.42578 0.07715 -0.42480 0.12402 -0.26562 0.18066 -0.26465 0.89551 -0.25000 0.93945 -0.31641 0.94727 -0.26562 0.89551 -0.25000 0.91406 -0.33008 0.93945 -0.31641 0.89453 -0.33008 0.91406 -0.33008 0.89551 -0.25000 0.98340 -0.34277 0.93945 -0.31641 0.96582 -0.35352 0.98340 -0.34277 0.94727 -0.26562 0.93945 -0.31641 0.48828 -0.89941 0.50879 -0.87207 0.54590 -0.90723 0.48828 -0.89941 0.43164 -0.86328 0.50879 -0.87207 0.44629 -0.90723 0.43164 -0.86328 0.48828 -0.89941 0.44629 -0.90723 0.42480 -0.91797 0.43164 -0.86328 0.44141 -0.94629 0.42480 -0.91797 0.44629 -0.90723 0.93945 -0.31641 0.91113 -0.39062 0.92871 -0.39160 0.93945 -0.31641 0.91406 -0.33008 0.91113 -0.39062 0.46094 -0.92188 0.44629 -0.90723 0.50293 -0.97559 0.39453 -0.84668 0.40723 -0.77441 0.44922 -0.78516 0.39453 -0.84668 0.37891 -0.89453 0.40723 -0.77441 0.39746 -0.90820 0.37891 -0.89453 0.39453 -0.84668 0.39746 -0.90820 0.36035 -0.92773 0.37891 -0.89453 0.89551 -0.25000 0.87793 -0.32031 0.89453 -0.33008 0.89551 -0.25000 0.84863 -0.34961 0.87793 -0.32031 0.44629 -0.90723 0.46191 -1.01562 0.44141 -0.94629 0.44629 -0.90723 0.46094 -0.92188 0.46191 -1.01562 0.83496 -0.82520 0.86426 -0.70312 0.83301 -0.70410 0.83496 -0.82520 0.87988 -0.82324 0.86426 -0.70312 0.42480 -0.91797 0.42969 -0.99414 0.42188 -0.93262 0.42480 -0.91797 0.44141 -0.94629 0.42969 -0.99414 0.39746 -0.90820 0.42480 -0.91797 0.37598 -0.99316 0.39746 -0.90820 0.43164 -0.86328 0.42480 -0.91797 0.39453 -0.84668 0.43164 -0.86328 0.39746 -0.90820 0.42480 -0.91797 0.37988 -1.01856 0.37598 -0.99316 0.42480 -0.91797 0.42188 -0.93262 0.37988 -1.01856 0.84277 -0.81738 0.86426 -0.70312 0.83301 -0.70410 0.84277 -0.81738 0.90137 -0.83398 0.86426 -0.70312 0.39746 -0.90820 0.35352 -1.00195 0.38965 -0.92480 0.39746 -0.90820 0.37598 -0.98828 0.35352 -1.00195 0.37891 -0.89453 0.32520 -0.92480 0.40723 -0.77441 0.37891 -0.89453 0.36035 -0.92773 0.32520 -0.92480 0.29199 -0.14844 0.37207 -0.12891 0.24121 -0.06543 0.29199 -0.14844 0.36133 -0.20312 0.37207 -0.12891 0.30762 -0.21582 0.36133 -0.20312 0.29199 -0.14844 0.30762 -0.21582 0.37500 -0.25977 0.36133 -0.20312 0.96484 -0.92480 0.92090 -0.92969 0.92090 -0.96289 0.96484 -0.92480 0.97363 -0.85938 0.92090 -0.92969 0.11914 -0.85059 0.07031 -0.83105 0.06641 -0.75098 0.11914 -0.85059 0.08008 -0.90820 0.07031 -0.83105 0.12305 -0.94434 0.08008 -0.90820 0.11914 -0.85059 0.17383 -0.92188 0.11914 -0.85059 0.17383 -0.79980 0.17383 -0.92188 0.12305 -0.94434 0.11914 -0.85059 0.17480 -0.97656 0.12305 -0.94434 0.17383 -0.92188 0.97363 -0.85938 0.92969 -0.86328 0.92090 -0.92969 0.97363 -0.85938 0.97754 -0.78809 0.92969 -0.86328 0.09863 -0.71582 0.06641 -0.75098 0.03711 -0.68945 0.09863 -0.71582 0.11914 -0.85059 0.06641 -0.75098 0.17285 -0.72949 0.11914 -0.85059 0.09863 -0.71582 0.17285 -0.72949 0.17383 -0.79980 0.11914 -0.85059 0.11914 -0.85059 0.17383 -0.79980 0.17285 -0.72949 0.11914 -0.85059 0.17383 -0.92188 0.17383 -0.79980 0.12305 -0.94434 0.17383 -0.92188 0.11914 -0.85059 0.12305 -0.94434 0.17480 -0.97656 0.17383 -0.92188 0.53223 -0.98828 0.48828 -0.89941 0.49609 -0.90820 0.53223 -0.98828 0.49512 -0.94922 0.48828 -0.89941 0.54492 -0.92773 0.48828 -0.89941 0.54590 -0.91406 0.54492 -0.92773 0.49609 -0.90820 0.48828 -0.89941 0.57422 -0.32617 0.58789 -0.43457 0.56250 -0.42773 0.57422 -0.32617 0.61035 -0.30273 0.58789 -0.43457 0.71875 -0.25781 0.61035 -0.30273 0.64355 -0.34668 0.71875 -0.25781 0.64844 -0.33789 0.61035 -0.30273 0.72949 -0.27051 0.77832 -0.22949 0.74121 -0.20996 0.72949 -0.27051 0.79004 -0.26758 0.77832 -0.22949 0.70508 -0.28906 0.74902 -0.38184 0.72656 -0.37305 0.70508 -0.28906 0.71875 -0.25781 0.74902 -0.38184 0.50195 -0.84473 0.50879 -0.87207 0.44922 -0.78516 0.50195 -0.84473 0.55469 -0.90820 0.50879 -0.87207 0.56934 -0.90430 0.55469 -0.90820 0.50195 -0.84473 0.58789 -0.86230 0.68262 -0.82129 0.68262 -0.82129 0.58789 -0.86230 0.58789 -0.86230 0.68262 -0.82129 0.79102 -0.82520 0.88672 -0.84570 0.79102 -0.83691 0.79102 -0.82520 0.88574 -0.83496 0.88672 -0.84570 0.79102 -0.83691 0.88672 -0.84570 0.79102 -0.83691 0.79102 -0.83691 0.88672 -0.84570 0.88672 -0.84570 0.68262 -0.82129 0.79102 -0.83691 0.79102 -0.83691 0.68262 -0.82129 0.68262 -0.82129 0.79102 -0.83691 0.79102 -0.82520 0.88672 -0.84570 0.88574 -0.83496 0.79102 -0.82520 0.79102 -0.83691 0.88672 -0.84570 0.75293 -0.89941 0.80371 -0.89941 0.79980 -0.90918 0.46680 -0.42871 0.44629 -0.38770 0.47559 -0.37891 0.70020 -0.24805 0.74121 -0.20996 0.72949 -0.27051 0.46680 -0.42871 0.47559 -0.37891 0.51758 -0.41602 0.42969 -0.56738 0.38281 -0.58789 0.40527 -0.60840 0.63477 -0.69434 0.62793 -0.61328 0.64062 -0.61621 0.44141 -0.74316 0.45117 -0.71289 0.43164 -0.70898 0.59570 -0.66602 0.59277 -0.69336 0.59570 -0.61328 0.92871 -0.15430 0.92285 -0.19629 0.90234 -0.19727 0.63477 -0.69434 0.62598 -0.61035 0.64062 -0.61621 0.59570 -0.66602 0.59277 -0.69336 0.59668 -0.61230 0.63477 -0.69434 0.62793 -0.61328 0.64062 -0.61621 0.39551 -0.74023 0.41211 -0.70996 0.40527 -0.60840 0.88281 -0.15527 0.86621 -0.19238 0.84766 -0.18945 0.45898 -0.61914 0.48828 -0.69727 0.42969 -0.56738 0.45508 -0.65625 0.47754 -0.75098 0.48828 -0.69727 0.11523 -0.18262 0.05957 -0.14160 0.05176 -0.17871 0.02539 -0.05566 0.04688 -0.06250 0.04297 -0.03613 0.40723 -0.77441 0.44922 -0.78516 0.50195 -0.84473 0.36035 -0.92773 0.36133 -0.95508 0.39746 -0.90820 0.15039 -0.08887 0.13965 -0.12988 0.18457 -0.12402 0.89941 -0.58496 0.97266 -0.66113 0.92188 -0.64160 0.91113 -0.59766 0.96777 -0.64941 0.94043 -0.67285 0.89941 -0.58496 0.95312 -0.64941 0.91504 -0.63574 0.89941 -0.58496 0.95605 -0.64453 0.91113 -0.62891 0.89941 -0.58496 0.95605 -0.64453 0.92773 -0.63770 0.91309 -0.59180 0.96289 -0.64746 0.94141 -0.67090 0.89941 -0.58496 0.87305 -0.67578 0.83105 -0.65332 0.89941 -0.58496 0.87109 -0.70801 0.82910 -0.65723 0.29199 -0.14844 0.24023 -0.18164 0.20801 -0.12598 0.45508 -0.65625 0.45117 -0.71289 0.33301 -0.74902 0.24121 -0.06543 0.32520 -0.06836 0.37207 -0.12891 0.63477 -0.69434 0.62793 -0.66504 0.62793 -0.61328 0.63477 -0.69434 0.62793 -0.66504 0.62793 -0.61328 0.59277 -0.69336 0.58008 -0.61621 0.59570 -0.61328 0.63477 -0.69434 0.62793 -0.66504 0.62598 -0.61035 0.59277 -0.69336 0.58008 -0.61621 0.59668 -0.61230 0.45508 -0.65625 0.46484 -0.73438 0.47754 -0.75098 0.36133 -0.95508 0.38965 -0.92480 0.39746 -0.90820 0.54492 -0.92773 0.54590 -0.91406 0.48828 -0.89941 0.77930 -0.87598 0.79004 -0.86133 0.81445 -0.87891 0.77832 -0.22949 0.72949 -0.27051 0.74121 -0.20996 0.79004 -0.26758 0.79102 -0.22656 0.75488 -0.23047 0.61035 -0.30273 0.58789 -0.43457 0.64844 -0.33789 0.55469 -0.90820 0.56934 -0.90430 0.50195 -0.84473 0.43555 -0.66992 0.41016 -0.65820 0.41211 -0.70996 0.74414 -0.94043 0.77148 -0.96289 0.73242 -0.96680 0.79980 -0.90918 0.78027 -0.95312 0.84180 -0.95801 0.44629 -0.38770 0.46680 -0.42871 0.47559 -0.37891 0.74121 -0.20996 0.70020 -0.24805 0.72949 -0.27051 0.47559 -0.37891 0.46680 -0.42871 0.51758 -0.41602 0.80957 -0.36914 0.74902 -0.38184 0.71875 -0.25781 0.38281 -0.58789 0.42969 -0.56738 0.40527 -0.60840 0.62793 -0.61328 0.63477 -0.69434 0.64062 -0.61621 0.45117 -0.71289 0.44141 -0.74316 0.43164 -0.70898 0.59277 -0.69336 0.59570 -0.66602 0.59570 -0.61328 0.62598 -0.61035 0.63477 -0.69434 0.64062 -0.61621 0.59277 -0.69336 0.59570 -0.66602 0.59668 -0.61230 0.87402 -0.19336 0.89453 -0.19434 0.90527 -0.15625 0.62793 -0.61328 0.63477 -0.69434 0.64062 -0.61621 0.41211 -0.70996 0.39551 -0.74023 0.40527 -0.60840 0.84766 -0.18945 0.86621 -0.19238 0.88281 -0.15527 0.48828 -0.69727 0.45898 -0.61914 0.42969 -0.56738 0.47754 -0.75098 0.45508 -0.65625 0.48828 -0.69727 0.05957 -0.14160 0.11523 -0.18262 0.05176 -0.17871 0.04688 -0.06250 0.02539 -0.05566 0.04297 -0.03613 0.23535 -0.42285 0.26172 -0.42383 0.30566 -0.25000 0.44922 -0.78516 0.40723 -0.77441 0.50195 -0.84473 0.36133 -0.95508 0.36035 -0.92773 0.39746 -0.90820 0.84863 -0.34961 0.86914 -0.35449 0.87793 -0.32031 0.97266 -0.66113 0.89941 -0.58496 0.92188 -0.64160 0.96777 -0.64941 0.91113 -0.59766 0.94043 -0.67285 0.95312 -0.64941 0.89941 -0.58496 0.91504 -0.63574 0.95605 -0.64453 0.89941 -0.58496 0.91113 -0.62891 0.95605 -0.64453 0.89941 -0.58496 0.92773 -0.63770 0.96289 -0.64746 0.91309 -0.59180 0.94141 -0.67090 0.87305 -0.67578 0.89941 -0.58496 0.83105 -0.65332 0.87109 -0.70801 0.89941 -0.58496 0.82910 -0.65723 0.45117 -0.71289 0.45508 -0.65625 0.33301 -0.74902 0.62793 -0.66504 0.63477 -0.69434 0.62793 -0.61328 0.62793 -0.66504 0.63477 -0.69434 0.62793 -0.61328 0.58008 -0.61621 0.59277 -0.69336 0.59570 -0.61328 0.62793 -0.66504 0.63477 -0.69434 0.62598 -0.61035 0.58008 -0.61621 0.59277 -0.69336 0.59668 -0.61230 0.46484 -0.73438 0.45508 -0.65625 0.47754 -0.75098 0.38965 -0.92480 0.36133 -0.95508 0.39746 -0.90820 0.79004 -0.86133 0.77930 -0.87598 0.81445 -0.87891 0.48926 -0.14844 0.53223 -0.05957 0.56348 -0.10156 0.79102 -0.22656 0.79004 -0.26758 0.75488 -0.23047 0.78711 -0.18848 0.79004 -0.10449 0.74316 -0.20410 0.58789 -0.43457 0.61035 -0.30273 0.64844 -0.33789 0.46777 -0.21777 0.40820 -0.15234 0.51855 -0.20020 0.49512 -0.94922 0.44629 -0.90723 0.48828 -0.89941 0.44629 -0.90723 0.44141 -0.94629 0.44141 -0.94629 0.49512 -0.94922 0.50293 -0.97559 0.44629 -0.90723 0.77148 -0.96289 0.74414 -0.94043 0.73242 -0.96680 0.79102 -0.83691 0.68262 -0.82129 0.68066 -0.80566 0.68066 -0.80566 0.79102 -0.82520 0.79102 -0.83691 0.68262 -0.82129 0.58789 -0.86230 0.58301 -0.84766 0.58301 -0.84766 0.68066 -0.80566 0.68262 -0.82129 0.79102 -0.83691 0.79102 -0.82520 0.68066 -0.80566 0.68066 -0.80566 0.68262 -0.82129 0.79102 -0.83691 0.68262 -0.82129 0.68066 -0.80566 0.58301 -0.84766 0.58301 -0.84766 0.58789 -0.86230 0.68262 -0.82129 0.93164 -0.98340 0.92090 -0.96289 0.96484 -0.92480 0.78906 -0.58203 0.83008 -0.67383 0.83008 -0.67383 0.79590 -0.59082 0.82715 -0.70215 0.82715 -0.70215 0.92090 -0.96289 0.93164 -0.98340 0.96484 -0.92480</float_array>
     <technique_common>
      <accessor count="1296" offset="0" source="#realb56_6-lib-texcoords-array" stride="2">
       <param name="U" type="float"/>
       <param name="V" type="float"/>
      </accessor>
     </technique_common>
    </source>
    <vertices id="realb56_6-lib-vertices">
     <input semantic="POSITION" source="#realb56_6-lib-positions"/>
    </vertices>
    <polylist count="432" material="mat3.png">
     <input offset="0" semantic="VERTEX" source="#realb56_6-lib-vertices"/>
     <input offset="1" semantic="NORMAL" source="#realb56_6-lib-normals"/>
     <input offset="2" semantic="TEXCOORD" source="#realb56_6-lib-texcoords"/>
     <vcount>3 3 3 3 3 3 3 3 3 3 3 3 3 3 3 3 3 3 3 3 3 3 3 3 3 3 3 3 3 3 3 3 3 3 3 3 3 3 3 3 3 3 3 3 3 3 3 3 3 3 3 3 3 3 3 3 3 3 3 3 3 3 3 3 3 3 3 3 3 3 3 3 3 3 3 3 3 3 3 3 3 3 3 3 3 3 3 3 3 3 3 3 3 3 3 3 3 3 3 3 3 3 3 3 3 3 3 3 3 3 3 3 3 3 3 3 3 3 3 3 3 3 3 3 3 3 3 3 3 3 3 3 3 3 3 3 3 3 3 3 3 3 3 3 3 3 3 3 3 3 3 3 3 3 3 3 3 3 3 3 3 3 3 3 3 3 3 3 3 3 3 3 3 3 3 3 3 3 3 3 3 3 3 3 3 3 3 3 3 3 3 3 3 3 3 3 3 3 3 3 3 3 3 3 3 3 3 3 3 3 3 3 3 3 3 3 3 3 3 3 3 3 3 3 3 3 3 3 3 3 3 3 3 3 3 3 3 3 3 3 3 3 3 3 3 3 3 3 3 3 3 3 3 3 3 3 3 3 3 3 3 3 3 3 3 3 3 3 3 3 3 3 3 3 3 3 3 3 3 3 3 3 3 3 3 3 3 3 3 3 3 3 3 3 3 3 3 3 3 3 3 3 3 3 3 3 3 3 3 3 3 3 3 3 3 3 3 3 3 3 3 3 3 3 3 3 3 3 3 3 3 3 3 3 3 3 3 3 3 3 3 3 3 3 3 3 3 3 3 3 3 3 3 3 3 3 3 3 3 3 3 3 3 3 3 3 3 3 3 3 3 3 3 3 3 3 3 3 3 3 3 3 3 3 3 3 3 3 3 3 3 3 3 3 3 3 3 3 3 3 3 3 3 3 3 3 3 3 3 3 3 3 3 3 3 3 3 3 3 3 3 3 3 3 3 3 3 3 3 3 3 3</vcount>
     <p>2 2 2 1 1 1 0 0 0 1 5 5 3 4 4 0 3 3 0 8 8 3 7 7 4 6 6 1 11 11 2 10 10 5 9 9 2 14 14 4 13 13 5 12 12 5 17 17 4 16 16 3 15 15 8 20 20 7 19 19 6 18 18 7 23 23 9 22 22 6 21 21 6 26 26 9 25 25 10 24 24 9 29 29 11 28 28 10 27 27 7 32 32 12 31 31 9 30 30 12 35 35 13 34 34 9 33 33 16 38 38 15 37 37 14 36 36 15 41 41 17 40 40 14 39 39 14 44 44 17 43 43 18 42 42 20 47 47 19 46 46 14 45 45 19 50 50 16 49 49 14 48 48 21 53 53 17 52 52 11 51 51 17 56 56 15 55 55 11 54 54 11 59 59 15 58 58 22 57 57 9 62 62 13 61 61 11 60 60 13 65 65 21 64 64 11 63 63 6 68 68 10 67 67 23 66 66 10 71 71 24 70 70 23 69 69 23 74 74 24 73 73 25 72 72 24 77 77 26 76 76 25 75 75 24 80 80 10 79 79 27 78 78 10 83 83 28 82 82 27 81 81 27 86 86 30 85 85 29 84 84 30 89 89 31 88 88 29 87 87 23 92 92 25 91 91 32 90 90 25 95 95 33 94 94 32 93 93 26 98 98 24 97 97 29 96 96 24 101 101 27 100 100 29 99 99 35 104 104 8 103 103 34 102 102 8 107 107 28 106 106 34 105 105 35 110 110 34 109 109 10 108 108 34 113 113 28 112 112 10 111 111 28 116 116 8 115 115 27 114 114 8 119 119 32 118 118 27 117 117 27 122 122 32 121 121 30 120 120 32 125 125 33 124 124 30 123 123 37 128 128 15 127 127 36 126 126 15 131 131 38 130 130 36 129 129 36 134 134 38 133 133 39 132 132 41 137 137 37 136 136 40 135 135 37 140 140 36 139 139 40 138 138 38 143 143 15 142 142 42 141 141 15 146 146 43 145 145 42 144 144 42 149 149 43 148 148 44 147 147 47 152 152 46 151 151 45 150 150 46 155 155 19 154 154 45 153 153 45 158 158 19 157 157 48 156 156 19 161 161 22 160 160 48 159 159 50 164 164 38 163 163 49 162 162 38 167 167 42 166 166 49 165 165 52 170 170 46 169 169 51 168 168 46 173 173 42 172 172 51 171 171 43 176 176 16 175 175 44 174 174 16 179 179 52 178 178 44 177 177 55 182 182 54 181 181 53 180 180 54 185 185 56 184 184 53 183 183 53 188 188 56 187 187 57 186 186 56 191 191 58 190 190 57 189 189 58 194 194 59 193 193 57 192 192 59 197 197 60 196 196 57 195 195 57 200 200 60 199 199 61 198 198 60 203 203 55 202 202 61 201 201 63 206 206 62 205 205 53 204 204 62 209 209 64 208 208 53 207 207 53 212 212 64 211 211 55 210 210 66 215 215 63 214 214 65 213 213 63 218 218 57 217 217 65 216 216 66 221 221 65 220 220 67 219 219 65 224 224 61 223 223 67 222 222 67 227 227 61 226 226 64 225 225 61 230 230 55 229 229 64 228 228 69 233 233 67 232 232 68 231 231 67 236 236 70 235 235 68 234 234 59 239 239 54 238 238 60 237 237 54 242 242 55 241 241 60 240 240 56 245 245 54 244 244 71 243 243 54 248 248 72 247 247 71 246 246 73 251 251 58 250 250 71 249 249 58 254 254 56 253 253 71 252 252 72 257 257 54 256 256 74 255 255 54 260 260 59 259 259 74 258 258 74 263 263 59 262 262 73 261 261 59 266 266 58 265 265 73 264 264 77 269 269 76 268 268 75 267 267 76 272 272 78 271 271 75 270 270 75 275 275 78 274 274 79 273 273 81 278 278 80 277 277 71 276 276 80 281 281 73 280 280 71 279 279 83 284 284 75 283 283 82 282 282 75 287 287 84 286 286 82 285 285 84 290 290 85 289 289 82 288 288 82 293 293 85 292 292 86 291 291 72 296 296 74 295 295 79 294 294 74 299 299 87 298 298 79 297 297 79 302 302 87 301 301 88 300 300 87 305 305 89 304 304 88 303 303 75 308 308 79 307 307 84 306 306 79 311 311 90 310 310 84 309 309 90 314 314 79 313 313 91 312 312 79 317 317 88 316 316 91 315 315 91 320 320 88 319 319 92 318 318 94 323 323 85 322 322 93 321 321 85 326 326 84 325 325 93 324 324 90 329 329 95 328 328 84 327 327 95 332 332 93 331 331 84 330 330 90 335 335 96 334 334 95 333 333 96 338 338 97 337 337 95 336 336 99 341 341 98 340 340 96 339 339 98 344 344 73 343 343 96 342 342 96 347 347 73 346 346 85 345 345 73 350 350 80 349 349 85 348 348 85 353 353 80 352 352 86 351 351 80 356 356 83 355 355 86 354 354 99 359 359 96 358 358 100 357 357 96 362 362 90 361 361 100 360 360 91 365 365 101 364 364 90 363 363 101 368 368 100 367 367 90 366 366 91 371 371 98 370 370 101 369 369 98 374 374 99 373 373 101 372 372 89 377 377 87 376 376 98 375 375 87 380 380 74 379 379 98 378 378 98 383 383 74 382 382 73 381 381 104 386 386 103 385 385 102 384 384 103 389 389 105 388 388 102 387 387 102 392 392 105 391 391 106 390 390 105 395 395 107 394 394 106 393 393 106 398 398 107 397 397 108 396 396 107 401 401 109 400 400 108 399 399 112 404 404 111 403 403 110 402 402 111 407 407 113 406 406 110 405 405 110 410 410 113 409 409 114 408 408 113 413 413 115 412 412 114 411 411 114 416 416 115 415 415 116 414 414 115 419 419 117 418 418 116 417 417 116 422 422 117 421 421 118 420 420 112 425 425 110 424 424 29 423 423 110 428 428 119 427 427 29 426 426 111 431 431 62 430 430 113 429 429 62 434 434 63 433 433 113 432 432 113 437 437 63 436 436 115 435 435 63 440 440 120 439 439 115 438 438 115 443 443 120 442 442 117 441 441 83 445 446 80 444 445 75 444 444 80 448 449 77 447 448 75 446 447 7 451 452 8 450 451 14 449 450 8 454 455 35 453 454 14 452 453 10 457 458 11 456 457 35 455 456 11 460 461 20 459 460 35 458 459 6 463 464 23 462 463 8 461 462 23 466 467 32 465 466 8 464 465 11 469 470 22 468 469 20 467 468 22 472 473 19 471 472 20 470 471 72 475 476 78 474 475 71 473 474 78 478 479 81 477 478 71 476 477 96 481 482 85 480 481 97 479 480 85 484 485 94 483 484 97 482 483 123 487 488 122 486 487 121 485 486 122 490 491 124 489 490 121 488 489 121 493 494 124 492 493 125 491 492 124 496 497 126 495 496 125 494 495 122 499 500 127 498 499 124 497 498 127 502 503 128 501 502 124 500 501 124 505 506 128 504 505 126 503 504 128 508 509 129 507 508 126 506 507 132 511 512 131 510 511 130 509 510 131 514 515 133 513 514 130 512 513 136 517 518 135 516 517 134 515 516 135 520 521 137 519 520 134 518 519 136 523 524 130 522 523 135 521 522 130 526 527 138 525 526 135 524 525 129 529 530 128 528 529 137 527 528 128 532 533 134 531 532 137 530 531 122 535 536 139 534 535 127 533 534 139 538 539 140 537 538 127 536 537 127 541 542 140 540 541 141 539 540 140 544 545 142 543 544 141 542 543 141 547 548 142 546 547 143 545 546 142 550 551 144 549 550 143 548 549 142 553 554 140 552 553 145 551 552 140 556 557 146 555 556 145 554 555 148 559 560 147 558 559 123 557 558 147 562 563 149 561 562 123 560 561 148 565 566 127 564 565 147 563 564 127 568 569 149 567 568 147 566 567 149 571 572 141 570 571 123 569 570 141 574 575 150 573 574 123 572 573 123 577 578 150 576 577 139 575 576 150 580 581 146 579 580 139 578 579 141 583 584 143 582 583 150 581 582 143 586 587 151 585 586 150 584 585 150 589 590 151 588 589 146 587 588 154 592 593 153 591 592 152 590 591 153 595 596 155 594 595 152 593 594 152 598 599 155 597 598 134 596 597 155 601 602 156 600 601 134 599 600 134 604 605 156 603 604 157 602 603 156 607 608 158 606 607 157 605 606 160 610 611 159 609 610 155 608 609 159 613 614 156 612 613 155 611 612 162 616 617 132 615 616 161 614 615 132 619 620 130 618 619 161 617 618 161 622 623 130 621 622 136 620 621 134 625 626 157 624 625 163 623 624 157 628 629 164 627 628 163 626 627 166 631 632 165 630 631 161 629 630 165 634 635 157 633 634 161 632 633 163 637 638 164 636 637 136 635 636 164 640 641 166 639 640 136 638 639 169 643 644 168 642 643 167 641 642 168 646 647 170 645 646 167 644 645 167 649 650 170 648 649 171 647 648 167 652 653 172 651 652 169 650 651 172 655 656 173 654 655 169 653 654 169 658 659 173 657 658 174 656 657 173 661 662 175 660 661 174 659 660 172 664 665 176 663 664 173 662 663 176 667 668 175 666 667 173 665 666 117 670 671 167 669 670 118 668 669 167 673 674 171 672 673 118 671 672 118 676 677 171 675 676 177 674 675 179 679 680 178 678 679 117 677 678 178 682 683 172 681 682 117 680 681 179 685 686 180 684 685 178 683 684 180 688 689 181 687 688 178 686 687 178 691 692 181 690 691 172 689 690 181 694 695 182 693 694 172 692 693 172 697 698 182 696 697 176 695 696 182 700 701 168 699 700 176 698 699 176 703 704 168 702 703 183 701 702 168 706 707 184 705 706 183 704 705 186 709 710 185 708 709 180 707 708 185 712 713 177 711 712 180 710 711 180 715 716 177 714 715 171 713 714 184 718 719 168 717 718 174 716 717 168 721 722 169 720 721 174 719 720 189 724 725 188 723 724 187 722 723 188 727 728 190 726 727 187 725 726 187 730 731 190 729 730 191 728 729 193 733 734 188 732 733 192 731 732 188 736 737 189 735 736 192 734 735 195 739 740 174 738 739 194 737 738 174 742 743 175 741 742 194 740 741 194 745 746 175 744 745 196 743 744 175 748 749 197 747 748 196 746 747 196 751 752 197 750 751 198 749 750 200 754 755 199 753 754 188 752 753 199 757 758 190 756 757 188 755 756 199 760 761 196 759 760 190 758 759 184 763 764 187 762 763 183 761 762 187 766 767 201 765 766 183 764 765 183 769 770 201 768 769 202 767 768 201 772 773 203 771 772 202 770 771 191 775 776 204 774 775 187 773 774 204 778 779 205 777 778 187 776 777 207 781 782 206 780 781 196 779 780 206 784 785 190 783 784 196 782 783 206 787 788 208 786 787 190 785 786 208 790 791 191 789 790 190 788 789 191 793 794 208 792 793 197 791 792 208 796 797 198 795 796 197 794 795 209 799 800 197 798 799 202 797 798 197 802 803 175 801 802 202 800 801 202 805 806 175 804 805 183 803 804 209 808 809 210 807 808 197 806 807 210 811 812 191 810 811 197 809 810 210 814 815 211 813 814 191 812 813 211 817 818 204 816 817 191 815 816 204 820 821 211 819 820 202 818 819 211 823 824 209 822 823 202 821 822 187 826 827 205 825 826 201 824 825 205 829 830 203 828 829 201 827 828 180 832 833 171 831 832 181 830 831 171 835 836 170 834 835 181 833 834 181 838 839 170 837 838 182 836 837 170 841 842 168 840 841 182 839 840 214 844 845 213 843 844 212 842 843 213 847 848 215 846 847 212 845 846 218 850 851 217 849 850 216 848 849 217 853 854 142 852 853 216 851 852 216 856 857 142 855 856 219 854 855 221 859 860 216 858 859 220 857 858 216 862 863 219 861 862 220 860 861 220 865 866 219 864 865 222 863 864 213 868 869 109 867 868 215 866 867 109 871 872 107 870 871 215 869 870 118 874 875 218 873 874 116 872 873 218 877 878 216 876 877 116 875 876 116 880 881 216 879 880 114 878 879 216 883 884 221 882 883 114 881 882 114 886 887 221 885 886 110 884 885 221 889 890 220 888 889 110 887 888 110 892 893 220 891 892 119 890 891 220 895 896 222 894 895 119 893 894 188 897 899 194 897 898 200 896 897 194 900 902 223 899 901 200 898 900 195 903 905 194 902 904 193 901 903 194 905 908 188 905 907 193 904 906 121 908 911 135 907 910 123 906 909 135 911 914 148 910 913 123 909 912 127 914 917 148 913 916 128 912 915 148 917 920 138 916 919 128 915 918 125 920 923 224 919 922 135 918 921 224 923 926 137 922 925 135 921 924 130 926 929 133 925 928 138 924 927 133 929 932 128 928 931 138 927 930 184 932 935 174 931 934 189 930 933 174 935 938 195 934 937 189 933 936 189 938 941 195 937 940 192 936 939 227 941 944 226 940 943 225 939 942 226 944 947 228 943 946 225 942 945 231 947 950 230 946 949 229 945 948 230 950 953 232 949 952 229 948 951 234 953 956 233 952 955 231 951 954 233 955 959 230 955 958 231 954 957 234 958 962 231 957 961 227 956 960 231 961 965 226 960 964 227 959 963 232 964 968 233 963 967 229 962 966 233 967 971 234 966 970 229 965 969 2 970 974 0 969 973 4 968 972 13 973 977 12 972 976 18 971 975 14 976 980 12 975 979 7 974 978 21 979 983 13 978 982 18 977 981 16 982 986 43 981 985 15 980 984 36 984 989 48 984 988 40 983 987 45 987 992 48 986 991 235 985 990 48 990 995 236 989 994 235 988 993 39 993 998 236 992 997 36 991 996 38 995 1001 45 994 1000 39 994 999 45 998 1004 50 997 1003 47 996 1002 42 1001 1007 46 1000 1006 49 999 1005 16 1004 1010 46 1003 1009 52 1002 1008 44 1007 1013 51 1006 1012 42 1005 1011 15 1010 1016 37 1009 1015 22 1008 1014 37 1013 1019 41 1012 1018 22 1011 1017 57 1016 1022 63 1015 1021 53 1014 1020 69 1019 1025 66 1018 1024 67 1017 1023 78 1022 1028 72 1021 1027 79 1020 1026 98 1025 1031 92 1024 1030 89 1023 1029 64 1028 1034 62 1027 1033 70 1026 1032 239 1031 1037 238 1030 1036 237 1029 1035 242 1034 1040 241 1033 1039 240 1032 1038 245 1037 1043 244 1036 1042 243 1035 1041 248 1040 1046 247 1039 1045 246 1038 1044 251 1043 1049 250 1042 1048 249 1041 1047 254 1046 1052 253 1045 1051 252 1044 1050 257 1049 1055 256 1048 1054 255 1047 1053 260 1052 1058 259 1051 1057 258 1050 1056 65 1055 1061 57 1054 1060 61 1053 1059 261 1058 1064 48 1057 1063 22 1056 1062 64 1061 1067 70 1060 1066 67 1059 1065 46 1064 1070 47 1063 1069 49 1062 1068 48 1067 1073 261 1066 1072 40 1065 1071 48 1070 1076 36 1069 1075 236 1068 1074 45 1073 1079 235 1072 1078 39 1071 1077 45 1075 1082 38 1075 1081 50 1074 1080 41 1078 1085 261 1077 1084 22 1076 1083 98 1081 1088 91 1080 1087 92 1079 1086 80 1084 1091 81 1083 1090 77 1082 1089 264 1087 1094 263 1086 1093 262 1085 1092 12 1090 1097 14 1089 1096 18 1088 1095 21 1093 1100 18 1092 1099 17 1091 1098 20 1096 1103 14 1095 1102 35 1094 1101 78 1099 1106 76 1098 1105 81 1097 1104 46 1102 1109 16 1101 1108 19 1100 1107 267 1103 1112 266 1103 1111 265 1103 1110 1 1106 1115 5 1105 1114 3 1104 1113 126 1109 1118 224 1108 1117 125 1107 1116 135 1112 1121 121 1111 1120 125 1110 1119 129 1115 1124 224 1114 1123 126 1113 1122 128 1118 1127 133 1117 1126 134 1116 1125 136 1121 1130 134 1120 1129 163 1119 1128 155 1124 1133 153 1123 1132 131 1122 1131 132 1127 1136 268 1126 1135 131 1125 1134 131 1130 1139 268 1129 1138 160 1128 1137 156 1133 1142 159 1132 1141 132 1131 1140 132 1136 1145 162 1135 1144 269 1134 1143 156 1139 1148 269 1138 1147 158 1137 1146 157 1142 1151 158 1141 1150 161 1140 1149 136 1145 1154 166 1144 1153 161 1143 1152 157 1148 1157 165 1147 1156 164 1146 1155 134 1151 1160 133 1150 1159 152 1149 1158 152 1154 1163 133 1153 1162 154 1152 1161 172 1157 1166 167 1156 1165 117 1155 1164 186 1160 1169 180 1159 1168 179 1158 1167 176 1163 1172 183 1162 1171 175 1161 1170 189 1166 1175 187 1165 1174 184 1164 1173 202 1169 1178 203 1168 1177 270 1167 1176 204 1172 1181 270 1171 1180 205 1170 1179 273 1174 1184 272 1174 1183 271 1173 1182 276 1176 1187 275 1176 1186 274 1175 1185 279 1179 1190 278 1178 1189 277 1177 1188 282 1182 1193 281 1181 1192 280 1180 1191 285 1184 1196 284 1184 1195 283 1183 1194 288 1186 1199 287 1185 1198 286 1185 1197 291 1189 1202 290 1188 1201 289 1187 1200 294 1192 1205 293 1191 1204 292 1190 1203 295 1195 1208 133 1194 1207 131 1193 1206 161 1198 1211 158 1197 1210 162 1196 1209 131 1201 1214 153 1200 1213 295 1199 1212 131 1204 1217 160 1203 1216 155 1202 1215 132 1207 1220 159 1206 1219 268 1205 1218 132 1210 1223 269 1209 1222 156 1208 1221 154 1213 1226 133 1212 1225 295 1211 1224 202 1216 1229 270 1215 1228 204 1214 1227 298 1219 1232 297 1218 1231 296 1217 1230 139 1222 1235 146 1221 1234 140 1220 1233 129 1225 1238 137 1224 1237 224 1223 1236 123 1228 1241 139 1227 1240 122 1226 1239 138 1231 1244 148 1230 1243 135 1229 1242 127 1234 1247 141 1233 1246 149 1232 1245 194 1237 1250 196 1236 1249 223 1235 1248 198 1240 1253 207 1239 1252 196 1238 1251 196 1243 1256 199 1242 1255 223 1241 1254 301 1244 1259 300 1244 1258 299 1244 1257 302 1247 1262 226 1246 1261 231 1245 1260 231 1250 1265 229 1249 1264 302 1248 1263 303 1253 1268 228 1252 1267 226 1251 1266 226 1256 1271 302 1255 1270 303 1254 1269 302 1259 1274 229 1258 1273 234 1257 1272 234 1262 1277 227 1261 1276 302 1260 1275 303 1265 1280 302 1264 1279 227 1263 1278 227 1268 1283 225 1267 1282 303 1266 1281 103 1271 1286 104 1270 1285 304 1269 1284 307 1273 1289 306 1273 1288 305 1272 1287 310 1274 1292 309 1274 1291 308 1274 1290 212 1277 1295 304 1276 1294 214 1275 1293</p>
    </polylist>
   </mesh>
  </geometry>
 </library_geometries>
 <library_visual_scenes>
  <visual_scene id="Scene" name="Scene">
   <node id="realb56" name="realb56">
    <translate sid="translate">0.00000 0.00000 0.00000</translate>
    <rotate sid="head">0 1 0 0.00000</rotate>
    <rotate sid="pitch">1 0 0 0.00000</rotate>
    <rotate sid="bank">0 0 1 0.00000</rotate>
    <scale sid="scale">1.00000 1.00000 1.00000</scale>
    <instance_geometry url="#realb56-lib">
     <bind_material>
      <technique_common>
       <instance_material symbol="mat6.png" target="#mat6.png">
        <bind_vertex_input semantic="UVSET0" input_semantic="TEXCOORD"/>
       </instance_material>
      </technique_common>
     </bind_material>
    </instance_geometry>
   </node>
   <node id="realb56_1" name="realb56_1">
    <translate sid="translate">0.00000 0.00000 0.00000</translate>
    <rotate sid="head">0 1 0 0.00000</rotate>
    <rotate sid="pitch">1 0 0 0.00000</rotate>
    <rotate sid="bank">0 0 1 0.00000</rotate>
    <scale sid="scale">1.00000 1.00000 1.00000</scale>
    <instance_geometry url="#realb56_1-lib">
     <bind_material>
      <technique_common>
       <instance_material symbol="mat7.png" target="#mat7.png">
        <bind_vertex_input semantic="UVSET0" input_semantic="TEXCOORD"/>
       </instance_material>
      </technique_common>
     </bind_material>
    </instance_geometry>
   </node>
   <node id="realb56_2" name="realb56_2">
    <translate sid="translate">0.00000 0.00000 0.00000</translate>
    <rotate sid="head">0 1 0 0.00000</rotate>
    <rotate sid="pitch">1 0 0 0.00000</rotate>
    <rotate sid="bank">0 0 1 0.00000</rotate>
    <scale sid="scale">1.00000 1.00000 1.00000</scale>
    <instance_geometry url="#realb56_2-lib">
     <bind_material>
      <technique_common>
       <instance_material symbol="mat5.png" target="#mat5.png">
        <bind_vertex_input semantic="UVSET0" input_semantic="TEXCOORD"/>
       </instance_material>
      </technique_common>
     </bind_material>
    </instance_geometry>
   </node>
   <node id="realb56_3" name="realb56_3">
    <translate sid="translate">0.00000 0.00000 0.00000</translate>
    <rotate sid="head">0 1 0 0.00000</rotate>
    <rotate sid="pitch">1 0 0 0.00000</rotate>
    <rotate sid="bank">0 0 1 0.00000</rotate>
    <scale sid="scale">1.00000 1.00000 1.00000</scale>
    <instance_geometry url="#realb56_3-lib">
     <bind_material>
      <technique_common>
       <instance_material symbol="mat4.png" target="#mat4.png">
        <bind_vertex_input semantic="UVSET0" input_semantic="TEXCOORD"/>
       </instance_material>
      </technique_common>
     </bind_material>
    </instance_geometry>
   </node>
   <node id="realb56_4" name="realb56_4">
    <translate sid="translate">0.00000 0.00000 0.00000</translate>
    <rotate sid="head">0 1 0 0.00000</rotate>
    <rotate sid="pitch">1 0 0 0.00000</rotate>
    <rotate sid="bank">0 0 1 0.00000</rotate>
    <scale sid="scale">1.00000 1.00000 1.00000</scale>
    <instance_geometry url="#realb56_4-lib">
     <bind_material>
      <technique_common>
       <instance_material symbol="mat1.png" target="#mat1.png">
        <bind_vertex_input semantic="UVSET0" input_semantic="TEXCOORD"/>
       </instance_material>
      </technique_common>
     </bind_material>
    </instance_geometry>
   </node>
   <node id="realb56_5" name="realb56_5">
    <translate sid="translate">0.00000 0.00000 0.00000</translate>
    <rotate sid="head">0 1 0 0.00000</rotate>
    <rotate sid="pitch">1 0 0 0.00000</rotate>
    <rotate sid="bank">0 0 1 0.00000</rotate>
    <scale sid="scale">1.00000 1.00000 1.00000</scale>
    <instance_geometry url="#realb56_5-lib">
     <bind_material>
      <technique_common>
       <instance_material symbol="Sphinx_SG04" target="#Sphinx_SG04">
        <bind_vertex_input semantic="UVSET0" input_semantic="TEXCOORD"/>
       </instance_material>
      </technique_common>
     </bind_material>
    </instance_geometry>
   </node>
   <node id="realb56_6" name="realb56_6">
    <translate sid="translate">0.00000 0.00000 0.00000</translate>
    <rotate sid="head">0 1 0 0.00000</rotate>
    <rotate sid="pitch">1 0 0 0.00000</rotate>
    <rotate sid="bank">0 0 1 0.00000</rotate>
    <scale sid="scale">1.00000 1.00000 1.00000</scale>
    <instance_geometry url="#realb56_6-lib">
     <bind_material>
      <technique_common>
       <instance_material symbol="mat3.png" target="#mat3.png">
        <bind_vertex_input semantic="UVSET0" input_semantic="TEXCOORD"/>
       </instance_material>
      </technique_common>
     </bind_material>
    </instance_geometry>
   </node>
  </visual_scene>
 </library_visual_scenes>
 <scene>
  <instance_visual_scene url="#Scene"/>
 </scene>
</COLLADA>
