# Created by MKDS Course Modifier
mtllib Alice.mtl
g 05_Alice
usemtl mouth
v 6.511719 123.1978 7.7675
v 1.431641 123.5801 11.02464
v 0 118.9942 8.729089
v 0 123.1913 11.34183
v -1.431641 123.5801 11.02464
vn -0.3300781 0.7363281 -0.5898438
vn -0.1132813 0.5449219 -0.8320313
vn -0.4609375 0 -0.8867188
vn -0.5097656 0 -0.8613281
vn -0.1132813 -0.5449219 -0.8320313
vt 1.097656 -0.046875
vt 0.7958984 -0.02539063
vt 0.7285156 -0.2597656
vt 0.7285156 -0.04101563
vt 0.6621094 -0.02539063
f 1/1/1 2/2/2 3/3/3
f 2/2/2 4/4/4 3/3/3
f 3/3/3 4/4/4 5/5/5
v 0 118.9942 8.729089
v -1.431641 123.5801 11.02464
v -6.511719 123.1978 7.7675
vn -0.4609375 0 -0.8867188
vn -0.1132813 -0.5449219 -0.8320313
vn -0.3300781 -0.7363281 -0.5898438
vt 0.7285156 -0.2597656
vt 0.6621094 -0.02539063
vt 0.3603516 -0.046875
f 6/6/6 7/7/7 8/8/8
g 05_Alice_1
usemtl nose
v 1.431641 123.5801 11.02464
v 1.603516 124.977 10.14361
v 0 124.561 12.35512
v 0 126.9099 10.8345
v -1.431641 123.5801 11.02464
v -1.603516 124.977 10.14361
vn -0.1132813 0.5449219 -0.8320313
vn 0.2558594 0.5585938 -0.7890625
vn 0.140625 0 -0.9902344
vn 0.09179688 0 -0.9960938
vn -0.1132813 -0.5449219 -0.8320313
vn 0.2558594 -0.5585938 -0.7890625
vt 0.05322266 -0.07666016
vt 0.05859375 -0.01416016
vt 0.004882813 -0.04589844
vt 0.004882813 0.05908203
vt 0.05322266 -0.07666016
vt 0.05859375 -0.01416016
f 9/9/9 10/10/10 11/11/11
f 10/10/10 12/12/12 11/11/11
f 11/11/11 12/12/12 13/13/13
f 12/12/12 14/14/14 13/13/13
v 1.431641 123.5801 11.02464
v 0 124.561 12.35512
v 0 123.1913 11.34183
v -1.431641 123.5801 11.02464
vn -0.1132813 0.5449219 -0.8320313
vn 0.140625 0 -0.9902344
vn -0.5097656 0 -0.8613281
vn -0.1132813 -0.5449219 -0.8320313
vt 0.05322266 -0.07666016
vt 0.004882813 -0.04589844
vt 0.004882813 -0.07666016
vt 0.05322266 -0.07666016
f 15/15/15 16/16/16 17/17/17
f 16/16/16 18/18/18 17/17/17
g 05_Alice_2
usemtl face
v 1.603516 124.977 10.14361
v 7.121094 124.7207 7.070104
v 1.318359 130.4496 10.96215
v 7.697266 131.1194 7.648606
v 0 133.9249 11.54379
v 7.785156 134.1401 7.717816
vn 0.2558594 0.5585938 -0.7890625
vn -0.1289063 0.828125 -0.546875
vn -0.01757813 0.3496094 -0.9375
vn -0.03320313 0.7089844 -0.703125
vn 0.06640625 0 -0.9980469
vn 0.04882813 0.71875 -0.6933594
vt 0.7939453 -0.2270508
vt 0.940918 -0.237793
vt 0.7856445 -0.09130859
vt 0.956543 -0.08447266
vt 0.75 0.01855469
vt 0.9692383 0.01269531
f 19/19/19 20/20/20 21/21/21
f 20/20/20 22/22/22 21/21/21
f 21/21/21 22/22/22 23/23/23
f 22/22/22 24/24/24 23/23/23
v -7.121094 124.7207 7.070104
v -1.603516 124.977 10.14361
v -7.697266 131.1194 7.648606
v -1.318359 130.4496 10.96215
v -7.785156 134.1401 7.717816
v 0 133.9249 11.54379
vn -0.1289063 -0.828125 -0.546875
vn 0.2558594 -0.5585938 -0.7890625
vn -0.03320313 -0.7089844 -0.703125
vn -0.01757813 -0.3496094 -0.9375
vn 0.04882813 -0.71875 -0.6933594
vn 0.06640625 0 -0.9980469
vt 0.5571289 -0.2402344
vt 0.7011719 -0.2294922
vt 0.5410156 -0.08544922
vt 0.7089844 -0.09228516
vt 0.5385742 0.01269531
vt 0.7495117 0.01855469
f 25/25/25 26/26/26 27/27/27
f 26/26/26 28/28/28 27/27/27
f 27/27/27 28/28/28 29/29/29
f 28/28/28 30/30/30 29/29/29
v 7.697266 131.1194 7.648606
v 7.121094 124.7207 7.070104
v 9.238281 129.877 4.441755
v -7.697266 131.1194 7.648606
v -9.238281 129.877 4.441755
v -7.121094 124.7207 7.070104
vn -0.03320313 0.7089844 -0.703125
vn -0.1289063 0.828125 -0.546875
vn -0.1503906 0.9199219 -0.3613281
vn -0.03320313 -0.7089844 -0.703125
vn -0.1503906 -0.9199219 -0.3613281
vn -0.1289063 -0.828125 -0.546875
vt 0.956543 -0.08642578
vt 0.9404297 -0.2402344
vt 1.05957 -0.1176758
vt 0.5410156 -0.08544922
vt 0.4423828 -0.1113281
vt 0.5571289 -0.2402344
f 31/31/31 32/32/32 33/33/33
f 34/34/34 35/35/35 36/36/36
g 05_Alice_3
usemtl hair
v 10.62307 117.8692 7.143344
v 9.671807 122.0975 0.5298118
v 4.722678 117.2455 6.971572
v 6.629995 122.3309 2.4745
v 10.79565 113.8778 0.6006188
v 9.734194 118.683 -3.121913
vn -0.1582031 0.6269531 0.7636719
vn 0.05859375 0.9160156 0.3964844
vn 0.0078125 -0.90625 0.4238281
vn 0.1484375 -0.7519531 0.6425781
vn 0.09179688 0.3945313 -0.9140625
vn -0.1484375 0.08984375 -0.984375
vt 0.1875 -0.8896484
vt 0.2255859 -0.6875
vt 0.1367188 -0.8291016
vt 0.1162109 -0.6474609
vt 0.002929688 -0.8632813
vt 0.004882813 -0.8085938
f 37/37/37 38/38/38 39/39/39
f 38/38/38 40/40/40 39/39/39
f 39/39/39 40/40/40 41/41/41
f 40/40/40 42/42/42 41/41/41
v -9.671007 122.099 0.528828
v -10.62421 117.8705 7.142483
v -6.430213 122.161 1.662892
v -4.723578 117.2451 6.971709
v -9.925968 118.6828 -3.121873
v -10.69409 113.8764 0.6013744
vn -0.02929688 -0.828125 0.5585938
vn -0.1582031 -0.6308594 0.7597656
vn -0.08398438 0.8574219 0.5078125
vn 0.03515625 0.8984375 0.4375
vn -0.140625 -0.1757813 -0.9746094
vn 0.1210938 -0.3945313 -0.9101563
vt 0.2255859 -0.6875
vt 0.1875 -0.8896484
vt 0.1162109 -0.6474609
vt 0.1357422 -0.8291016
vt 0.004882813 -0.8085938
vt 0.002929688 -0.8632813
f 43/43/43 44/44/44 45/45/45
f 44/44/44 46/46/46 45/45/45
f 45/45/45 46/46/46 47/47/47
f 46/46/46 48/48/48 47/47/47
v 11.02734 138.9392 -3.163342
v 11.50977 136.6227 -3.264761
v 17.46875 134.6037 -8.2712
v 16.12891 133.6243 -7.566721
v 18.83984 129.8312 -9.736577
v 17.49609 130.0845 -9.065956
vn 0.1054688 0.6894531 -0.7167969
vn 0.1601563 0.7167969 -0.6777344
vn -0.09960938 0.5292969 -0.8417969
vn -0.0859375 0.5566406 -0.8261719
vn 0.1445313 0.4589844 -0.8769531
vn 0.1210938 0.46875 -0.875
vt 0.9667969 -0.96875
vt 0.9667969 -0.96875
vt 0.9560547 -0.9169922
vt 0.9814453 -0.9169922
vt 0.9560547 -0.8691406
vt 0.9814453 -0.8691406
f 49/49/49 50/50/50 51/51/51
f 50/50/50 52/52/52 51/51/51
f 51/51/51 52/52/52 53/53/53
f 52/52/52 54/54/54 53/53/53
v 7.490234 144.9286 4.778805
v 7.369141 145.8867 -3.778793
v 0 146.5206 5.869965
v 0 147.4579 -4.989839
v -7.535156 145.8867 -3.778793
vn 0.7832031 0.5703125 -0.2480469
vn 0.8261719 0.4921875 0.2753906
vn 0.984375 0.009765625 -0.1738281
vn 0.9199219 -0.00390625 0.390625
vn 0.8066406 -0.5097656 0.296875
vt 0.6572266 -0.546875
vt 0.6767578 -0.5205078
vt 0.6582031 -0.5292969
vt 0.6708984 -0.5087891
vt 0.6767578 -0.5205078
f 55/55/55 56/56/56 57/57/57
f 56/56/56 58/58/58 57/57/57
f 57/57/57 58/58/58 59/59/59
v 9.734194 118.683 -3.121913
v 11.16406 127.828 -4.804482
v 9.671807 122.0975 0.5298118
v 12.85742 127.762 -0.5626007
vn -0.1484375 0.08984375 -0.984375
vn 0.005859375 0.9667969 -0.2597656
vn 0.05859375 0.9160156 0.3964844
vn -0.2421875 0.96875 -0.05078125
vt 0.2822266 -0.8085938
vt 0.2705078 -0.6865234
vt 0.2246094 -0.6865234
vt 0.2265625 -0.6269531
f 60/60/60 61/61/61 62/62/62
f 61/61/61 63/63/63 62/62/62
v 14.08594 112.4092 -4.597602
v 14.75781 119.8173 -6.782984
v 9.412109 119.3696 -3.381478
v 11.16406 127.828 -4.804482
v 8.595703 123.0281 -6.204972
vn -0.046875 0.2910156 0.9550781
vn -0.234375 0.8964844 0.3730469
vn 0.2675781 -0.5703125 0.7753906
vn 0.005859375 0.9667969 -0.2597656
vn 0.1015625 -0.8964844 -0.4296875
vt 0.3769531 -0.8710938
vt 0.3974609 -0.7128906
vt 0.3564453 -0.7333984
vt 0.3740234 -0.6611328
vt 0.2978516 -0.6728516
f 64/64/64 65/65/65 66/66/66
f 65/65/65 67/67/67 66/66/66
f 66/66/66 67/67/67 68/68/68
v 11.16406 127.828 -4.804482
v 13.22266 133.4196 -10.35735
v 12.19727 140.0182 -4.290357
v 7.742188 139.8107 -10.86326
v 7.369141 145.8867 -3.778793
v 0 147.4579 -4.989839
vn 0.005859375 0.9667969 -0.2597656
vn 0.1503906 0.8222656 0.5488281
vn 0.4023438 0.8984375 0.1757813
vn 0.421875 0.4296875 0.7988281
vn 0.8261719 0.4921875 0.2753906
vn 0.9199219 -0.00390625 0.390625
vt 0.7988281 -0.6689453
vt 0.8320313 -0.6777344
vt 0.7890625 -0.6279297
vt 0.8945313 -0.6337891
vt 0.8173828 -0.5097656
vt 0.9931641 -0.4648438
f 69/69/69 70/70/70 71/71/71
f 70/70/70 72/72/72 71/71/71
f 71/71/71 72/72/72 73/73/73
f 72/72/72 74/74/74 73/73/73
v 10.5 125.44 -11.3298
v 15.96875 124.5781 -9.056919
v 12.4082 119.9833 -10.25092
v 14.75781 119.8173 -6.782984
v 19.49023 112.832 -10.47365
v 14.08594 112.4092 -4.597602
v 20.26953 104.5931 -9.938987
v 15.17383 96.70779 -7.353305
v 16.16797 107.0916 -13.00681
vn 0.1015625 0.3710938 0.921875
vn 0.03320313 0.9765625 0.2109375
vn -0.1777344 0.8613281 -0.4746094
vn -0.234375 0.8964844 0.3730469
vn -0.3027344 0.9101563 -0.28125
vn -0.046875 0.2910156 0.9550781
vn 0.3183594 0.9453125 -0.05664063
vn 0.40625 0.8417969 0.3554688
vn 0.1699219 0.4511719 -0.875
vt 0.4931641 -0.6503906
vt 0.4287109 -0.6650391
vt 0.4746094 -0.7148438
vt 0.3974609 -0.7128906
vt 0.4511719 -0.8154297
vt 0.4091797 -0.7998047
vt 0.4667969 -0.8935547
vt 0.4580078 -0.9873047
vt 0.5048828 -0.8798828
f 75/75/75 76/76/76 77/77/77
f 76/76/76 78/78/78 77/77/77
f 77/77/77 78/78/78 79/79/79
f 78/78/78 80/80/80 79/79/79
f 79/79/79 80/80/80 81/81/81
f 80/80/80 82/82/82 81/81/81
f 81/81/81 82/82/82 83/83/83
v 10.5 125.44 -11.3298
v 13.22266 133.4196 -10.35735
v 15.96875 124.5781 -9.056919
v 11.16406 127.828 -4.804482
v 14.75781 119.8173 -6.782984
vn 0.1015625 0.3710938 0.921875
vn 0.1503906 0.8222656 0.5488281
vn 0.03320313 0.9765625 0.2109375
vn 0.005859375 0.9667969 -0.2597656
vn -0.234375 0.8964844 0.3730469
vt 0.4931641 -0.6503906
vt 0.4248047 -0.5517578
vt 0.4287109 -0.6650391
vt 0.3740234 -0.6611328
vt 0.3974609 -0.7128906
f 84/84/84 85/85/85 86/86/86
f 85/85/85 87/87/87 86/86/86
f 86/86/86 87/87/87 88/88/88
v 20.26953 104.5931 -9.938987
v 16.16797 107.0916 -13.00681
v 19.49023 112.832 -10.47365
v 12.4082 119.9833 -10.25092
vn 0.3183594 0.9453125 -0.05664063
vn 0.1699219 0.4511719 -0.875
vn -0.3027344 0.9101563 -0.28125
vn -0.1777344 0.8613281 -0.4746094
vt 0.4667969 -0.8935547
vt 0.5048828 -0.8798828
vt 0.4511719 -0.8154297
vt 0.4746094 -0.7148438
f 89/89/89 90/90/90 91/91/91
f 90/90/90 92/92/92 91/91/91
v 12.4082 119.9833 -10.25092
v 13.80078 115.9136 -15.46035
v 10.5 125.44 -11.3298
v 6.486328 113.3166 -17.65096
v 0 126.0555 -14.22592
v 0 113.7743 -19.43945
vn -0.1777344 0.8613281 -0.4746094
vn -0.2578125 0.7207031 -0.6445313
vn 0.1015625 0.3710938 0.921875
vn -0.1152344 0.2460938 -0.9628906
vn 0.1796875 0 0.984375
vn -0.1328125 0 -0.9921875
vt 0.5498047 -0.7216797
vt 0.5908203 -0.7636719
vt 0.5800781 -0.6435547
vt 0.71875 -0.75
vt 0.7753906 -0.6386719
vt 0.7783203 -0.7519531
f 93/93/93 94/94/94 95/95/95
f 94/94/94 96/96/96 95/95/95
f 95/95/95 96/96/96 97/97/97
f 96/96/96 98/98/98 97/97/97
v 9.648438 106.2012 -13.13026
v 8.878906 100.0792 -13.87098
v 11.44336 106.3279 -17.13041
v 4.484375 96.71264 -15.07498
v 6.298828 106.1469 -18.07586
vn 0.8535156 -0.4960938 -0.1621094
vn 0.5664063 0.734375 -0.375
vn 0.3066406 0.4355469 -0.8457031
vn 0.5410156 0.4082031 -0.734375
vn 0.2539063 0.1835938 -0.9492188
vt 0.6181641 -0.8349609
vt 0.6191406 -0.9941406
vt 0.6191406 -0.8369141
vt 0.6855469 -0.9912109
vt 0.6875 -0.8623047
f 99/99/99 100/100/100 101/101/101
f 100/100/100 102/102/102 101/101/101
f 101/101/101 102/102/102 103/103/103
v 6.029297 106.1991 -17.82111
v 0 106.2843 -19.95637
v 6.486328 113.3166 -17.65096
v 0 113.7743 -19.43945
vn 0.2246094 0.3300781 -0.9179688
vn 0.2324219 -0.009765625 -0.9726563
vn -0.1152344 0.2460938 -0.9628906
vn -0.1328125 0 -0.9921875
vt 0.7001953 -0.8457031
vt 0.7783203 -0.8271484
vt 0.6992188 -0.7685547
vt 0.7783203 -0.7519531
f 104/104/104 105/105/105 106/106/106
f 105/105/105 107/107/107 106/106/106
v 0.6621094 96.25162 -15.87658
v 0 106.2843 -19.95637
v 3.814453 98.31087 -16.19584
v 6.029297 106.1991 -17.82111
vn 0.4570313 0.1445313 -0.8769531
vn 0.2324219 -0.009765625 -0.9726563
vn 0.4316406 0.1953125 -0.8808594
vn 0.2246094 0.3300781 -0.9179688
vt 0.7714844 -0.9951172
vt 0.7783203 -0.8271484
vt 0.7109375 -0.9462891
vt 0.7001953 -0.8457031
f 108/108/108 109/109/109 110/110/110
f 109/109/109 111/111/111 110/110/110
v 6.748047 124.3233 -0.8074774
v 0 120.3896 -3.899473
v 8.595703 123.0281 -6.204972
v 5.146484 113.0848 -11.70412
v 9.462891 113.4763 -11.14139
v 9.648438 106.2012 -13.13026
vn -0.9101563 0.4121094 0.05078125
vn -0.6777344 0.005859375 -0.734375
vn -0.703125 0.3886719 -0.59375
vn 0.4453125 0.02734375 0.8945313
vn 0.2050781 0.0390625 0.9785156
vn 0.02148438 -0.3769531 0.9257813
vt 0.05273438 -0.6279297
vt 0.04589844 -0.6308594
vt 0.05371094 -0.6308594
vt 0.04589844 -0.6357422
vt 0.05175781 -0.6396484
vt 0.05175781 -0.6455078
f 112/112/112 113/113/113 114/114/114
f 113/113/113 115/115/115 114/114/114
f 114/114/114 115/115/115 116/116/116
f 115/115/115 117/117/117 116/116/116
v 8.595703 123.0281 -6.204972
v 9.462891 113.4763 -11.14139
v 12.4082 119.9833 -10.25092
v 15.96875 106.9816 -12.94946
vn -0.703125 0.3886719 -0.59375
vn 0.2050781 0.0390625 0.9785156
vn 0.6738281 -0.5253906 0.5214844
vn -0.06445313 -0.00390625 0.9980469
vt 0.05371094 -0.6308594
vt 0.05175781 -0.6396484
vt 0.05859375 -0.6386719
vt 0.05957031 -0.6445313
f 118/118/118 119/119/119 120/120/120
f 119/119/119 121/121/121 120/120/120
v 9.648438 106.2012 -13.13026
v 11.44336 106.3279 -17.13041
v 9.449219 97.29398 -11.99906
v 13.62695 99.81533 -11.54606
vn 0.8535156 -0.4960938 -0.1621094
vn 0.3066406 0.4355469 -0.8457031
vn 0.5800781 0.001953125 -0.8144531
vn 0.5429688 0.484375 -0.6855469
vt 0.6181641 -0.8359375
vt 0.6191406 -0.8339844
vt 0.6015625 -0.9941406
vt 0.5439453 -0.9785156
f 122/122/122 123/123/123 124/124/124
f 123/123/123 125/125/125 124/124/124
v 8.878906 100.0792 -13.87098
v 9.648438 106.2012 -13.13026
v 4.484375 96.71264 -15.07498
v 6.298828 106.1469 -18.07586
vn -0.0078125 -0.1953125 0.9804688
vn 0.02148438 -0.3769531 0.9257813
vn -0.2402344 -0.5917969 0.7675781
vn -0.0078125 -0.9160156 0.4003906
vt 0.05175781 -0.6503906
vt 0.05175781 -0.6455078
vt 0.04492188 -0.6503906
vt 0.04980469 -0.6455078
f 126/126/126 127/127/127 128/128/128
f 127/127/127 129/129/129 128/128/128
v 9.462891 113.4763 -11.14139
v 9.648438 106.2012 -13.13026
v 15.96875 106.9816 -12.94946
v 13.62695 99.81533 -11.54606
vn 0.2050781 0.0390625 0.9785156
vn 0.02148438 -0.3769531 0.9257813
vn -0.06445313 -0.00390625 0.9980469
vn -0.2558594 -0.1367188 0.9570313
vt 0.05175781 -0.6396484
vt 0.05273438 -0.6455078
vt 0.05957031 -0.6445313
vt 0.05957031 -0.6474609
f 130/130/130 131/131/131 132/132/132
f 131/131/131 133/133/133 132/132/132
v 0.6621094 96.25162 -15.87658
v 0 105.775 -14.70578
v 0 106.2843 -19.95637
v -0.4082031 94.95385 -15.8772
vn 0.0390625 -0.2890625 0.9570313
vn 0.2382813 0 0.9707031
vn 0.9414063 0.3359375 0.005859375
vn 0.01757813 0.3613281 0.9316406
vt 0.04003906 -0.6533203
vt 0.04199219 -0.6455078
vt 0.03710938 -0.6464844
vt 0.04003906 -0.6533203
f 134/134/134 135/135/135 136/136/136
f 135/135/135 137/137/137 136/136/136
v 5.689303 112.0389 9.066942
v 5.117282 108.922 7.387317
v 9.368923 111.5446 9.049174
v 8.404586 110.8028 6.51019
vn 0.4980469 -0.7460938 0.4433594
vn 0.5742188 -0.609375 -0.5449219
vn 0.6171875 0.6699219 0.4121094
vn 0.4707031 0.1308594 -0.8710938
vt 0.1386719 -0.9394531
vt 0.1767578 -0.9882813
vt 0.2158203 -0.9501953
vt 0.2548828 -0.9609375
f 138/138/138 139/139/139 140/140/140
f 139/139/139 141/141/141 140/140/140
v 5.117282 108.922 7.387317
v 5.689303 112.0389 9.066942
v 8.404586 110.8028 6.51019
v 4.722678 117.2455 6.971572
v 10.79565 113.8778 0.6006188
vn 0.5742188 -0.609375 -0.5449219
vn 0.4980469 -0.7460938 0.4433594
vn 0.4707031 0.1308594 -0.8710938
vn 0.0078125 -0.90625 0.4238281
vn 0.09179688 0.3945313 -0.9140625
vt 0.07519531 -0.9941406
vt 0.078125 -0.9326172
vt 0.04199219 -0.9541016
vt 0.1367188 -0.8291016
vt 0.002929688 -0.8632813
f 142/142/142 143/143/143 144/144/144
f 143/143/143 145/145/145 144/144/144
f 144/144/144 145/145/145 146/146/146
v 7.064453 140.5065 9.752053
v 7.490234 144.9286 4.778805
v 0 144.14 12.20389
v 0 146.5206 5.869965
vn 0.3730469 0.6503906 -0.6601563
vn 0.7832031 0.5703125 -0.2480469
vn 0.6972656 0.02539063 -0.7167969
vn 0.984375 0.009765625 -0.1738281
vt 0.5087891 -0.08789063
vt 0.5996094 -0.004882813
vt 0.4638672 -0.008789063
vt 0.3427734 -0.01171875
f 147/147/147 148/148/148 149/149/149
f 148/148/148 150/150/150 149/149/149
v 9.974609 129.3933 3.763218
v 5.548828 121.6105 9.443257
v 10.96094 126.1284 2.836107
v 10.91211 124.2479 0.9743955
v 12.85742 127.762 -0.5626007
vn 0.08203125 0.7578125 -0.6464844
vn -0.1230469 0.8144531 -0.5683594
vn -0.1894531 0.8320313 -0.5214844
vn -0.3554688 0.8535156 -0.3808594
vn -0.2421875 0.96875 -0.05078125
vt 0.6855469 -0.4042969
vt 0.7900391 -0.5048828
vt 0.7236328 -0.3359375
vt 0.8222656 -0.3535156
vt 0.7197266 -0.1367188
f 151/151/151 152/152/152 153/153/153
f 152/152/152 154/154/154 153/153/153
f 153/153/153 154/154/154 155/155/155
v 13.62695 99.81533 -11.54606
v 11.44336 106.3279 -17.13041
v 15.96875 106.9816 -12.94946
v 13.80078 115.9136 -15.46035
v 12.4082 119.9833 -10.25092
vn 0.5429688 0.484375 -0.6855469
vn 0.3066406 0.4355469 -0.8457031
vn 0.203125 0.765625 -0.609375
vn -0.2578125 0.7207031 -0.6445313
vn -0.1777344 0.8613281 -0.4746094
vt 0.5439453 -0.9785156
vt 0.6191406 -0.8339844
vt 0.5136719 -0.8701172
vt 0.5927734 -0.7636719
vt 0.5507813 -0.71875
f 156/156/156 157/157/157 158/158/158
f 157/157/157 159/159/159 158/158/158
f 158/158/158 159/159/159 160/160/160
v 4.722678 117.2455 6.971572
v 5.689303 112.0389 9.066942
v 10.62307 117.8692 7.143344
v 9.368923 111.5446 9.049174
v 10.79565 113.8778 0.6006188
v 8.404586 110.8028 6.51019
vn 0.0078125 -0.90625 0.4238281
vn 0.4980469 -0.7460938 0.4433594
vn -0.1582031 0.6269531 0.7636719
vn 0.6171875 0.6699219 0.4121094
vn 0.09179688 0.3945313 -0.9140625
vn 0.4707031 0.1308594 -0.8710938
vt 0.1386719 -0.8291016
vt 0.1386719 -0.9394531
vt 0.1875 -0.890625
vt 0.2158203 -0.9501953
vt 0.28125 -0.859375
vt 0.2548828 -0.9609375
f 161/161/161 162/162/162 163/163/163
f 162/162/162 164/164/164 163/163/163
f 163/163/163 164/164/164 165/165/165
f 164/164/164 166/166/166 165/165/165
v 6.486328 113.3166 -17.65096
v 5.146484 113.0848 -11.70412
v 6.029297 106.1991 -17.82111
v 0 105.775 -14.70578
v 3.814453 98.31087 -16.19584
v 0.6621094 96.25162 -15.87658
vn 0.7109375 -0.6953125 -0.1113281
vn 0.4453125 0.02734375 0.8945313
vn 0.1699219 0.6230469 0.7636719
vn 0.2382813 0 0.9707031
vn -0.04492188 0.2695313 0.9628906
vn 0.0390625 -0.2890625 0.9570313
vt 0.04589844 -0.640625
vt 0.04589844 -0.6357422
vt 0.04492188 -0.6455078
vt 0.04199219 -0.6455078
vt 0.04199219 -0.6503906
vt 0.04003906 -0.6533203
f 167/167/167 168/168/168 169/169/169
f 168/168/168 170/170/170 169/169/169
f 169/169/169 170/170/170 171/171/171
f 170/170/170 172/172/172 171/171/171
v 0 147.4579 -4.989839
v 7.742188 139.8107 -10.86326
v 0 139.7831 -13.34393
v 0 126.0555 -14.22592
vn 0.9199219 -0.00390625 0.390625
vn 0.421875 0.4296875 0.7988281
vn 0.3554688 -0.009765625 0.9355469
vn 0.1796875 0 0.984375
vt 0.9931641 -0.4648438
vt 0.8945313 -0.6337891
vt 0.9960938 -0.6376953
vt 0.9931641 -0.7255859
f 173/173/173 174/174/174 175/175/175
f 174/174/174 176/176/176 175/175/175
v 0 126.0555 -14.22592
v 7.742188 139.8107 -10.86326
v 10.5 125.44 -11.3298
v 13.22266 133.4196 -10.35735
vn 0.1796875 0 0.984375
vn 0.421875 0.4296875 0.7988281
vn 0.1015625 0.3710938 0.921875
vn 0.1503906 0.8222656 0.5488281
vt 0.9931641 -0.7255859
vt 0.8945313 -0.6337891
vt 0.8818359 -0.7294922
vt 0.8320313 -0.6777344
f 177/177/177 178/178/178 179/179/179
f 178/178/178 180/180/180 179/179/179
v 9.648438 106.2012 -13.13026
v 5.146484 113.0848 -11.70412
v 6.298828 106.1469 -18.07586
v 6.486328 113.3166 -17.65096
vn 0.02148438 -0.3769531 0.9257813
vn 0.4453125 0.02734375 0.8945313
vn -0.0078125 -0.9160156 0.4003906
vn 0.7109375 -0.6953125 -0.1113281
vt 0.05175781 -0.6455078
vt 0.04589844 -0.6357422
vt 0.04980469 -0.6455078
vt 0.04589844 -0.640625
f 181/181/181 182/182/182 183/183/183
f 182/182/182 184/184/184 183/183/183
v -8.403548 110.8027 6.510205
v -9.367886 111.5445 9.049189
v -10.69409 113.8764 0.6013744
v -10.62421 117.8705 7.142483
vn 0.4707031 -0.1367188 -0.8710938
vn 0.6152344 -0.6738281 0.4121094
vn 0.1210938 -0.3945313 -0.9101563
vn -0.1582031 -0.6308594 0.7597656
vt 0.2548828 -0.9609375
vt 0.2158203 -0.9501953
vt 0.28125 -0.859375
vt 0.1875 -0.890625
f 185/185/185 186/186/186 187/187/187
f 186/186/186 188/188/188 187/187/187
v -14.08594 112.4092 -4.597602
v -9.503906 119.002 -3.24472
v -14.75781 119.8173 -6.782984
v -11.16406 127.828 -4.804482
v -16.13086 124.5781 -9.056919
v -12.27344 139.5829 -3.490711
v -12.17188 133.4196 -10.35735
vn -0.01171875 -0.01757813 0.9980469
vn 0.2832031 0.5605469 0.7792969
vn -0.2324219 -0.8964844 0.3769531
vn -0.1386719 -0.8710938 -0.4707031
vn -0.03515625 -0.9746094 0.2246094
vn 0.3789063 -0.9179688 0.1132813
vn 0.2246094 -0.6171875 0.7539063
vt 0.3417969 -0.7939453
vt 0.3222656 -0.6767578
vt 0.4091797 -0.7177734
vt 0.3857422 -0.6201172
vt 0.4287109 -0.6650391
vt 0.3857422 -0.546875
vt 0.4248047 -0.5517578
f 189/189/189 190/190/190 191/191/191
f 190/190/190 192/192/192 191/191/191
f 191/191/191 192/192/192 193/193/193
f 192/192/192 194/194/194 193/193/193
f 193/193/193 194/194/194 195/195/195
v -12.17188 133.4196 -10.35735
v -10.5 125.44 -11.3298
v -16.13086 124.5781 -9.056919
v -12.4082 119.9833 -10.25092
v -14.75781 119.8173 -6.782984
v -19.71875 112.832 -10.47365
vn 0.2246094 -0.6171875 0.7539063
vn 0.1132813 -0.375 0.9199219
vn -0.03515625 -0.9746094 0.2246094
vn -0.1757813 -0.859375 -0.4804688
vn -0.2324219 -0.8964844 0.3769531
vn -0.2929688 -0.9160156 -0.2714844
vt 0.4248047 -0.5517578
vt 0.4873047 -0.6474609
vt 0.4287109 -0.6650391
vt 0.4697266 -0.7138672
vt 0.4091797 -0.7177734
vt 0.4248047 -0.796875
f 196/196/196 197/197/197 198/198/198
f 197/197/197 199/199/199 198/198/198
f 198/198/198 199/199/199 200/200/200
f 199/199/199 201/201/201 200/200/200
v -14.75781 119.8173 -6.782984
v -19.71875 112.832 -10.47365
v -14.08594 112.4092 -4.597602
v -20.14453 104.5931 -9.938987
v -14.35352 96.69407 -7.315455
vn -0.2324219 -0.8964844 0.3769531
vn -0.2929688 -0.9160156 -0.2714844
vn -0.01171875 -0.01757813 0.9980469
vn 0.02539063 -0.8828125 0.4707031
vn 0.05859375 -0.3496094 0.9355469
vt 0.4101563 -0.7207031
vt 0.4560547 -0.7822266
vt 0.4140625 -0.8056641
vt 0.4785156 -0.9082031
vt 0.4130859 -0.9921875
f 202/202/202 203/203/203 204/204/204
f 203/203/203 205/205/205 204/204/204
f 204/204/204 205/205/205 206/206/206
v -20.14453 104.5931 -9.938987
v -19.71875 112.832 -10.47365
v -16.16797 107.0916 -13.00681
v -12.4082 119.9833 -10.25092
vn 0.02539063 -0.8828125 0.4707031
vn -0.2929688 -0.9160156 -0.2714844
vn 0.001953125 -0.4785156 -0.8769531
vn -0.1757813 -0.859375 -0.4804688
vt 0.4785156 -0.9091797
vt 0.4248047 -0.796875
vt 0.5019531 -0.8007813
vt 0.4697266 -0.7138672
f 207/207/207 208/208/208 209/209/209
f 208/208/208 210/210/210 209/209/209
v -12.4082 119.9833 -10.25092
v -10.5 125.44 -11.3298
v -13.80078 115.9138 -15.46229
v -6.486328 113.3166 -17.65096
vn -0.1757813 -0.859375 -0.4804688
vn 0.1132813 -0.375 0.9199219
vn -0.2578125 -0.7207031 -0.6445313
vn -0.1152344 -0.2460938 -0.9628906
vt 0.5498047 -0.7216797
vt 0.5800781 -0.6435547
vt 0.5908203 -0.7636719
vt 0.71875 -0.75
f 211/211/211 212/212/212 213/213/213
f 212/212/212 214/214/214 213/213/213
v -9.648438 106.2012 -13.13026
v -11.44336 106.3279 -17.13041
v -8.878906 100.0792 -13.87098
v -5.658203 96.08844 -15.07666
vn 0.8378906 0.5175781 -0.1738281
vn 0.3027344 -0.4433594 -0.84375
vn 0.4902344 -0.8535156 -0.1777344
vn 0.5136719 -0.5214844 -0.6816406
vt 0.6181641 -0.8349609
vt 0.6191406 -0.8369141
vt 0.6191406 -0.9941406
vt 0.6855469 -0.9912109
f 215/215/215 216/216/216 217/217/217
f 216/216/216 218/218/218 217/217/217
v -5.658203 96.08844 -15.07666
v -11.44336 106.3279 -17.13041
v -6.298828 106.1469 -18.07586
v -6.486328 113.3166 -17.65096
vn 0.5136719 -0.5214844 -0.6816406
vn 0.3027344 -0.4433594 -0.84375
vn 0.2265625 -0.1835938 -0.9570313
vn -0.1152344 -0.2460938 -0.9628906
vt 0.6855469 -0.9912109
vt 0.6191406 -0.8369141
vt 0.6875 -0.8623047
vt 0.6904297 -0.7724609
f 219/219/219 220/220/220 221/221/221
f 220/220/220 222/222/222 221/221/221
v -0.4082031 94.95385 -15.8772
v -3.814453 98.81556 -16.19669
v 0 106.2843 -19.95637
v -6.029297 106.1991 -17.82111
v -6.486328 113.3166 -17.65096
vn 0.4082031 -0.2734375 -0.8710938
vn 0.4023438 -0.2851563 -0.8691406
vn 0.2324219 -0.009765625 -0.9726563
vn 0.2304688 -0.328125 -0.9160156
vn -0.1152344 -0.2460938 -0.9628906
vt 0.7753906 -1
vt 0.7128906 -0.9150391
vt 0.7783203 -0.8271484
vt 0.7001953 -0.8457031
vt 0.6992188 -0.7685547
f 223/223/223 224/224/224 225/225/225
f 224/224/224 226/226/226 225/225/225
f 225/225/225 226/226/226 227/227/227
v -6.748047 124.3229 -1.619487
v -8.595703 123.0281 -6.204972
v 0 120.3896 -3.899473
v -5.146484 113.0848 -11.70412
v 0 112.5298 -11.46304
v 0 105.775 -14.70578
v 5.146484 113.0848 -11.70412
vn -0.8886719 -0.4589844 0
vn -0.6855469 -0.3769531 -0.6230469
vn -0.6777344 0.005859375 -0.734375
vn 0.4453125 -0.02734375 0.8945313
vn 0.4765625 0 0.8789063
vn 0.2382813 0 0.9707031
vn 0.4453125 0.02734375 0.8945313
vt 0.05273438 -0.6279297
vt 0.05371094 -0.6308594
vt 0.04589844 -0.6308594
vt 0.04589844 -0.6357422
vt 0.0390625 -0.640625
vt 0.04199219 -0.6455078
vt 0.04589844 -0.6357422
f 228/228/228 229/229/229 230/230/230
f 229/229/229 231/231/231 230/230/230
f 230/230/230 231/231/231 232/232/232
f 231/231/231 233/233/233 232/232/232
f 232/232/232 233/233/233 234/234/234
v -20.14453 104.5931 -9.938987
v -16.16797 107.0916 -13.00681
v -14.35352 96.69407 -7.315455
v -12.3418 111.7245 -6.920424
vn 0.578125 -0.3125 -0.7539063
vn 0.3652344 0.6464844 -0.6699219
vn 0.4492188 0.4492188 -0.7714844
vn 0.2070313 0.8691406 -0.4472656
vt 0.06152344 -0.6513672
vt 0.05957031 -0.6435547
vt 0.06542969 -0.6503906
vt 0.06640625 -0.6386719
f 235/235/235 236/236/236 237/237/237
f 236/236/236 238/238/238 237/237/237
v -15.96875 106.9816 -12.94946
v -13.62695 99.81533 -11.54606
v -9.648438 106.2012 -13.13026
v -9.480469 97.29336 -11.46115
vn -0.06445313 0.00390625 0.9980469
vn -0.2929688 0.078125 0.953125
vn 0.03320313 0.3847656 0.921875
vn -0.2851563 0.09179688 0.9550781
vt 0.05957031 -0.6445313
vt 0.05957031 -0.6474609
vt 0.05273438 -0.6455078
vt 0.0546875 -0.6484375
f 239/239/239 240/240/240 241/241/241
f 240/240/240 242/242/242 241/241/241
v -12.4082 119.9833 -10.25092
v -15.96875 106.9816 -12.94946
v -9.462891 113.4763 -11.14139
v -9.648438 106.2012 -13.13026
vn 0.6738281 0.5253906 0.5214844
vn -0.06445313 0.00390625 0.9980469
vn 0.2050781 -0.0390625 0.9785156
vn 0.03320313 0.3847656 0.921875
vt 0.05859375 -0.6386719
vt 0.05957031 -0.6445313
vt 0.05175781 -0.6396484
vt 0.05273438 -0.6455078
f 243/243/243 244/244/244 245/245/245
f 244/244/244 246/246/246 245/245/245
v -5.146484 113.0848 -11.70412
v -6.029297 106.1991 -17.82111
v 0 105.775 -14.70578
v -3.814453 98.81556 -16.19669
v -0.4082031 94.95385 -15.8772
vn 0.4453125 -0.02734375 0.8945313
vn 0.1699219 -0.6230469 0.7636719
vn 0.2382813 0 0.9707031
vn -0.05078125 -0.2851563 0.9570313
vn 0.01757813 0.3613281 0.9316406
vt 0.04589844 -0.6357422
vt 0.04492188 -0.6455078
vt 0.04199219 -0.6455078
vt 0.04199219 -0.6503906
vt 0.04003906 -0.6533203
f 247/247/247 248/248/248 249/249/249
f 248/248/248 250/250/250 249/249/249
f 249/249/249 250/250/250 251/251/251
v -9.648438 106.2012 -13.13026
v -9.480469 97.29336 -11.46115
v -11.44336 106.3279 -17.13041
v -13.62695 99.81533 -11.54606
v -15.96875 106.9816 -12.94946
vn 0.8378906 0.5175781 -0.1738281
vn 0.6035156 0.0703125 -0.7929688
vn 0.3027344 -0.4433594 -0.84375
vn 0.5742188 -0.4316406 -0.6953125
vn 0.203125 -0.765625 -0.609375
vt 0.6181641 -0.8359375
vt 0.6015625 -0.9941406
vt 0.6181641 -0.8349609
vt 0.5439453 -0.9785156
vt 0.5136719 -0.8701172
f 252/252/252 253/253/253 254/254/254
f 253/253/253 255/255/255 254/254/254
f 254/254/254 255/255/255 256/256/256
v -8.878906 100.0792 -13.87098
v -5.658203 96.08844 -15.07666
v -9.648438 106.2012 -13.13026
v -6.298828 106.1469 -18.07586
v -5.146484 113.0848 -11.70412
v -6.486328 113.3166 -17.65096
v -6.029297 106.1991 -17.82111
vn -0.015625 0.2558594 0.9667969
vn -0.1933594 0.6601563 0.7265625
vn 0.03320313 0.3847656 0.921875
vn 0.05078125 0.9121094 0.4042969
vn 0.4453125 -0.02734375 0.8945313
vn 0.7109375 0.6953125 -0.1113281
vn 0.1699219 -0.6230469 0.7636719
vt 0.05175781 -0.6503906
vt 0.04492188 -0.6503906
vt 0.05175781 -0.6455078
vt 0.04980469 -0.6455078
vt 0.04589844 -0.6357422
vt 0.04589844 -0.640625
vt 0.04492188 -0.6455078
f 257/257/257 258/258/258 259/259/259
f 258/258/258 260/260/260 259/259/259
f 259/259/259 260/260/260 261/261/261
f 260/260/260 262/262/262 261/261/261
f 261/261/261 262/262/262 263/263/263
v -9.648438 106.2012 -13.13026
v -5.146484 113.0848 -11.70412
v -9.462891 113.4763 -11.14139
v -8.595703 123.0281 -6.204972
v -12.4082 119.9833 -10.25092
vn 0.03320313 0.3847656 0.921875
vn 0.4453125 -0.02734375 0.8945313
vn 0.2050781 -0.0390625 0.9785156
vn -0.6855469 -0.3769531 -0.6230469
vn 0.6738281 0.5253906 0.5214844
vt 0.05175781 -0.6455078
vt 0.04589844 -0.6357422
vt 0.05175781 -0.6396484
vt 0.05371094 -0.6308594
vt 0.05859375 -0.6386719
f 264/264/264 265/265/265 266/266/266
f 265/265/265 267/267/267 266/266/266
f 266/266/266 267/267/267 268/268/268
v -10.5 125.44 -11.3298
v 0 126.0555 -14.22592
v -6.486328 113.3166 -17.65096
v 0 113.7743 -19.43945
vn 0.1132813 -0.375 0.9199219
vn 0.1796875 0 0.984375
vn -0.1152344 -0.2460938 -0.9628906
vn -0.1328125 0 -0.9921875
vt 0.5800781 -0.6435547
vt 0.7763672 -0.6386719
vt 0.71875 -0.75
vt 0.7783203 -0.7519531
f 269/269/269 270/270/270 271/271/271
f 270/270/270 272/272/272 271/271/271
v -5.116244 108.9218 7.387332
v -8.403548 110.8027 6.510205
v -5.688266 112.0388 9.066957
v -4.723578 117.2451 6.971709
vn 0.5742188 0.609375 -0.5449219
vn 0.4707031 -0.1367188 -0.8710938
vn 0.4980469 0.7460938 0.4433594
vn 0.03515625 0.8984375 0.4375
vt 0.07519531 -0.9941406
vt 0.04199219 -0.9541016
vt 0.078125 -0.9326172
vt 0.1357422 -0.8291016
f 273/273/273 274/274/274 275/275/275
f 274/274/274 276/276/276 275/275/275
v -12.27344 139.5829 -3.490711
v -11.16406 127.828 -4.804482
v -12.5957 129.5883 -1.687947
v -9.671007 122.099 0.528828
vn 0.3789063 -0.9179688 0.1132813
vn -0.1386719 -0.8710938 -0.4707031
vn -0.1191406 -0.9921875 -0.00390625
vn -0.02929688 -0.828125 0.5585938
vt 0.2714844 -0.5917969
vt 0.2705078 -0.6865234
vt 0.2265625 -0.6835938
vt 0.2246094 -0.6865234
f 277/277/277 278/278/278 279/279/279
f 278/278/278 280/280/280 279/279/279
v -10.76367 124.2483 1.361821
v -5.548828 121.6105 9.443257
v -10.82617 127.0774 3.554221
v -9.636719 130.196 4.505844
v -11.14063 137.4111 4.456202
vn -0.2578125 -0.9003906 -0.3496094
vn -0.1269531 -0.8046875 -0.5800781
vn -0.1035156 -0.8652344 -0.4921875
vn -0.1113281 -0.7441406 -0.6582031
vn 0.1894531 -0.921875 -0.3378906
vt 0.8212891 -0.3535156
vt 0.7929688 -0.4931641
vt 0.7294922 -0.3925781
vt 0.6835938 -0.4023438
vt 0.6132813 -0.1650391
f 281/281/281 282/282/282 283/283/283
f 282/282/282 284/284/284 283/283/283
f 283/283/283 284/284/284 285/285/285
v 0 146.5206 5.869965
v -7.453125 145.1478 4.778223
v 0 144.14 12.20389
v -7.064453 140.5065 9.752053
vn 0.984375 0.009765625 -0.1738281
vn 0.7714844 -0.5839844 -0.25
vn 0.6972656 0.02539063 -0.7167969
vn 0.3085938 -0.65625 -0.6875
vt 0.3427734 -0.01171875
vt 0.4599609 -0.02636719
vt 0.3798828 -0.03710938
vt 0.4111328 -0.09570313
f 286/286/286 287/287/287 288/288/288
f 287/287/287 289/289/289 288/288/288
v -7.064453 140.5065 9.752053
v -7.453125 145.1478 4.778223
v -11.14063 137.4111 4.456202
v -12.27344 139.5829 -3.490711
v -12.5957 129.5883 -1.687947
vn 0.3085938 -0.65625 -0.6875
vn 0.7714844 -0.5839844 -0.25
vn 0.1894531 -0.921875 -0.3378906
vn 0.3789063 -0.9179688 0.1132813
vn -0.1191406 -0.9921875 -0.00390625
vt 0.5283203 -0.08691406
vt 0.6005859 -0.0078125
vt 0.6132813 -0.1650391
vt 0.7226563 -0.1416016
vt 0.7734375 -0.2705078
f 290/290/290 291/291/291 292/292/292
f 291/291/291 293/293/293 292/292/292
f 292/292/292 293/293/293 294/294/294
v -4.723578 117.2451 6.971709
v -10.62421 117.8705 7.142483
v -5.688266 112.0388 9.066957
v -9.367886 111.5445 9.049189
v -5.116244 108.9218 7.387332
v -8.403548 110.8027 6.510205
vn 0.03515625 0.8984375 0.4375
vn -0.1582031 -0.6308594 0.7597656
vn 0.4980469 0.7460938 0.4433594
vn 0.6152344 -0.6738281 0.4121094
vn 0.5742188 0.609375 -0.5449219
vn 0.4707031 -0.1367188 -0.8710938
vt 0.1386719 -0.8291016
vt 0.1875 -0.890625
vt 0.1386719 -0.9394531
vt 0.2158203 -0.9501953
vt 0.1767578 -0.9882813
vt 0.2548828 -0.9609375
f 295/295/295 296/296/296 297/297/297
f 296/296/296 298/298/298 297/297/297
f 297/297/297 298/298/298 299/299/299
f 298/298/298 300/300/300 299/299/299
v -12.4082 119.9833 -10.25092
v -13.80078 115.9138 -15.46229
v -15.96875 106.9816 -12.94946
v -11.44336 106.3279 -17.13041
vn -0.1757813 -0.859375 -0.4804688
vn -0.2578125 -0.7207031 -0.6445313
vn 0.203125 -0.765625 -0.609375
vn 0.3027344 -0.4433594 -0.84375
vt 0.5507813 -0.71875
vt 0.5927734 -0.7636719
vt 0.5136719 -0.8701172
vt 0.6181641 -0.8349609
f 301/301/301 302/302/302 303/303/303
f 302/302/302 304/304/304 303/303/303
v -7.535156 145.8867 -3.778793
v 0 147.4579 -4.989839
v -7.742188 139.3412 -10.86396
v 0 139.7831 -13.34393
v 0 126.0555 -14.22592
vn 0.8066406 -0.5097656 0.296875
vn 0.9199219 -0.00390625 0.390625
vn 0.3984375 -0.4628906 0.7910156
vn 0.3554688 -0.009765625 0.9355469
vn 0.1796875 0 0.984375
vt 0.8173828 -0.5097656
vt 0.9931641 -0.4648438
vt 0.8945313 -0.6337891
vt 0.9960938 -0.6376953
vt 0.9951172 -0.7255859
f 305/305/305 306/306/306 307/307/307
f 306/306/306 308/308/308 307/307/307
f 307/307/307 308/308/308 309/309/309
v -7.453125 145.1478 4.778223
v -7.535156 145.8867 -3.778793
v -12.27344 139.5829 -3.490711
v -7.742188 139.3412 -10.86396
v -12.17188 133.4196 -10.35735
v -10.5 125.44 -11.3298
vn 0.7714844 -0.5839844 -0.25
vn 0.8066406 -0.5097656 0.296875
vn 0.3789063 -0.9179688 0.1132813
vn 0.3984375 -0.4628906 0.7910156
vn 0.2246094 -0.6171875 0.7539063
vn 0.1132813 -0.375 0.9199219
vt 0.7373047 -0.5263672
vt 0.8173828 -0.5097656
vt 0.7890625 -0.6279297
vt 0.8945313 -0.6337891
vt 0.8320313 -0.6777344
vt 0.8818359 -0.7294922
f 310/310/310 311/311/311 312/312/312
f 311/311/311 313/313/313 312/312/312
f 312/312/312 313/313/313 314/314/314
f 313/313/313 315/315/315 314/314/314
v 7.083984 125.4812 8.060648
v 10.06055 129.3256 6.431887
v 8.341797 129.9894 7.142718
v 9.078125 135.0423 6.930453
vn -0.3203125 0.7578125 -0.5703125
vn -0.2695313 0.8203125 -0.5039063
vn -0.009765625 0.4667969 -0.8847656
vn -0.001953125 0.7128906 -0.7011719
vt 0.5751953 -0.4345703
vt 0.5634766 -0.2539063
vt 0.5322266 -0.3554688
vt 0.5224609 -0.1826172
f 316/316/316 317/317/317 318/318/318
f 317/317/317 319/319/319 318/318/318
v 8.341797 129.9894 7.142718
v 9.078125 135.0423 6.930453
v 5.978516 135.7745 11.73076
v 7.064453 140.5065 9.752053
v 0 144.14 12.20389
vn -0.009765625 0.4667969 -0.8847656
vn -0.001953125 0.7128906 -0.7011719
vn -0.1132813 0.4492188 -0.8867188
vn 0.3730469 0.6503906 -0.6601563
vn 0.6972656 0.02539063 -0.7167969
vt 0.4121094 -0.3935547
vt 0.4853516 -0.3251953
vt 0.4082031 -0.2148438
vt 0.5068359 -0.08984375
vt 0.4667969 -0.01171875
f 320/320/320 321/321/321 322/322/322
f 321/321/321 323/323/323 322/322/322
f 322/322/322 323/323/323 324/324/324
v 7.064453 140.5065 9.752053
v 9.078125 135.0423 6.930453
v 12.18945 137.4111 4.456202
v 10.06055 129.3256 6.431887
v 9.974609 129.3933 3.763218
v 7.083984 125.4812 8.060648
vn 0.3730469 0.6503906 -0.6601563
vn -0.001953125 0.7128906 -0.7011719
vn 0.1875 0.9023438 -0.3886719
vn -0.2695313 0.8203125 -0.5039063
vn -0.3066406 0.7402344 -0.5996094
vn -0.3203125 0.7578125 -0.5703125
vt 0.5087891 -0.08886719
vt 0.5224609 -0.1826172
vt 0.6025391 -0.1533203
vt 0.5634766 -0.2539063
vt 0.6201172 -0.3837891
vt 0.5751953 -0.4345703
f 325/325/325 326/326/326 327/327/327
f 326/326/326 328/328/328 327/327/327
f 327/327/327 328/328/328 329/329/329
f 328/328/328 330/330/330 329/329/329
v 0 144.14 12.20389
v -0.03515625 138.8893 12.41802
v 5.978516 135.7745 11.73076
v 3.060547 133.7036 10.86139
v 8.341797 129.9894 7.142718
vn 0.6972656 0.02539063 -0.7167969
vn 0.0859375 0.5839844 -0.8085938
vn -0.1132813 0.4492188 -0.8867188
vn -0.3964844 0.0546875 -0.9160156
vn -0.009765625 0.4667969 -0.8847656
vt 0.4667969 -0.01171875
vt 0.3369141 -0.1220703
vt 0.4082031 -0.2148438
vt 0.3388672 -0.2949219
vt 0.4121094 -0.3935547
f 331/331/331 332/332/332 333/333/333
f 332/332/332 334/334/334 333/333/333
f 333/333/333 334/334/334 335/335/335
v -2.388672 139.685 13.18174
v -1.072266 134.7383 13.64689
v -0.03515625 138.8893 12.41802
v 2.386719 129.3502 11.21921
vn 0.390625 -0.6777344 -0.6230469
vn -0.09960938 -0.02734375 -0.9941406
vn 0.0859375 0.5839844 -0.8085938
vn -0.234375 0.203125 -0.9511719
vt 0.3037109 -0.1552734
vt 0.2685547 -0.359375
vt 0.3271484 -0.4814453
vt 0.2744141 -0.5605469
f 336/336/336 337/337/337 338/338/338
f 337/337/337 339/339/339 338/338/338
v 2.386719 129.3502 11.21921
v -1.072266 134.7383 13.64689
v -0.8339844 131.4859 11.69331
v -3.060547 134.7238 12.024
vn -0.234375 0.203125 -0.9511719
vn -0.09960938 -0.02734375 -0.9941406
vn -0.4570313 -0.3027344 -0.8359375
vn -0.1875 -0.6132813 -0.7675781
vt 0.2744141 -0.5605469
vt 0.2685547 -0.359375
vt 0.2255859 -0.4716797
vt 0.2167969 -0.4101563
f 340/340/340 341/341/341 342/342/342
f 341/341/341 343/343/343 342/342/342
v -9.636719 130.196 4.505844
v -10.05078 133.3744 7.010667
v -11.14063 137.4111 4.456202
v -7.064453 140.5065 9.752053
vn -0.1113281 -0.7441406 -0.6582031
vn -0.09765625 -0.8398438 -0.5332031
vn 0.1894531 -0.921875 -0.3378906
vn 0.3085938 -0.65625 -0.6875
vt 0.01855469 -0.3535156
vt 0.07714844 -0.2724609
vt 0.05566406 -0.1845703
vt 0.1503906 -0.0546875
f 344/344/344 345/345/345 346/346/346
f 345/345/345 347/347/347 346/346/346
v -3.740234 138.9678 11.85921
v -7.064453 140.5065 9.752053
v -7.066406 134.7405 8.867045
v -10.05078 133.3744 7.010667
v -7.748047 128.0855 8.059937
v -9.636719 130.196 4.505844
vn 0.1464844 -0.6015625 -0.7851563
vn 0.3085938 -0.65625 -0.6875
vn -0.05664063 -0.5058594 -0.8613281
vn -0.09765625 -0.8398438 -0.5332031
vn -0.1933594 -0.7871094 -0.5859375
vn -0.1113281 -0.7441406 -0.6582031
vt 0.2275391 -0.1494141
vt 0.1503906 -0.0546875
vt 0.1796875 -0.2167969
vt 0.07714844 -0.2724609
vt 0.1005859 -0.4394531
vt 0.01855469 -0.3535156
f 348/348/348 349/349/349 350/350/350
f 349/349/349 351/351/351 350/350/350
f 350/350/350 351/351/351 352/352/352
f 351/351/351 353/353/353 352/352/352
v -0.03515625 138.8893 12.41802
v 0 144.14 12.20389
v -0.3730469 137.1646 13.97207
v -1.710938 138.0199 16.09333
v -4.375 132.0154 14.15705
v -2.388672 139.685 13.18174
vn 0.0859375 0.5839844 -0.8085938
vn 0.6972656 0.02539063 -0.7167969
vn -0.1484375 0.8261719 -0.5429688
vn 0.1855469 -0.02148438 -0.9824219
vn -0.1035156 -0.3203125 -0.9414063
vn 0.390625 -0.6777344 -0.6230469
vt 0.3466797 -0.4296875
vt 0.3330078 -0.4765625
vt 0.4306641 -0.4306641
vt 0.4150391 -0.4824219
vt 0.5917969 -0.4804688
vt 0.3837891 -0.5361328
f 354/354/354 355/355/355 356/356/356
f 355/355/355 357/357/357 356/356/356
f 356/356/356 357/357/357 358/358/358
f 357/357/357 359/359/359 358/358/358
v 16.16797 107.0916 -13.00681
v 15.17383 96.70779 -7.353305
v 12.3418 111.7245 -6.920424
v 14.08594 112.4092 -4.597602
vn 0.2011719 -0.8867188 -0.4179688
vn 0.1953125 -0.9628906 -0.1875
vn 0.2070313 -0.9746094 -0.07617188
vn 0.09765625 -0.765625 0.6367188
vt 0.05957031 -0.6435547
vt 0.06152344 -0.6513672
vt 0.06640625 -0.6386719
vt 0.06445313 -0.6474609
f 360/360/360 361/361/361 362/362/362
f 361/361/361 363/363/363 362/362/362
v -10.76367 124.2483 1.361821
v -10.82617 127.0774 3.554221
v -12.5957 129.5883 -1.687947
v -11.14063 137.4111 4.456202
vn -0.2578125 -0.9003906 -0.3496094
vn -0.1035156 -0.8652344 -0.4921875
vn -0.1191406 -0.9921875 -0.00390625
vn 0.1894531 -0.921875 -0.3378906
vt 0.8212891 -0.3535156
vt 0.7294922 -0.3925781
vt 0.7734375 -0.2705078
vt 0.6132813 -0.1650391
f 364/364/364 365/365/365 366/366/366
f 365/365/365 367/367/367 366/366/366
v -2.054688 145.8397 -6.720426
v -3.998047 149.4695 -1.134328
v -4.128906 147.3939 -1.172425
v -7.054688 147.044 5.525616
vn -0.04296875 0.9296875 -0.3691406
vn -0.04101563 0.921875 -0.3847656
vn -0.04101563 0.921875 -0.3828125
vn -0.04101563 0.9160156 -0.4003906
vt 0.96875 -0.8095703
vt 0.9589844 -0.8769531
vt 0.9824219 -0.8759766
vt 0.9746094 -0.9423828
f 368/368/368 369/369/369 370/370/370
f 369/369/369 371/371/371 370/370/370
v -2.232422 145.3062 -6.830606
v -7.205078 149.6992 -4.450722
v -7.375 147.4808 -4.456275
v -13.57813 145.153 0.1452992
vn 0.02148438 0.40625 -0.9140625
vn 0.009765625 0.5117188 -0.859375
vn 0.009765625 0.5117188 -0.859375
vn -0.001953125 0.6074219 -0.7949219
vt 0.96875 -0.8095703
vt 0.9560547 -0.8701172
vt 1.001953 -0.8769531
vt 0.9619141 -0.9335938
f 372/372/372 373/373/373 374/374/374
f 373/373/373 375/375/375 374/374/374
v 5.033203 145.8066 -13.42768
v 3.509766 148.4659 -12.22179
v 1.285156 147.9178 -10.22363
v 1.046875 149.6972 -10.17195
v -1.037109 148.5786 -8.284235
vn 0.0859375 0.6621094 -0.7441406
vn 0.08984375 0.6621094 -0.7441406
vn 0.1074219 0.6542969 -0.7480469
vn 0.1113281 0.6542969 -0.7480469
vn 0.1171875 0.6503906 -0.75
vt 0.953125 -0.9433594
vt 0.9443359 -0.9091797
vt 0.9970703 -0.9082031
vt 0.9511719 -0.8808594
vt 0.9599609 -0.8476563
f 376/376/376 377/377/377 378/378/378
f 377/377/377 379/379/379 378/378/378
f 378/378/378 379/379/379 380/380/380
v -20.73242 131.0517 -5.51164
v -16.37305 128.2219 -2.460384
v -16.82227 130.0405 -2.934638
v -11.62891 134.6707 -3.373727
vn 0.1386719 -0.53125 -0.8359375
vn 0.2207031 -0.3164063 -0.921875
vn 0.2148438 -0.3359375 -0.9179688
vn 0.28125 -0.1171875 -0.953125
vt 0.9658203 -0.8056641
vt 0.9833984 -0.8583984
vt 0.9404297 -0.8837891
vt 0.9794922 -0.9746094
f 381/381/381 382/382/382 383/383/383
f 382/382/382 384/384/384 383/383/383
v 12.85742 127.762 -0.5626007
v 12.18945 137.4111 4.456202
v 10.96094 126.1284 2.836107
v 9.974609 129.3933 3.763218
vn -0.2421875 0.96875 -0.05078125
vn 0.1875 0.9023438 -0.3886719
vn -0.1894531 0.8320313 -0.5214844
vn -0.3066406 0.7402344 -0.5996094
vt 0.7197266 -0.1367188
vt 0.6035156 -0.1523438
vt 0.7236328 -0.3359375
vt 0.6845703 -0.4033203
f 385/385/385 386/386/386 387/387/387
f 386/386/386 388/388/388 387/387/387
v 10.62307 117.8692 7.143344
v 10.79565 113.8778 0.6006188
v 9.734194 118.683 -3.121913
v 9.671807 122.0975 0.5298118
v 6.629995 122.3309 2.4745
v 6.748047 124.3233 -0.8074774
v 8.595703 123.0281 -6.204972
v 11.16406 127.828 -4.804482
v 16.16797 107.0916 -13.00681
v 12.3418 111.7245 -6.920424
v 8.595703 123.0281 -6.204972
v 12.4082 119.9833 -10.25092
v 12.3418 111.7245 -6.920424
v 14.08594 112.4092 -4.597602
v 9.412109 119.3696 -3.381478
v 8.595703 123.0281 -6.204972
v -9.925968 118.6828 -3.121873
v -10.69409 113.8764 0.6013744
v -10.62421 117.8705 7.142483
v -9.671007 122.099 0.528828
v -6.430213 122.161 1.662892
v -11.16406 127.828 -4.804482
v -8.595703 123.0281 -6.204972
v -6.748047 124.3229 -1.619487
v -8.595703 123.0281 -6.204972
v -12.3418 111.7245 -6.920424
v -16.16797 107.0916 -13.00681
v -12.4082 119.9833 -10.25092
v -9.503906 119.002 -3.24472
v -14.08594 112.4092 -4.597602
v -12.3418 111.7245 -6.920424
v -8.595703 123.0281 -6.204972
v -3.060547 134.7238 12.024
v -1.072266 134.7383 13.64689
v -2.388672 139.685 13.18174
v -3.740234 138.9678 11.85921
vn -0.1582031 0.6269531 0.7636719
vn 0.09179688 0.3945313 -0.9140625
vn -0.1484375 0.08984375 -0.984375
vn 0.05859375 0.9160156 0.3964844
vn 0.4316406 0.265625 -0.8613281
vn -0.9101563 0.4121094 0.05078125
vn -0.703125 0.3886719 -0.59375
vn -0.6347656 0.7246094 -0.2695313
vn 0.2011719 -0.8867188 -0.4179688
vn 0.2070313 -0.9746094 -0.07617188
vn -0.703125 0.3886719 -0.59375
vn 0.6738281 -0.5253906 0.5214844
vn 0.2148438 -0.7265625 0.6523438
vn -0.046875 0.2910156 0.9550781
vn 0.2675781 -0.5703125 0.7753906
vn 0.1015625 -0.8964844 -0.4296875
vn -0.140625 -0.1757813 -0.9746094
vn 0.1210938 -0.3945313 -0.9101563
vn -0.1582031 -0.6308594 0.7597656
vn -0.02929688 -0.828125 0.5585938
vn 0.3984375 -0.3300781 -0.8554688
vn -0.6484375 -0.7050781 -0.2871094
vn -0.6855469 -0.3769531 -0.6230469
vn -0.8886719 -0.4589844 0
vn -0.6855469 -0.3769531 -0.6230469
vn 0.2070313 0.8691406 -0.4472656
vn 0.3652344 0.6464844 -0.6699219
vn 0.6738281 0.5253906 0.5214844
vn 0.2832031 0.5605469 0.7792969
vn -0.01171875 -0.01757813 0.9980469
vn 0.1289063 0.7558594 0.640625
vn 0.1015625 0.8886719 -0.4472656
vn -0.1875 -0.6132813 -0.7675781
vn -0.09960938 -0.02734375 -0.9941406
vn 0.390625 -0.6777344 -0.6230469
vn 0.1464844 -0.6015625 -0.7851563
vt 0.1875 -0.890625
vt 0.28125 -0.859375
vt 0.2822266 -0.8085938
vt 0.2246094 -0.6865234
vt 0.05664063 -0.6279297
vt 0.05273438 -0.6279297
vt 0.05371094 -0.6308594
vt 0.05859375 -0.6308594
vt 0.05957031 -0.6435547
vt 0.06640625 -0.6386719
vt 0.05371094 -0.6308594
vt 0.05859375 -0.6386719
vt 0.2949219 -0.8144531
vt 0.3769531 -0.8710938
vt 0.3564453 -0.7333984
vt 0.2978516 -0.6728516
vt 0.2822266 -0.8085938
vt 0.28125 -0.859375
vt 0.1875 -0.890625
vt 0.2246094 -0.6865234
vt 0.05664063 -0.6279297
vt 0.05859375 -0.6308594
vt 0.05371094 -0.6308594
vt 0.05273438 -0.6279297
vt 0.05371094 -0.6308594
vt 0.06640625 -0.6386719
vt 0.05957031 -0.6435547
vt 0.05859375 -0.6386719
vt 0.3222656 -0.6767578
vt 0.3417969 -0.7939453
vt 0.2949219 -0.8144531
vt 0.2978516 -0.6728516
vt 0.2167969 -0.4101563
vt 0.2685547 -0.359375
vt 0.3037109 -0.1552734
vt 0.2304688 -0.2734375
f 389/389/389 390/390/390 391/391/391 392/392/392
f 393/393/393 394/394/394 395/395/395 396/396/396
f 397/397/397 398/398/398 399/399/399 400/400/400
f 401/401/401 402/402/402 403/403/403 404/404/404
f 405/405/405 406/406/406 407/407/407 408/408/408
f 409/409/409 410/410/410 411/411/411 412/412/412
f 413/413/413 414/414/414 415/415/415 416/416/416
f 417/417/417 418/418/418 419/419/419 420/420/420
f 421/421/421 422/422/422 423/423/423 424/424/424
v 12.19727 140.0182 -4.290357
v 7.490234 144.9286 4.778805
v 12.18945 137.4111 4.456202
v 12.85742 127.762 -0.5626007
v 12.19727 140.0182 -4.290357
v 12.18945 137.4111 4.456202
v 12.85742 127.762 -0.5626007
v 6.629995 122.3309 2.4745
v 9.671807 122.0975 0.5298118
v 0 112.5298 -11.46304
v 5.146484 113.0848 -11.70412
v 0 120.3896 -3.899473
v 5.548828 121.6105 9.443257
v 9.974609 129.3933 3.763218
v 10.91211 124.2479 0.9743955
v 12.18945 137.4111 4.456202
v 7.490234 144.9286 4.778805
v 7.064453 140.5065 9.752053
v 6.486328 113.3166 -17.65096
v 11.44336 106.3279 -17.13041
v 6.298828 106.1469 -18.07586
v 9.648438 106.2012 -13.13026
v 9.449219 97.29398 -11.99906
v 13.62695 99.81533 -11.54606
v 6.629995 122.3309 2.4745
v 11.16406 127.828 -4.804482
v 9.734194 118.683 -3.121913
v 13.80078 115.9136 -15.46035
v 11.44336 106.3279 -17.13041
v 6.486328 113.3166 -17.65096
v 12.19727 140.0182 -4.290357
v 7.369141 145.8867 -3.778793
v 7.490234 144.9286 4.778805
v -7.453125 145.1478 4.778223
v 0 146.5206 5.869965
v -7.535156 145.8867 -3.778793
v -9.671007 122.099 0.528828
v -6.430213 122.161 1.662892
v -12.5957 129.5883 -1.687947
v -12.3418 111.7245 -6.920424
v -14.08594 112.4092 -4.597602
v -14.35352 96.69407 -7.315455
v -9.503906 119.002 -3.24472
v -8.595703 123.0281 -6.204972
v -11.16406 127.828 -4.804482
v 0 113.7743 -19.43945
v 0 106.2843 -19.95637
v -6.486328 113.3166 -17.65096
v -5.548828 121.6105 9.443257
v -10.76367 124.2483 1.361821
v -9.636719 130.196 4.505844
v 0 126.0555 -14.22592
v -10.5 125.44 -11.3298
v -7.742188 139.3412 -10.86396
v -4.723578 117.2451 6.971709
v -8.403548 110.8027 6.510205
v -10.69409 113.8764 0.6013744
v -6.430213 122.161 1.662892
v -9.925968 118.6828 -3.121873
v -11.16406 127.828 -4.804482
v -13.80078 115.9138 -15.46229
v -6.486328 113.3166 -17.65096
v -11.44336 106.3279 -17.13041
v -2.388672 139.685 13.18174
v 0 144.14 12.20389
v -3.740234 138.9678 11.85921
v 0 144.14 12.20389
v -2.388672 139.685 13.18174
v -1.710938 138.0199 16.09333
v 12.85742 127.762 -0.5626007
v 11.16406 127.828 -4.804482
v 12.19727 140.0182 -4.290357
v 9.974609 129.3933 3.763218
v 9.974609 129.3933 3.763218
v 10.96094 126.1284 2.836107
v -1.037109 148.5786 -8.284235
v -2.376953 145.4487 -6.824039
v -1.037109 148.5786 -8.284235
v -1.037109 148.5786 -8.284235
v -2.376953 145.4487 -6.824039
v 1.285156 147.9178 -10.22363
v 17.49609 130.0845 -9.065956
v 16.33398 125.7349 -6.643699
v 18.83984 129.8312 -9.736577
v 1.046875 149.6972 -10.17195
v -1.037109 148.5786 -8.284235
v -1.037109 148.5786 -8.284235
v -1.037109 148.5786 -8.284235
v 1.046875 149.6972 -10.17195
v 1.046875 149.6972 -10.17195
v 3.509766 148.4659 -12.22179
v 1.046875 149.6972 -10.17195
v 1.046875 149.6972 -10.17195
v 1.046875 149.6972 -10.17195
v 3.509766 148.4659 -12.22179
v 3.509766 148.4659 -12.22179
v 5.033203 145.8066 -13.42768
v 3.509766 148.4659 -12.22179
v 3.509766 148.4659 -12.22179
v -11.16406 127.828 -4.804482
v -9.925968 118.6828 -3.121873
v -9.671007 122.099 0.528828
v 0 144.14 12.20389
v -7.064453 140.5065 9.752053
v -3.740234 138.9678 11.85921
vn 0.4023438 0.8984375 0.1757813
vn 0.7832031 0.5703125 -0.2480469
vn 0.1875 0.9023438 -0.3886719
vn -0.2421875 0.96875 -0.05078125
vn 0.4023438 0.8984375 0.1757813
vn 0.1875 0.9023438 -0.3886719
vn -0.2421875 0.96875 -0.05078125
vn 0.1484375 -0.7519531 0.6425781
vn 0.05859375 0.9160156 0.3964844
vn 0.4765625 0 0.8789063
vn 0.4453125 0.02734375 0.8945313
vn -0.6777344 0.005859375 -0.734375
vn 0.08789063 -0.8554688 0.5117188
vn 0.08789063 -0.8554688 0.5117188
vn 0.08789063 -0.8554688 0.5117188
vn 0.1875 0.9023438 -0.3886719
vn 0.7832031 0.5703125 -0.2480469
vn 0.3730469 0.6503906 -0.6601563
vn -0.1152344 0.2460938 -0.9628906
vn 0.3066406 0.4355469 -0.8457031
vn 0.2539063 0.1835938 -0.9492188
vn 0.02148438 -0.3769531 0.9257813
vn -0.2265625 -0.1835938 0.9570313
vn -0.2558594 -0.1367188 0.9570313
vn 0.1484375 -0.7519531 0.6425781
vn 0.005859375 0.9667969 -0.2597656
vn -0.1484375 0.08984375 -0.984375
vn -0.2578125 0.7207031 -0.6445313
vn 0.3066406 0.4355469 -0.8457031
vn -0.1152344 0.2460938 -0.9628906
vn 0.4023438 0.8984375 0.1757813
vn 0.8261719 0.4921875 0.2753906
vn 0.7832031 0.5703125 -0.2480469
vn 0.7714844 -0.5839844 -0.25
vn 0.984375 0.009765625 -0.1738281
vn 0.8066406 -0.5097656 0.296875
vn -0.02929688 -0.828125 0.5585938
vn -0.08398438 0.8574219 0.5078125
vn -0.1191406 -0.9921875 -0.00390625
vn 0.1289063 0.7558594 0.640625
vn -0.01171875 -0.01757813 0.9980469
vn 0.05859375 -0.3496094 0.9355469
vn 0.2832031 0.5605469 0.7792969
vn 0.1015625 0.8886719 -0.4472656
vn -0.1386719 -0.8710938 -0.4707031
vn -0.1328125 0 -0.9921875
vn 0.2324219 -0.009765625 -0.9726563
vn -0.1152344 -0.2460938 -0.9628906
vn 0.08007813 0.8515625 0.5195313
vn 0.08007813 0.8515625 0.5195313
vn 0.08007813 0.8515625 0.5195313
vn 0.1796875 0 0.984375
vn 0.1132813 -0.375 0.9199219
vn 0.3984375 -0.4628906 0.7910156
vn 0.03515625 0.8984375 0.4375
vn 0.4707031 -0.1367188 -0.8710938
vn 0.1210938 -0.3945313 -0.9101563
vn -0.08398438 0.8574219 0.5078125
vn -0.140625 -0.1757813 -0.9746094
vn -0.1386719 -0.8710938 -0.4707031
vn -0.2578125 -0.7207031 -0.6445313
vn -0.1152344 -0.2460938 -0.9628906
vn 0.3027344 -0.4433594 -0.84375
vn 0.390625 -0.6777344 -0.6230469
vn 0.6972656 0.02539063 -0.7167969
vn 0.1464844 -0.6015625 -0.7851563
vn 0.6972656 0.02539063 -0.7167969
vn 0.390625 -0.6777344 -0.6230469
vn 0.1855469 -0.02148438 -0.9824219
vn -0.2421875 0.96875 -0.05078125
vn 0.005859375 0.9667969 -0.2597656
vn 0.4023438 0.8984375 0.1757813
vn -0.3066406 0.7402344 -0.5996094
vn 0.08203125 0.7578125 -0.6464844
vn -0.1894531 0.8320313 -0.5214844
vn -1 -1 -1
vn 0.1191406 0.6523438 -0.75
vn 0.1171875 0.6503906 -0.75
vn 0.1171875 0.6503906 -0.75
vn 0.1191406 0.6523438 -0.75
vn 0.1074219 0.6542969 -0.7480469
vn 0.1210938 0.46875 -0.875
vn 0.3789063 0.4707031 -0.796875
vn 0.1445313 0.4589844 -0.8769531
vn -1 -1 -1
vn -1 -1 -1
vn 0.1171875 0.6503906 -0.75
vn 0.1171875 0.6503906 -0.75
vn 0.1113281 0.6542969 -0.7480469
vn -1 -1 -1
vn -1 -1 -1
vn -1 -1 -1
vn 0.1113281 0.6542969 -0.7480469
vn 0.1113281 0.6542969 -0.7480469
vn 0.08984375 0.6621094 -0.7441406
vn -1 -1 -1
vn 0.0859375 0.6621094 -0.7441406
vn -1 -1 -1
vn 0.08984375 0.6621094 -0.7441406
vn -0.1386719 -0.8710938 -0.4707031
vn -0.140625 -0.1757813 -0.9746094
vn -0.02929688 -0.828125 0.5585938
vn 0.6972656 0.02539063 -0.7167969
vn 0.3085938 -0.65625 -0.6875
vn 0.1464844 -0.6015625 -0.7851563
vt 0.7207031 -0.1376953
vt 0.6015625 -0.002929688
vt 0.6074219 -0.1552734
vt 0.6367188 -0.5244141
vt 0.6435547 -0.5048828
vt 0.6542969 -0.515625
vt 0.1972656 -0.5791016
vt 0.1162109 -0.6474609
vt 0.2255859 -0.6875
vt 0.0390625 -0.640625
vt 0.04589844 -0.6357422
vt 0.04589844 -0.6308594
vt 0.03710938 -0.6308594
vt 0.03808594 -0.6347656
vt 0.03515625 -0.6347656
vt 0.6035156 -0.1523438
vt 0.5996094 -0.004882813
vt 0.5087891 -0.08886719
vt 0.6904297 -0.7724609
vt 0.6191406 -0.8369141
vt 0.6875 -0.8623047
vt 0.05273438 -0.6455078
vt 0.0546875 -0.6484375
vt 0.05957031 -0.6474609
vt 0.1162109 -0.6474609
vt 0.02539063 -0.6943359
vt 0.004882813 -0.8085938
vt 0.5927734 -0.7636719
vt 0.6191406 -0.8339844
vt 0.6904297 -0.7724609
vt 0.7890625 -0.6279297
vt 0.8173828 -0.5097656
vt 0.7373047 -0.5263672
vt 0.6572266 -0.546875
vt 0.6582031 -0.5292969
vt 0.6767578 -0.5205078
vt 0.2255859 -0.6875
vt 0.1162109 -0.6474609
vt 0.1972656 -0.5771484
vt 0.2949219 -0.8144531
vt 0.3417969 -0.7939453
vt 0.3154297 -0.8828125
vt 0.3222656 -0.6767578
vt 0.2978516 -0.6728516
vt 0.3857422 -0.6201172
vt 0.7783203 -0.7519531
vt 0.7783203 -0.8271484
vt 0.6992188 -0.7685547
vt 0.03710938 -0.6308594
vt 0.03515625 -0.6347656
vt 0.03808594 -0.6347656
vt 0.9951172 -0.7255859
vt 0.8818359 -0.7294922
vt 0.8945313 -0.6337891
vt 0.1357422 -0.8291016
vt 0.04199219 -0.9541016
vt 0.002929688 -0.8632813
vt 0.1162109 -0.6474609
vt 0.004882813 -0.8085938
vt 0.02539063 -0.6943359
vt 0.5927734 -0.7636719
vt 0.6904297 -0.7724609
vt 0.6181641 -0.8349609
vt 0.3037109 -0.1552734
vt 0.2363281 -0.1962891
vt 0.2304688 -0.2744141
vt 0.3330078 -0.4765625
vt 0.3837891 -0.5361328
vt 0.4150391 -0.4824219
vt 0.2265625 -0.6269531
vt 0.2705078 -0.6865234
vt 0.2714844 -0.5917969
vt 0.6367188 -0.2353516
vt 0.6855469 -0.4042969
vt 0.7392578 -0.3574219
vt 0.9707031 -0.8427734
vt 0.96875 -0.8095703
vt 0.9599609 -0.84375
vt 0.9599609 -0.8476563
vt 0.96875 -0.8095703
vt 0.9970703 -0.9082031
vt 0.9814453 -0.8691406
vt 0.9814453 -0.7880859
vt 0.9560547 -0.8691406
vt 0.9716797 -0.8759766
vt 0.9707031 -0.8427734
vt 0.9599609 -0.84375
vt 0.9599609 -0.84375
vt 0.9501953 -0.8769531
vt 0.9716797 -0.8759766
vt 0.9736328 -0.9091797
vt 0.9716797 -0.8759766
vt 0.9501953 -0.8769531
vt 0.9501953 -0.8769531
vt 0.9521484 -0.9101563
vt 0.9736328 -0.9091797
vt 0.9746094 -0.9423828
vt 0.9736328 -0.9091797
vt 0.9521484 -0.9101563
vt 0.2705078 -0.6865234
vt 0.2822266 -0.8085938
vt 0.2246094 -0.6865234
vt 0.3369141 -0.05957031
vt 0.1503906 -0.0546875
vt 0.2265625 -0.1523438
f 425/425/425 426/426/426 427/427/427
f 428/428/428 429/429/429 430/430/430
f 431/431/431 432/432/432 433/433/433
f 434/434/434 435/435/435 436/436/436
f 437/437/437 438/438/438 439/439/439
f 440/440/440 441/441/441 442/442/442
f 443/443/443 444/444/444 445/445/445
f 446/446/446 447/447/447 448/448/448
f 449/449/449 450/450/450 451/451/451
f 452/452/452 453/453/453 454/454/454
f 455/455/455 456/456/456 457/457/457
f 458/458/458 459/459/459 460/460/460
f 461/461/461 462/462/462 463/463/463
f 464/464/464 465/465/465 466/466/466
f 467/467/467 468/468/468 469/469/469
f 470/470/470 471/471/471 472/472/472
f 473/473/473 474/474/474 475/475/475
f 476/476/476 477/477/477 478/478/478
f 479/479/479 480/480/480 481/481/481
f 482/482/482 483/483/483 484/484/484
f 485/485/485 486/486/486 487/487/487
f 488/488/488 489/489/489 490/490/490
f 491/491/491 492/492/492 493/493/493
f 494/494/494 495/495/495 496/496/496
f 497/497/497 498/498/498 499/499/499
f 500/500/500 501/501/501 502/502/502
f 503/503/503 504/504/504 505/505/505
f 506/506/506 507/507/507 508/508/508
f 509/509/509 510/510/510 511/511/511
f 512/512/512 513/513/513 514/514/514
f 515/515/515 516/516/516 517/517/517
f 518/518/518 519/519/519 520/520/520
f 521/521/521 522/522/522 523/523/523
f 524/524/524 525/525/525 526/526/526
f 527/527/527 528/528/528 529/529/529
g 05_Alice_4
usemtl skin
v 14.80363 111.6132 -3.195286
v 26.46483 111.5502 -1.333605
v 13.75427 109.1276 -4.98851
v 28.68902 109.2737 -3.122847
v 12.5084 106.3854 -1.700857
v 26.54483 106.8922 -1.309324
v 13.20206 109.2532 1.504032
v 25.51488 109.1171 1.114579
vn 0.1738281 0.8398438 -0.5136719
vn 0.03125 0.9941406 -0.1035156
vn 0.1386719 -0.1699219 -0.9765625
vn 0.3125 0.009765625 -0.9492188
vn 0.03710938 -0.9980469 0.02539063
vn 0.005859375 -0.9921875 -0.1289063
vn 0.109375 -0.1640625 0.9804688
vn -0.2148438 -0.0390625 0.9765625
vt 0.3955078 -0.4609375
vt 0.5380859 -0.4628906
vt 0.3779297 -0.4160156
vt 0.5380859 -0.4150391
vt 0.3564453 -0.3183594
vt 0.5380859 -0.3730469
vt 0.3720703 -0.2734375
vt 0.5380859 -0.2734375
f 530/530/530 531/531/531 532/532/532
f 531/531/531 533/533/533 532/532/532
f 532/532/532 533/533/533 534/534/534
f 533/533/533 535/535/535 534/534/534
f 534/534/534 535/535/535 536/536/536
f 535/535/535 537/537/537 536/536/536
v 11.53085 112.5959 -0.02588699
v 14.80048 111.6149 -0.09864597
v 11.7976 112.6549 -3.473071
v 14.80363 111.6132 -3.195286
v 11.78856 109.0448 -5.517951
v 13.75427 109.1276 -4.98851
vn 0.1699219 0.8339844 0.5273438
vn 0.1582031 0.8535156 0.4980469
vn 0.1933594 0.8574219 -0.4785156
vn 0.1738281 0.8398438 -0.5136719
vn 0.3476563 -0.0234375 -0.9375
vn 0.1386719 -0.1699219 -0.9765625
vt 0.34375 -0.5224609
vt 0.3955078 -0.4921875
vt 0.34375 -0.4560547
vt 0.3955078 -0.4609375
vt 0.3398438 -0.4160156
vt 0.3779297 -0.4160156
f 538/538/538 539/539/539 540/540/540
f 539/539/539 541/541/541 540/540/540
f 540/540/540 541/541/541 542/542/542
f 541/541/541 543/543/543 542/542/542
v 25.89256 110.0064 23.8394
v 26.07825 108.5582 23.61996
v 26.28424 107.9152 29.39644
v 26.32594 107.5089 28.92348
v 27.0421 108.0818 29.33276
v 27.04729 107.6633 28.87461
v 27.47497 110.2733 23.99415
v 27.44558 108.6828 23.77472
vn 0.08203125 -0.7792969 0.6210938
vn 0.1699219 -0.6464844 -0.7441406
vn 0.8203125 -0.5664063 0.06640625
vn 0.234375 -0.484375 -0.8417969
vn 0.8203125 0.5019531 0.2753906
vn 0.2617188 0.6660156 -0.6992188
vn 0.265625 -0.1503906 0.953125
vn 0.3183594 -0.046875 -0.9472656
vt 0.5537109 -0.9287109
vt 0.5634766 -0.90625
vt 0.3740234 -0.9316406
vt 0.3466797 -0.9150391
vt 0.3740234 -0.9833984
vt 0.3466797 -0.9970703
vt 0.5664063 -0.9833984
vt 0.5791016 -1.001953
f 544/544/544 545/545/545 546/546/546
f 545/545/545 547/547/547 546/546/546
f 546/546/546 547/547/547 548/548/548
f 547/547/547 549/549/549 548/548/548
f 548/548/548 549/549/549 550/550/550
f 549/549/549 551/551/551 550/550/550
v 32.20592 108.4399 23.10154
v 32.61705 109.5194 23.78773
v 31.75842 105.3057 26.30234
v 31.73466 105.4424 26.92469
v 31.14123 105.4048 26.35826
v 31.20926 105.5081 26.97929
v 31.15844 108.7139 23.60524
v 31.18264 110.2815 24.06656
vn -0.1699219 0.6367188 -0.7519531
vn 0.2695313 0.8730469 0.4042969
vn -0.2070313 0.5234375 -0.8261719
vn 0.7988281 0.4980469 -0.3398438
vn -0.21875 -0.7050781 -0.6738281
vn 0.8125 -0.5410156 -0.2207031
vn -0.1503906 -0.2558594 -0.9550781
vn 0.4394531 0.3203125 0.8398438
vt 0.5664063 -1.004883
vt 0.5800781 -0.9921875
vt 0.3466797 -0.9970703
vt 0.3740234 -0.9833984
vt 0.3466797 -0.9150391
vt 0.3740234 -0.9316406
vt 0.5419922 -0.9072266
vt 0.5693359 -0.9238281
f 552/552/552 553/553/553 554/554/554
f 553/553/553 555/555/555 554/554/554
f 554/554/554 555/555/555 556/556/556
f 555/555/555 557/557/557 556/556/556
f 556/556/556 557/557/557 558/558/558
f 557/557/557 559/559/559 558/558/558
v 31.15844 108.7139 23.60524
v 31.18264 110.2815 24.06656
v 30.23471 105.5741 27.67732
v 30.20954 105.8177 28.26466
v 29.57349 105.7016 27.70885
v 29.64654 105.9074 28.30811
v 29.30079 108.7608 24.00047
v 29.32041 110.4373 24.21967
vn -0.1503906 -0.2558594 -0.9550781
vn 0.4394531 0.3203125 0.8398438
vn -0.04296875 0.4765625 -0.8789063
vn 0.8496094 0.4707031 -0.2382813
vn -0.0859375 -0.6933594 -0.7148438
vn 0.8398438 -0.5332031 -0.09960938
vn -0.01171875 -0.00390625 -1
vn 0.3867188 0.02734375 0.921875
vt 0.5117188 -0.9970703
vt 0.5830078 -0.9853516
vt 0.3466797 -0.9970703
vt 0.3740234 -0.9833984
vt 0.3466797 -0.9150391
vt 0.3740234 -0.9316406
vt 0.5380859 -0.9101563
vt 0.5585938 -0.9257813
f 560/560/560 561/561/561 562/562/562
f 561/561/561 563/563/563 562/562/562
f 562/562/562 563/563/563 564/564/564
f 563/563/563 565/565/565 564/564/564
f 564/564/564 565/565/565 566/566/566
f 565/565/565 567/567/567 566/566/566
v 27.47497 110.2733 23.99415
v 27.44558 108.6828 23.77472
v 28.17273 107.3164 29.54618
v 28.1138 106.897 28.96168
v 28.71058 107.3439 29.50632
v 28.74817 106.9158 28.93882
v 29.32041 110.4373 24.21967
v 29.30079 108.7608 24.00047
vn 0.265625 -0.1503906 0.953125
vn 0.3183594 -0.046875 -0.9472656
vn 0.8515625 -0.5195313 0.05664063
vn 0.1699219 -0.5917969 -0.7871094
vn 0.8554688 0.5078125 0.1035156
vn 0.1953125 0.6035156 -0.7734375
vn 0.3867188 0.02734375 0.921875
vn -0.01171875 -0.00390625 -1
vt 0.5585938 -0.9248047
vt 0.5537109 -0.9052734
vt 0.3740234 -0.9316406
vt 0.3466797 -0.9150391
vt 0.3740234 -0.9833984
vt 0.3466797 -0.9970703
vt 0.5683594 -0.984375
vt 0.5615234 -1
f 568/568/568 569/569/569 570/570/570
f 569/569/569 571/571/571 570/570/570
f 570/570/570 571/571/571 572/572/572
f 571/571/571 573/573/573 572/572/572
f 572/572/572 573/573/573 574/574/574
f 573/573/573 575/575/575 574/574/574
v 28.64569 111.5605 -0.6506971
v 29.36097 111.4232 16.20608
v 30.94462 109.1171 -1.58063
v 31.3014 109.391 16.20305
v 28.35467 106.803 -0.6189128
v 29.36202 107.3609 16.21062
v 25.92084 109.1159 1.410419
v 27.41599 109.3911 16.2179
vn -0.1484375 0.9609375 -0.234375
vn 0.01953125 0.9980469 -0.0234375
vn -0.4023438 -0.046875 -0.9140625
vn 0.03125 0.001953125 -1
vn -0.1347656 -0.9746094 -0.1835938
vn 0.03710938 -0.9980469 -0.02539063
vn 0.4472656 -0.01367188 0.8945313
vn 0.02734375 0.001953125 0.9980469
vt 0.6923828 -0.5136719
vt 0.9765625 -0.5195313
vt 0.671875 -0.4150391
vt 0.9765625 -0.4150391
vt 0.6923828 -0.3154297
vt 0.9765625 -0.3369141
vt 0.6923828 -0.2734375
vt 0.9765625 -0.2734375
f 576/576/576 577/577/577 578/578/578
f 577/577/577 579/579/579 578/578/578
f 578/578/578 579/579/579 580/580/580
f 579/579/579 581/581/581 580/580/580
f 580/580/580 581/581/581 582/582/582
f 581/581/581 583/583/583 582/582/582
v 9.624074 11.71688 -4.258996
v 8.784555 11.13478 -1.652593
v 7.195776 33.67981 -6.135756
v 5.766612 34.01 -1.533226
v 7.099633 43.13554 -4.933575
v 5.247106 42.00706 -0.808754
vn 0.09765625 0.6054688 0.7910156
vn 0.046875 0.9726563 -0.2246094
vn 0.02734375 0.5292969 0.8476563
vn 0.01953125 0.9746094 -0.2246094
vn -0.07226563 0.4785156 0.875
vn 0.0390625 0.9863281 -0.1640625
vt 0.9970703 -0.6318359
vt 0.9970703 -0.5849609
vt 0.609375 -0.6318359
vt 0.609375 -0.5849609
vt 0.4130859 -0.6318359
vt 0.3447266 -0.5849609
f 584/584/584 585/585/585 586/586/586
f 585/585/585 587/587/587 586/586/586
f 586/586/586 587/587/587 588/588/588
f 587/587/587 589/589/589 588/588/588
v 11.84619 11.8057 -4.278436
v 12.2834 34.69308 -5.458449
v 12.8674 11.3333 -1.428818
v 13.67657 35.01281 -1.22445
v 10.88118 11.06419 0.8381262
v 9.580222 35.04994 2.371209
v 8.784555 11.13478 -1.652593
v 5.766612 34.01 -1.533226
vn 0.1289063 -0.5898438 0.796875
vn 0.0078125 -0.6386719 0.7695313
vn 0.1015625 -0.9667969 -0.234375
vn 0 -0.9707031 -0.2402344
vn 0.05664063 0.01757813 -0.9980469
vn 0.01953125 0.01757813 -1
vn 0.046875 0.9726563 -0.2246094
vn 0.01953125 0.9746094 -0.2246094
vt 0.9970703 -0.6816406
vt 0.609375 -0.6816406
vt 0.9970703 -0.7431641
vt 0.609375 -0.7431641
vt 0.9931641 -0.8242188
vt 0.609375 -0.8242188
vt 0.9970703 -0.8984375
vt 0.609375 -0.8984375
f 590/590/590 591/591/591 592/592/592
f 591/591/591 593/593/593 592/592/592
f 592/592/592 593/593/593 594/594/594
f 593/593/593 595/595/595 594/594/594
f 594/594/594 595/595/595 596/596/596
f 595/595/595 597/597/597 596/596/596
v 2.158483 61.75642 -0.5840117
v 5.247106 42.00706 -0.808754
v 6.962486 62.27117 5.470407
v 8.169336 46.54012 3.892932
v 12.16961 63.29709 0.2505743
v 12.23811 43.29866 -0.5289959
v 9.409559 63.19424 -5.352466
v 10.25218 46.47493 -4.347085
v 4.043993 62.38543 -6.035863
v 6.940904 46.27343 -4.734109
v 2.158483 61.75642 -0.5840117
v 5.247106 42.00706 -0.808754
vn 0.07421875 0.9863281 -0.1484375
vn 0.0390625 0.9863281 -0.1640625
vn 0.08203125 0.01757813 -0.9960938
vn 0.1269531 0.0546875 -0.9902344
vn 0.0703125 -0.9863281 -0.1464844
vn -0.0078125 -0.9785156 -0.2050781
vn 0.07617188 -0.5878906 0.8066406
vn 0.04101563 -0.5839844 0.8105469
vn 0.1054688 0.4824219 0.8691406
vn 0.07226563 0.421875 0.9042969
vn 0.07421875 0.9863281 -0.1484375
vn 0.0390625 0.9863281 -0.1640625
vt 0.08007813 -0.8984375
vt 0.3945313 -0.8984375
vt 0.08007813 -0.8242188
vt 0.3496094 -0.8242188
vt 0.08007813 -0.7431641
vt 0.4130859 -0.7431641
vt 0.08007813 -0.6816406
vt 0.3447266 -0.6816406
vt 0.08007813 -0.6318359
vt 0.3447266 -0.6318359
vt 0.08007813 -0.5849609
vt 0.3447266 -0.5849609
f 598/598/598 599/599/599 600/600/600
f 599/599/599 601/601/601 600/600/600
f 600/600/600 601/601/601 602/602/602
f 601/601/601 603/603/603 602/602/602
f 602/602/602 603/603/603 604/604/604
f 603/603/603 605/605/605 604/604/604
f 604/604/604 605/605/605 606/606/606
f 605/605/605 607/607/607 606/606/606
f 606/606/606 607/607/607 608/608/608
f 607/607/607 609/609/609 608/608/608
v 6.940904 46.27343 -4.734109
v 10.25218 46.47493 -4.347085
v 7.099633 43.13554 -4.933575
v 10.54217 43.46977 -4.415744
v 7.195776 33.67981 -6.135756
v 12.2834 34.69308 -5.458449
v 9.624074 11.71688 -4.258996
v 11.84619 11.8057 -4.278436
vn 0.07226563 0.421875 0.9042969
vn 0.04101563 -0.5839844 0.8105469
vn -0.07226563 0.4785156 0.875
vn -0.0703125 -0.6035156 0.7929688
vn 0.02734375 0.5292969 0.8476563
vn 0.0078125 -0.6386719 0.7695313
vn 0.09765625 0.6054688 0.7910156
vn 0.1289063 -0.5898438 0.796875
vt 0.3447266 -0.6318359
vt 0.3447266 -0.6816406
vt 0.4130859 -0.6318359
vt 0.4130859 -0.6816406
vt 0.609375 -0.6318359
vt 0.609375 -0.6816406
vt 0.9970703 -0.6318359
vt 0.9970703 -0.6816406
f 610/610/610 611/611/611 612/612/612
f 611/611/611 613/613/613 612/612/612
f 612/612/612 613/613/613 614/614/614
f 613/613/613 615/615/615 614/614/614
f 614/614/614 615/615/615 616/616/616
f 615/615/615 617/617/617 616/616/616
v 12.2834 34.69308 -5.458449
v 10.54217 43.46977 -4.415744
v 13.67657 35.01281 -1.22445
v 12.23811 43.29866 -0.5289959
v 9.580222 35.04994 2.371209
v 8.830812 41.50013 2.950952
v 5.766612 34.01 -1.533226
v 5.247106 42.00706 -0.808754
vn 0.0078125 -0.6386719 0.7695313
vn -0.0703125 -0.6035156 0.7929688
vn 0 -0.9707031 -0.2402344
vn -0.0078125 -0.9785156 -0.2050781
vn 0.01953125 0.01757813 -1
vn 0.07226563 0.02148438 -0.9980469
vn 0.01953125 0.9746094 -0.2246094
vn 0.0390625 0.9863281 -0.1640625
vt 0.609375 -0.6816406
vt 0.4130859 -0.6816406
vt 0.609375 -0.7431641
vt 0.4130859 -0.7431641
vt 0.609375 -0.8242188
vt 0.4599609 -0.8242188
vt 0.609375 -0.8984375
vt 0.3945313 -0.8984375
f 618/618/618 619/619/619 620/620/620
f 619/619/619 621/621/621 620/620/620
f 620/620/620 621/621/621 622/622/622
f 621/621/621 623/623/623 622/622/622
f 622/622/622 623/623/623 624/624/624
f 623/623/623 625/625/625 624/624/624
v 9.703463 112.8419 0.421225
v 9.648267 109.2541 2.011044
v 11.53085 112.5959 -0.02588699
v 10.86646 109.2479 1.642007
v 14.80048 111.6149 -0.09864597
v 13.20206 109.2532 1.504032
v 26.46483 111.5502 -1.333605
v 25.51488 109.1171 1.114579
v 28.64569 111.5605 -0.6506971
v 25.92084 109.1159 1.410419
v 29.36097 111.4232 16.20608
v 27.41599 109.3911 16.2179
vn 0.1542969 0.7402344 0.6542969
vn 0.2480469 0.265625 0.9316406
vn 0.1699219 0.8339844 0.5273438
vn 0.3496094 0.02929688 0.9355469
vn 0.1582031 0.8535156 0.4980469
vn 0.109375 -0.1640625 0.9804688
vn 0.03125 0.9941406 -0.1035156
vn -0.2148438 -0.0390625 0.9765625
vn -0.1484375 0.9609375 -0.234375
vn 0.4472656 -0.01367188 0.8945313
vn 0.01953125 0.9980469 -0.0234375
vn 0.02734375 0.001953125 0.9980469
vt 0.3144531 -0.5224609
vt 0.3173828 -0.5625
vt 0.34375 -0.5224609
vt 0.34375 -0.5625
vt 0.3955078 -0.4921875
vt 0.3720703 -0.5625
vt 0.5380859 -0.4628906
vt 0.5380859 -0.5625
vt 0.6923828 -0.5136719
vt 0.6923828 -0.5625
vt 0.9765625 -0.5195313
vt 0.9765625 -0.5625
f 626/626/626 627/627/627 628/628/628
f 627/627/627 629/629/629 628/628/628
f 628/628/628 629/629/629 630/630/630
f 629/629/629 631/631/631 630/630/630
f 630/630/630 631/631/631 632/632/632
f 631/631/631 633/633/633 632/632/632
f 632/632/632 633/633/633 634/634/634
f 633/633/633 635/635/635 634/634/634
f 634/634/634 635/635/635 636/636/636
f 635/635/635 637/637/637 636/636/636
v 0 116.3586 -4.100195
v 0 120.3896 -3.899473
v 2.792969 115.551 -1.434577
v 2.640625 120.7232 -1.103095
v 0 112.7772 1.345672
v 0 118.8633 1.564004
v -2.792969 115.551 -1.434577
v -2.640625 120.7232 -1.103095
v 0 116.3586 -4.100195
v 0 120.3896 -3.899473
vn -0.09765625 0 0.9960938
vn -0.2871094 0 0.9570313
vn 0.03515625 0.9804688 -0.1914063
vn -0.6210938 0.7421875 0.2519531
vn 0.6132813 0 -0.7910156
vn -0.8535156 0 -0.5214844
vn 0.03515625 -0.9804688 -0.1914063
vn -0.6210938 -0.7421875 0.2519531
vn -0.09765625 0 0.9960938
vn -0.2871094 0 0.9570313
vt 0.2783203 -0.5029297
vt 0.2705078 -0.4121094
vt 0.2021484 -0.5185547
vt 0.1816406 -0.4228516
vt 0.1640625 -0.5888672
vt 0.1181641 -0.4638672
vt 0.2021484 -0.5185547
vt 0.1816406 -0.4228516
vt 0.2783203 -0.5029297
vt 0.2705078 -0.4121094
f 638/638/638 639/639/639 640/640/640
f 639/639/639 641/641/641 640/640/640
f 640/640/640 641/641/641 642/642/642
f 641/641/641 643/643/643 642/642/642
f 642/642/642 643/643/643 644/644/644
f 643/643/643 645/645/645 644/644/644
f 644/644/644 645/645/645 646/646/646
f 645/645/645 647/647/647 646/646/646
v 1.603516 124.977 10.14361
v 1.318359 130.4496 10.96215
v 0 126.9099 10.8345
v 0 130.2641 11.21715
v -1.603516 124.977 10.14361
v -1.318359 130.4496 10.96215
vn 0.2558594 0.5585938 -0.7890625
vn -0.01757813 0.3496094 -0.9375
vn 0.09179688 0 -0.9960938
vn -0.04296875 0 -1
vn 0.2558594 -0.5585938 -0.7890625
vn -0.01757813 -0.3496094 -0.9375
vt 0.7373047 -0.1757813
vt 0.7363281 -0.1787109
vt 0.734375 -0.1748047
vt 0.7285156 -0.1796875
vt 0.7373047 -0.1757813
vt 0.7363281 -0.1787109
f 648/648/648 649/649/649 650/650/650
f 649/649/649 651/651/651 650/650/650
f 650/650/650 651/651/651 652/652/652
f 651/651/651 653/653/653 652/652/652
v 7.785156 134.1401 7.717816
v 7.988281 139.1189 7.207624
v 0 133.9249 11.54379
v 0 139.6736 11.41033
v -7.785156 134.1401 7.717816
v -7.988281 139.1189 7.207624
vn 0.04882813 0.71875 -0.6933594
vn 0.1074219 0.5878906 -0.8027344
vn 0.06640625 0 -0.9980469
vn 0.1015625 0 -0.9941406
vn 0.04882813 -0.71875 -0.6933594
vn 0.1074219 -0.5878906 -0.8027344
vt 0.78125 -0.1669922
vt 0.7822266 -0.1591797
vt 0.7285156 -0.1669922
vt 0.7285156 -0.1582031
vt 0.78125 -0.1669922
vt 0.7822266 -0.1591797
f 654/654/654 655/655/655 656/656/656
f 655/655/655 657/657/657 656/656/656
f 656/656/656 657/657/657 658/658/658
f 657/657/657 659/659/659 658/658/658
v 7.382813 122.6726 2.189108
v 6.511719 123.1978 7.7675
v 0 118.1161 7.643464
v 0 118.3866 8.387504
v -7.382813 122.6726 2.189108
v -6.511719 123.1978 7.7675
vn -0.6464844 0.7617188 0.01953125
vn -0.3300781 0.7363281 -0.5898438
vn -0.9726563 0 -0.2363281
vn -0.7773438 0 -0.6289063
vn -0.6464844 -0.7617188 0.01953125
vn -0.3300781 -0.7363281 -0.5898438
vt 0.1630859 -0.3271484
vt 0.01757813 -0.4228516
vt 0.04785156 -0.4970703
vt 0.03710938 -0.4638672
vt 0.1630859 -0.3271484
vt 0.01757813 -0.4228516
f 660/660/660 661/661/661 662/662/662
f 661/661/661 663/663/663 662/662/662
f 662/662/662 663/663/663 664/664/664
f 663/663/663 665/665/665 664/664/664
v -26.46483 111.5502 -1.333605
v -14.80363 111.6132 -3.195286
v -28.68902 109.2737 -3.122847
v -13.75427 109.1276 -4.98851
v -26.54483 106.8922 -1.309324
v -12.5084 106.3854 -1.700857
v -25.51488 109.1171 1.114579
v -13.20206 109.2532 1.504032
vn 0.03125 -0.9941406 -0.1035156
vn 0.1738281 -0.8398438 -0.5136719
vn 0.3125 -0.009765625 -0.9492188
vn 0.1386719 0.1699219 -0.9765625
vn 0.005859375 0.9921875 -0.1289063
vn 0.03710938 0.9980469 0.02539063
vn -0.2148438 0.0390625 0.9765625
vn 0.109375 0.1640625 0.9804688
vt 0.5380859 -0.4628906
vt 0.3955078 -0.4609375
vt 0.5380859 -0.4150391
vt 0.3779297 -0.4160156
vt 0.5380859 -0.3730469
vt 0.3564453 -0.3183594
vt 0.5380859 -0.2734375
vt 0.3720703 -0.2734375
f 666/666/666 667/667/667 668/668/668
f 667/667/667 669/669/669 668/668/668
f 668/668/668 669/669/669 670/670/670
f 669/669/669 671/671/671 670/670/670
f 670/670/670 671/671/671 672/672/672
f 671/671/671 673/673/673 672/672/672
v -14.80048 111.6149 -0.09864597
v -11.53085 112.5959 -0.02588699
v -14.80363 111.6132 -3.195286
v -11.7976 112.6549 -3.473071
v -13.75427 109.1276 -4.98851
v -11.78856 109.0448 -5.517951
vn 0.1582031 -0.8535156 0.4980469
vn 0.1699219 -0.8339844 0.5273438
vn 0.1738281 -0.8398438 -0.5136719
vn 0.1933594 -0.8574219 -0.4785156
vn 0.1386719 0.1699219 -0.9765625
vn 0.3476563 0.0234375 -0.9375
vt 0.3955078 -0.4921875
vt 0.34375 -0.5224609
vt 0.3955078 -0.4609375
vt 0.34375 -0.4560547
vt 0.3779297 -0.4160156
vt 0.3398438 -0.4160156
f 674/674/674 675/675/675 676/676/676
f 675/675/675 677/677/677 676/676/676
f 676/676/676 677/677/677 678/678/678
f 677/677/677 679/679/679 678/678/678
v -26.07825 108.5582 23.61996
v -25.89256 110.0064 23.8394
v -26.32594 107.5089 28.92348
v -26.28424 107.9152 29.39644
v -27.04729 107.6633 28.87461
v -27.0421 108.0818 29.33276
v -27.44558 108.6828 23.77472
v -27.47497 110.2733 23.99415
vn 0.1699219 0.6464844 -0.7441406
vn 0.08203125 0.7792969 0.6210938
vn 0.234375 0.484375 -0.8417969
vn 0.8203125 0.5664063 0.06640625
vn 0.2617188 -0.6660156 -0.6992188
vn 0.8203125 -0.5019531 0.2753906
vn 0.3183594 0.046875 -0.9472656
vn 0.265625 0.1503906 0.953125
vt 0.5634766 -0.90625
vt 0.5537109 -0.9287109
vt 0.3466797 -0.9150391
vt 0.3740234 -0.9316406
vt 0.3466797 -0.9970703
vt 0.3740234 -0.9833984
vt 0.5791016 -1.001953
vt 0.5664063 -0.9833984
f 680/680/680 681/681/681 682/682/682
f 681/681/681 683/683/683 682/682/682
f 682/682/682 683/683/683 684/684/684
f 683/683/683 685/685/685 684/684/684
f 684/684/684 685/685/685 686/686/686
f 685/685/685 687/687/687 686/686/686
v -32.61705 109.5194 23.78773
v -32.20592 108.4399 23.10154
v -31.73466 105.4424 26.92469
v -31.75842 105.3057 26.30234
v -31.20926 105.5081 26.97929
v -31.14123 105.4048 26.35826
v -31.18264 110.2815 24.06656
v -31.15844 108.7139 23.60524
vn 0.2695313 -0.8730469 0.4042969
vn -0.1699219 -0.6367188 -0.7519531
vn 0.7988281 -0.4980469 -0.3398438
vn -0.2070313 -0.5234375 -0.8261719
vn 0.8125 0.5410156 -0.2207031
vn -0.21875 0.7050781 -0.6738281
vn 0.4394531 -0.3203125 0.8398438
vn -0.1503906 0.2558594 -0.9550781
vt 0.5800781 -0.9921875
vt 0.5664063 -1.004883
vt 0.3740234 -0.9833984
vt 0.3466797 -0.9970703
vt 0.3740234 -0.9316406
vt 0.3466797 -0.9150391
vt 0.5693359 -0.9238281
vt 0.5419922 -0.9072266
f 688/688/688 689/689/689 690/690/690
f 689/689/689 691/691/691 690/690/690
f 690/690/690 691/691/691 692/692/692
f 691/691/691 693/693/693 692/692/692
f 692/692/692 693/693/693 694/694/694
f 693/693/693 695/695/695 694/694/694
v -31.18264 110.2815 24.06656
v -31.15844 108.7139 23.60524
v -30.20954 105.8177 28.26466
v -30.23471 105.5741 27.67732
v -29.64654 105.9074 28.30811
v -29.57349 105.7016 27.70885
v -29.32041 110.4373 24.21967
v -29.30079 108.7608 24.00047
vn 0.4394531 -0.3203125 0.8398438
vn -0.1503906 0.2558594 -0.9550781
vn 0.8496094 -0.4707031 -0.2382813
vn -0.04296875 -0.4765625 -0.8789063
vn 0.8398438 0.5332031 -0.09960938
vn -0.0859375 0.6933594 -0.7148438
vn 0.3867188 -0.02734375 0.921875
vn -0.01171875 0.00390625 -1
vt 0.5830078 -0.9853516
vt 0.5117188 -0.9970703
vt 0.3740234 -0.9833984
vt 0.3466797 -0.9970703
vt 0.3740234 -0.9316406
vt 0.3466797 -0.9150391
vt 0.5585938 -0.9257813
vt 0.5380859 -0.9101563
f 696/696/696 697/697/697 698/698/698
f 697/697/697 699/699/699 698/698/698
f 698/698/698 699/699/699 700/700/700
f 699/699/699 701/701/701 700/700/700
f 700/700/700 701/701/701 702/702/702
f 701/701/701 703/703/703 702/702/702
v -27.44558 108.6828 23.77472
v -27.47497 110.2733 23.99415
v -28.1138 106.897 28.96168
v -28.17273 107.3164 29.54618
v -28.74817 106.9158 28.93882
v -28.71058 107.3439 29.50632
v -29.30079 108.7608 24.00047
v -29.32041 110.4373 24.21967
vn 0.3183594 0.046875 -0.9472656
vn 0.265625 0.1503906 0.953125
vn 0.1699219 0.5917969 -0.7871094
vn 0.8515625 0.5195313 0.05664063
vn 0.1953125 -0.6035156 -0.7734375
vn 0.8554688 -0.5078125 0.1035156
vn -0.01171875 0.00390625 -1
vn 0.3867188 -0.02734375 0.921875
vt 0.5537109 -0.9052734
vt 0.5585938 -0.9248047
vt 0.3466797 -0.9150391
vt 0.3740234 -0.9316406
vt 0.3466797 -0.9970703
vt 0.3740234 -0.9833984
vt 0.5615234 -1
vt 0.5683594 -0.984375
f 704/704/704 705/705/705 706/706/706
f 705/705/705 707/707/707 706/706/706
f 706/706/706 707/707/707 708/708/708
f 707/707/707 709/709/709 708/708/708
f 708/708/708 709/709/709 710/710/710
f 709/709/709 711/711/711 710/710/710
v -26.54483 106.8922 -1.309324
v -25.51488 109.1171 1.114579
v -28.35467 106.803 -0.6189128
v -25.92072 109.1159 1.40847
v -29.3024 107.3813 17.16312
v -27.35201 109.4545 17.16298
vn 0.005859375 0.9921875 -0.1289063
vn -0.2148438 0.0390625 0.9765625
vn -0.1386719 0.9726563 -0.1835938
vn 0.4355469 0.0078125 0.9003906
vn -0.1699219 0.9726563 -0.1542969
vn -0.3457031 -0.1914063 0.9179688
vt 0.5380859 -0.3730469
vt 0.5380859 -0.2734375
vt 0.6923828 -0.3154297
vt 0.6923828 -0.2734375
vt 0.9921875 -0.3369141
vt 0.9921875 -0.2724609
f 712/712/712 713/713/713 714/714/714
f 713/713/713 715/715/715 714/714/714
f 714/714/714 715/715/715 716/716/716
f 715/715/715 717/717/717 716/716/716
v -8.784555 11.15048 -1.651236
v -9.624074 11.73246 -4.257649
v -5.766612 34.02009 -1.532354
v -7.195776 33.69002 -6.134872
v -5.247106 42.01519 -0.8080501
v -7.099633 43.14346 -4.93289
vn 0.046875 -0.9726563 -0.2246094
vn 0.09765625 -0.6054688 0.7910156
vn 0.01953125 -0.9746094 -0.2246094
vn 0.02734375 -0.5292969 0.8476563
vn 0.0390625 -0.9863281 -0.1640625
vn -0.07226563 -0.4785156 0.875
vt 0.9970703 -0.5849609
vt 0.9970703 -0.6318359
vt 0.609375 -0.5849609
vt 0.609375 -0.6318359
vt 0.3447266 -0.5849609
vt 0.4130859 -0.6318359
f 718/718/718 719/719/719 720/720/720
f 719/719/719 721/721/721 720/720/720
f 720/720/720 721/721/721 722/722/722
f 721/721/721 723/723/723 722/722/722
v -12.2834 34.70314 -5.457579
v -11.84619 11.8213 -4.277087
v -13.67657 35.0228 -1.223586
v -12.8674 11.34902 -1.427458
v -9.580222 35.05983 2.372065
v -10.88118 11.07993 0.8394876
v -5.766612 34.02009 -1.532354
v -8.784555 11.15048 -1.651236
vn 0.0078125 0.6386719 0.7695313
vn 0.1289063 0.5898438 0.796875
vn 0 0.9707031 -0.2402344
vn 0.1015625 0.9667969 -0.234375
vn 0.01953125 -0.01757813 -1
vn 0.05664063 -0.01757813 -0.9980469
vn 0.01953125 -0.9746094 -0.2246094
vn 0.046875 -0.9726563 -0.2246094
vt 0.609375 -0.6816406
vt 0.9970703 -0.6816406
vt 0.609375 -0.7431641
vt 0.9970703 -0.7431641
vt 0.609375 -0.8242188
vt 0.9931641 -0.8242188
vt 0.609375 -0.8984375
vt 0.9970703 -0.8984375
f 724/724/724 725/725/725 726/726/726
f 725/725/725 727/727/727 726/726/726
f 726/726/726 727/727/727 728/728/728
f 727/727/727 729/729/729 728/728/728
f 728/728/728 729/729/729 730/730/730
f 729/729/729 731/731/731 730/730/730
v -5.247106 42.01519 -0.8080501
v -2.158483 61.75971 -0.5837269
v -8.169336 46.5472 3.893544
v -6.962486 62.2744 5.470686
v -12.23811 43.30661 -0.5283081
v -12.16961 63.30019 0.2508423
v -10.25218 46.48209 -4.346466
v -9.409559 63.19734 -5.352198
v -6.940904 46.28058 -4.73349
v -4.043993 62.38862 -6.035587
v -5.247106 42.01519 -0.8080501
v -2.158483 61.75971 -0.5837269
vn 0.0390625 -0.9863281 -0.1640625
vn 0.07421875 -0.9863281 -0.1484375
vn 0.1269531 -0.0546875 -0.9902344
vn 0.08203125 -0.01757813 -0.9960938
vn -0.0078125 0.9785156 -0.2050781
vn 0.0703125 0.9863281 -0.1464844
vn 0.04101563 0.5839844 0.8105469
vn 0.07617188 0.5878906 0.8066406
vn 0.07226563 -0.421875 0.9042969
vn 0.1054688 -0.4824219 0.8691406
vn 0.0390625 -0.9863281 -0.1640625
vn 0.07421875 -0.9863281 -0.1484375
vt 0.3945313 -0.8984375
vt 0.08007813 -0.8984375
vt 0.3496094 -0.8242188
vt 0.08007813 -0.8242188
vt 0.4130859 -0.7431641
vt 0.08007813 -0.7431641
vt 0.3447266 -0.6816406
vt 0.08007813 -0.6816406
vt 0.3447266 -0.6318359
vt 0.08007813 -0.6318359
vt 0.3447266 -0.5849609
vt 0.08007813 -0.5849609
f 732/732/732 733/733/733 734/734/734
f 733/733/733 735/735/735 734/734/734
f 734/734/734 735/735/735 736/736/736
f 735/735/735 737/737/737 736/736/736
f 736/736/736 737/737/737 738/738/738
f 737/737/737 739/739/739 738/738/738
f 738/738/738 739/739/739 740/740/740
f 739/739/739 741/741/741 740/740/740
f 740/740/740 741/741/741 742/742/742
f 741/741/741 743/743/743 742/742/742
v -10.25218 46.48209 -4.346466
v -6.940904 46.28058 -4.73349
v -10.54217 43.47767 -4.415061
v -7.099633 43.14346 -4.93289
v -12.2834 34.70314 -5.457579
v -7.195776 33.69002 -6.134872
v -11.84619 11.8213 -4.277087
v -9.624074 11.73246 -4.257649
vn 0.04101563 0.5839844 0.8105469
vn 0.07226563 -0.421875 0.9042969
vn -0.0703125 0.6035156 0.7929688
vn -0.07226563 -0.4785156 0.875
vn 0.0078125 0.6386719 0.7695313
vn 0.02734375 -0.5292969 0.8476563
vn 0.1289063 0.5898438 0.796875
vn 0.09765625 -0.6054688 0.7910156
vt 0.3447266 -0.6816406
vt 0.3447266 -0.6318359
vt 0.4130859 -0.6816406
vt 0.4130859 -0.6318359
vt 0.609375 -0.6816406
vt 0.609375 -0.6318359
vt 0.9970703 -0.6816406
vt 0.9970703 -0.6318359
f 744/744/744 745/745/745 746/746/746
f 745/745/745 747/747/747 746/746/746
f 746/746/746 747/747/747 748/748/748
f 747/747/747 749/749/749 748/748/748
f 748/748/748 749/749/749 750/750/750
f 749/749/749 751/751/751 750/750/750
v -10.54217 43.47767 -4.415061
v -12.2834 34.70314 -5.457579
v -12.23811 43.30661 -0.5283081
v -13.67657 35.0228 -1.223586
v -8.830812 41.50844 2.951671
v -9.580222 35.05983 2.372065
v -5.247106 42.01519 -0.8080501
v -5.766612 34.02009 -1.532354
vn -0.0703125 0.6035156 0.7929688
vn 0.0078125 0.6386719 0.7695313
vn -0.0078125 0.9785156 -0.2050781
vn 0 0.9707031 -0.2402344
vn 0.07226563 -0.02148438 -0.9980469
vn 0.01953125 -0.01757813 -1
vn 0.0390625 -0.9863281 -0.1640625
vn 0.01953125 -0.9746094 -0.2246094
vt 0.4130859 -0.6816406
vt 0.609375 -0.6816406
vt 0.4130859 -0.7431641
vt 0.609375 -0.7431641
vt 0.4599609 -0.8242188
vt 0.609375 -0.8242188
vt 0.3945313 -0.8984375
vt 0.609375 -0.8984375
f 752/752/752 753/753/753 754/754/754
f 753/753/753 755/755/755 754/754/754
f 754/754/754 755/755/755 756/756/756
f 755/755/755 757/757/757 756/756/756
f 756/756/756 757/757/757 758/758/758
f 757/757/757 759/759/759 758/758/758
v -9.648267 109.2541 2.011044
v -9.703463 112.8419 0.421225
v -10.86646 109.2479 1.642007
v -11.53085 112.5959 -0.02588699
v -13.20206 109.2532 1.504032
v -14.80048 111.6149 -0.09864597
v -25.51488 109.1171 1.114579
v -26.46483 111.5502 -1.333605
v -25.92072 109.1159 1.40847
v -28.64569 111.5605 -0.6506971
v -27.35201 109.4545 17.16298
v -29.30363 111.3927 17.16415
vn 0.2480469 -0.265625 0.9316406
vn 0.1542969 -0.7402344 0.6542969
vn 0.3496094 -0.02929688 0.9355469
vn 0.1699219 -0.8339844 0.5273438
vn 0.109375 0.1640625 0.9804688
vn 0.1582031 -0.8535156 0.4980469
vn -0.2148438 0.0390625 0.9765625
vn 0.03125 -0.9941406 -0.1035156
vn 0.4355469 0.0078125 0.9003906
vn -0.1503906 -0.9609375 -0.234375
vn -0.3457031 -0.1914063 0.9179688
vn -0.05078125 -0.9980469 -0.00390625
vt 0.3173828 -0.5625
vt 0.3144531 -0.5224609
vt 0.34375 -0.5625
vt 0.34375 -0.5224609
vt 0.3720703 -0.5625
vt 0.3955078 -0.4921875
vt 0.5380859 -0.5625
vt 0.5380859 -0.4628906
vt 0.6923828 -0.5625
vt 0.6923828 -0.5136719
vt 0.9941406 -0.5634766
vt 0.9951172 -0.5214844
f 760/760/760 761/761/761 762/762/762
f 761/761/761 763/763/763 762/762/762
f 762/762/762 763/763/763 764/764/764
f 763/763/763 765/765/765 764/764/764
f 764/764/764 765/765/765 766/766/766
f 765/765/765 767/767/767 766/766/766
f 766/766/766 767/767/767 768/768/768
f 767/767/767 769/769/769 768/768/768
f 768/768/768 769/769/769 770/770/770
f 769/769/769 771/771/771 770/770/770
v 12.5084 106.3854 -1.700857
v 10.92321 106.3267 -1.746596
v 13.75427 109.1276 -4.98851
v 11.78856 109.0448 -5.517951
vn 0.03710938 -0.9980469 0.02539063
vn 0.6757813 -0.734375 0.07421875
vn 0.1386719 -0.1699219 -0.9765625
vn 0.3476563 -0.0234375 -0.9375
vt 0.3564453 -0.3183594
vt 0.3359375 -0.3125
vt 0.3779297 -0.4160156
vt 0.3398438 -0.4160156
f 772/772/772 773/773/773 774/774/774
f 773/773/773 775/775/775 774/774/774
v 6.966913 113.6758 -1.744972
v 7.01083 112.9675 -4.465623
v 3.449219 115.0821 -1.524107
v 0 115.8498 -4.446977
vn 0.2421875 0.9648438 0.09960938
vn 0.2070313 0.703125 -0.6796875
vn 0.921875 0.3769531 0.08203125
vn 0.6210938 0 0.7832031
vt 0.2373047 -0.01269531
vt 0.2519531 -0.06835938
vt 0.2607422 -0.001953125
vt 0.3955078 -0.002929688
f 776/776/776 777/777/777 778/778/778
f 777/777/777 779/779/779 778/778/778
v 9.648267 109.2541 2.011044
v 9.052734 105.3188 2.580319
v 10.86646 109.2479 1.642007
v 10.92321 106.3267 -1.746596
v 13.20206 109.2532 1.504032
v 12.5084 106.3854 -1.700857
vn 0.2480469 0.265625 0.9316406
vn -0.4414063 0.8066406 -0.390625
vn 0.3496094 0.02929688 0.9355469
vn 0.6757813 -0.734375 0.07421875
vn 0.109375 -0.1640625 0.9804688
vn 0.03710938 -0.9980469 0.02539063
vt 0.3173828 -0.2734375
vt 0.2880859 -0.2871094
vt 0.34375 -0.2734375
vt 0.3359375 -0.3125
vt 0.3720703 -0.2734375
vt 0.3564453 -0.3183594
f 780/780/780 781/781/781 782/782/782
f 781/781/781 783/783/783 782/782/782
f 782/782/782 783/783/783 784/784/784
f 783/783/783 785/785/785 784/784/784
v 26.07825 108.5582 23.61996
v 25.89256 110.0064 23.8394
v 25.69516 108.0338 21.95212
v 27.35201 109.4545 17.16298
v 24.54487 107.752 20.9859
v 24.46896 106.2353 20.36836
vn 0.1699219 -0.6464844 -0.7441406
vn 0.08203125 -0.7792969 0.6210938
vn 0.515625 -0.7929688 0.3242188
vn -0.5859375 0.2910156 0.7558594
vn -0.07226563 -0.8183594 0.5703125
vn -0.4960938 -0.78125 -0.3769531
vt 0.9433594 -0.06054688
vt 0.9287109 -0.06054688
vt 0.9414063 -0.1005859
vt 0.9296875 -0.1845703
vt 0.9638672 -0.1376953
vt 0.9755859 -0.1523438
f 786/786/786 787/787/787 788/788/788
f 787/787/787 789/789/789 788/788/788
f 788/788/788 789/789/789 790/790/790
f 789/789/789 791/791/791 790/790/790
v 27.47497 110.2733 23.99415
v 29.30363 111.3927 17.16415
v 25.89256 110.0064 23.8394
v 27.35201 109.4545 17.16298
vn 0.265625 -0.1503906 0.953125
vn -0.1113281 0.9941406 -0.009765625
vn 0.08203125 -0.7792969 0.6210938
vn -0.5859375 0.2910156 0.7558594
vt 0.8759766 -0.06054688
vt 0.8671875 -0.2480469
vt 0.9287109 -0.06054688
vt 0.9296875 -0.1845703
f 792/792/792 793/793/793 794/794/794
f 793/793/793 795/795/795 794/794/794
v 32.61705 109.5194 23.78773
v 32.20592 108.4399 23.10154
v 31.41249 109.4718 17.16299
v 29.30252 107.3813 17.16507
vn 0.2695313 0.8730469 0.4042969
vn -0.1699219 0.6367188 -0.7519531
vn -0.1757813 0.05273438 -0.9824219
vn -0.3300781 -0.9082031 -0.2578125
vt 0.7011719 -0.06152344
vt 0.6845703 -0.06347656
vt 0.7011719 -0.2480469
vt 0.5878906 -0.2480469
f 796/796/796 797/797/797 798/798/798
f 797/797/797 799/799/799 798/798/798
v 24.54487 107.752 20.9859
v 24.46896 106.2353 20.36836
v 24.4163 105.3418 24.75926
v 25.01568 104.6176 24.29311
vn -0.07226563 -0.8183594 0.5703125
vn -0.4960938 -0.78125 -0.3769531
vn 0.7363281 -0.671875 -0.08398438
vn 0.3554688 0.1953125 -0.9140625
vt 0.5830078 -0.8349609
vt 0.5820313 -0.9726563
vt 0.2431641 -0.9189453
vt 0.2431641 -0.9960938
f 800/800/800 801/801/801 802/802/802
f 801/801/801 803/803/803 802/802/802
v 31.18264 110.2815 24.06656
v 29.30363 111.3927 17.16415
v 29.32041 110.4373 24.21967
v 27.47497 110.2733 23.99415
vn 0.4394531 0.3203125 0.8398438
vn -0.1113281 0.9941406 -0.009765625
vn 0.3867188 0.02734375 0.921875
vn 0.265625 -0.1503906 0.953125
vt 0.7519531 -0.06054688
vt 0.8671875 -0.2480469
vt 0.8144531 -0.06054688
vt 0.8759766 -0.06054688
f 804/804/804 805/805/805 806/806/806
f 805/805/805 807/807/807 806/806/806
v 26.46483 111.5502 -1.333605
v 28.64569 111.5605 -0.6506971
v 28.68902 109.2737 -3.122847
v 30.94462 109.1171 -1.58063
v 28.35467 106.803 -0.6189128
vn 0.03125 0.9941406 -0.1035156
vn -0.1484375 0.9609375 -0.234375
vn 0.3125 0.009765625 -0.9492188
vn -0.4023438 -0.046875 -0.9140625
vn -0.1347656 -0.9746094 -0.1835938
vt 0.5380859 -0.4628906
vt 0.6923828 -0.5136719
vt 0.5380859 -0.4150391
vt 0.671875 -0.4150391
vt 0.6923828 -0.3154297
f 808/808/808 809/809/809 810/810/810
f 809/809/809 811/811/811 810/810/810
f 810/810/810 811/811/811 812/812/812
v 12.23811 43.29866 -0.5289959
v 8.169336 46.54012 3.892932
v 8.632645 43.19109 3.102914
v 5.247106 42.00706 -0.808754
v 8.830812 41.50013 2.950952
vn -0.0078125 -0.9785156 -0.2050781
vn 0.1269531 0.0546875 -0.9902344
vn 0.1523438 0.0078125 -0.9882813
vn 0.0390625 0.9863281 -0.1640625
vn 0.07226563 0.02148438 -0.9980469
vt 0.4130859 -0.7431641
vt 0.3496094 -0.8242188
vt 0.4042969 -0.8242188
vt 0.3945313 -0.8984375
vt 0.4599609 -0.8242188
f 813/813/813 814/814/814 815/815/815
f 814/814/814 816/816/816 815/815/815
f 815/815/815 816/816/816 817/817/817
v 6.048828 106.9599 4.757415
v 6.848408 112.4322 0.7178685
v 1.996094 112.7498 1.310282
v 3.449219 115.0821 -1.524107
vn 0.5761719 0.1367188 -0.8066406
vn 0.1015625 0.7246094 0.6816406
vn 0.6328125 0.08007813 -0.7695313
vn 0.7636719 0.4296875 -0.4824219
vt 0.2402344 -0.1894531
vt 0.2392578 -0.06738281
vt 0.1416016 -0.06835938
vt 0.1699219 -0.004882813
f 818/818/818 819/819/819 820/820/820
f 819/819/819 821/821/821 820/820/820
v 1.318359 130.4496 10.96215
v 0 133.9249 11.54379
v 0 130.2641 11.21715
v -1.318359 130.4496 10.96215
vn -0.01757813 0.3496094 -0.9375
vn 0.06640625 0 -0.9980469
vn -0.04296875 0 -1
vn -0.01757813 -0.3496094 -0.9375
vt 0.7363281 -0.1787109
vt 0.7285156 -0.1669922
vt 0.7285156 -0.1796875
vt 0.7363281 -0.1787109
f 822/822/822 823/823/823 824/824/824
f 823/823/823 825/825/825 824/824/824
v 7.988281 139.1189 7.207624
v 7.785156 134.1401 7.717816
v 9.238281 129.877 4.441755
v 7.697266 131.1194 7.648606
vn 0.1074219 0.5878906 -0.8027344
vn 0.04882813 0.71875 -0.6933594
vn -0.1503906 0.9199219 -0.3613281
vn -0.03320313 0.7089844 -0.703125
vt 0.7822266 -0.1591797
vt 0.78125 -0.1669922
vt 0.7900391 -0.1796875
vt 0.7822266 -0.1777344
f 826/826/826 827/827/827 828/828/828
f 827/827/827 829/829/829 828/828/828
v 7.121094 124.7207 7.070104
v 7.382813 122.6726 2.189108
v 9.238281 129.877 4.441755
v 9.390625 126.9997 -0.5103791
vn -0.1289063 0.828125 -0.546875
vn -0.6464844 0.7617188 0.01953125
vn -0.1503906 0.9199219 -0.3613281
vn -0.421875 0.90625 -0.02148438
vt 0.005859375 -0.3818359
vt 0.1630859 -0.3271484
vt 0.04003906 -0.2900391
vt 0.21875 -0.28125
f 830/830/830 831/831/831 832/832/832
f 831/831/831 833/833/833 832/832/832
v 32.20592 108.4399 23.10154
v 31.15844 108.7139 23.60524
v 29.30252 107.3813 17.16507
v 29.30079 108.7608 24.00047
v 25.6602 105.5835 20.38787
v 27.44558 108.6828 23.77472
vn -0.1699219 0.6367188 -0.7519531
vn -0.1503906 -0.2558594 -0.9550781
vn -0.3300781 -0.9082031 -0.2578125
vn -0.01171875 -0.00390625 -1
vn -0.2382813 0.08789063 -0.9667969
vn 0.3183594 -0.046875 -0.9472656
vt 0.6845703 -0.06347656
vt 0.6455078 -0.046875
vt 0.5878906 -0.2480469
vt 0.5859375 -0.03417969
vt 0.4765625 -0.1699219
vt 0.5273438 -0.04101563
f 834/834/834 835/835/835 836/836/836
f 835/835/835 837/837/837 836/836/836
f 836/836/836 837/837/837 838/838/838
f 837/837/837 839/839/839 838/838/838
v 6.511719 123.1978 7.7675
v 0 118.9942 8.729089
v 0 118.3866 8.387504
v -6.511719 123.1978 7.7675
vn -0.3300781 0.7363281 -0.5898438
vn -0.4609375 0 -0.8867188
vn -0.7773438 0 -0.6289063
vn -0.3300781 -0.7363281 -0.5898438
vt 0.7685547 -0.1982422
vt 0.7285156 -0.2070313
vt 0.7285156 -0.2109375
vt 0.7685547 -0.1982422
f 840/840/840 841/841/841 842/842/842
f 841/841/841 843/843/843 842/842/842
v 2.640625 120.7232 -1.103095
v 7.382813 122.6726 2.189108
v 0 118.8633 1.564004
v 0 118.1161 7.643464
v -7.382813 122.6726 2.189108
vn -0.6210938 0.7421875 0.2519531
vn -0.6464844 0.7617188 0.01953125
vn -0.8535156 0 -0.5214844
vn -0.9726563 0 -0.2363281
vn -0.6464844 -0.7617188 0.01953125
vt 0.1816406 -0.4228516
vt 0.1630859 -0.3271484
vt 0.1181641 -0.4638672
vt 0.04785156 -0.4970703
vt 0.1630859 -0.3271484
f 844/844/844 845/845/845 846/846/846
f 845/845/845 847/847/847 846/846/846
f 846/846/846 847/847/847 848/848/848
v 9.714603 108.872 -5.854047
v 11.78856 109.0448 -5.517951
v 9.148438 104.5725 -5.203849
v 10.92321 106.3267 -1.746596
v 9.052734 105.3188 2.580319
vn 0.1582031 0.140625 -0.9765625
vn 0.3476563 -0.0234375 -0.9375
vn -0.5996094 0.7402344 0.3046875
vn 0.6757813 -0.734375 0.07421875
vn -0.4414063 0.8066406 -0.390625
vt 0.3115234 -0.4160156
vt 0.3398438 -0.4160156
vt 0.3085938 -0.3759766
vt 0.3359375 -0.3125
vt 0.2880859 -0.2871094
f 849/849/849 850/850/850 851/851/851
f 850/850/850 852/852/852 851/851/851
f 851/851/851 852/852/852 853/853/853
v 9.703463 112.8419 0.421225
v 11.53085 112.5959 -0.02588699
v 9.700542 113.4775 -1.766238
v 11.7976 112.6549 -3.473071
v 9.835798 112.8292 -4.063061
vn 0.1542969 0.7402344 0.6542969
vn 0.1699219 0.8339844 0.5273438
vn 0.1503906 0.9882813 0.0234375
vn 0.1933594 0.8574219 -0.4785156
vn 0.1582031 0.7402344 -0.6542969
vt 0.3144531 -0.5224609
vt 0.34375 -0.5224609
vt 0.3144531 -0.4892578
vt 0.34375 -0.4560547
vt 0.3144531 -0.4541016
f 854/854/854 855/855/855 856/856/856
f 855/855/855 857/857/857 856/856/856
f 856/856/856 857/857/857 858/858/858
v 5.294922 104.5564 -7.244986
v 0 104.5659 -6.92465
v 0 108.9845 -7.378481
v -5.294922 104.5564 -7.244986
v -7.01083 112.9675 -4.465623
vn 0.1230469 0.1269531 0.984375
vn -0.1035156 0 0.9941406
vn 0.2050781 0 0.9785156
vn 0.1230469 -0.1269531 0.984375
vn 0.2070313 -0.703125 -0.6796875
vt 0.2919922 -0.2490234
vt 0.4023438 -0.2480469
vt 0.4023438 -0.1591797
vt 0.2919922 -0.2490234
vt 0.2519531 -0.06835938
f 859/859/859 860/860/860 861/861/861
f 860/860/860 862/862/862 861/861/861
f 861/861/861 862/862/862 863/863/863
v -6.966913 113.6758 -1.744972
v -3.449219 115.0821 -1.524107
v -7.01083 112.9675 -4.465623
v 0 115.8498 -4.446977
v 0 108.9845 -7.378481
v 7.01083 112.9675 -4.465623
v 5.294922 104.5564 -7.244986
vn 0.2421875 -0.9648438 0.09960938
vn 0.921875 -0.3769531 0.08203125
vn 0.2070313 -0.703125 -0.6796875
vn 0.6210938 0 0.7832031
vn 0.2050781 0 0.9785156
vn 0.2070313 0.703125 -0.6796875
vn 0.1230469 0.1269531 0.984375
vt 0.2373047 -0.01269531
vt 0.2607422 -0.001953125
vt 0.2519531 -0.06835938
vt 0.3955078 -0.002929688
vt 0.4023438 -0.1591797
vt 0.2519531 -0.06835938
vt 0.2919922 -0.2490234
f 864/864/864 865/865/865 866/866/866
f 865/865/865 867/867/867 866/866/866
f 866/866/866 867/867/867 868/868/868
f 867/867/867 869/869/869 868/868/868
f 868/868/868 869/869/869 870/870/870
v -9.648267 109.2541 2.011044
v -10.86646 109.2479 1.642007
v -9.052734 105.3188 2.580319
v -10.92321 106.3267 -1.746596
v -9.148438 104.5725 -5.203849
v -11.78856 109.0448 -5.517951
v -9.714603 108.872 -5.854047
vn 0.2480469 -0.265625 0.9316406
vn 0.3496094 -0.02929688 0.9355469
vn -0.4414063 -0.8066406 -0.390625
vn 0.6757813 0.734375 0.07421875
vn -0.5996094 -0.7402344 0.3046875
vn 0.3476563 0.0234375 -0.9375
vn 0.1582031 -0.140625 -0.9765625
vt 0.3173828 -0.2734375
vt 0.34375 -0.2734375
vt 0.2880859 -0.2871094
vt 0.3359375 -0.3125
vt 0.3085938 -0.3759766
vt 0.3398438 -0.4160156
vt 0.3115234 -0.4160156
f 871/871/871 872/872/872 873/873/873
f 872/872/872 874/874/874 873/873/873
f 873/873/873 874/874/874 875/875/875
f 874/874/874 876/876/876 875/875/875
f 875/875/875 876/876/876 877/877/877
v -26.07825 108.5582 23.61996
v -25.69516 108.0338 21.95212
v -25.89256 110.0064 23.8394
v -27.35201 109.4545 17.16298
v -29.30363 111.3927 17.16415
vn 0.1699219 0.6464844 -0.7441406
vn 0.515625 0.7929688 0.3242188
vn 0.08203125 0.7792969 0.6210938
vn -0.3457031 -0.1914063 0.9179688
vn -0.05078125 -0.9980469 -0.00390625
vt 0.9433594 -0.06054688
vt 0.9414063 -0.1005859
vt 0.9287109 -0.06054688
vt 0.9394531 -0.2021484
vt 0.8671875 -0.2480469
f 878/878/878 879/879/879 880/880/880
f 879/879/879 881/881/881 880/880/880
f 880/880/880 881/881/881 882/882/882
v -24.46896 106.2353 20.36836
v -27.35201 109.4545 17.16298
v -24.54487 107.752 20.9859
v -25.69516 108.0338 21.95212
vn -0.4960938 0.78125 -0.3769531
vn -0.3457031 -0.1914063 0.9179688
vn -0.07226563 0.8183594 0.5703125
vn 0.515625 0.7929688 0.3242188
vt 0.9755859 -0.1523438
vt 0.9394531 -0.2021484
vt 0.9638672 -0.1376953
vt 0.9414063 -0.1005859
f 883/883/883 884/884/884 885/885/885
f 884/884/884 886/886/886 885/885/885
v -25.89256 110.0064 23.8394
v -29.30363 111.3927 17.16415
v -27.47497 110.2733 23.99415
v -29.32041 110.4373 24.21967
vn 0.08203125 0.7792969 0.6210938
vn -0.05078125 -0.9980469 -0.00390625
vn 0.265625 0.1503906 0.953125
vn 0.3867188 -0.02734375 0.921875
vt 0.9287109 -0.06054688
vt 0.8671875 -0.2480469
vt 0.8759766 -0.06054688
vt 0.8144531 -0.06054688
f 887/887/887 888/888/888 889/889/889
f 888/888/888 890/890/890 889/889/889
v -32.61705 109.5194 23.78773
v -31.41249 109.4718 17.16299
v -32.20592 108.4399 23.10154
v -29.3024 107.3813 17.16312
v -31.15844 108.7139 23.60524
v -29.30079 108.7608 24.00047
vn 0.2695313 -0.8730469 0.4042969
vn -0.07617188 -0.0390625 -0.9960938
vn -0.1699219 -0.6367188 -0.7519531
vn -0.1699219 0.9726563 -0.1542969
vn -0.1503906 0.2558594 -0.9550781
vn -0.01171875 0.00390625 -1
vt 0.7011719 -0.06152344
vt 0.7011719 -0.2480469
vt 0.6845703 -0.06347656
vt 0.5878906 -0.2480469
vt 0.6455078 -0.046875
vt 0.5859375 -0.03417969
f 891/891/891 892/892/892 893/893/893
f 892/892/892 894/894/894 893/893/893
f 893/893/893 894/894/894 895/895/895
f 894/894/894 896/896/896 895/895/895
v -24.54487 107.752 20.9859
v -24.4163 105.3418 24.75926
v -24.46896 106.2353 20.36836
v -25.01568 104.6176 24.29311
vn -0.07226563 0.8183594 0.5703125
vn 0.7363281 0.671875 -0.08398438
vn -0.4960938 0.78125 -0.3769531
vn 0.3554688 -0.1953125 -0.9140625
vt 0.5830078 -0.8349609
vt 0.2431641 -0.9189453
vt 0.5820313 -0.9726563
vt 0.2431641 -0.9960938
f 897/897/897 898/898/898 899/899/899
f 898/898/898 900/900/900 899/899/899
v -29.3024 107.3813 17.16312
v -25.6602 105.5835 20.38787
v -29.30079 108.7608 24.00047
v -27.44558 108.6828 23.77472
vn -0.1699219 0.9726563 -0.1542969
vn -0.2382813 -0.08789063 -0.9667969
vn -0.01171875 0.00390625 -1
vn 0.3183594 0.046875 -0.9472656
vt 0.5878906 -0.2480469
vt 0.4765625 -0.1699219
vt 0.5859375 -0.03417969
vt 0.5273438 -0.04101563
f 901/901/901 902/902/902 903/903/903
f 902/902/902 904/904/904 903/903/903
v -10.86646 109.2479 1.642007
v -13.20206 109.2532 1.504032
v -10.92321 106.3267 -1.746596
v -12.5084 106.3854 -1.700857
v -13.75427 109.1276 -4.98851
vn 0.3496094 -0.02929688 0.9355469
vn 0.109375 0.1640625 0.9804688
vn 0.6757813 0.734375 0.07421875
vn 0.03710938 0.9980469 0.02539063
vn 0.1386719 0.1699219 -0.9765625
vt 0.34375 -0.2734375
vt 0.3720703 -0.2734375
vt 0.3359375 -0.3125
vt 0.3564453 -0.3183594
vt 0.3779297 -0.4160156
f 905/905/905 906/906/906 907/907/907
f 906/906/906 908/908/908 907/907/907
f 907/907/907 908/908/908 909/909/909
v -26.46483 111.5502 -1.333605
v -28.68902 109.2737 -3.122847
v -28.64569 111.5605 -0.6506971
v -30.94462 109.1171 -1.58063
vn 0.03125 -0.9941406 -0.1035156
vn 0.3125 -0.009765625 -0.9492188
vn -0.1503906 -0.9609375 -0.234375
vn -0.4042969 0.046875 -0.9140625
vt 0.5380859 -0.4628906
vt 0.5380859 -0.4150391
vt 0.6923828 -0.5136719
vt 0.671875 -0.4150391
f 910/910/910 911/911/911 912/912/912
f 911/911/911 913/913/913 912/912/912
v -26.54483 106.8922 -1.309324
v -28.35467 106.803 -0.6189128
v -28.68902 109.2737 -3.122847
v -30.94462 109.1171 -1.58063
vn 0.005859375 0.9921875 -0.1289063
vn -0.1386719 0.9726563 -0.1835938
vn 0.3125 -0.009765625 -0.9492188
vn -0.4042969 0.046875 -0.9140625
vt 0.5380859 -0.3730469
vt 0.6923828 -0.3154297
vt 0.5380859 -0.4150391
vt 0.671875 -0.4150391
f 914/914/914 915/915/915 916/916/916
f 915/915/915 917/917/917 916/916/916
v -8.169336 46.5472 3.893544
v -12.23811 43.30661 -0.5283081
v -8.632645 43.19899 3.103597
v -8.830812 41.50844 2.951671
v -5.247106 42.01519 -0.8080501
vn 0.1269531 -0.0546875 -0.9902344
vn -0.0078125 0.9785156 -0.2050781
vn 0.1523438 -0.0078125 -0.9882813
vn 0.07226563 -0.02148438 -0.9980469
vn 0.0390625 -0.9863281 -0.1640625
vt 0.3496094 -0.8242188
vt 0.4130859 -0.7431641
vt 0.4042969 -0.8242188
vt 0.4599609 -0.8242188
vt 0.3945313 -0.8984375
f 918/918/918 919/919/919 920/920/920
f 919/919/919 921/921/921 920/920/920
f 920/920/920 921/921/921 922/922/922
v -6.048828 106.9599 4.757415
v -1.996094 112.7498 1.310282
v -6.848408 112.4322 0.7178685
v -3.449219 115.0821 -1.524107
vn 0.5761719 -0.1367188 -0.8066406
vn 0.6328125 -0.08007813 -0.7695313
vn 0.1015625 -0.7246094 0.6816406
vn 0.7636719 -0.4296875 -0.4824219
vt 0.2402344 -0.1894531
vt 0.1416016 -0.06835938
vt 0.2392578 -0.06738281
vt 0.1699219 -0.004882813
f 923/923/923 924/924/924 925/925/925
f 924/924/924 926/926/926 925/925/925
v -7.988281 139.1189 7.207624
v -9.238281 129.877 4.441755
v -7.785156 134.1401 7.717816
v -7.697266 131.1194 7.648606
vn 0.1074219 -0.5878906 -0.8027344
vn -0.1503906 -0.9199219 -0.3613281
vn 0.04882813 -0.71875 -0.6933594
vn -0.03320313 -0.7089844 -0.703125
vt 0.7822266 -0.1591797
vt 0.7900391 -0.1796875
vt 0.78125 -0.1669922
vt 0.7822266 -0.1777344
f 927/927/927 928/928/928 929/929/929
f 928/928/928 930/930/930 929/929/929
v -7.121094 124.7207 7.070104
v -9.238281 129.877 4.441755
v -7.382813 122.6726 2.189108
v -9.390625 126.9997 -0.5103791
vn -0.1289063 -0.828125 -0.546875
vn -0.1503906 -0.9199219 -0.3613281
vn -0.6464844 -0.7617188 0.01953125
vn -0.421875 -0.90625 -0.02148438
vt 0.005859375 -0.3818359
vt 0.04003906 -0.2900391
vt 0.1630859 -0.3271484
vt 0.21875 -0.28125
f 931/931/931 932/932/932 933/933/933
f 932/932/932 934/934/934 933/933/933
v -9.703463 112.8419 0.421225
v -9.700542 113.4775 -1.766238
v -11.53085 112.5959 -0.02588699
v -11.7976 112.6549 -3.473071
vn 0.1542969 -0.7402344 0.6542969
vn 0.1503906 -0.9882813 0.0234375
vn 0.1699219 -0.8339844 0.5273438
vn 0.1933594 -0.8574219 -0.4785156
vt 0.3144531 -0.5224609
vt 0.3144531 -0.4892578
vt 0.34375 -0.5224609
vt 0.34375 -0.4560547
f 935/935/935 936/936/936 937/937/937
f 936/936/936 938/938/938 937/937/937
v 29.30252 107.3813 17.16507
v 25.6602 105.5835 20.38787
v 24.46896 106.2353 20.36836
v 27.35201 109.4545 17.16298
v 27.0421 108.0818 29.33276
v 27.47497 110.2733 23.99415
v 25.89256 110.0064 23.8394
v 26.28424 107.9152 29.39644
v 26.32594 107.5089 28.92348
v 26.07825 108.5582 23.61996
v 27.44558 108.6828 23.77472
v 27.04729 107.6633 28.87461
v 30.20954 105.8177 28.26466
v 31.18264 110.2815 24.06656
v 29.32041 110.4373 24.21967
v 29.64654 105.9074 28.30811
v 29.30079 108.7608 24.00047
v 31.15844 108.7139 23.60524
v 30.23471 105.5741 27.67732
v 29.57349 105.7016 27.70885
v 31.73466 105.4424 26.92469
v 32.61705 109.5194 23.78773
v 31.18264 110.2815 24.06656
v 31.20926 105.5081 26.97929
v 31.14123 105.4048 26.35826
v 31.15844 108.7139 23.60524
v 32.20592 108.4399 23.10154
v 31.75842 105.3057 26.30234
v 25.09554 105.6694 24.64249
v 25.01568 104.6176 24.29311
v 25.6602 105.5835 20.38787
v 25.69516 108.0338 21.95212
v 25.09554 105.6694 24.64249
v 25.69516 108.0338 21.95212
v 24.54487 107.752 20.9859
v 24.4163 105.3418 24.75926
v 31.18264 110.2815 24.06656
v 32.61705 109.5194 23.78773
v 31.41249 109.4718 17.16299
v 29.30363 111.3927 17.16415
v 28.71058 107.3439 29.50632
v 29.32041 110.4373 24.21967
v 27.47497 110.2733 23.99415
v 28.17273 107.3164 29.54618
v 28.1138 106.897 28.96168
v 27.44558 108.6828 23.77472
v 29.30079 108.7608 24.00047
v 28.74817 106.9158 28.93882
v 28.35467 106.803 -0.6189128
v 25.92084 109.1159 1.410419
v 25.51488 109.1171 1.114579
v 26.54483 106.8922 -1.309324
v 9.835798 112.8292 -4.063061
v 11.7976 112.6549 -3.473071
v 11.78856 109.0448 -5.517951
v 9.714603 108.872 -5.854047
v 3.449219 115.0821 -1.524107
v 2.792969 115.551 -1.434577
v 0 112.7772 1.345672
v 1.996094 112.7498 1.310282
v 6.511719 123.1978 7.7675
v 7.121094 124.7207 7.070104
v 1.603516 124.977 10.14361
v 1.431641 123.5801 11.02464
v 2.640625 120.7232 -1.103095
v 6.748047 124.3229 -1.619487
v 9.390625 126.9997 -0.5103791
v 7.382813 122.6726 2.189108
v 26.07825 108.5582 23.61996
v 25.69516 108.0338 21.95212
v 25.6602 105.5835 20.38787
v 27.44558 108.6828 23.77472
v -24.46896 106.2353 20.36836
v -25.6602 105.5835 20.38787
v -29.3024 107.3813 17.16312
v -27.35201 109.4545 17.16298
v -25.89256 110.0064 23.8394
v -27.47497 110.2733 23.99415
v -27.0421 108.0818 29.33276
v -26.28424 107.9152 29.39644
v -27.44558 108.6828 23.77472
v -26.07825 108.5582 23.61996
v -26.32594 107.5089 28.92348
v -27.04729 107.6633 28.87461
v -29.32041 110.4373 24.21967
v -31.18264 110.2815 24.06656
v -30.20954 105.8177 28.26466
v -29.64654 105.9074 28.30811
v -30.23471 105.5741 27.67732
v -31.15844 108.7139 23.60524
v -29.30079 108.7608 24.00047
v -29.57349 105.7016 27.70885
v -31.18264 110.2815 24.06656
v -32.61705 109.5194 23.78773
v -31.73466 105.4424 26.92469
v -31.20926 105.5081 26.97929
v -32.20592 108.4399 23.10154
v -31.15844 108.7139 23.60524
v -31.14123 105.4048 26.35826
v -31.75842 105.3057 26.30234
v -25.6602 105.5835 20.38787
v -25.01568 104.6176 24.29311
v -25.09554 105.6694 24.64249
v -25.69516 108.0338 21.95212
v -24.54487 107.752 20.9859
v -25.69516 108.0338 21.95212
v -25.09554 105.6694 24.64249
v -24.4163 105.3418 24.75926
v -31.41249 109.4718 17.16299
v -32.61705 109.5194 23.78773
v -31.18264 110.2815 24.06656
v -29.30363 111.3927 17.16415
v -27.47497 110.2733 23.99415
v -29.32041 110.4373 24.21967
v -28.71058 107.3439 29.50632
v -28.17273 107.3164 29.54618
v -29.30079 108.7608 24.00047
v -27.44558 108.6828 23.77472
v -28.1138 106.897 28.96168
v -28.74817 106.9158 28.93882
v -11.78856 109.0448 -5.517951
v -11.7976 112.6549 -3.473071
v -9.835798 112.8292 -4.063061
v -9.714603 108.872 -5.854047
v 0 112.7772 1.345672
v -2.792969 115.551 -1.434577
v -3.449219 115.0821 -1.524107
v -1.996094 112.7498 1.310282
v -1.603516 124.977 10.14361
v -7.121094 124.7207 7.070104
v -6.511719 123.1978 7.7675
v -1.431641 123.5801 11.02464
v -9.390625 126.9997 -0.5103791
v -6.748047 124.3229 -1.619487
v -2.640625 120.7232 -1.103095
v -7.382813 122.6726 2.189108
v -30.94462 109.1171 -1.58063
v -31.41249 109.4718 17.16299
v -29.30363 111.3927 17.16415
v -28.64569 111.5605 -0.6506971
v -30.94462 109.1171 -1.58063
v -28.35467 106.803 -0.6189128
v -29.3024 107.3813 17.16312
v -31.41249 109.4718 17.16299
v -25.6602 105.5835 20.38787
v -25.69516 108.0338 21.95212
v -26.07825 108.5582 23.61996
v -27.44558 108.6828 23.77472
vn -0.3300781 -0.9082031 -0.2578125
vn -0.2382813 0.08789063 -0.9667969
vn -0.4960938 -0.78125 -0.3769531
vn -0.5859375 0.2910156 0.7558594
vn 0.8203125 0.5019531 0.2753906
vn 0.265625 -0.1503906 0.953125
vn 0.08203125 -0.7792969 0.6210938
vn 0.8203125 -0.5664063 0.06640625
vn 0.234375 -0.484375 -0.8417969
vn 0.1699219 -0.6464844 -0.7441406
vn 0.3183594 -0.046875 -0.9472656
vn 0.2617188 0.6660156 -0.6992188
vn 0.8496094 0.4707031 -0.2382813
vn 0.4394531 0.3203125 0.8398438
vn 0.3867188 0.02734375 0.921875
vn 0.8398438 -0.5332031 -0.09960938
vn -0.01171875 -0.00390625 -1
vn -0.1503906 -0.2558594 -0.9550781
vn -0.04296875 0.4765625 -0.8789063
vn -0.0859375 -0.6933594 -0.7148438
vn 0.7988281 0.4980469 -0.3398438
vn 0.2695313 0.8730469 0.4042969
vn 0.4394531 0.3203125 0.8398438
vn 0.8125 -0.5410156 -0.2207031
vn -0.21875 -0.7050781 -0.6738281
vn -0.1503906 -0.2558594 -0.9550781
vn -0.1699219 0.6367188 -0.7519531
vn -0.2070313 0.5234375 -0.8261719
vn 0.7929688 0.5019531 0.3457031
vn 0.3554688 0.1953125 -0.9140625
vn -0.2382813 0.08789063 -0.9667969
vn 0.515625 -0.7929688 0.3242188
vn 0.7929688 0.5019531 0.3457031
vn 0.515625 -0.7929688 0.3242188
vn -0.07226563 -0.8183594 0.5703125
vn 0.7363281 -0.671875 -0.08398438
vn 0.4394531 0.3203125 0.8398438
vn 0.2695313 0.8730469 0.4042969
vn -0.1757813 0.05273438 -0.9824219
vn -0.1113281 0.9941406 -0.009765625
vn 0.8554688 0.5078125 0.1035156
vn 0.3867188 0.02734375 0.921875
vn 0.265625 -0.1503906 0.953125
vn 0.8515625 -0.5195313 0.05664063
vn 0.1699219 -0.5917969 -0.7871094
vn 0.3183594 -0.046875 -0.9472656
vn -0.01171875 -0.00390625 -1
vn 0.1953125 0.6035156 -0.7734375
vn -0.1347656 -0.9746094 -0.1835938
vn 0.4472656 -0.01367188 0.8945313
vn -0.2148438 -0.0390625 0.9765625
vn 0.005859375 -0.9921875 -0.1289063
vn 0.1582031 0.7402344 -0.6542969
vn 0.1933594 0.8574219 -0.4785156
vn 0.3476563 -0.0234375 -0.9375
vn 0.1582031 0.140625 -0.9765625
vn 0.7636719 0.4296875 -0.4824219
vn 0.8320313 0.5527344 0.01171875
vn 0.6132813 0 -0.7910156
vn 0.6328125 0.08007813 -0.7695313
vn -0.3300781 0.7363281 -0.5898438
vn -0.1289063 0.828125 -0.546875
vn 0.2558594 0.5585938 -0.7890625
vn -0.1132813 0.5449219 -0.8320313
vn -0.6210938 0.7421875 0.2519531
vn -0.671875 0.6484375 0.3574219
vn -0.421875 0.90625 -0.02148438
vn -0.6464844 0.7617188 0.01953125
vn 0.1699219 -0.6464844 -0.7441406
vn 0.515625 -0.7929688 0.3242188
vn -0.2382813 0.08789063 -0.9667969
vn 0.3183594 -0.046875 -0.9472656
vn -0.4960938 0.78125 -0.3769531
vn -0.2382813 -0.08789063 -0.9667969
vn -0.1699219 0.9726563 -0.1542969
vn -0.3457031 -0.1914063 0.9179688
vn 0.08203125 0.7792969 0.6210938
vn 0.265625 0.1503906 0.953125
vn 0.8203125 -0.5019531 0.2753906
vn 0.8203125 0.5664063 0.06640625
vn 0.3183594 0.046875 -0.9472656
vn 0.1699219 0.6464844 -0.7441406
vn 0.234375 0.484375 -0.8417969
vn 0.2617188 -0.6660156 -0.6992188
vn 0.3867188 -0.02734375 0.921875
vn 0.4394531 -0.3203125 0.8398438
vn 0.8496094 -0.4707031 -0.2382813
vn 0.8398438 0.5332031 -0.09960938
vn -0.04296875 -0.4765625 -0.8789063
vn -0.1503906 0.2558594 -0.9550781
vn -0.01171875 0.00390625 -1
vn -0.0859375 0.6933594 -0.7148438
vn 0.4394531 -0.3203125 0.8398438
vn 0.2695313 -0.8730469 0.4042969
vn 0.7988281 -0.4980469 -0.3398438
vn 0.8125 0.5410156 -0.2207031
vn -0.1699219 -0.6367188 -0.7519531
vn -0.1503906 0.2558594 -0.9550781
vn -0.21875 0.7050781 -0.6738281
vn -0.2070313 -0.5234375 -0.8261719
vn -0.2382813 -0.08789063 -0.9667969
vn 0.3554688 -0.1953125 -0.9140625
vn 0.7929688 -0.5019531 0.3457031
vn 0.515625 0.7929688 0.3242188
vn -0.07226563 0.8183594 0.5703125
vn 0.515625 0.7929688 0.3242188
vn 0.7929688 -0.5019531 0.3457031
vn 0.7363281 0.671875 -0.08398438
vn -0.07617188 -0.0390625 -0.9960938
vn 0.2695313 -0.8730469 0.4042969
vn 0.4394531 -0.3203125 0.8398438
vn -0.05078125 -0.9980469 -0.00390625
vn 0.265625 0.1503906 0.953125
vn 0.3867188 -0.02734375 0.921875
vn 0.8554688 -0.5078125 0.1035156
vn 0.8515625 0.5195313 0.05664063
vn -0.01171875 0.00390625 -1
vn 0.3183594 0.046875 -0.9472656
vn 0.1699219 0.5917969 -0.7871094
vn 0.1953125 -0.6035156 -0.7734375
vn 0.3476563 0.0234375 -0.9375
vn 0.1933594 -0.8574219 -0.4785156
vn 0.1582031 -0.7402344 -0.6542969
vn 0.1582031 -0.140625 -0.9765625
vn 0.6132813 0 -0.7910156
vn 0.8320313 -0.5527344 0.01171875
vn 0.7636719 -0.4296875 -0.4824219
vn 0.6328125 -0.08007813 -0.7695313
vn 0.2558594 -0.5585938 -0.7890625
vn -0.1289063 -0.828125 -0.546875
vn -0.3300781 -0.7363281 -0.5898438
vn -0.1132813 -0.5449219 -0.8320313
vn -0.421875 -0.90625 -0.02148438
vn -0.671875 -0.6484375 0.3574219
vn -0.6210938 -0.7421875 0.2519531
vn -0.6464844 -0.7617188 0.01953125
vn -0.4042969 0.046875 -0.9140625
vn -0.07617188 -0.0390625 -0.9960938
vn -0.05078125 -0.9980469 -0.00390625
vn -0.1503906 -0.9609375 -0.234375
vn -0.4042969 0.046875 -0.9140625
vn -0.1386719 0.9726563 -0.1835938
vn -0.1699219 0.9726563 -0.1542969
vn -0.07617188 -0.0390625 -0.9960938
vn -0.2382813 -0.08789063 -0.9667969
vn 0.515625 0.7929688 0.3242188
vn 0.1699219 0.6464844 -0.7441406
vn 0.3183594 0.046875 -0.9472656
vt 0.5878906 -0.2480469
vt 0.4667969 -0.1513672
vt 0.4267578 -0.1523438
vt 0.4638672 -0.2021484
vt 0.3671875 -0.9892578
vt 0.5478516 -1.000977
vt 0.5537109 -0.9306641
vt 0.3662109 -0.9462891
vt 0.1064453 -0.9882813
vt 0.1171875 -0.8974609
vt 0.015625 -0.9003906
vt 0.02246094 -0.9882813
vt 0.3720703 -0.984375
vt 0.5585938 -0.9873047
vt 0.5546875 -0.9111328
vt 0.3720703 -0.9492188
vt 0.1279297 -0.9111328
vt -0.005859375 -0.9033203
vt 0.02246094 -0.9882813
vt 0.1064453 -0.9882813
vt 0.3701172 -0.984375
vt 0.5498047 -0.9931641
vt 0.5644531 -0.9208984
vt 0.3691406 -0.9482422
vt 0.1064453 -0.9882813
vt 0.109375 -0.9091797
vt 0.01367188 -0.9052734
vt 0.02246094 -0.9882813
vt 0.2265625 -0.9833984
vt 0.2265625 -0.921875
vt 0.0625 -0.9423828
vt 0.1181641 -0.9833984
vt 0.4013672 -0.9960938
vt 0.4599609 -0.9960938
vt 0.4902344 -0.9677734
vt 0.4013672 -0.9648438
vt 0.7519531 -0.06054688
vt 0.7011719 -0.06054688
vt 0.7011719 -0.2480469
vt 0.8671875 -0.2480469
vt 0.3701172 -0.9833984
vt 0.5498047 -0.9960938
vt 0.5546875 -0.9208984
vt 0.3691406 -0.9501953
vt 0.1064453 -0.9882813
vt 0.1337891 -0.9033203
vt -0.002929688 -0.9052734
vt 0.02246094 -0.9882813
vt 0.6923828 -0.3154297
vt 0.6923828 -0.2734375
vt 0.5380859 -0.2734375
vt 0.5380859 -0.3730469
vt 0.3144531 -0.4541016
vt 0.34375 -0.4560547
vt 0.3398438 -0.4160156
vt 0.3115234 -0.4160156
vt 0.02734375 -0.002929688
vt 0.05273438 -0.00390625
vt 0.05761719 -0.08496094
vt 0.0009765625 -0.0625
vt 0.7685547 -0.1982422
vt 0.7724609 -0.1943359
vt 0.7373047 -0.1757813
vt 0.7363281 -0.1767578
vt 0.1816406 -0.4228516
vt 0.234375 -0.3349609
vt 0.21875 -0.28125
vt 0.1630859 -0.3271484
vt 0.4804688 -0.04589844
vt 0.4726563 -0.09765625
vt 0.4765625 -0.1699219
vt 0.5273438 -0.04101563
vt 0.4267578 -0.1523438
vt 0.4667969 -0.1513672
vt 0.5878906 -0.2480469
vt 0.4638672 -0.2021484
vt 0.5537109 -0.9306641
vt 0.5478516 -1.000977
vt 0.3671875 -0.9892578
vt 0.3662109 -0.9462891
vt 0.015625 -0.9003906
vt 0.1171875 -0.8974609
vt 0.1064453 -0.9882813
vt 0.02246094 -0.9882813
vt 0.5546875 -0.9111328
vt 0.5585938 -0.9873047
vt 0.3720703 -0.984375
vt 0.3720703 -0.9492188
vt 0.02246094 -0.9882813
vt -0.005859375 -0.9033203
vt 0.1279297 -0.9111328
vt 0.1064453 -0.9882813
vt 0.5644531 -0.9208984
vt 0.5498047 -0.9931641
vt 0.3701172 -0.984375
vt 0.3691406 -0.9482422
vt 0.01367188 -0.9052734
vt 0.109375 -0.9091797
vt 0.1064453 -0.9882813
vt 0.02246094 -0.9882813
vt 0.0625 -0.9423828
vt 0.2265625 -0.921875
vt 0.2265625 -0.9833984
vt 0.1181641 -0.9833984
vt 0.4902344 -0.9677734
vt 0.4599609 -0.9960938
vt 0.4013672 -0.9960938
vt 0.4013672 -0.9648438
vt 0.7011719 -0.2480469
vt 0.7011719 -0.06054688
vt 0.7519531 -0.06054688
vt 0.8671875 -0.2480469
vt 0.5546875 -0.9208984
vt 0.5498047 -0.9960938
vt 0.3701172 -0.9833984
vt 0.3691406 -0.9501953
vt -0.002929688 -0.9052734
vt 0.1337891 -0.9033203
vt 0.1064453 -0.9882813
vt 0.02246094 -0.9882813
vt 0.3398438 -0.4160156
vt 0.34375 -0.4560547
vt 0.3144531 -0.4541016
vt 0.3115234 -0.4160156
vt 0.05761719 -0.08496094
vt 0.05273438 -0.00390625
vt 0.02734375 -0.002929688
vt 0.0009765625 -0.0625
vt 0.7373047 -0.1757813
vt 0.7724609 -0.1943359
vt 0.7685547 -0.1982422
vt 0.7363281 -0.1767578
vt 0.21875 -0.28125
vt 0.234375 -0.3349609
vt 0.1816406 -0.4228516
vt 0.1630859 -0.3271484
vt 0.671875 -0.4150391
vt 0.9931641 -0.4150391
vt 0.9921875 -0.5214844
vt 0.6923828 -0.5136719
vt 0.671875 -0.4150391
vt 0.6923828 -0.3154297
vt 0.9921875 -0.3359375
vt 0.9921875 -0.4179688
vt 0.4765625 -0.1699219
vt 0.4726563 -0.09765625
vt 0.4804688 -0.04589844
vt 0.5273438 -0.04101563
f 939/939/939 940/940/940 941/941/941 942/942/942
f 943/943/943 944/944/944 945/945/945 946/946/946
f 947/947/947 948/948/948 949/949/949 950/950/950
f 951/951/951 952/952/952 953/953/953 954/954/954
f 955/955/955 956/956/956 957/957/957 958/958/958
f 959/959/959 960/960/960 961/961/961 962/962/962
f 963/963/963 964/964/964 965/965/965 966/966/966
f 967/967/967 968/968/968 969/969/969 970/970/970
f 971/971/971 972/972/972 973/973/973 974/974/974
f 975/975/975 976/976/976 977/977/977 978/978/978
f 979/979/979 980/980/980 981/981/981 982/982/982
f 983/983/983 984/984/984 985/985/985 986/986/986
f 987/987/987 988/988/988 989/989/989 990/990/990
f 991/991/991 992/992/992 993/993/993 994/994/994
f 995/995/995 996/996/996 997/997/997 998/998/998
f 999/999/999 1000/1000/1000 1001/1001/1001 1002/1002/1002
f 1003/1003/1003 1004/1004/1004 1005/1005/1005 1006/1006/1006
f 1007/1007/1007 1008/1008/1008 1009/1009/1009 1010/1010/1010
f 1011/1011/1011 1012/1012/1012 1013/1013/1013 1014/1014/1014
f 1015/1015/1015 1016/1016/1016 1017/1017/1017 1018/1018/1018
f 1019/1019/1019 1020/1020/1020 1021/1021/1021 1022/1022/1022
f 1023/1023/1023 1024/1024/1024 1025/1025/1025 1026/1026/1026
f 1027/1027/1027 1028/1028/1028 1029/1029/1029 1030/1030/1030
f 1031/1031/1031 1032/1032/1032 1033/1033/1033 1034/1034/1034
f 1035/1035/1035 1036/1036/1036 1037/1037/1037 1038/1038/1038
f 1039/1039/1039 1040/1040/1040 1041/1041/1041 1042/1042/1042
f 1043/1043/1043 1044/1044/1044 1045/1045/1045 1046/1046/1046
f 1047/1047/1047 1048/1048/1048 1049/1049/1049 1050/1050/1050
f 1051/1051/1051 1052/1052/1052 1053/1053/1053 1054/1054/1054
f 1055/1055/1055 1056/1056/1056 1057/1057/1057 1058/1058/1058
f 1059/1059/1059 1060/1060/1060 1061/1061/1061 1062/1062/1062
f 1063/1063/1063 1064/1064/1064 1065/1065/1065 1066/1066/1066
f 1067/1067/1067 1068/1068/1068 1069/1069/1069 1070/1070/1070
f 1071/1071/1071 1072/1072/1072 1073/1073/1073 1074/1074/1074
f 1075/1075/1075 1076/1076/1076 1077/1077/1077 1078/1078/1078
f 1079/1079/1079 1080/1080/1080 1081/1081/1081 1082/1082/1082
f 1083/1083/1083 1084/1084/1084 1085/1085/1085 1086/1086/1086
v 14.80363 111.6132 -3.195286
v 14.80048 111.6149 -0.09864597
v 26.46483 111.5502 -1.333605
v 6.966913 113.6758 -1.744972
v 3.449219 115.0821 -1.524107
v 6.848408 112.4322 0.7178685
v 25.09554 105.6694 24.64249
v 24.4163 105.3418 24.75926
v 25.01568 104.6176 24.29311
v 24.46896 106.2353 20.36836
v 25.6602 105.5835 20.38787
v 25.01568 104.6176 24.29311
v 28.68902 109.2737 -3.122847
v 28.35467 106.803 -0.6189128
v 26.54483 106.8922 -1.309324
v 8.632645 43.19109 3.102914
v 8.830812 41.50013 2.950952
v 12.23811 43.29866 -0.5289959
v 10.54217 43.46977 -4.415744
v 10.25218 46.47493 -4.347085
v 12.23811 43.29866 -0.5289959
v 5.247106 42.00706 -0.808754
v 6.940904 46.27343 -4.734109
v 7.099633 43.13554 -4.933575
v 6.748047 124.3229 -1.619487
v 2.640625 120.7232 -1.103095
v 0 120.3896 -3.899473
v 7.382813 122.6726 2.189108
v 7.121094 124.7207 7.070104
v 6.511719 123.1978 7.7675
v -14.80363 111.6132 -3.195286
v -26.46483 111.5502 -1.333605
v -14.80048 111.6149 -0.09864597
v -6.966913 113.6758 -1.744972
v -6.848408 112.4322 0.7178685
v -3.449219 115.0821 -1.524107
v -25.09554 105.6694 24.64249
v -25.01568 104.6176 24.29311
v -24.4163 105.3418 24.75926
v -24.46896 106.2353 20.36836
v -25.01568 104.6176 24.29311
v -25.6602 105.5835 20.38787
v -29.32041 110.4373 24.21967
v -29.30363 111.3927 17.16415
v -31.18264 110.2815 24.06656
v -11.78856 109.0448 -5.517951
v -10.92321 106.3267 -1.746596
v -13.75427 109.1276 -4.98851
v -10.54217 43.47767 -4.415061
v -12.23811 43.30661 -0.5283081
v -10.25218 46.48209 -4.346466
v -5.247106 42.01519 -0.8080501
v -7.099633 43.14346 -4.93289
v -6.940904 46.28058 -4.73349
v -6.748047 124.3229 -1.619487
v 0 120.3896 -3.899473
v -2.640625 120.7232 -1.103095
v -7.382813 122.6726 2.189108
v -6.511719 123.1978 7.7675
v -7.121094 124.7207 7.070104
v 0 118.8633 1.564004
v -7.382813 122.6726 2.189108
v -2.640625 120.7232 -1.103095
v -8.169336 46.5472 3.893544
v -8.632645 43.19899 3.103597
v -5.247106 42.01519 -0.8080501
v -11.7976 112.6549 -3.473071
v -9.700542 113.4775 -1.766238
v -9.835798 112.8292 -4.063061
vn 0.1738281 0.8398438 -0.5136719
vn 0.1582031 0.8535156 0.4980469
vn 0.03125 0.9941406 -0.1035156
vn 0.2421875 0.9648438 0.09960938
vn 0.921875 0.3769531 0.08203125
vn 0.1015625 0.7246094 0.6816406
vn 0.7929688 0.5019531 0.3457031
vn 0.7363281 -0.671875 -0.08398438
vn 0.3554688 0.1953125 -0.9140625
vn -0.4960938 -0.78125 -0.3769531
vn -0.2382813 0.08789063 -0.9667969
vn 0.3554688 0.1953125 -0.9140625
vn 0.3125 0.009765625 -0.9492188
vn -0.1347656 -0.9746094 -0.1835938
vn 0.005859375 -0.9921875 -0.1289063
vn 0.1523438 0.0078125 -0.9882813
vn 0.07226563 0.02148438 -0.9980469
vn -0.0078125 -0.9785156 -0.2050781
vn -0.0703125 -0.6035156 0.7929688
vn 0.04101563 -0.5839844 0.8105469
vn -0.0078125 -0.9785156 -0.2050781
vn 0.0390625 0.9863281 -0.1640625
vn 0.07226563 0.421875 0.9042969
vn -0.07226563 0.4785156 0.875
vn -0.671875 0.6484375 0.3574219
vn -0.6210938 0.7421875 0.2519531
vn -0.2871094 0 0.9570313
vn -0.6464844 0.7617188 0.01953125
vn -0.1289063 0.828125 -0.546875
vn -0.3300781 0.7363281 -0.5898438
vn 0.1738281 -0.8398438 -0.5136719
vn 0.03125 -0.9941406 -0.1035156
vn 0.1582031 -0.8535156 0.4980469
vn 0.2421875 -0.9648438 0.09960938
vn 0.1015625 -0.7246094 0.6816406
vn 0.921875 -0.3769531 0.08203125
vn 0.7929688 -0.5019531 0.3457031
vn 0.3554688 -0.1953125 -0.9140625
vn 0.7363281 0.671875 -0.08398438
vn -0.4960938 0.78125 -0.3769531
vn 0.3554688 -0.1953125 -0.9140625
vn -0.2382813 -0.08789063 -0.9667969
vn 0.3867188 -0.02734375 0.921875
vn -0.05078125 -0.9980469 -0.00390625
vn 0.4394531 -0.3203125 0.8398438
vn 0.3476563 0.0234375 -0.9375
vn 0.6757813 0.734375 0.07421875
vn 0.1386719 0.1699219 -0.9765625
vn -0.0703125 0.6035156 0.7929688
vn -0.0078125 0.9785156 -0.2050781
vn 0.04101563 0.5839844 0.8105469
vn 0.0390625 -0.9863281 -0.1640625
vn -0.07226563 -0.4785156 0.875
vn 0.07226563 -0.421875 0.9042969
vn -0.671875 -0.6484375 0.3574219
vn -0.2871094 0 0.9570313
vn -0.6210938 -0.7421875 0.2519531
vn -0.6464844 -0.7617188 0.01953125
vn -0.3300781 -0.7363281 -0.5898438
vn -0.1289063 -0.828125 -0.546875
vn -0.8535156 0 -0.5214844
vn -0.6464844 -0.7617188 0.01953125
vn -0.6210938 -0.7421875 0.2519531
vn 0.1269531 -0.0546875 -0.9902344
vn 0.1523438 -0.0078125 -0.9882813
vn 0.0390625 -0.9863281 -0.1640625
vn 0.1933594 -0.8574219 -0.4785156
vn 0.1503906 -0.9882813 0.0234375
vn 0.1582031 -0.7402344 -0.6542969
vt 0.3955078 -0.4609375
vt 0.3955078 -0.4921875
vt 0.5380859 -0.4628906
vt 0.2431641 -0.02050781
vt 0.1699219 -0.004882813
vt 0.2392578 -0.06738281
vt 0.3466797 -0.9648438
vt 0.4013672 -0.9648438
vt 0.4013672 -0.9179688
vt 0.07421875 -0.9238281
vt 0.06445313 -0.953125
vt 0.2265625 -0.921875
vt 0.5380859 -0.4150391
vt 0.6923828 -0.3154297
vt 0.5380859 -0.3730469
vt 0.4042969 -0.8242188
vt 0.4599609 -0.8242188
vt 0.4130859 -0.7431641
vt 0.4130859 -0.6816406
vt 0.3447266 -0.6816406
vt 0.4130859 -0.7431641
vt 0.3447266 -0.5849609
vt 0.3447266 -0.6318359
vt 0.4130859 -0.6318359
vt 0.234375 -0.3349609
vt 0.1816406 -0.4228516
vt 0.2226563 -0.4082031
vt 0.1630859 -0.3271484
vt 0.00390625 -0.3818359
vt 0.01855469 -0.421875
vt 0.3955078 -0.4609375
vt 0.5380859 -0.4628906
vt 0.3955078 -0.4921875
vt 0.2431641 -0.02050781
vt 0.2392578 -0.06738281
vt 0.1699219 -0.004882813
vt 0.3466797 -0.9648438
vt 0.4013672 -0.9179688
vt 0.4013672 -0.9648438
vt 0.07421875 -0.9238281
vt 0.2265625 -0.921875
vt 0.06445313 -0.953125
vt 0.8144531 -0.06054688
vt 0.8671875 -0.2480469
vt 0.7519531 -0.06054688
vt 0.3398438 -0.4160156
vt 0.3359375 -0.3125
vt 0.3779297 -0.4160156
vt 0.4130859 -0.6816406
vt 0.4130859 -0.7431641
vt 0.3447266 -0.6816406
vt 0.3447266 -0.5849609
vt 0.4130859 -0.6318359
vt 0.3447266 -0.6318359
vt 0.234375 -0.3349609
vt 0.2226563 -0.4082031
vt 0.1816406 -0.4228516
vt 0.1630859 -0.3271484
vt 0.01855469 -0.421875
vt 0.00390625 -0.3818359
vt 0.1181641 -0.4638672
vt 0.1630859 -0.3271484
vt 0.1816406 -0.4228516
vt 0.3496094 -0.8242188
vt 0.4042969 -0.8242188
vt 0.3945313 -0.8984375
vt 0.34375 -0.4560547
vt 0.3144531 -0.4892578
vt 0.3144531 -0.4541016
f 1087/1087/1087 1088/1088/1088 1089/1089/1089
f 1090/1090/1090 1091/1091/1091 1092/1092/1092
f 1093/1093/1093 1094/1094/1094 1095/1095/1095
f 1096/1096/1096 1097/1097/1097 1098/1098/1098
f 1099/1099/1099 1100/1100/1100 1101/1101/1101
f 1102/1102/1102 1103/1103/1103 1104/1104/1104
f 1105/1105/1105 1106/1106/1106 1107/1107/1107
f 1108/1108/1108 1109/1109/1109 1110/1110/1110
f 1111/1111/1111 1112/1112/1112 1113/1113/1113
f 1114/1114/1114 1115/1115/1115 1116/1116/1116
f 1117/1117/1117 1118/1118/1118 1119/1119/1119
f 1120/1120/1120 1121/1121/1121 1122/1122/1122
f 1123/1123/1123 1124/1124/1124 1125/1125/1125
f 1126/1126/1126 1127/1127/1127 1128/1128/1128
f 1129/1129/1129 1130/1130/1130 1131/1131/1131
f 1132/1132/1132 1133/1133/1133 1134/1134/1134
f 1135/1135/1135 1136/1136/1136 1137/1137/1137
f 1138/1138/1138 1139/1139/1139 1140/1140/1140
f 1141/1141/1141 1142/1142/1142 1143/1143/1143
f 1144/1144/1144 1145/1145/1145 1146/1146/1146
f 1147/1147/1147 1148/1148/1148 1149/1149/1149
f 1150/1150/1150 1151/1151/1151 1152/1152/1152
f 1153/1153/1153 1154/1154/1154 1155/1155/1155
g 05_Alice_5
usemtl wear
v 5.294922 104.5564 -7.244986
v 4.753906 102.2571 -6.74859
v 0 104.5659 -6.92465
v 0 102.3526 -6.504367
v -5.294922 104.5564 -7.244986
v -4.753906 102.2571 -6.74859
vn -0.1992188 -0.06054688 0.9785156
vn -0.1953125 -0.05859375 0.9785156
vn -0.1894531 0 0.9824219
vn -0.1875 0 0.9824219
vn -0.1992188 0.06054688 0.9785156
vn -0.1953125 0.05859375 0.9785156
vt 0.7714844 -0.5634766
vt 0.7089844 -0.5761719
vt 0.7714844 -0.6767578
vt 0.7089844 -0.6767578
vt 0.7714844 -0.5634766
vt 0.7089844 -0.5761719
f 1156/1156/1156 1157/1157/1157 1158/1158/1158
f 1157/1157/1157 1159/1159/1159 1158/1158/1158
f 1158/1158/1158 1159/1159/1159 1160/1160/1160
f 1159/1159/1159 1161/1161/1161 1160/1160/1160
v 8.617188 82.25182 -0.3081007
v 9.933594 77.004 -0.4953971
v 0 81.37742 -6.677043
v 0 75.4684 -7.266586
v -8.617188 82.25182 -0.3081007
v -9.933594 77.004 -0.4953971
vn 0.1875 0.8984375 0.3984375
vn 0.1992188 0.9453125 0.2558594
vn 0.01367188 0 0.9980469
vn -0.3671875 0 0.9296875
vn 0.1875 -0.8984375 0.3984375
vn 0.1992188 -0.9453125 0.2558594
vt 0.875 -0.171875
vt 0.8603516 -0.2490234
vt 0.9394531 -0.1728516
vt 0.9404297 -0.2382813
vt 0.875 -0.171875
vt 0.8603516 -0.2490234
f 1162/1162/1162 1163/1163/1163 1164/1164/1164
f 1163/1163/1163 1165/1165/1165 1164/1164/1164
f 1164/1164/1164 1165/1165/1165 1166/1166/1166
f 1165/1165/1165 1167/1167/1167 1166/1166/1166
v 2.792969 115.551 -1.434577
v 3.449219 115.0821 -1.524107
v 0 116.3586 -4.100195
v 0 115.8498 -4.446977
v -2.792969 115.551 -1.434577
v -3.449219 115.0821 -1.524107
vn 0.8320313 0.5527344 0.01171875
vn 0.7636719 0.4296875 -0.4824219
vn 0.4355469 0 0.9003906
vn 0.5683594 0 0.8222656
vn 0.8320313 -0.5527344 0.01171875
vn 0.7636719 -0.4296875 -0.4824219
vt 0.9707031 -0.7216797
vt 0.9990234 -0.7216797
vt 0.9707031 -0.5742188
vt 0.9990234 -0.5742188
vt 0.9707031 -0.7216797
vt 0.9990234 -0.7216797
f 1168/1168/1168 1169/1169/1169 1170/1170/1170
f 1169/1169/1169 1171/1171/1171 1170/1170/1170
f 1170/1170/1170 1171/1171/1171 1172/1172/1172
f 1171/1171/1171 1173/1173/1173 1172/1172/1172
v 8.659328 20.27321 -6.904096
v 10.89596 9.574486 -5.535428
v 6.69125 20.06858 -1.231304
v 7.178027 15.56431 -1.71428
v 10.63072 19.9251 4.060194
v 10.89608 15.41946 3.486405
vn 0.1621094 0.5546875 0.8164063
vn 0.1484375 0.05273438 0.9882813
vn 0.03710938 0.9863281 -0.1582031
vn 0.1210938 0.9863281 0.1132813
vn 0.0859375 0.03515625 -0.9960938
vn 0.1171875 -0.015625 -0.9921875
vt 0.6494141 -0.005859375
vt 0.6630859 -0.1230469
vt 0.5986328 -0.005859375
vt 0.5986328 -0.05273438
vt 0.5341797 -0.006835938
vt 0.5341797 -0.05175781
f 1174/1174/1174 1175/1175/1175 1176/1176/1176
f 1175/1175/1175 1177/1177/1177 1176/1176/1176
f 1176/1176/1176 1177/1177/1177 1178/1178/1178
f 1177/1177/1177 1179/1179/1179 1178/1178/1178
v 10.89596 9.574486 -5.535428
v 11.95954 20.37837 -6.857968
v 14.72679 15.67796 -2.111567
v 14.90192 20.18344 -1.629938
v 10.89608 15.41946 3.486405
v 10.63072 19.9251 4.060194
vn 0.1484375 0.05273438 0.9882813
vn 0.1816406 -0.4746094 0.8613281
vn 0.2011719 -0.9550781 0.21875
vn 0.1035156 -0.9921875 -0.078125
vn 0.1171875 -0.015625 -0.9921875
vn 0.0859375 0.03515625 -0.9960938
vt 0.640625 -0.1230469
vt 0.6494141 -0.005859375
vt 0.5996094 -0.05273438
vt 0.5996094 -0.005859375
vt 0.5175781 -0.05273438
vt 0.5175781 -0.005859375
f 1180/1180/1180 1181/1181/1181 1182/1182/1182
f 1181/1181/1181 1183/1183/1183 1182/1182/1182
f 1182/1182/1182 1183/1183/1183 1184/1184/1184
f 1183/1183/1183 1185/1185/1185 1184/1184/1184
v 13.80664 34.98496 -21.94627
v 3.679688 34.03513 -24.36886
v 9.853516 61.76143 -15.3331
v 0 61.20209 -17.97993
v 7.835938 82.03588 -8.799554
v 0 81.6517 -9.908847
vn -0.08007813 0.4414063 -0.8945313
vn -0.005859375 0.203125 -0.9785156
vn -0.08984375 0.5 -0.8613281
vn -0.0703125 0 -0.9980469
vn -0.1328125 0.4628906 -0.8769531
vn -0.08789063 0 -0.9960938
vt 0.4873047 -0.9970703
vt 0.5507813 -0.9970703
vt 0.4697266 -0.6904297
vt 0.5507813 -0.6904297
vt 0.4570313 -0.4628906
vt 0.5507813 -0.4628906
f 1186/1186/1186 1187/1187/1187 1188/1188/1188
f 1187/1187/1187 1189/1189/1189 1188/1188/1188
f 1188/1188/1188 1189/1189/1189 1190/1190/1190
f 1189/1189/1189 1191/1191/1191 1190/1190/1190
v -10.89596 9.590613 -5.534033
v -8.659328 20.28671 -6.902929
v -7.178027 15.5789 -1.713019
v -6.69125 20.08207 -1.230137
v -10.89608 15.43414 3.487674
v -10.63072 19.93868 4.061367
vn 0.1484375 -0.05273438 0.9882813
vn 0.1621094 -0.5546875 0.8164063
vn 0.1210938 -0.9863281 0.1132813
vn 0.03710938 -0.9863281 -0.1582031
vn 0.1171875 0.015625 -0.9921875
vn 0.0859375 -0.03515625 -0.9960938
vt 0.6630859 -0.1230469
vt 0.6494141 -0.005859375
vt 0.5986328 -0.05273438
vt 0.5986328 -0.005859375
vt 0.5341797 -0.05175781
vt 0.5341797 -0.006835938
f 1192/1192/1192 1193/1193/1193 1194/1194/1194
f 1193/1193/1193 1195/1195/1195 1194/1194/1194
f 1194/1194/1194 1195/1195/1195 1196/1196/1196
f 1195/1195/1195 1197/1197/1197 1196/1196/1196
v -11.95954 20.3919 -6.856798
v -10.89596 9.590613 -5.534033
v -14.90192 20.19705 -1.628761
v -14.72679 15.69266 -2.110296
v -10.63072 19.93868 4.061367
v -10.89608 15.43414 3.487674
vn 0.1816406 0.4746094 0.8613281
vn 0.1484375 -0.05273438 0.9882813
vn 0.1035156 0.9921875 -0.078125
vn 0.2011719 0.9550781 0.21875
vn 0.0859375 -0.03515625 -0.9960938
vn 0.1171875 0.015625 -0.9921875
vt 0.6494141 -0.005859375
vt 0.640625 -0.1230469
vt 0.5986328 -0.005859375
vt 0.5986328 -0.05273438
vt 0.5175781 -0.005859375
vt 0.5175781 -0.05273438
f 1198/1198/1198 1199/1199/1199 1200/1200/1200
f 1199/1199/1199 1201/1201/1201 1200/1200/1200
f 1200/1200/1200 1201/1201/1201 1202/1202/1202
f 1201/1201/1201 1203/1203/1203 1202/1202/1202
v 9.148438 104.5725 -5.203849
v 9.052734 105.3188 2.580319
v 8.873047 102.3214 -3.930032
v 8.789063 103.2821 1.828792
vn -0.109375 0.9941406 -0.0234375
vn -0.1328125 0.9902344 -0.03320313
vn -0.1132813 0.9941406 -0.02539063
vn -0.1425781 0.9882813 -0.0390625
vt 0.953125 -0.4677734
vt 0.7363281 -0.4677734
vt 0.90625 -0.5175781
vt 0.7695313 -0.5097656
f 1204/1204/1204 1205/1205/1205 1206/1206/1206
f 1205/1205/1205 1207/1207/1207 1206/1206/1206
v 6.626953 93.63699 2.933142
v 7.828125 93.81632 -1.922458
v 8.789063 103.2821 1.828792
v 8.873047 102.3214 -3.930032
vn 0.0546875 0.8046875 -0.5917969
vn 0.1601563 0.9003906 0.40625
vn -0.1855469 0.9355469 -0.2988281
vn -0.3105469 0.7695313 0.5585938
vt 0.1894531 -0.3007813
vt 0.3818359 -0.3007813
vt 0.2109375 -0.1982422
vt 0.3652344 -0.1992188
f 1208/1208/1208 1209/1209/1209 1210/1210/1210
f 1209/1209/1209 1211/1211/1211 1210/1210/1210
v 12.16961 63.29709 0.2505743
v 9.409559 63.19424 -5.352466
v 9.933594 77.004 -0.4953971
v 2 74.02875 -6.579453
vn -0.02734375 -0.9882813 -0.15625
vn -0.05859375 -0.5917969 0.8046875
vn 0.1992188 0.9453125 0.2558594
vn -0.2148438 -0.1113281 0.9707031
vt 0.8027344 -0.4404297
vt 0.8603516 -0.4404297
vt 0.8603516 -0.2490234
vt 0.9169922 -0.2646484
f 1212/1212/1212 1213/1213/1213 1214/1214/1214
f 1213/1213/1213 1215/1215/1215 1214/1214/1214
v 0 73.84087 -0.01027679
v 0.390625 72.102 -0.9409781
v 1.989556 74.6379 6.267684
v 2.158483 61.75642 -0.5840117
v 6.962486 62.27117 5.470407
vn -0.9492188 0 -0.3164063
vn -0.1738281 -0.984375 0.046875
vn 0.2871094 0.2539063 -0.9238281
vn 0.1796875 0.9765625 -0.1191406
vn 0.2050781 0.009765625 -0.9785156
vt 0.6191406 -0.28125
vt 0.6191406 -0.2890625
vt 0.6777344 -0.2519531
vt 0.6191406 -0.4404297
vt 0.7158203 -0.4404297
f 1216/1216/1216 1217/1217/1217 1218/1218/1218
f 1217/1217/1217 1219/1219/1219 1218/1218/1218
f 1218/1218/1218 1219/1219/1219 1220/1220/1220
v 0.390625 72.102 -0.9409781
v 0 73.84087 -0.01027679
v 2 74.02875 -6.579453
v 0 75.4684 -7.266586
v 9.933594 77.004 -0.4953971
vn -0.1738281 -0.984375 0.046875
vn -0.9492188 0 -0.3164063
vn -0.2148438 -0.1113281 0.9707031
vn -0.3671875 0 0.9296875
vn 0.1992188 0.9453125 0.2558594
vt 0.9726563 -0.2890625
vt 0.9775391 -0.2695313
vt 0.9169922 -0.2646484
vt 0.9404297 -0.2382813
vt 0.8603516 -0.2490234
f 1221/1221/1221 1222/1222/1222 1223/1223/1223
f 1222/1222/1222 1224/1224/1224 1223/1223/1223
f 1223/1223/1223 1224/1224/1224 1225/1225/1225
v 1.989556 74.6379 6.267684
v 0 74.91982 6.509676
v 0 73.84087 -0.01027679
v -1.989556 74.63804 6.267696
vn 0.2871094 0.2539063 -0.9238281
vn -0.5097656 0 -0.859375
vn -0.9492188 0 -0.3164063
vn 0.2871094 -0.2539063 -0.9238281
vt 0.6777344 -0.25
vt 0.6611328 -0.2451172
vt 0.6269531 -0.2675781
vt 0.6777344 -0.25
f 1226/1226/1226 1227/1227/1227 1228/1228/1228
f 1227/1227/1227 1229/1229/1229 1228/1228/1228
v 0 101.3309 7.036633
v 2.716797 105.0285 6.910419
v 0 106.686 5.350997
v 6.048828 106.9599 4.757415
v 1.996094 112.7498 1.310282
vn 0.3007813 0 -0.953125
vn 0.5410156 -0.1464844 -0.828125
vn 0.5273438 0 -0.8496094
vn 0.6074219 0.05078125 -0.7929688
vn 0.6328125 0.08007813 -0.7695313
vt 0.6962891 -0.9912109
vt 0.75 -0.9345703
vt 0.6962891 -0.8710938
vt 0.8251953 -0.8505859
vt 0.7333984 -0.7285156
f 1230/1230/1230 1231/1231/1231 1232/1232/1232
f 1231/1231/1231 1233/1233/1233 1232/1232/1232
f 1232/1232/1232 1233/1233/1233 1234/1234/1234
v 9.052734 105.3188 2.580319
v 6.048828 106.9599 4.757415
v 6.007813 103.1469 7.827064
v 2.716797 105.0285 6.910419
v 0 101.3309 7.036633
vn 0.01367188 0.7753906 -0.6308594
vn 0.4394531 0.4980469 -0.7480469
vn 0.1152344 0.4550781 -0.8828125
vn 0.375 -0.04296875 -0.9257813
vn -0.0390625 0 -1
vt 0.1806641 -0.1484375
vt 0.09570313 -0.1298828
vt 0.1455078 -0.2060547
vt 0.04199219 -0.1591797
vt 0.0078125 -0.1884766
f 1235/1235/1235 1236/1236/1236 1237/1237/1237
f 1236/1236/1236 1238/1238/1238 1237/1237/1237
f 1237/1237/1237 1238/1238/1238 1239/1239/1239
v 9.835798 112.8292 -4.063061
v 9.714603 108.872 -5.854047
v 7.01083 112.9675 -4.465623
v 5.294922 104.5564 -7.244986
vn 0.01953125 0.7734375 -0.6328125
vn 0.1074219 0.2382813 -0.9648438
vn -0.01171875 0.71875 -0.6953125
vn -0.15625 0.3808594 0.9121094
vt 0.328125 -0.05175781
vt 0.3261719 -0.1103516
vt 0.4082031 -0.1083984
vt 0.4082031 -0.1738281
f 1240/1240/1240 1241/1241/1241 1242/1242/1242
f 1241/1241/1241 1243/1243/1243 1242/1242/1242
v 11.02702 4.575481 -6.323919
v 8.586496 4.042643 -2.184112
v 10.89596 9.574486 -5.535428
v 8.363579 9.127778 -1.196758
vn 0.03125 -0.03710938 0.9980469
vn 0.03320313 0.9199219 0.3925781
vn 0.1484375 0.05273438 0.9882813
vn -0.09375 0.9960938 0.01757813
vt 0.9912109 -0.09960938
vt 0.9267578 -0.1054688
vt 0.9746094 -0.046875
vt 0.9150391 -0.04785156
f 1244/1244/1244 1245/1245/1245 1246/1246/1246
f 1245/1245/1245 1247/1247/1247 1246/1246/1246
v 11.65733 1.293417 12.86607
v 15.50749 0.01129862 7.456117
v 11.53387 3.988037 8.571598
v 11.12881 9.434223 2.150089
vn 0.9101563 0.00390625 -0.4140625
vn 0.3378906 -0.8320313 -0.4394531
vn 0.6054688 -0.01367188 -0.796875
vn -0.4433594 -0.0859375 -0.8925781
vt 0.7197266 -0.1464844
vt 0.8056641 -0.1542969
vt 0.7763672 -0.08203125
vt 0.8320313 -0.02050781
f 1248/1248/1248 1249/1249/1249 1250/1250/1250
f 1249/1249/1249 1251/1251/1251 1250/1250/1250
v 11.66285 0.01924336 12.79217
v 7.401409 0.0231675 7.843703
v 15.50749 0.01129862 7.456117
v 8.201117 0.2770684 2.613804
v 14.72054 0.266757 2.244044
v 8.586496 4.042643 -2.184112
v 13.70993 4.031121 -2.106313
vn -0.005859375 0.001953125 0.9980469
vn -0.03515625 0.001953125 0.9980469
vn -0.03515625 0.001953125 0.9980469
vn 0.9414063 0.005859375 0.3359375
vn 0.9355469 -0.00390625 0.3515625
vn 0.9765625 0.03125 -0.2109375
vn 0.9921875 0.009765625 -0.125
vt 0.6582031 -0.4824219
vt 0.6699219 -0.5078125
vt 0.6416016 -0.5068359
vt 0.671875 -0.5615234
vt 0.6416016 -0.5634766
vt 0.6699219 -0.5703125
vt 0.6435547 -0.5693359
f 1252/1252/1252 1253/1253/1253 1254/1254/1254
f 1253/1253/1253 1255/1255/1255 1254/1254/1254
f 1254/1254/1254 1255/1255/1255 1256/1256/1256
f 1255/1255/1255 1257/1257/1257 1256/1256/1256
f 1256/1256/1256 1257/1257/1257 1258/1258/1258
v 9.514581 0.02930146 -2.345398
v 8.586496 4.042643 -2.184112
v 10.96243 0.02436135 -4.977357
v 11.02702 4.575481 -6.323919
v 13.70993 4.031121 -2.106313
v 10.89596 9.574486 -5.535428
v 13.67524 9.366904 -1.910043
vn 0.1738281 0.8398438 0.5136719
vn 0.03320313 0.9199219 0.3925781
vn 0.2714844 0.0078125 0.9628906
vn 0.03125 -0.03710938 0.9980469
vn 0.01367188 -0.9238281 0.3828125
vn 0.1484375 0.05273438 0.9882813
vn 0.05664063 -0.9882813 0.1425781
vt 0.9306641 -0.1542969
vt 0.9267578 -0.1054688
vt 0.9794922 -0.1542969
vt 0.9912109 -0.09960938
vt 0.9648438 -0.09960938
vt 0.9746094 -0.046875
vt 0.9150391 -0.04785156
f 1259/1259/1259 1260/1260/1260 1261/1261/1261
f 1260/1260/1260 1262/1262/1262 1261/1261/1261
f 1261/1261/1261 1262/1262/1262 1263/1263/1263
f 1262/1262/1262 1264/1264/1264 1263/1263/1263
f 1263/1263/1263 1264/1264/1264 1265/1265/1265
v 8.586496 4.042643 -2.184112
v 8.201117 0.2770684 2.613804
v 8.363579 9.127778 -1.196758
v 7.401409 0.0231675 7.843703
v 11.12881 9.434223 2.150089
v 11.53387 3.988037 8.571598
vn 0.03320313 0.9199219 0.3925781
vn 0.04101563 0.9824219 0.1855469
vn -0.09375 0.9960938 0.01757813
vn 0.3222656 0.8457031 -0.4238281
vn -0.4433594 -0.0859375 -0.8925781
vn 0.6054688 -0.01367188 -0.796875
vt 0.9267578 -0.1054688
vt 0.8740234 -0.1513672
vt 0.9150391 -0.04785156
vt 0.8056641 -0.1542969
vt 0.8320313 -0.02050781
vt 0.7753906 -0.08300781
f 1266/1266/1266 1267/1267/1267 1268/1268/1268
f 1267/1267/1267 1269/1269/1269 1268/1268/1268
f 1268/1268/1268 1269/1269/1269 1270/1270/1270
f 1269/1269/1269 1271/1271/1271 1270/1270/1270
v 10.96822 13.91653 3.258042
v 14.58186 14.55245 -1.65133
v 7.373024 14.40069 -1.177134
v 7.178027 15.56431 -1.71428
vn -0.9941406 -0.0625 -0.08007813
vn -0.6914063 -0.07617188 -0.71875
vn -0.7382813 -0.08398438 -0.6699219
vn 0.2558594 -0.0390625 -0.9648438
vt 0.2519531 -0.08300781
vt 0.2822266 -0.05566406
vt 0.2207031 -0.05566406
vt 0.2207031 -0.04785156
f 1272/1272/1272 1273/1273/1273 1274/1274/1274
f 1273/1273/1273 1275/1275/1275 1274/1274/1274
v 10.63072 19.9251 4.060194
v 14.90192 20.18344 -1.629938
v 10.52377 16.05822 -2.327312
v 11.95954 20.37837 -6.857968
v 8.659328 20.27321 -6.904096
vn -0.8320313 -0.05273438 0.5507813
vn -0.7773438 0.6269531 0.0546875
vn -0.9960938 -0.0859375 -0.009765625
vn -0.7792969 0.2695313 -0.5644531
vn -0.7539063 -0.375 -0.5390625
vt 0.2519531 -0.08300781
vt 0.2822266 -0.05175781
vt 0.2519531 -0.05175781
vt 0.2666016 -0.02050781
vt 0.2373047 -0.02050781
f 1276/1276/1276 1277/1277/1277 1278/1278/1278
f 1277/1277/1277 1279/1279/1279 1278/1278/1278
f 1278/1278/1278 1279/1279/1279 1280/1280/1280
v 8.659328 20.27321 -6.904096
v 6.69125 20.06858 -1.231304
v 10.52377 16.05822 -2.327312
v 10.63072 19.9251 4.060194
vn -0.7539063 -0.375 -0.5390625
vn -0.6425781 -0.7578125 0.1210938
vn -0.9960938 -0.0859375 -0.009765625
vn -0.8320313 -0.05273438 0.5507813
vt 0.2373047 -0.02050781
vt 0.2207031 -0.05175781
vt 0.2519531 -0.05175781
vt 0.2519531 -0.08300781
f 1281/1281/1281 1282/1282/1282 1283/1283/1283
f 1282/1282/1282 1284/1284/1284 1283/1283/1283
v 8.617188 82.25182 -0.3081007
v 6.970703 80.25434 5.694797
v 9.933594 77.004 -0.4953971
v 6.391746 75.50108 6.251915
v 12.16961 63.29709 0.2505743
v 6.962486 62.27117 5.470407
vn 0.1875 0.8984375 0.3984375
vn 0.125 0.6640625 -0.7382813
vn 0.1992188 0.9453125 0.2558594
vn -0.02929688 -0.4570313 -0.8886719
vn -0.02734375 -0.9882813 -0.15625
vn 0.2050781 0.009765625 -0.9785156
vt 0.875 -0.171875
vt 0.7207031 -0.1826172
vt 0.8603516 -0.2490234
vt 0.7470703 -0.2568359
vt 0.8027344 -0.4404297
vt 0.7158203 -0.4404297
f 1285/1285/1285 1286/1286/1286 1287/1287/1287
f 1286/1286/1286 1288/1288/1288 1287/1287/1287
f 1287/1287/1287 1288/1288/1288 1289/1289/1289
f 1288/1288/1288 1290/1290/1290 1289/1289/1289
v 10.89608 15.41946 3.486405
v 7.178027 15.56431 -1.71428
v 14.72679 15.67796 -2.111567
v 14.58186 14.55245 -1.65133
vn 0.9980469 0.0625 -0.001953125
vn 0.2558594 -0.0390625 -0.9648438
vn 0.2539063 -0.03125 -0.9667969
vn -0.6914063 -0.07617188 -0.71875
vt 0.2519531 -0.02050781
vt 0.2207031 -0.04785156
vt 0.2822266 -0.04785156
vt 0.2822266 -0.05566406
f 1291/1291/1291 1292/1292/1292 1293/1293/1293
f 1292/1292/1292 1294/1294/1294 1293/1293/1293
v 6.391746 75.50108 6.251915
v 6.970703 80.25434 5.694797
v 1.989556 74.6379 6.267684
v 0 79.44367 6.45398
v 0 74.91982 6.509676
vn -0.02929688 -0.4570313 -0.8886719
vn 0.125 0.6640625 -0.7382813
vn 0.2871094 0.2539063 -0.9238281
vn 0.09375 0 -0.9960938
vn -0.5097656 0 -0.859375
vt 0.7470703 -0.2568359
vt 0.7207031 -0.1826172
vt 0.6777344 -0.25
vt 0.6806641 -0.1884766
vt 0.6611328 -0.2451172
f 1295/1295/1295 1296/1296/1296 1297/1297/1297
f 1296/1296/1296 1298/1298/1298 1297/1297/1297
f 1297/1297/1297 1298/1298/1298 1299/1299/1299
v 9.703463 112.8419 0.421225
v 6.848408 112.4322 0.7178685
v 9.648267 109.2541 2.011044
v 6.048828 106.9599 4.757415
v 9.052734 105.3188 2.580319
vn -0.15625 0.7675781 0.6210938
vn -0.02148438 0.7109375 0.703125
vn 0.2617188 0.4296875 0.8632813
vn 0.4394531 0.4980469 -0.7480469
vn 0.01367188 0.7753906 -0.6308594
vt 0.1738281 -0.04492188
vt 0.09375 -0.04980469
vt 0.1738281 -0.08203125
vt 0.09179688 -0.1298828
vt 0.1748047 -0.1328125
f 1300/1300/1300 1301/1301/1301 1302/1302/1302
f 1301/1301/1301 1303/1303/1303 1302/1302/1302
f 1302/1302/1302 1303/1303/1303 1304/1304/1304
v 1.996094 112.7498 1.310282
v 0 112.7772 1.345672
v 0 106.686 5.350997
v -1.996094 112.7498 1.310282
v -6.048828 106.9599 4.757415
vn 0.6328125 0.08007813 -0.7695313
vn 0.6132813 0 -0.7910156
vn 0.5273438 0 -0.8496094
vn 0.6328125 -0.08007813 -0.7695313
vn 0.6074219 -0.05078125 -0.7929688
vt 0.7333984 -0.7285156
vt 0.6962891 -0.7285156
vt 0.6962891 -0.8710938
vt 0.7333984 -0.7285156
vt 0.8251953 -0.8505859
f 1305/1305/1305 1306/1306/1306 1307/1307/1307
f 1306/1306/1306 1308/1308/1308 1307/1307/1307
f 1307/1307/1307 1308/1308/1308 1309/1309/1309
v 6.970703 80.25434 5.694797
v 1.882813 93.40822 5.94095
v 0 79.44367 6.45398
v 0 93.35741 5.979977
v -1.882813 93.40822 5.94095
v 0 99.69817 6.853792
vn 0.1074219 0.1054688 -0.9882813
vn -0.03710938 0.03515625 -0.9980469
vn 0.109375 0 -0.9941406
vn -0.04882813 0 -0.9980469
vn -0.03710938 -0.03515625 -0.9980469
vn -0.1367188 0 -0.9902344
vt 0.9990234 -0.9941406
vt 0.9033203 -0.6865234
vt 0.8515625 -0.9941406
vt 0.8505859 -0.6865234
vt 0.9033203 -0.6865234
vt 0.8505859 -0.5439453
f 1310/1310/1310 1311/1311/1311 1312/1312/1312
f 1311/1311/1311 1313/1313/1313 1312/1312/1312
f 1312/1312/1312 1313/1313/1313 1314/1314/1314
f 1313/1313/1313 1315/1315/1315 1314/1314/1314
v 8.873047 102.3214 -3.930032
v 7.828125 93.81632 -1.922458
v 4.753906 102.2571 -6.74859
v 0 93.94981 -5.514351
v 0 102.3526 -6.504367
v -4.753906 102.2571 -6.74859
vn -0.3105469 0.7695313 0.5585938
vn 0.1601563 0.9003906 0.40625
vn -0.2832031 0.359375 0.8886719
vn 0.0859375 0 0.9960938
vn -0.1171875 0 0.9921875
vn -0.2832031 -0.359375 0.8886719
vt 0.3652344 -0.1992188
vt 0.3818359 -0.3007813
vt 0.4707031 -0.1962891
vt 0.5966797 -0.3007813
vt 0.5966797 -0.1962891
vt 0.4707031 -0.1962891
f 1316/1316/1316 1317/1317/1317 1318/1318/1318
f 1317/1317/1317 1319/1319/1319 1318/1318/1318
f 1318/1318/1318 1319/1319/1319 1320/1320/1320
f 1319/1319/1319 1321/1321/1321 1320/1320/1320
v 1.882813 93.40822 5.94095
v 6.626953 93.63699 2.933142
v 6.007813 103.1469 7.827064
v 8.789063 103.2821 1.828792
v 9.052734 105.3188 2.580319
vn -0.06054688 0.4238281 -0.9042969
vn 0.0546875 0.8046875 -0.5917969
vn 0.1152344 0.4550781 -0.8828125
vn -0.1855469 0.9355469 -0.2988281
vn 0.01367188 0.7753906 -0.6308594
vt 0.009765625 -0.3007813
vt 0.1894531 -0.3007813
vt 0.1455078 -0.2060547
vt 0.2109375 -0.1982422
vt 0.1806641 -0.1484375
f 1322/1322/1322 1323/1323/1323 1324/1324/1324
f 1323/1323/1323 1325/1325/1325 1324/1324/1324
f 1324/1324/1324 1325/1325/1325 1326/1326/1326
v 11.12881 9.434223 2.150089
v 15.50749 0.01129862 7.456117
v 13.67524 9.366904 -1.910043
v 14.72054 0.266757 2.244044
v 13.70993 4.031121 -2.106313
vn -0.4433594 -0.0859375 -0.8925781
vn 0.3378906 -0.8320313 -0.4394531
vn 0.05664063 -0.9882813 0.1425781
vn -0.04296875 -0.9921875 0.1152344
vn 0.01367188 -0.9238281 0.3828125
vt 0.8320313 -0.02050781
vt 0.8056641 -0.1542969
vt 0.9150391 -0.04785156
vt 0.8740234 -0.1513672
vt 0.9648438 -0.09960938
f 1327/1327/1327 1328/1328/1328 1329/1329/1329
f 1328/1328/1328 1330/1330/1330 1329/1329/1329
f 1329/1329/1329 1330/1330/1330 1331/1331/1331
v 6.007813 103.1469 7.827064
v 0 101.3309 7.036633
v 0 99.69817 6.853792
v -6.007813 103.1469 7.827064
vn 0.1152344 0.4550781 -0.8828125
vn -0.0390625 0 -1
vn -0.1425781 0 -0.9902344
vn 0.1152344 -0.4550781 -0.8828125
vt 0.1455078 -0.2060547
vt 0.0078125 -0.1884766
vt 0.0078125 -0.2275391
vt 0.1455078 -0.2060547
f 1332/1332/1332 1333/1333/1333 1334/1334/1334
f 1333/1333/1333 1335/1335/1335 1334/1334/1334
v 1.882813 93.40822 5.94095
v 6.281038 80.25448 7.728149
v 6.626953 93.63699 2.933142
v 14.11636 82.55531 -0.844235
v 7.828125 93.81632 -1.922458
v 7.835938 82.03588 -8.799554
v 0 93.94981 -5.514351
v 0 81.6517 -9.908847
v -7.835938 82.03588 -8.799554
vn -0.06054688 0.4238281 -0.9042969
vn -0.0078125 0.7226563 -0.6914063
vn 0.0546875 0.8046875 -0.5917969
vn -0.03515625 0.09960938 -0.9941406
vn 0.1601563 0.9003906 0.40625
vn -0.1328125 0.4628906 -0.8769531
vn 0.0859375 0 0.9960938
vn -0.08789063 0 -0.9960938
vn -0.1328125 -0.4628906 -0.8769531
vt 0.004882813 -0.3007813
vt 0.004882813 -0.4472656
vt 0.1894531 -0.3007813
vt 0.328125 -0.4472656
vt 0.3818359 -0.3007813
vt 0.4580078 -0.4472656
vt 0.5966797 -0.3007813
vt 0.5966797 -0.4472656
vt 0.4580078 -0.4472656
f 1336/1336/1336 1337/1337/1337 1338/1338/1338
f 1337/1337/1337 1339/1339/1339 1338/1338/1338
f 1338/1338/1338 1339/1339/1339 1340/1340/1340
f 1339/1339/1339 1341/1341/1341 1340/1340/1340
f 1340/1340/1340 1341/1341/1341 1342/1342/1342
f 1341/1341/1341 1343/1343/1343 1342/1342/1342
f 1342/1342/1342 1343/1343/1343 1344/1344/1344
v 13.80664 34.98496 -21.94627
v 9.853516 61.76143 -15.3331
v 20.71879 62.80495 -1.592206
v 7.835938 82.03588 -8.799554
v 14.11636 82.55531 -0.844235
vn -0.08007813 0.4414063 -0.8945313
vn -0.08984375 0.5 -0.8613281
vn -0.0625 0.03320313 -0.9980469
vn -0.1328125 0.4628906 -0.8769531
vn -0.03515625 0.09960938 -0.9941406
vt 0.4873047 -0.9970703
vt 0.4697266 -0.6904297
vt 0.3564453 -0.6904297
vt 0.4570313 -0.4628906
vt 0.3642578 -0.4628906
f 1345/1345/1345 1346/1346/1346 1347/1347/1347
f 1346/1346/1346 1348/1348/1348 1347/1347/1347
f 1347/1347/1347 1348/1348/1348 1349/1349/1349
v 13.80664 34.98496 -21.94627
v 20.71879 62.80495 -1.592206
v 34.02859 36.94681 -3.478272
v 21.12131 32.20307 14.8932
vn -0.08007813 0.4414063 -0.8945313
vn -0.0625 0.03320313 -0.9980469
vn -0.1484375 0.01171875 -0.9882813
vn -0.0703125 0.6328125 -0.7714844
vt 0.4873047 -0.9970703
vt 0.3564453 -0.6904297
vt 0.359375 -0.9970703
vt 0.1347656 -0.9970703
f 1350/1350/1350 1351/1351/1351 1352/1352/1352
f 1351/1351/1351 1353/1353/1353 1352/1352/1352
v 14.11636 82.55531 -0.844235
v 6.281038 80.25448 7.728149
v 20.71879 62.80495 -1.592206
v 12.10878 61.6587 10.20808
v 21.12131 32.20307 14.8932
vn -0.03515625 0.09960938 -0.9941406
vn -0.0078125 0.7226563 -0.6914063
vn -0.0625 0.03320313 -0.9980469
vn -0.0546875 0.6191406 -0.7832031
vn -0.0703125 0.6328125 -0.7714844
vt 0.3642578 -0.4628906
vt 0.1347656 -0.4628906
vt 0.3564453 -0.6904297
vt 0.1347656 -0.6904297
vt 0.1347656 -0.9970703
f 1354/1354/1354 1355/1355/1355 1356/1356/1356
f 1355/1355/1355 1357/1357/1357 1356/1356/1356
f 1356/1356/1356 1357/1357/1357 1358/1358/1358
v -9.148438 104.5725 -5.203849
v -8.873047 102.3214 -3.930032
v -9.052734 105.3188 2.580319
v -8.789063 103.2821 1.828792
vn -0.109375 -0.9941406 -0.0234375
vn -0.1132813 -0.9941406 -0.02539063
vn -0.1328125 -0.9902344 -0.03320313
vn -0.1425781 -0.9882813 -0.0390625
vt 0.953125 -0.4677734
vt 0.90625 -0.5175781
vt 0.7363281 -0.4677734
vt 0.7695313 -0.5097656
f 1359/1359/1359 1360/1360/1360 1361/1361/1361
f 1360/1360/1360 1362/1362/1362 1361/1361/1361
v -4.753906 102.2571 -6.74859
v 0 93.94981 -5.514351
v -7.828125 93.81632 -1.922458
v -7.835938 82.03588 -8.799554
v -14.11636 82.55534 -0.8444782
vn -0.2832031 -0.359375 0.8886719
vn 0.0859375 0 0.9960938
vn 0.1601563 -0.9003906 0.40625
vn -0.1328125 -0.4628906 -0.8769531
vn -0.03515625 0.09960938 0.9941406
vt 0.4707031 -0.1962891
vt 0.5966797 -0.3007813
vt 0.3818359 -0.3007813
vt 0.4580078 -0.4472656
vt 0.328125 -0.4472656
f 1363/1363/1363 1364/1364/1364 1365/1365/1365
f 1364/1364/1364 1366/1366/1366 1365/1365/1365
f 1365/1365/1365 1366/1366/1366 1367/1367/1367
v -8.789063 103.2821 1.828792
v -7.828125 93.81632 -1.922458
v -6.626953 93.63699 2.933142
v -14.11636 82.55534 -0.8444782
vn -0.1855469 -0.9355469 -0.2988281
vn 0.1601563 -0.9003906 0.40625
vn 0.0546875 -0.8046875 -0.5917969
vn -0.03515625 0.09960938 0.9941406
vt 0.2109375 -0.1982422
vt 0.3818359 -0.3007813
vt 0.1894531 -0.3007813
vt 0.328125 -0.4472656
f 1368/1368/1368 1369/1369/1369 1370/1370/1370
f 1369/1369/1369 1371/1371/1371 1370/1370/1370
v 0 74.91982 6.509676
v 0 79.44367 6.45398
v -1.989556 74.63804 6.267696
v -6.970703 80.25434 5.694797
vn -0.5097656 0 -0.859375
vn 0.09375 0 -0.9960938
vn 0.2871094 -0.2539063 -0.9238281
vn 0.125 -0.6640625 -0.7382813
vt 0.6328125 -0.2451172
vt 0.6308594 -0.1894531
vt 0.6591797 -0.2451172
vt 0.7197266 -0.1826172
f 1372/1372/1372 1373/1373/1373 1374/1374/1374
f 1373/1373/1373 1375/1375/1375 1374/1374/1374
v 0 73.84087 -0.01027679
v -1.989556 74.63804 6.267696
v -0.390625 72.102 -0.9409781
v -2.158483 61.75971 -0.5837269
vn -0.9492188 0 -0.3164063
vn 0.2871094 -0.2539063 -0.9238281
vn -0.1738281 0.984375 0.046875
vn 0.1796875 -0.9765625 -0.1191406
vt 0.6191406 -0.28125
vt 0.6777344 -0.2519531
vt 0.6191406 -0.2890625
vt 0.6191406 -0.4404297
f 1376/1376/1376 1377/1377/1377 1378/1378/1378
f 1377/1377/1377 1379/1379/1379 1378/1378/1378
v -0.390625 72.102 -0.9409781
v -2 74.02875 -6.579453
v 0 73.84087 -0.01027679
v 0 75.4684 -7.266586
vn -0.1738281 0.984375 0.046875
vn -0.2148438 0.1113281 0.9707031
vn -0.9492188 0 -0.3164063
vn -0.3671875 0 0.9296875
vt 0.9726563 -0.2890625
vt 0.9169922 -0.2646484
vt 0.9775391 -0.2695313
vt 0.9404297 -0.2382813
f 1380/1380/1380 1381/1381/1381 1382/1382/1382
f 1381/1381/1381 1383/1383/1383 1382/1382/1382
v 0 75.4684 -7.266586
v -2 74.02875 -6.579453
v -9.933594 77.004 -0.4953971
v -9.409559 63.19734 -5.352198
v -12.16961 63.30019 0.2508423
vn -0.3671875 0 0.9296875
vn -0.2148438 0.1113281 0.9707031
vn 0.1992188 -0.9453125 0.2558594
vn -0.05859375 0.5917969 0.8046875
vn -0.02734375 0.9882813 -0.15625
vt 0.9404297 -0.2382813
vt 0.9169922 -0.2646484
vt 0.8603516 -0.2490234
vt 0.8603516 -0.4404297
vt 0.8027344 -0.4404297
f 1384/1384/1384 1385/1385/1385 1386/1386/1386
f 1385/1385/1385 1387/1387/1387 1386/1386/1386
f 1386/1386/1386 1387/1387/1387 1388/1388/1388
v 0 101.3309 7.036633
v -2.716797 105.0285 6.910419
v -6.007813 103.1469 7.827064
v -6.048828 106.9599 4.757415
v -9.052734 105.3188 2.580319
vn -0.0390625 0 -1
vn 0.375 0.04296875 -0.9257813
vn 0.1152344 -0.4550781 -0.8828125
vn 0.4394531 -0.4980469 -0.7480469
vn 0.01367188 -0.7753906 -0.6308594
vt 0.0078125 -0.1884766
vt 0.04199219 -0.1591797
vt 0.1455078 -0.2060547
vt 0.09570313 -0.1298828
vt 0.1806641 -0.1484375
f 1389/1389/1389 1390/1390/1390 1391/1391/1391
f 1390/1390/1390 1392/1392/1392 1391/1391/1391
f 1391/1391/1391 1392/1392/1392 1393/1393/1393
v 0 101.3309 7.036633
v 0 106.686 5.350997
v -2.716797 105.0285 6.910419
v -6.048828 106.9599 4.757415
vn 0.3007813 0 -0.953125
vn 0.5273438 0 -0.8496094
vn 0.5410156 0.1464844 -0.828125
vn 0.6074219 -0.05078125 -0.7929688
vt 0.6962891 -0.9912109
vt 0.6962891 -0.8710938
vt 0.75 -0.9345703
vt 0.8251953 -0.8505859
f 1394/1394/1394 1395/1395/1395 1396/1396/1396
f 1395/1395/1395 1397/1397/1397 1396/1396/1396
v -9.052734 105.3188 2.580319
v -8.789063 103.2821 1.828792
v -6.007813 103.1469 7.827064
v -6.626953 93.63699 2.933142
v -1.882813 93.40822 5.94095
vn 0.01367188 -0.7753906 -0.6308594
vn -0.1855469 -0.9355469 -0.2988281
vn 0.1152344 -0.4550781 -0.8828125
vn 0.0546875 -0.8046875 -0.5917969
vn -0.06054688 -0.4238281 -0.9042969
vt 0.1806641 -0.1484375
vt 0.2109375 -0.1982422
vt 0.1455078 -0.2060547
vt 0.1894531 -0.3007813
vt 0.009765625 -0.3007813
f 1398/1398/1398 1399/1399/1399 1400/1400/1400
f 1399/1399/1399 1401/1401/1401 1400/1400/1400
f 1400/1400/1400 1401/1401/1401 1402/1402/1402
v -9.835798 112.8292 -4.063061
v -7.01083 112.9675 -4.465623
v -9.714603 108.872 -5.854047
v -5.294922 104.5564 -7.244986
v -9.148438 104.5725 -5.203849
vn 0.01953125 -0.7734375 -0.6328125
vn -0.01171875 -0.71875 -0.6953125
vn 0.1074219 -0.2382813 -0.9648438
vn -0.15625 -0.3808594 0.9121094
vn -0.3125 -0.4804688 0.8203125
vt 0.328125 -0.05175781
vt 0.4082031 -0.1083984
vt 0.3261719 -0.1103516
vt 0.4082031 -0.1738281
vt 0.3232422 -0.1679688
f 1403/1403/1403 1404/1404/1404 1405/1405/1405
f 1404/1404/1404 1406/1406/1406 1405/1405/1405
f 1405/1405/1405 1406/1406/1406 1407/1407/1407
v -15.50749 0.0297785 7.457715
v -14.72054 0.2851812 2.245638
v -8.201117 0.2953682 2.615386
v -8.586496 4.060057 -2.182606
vn -0.03515625 -0.001953125 0.9980469
vn 0.9355469 0.00390625 0.3515625
vn 0.9414063 -0.005859375 0.3359375
vn 0.9765625 -0.03125 -0.2109375
vt 0.6416016 -0.5068359
vt 0.6416016 -0.5634766
vt 0.671875 -0.5615234
vt 0.6699219 -0.5703125
f 1408/1408/1408 1409/1409/1409 1410/1410/1410
f 1409/1409/1409 1411/1411/1411 1410/1410/1410
v -11.65733 1.311493 12.86763
v -11.53387 4.005475 8.573106
v -15.50749 0.0297785 7.457715
v -11.12881 9.450356 2.151484
v -13.67524 9.383117 -1.90864
vn 0.9101563 -0.00390625 -0.4140625
vn 0.6054688 0.01367188 -0.796875
vn 0.3378906 0.8320313 -0.4394531
vn -0.4433594 0.0859375 -0.8925781
vn 0.05664063 0.9882813 0.1425781
vt 0.7197266 -0.1464844
vt 0.7763672 -0.08203125
vt 0.8056641 -0.1542969
vt 0.8320313 -0.02050781
vt 0.9150391 -0.04785156
f 1412/1412/1412 1413/1413/1413 1414/1414/1414
f 1413/1413/1413 1415/1415/1415 1414/1414/1414
f 1414/1414/1414 1415/1415/1415 1416/1416/1416
v -11.66285 0.03762871 12.79376
v -15.50749 0.0297785 7.457715
v -7.401409 0.04149384 7.845288
v -8.201117 0.2953682 2.615386
vn -0.005859375 -0.001953125 0.9980469
vn -0.03515625 -0.001953125 0.9980469
vn -0.03515625 -0.001953125 0.9980469
vn 0.9414063 -0.005859375 0.3359375
vt 0.6582031 -0.4824219
vt 0.6416016 -0.5068359
vt 0.6699219 -0.5078125
vt 0.671875 -0.5615234
f 1417/1417/1417 1418/1418/1418 1419/1419/1419
f 1418/1418/1418 1420/1420/1420 1419/1419/1419
v -10.89596 9.590613 -5.534033
v -8.363579 9.14395 -1.19536
v -8.586496 4.060057 -2.182606
v -8.201117 0.2953682 2.615386
vn 0.1484375 -0.05273438 0.9882813
vn -0.09375 -0.9960938 0.01757813
vn 0.03320313 -0.9199219 0.3925781
vn 0.04101563 -0.9824219 0.1855469
vt 0.9746094 -0.046875
vt 0.9150391 -0.04785156
vt 0.9267578 -0.1054688
vt 0.8740234 -0.1513672
f 1421/1421/1421 1422/1422/1422 1423/1423/1423
f 1422/1422/1422 1424/1424/1424 1423/1423/1423
v -9.514581 0.04770613 -2.343807
v -10.96243 0.04280554 -4.975762
v -8.586496 4.060057 -2.182606
v -11.02702 4.592828 -6.322419
v -10.89596 9.590613 -5.534033
v -13.70993 4.048632 -2.104799
v -13.67524 9.383117 -1.90864
v -14.72054 0.2851812 2.245638
v -15.50749 0.0297785 7.457715
vn 0.1738281 -0.8398438 0.5136719
vn 0.2714844 -0.0078125 0.9628906
vn 0.03320313 -0.9199219 0.3925781
vn 0.03125 0.03710938 0.9980469
vn 0.1484375 -0.05273438 0.9882813
vn 0.01367188 0.9238281 0.3828125
vn 0.05664063 0.9882813 0.1425781
vn -0.04296875 0.9921875 0.1152344
vn 0.3378906 0.8320313 -0.4394531
vt 0.9306641 -0.1542969
vt 0.9794922 -0.1542969
vt 0.9267578 -0.1054688
vt 0.9912109 -0.09960938
vt 0.9746094 -0.046875
vt 0.9648438 -0.09960938
vt 0.9150391 -0.04785156
vt 0.8740234 -0.1513672
vt 0.8056641 -0.1542969
f 1425/1425/1425 1426/1426/1426 1427/1427/1427
f 1426/1426/1426 1428/1428/1428 1427/1427/1427
f 1427/1427/1427 1428/1428/1428 1429/1429/1429
f 1428/1428/1428 1430/1430/1430 1429/1429/1429
f 1429/1429/1429 1430/1430/1430 1431/1431/1431
f 1430/1430/1430 1432/1432/1432 1431/1431/1431
f 1431/1431/1431 1432/1432/1432 1433/1433/1433
v -11.02702 4.592828 -6.322419
v -10.96243 0.04280554 -4.975762
v -13.70993 4.048632 -2.104799
v -12.83206 0.04180044 -2.391354
vn 0.03125 0.03710938 0.9980469
vn 0.2714844 -0.0078125 0.9628906
vn 0.01367188 0.9238281 0.3828125
vn 0.125 0.8261719 0.5488281
vt 0.9912109 -0.09960938
vt 0.9794922 -0.1542969
vt 0.9648438 -0.09960938
vt 0.9306641 -0.1542969
f 1434/1434/1434 1435/1435/1435 1436/1436/1436
f 1435/1435/1435 1437/1437/1437 1436/1436/1436
v -10.96822 13.93157 3.259342
v -7.373024 14.41556 -1.175848
v -14.58186 14.56742 -1.650035
v -7.178027 15.5789 -1.713019
v -14.72679 15.69266 -2.110296
v -10.89608 15.43414 3.487674
vn -0.9941406 0.0625 -0.08007813
vn -0.7382813 0.08398438 -0.6699219
vn -0.6914063 0.07617188 -0.71875
vn 0.2558594 0.0390625 -0.9648438
vn 0.2539063 0.03125 -0.9667969
vn 0.9980469 -0.0625 -0.001953125
vt 0.2519531 -0.08300781
vt 0.2207031 -0.05566406
vt 0.2822266 -0.05566406
vt 0.2207031 -0.04785156
vt 0.2822266 -0.04785156
vt 0.2519531 -0.02050781
f 1438/1438/1438 1439/1439/1439 1440/1440/1440
f 1439/1439/1439 1441/1441/1441 1440/1440/1440
f 1440/1440/1440 1441/1441/1441 1442/1442/1442
f 1441/1441/1441 1443/1443/1443 1442/1442/1442
v -14.90192 20.19705 -1.628761
v -10.63072 19.93868 4.061367
v -10.52377 16.07275 -2.326055
v -6.69125 20.08207 -1.230137
v -8.659328 20.28671 -6.902929
vn -0.7773438 -0.6269531 0.0546875
vn -0.8320313 0.05273438 0.5507813
vn -0.9960938 0.0859375 -0.009765625
vn -0.6425781 0.7578125 0.1210938
vn -0.7539063 0.375 -0.5390625
vt 0.2822266 -0.05175781
vt 0.2519531 -0.08300781
vt 0.2519531 -0.05175781
vt 0.2207031 -0.05175781
vt 0.2373047 -0.02050781
f 1444/1444/1444 1445/1445/1445 1446/1446/1446
f 1445/1445/1445 1447/1447/1447 1446/1446/1446
f 1446/1446/1446 1447/1447/1447 1448/1448/1448
v -14.90192 20.19705 -1.628761
v -10.52377 16.07275 -2.326055
v -11.95954 20.3919 -6.856798
v -8.659328 20.28671 -6.902929
vn -0.7773438 -0.6269531 0.0546875
vn -0.9960938 0.0859375 -0.009765625
vn -0.7792969 -0.2695313 -0.5644531
vn -0.7539063 0.375 -0.5390625
vt 0.2822266 -0.05175781
vt 0.2519531 -0.05175781
vt 0.2666016 -0.02050781
vt 0.2373047 -0.02050781
f 1449/1449/1449 1450/1450/1450 1451/1451/1451
f 1450/1450/1450 1452/1452/1452 1451/1451/1451
v -8.617188 82.25182 -0.3081007
v -9.933594 77.004 -0.4953971
v -6.970703 80.25434 5.694797
v -6.391746 75.50109 6.251916
v -1.989556 74.63804 6.267696
vn 0.1875 -0.8984375 0.3984375
vn 0.1992188 -0.9453125 0.2558594
vn 0.125 -0.6640625 -0.7382813
vn -0.02929688 0.4570313 -0.8886719
vn 0.2871094 -0.2539063 -0.9238281
vt 0.875 -0.171875
vt 0.8603516 -0.2490234
vt 0.7207031 -0.1826172
vt 0.7470703 -0.2568359
vt 0.6777344 -0.25
f 1453/1453/1453 1454/1454/1454 1455/1455/1455
f 1454/1454/1454 1456/1456/1456 1455/1455/1455
f 1455/1455/1455 1456/1456/1456 1457/1457/1457
v -9.933594 77.004 -0.4953971
v -12.16961 63.30019 0.2508423
v -6.391746 75.50109 6.251916
v -6.962486 62.2744 5.470686
v -1.989556 74.63804 6.267696
v -2.158483 61.75971 -0.5837269
vn 0.1992188 -0.9453125 0.2558594
vn -0.02734375 0.9882813 -0.15625
vn -0.02929688 0.4570313 -0.8886719
vn 0.2050781 -0.009765625 -0.9785156
vn 0.2871094 -0.2539063 -0.9238281
vn 0.1796875 -0.9765625 -0.1191406
vt 0.8603516 -0.2490234
vt 0.8027344 -0.4404297
vt 0.7470703 -0.2568359
vt 0.7158203 -0.4404297
vt 0.6777344 -0.2519531
vt 0.6191406 -0.4404297
f 1458/1458/1458 1459/1459/1459 1460/1460/1460
f 1459/1459/1459 1461/1461/1461 1460/1460/1460
f 1460/1460/1460 1461/1461/1461 1462/1462/1462
f 1461/1461/1461 1463/1463/1463 1462/1462/1462
v -9.703463 112.8419 0.421225
v -9.648267 109.2541 2.011044
v -6.848408 112.4322 0.7178685
v -6.048828 106.9599 4.757415
vn -0.15625 -0.7675781 0.6210938
vn 0.2617188 -0.4296875 0.8632813
vn -0.02148438 -0.7109375 0.703125
vn 0.4394531 -0.4980469 -0.7480469
vt 0.1738281 -0.04492188
vt 0.1738281 -0.08203125
vt 0.09375 -0.04980469
vt 0.09179688 -0.1298828
f 1464/1464/1464 1465/1465/1465 1466/1466/1466
f 1465/1465/1465 1467/1467/1467 1466/1466/1466
v -4.753906 102.2571 -6.74859
v -7.828125 93.81632 -1.922458
v -8.873047 102.3214 -3.930032
v -8.789063 103.2821 1.828792
vn -0.2832031 -0.359375 0.8886719
vn 0.1601563 -0.9003906 0.40625
vn -0.3105469 -0.7695313 0.5585938
vn -0.1855469 -0.9355469 -0.2988281
vt 0.4707031 -0.1962891
vt 0.3818359 -0.3007813
vt 0.3652344 -0.1992188
vt 0.2109375 -0.1982422
f 1468/1468/1468 1469/1469/1469 1470/1470/1470
f 1469/1469/1469 1471/1471/1471 1470/1470/1470
v -11.53387 4.005475 8.573106
v -7.401409 0.04149384 7.845288
v -11.12881 9.450356 2.151484
v -8.363579 9.14395 -1.19536
vn 0.6054688 0.01367188 -0.796875
vn 0.3222656 -0.8457031 -0.4238281
vn -0.4433594 0.0859375 -0.8925781
vn -0.09375 -0.9960938 0.01757813
vt 0.7753906 -0.08300781
vt 0.8056641 -0.1542969
vt 0.8320313 -0.02050781
vt 0.9150391 -0.04785156
f 1472/1472/1472 1473/1473/1473 1474/1474/1474
f 1473/1473/1473 1475/1475/1475 1474/1474/1474
v -1.882813 93.40822 5.94095
v -6.626953 93.63699 2.933142
v -6.281038 80.2545 7.727906
v -14.11636 82.55534 -0.8444782
vn -0.06054688 -0.4238281 -0.9042969
vn 0.0546875 -0.8046875 -0.5917969
vn -0.0078125 0.7226563 0.6914063
vn -0.03515625 0.09960938 0.9941406
vt 0.004882813 -0.3007813
vt 0.1894531 -0.3007813
vt 0.004882813 -0.4472656
vt 0.328125 -0.4472656
f 1476/1476/1476 1477/1477/1477 1478/1478/1478
f 1477/1477/1477 1479/1479/1479 1478/1478/1478
v -34.02859 36.94683 -3.478515
v -21.12131 32.20309 14.89295
v -20.71879 62.80497 -1.59245
v -12.10878 61.65873 10.20784
v -6.281038 80.2545 7.727906
vn -0.1484375 0.01171875 0.9882813
vn -0.0703125 0.6328125 0.7714844
vn -0.0625 0.03320313 0.9980469
vn -0.0546875 0.6191406 0.7832031
vn -0.0078125 0.7226563 0.6914063
vt 0.00390625 -0.9970703
vt 0.1289063 -0.9970703
vt 0.005859375 -0.6904297
vt 0.1289063 -0.6904297
vt 0.1289063 -0.4628906
f 1480/1480/1480 1481/1481/1481 1482/1482/1482
f 1481/1481/1481 1483/1483/1483 1482/1482/1482
f 1482/1482/1482 1483/1483/1483 1484/1484/1484
v -9.853516 61.76143 -15.3331
v -20.71879 62.80497 -1.59245
v -7.835938 82.03588 -8.799554
v -14.11636 82.55534 -0.8444782
vn -0.08984375 -0.5 -0.8613281
vn -0.0625 0.03320313 0.9980469
vn -0.1328125 -0.4628906 -0.8769531
vn -0.03515625 0.09960938 0.9941406
vt 0.4697266 -0.6904297
vt 0.3564453 -0.6904297
vt 0.4570313 -0.4628906
vt 0.3642578 -0.4628906
f 1485/1485/1485 1486/1486/1486 1487/1487/1487
f 1486/1486/1486 1488/1488/1488 1487/1487/1487
v -34.02859 36.94683 -3.478515
v -20.71879 62.80497 -1.59245
v -13.80664 34.98496 -21.94627
v -9.853516 61.76143 -15.3331
vn -0.1484375 0.01171875 0.9882813
vn -0.0625 0.03320313 0.9980469
vn -0.08007813 -0.4414063 -0.8945313
vn -0.08984375 -0.5 -0.8613281
vt 0.359375 -0.9970703
vt 0.3564453 -0.6904297
vt 0.4873047 -0.9970703
vt 0.4697266 -0.6904297
f 1489/1489/1489 1490/1490/1490 1491/1491/1491
f 1490/1490/1490 1492/1492/1492 1491/1491/1491
v 9.703463 112.8419 0.421225
v 9.700542 113.4775 -1.766238
v 6.966913 113.6758 -1.744972
v 6.848408 112.4322 0.7178685
v 0.390625 72.102 -0.9409781
v 2 74.02875 -6.579453
v 4.043993 62.38543 -6.035863
v 2.158483 61.75642 -0.5840117
v 9.835798 112.8292 -4.063061
v 7.01083 112.9675 -4.465623
v 6.966913 113.6758 -1.744972
v 9.700542 113.4775 -1.766238
v 8.873047 102.3214 -3.930032
v 4.753906 102.2571 -6.74859
v 5.294922 104.5564 -7.244986
v 9.148438 104.5725 -5.203849
v 10.96822 13.91653 3.258042
v 11.12881 9.434223 2.150089
v 13.67524 9.366904 -1.910043
v 14.58186 14.55245 -1.65133
v 9.514581 0.02930146 -2.345398
v 12.83206 0.02333358 -2.392951
v 13.70993 4.031121 -2.106313
v 8.586496 4.042643 -2.184112
v 29.36097 111.4232 16.20608
v 27.41599 109.3911 16.2179
v 27.35201 109.4545 17.16298
v 29.30363 111.3927 17.16415
v 31.3014 109.391 16.20305
v 29.36097 111.4232 16.20608
v 29.30363 111.3927 17.16415
v 31.41249 109.4718 17.16299
v 29.36202 107.3609 16.21062
v 31.3014 109.391 16.20305
v 31.41249 109.4718 17.16299
v 29.30252 107.3813 17.16507
v 27.41599 109.3911 16.2179
v 29.36202 107.3609 16.21062
v 29.30252 107.3813 17.16507
v 27.35201 109.4545 17.16298
v 7.373024 14.40069 -1.177134
v 8.363579 9.127778 -1.196758
v 11.12881 9.434223 2.150089
v 10.96822 13.91653 3.258042
v -6.966913 113.6758 -1.744972
v -9.700542 113.4775 -1.766238
v -9.703463 112.8419 0.421225
v -6.848408 112.4322 0.7178685
v -4.043993 62.38862 -6.035587
v -2 74.02875 -6.579453
v -0.390625 72.102 -0.9409781
v -2.158483 61.75971 -0.5837269
v -6.966913 113.6758 -1.744972
v -7.01083 112.9675 -4.465623
v -9.835798 112.8292 -4.063061
v -9.700542 113.4775 -1.766238
v -5.294922 104.5564 -7.244986
v -4.753906 102.2571 -6.74859
v -8.873047 102.3214 -3.930032
v -9.148438 104.5725 -5.203849
v -13.67524 9.383117 -1.90864
v -11.12881 9.450356 2.151484
v -10.96822 13.93157 3.259342
v -14.58186 14.56742 -1.650035
v -13.70993 4.048632 -2.104799
v -12.83206 0.04180044 -2.391354
v -9.514581 0.04770613 -2.343807
v -8.586496 4.060057 -2.182606
v -11.12881 9.450356 2.151484
v -8.363579 9.14395 -1.19536
v -7.373024 14.41556 -1.175848
v -10.96822 13.93157 3.259342
v -3.679688 34.03513 -24.36886
v -13.80664 34.98496 -21.94627
v -9.853516 61.76143 -15.3331
v 0 61.20209 -17.97993
v 0 61.20209 -17.97993
v -9.853516 61.76143 -15.3331
v -7.835938 82.03588 -8.799554
v 0 81.6517 -9.908847
vn -0.15625 0.7675781 0.6210938
vn -0.109375 0.9921875 0.05078125
vn -0.06640625 0.9902344 0.1152344
vn -0.02148438 0.7109375 0.703125
vn -0.1738281 -0.984375 0.046875
vn -0.2148438 -0.1113281 0.9707031
vn 0.1054688 0.5273438 0.84375
vn 0.1796875 0.9765625 -0.1191406
vn 0.01953125 0.7734375 -0.6328125
vn -0.01171875 0.71875 -0.6953125
vn -0.06640625 0.9902344 0.1152344
vn -0.109375 0.9921875 0.05078125
vn -0.3105469 0.7695313 0.5585938
vn -0.2832031 0.359375 0.8886719
vn -0.15625 0.3808594 0.9121094
vn -0.3125 0.4804688 0.8203125
vn 0.1875 -0.001953125 -0.9824219
vn -0.4433594 -0.0859375 -0.8925781
vn 0.05664063 -0.9882813 0.1425781
vn 0.2363281 -0.9609375 -0.1425781
vn 0.5410156 0.02539063 -0.8398438
vn 0.5234375 0.04101563 -0.8515625
vn 0.9921875 0.009765625 -0.125
vn 0.9765625 0.03125 -0.2109375
vn -0.001953125 0.9980469 0
vn -0.1171875 -0.01953125 0.9921875
vn -0.1347656 0.0390625 0.9902344
vn 0.01171875 0.9980469 0.06054688
vn -0.0390625 -0.05078125 -0.9980469
vn -0.001953125 0.9980469 0
vn 0.01171875 0.9980469 0.06054688
vn -0.02539063 0.02929688 -1
vn 0.03320313 -1 -0.02539063
vn -0.0390625 -0.05078125 -0.9980469
vn -0.02539063 0.02929688 -1
vn 0.009765625 -1 0.03515625
vn -0.1171875 -0.01953125 0.9921875
vn 0.03320313 -1 -0.02539063
vn 0.009765625 -1 0.03515625
vn -0.1347656 0.0390625 0.9902344
vn 0.1015625 0.9765625 -0.1894531
vn -0.09375 0.9960938 0.01757813
vn -0.4433594 -0.0859375 -0.8925781
vn 0.1875 -0.001953125 -0.9824219
vn -0.06640625 -0.9902344 0.1152344
vn -0.109375 -0.9921875 0.05078125
vn -0.15625 -0.7675781 0.6210938
vn -0.02148438 -0.7109375 0.703125
vn 0.1054688 -0.5273438 0.84375
vn -0.2148438 0.1113281 0.9707031
vn -0.1738281 0.984375 0.046875
vn 0.1796875 -0.9765625 -0.1191406
vn -0.06640625 -0.9902344 0.1152344
vn -0.01171875 -0.71875 -0.6953125
vn 0.01953125 -0.7734375 -0.6328125
vn -0.109375 -0.9921875 0.05078125
vn -0.15625 -0.3808594 0.9121094
vn -0.2832031 -0.359375 0.8886719
vn -0.3105469 -0.7695313 0.5585938
vn -0.3125 -0.4804688 0.8203125
vn 0.05664063 0.9882813 0.1425781
vn -0.4433594 0.0859375 -0.8925781
vn 0.1875 0.001953125 -0.9824219
vn 0.2363281 0.9609375 -0.1425781
vn 0.9921875 -0.009765625 -0.125
vn 0.5234375 -0.04101563 -0.8515625
vn 0.5410156 -0.02539063 -0.8398438
vn 0.9765625 -0.03125 -0.2109375
vn -0.4433594 0.0859375 -0.8925781
vn -0.09375 -0.9960938 0.01757813
vn 0.1015625 -0.9765625 -0.1894531
vn 0.1875 0.001953125 -0.9824219
vn -0.005859375 -0.203125 -0.9785156
vn -0.08007813 -0.4414063 -0.8945313
vn -0.08984375 -0.5 -0.8613281
vn -0.0703125 0 -0.9980469
vn -0.0703125 0 -0.9980469
vn -0.08984375 -0.5 -0.8613281
vn -0.1328125 -0.4628906 -0.8769531
vn -0.08789063 0 -0.9960938
vt 0.1738281 -0.04492188
vt 0.1708984 -0.002929688
vt 0.09570313 -0.002929688
vt 0.09375 -0.04980469
vt 0.9726563 -0.2890625
vt 0.9169922 -0.2646484
vt 0.9169922 -0.4404297
vt 0.9726563 -0.4404297
vt 0.328125 -0.05175781
vt 0.4082031 -0.1083984
vt 0.4072266 -0.002929688
vt 0.328125 -0.002929688
vt 0.3173828 -0.1933594
vt 0.4111328 -0.1933594
vt 0.4082031 -0.1738281
vt 0.3232422 -0.1679688
vt 0.5175781 -0.06542969
vt 0.5175781 -0.1230469
vt 0.5878906 -0.1230469
vt 0.5927734 -0.06542969
vt 0.6601563 -0.5830078
vt 0.6474609 -0.5820313
vt 0.6464844 -0.5732422
vt 0.6601563 -0.5742188
vt 0.02832031 -0.01855469
vt 0.02832031 -0.01855469
vt 0.03515625 -0.01855469
vt 0.03417969 -0.01855469
vt 0.02832031 -0.04296875
vt 0.02832031 -0.01855469
vt 0.03417969 -0.02148438
vt 0.03613281 -0.04101563
vt 0.008789063 -0.04296875
vt 0.008789063 -0.04296875
vt 0.01367188 -0.04296875
vt 0.01367188 -0.04296875
vt 0.02832031 -0.01855469
vt 0.02832031 -0.04296875
vt 0.03320313 -0.04003906
vt 0.03320313 -0.02148438
vt 0.5927734 -0.06542969
vt 0.59375 -0.1230469
vt 0.5341797 -0.1230469
vt 0.5341797 -0.06640625
vt 0.09570313 -0.002929688
vt 0.1708984 -0.002929688
vt 0.1738281 -0.04492188
vt 0.09375 -0.04980469
vt 0.9169922 -0.4404297
vt 0.9169922 -0.2646484
vt 0.9726563 -0.2890625
vt 0.9726563 -0.4404297
vt 0.4072266 -0.002929688
vt 0.4082031 -0.1083984
vt 0.328125 -0.05175781
vt 0.328125 -0.002929688
vt 0.4082031 -0.1738281
vt 0.4111328 -0.1933594
vt 0.3173828 -0.1933594
vt 0.3232422 -0.1679688
vt 0.5878906 -0.1230469
vt 0.5175781 -0.1230469
vt 0.5175781 -0.06542969
vt 0.5927734 -0.06542969
vt 0.6464844 -0.5732422
vt 0.6474609 -0.5820313
vt 0.6601563 -0.5830078
vt 0.6601563 -0.5742188
vt 0.5341797 -0.1230469
vt 0.59375 -0.1230469
vt 0.5927734 -0.06542969
vt 0.5341797 -0.06640625
vt 0.5498047 -0.9970703
vt 0.6328125 -0.9970703
vt 0.6650391 -0.6904297
vt 0.5498047 -0.6904297
vt 0.5507813 -0.6904297
vt 0.4697266 -0.6904297
vt 0.4570313 -0.4628906
vt 0.5507813 -0.4628906
f 1493/1493/1493 1494/1494/1494 1495/1495/1495 1496/1496/1496
f 1497/1497/1497 1498/1498/1498 1499/1499/1499 1500/1500/1500
f 1501/1501/1501 1502/1502/1502 1503/1503/1503 1504/1504/1504
f 1505/1505/1505 1506/1506/1506 1507/1507/1507 1508/1508/1508
f 1509/1509/1509 1510/1510/1510 1511/1511/1511 1512/1512/1512
f 1513/1513/1513 1514/1514/1514 1515/1515/1515 1516/1516/1516
f 1517/1517/1517 1518/1518/1518 1519/1519/1519 1520/1520/1520
f 1521/1521/1521 1522/1522/1522 1523/1523/1523 1524/1524/1524
f 1525/1525/1525 1526/1526/1526 1527/1527/1527 1528/1528/1528
f 1529/1529/1529 1530/1530/1530 1531/1531/1531 1532/1532/1532
f 1533/1533/1533 1534/1534/1534 1535/1535/1535 1536/1536/1536
f 1537/1537/1537 1538/1538/1538 1539/1539/1539 1540/1540/1540
f 1541/1541/1541 1542/1542/1542 1543/1543/1543 1544/1544/1544
f 1545/1545/1545 1546/1546/1546 1547/1547/1547 1548/1548/1548
f 1549/1549/1549 1550/1550/1550 1551/1551/1551 1552/1552/1552
f 1553/1553/1553 1554/1554/1554 1555/1555/1555 1556/1556/1556
f 1557/1557/1557 1558/1558/1558 1559/1559/1559 1560/1560/1560
f 1561/1561/1561 1562/1562/1562 1563/1563/1563 1564/1564/1564
f 1565/1565/1565 1566/1566/1566 1567/1567/1567 1568/1568/1568
f 1569/1569/1569 1570/1570/1570 1571/1571/1571 1572/1572/1572
v 7.401409 0.0231675 7.843703
v 11.66285 0.01924336 12.79217
v 11.65733 1.293417 12.86607
v 13.67524 9.366904 -1.910043
v 14.72679 15.67796 -2.111567
v 14.58186 14.55245 -1.65133
v 10.96243 0.02436135 -4.977357
v 12.83206 0.02333358 -2.392951
v 9.514581 0.02930146 -2.345398
v 7.401409 0.0231675 7.843703
v 11.65733 1.293417 12.86607
v 11.53387 3.988037 8.571598
v 10.89596 9.574486 -5.535428
v 8.659328 20.27321 -6.904096
v 11.95954 20.37837 -6.857968
v 0 99.69817 6.853792
v 0 93.35741 5.979977
v 1.882813 93.40822 5.94095
v 13.70993 4.031121 -2.106313
v 12.83206 0.02333358 -2.392951
v 10.96243 0.02436135 -4.977357
v 11.66285 0.01924336 12.79217
v 15.50749 0.01129862 7.456117
v 11.65733 1.293417 12.86607
v 6.962486 62.27117 5.470407
v 6.391746 75.50108 6.251915
v 1.989556 74.6379 6.267684
v 1.882813 93.40822 5.94095
v 6.007813 103.1469 7.827064
v 0 99.69817 6.853792
v 9.409559 63.19424 -5.352466
v 4.043993 62.38543 -6.035863
v 2 74.02875 -6.579453
v 8.363579 9.127778 -1.196758
v 7.178027 15.56431 -1.71428
v 10.89596 9.574486 -5.535428
v 9.714603 108.872 -5.854047
v 9.148438 104.5725 -5.203849
v 5.294922 104.5564 -7.244986
v 13.67524 9.366904 -1.910043
v 10.89596 9.574486 -5.535428
v 14.72679 15.67796 -2.111567
v 8.363579 9.127778 -1.196758
v 7.373024 14.40069 -1.177134
v 7.178027 15.56431 -1.71428
v -7.401409 0.04149384 7.845288
v -11.65733 1.311493 12.86763
v -11.66285 0.03762871 12.79376
v -13.67524 9.383117 -1.90864
v -14.58186 14.56742 -1.650035
v -14.72679 15.69266 -2.110296
v -10.96243 0.04280554 -4.975762
v -9.514581 0.04770613 -2.343807
v -12.83206 0.04180044 -2.391354
v -13.70993 4.048632 -2.104799
v -8.586496 4.060057 -2.182606
v -14.72054 0.2851812 2.245638
v -7.401409 0.04149384 7.845288
v -11.53387 4.005475 8.573106
v -11.65733 1.311493 12.86763
v -10.89596 9.590613 -5.534033
v -11.95954 20.3919 -6.856798
v -8.659328 20.28671 -6.902929
v -11.66285 0.03762871 12.79376
v -11.65733 1.311493 12.86763
v -15.50749 0.0297785 7.457715
v -1.882813 93.40822 5.94095
v 0 99.69817 6.853792
v -6.007813 103.1469 7.827064
v -6.048828 106.9599 4.757415
v -9.648267 109.2541 2.011044
v -9.052734 105.3188 2.580319
v -1.882813 93.40822 5.94095
v -6.970703 80.25434 5.694797
v 0 79.44367 6.45398
v -8.201117 0.2953682 2.615386
v -8.363579 9.14395 -1.19536
v -7.401409 0.04149384 7.845288
v -9.409559 63.19734 -5.352198
v -2 74.02875 -6.579453
v -4.043993 62.38862 -6.035587
v -8.363579 9.14395 -1.19536
v -10.89596 9.590613 -5.534033
v -7.178027 15.5789 -1.713019
v -13.67524 9.383117 -1.90864
v -14.72679 15.69266 -2.110296
v -10.89596 9.590613 -5.534033
v -8.363579 9.14395 -1.19536
v -7.178027 15.5789 -1.713019
v -7.373024 14.41556 -1.175848
v -20.71879 62.80497 -1.59245
v -6.281038 80.2545 7.727906
v -14.11636 82.55534 -0.8444782
vn 0.3222656 0.8457031 -0.4238281
vn 0.9980469 -0.00390625 0.0625
vn 0.9101563 0.00390625 -0.4140625
vn 0.05664063 -0.9882813 0.1425781
vn 0.2011719 -0.9550781 0.21875
vn 0.2363281 -0.9609375 -0.1425781
vn 0.9980469 0.001953125 0.015625
vn 0.5234375 0.04101563 -0.8515625
vn 0.5410156 0.02539063 -0.8398438
vn 0.3222656 0.8457031 -0.4238281
vn 0.9101563 0.00390625 -0.4140625
vn 0.6054688 -0.01367188 -0.796875
vn 0.1484375 0.05273438 0.9882813
vn 0.1621094 0.5546875 0.8164063
vn 0.1816406 -0.4746094 0.8613281
vn -0.1367188 0 -0.9902344
vn -0.04882813 0 -0.9980469
vn -0.03710938 0.03515625 -0.9980469
vn 0.01367188 -0.9238281 0.3828125
vn 0.125 -0.8261719 0.5488281
vn 0.2714844 0.0078125 0.9628906
vn 0.9980469 -0.00390625 0.0625
vn 0.3378906 -0.8320313 -0.4394531
vn 0.9101563 0.00390625 -0.4140625
vn 0.2050781 0.009765625 -0.9785156
vn -0.02929688 -0.4570313 -0.8886719
vn 0.2871094 0.2539063 -0.9238281
vn -0.06054688 0.4238281 -0.9042969
vn 0.1152344 0.4550781 -0.8828125
vn -0.1425781 0 -0.9902344
vn -0.05859375 -0.5917969 0.8046875
vn 0.1054688 0.5273438 0.84375
vn -0.2148438 -0.1113281 0.9707031
vn -0.09375 0.9960938 0.01757813
vn 0.1210938 0.9863281 0.1132813
vn 0.1484375 0.05273438 0.9882813
vn 0.1074219 0.2382813 -0.9648438
vn -0.3125 0.4804688 0.8203125
vn -0.15625 0.3808594 0.9121094
vn 0.05664063 -0.9882813 0.1425781
vn 0.1484375 0.05273438 0.9882813
vn 0.2011719 -0.9550781 0.21875
vn -0.09375 0.9960938 0.01757813
vn 0.1015625 0.9765625 -0.1894531
vn 0.1210938 0.9863281 0.1132813
vn 0.3222656 -0.8457031 -0.4238281
vn 0.9101563 -0.00390625 -0.4140625
vn 0.9980469 0.00390625 0.0625
vn 0.05664063 0.9882813 0.1425781
vn 0.2363281 0.9609375 -0.1425781
vn 0.2011719 0.9550781 0.21875
vn 0.9980469 -0.001953125 0.015625
vn 0.5410156 -0.02539063 -0.8398438
vn 0.5234375 -0.04101563 -0.8515625
vn 0.9921875 -0.009765625 -0.125
vn 0.9765625 -0.03125 -0.2109375
vn 0.9355469 0.00390625 0.3515625
vn 0.3222656 -0.8457031 -0.4238281
vn 0.6054688 0.01367188 -0.796875
vn 0.9101563 -0.00390625 -0.4140625
vn 0.1484375 -0.05273438 0.9882813
vn 0.1816406 0.4746094 0.8613281
vn 0.1621094 -0.5546875 0.8164063
vn 0.9980469 0.00390625 0.0625
vn 0.9101563 -0.00390625 -0.4140625
vn 0.3378906 0.8320313 -0.4394531
vn -0.06054688 -0.4238281 -0.9042969
vn -0.1425781 0 -0.9902344
vn 0.1152344 -0.4550781 -0.8828125
vn 0.4394531 -0.4980469 -0.7480469
vn 0.2617188 -0.4296875 0.8632813
vn 0.01367188 -0.7753906 -0.6308594
vn -0.03710938 -0.03515625 -0.9980469
vn 0.1074219 -0.1054688 -0.9882813
vn 0.109375 0 -0.9941406
vn 0.04101563 -0.9824219 0.1855469
vn -0.09375 -0.9960938 0.01757813
vn 0.3222656 -0.8457031 -0.4238281
vn -0.05859375 0.5917969 0.8046875
vn -0.2148438 0.1113281 0.9707031
vn 0.1054688 -0.5273438 0.84375
vn -0.09375 -0.9960938 0.01757813
vn 0.1484375 -0.05273438 0.9882813
vn 0.1210938 -0.9863281 0.1132813
vn 0.05664063 0.9882813 0.1425781
vn 0.2011719 0.9550781 0.21875
vn 0.1484375 -0.05273438 0.9882813
vn -0.09375 -0.9960938 0.01757813
vn 0.1210938 -0.9863281 0.1132813
vn 0.1015625 -0.9765625 -0.1894531
vn -0.0625 0.03320313 0.9980469
vn -0.0078125 0.7226563 0.6914063
vn -0.03515625 0.09960938 0.9941406
vt 0.8056641 -0.1542969
vt 0.7138672 -0.1542969
vt 0.7197266 -0.1464844
vt 0.5087891 -0.1230469
vt 0.5136719 -0.06542969
vt 0.5019531 -0.06445313
vt 0.6572266 -0.6132813
vt 0.6484375 -0.5888672
vt 0.6640625 -0.5888672
vt 0.8056641 -0.1542969
vt 0.7197266 -0.1464844
vt 0.7753906 -0.08203125
vt 0.640625 -0.1230469
vt 0.6894531 -0.005859375
vt 0.6494141 -0.005859375
vt 0.8505859 -0.5439453
vt 0.8505859 -0.6865234
vt 0.9033203 -0.6865234
vt 0.9648438 -0.09960938
vt 0.9306641 -0.1542969
vt 0.9794922 -0.1542969
vt 0.7138672 -0.1552734
vt 0.8056641 -0.1542969
vt 0.7197266 -0.1464844
vt 0.7158203 -0.4404297
vt 0.7470703 -0.2568359
vt 0.6777344 -0.2519531
vt 0.01171875 -0.3007813
vt 0.1455078 -0.2060547
vt 0.01171875 -0.2285156
vt 0.8603516 -0.4404297
vt 0.9169922 -0.4404297
vt 0.9169922 -0.2646484
vt 0.6220703 -0.1230469
vt 0.5986328 -0.05273438
vt 0.6630859 -0.1230469
vt 0.3261719 -0.1103516
vt 0.3232422 -0.1679688
vt 0.4082031 -0.1738281
vt 0.6240234 -0.1230469
vt 0.6572266 -0.1230469
vt 0.5986328 -0.05175781
vt 0.59375 -0.1230469
vt 0.5927734 -0.06542969
vt 0.5839844 -0.06542969
vt 0.8056641 -0.1542969
vt 0.7197266 -0.1464844
vt 0.7138672 -0.1542969
vt 0.5087891 -0.1230469
vt 0.5019531 -0.06445313
vt 0.5136719 -0.06542969
vt 0.6572266 -0.6132813
vt 0.6640625 -0.5888672
vt 0.6484375 -0.5888672
vt 0.6435547 -0.5693359
vt 0.6699219 -0.5703125
vt 0.6416016 -0.5634766
vt 0.8056641 -0.1542969
vt 0.7753906 -0.08203125
vt 0.7197266 -0.1464844
vt 0.640625 -0.1230469
vt 0.6494141 -0.005859375
vt 0.6894531 -0.005859375
vt 0.7138672 -0.1552734
vt 0.7197266 -0.1464844
vt 0.8056641 -0.1542969
vt 0.01171875 -0.3007813
vt 0.01171875 -0.2285156
vt 0.1455078 -0.2060547
vt 0.09179688 -0.1298828
vt 0.1738281 -0.08203125
vt 0.1748047 -0.1328125
vt 0.9033203 -0.6865234
vt 0.9990234 -0.9941406
vt 0.8515625 -0.9941406
vt 0.8740234 -0.1513672
vt 0.9150391 -0.04785156
vt 0.8056641 -0.1542969
vt 0.8603516 -0.4404297
vt 0.9169922 -0.2646484
vt 0.9169922 -0.4404297
vt 0.6220703 -0.1230469
vt 0.6630859 -0.1230469
vt 0.5986328 -0.05273438
vt 0.6240234 -0.1230469
vt 0.5986328 -0.05175781
vt 0.6572266 -0.1230469
vt 0.59375 -0.1230469
vt 0.5839844 -0.06542969
vt 0.5927734 -0.06542969
vt 0.005859375 -0.6904297
vt 0.1289063 -0.4628906
vt 0.005859375 -0.4628906
f 1573/1573/1573 1574/1574/1574 1575/1575/1575
f 1576/1576/1576 1577/1577/1577 1578/1578/1578
f 1579/1579/1579 1580/1580/1580 1581/1581/1581
f 1582/1582/1582 1583/1583/1583 1584/1584/1584
f 1585/1585/1585 1586/1586/1586 1587/1587/1587
f 1588/1588/1588 1589/1589/1589 1590/1590/1590
f 1591/1591/1591 1592/1592/1592 1593/1593/1593
f 1594/1594/1594 1595/1595/1595 1596/1596/1596
f 1597/1597/1597 1598/1598/1598 1599/1599/1599
f 1600/1600/1600 1601/1601/1601 1602/1602/1602
f 1603/1603/1603 1604/1604/1604 1605/1605/1605
f 1606/1606/1606 1607/1607/1607 1608/1608/1608
f 1609/1609/1609 1610/1610/1610 1611/1611/1611
f 1612/1612/1612 1613/1613/1613 1614/1614/1614
f 1615/1615/1615 1616/1616/1616 1617/1617/1617
f 1618/1618/1618 1619/1619/1619 1620/1620/1620
f 1621/1621/1621 1622/1622/1622 1623/1623/1623
f 1624/1624/1624 1625/1625/1625 1626/1626/1626
f 1627/1627/1627 1628/1628/1628 1629/1629/1629
f 1630/1630/1630 1631/1631/1631 1632/1632/1632
f 1633/1633/1633 1634/1634/1634 1635/1635/1635
f 1636/1636/1636 1637/1637/1637 1638/1638/1638
f 1639/1639/1639 1640/1640/1640 1641/1641/1641
f 1642/1642/1642 1643/1643/1643 1644/1644/1644
f 1645/1645/1645 1646/1646/1646 1647/1647/1647
f 1648/1648/1648 1649/1649/1649 1650/1650/1650
f 1651/1651/1651 1652/1652/1652 1653/1653/1653
f 1654/1654/1654 1655/1655/1655 1656/1656/1656
f 1657/1657/1657 1658/1658/1658 1659/1659/1659
f 1660/1660/1660 1661/1661/1661 1662/1662/1662
f 1663/1663/1663 1664/1664/1664 1665/1665/1665
