<?xml version="1.0" encoding="UTF-8"?>
<COLLADA xmlns="http://www.collada.org/2005/11/COLLADASchema" version="1.4.1">
 <asset>
  <contributor>
   <authoring_tool>ExpCollada for Metasequoia</authoring_tool>
  </contributor>
  <created>2024-07-21T22:03:45Z</created>
  <modified>2024-07-21T22:03:45Z</modified>
  <up_axis>Y_UP</up_axis>
 </asset>
 <library_cameras>
  <camera id="Camera-Camera" name="Camera-Camera">
   <optics>
    <technique_common>
     <perspective>
      <yfov>0.000</yfov>
      <znear>0.1</znear>
      <zfar>10000.0</zfar>
     </perspective>
    </technique_common>
   </optics>
  </camera>
 </library_cameras>
 <library_images>
  <image id="texture1" name="texture1">
   <init_from>mat1.png</init_from>
  </image>
  <image id="texture2" name="texture2">
   <init_from>mat2.png</init_from>
  </image>
  <image id="texture3" name="texture3">
   <init_from>mat3.png</init_from>
  </image>
  <image id="texture4" name="texture4">
   <init_from>mat4.png</init_from>
  </image>
  <image id="texture5" name="texture5">
   <init_from>mat5.png</init_from>
  </image>
  <image id="texture6" name="texture6">
   <init_from>mat6.png</init_from>
  </image>
  <image id="texture7" name="texture7">
   <init_from>mat7.png</init_from>
  </image>
  <image id="texture8" name="texture8">
   <init_from>mat8.png</init_from>
  </image>
 </library_images>
 <library_effects>
  <effect id="mat1.png-fx" name="mat1.png-fx">
   <profile_COMMON>
    <newparam sid="texture1-surface">
     <surface type="2D">
      <init_from>texture1</init_from>
     </surface>
    </newparam>
    <newparam sid="texture1-sampler">
    <sampler2D>
     <source>texture1-surface</source>
     <minfilter>LINEAR</minfilter>
     <magfilter>LINEAR</magfilter>
    </sampler2D>
   </newparam>
    <technique sid="metaseq">
     <phong>
      <emission>
       <color>0.500 0.500 0.500 1</color>
      </emission>
      <ambient>
       <color>0.000 0.000 0.000 1</color>
      </ambient>
      <diffuse>
       <texture texture="texture1-sampler" texcoord="UVSET0"/>
      </diffuse>
      <specular>
       <color>0.000 0.000 0.000 1</color>
      </specular>
      <shininess>
       <float>0.000</float>
      </shininess>
      <reflective>
       <color>1 1 1 1</color>
      </reflective>
      <reflectivity>
       <float>0.0</float>
      </reflectivity>
      <transparent>
       <color>1 1 1 1</color>
      </transparent>
      <transparency>
       <float>1.000</float>
      </transparency>
     </phong>
    </technique>
   </profile_COMMON>
  </effect>
  <effect id="mat2.png-fx" name="mat2.png-fx">
   <profile_COMMON>
    <newparam sid="texture2-surface">
     <surface type="2D">
      <init_from>texture2</init_from>
     </surface>
    </newparam>
    <newparam sid="texture2-sampler">
    <sampler2D>
     <source>texture2-surface</source>
     <minfilter>LINEAR</minfilter>
     <magfilter>LINEAR</magfilter>
    </sampler2D>
   </newparam>
    <technique sid="metaseq">
     <phong>
      <emission>
       <color>0.500 0.500 0.500 1</color>
      </emission>
      <ambient>
       <color>0.000 0.000 0.000 1</color>
      </ambient>
      <diffuse>
       <texture texture="texture2-sampler" texcoord="UVSET0"/>
      </diffuse>
      <specular>
       <color>0.000 0.000 0.000 1</color>
      </specular>
      <shininess>
       <float>0.000</float>
      </shininess>
      <reflective>
       <color>1 1 1 1</color>
      </reflective>
      <reflectivity>
       <float>0.0</float>
      </reflectivity>
      <transparent>
       <color>1 1 1 1</color>
      </transparent>
      <transparency>
       <float>1.000</float>
      </transparency>
     </phong>
    </technique>
   </profile_COMMON>
  </effect>
  <effect id="mat3.png-fx" name="mat3.png-fx">
   <profile_COMMON>
    <newparam sid="texture3-surface">
     <surface type="2D">
      <init_from>texture3</init_from>
     </surface>
    </newparam>
    <newparam sid="texture3-sampler">
    <sampler2D>
     <source>texture3-surface</source>
     <minfilter>LINEAR</minfilter>
     <magfilter>LINEAR</magfilter>
    </sampler2D>
   </newparam>
    <technique sid="metaseq">
     <phong>
      <emission>
       <color>0.500 0.500 0.500 1</color>
      </emission>
      <ambient>
       <color>0.000 0.000 0.000 1</color>
      </ambient>
      <diffuse>
       <texture texture="texture3-sampler" texcoord="UVSET0"/>
      </diffuse>
      <specular>
       <color>0.000 0.000 0.000 1</color>
      </specular>
      <shininess>
       <float>0.000</float>
      </shininess>
      <reflective>
       <color>1 1 1 1</color>
      </reflective>
      <reflectivity>
       <float>0.0</float>
      </reflectivity>
      <transparent>
       <color>1 1 1 1</color>
      </transparent>
      <transparency>
       <float>1.000</float>
      </transparency>
     </phong>
    </technique>
   </profile_COMMON>
  </effect>
  <effect id="mat4.png-fx" name="mat4.png-fx">
   <profile_COMMON>
    <newparam sid="texture4-surface">
     <surface type="2D">
      <init_from>texture4</init_from>
     </surface>
    </newparam>
    <newparam sid="texture4-sampler">
    <sampler2D>
     <source>texture4-surface</source>
     <minfilter>LINEAR</minfilter>
     <magfilter>LINEAR</magfilter>
    </sampler2D>
   </newparam>
    <technique sid="metaseq">
     <phong>
      <emission>
       <color>0.500 0.500 0.500 1</color>
      </emission>
      <ambient>
       <color>0.000 0.000 0.000 1</color>
      </ambient>
      <diffuse>
       <texture texture="texture4-sampler" texcoord="UVSET0"/>
      </diffuse>
      <specular>
       <color>0.000 0.000 0.000 1</color>
      </specular>
      <shininess>
       <float>0.000</float>
      </shininess>
      <reflective>
       <color>1 1 1 1</color>
      </reflective>
      <reflectivity>
       <float>0.0</float>
      </reflectivity>
      <transparent>
       <color>1 1 1 1</color>
      </transparent>
      <transparency>
       <float>1.000</float>
      </transparency>
     </phong>
    </technique>
   </profile_COMMON>
  </effect>
  <effect id="mat5.png-fx" name="mat5.png-fx">
   <profile_COMMON>
    <newparam sid="texture5-surface">
     <surface type="2D">
      <init_from>texture5</init_from>
     </surface>
    </newparam>
    <newparam sid="texture5-sampler">
    <sampler2D>
     <source>texture5-surface</source>
     <minfilter>LINEAR</minfilter>
     <magfilter>LINEAR</magfilter>
    </sampler2D>
   </newparam>
    <technique sid="metaseq">
     <phong>
      <emission>
       <color>0.500 0.500 0.500 1</color>
      </emission>
      <ambient>
       <color>0.000 0.000 0.000 1</color>
      </ambient>
      <diffuse>
       <texture texture="texture5-sampler" texcoord="UVSET0"/>
      </diffuse>
      <specular>
       <color>0.000 0.000 0.000 1</color>
      </specular>
      <shininess>
       <float>0.000</float>
      </shininess>
      <reflective>
       <color>1 1 1 1</color>
      </reflective>
      <reflectivity>
       <float>0.0</float>
      </reflectivity>
      <transparent>
       <color>1 1 1 1</color>
      </transparent>
      <transparency>
       <float>1.000</float>
      </transparency>
     </phong>
    </technique>
   </profile_COMMON>
  </effect>
  <effect id="mat6.png-fx" name="mat6.png-fx">
   <profile_COMMON>
    <newparam sid="texture6-surface">
     <surface type="2D">
      <init_from>texture6</init_from>
     </surface>
    </newparam>
    <newparam sid="texture6-sampler">
    <sampler2D>
     <source>texture6-surface</source>
     <minfilter>LINEAR</minfilter>
     <magfilter>LINEAR</magfilter>
    </sampler2D>
   </newparam>
    <technique sid="metaseq">
     <phong>
      <emission>
       <color>0.500 0.500 0.500 1</color>
      </emission>
      <ambient>
       <color>0.000 0.000 0.000 1</color>
      </ambient>
      <diffuse>
       <texture texture="texture6-sampler" texcoord="UVSET0"/>
      </diffuse>
      <specular>
       <color>0.000 0.000 0.000 1</color>
      </specular>
      <shininess>
       <float>0.000</float>
      </shininess>
      <reflective>
       <color>1 1 1 1</color>
      </reflective>
      <reflectivity>
       <float>0.0</float>
      </reflectivity>
      <transparent>
       <color>1 1 1 1</color>
      </transparent>
      <transparency>
       <float>1.000</float>
      </transparency>
     </phong>
    </technique>
   </profile_COMMON>
  </effect>
  <effect id="mat7.png-fx" name="mat7.png-fx">
   <profile_COMMON>
    <newparam sid="texture7-surface">
     <surface type="2D">
      <init_from>texture7</init_from>
     </surface>
    </newparam>
    <newparam sid="texture7-sampler">
    <sampler2D>
     <source>texture7-surface</source>
     <minfilter>LINEAR</minfilter>
     <magfilter>LINEAR</magfilter>
    </sampler2D>
   </newparam>
    <technique sid="metaseq">
     <phong>
      <emission>
       <color>0.500 0.500 0.500 1</color>
      </emission>
      <ambient>
       <color>0.000 0.000 0.000 1</color>
      </ambient>
      <diffuse>
       <texture texture="texture7-sampler" texcoord="UVSET0"/>
      </diffuse>
      <specular>
       <color>0.000 0.000 0.000 1</color>
      </specular>
      <shininess>
       <float>0.000</float>
      </shininess>
      <reflective>
       <color>1 1 1 1</color>
      </reflective>
      <reflectivity>
       <float>0.0</float>
      </reflectivity>
      <transparent>
       <color>1 1 1 1</color>
      </transparent>
      <transparency>
       <float>1.000</float>
      </transparency>
     </phong>
    </technique>
   </profile_COMMON>
  </effect>
  <effect id="mat8.png-fx" name="mat8.png-fx">
   <profile_COMMON>
    <newparam sid="texture8-surface">
     <surface type="2D">
      <init_from>texture8</init_from>
     </surface>
    </newparam>
    <newparam sid="texture8-sampler">
    <sampler2D>
     <source>texture8-surface</source>
     <minfilter>LINEAR</minfilter>
     <magfilter>LINEAR</magfilter>
    </sampler2D>
   </newparam>
    <technique sid="metaseq">
     <phong>
      <emission>
       <color>0.500 0.500 0.500 1</color>
      </emission>
      <ambient>
       <color>0.000 0.000 0.000 1</color>
      </ambient>
      <diffuse>
       <texture texture="texture8-sampler" texcoord="UVSET0"/>
      </diffuse>
      <specular>
       <color>0.000 0.000 0.000 1</color>
      </specular>
      <shininess>
       <float>0.000</float>
      </shininess>
      <reflective>
       <color>1 1 1 1</color>
      </reflective>
      <reflectivity>
       <float>0.0</float>
      </reflectivity>
      <transparent>
       <color>1 1 1 1</color>
      </transparent>
      <transparency>
       <float>1.000</float>
      </transparency>
     </phong>
    </technique>
   </profile_COMMON>
  </effect>
 </library_effects>
 <library_materials>
  <material id="mat1.png" name="mat1.png">
   <instance_effect url="#mat1.png-fx"/>
  </material>
  <material id="mat2.png" name="mat2.png">
   <instance_effect url="#mat2.png-fx"/>
  </material>
  <material id="mat3.png" name="mat3.png">
   <instance_effect url="#mat3.png-fx"/>
  </material>
  <material id="mat4.png" name="mat4.png">
   <instance_effect url="#mat4.png-fx"/>
  </material>
  <material id="mat5.png" name="mat5.png">
   <instance_effect url="#mat5.png-fx"/>
  </material>
  <material id="mat6.png" name="mat6.png">
   <instance_effect url="#mat6.png-fx"/>
  </material>
  <material id="mat7.png" name="mat7.png">
   <instance_effect url="#mat7.png-fx"/>
  </material>
  <material id="mat8.png" name="mat8.png">
   <instance_effect url="#mat8.png-fx"/>
  </material>
 </library_materials>
 <library_geometries>
  <geometry id="realb00-lib" name="realb00">
   <mesh>
    <source id="realb00-lib-positions" name="position">
     <float_array id="realb00-lib-positions-array" count="150">4.26974 7.33323 -0.76566 3.86117 4.89492 -0.78824 3.16758 7.06121 -1.67385 2.04458 5.76955 -0.75766 3.11724 4.31789 0.55746 3.84194 4.90237 2.37268 2.05978 6.00228 2.23664 3.04021 6.25455 2.71045 1.96973 9.45997 1.65182 4.07099 7.33282 2.10523 2.01172 9.93480 0.65168 2.01172 9.66282 -0.32818 1.56250 6.77931 -1.31205 4.46903 3.39183 -1.30621 4.62676 2.80165 -0.96293 3.19082 4.43269 -0.51458 4.53806 3.59421 -1.66921 5.16068 3.23081 -0.96737 4.82733 3.60734 -1.33294 4.53382 5.36868 -0.35263 4.55766 5.47907 1.50032 1.25293 7.34474 2.64206 1.60449 7.23927 2.28366 1.54688 9.28517 2.08541 4.89614 2.99179 -0.55530 -2.05978 6.00228 2.23664 -2.04458 5.76955 -0.75766 -1.60449 7.23927 2.28366 -1.56250 6.77931 -1.31205 -4.26974 7.33323 -0.76566 -3.19123 6.99687 -1.27408 -3.86117 4.89492 -0.78824 -3.19082 4.43269 -0.51458 -3.11724 4.31789 0.55746 -3.84194 4.90237 2.37268 -3.04021 6.25455 2.71045 -4.07099 7.33282 2.10523 -1.96973 9.45997 1.65182 -2.01172 9.93480 0.65168 -4.53806 3.59421 -1.66921 -4.46903 3.39183 -1.30621 -4.62641 2.80236 -0.96351 -4.55766 5.47907 1.50032 -5.16068 3.23081 -0.96737 -4.53382 5.36868 -0.35263 -4.82733 3.60734 -1.33294 -1.25195 7.34474 2.64206 -1.54688 9.28517 2.08541 -4.89614 2.99179 -0.55530 -2.01172 9.66288 -0.32720</float_array>
     <technique_common>
      <accessor count="50" source="#realb00-lib-positions-array" stride="3">
       <param name="X" type="float"/>
       <param name="Y" type="float"/>
       <param name="Z" type="float"/>
      </accessor>
     </technique_common>
    </source>
    <source id="realb00-lib-normals" name="normal">
     <float_array id="realb00-lib-normals-array" count="666">0.18593 0.07598 -0.97962 0.06094 0.05894 -0.99640 0.79735 0.25084 -0.54891 0.18593 0.07598 -0.97962 -0.27374 -0.50883 -0.81618 0.06094 0.05894 -0.99640 -0.75930 -0.38760 0.52271 -0.43511 -0.71783 0.54351 -0.64540 -0.74025 0.18835 -0.75930 -0.38760 0.52271 -0.03947 -0.00896 0.99918 -0.43511 -0.71783 0.54351 0.40627 0.18669 0.89448 -0.03947 -0.00896 0.99918 -0.75930 -0.38760 0.52271 0.40627 0.18669 0.89448 0.63937 0.29666 0.70937 -0.03947 -0.00896 0.99918 0.71169 0.69978 0.06172 0.63937 0.29666 0.70937 0.62585 0.69407 0.35579 0.71169 0.69978 0.06172 0.76833 0.63784 0.05329 0.76833 0.63784 0.05329 0.65588 0.69226 -0.30098 0.79735 0.25084 -0.54891 0.71169 0.69978 0.06172 0.65588 0.69226 -0.30098 0.18593 0.07598 -0.97962 0.79735 0.25084 -0.54891 -0.20028 -0.10925 -0.97363 0.18593 0.07598 -0.97962 -0.26390 0.34805 -0.89956 -0.20028 -0.10925 -0.97363 -0.27374 -0.50883 -0.81618 0.18593 0.07598 -0.97962 -0.75358 -0.63960 -0.15178 -0.58378 -0.81079 0.04265 -0.78992 -0.34315 -0.50820 -0.75358 -0.63960 -0.15178 -0.64540 -0.74025 0.18835 -0.58378 -0.81079 0.04265 -0.91197 -0.25924 -0.31797 -0.78992 -0.34315 -0.50820 -0.91197 -0.25924 -0.31797 0.06094 0.05894 -0.99640 -0.29464 -0.13296 -0.94631 -0.78992 -0.34315 -0.50820 0.52013 0.14221 -0.84217 0.68756 0.50826 -0.51858 0.98817 0.15335 -0.00203 0.52013 0.14221 -0.84217 0.06094 0.05894 -0.99640 0.68756 0.50826 -0.51858 0.93862 0.00067 0.34496 0.82518 -0.30237 0.47713 0.74407 -0.10577 0.65967 0.93862 0.00067 0.34496 0.97659 0.21360 -0.02529 0.98817 0.15335 -0.00203 0.69841 0.08849 0.71021 0.59925 0.12992 0.78995 0.72383 0.08671 0.68451 0.69841 0.08849 0.71021 0.40627 0.18669 0.89448 0.59925 0.12992 0.78995 -0.43511 -0.71783 0.54351 -0.58378 -0.81079 0.04265 -0.64540 -0.74025 0.18835 -0.43511 -0.71783 0.54351 -0.15529 -0.85197 0.50002 -0.58378 -0.81079 0.04265 0.98817 0.15335 -0.00203 0.87314 -0.19971 0.44468 0.74407 -0.10577 0.65967 0.63937 0.29666 0.70937 0.74407 -0.10577 0.65967 -0.03947 -0.00896 0.99918 0.63937 0.29666 0.70937 0.93862 0.00067 0.34496 0.74407 -0.10577 0.65967 0.79735 0.25084 -0.54891 0.93862 0.00067 0.34496 0.63937 0.29666 0.70937 0.79735 0.25084 -0.54891 0.97659 0.21360 -0.02529 0.93862 0.00067 0.34496 0.06094 0.05894 -0.99640 0.52013 0.14221 -0.84217 0.79735 0.25084 -0.54891 -0.27374 -0.50883 -0.81618 -0.64540 -0.74025 0.18835 -0.75358 -0.63960 -0.15178 -0.89053 -0.45176 0.05356 -0.75930 -0.38760 0.52271 -0.64540 -0.74025 0.18835 -0.93203 -0.36025 0.03922 -0.75930 -0.38760 0.52271 -0.89053 -0.45176 0.05356 0.93203 -0.36025 0.03922 0.87435 -0.48445 0.02850 0.70871 -0.46059 0.53440 0.93203 -0.36025 0.03922 0.91352 -0.40204 0.06210 0.87435 -0.48445 0.02850 -0.04619 0.08921 -0.99494 -0.17049 0.06732 -0.98306 -0.40159 0.15615 -0.90241 -0.04619 0.08921 -0.99494 0.05984 -0.34925 -0.93512 -0.17049 0.06732 -0.98306 0.34211 -0.17063 -0.92404 0.05984 -0.34925 -0.93512 -0.04619 0.08921 -0.99494 0.43512 -0.71785 0.54347 0.70871 -0.46059 0.53440 0.64531 -0.74034 0.18836 0.43512 -0.71785 0.54347 -0.01015 -0.03823 0.99922 0.70871 -0.46059 0.53440 -0.70821 0.40055 0.58138 -0.01015 -0.03823 0.99922 -0.74407 -0.10577 0.65967 -0.70821 0.40055 0.58138 -0.56228 0.50654 0.65365 -0.01015 -0.03823 0.99922 -0.71167 0.69980 0.06167 -0.56228 0.50654 0.65365 -0.70821 0.40055 0.58138 0.78990 -0.34304 -0.50832 0.91197 -0.25924 -0.31797 0.91197 -0.25924 -0.31797 0.78990 -0.34304 -0.50832 0.34211 -0.17063 -0.92404 -0.04619 0.08921 -0.99494 0.58420 -0.81051 0.04229 0.34211 -0.17063 -0.92404 0.78990 -0.34304 -0.50832 0.58420 -0.81051 0.04229 0.64531 -0.74034 0.18836 0.75195 -0.64802 -0.12100 0.43512 -0.71785 0.54347 0.64531 -0.74034 0.18836 0.58420 -0.81051 0.04229 -0.99332 0.09905 0.05925 -0.93862 0.00067 0.34496 -0.74407 -0.10577 0.65967 -0.99332 0.09905 0.05925 -0.93443 0.13373 -0.33010 -0.93862 0.00067 0.34496 -0.68756 0.50826 -0.51858 -0.93443 0.13373 -0.33010 -0.99332 0.09905 0.05925 -0.68756 0.50826 -0.51858 -0.04619 0.08921 -0.99494 -0.19291 0.50153 -0.84336 -0.56781 0.64332 -0.51354 -0.04619 0.08921 -0.99494 -0.68756 0.50826 -0.51858 -0.30468 0.21816 0.92713 -0.69830 0.08849 0.71032 -0.72287 0.08678 0.68551 -0.30468 0.21816 0.92713 -0.56228 0.50654 0.65365 -0.69830 0.08849 0.71032 0.15731 -0.85202 0.49932 0.43512 -0.71785 0.54347 0.58420 -0.81051 0.04229 -0.87314 -0.19971 0.44468 -0.99332 0.09905 0.05925 -0.74407 -0.10577 0.65967 -0.93862 0.00067 0.34496 -0.70821 0.40055 0.58138 -0.74407 -0.10577 0.65967 -0.93862 0.00067 0.34496 -0.90069 0.43416 0.01618 -0.70821 0.40055 0.58138 -0.93443 0.13373 -0.33010 -0.90069 0.43416 0.01618 -0.93862 0.00067 0.34496 -0.93443 0.13373 -0.33010 -0.04619 0.08921 -0.99494 -0.40159 0.15615 -0.90241 -0.01015 -0.03823 0.99922 0.39063 -0.17810 0.90315 0.70871 -0.46059 0.53440 -0.01015 -0.03823 0.99922 -0.56228 0.50654 0.65365 -0.30468 0.21816 0.92713 -0.90069 0.43416 0.01618 -0.71167 0.69980 0.06167 -0.70821 0.40055 0.58138 -0.90069 0.43416 0.01618 -0.55924 0.67053 -0.48749 -0.71167 0.69980 0.06167 -0.17049 0.06732 -0.98306 -0.55924 0.67053 -0.48749 -0.40159 0.15615 -0.90241 -0.17049 0.06732 -0.98306 -0.03200 -0.06551 -0.99734 -0.55924 0.67053 -0.48749 0.05984 -0.34925 -0.93512 -0.03200 -0.06551 -0.99734 -0.17049 0.06732 -0.98306 0.64531 -0.74034 0.18836 0.87435 -0.48445 0.02850 0.75195 -0.64802 -0.12100 0.64531 -0.74034 0.18836 0.70871 -0.46059 0.53440 0.87435 -0.48445 0.02850 0.06094 0.05894 -0.99640 0.56781 0.64332 -0.51354 0.68756 0.50826 -0.51858 0.51169 0.15622 0.84485 0.59925 0.12992 0.78995 0.40627 0.18669 0.89448 -0.27374 -0.50883 -0.81618 -0.29464 -0.13296 -0.94631 0.06094 0.05894 -0.99640 -0.89053 -0.45176 0.05356 -0.91352 -0.40204 0.06210 -0.93203 -0.36025 0.03922</float_array>
     <technique_common>
      <accessor count="222" source="#realb00-lib-normals-array" stride="3">
       <param name="X" type="float"/>
       <param name="Y" type="float"/>
       <param name="Z" type="float"/>
      </accessor>
     </technique_common>
    </source>
    <source id="realb00-lib-texcoords">
     <float_array id="realb00-lib-texcoords-array" count="444">0.81641 -0.37207 0.78027 -0.57520 0.67773 -0.35449 0.81641 -0.37207 0.96484 -0.43066 0.78027 -0.57520 0.13672 -0.42676 0.28516 -0.60059 0.04199 -0.68750 0.13672 -0.42676 0.25391 -0.44629 0.28516 -0.60059 0.35156 -0.08105 0.25391 -0.44629 0.13672 -0.42676 0.35156 -0.08105 0.39941 -0.37500 0.25391 -0.44629 0.52734 0.00000 0.39941 -0.37500 0.35156 -0.08105 0.52734 0.00000 0.67773 -0.35449 0.39941 -0.37500 0.71973 -0.02051 0.67773 -0.35449 0.52734 0.00000 0.71973 -0.02051 0.81641 -0.37207 0.67773 -0.35449 0.95508 -0.29492 0.81641 -0.37207 0.71973 -0.02051 0.95508 -0.29492 0.96484 -0.43066 0.81641 -0.37207 0.13379 -0.76660 0.24512 -0.95801 0.18945 -0.93848 0.13379 -0.76660 0.20312 -0.70020 0.24512 -0.95801 0.07129 -0.81738 0.18945 -0.93848 0.16211 -0.95996 0.07129 -0.81738 0.13379 -0.76660 0.18945 -0.93848 0.48535 -0.76367 0.44531 -0.96289 0.35938 -0.97070 0.48535 -0.76367 0.53809 -0.80957 0.44531 -0.96289 0.39746 -0.63867 0.35938 -0.97070 0.34180 -0.60059 0.39746 -0.63867 0.48535 -0.76367 0.35938 -0.97070 0.24805 -0.09180 0.16504 -0.29688 0.10938 -0.28125 0.24805 -0.09180 0.35156 -0.08105 0.16504 -0.29688 0.34180 -0.60059 0.24512 -0.95801 0.20312 -0.70020 0.34180 -0.60059 0.28711 -0.93848 0.24512 -0.95801 0.35938 -0.97070 0.28711 -0.93848 0.34180 -0.60059 0.39941 -0.37500 0.28516 -0.60059 0.25391 -0.44629 0.39941 -0.37500 0.43164 -0.56055 0.28516 -0.60059 0.67773 -0.35449 0.43164 -0.56055 0.39941 -0.37500 0.67773 -0.35449 0.66211 -0.55859 0.43164 -0.56055 0.78027 -0.57520 0.66211 -0.55859 0.67773 -0.35449 0.60352 -0.77246 0.74219 -0.99609 0.63086 -0.98535 0.60352 -0.77246 0.95801 -0.75879 0.74219 -0.99609 0.96777 -0.62305 0.95801 -0.75879 0.60352 -0.77246 0.96777 -0.62305 0.60352 -0.77246 0.95801 -0.75879 0.96777 -0.62305 0.54883 -0.64551 0.60352 -0.77246 0.78027 -0.57520 0.81641 -0.37207 0.67773 -0.35449 0.78027 -0.57520 0.96484 -0.43066 0.81641 -0.37207 0.87207 -0.60352 0.96484 -0.43066 0.78027 -0.57520 0.28516 -0.60059 0.13672 -0.42676 0.04199 -0.68750 0.28516 -0.60059 0.25391 -0.44629 0.13672 -0.42676 0.39941 -0.37500 0.25391 -0.44629 0.28516 -0.60059 0.39941 -0.37500 0.35156 -0.08105 0.25391 -0.44629 0.52734 0.00000 0.35156 -0.08105 0.39941 -0.37500 0.18945 -0.93848 0.07129 -0.81738 0.16211 -0.95996 0.18945 -0.93848 0.13379 -0.76660 0.07129 -0.81738 0.24512 -0.95801 0.13379 -0.76660 0.18945 -0.93848 0.24512 -0.95801 0.20312 -0.70020 0.13379 -0.76660 0.34180 -0.60059 0.20312 -0.70020 0.24512 -0.95801 0.35938 -0.97070 0.39746 -0.63867 0.34180 -0.60059 0.35938 -0.97070 0.48535 -0.76367 0.39746 -0.63867 0.44531 -0.96289 0.48535 -0.76367 0.35938 -0.97070 0.44531 -0.96289 0.53809 -0.80957 0.48535 -0.76367 0.50391 -0.97559 0.53809 -0.80957 0.44531 -0.96289 0.16504 -0.29688 0.24805 -0.09180 0.10938 -0.28125 0.16504 -0.29688 0.35156 -0.08105 0.24805 -0.09180 0.28711 -0.93848 0.34180 -0.60059 0.24512 -0.95801 0.28711 -0.93848 0.35938 -0.97070 0.34180 -0.60059 0.43164 -0.56055 0.39941 -0.37500 0.28516 -0.60059 0.43164 -0.56055 0.67773 -0.35449 0.39941 -0.37500 0.66211 -0.55859 0.67773 -0.35449 0.43164 -0.56055 0.66211 -0.55859 0.78027 -0.57520 0.67773 -0.35449 0.25391 -0.44629 0.16504 -0.29688 0.13672 -0.42676 0.25391 -0.44629 0.35156 -0.08105 0.16504 -0.29688 0.67773 -0.35449 0.52734 0.00000 0.39941 -0.37500 0.67773 -0.35449 0.71973 -0.02051 0.52734 0.00000 0.81641 -0.37207 0.71973 -0.02051 0.67773 -0.35449 0.81641 -0.37207 0.95508 -0.29492 0.71973 -0.02051 0.96484 -0.43066 0.95508 -0.29492 0.81641 -0.37207 0.74219 -0.99609 0.60352 -0.77246 0.63086 -0.98535 0.74219 -0.99609 0.95801 -0.75879 0.60352 -0.77246 0.53809 -0.80957 0.50391 -0.97559 0.44531 -0.96289 0.13672 -0.42676 0.16504 -0.29688 0.35156 -0.08105 0.96484 -0.43066 0.87207 -0.60352 0.78027 -0.57520 0.60352 -0.77246 0.54883 -0.64551 0.96777 -0.62305</float_array>
     <technique_common>
      <accessor count="222" offset="0" source="#realb00-lib-texcoords-array" stride="2">
       <param name="U" type="float"/>
       <param name="V" type="float"/>
      </accessor>
     </technique_common>
    </source>
    <vertices id="realb00-lib-vertices">
     <input semantic="POSITION" source="#realb00-lib-positions"/>
    </vertices>
    <polylist count="74" material="mat4.png">
     <input offset="0" semantic="VERTEX" source="#realb00-lib-vertices"/>
     <input offset="1" semantic="NORMAL" source="#realb00-lib-normals"/>
     <input offset="2" semantic="TEXCOORD" source="#realb00-lib-texcoords"/>
     <vcount>3 3 3 3 3 3 3 3 3 3 3 3 3 3 3 3 3 3 3 3 3 3 3 3 3 3 3 3 3 3 3 3 3 3 3 3 3 3 3 3 3 3 3 3 3 3 3 3 3 3 3 3 3 3 3 3 3 3 3 3 3 3 3 3 3 3 3 3 3 3 3 3 3 3</vcount>
     <p>0 2 2 1 1 1 2 0 0 1 5 5 3 4 4 2 3 3 4 8 8 5 7 7 6 6 6 5 11 11 7 10 10 6 9 9 6 14 14 7 13 13 8 12 12 7 17 17 9 16 16 8 15 15 8 20 20 9 19 19 10 18 18 9 23 23 0 22 22 10 21 21 10 26 26 0 25 25 11 24 24 0 29 29 2 28 28 11 27 27 11 32 32 2 31 31 12 30 30 2 35 35 3 34 34 12 33 33 13 38 38 14 37 37 15 36 36 14 41 41 4 40 40 15 39 39 16 44 44 13 43 43 1 42 42 13 47 47 15 46 46 1 45 45 17 50 50 18 49 49 19 48 48 18 53 53 1 52 52 19 51 51 5 56 56 17 55 55 20 54 54 17 59 59 19 58 58 20 57 57 21 62 62 22 61 61 23 60 60 22 65 65 8 64 64 23 63 63 4 68 68 14 67 67 5 66 66 14 71 71 24 70 70 5 69 69 5 74 74 24 73 73 17 72 72 7 77 77 5 76 76 9 75 75 5 80 80 20 79 79 9 78 78 9 83 83 20 82 82 0 81 81 20 86 86 19 85 85 0 84 84 0 89 89 19 88 88 1 87 87 15 92 92 4 91 91 3 90 90 4 95 95 6 94 94 3 93 93 3 98 98 6 97 97 22 96 96 25 101 101 26 100 100 27 99 99 26 104 104 28 103 103 27 102 102 29 107 107 30 106 106 31 105 105 30 110 110 26 109 109 31 108 108 31 113 113 26 112 112 32 111 111 33 116 116 25 115 115 34 114 114 25 119 119 35 118 118 34 117 117 34 122 122 35 121 121 36 120 120 35 125 125 37 124 124 36 123 123 36 128 128 37 127 127 38 126 126 39 131 131 31 130 130 40 129 129 31 134 134 32 133 133 40 132 132 40 137 137 32 136 136 41 135 135 32 140 140 33 139 139 41 138 138 41 143 143 33 142 142 34 141 141 34 146 146 42 145 145 43 144 144 42 149 149 44 148 148 43 147 147 43 152 152 44 151 151 45 150 150 44 155 155 31 154 154 45 153 153 45 158 158 31 157 157 39 156 156 46 161 161 47 160 160 27 159 159 47 164 164 37 163 163 27 162 162 41 167 167 34 166 166 48 165 165 34 170 170 43 169 169 48 168 168 34 173 173 36 172 172 42 171 171 36 176 176 29 175 175 42 174 174 42 179 179 29 178 178 44 177 177 29 182 182 31 181 181 44 180 180 25 185 185 27 184 184 35 183 183 27 188 188 37 187 187 35 186 186 36 191 191 38 190 190 29 189 189 38 194 194 49 193 193 29 192 192 29 197 197 49 196 196 30 195 195 49 200 200 28 199 199 30 198 198 30 203 203 28 202 202 26 201 201 32 206 206 26 205 205 33 204 204 26 209 209 25 208 208 33 207 207 18 212 212 16 211 211 1 210 210 8 215 215 22 214 214 6 213 213 1 218 218 15 217 217 3 216 216 22 221 221 12 220 220 3 219 219</p>
    </polylist>
   </mesh>
  </geometry>
  <geometry id="realb00_1-lib" name="realb00_1">
   <mesh>
    <source id="realb00_1-lib-positions" name="position">
     <float_array id="realb00_1-lib-positions-array" count="57">0.04199 18.34042 6.71509 0.00391 18.11518 6.97593 0.00391 18.65186 6.98749 0.05469 17.60902 6.33858 0.00391 16.33519 5.89024 0.08008 17.03605 5.62816 0.10547 16.98035 5.29113 0.00391 16.59026 5.95222 -0.07227 17.04142 5.62274 -0.05957 17.20553 5.90331 0.00391 16.52223 6.25691 0.06738 17.20104 5.90766 0.00391 17.23656 6.71156 -0.04688 17.61263 6.33530 -0.03418 18.34112 6.71209 -0.02148 18.42215 6.60528 0.00391 19.17199 6.83584 0.02930 18.42145 6.60829 -0.09766 16.98757 5.28456</float_array>
     <technique_common>
      <accessor count="19" source="#realb00_1-lib-positions-array" stride="3">
       <param name="X" type="float"/>
       <param name="Y" type="float"/>
       <param name="Z" type="float"/>
      </accessor>
     </technique_common>
    </source>
    <source id="realb00_1-lib-normals" name="normal">
     <float_array id="realb00_1-lib-normals-array" count="294">0.99644 0.03599 0.07630 0.99255 -0.02666 0.11892 0.99724 0.02453 0.07012 0.99644 0.03599 0.07630 0.99465 -0.04215 0.09430 0.99255 -0.02666 0.11892 0.98864 -0.05517 0.13979 0.99168 -0.08124 0.09986 0.99333 -0.07532 0.08728 0.98864 -0.05517 0.13979 0.99347 -0.07379 0.08699 0.99168 -0.08124 0.09986 -0.99190 -0.08019 0.09856 -0.99366 -0.07313 0.08541 -0.98891 -0.05430 0.13824 -0.99190 -0.08019 0.09856 -0.99466 -0.07237 0.07362 -0.99366 -0.07313 0.08541 0.99650 -0.07668 0.03322 0.99465 -0.04215 0.09430 0.99456 -0.07307 0.07429 0.99650 -0.07668 0.03322 0.99486 -0.04466 0.09085 0.99465 -0.04215 0.09430 -0.99475 -0.04180 0.09344 -0.99495 -0.04427 0.09004 -0.99655 -0.07609 0.03301 -0.99475 -0.04180 0.09344 -0.99269 -0.02636 0.11777 -0.99495 -0.04427 0.09004 -0.99650 0.03633 0.07528 -0.99269 -0.02636 0.11777 -0.99475 -0.04180 0.09344 -0.99650 0.03633 0.07528 -0.99727 0.02439 0.06976 -0.99269 -0.02636 0.11777 -0.99584 0.09030 0.01189 -0.99727 0.02439 0.06976 -0.99650 0.03633 0.07528 -0.99584 0.09030 0.01189 -0.99827 0.01645 0.05643 -0.99727 0.02439 0.06976 0.99584 0.09032 0.01180 0.99724 0.02453 0.07012 0.99825 0.01656 0.05678 0.99584 0.09032 0.01180 0.99644 0.03599 0.07630 0.99724 0.02453 0.07012 0.04029 0.98629 -0.16004 0.04494 0.94285 -0.33017 0.04023 0.98628 -0.16008 0.04029 0.98629 -0.16004 0.04502 0.94122 -0.33478 0.04494 0.94285 -0.33017 0.06059 0.29148 -0.95465 0.06059 0.29148 -0.95465 0.02216 -0.79583 -0.60511 0.01850 -0.79692 -0.60380 0.02492 -0.79500 -0.60609 0.01651 -0.79750 -0.60309 0.01850 -0.79692 -0.60380 0.02216 -0.79583 -0.60511 0.03972 0.45792 -0.88811 0.04703 0.60302 -0.79634 0.03928 0.45788 -0.88814 0.04727 0.60152 -0.79746 0.04703 0.60302 -0.79634 0.03972 0.45792 -0.88811 0.04727 0.60152 -0.79746 0.04873 0.79973 -0.59838 0.04703 0.60302 -0.79634 0.04887 0.80027 -0.59765 0.04873 0.79973 -0.59838 0.04727 0.60152 -0.79746 0.04887 0.80027 -0.59765 0.04502 0.94122 -0.33478 0.04873 0.79973 -0.59838 0.04494 0.94285 -0.33017 0.04502 0.94122 -0.33478 0.04887 0.80027 -0.59765 0.99347 -0.07379 0.08699 0.99456 -0.07307 0.07429 0.99168 -0.08124 0.09986 0.99347 -0.07379 0.08699 0.99650 -0.07668 0.03322 0.99456 -0.07307 0.07429 -0.99466 -0.07237 0.07362 -0.99655 -0.07609 0.03301 -0.99366 -0.07313 0.08541 -0.99466 -0.07237 0.07362 -0.99475 -0.04180 0.09344 -0.99655 -0.07609 0.03301 -0.98891 -0.05430 0.13824 -0.99347 -0.07441 0.08644 -0.99190 -0.08019 0.09856 0.99465 -0.04215 0.09430 0.99486 -0.04466 0.09085 0.99255 -0.02666 0.11892</float_array>
     <technique_common>
      <accessor count="98" source="#realb00_1-lib-normals-array" stride="3">
       <param name="X" type="float"/>
       <param name="Y" type="float"/>
       <param name="Z" type="float"/>
      </accessor>
     </technique_common>
    </source>
    <source id="realb00_1-lib-texcoords">
     <float_array id="realb00_1-lib-texcoords-array" count="198">0.48633 -0.40820 0.26172 -0.38867 0.36523 -0.21094 0.48633 -0.40820 0.56055 -0.61719 0.26172 -0.38867 0.02539 -0.99023 0.75781 -0.85352 0.88672 -0.99219 0.02539 -0.99023 0.28125 -0.89648 0.75781 -0.85352 0.75781 -0.85352 0.28125 -0.89648 0.02539 -0.99023 0.75781 -0.85352 0.67578 -0.77539 0.28125 -0.89648 0.17188 -0.83008 0.56055 -0.61719 0.67578 -0.77539 0.17188 -0.83008 0.18555 -0.59961 0.56055 -0.61719 0.56055 -0.61719 0.18555 -0.59961 0.17188 -0.83008 0.56055 -0.61719 0.26172 -0.38867 0.18555 -0.59961 0.48633 -0.40820 0.26172 -0.38867 0.56055 -0.61719 0.48633 -0.40820 0.36523 -0.21094 0.26172 -0.38867 0.60742 -0.19336 0.36523 -0.21094 0.48633 -0.40820 0.60742 -0.19336 0.61523 0.00195 0.36523 -0.21094 0.60742 -0.19336 0.36523 -0.21094 0.61523 0.00195 0.60742 -0.19336 0.48633 -0.40820 0.36523 -0.21094 0.58008 -0.39062 0.66797 -0.44922 0.65820 -0.39062 0.58008 -0.39062 0.60938 -0.44922 0.66797 -0.44922 0.68750 -0.56641 0.66797 -0.56641 0.69727 -0.62500 0.68750 -0.56641 0.65234 -0.53711 0.66797 -0.56641 0.68164 -0.53711 0.65234 -0.53711 0.68750 -0.56641 0.68164 -0.53711 0.63867 -0.50781 0.65234 -0.53711 0.67773 -0.50781 0.63867 -0.50781 0.68164 -0.53711 0.67773 -0.50781 0.62305 -0.47852 0.63867 -0.50781 0.67188 -0.47852 0.62305 -0.47852 0.67773 -0.50781 0.67188 -0.47852 0.60938 -0.44922 0.62305 -0.47852 0.66797 -0.44922 0.60938 -0.44922 0.67188 -0.47852 0.28125 -0.89648 0.67578 -0.77539 0.75781 -0.85352 0.28125 -0.89648 0.17188 -0.83008 0.67578 -0.77539 0.67578 -0.77539 0.17188 -0.83008 0.28125 -0.89648 0.67578 -0.77539 0.56055 -0.61719 0.17188 -0.83008 0.02539 -0.99023 0.88672 -0.99219 0.75781 -0.85352 0.56055 -0.61719 0.18555 -0.59961 0.26172 -0.38867</float_array>
     <technique_common>
      <accessor count="99" offset="0" source="#realb00_1-lib-texcoords-array" stride="2">
       <param name="U" type="float"/>
       <param name="V" type="float"/>
      </accessor>
     </technique_common>
    </source>
    <vertices id="realb00_1-lib-vertices">
     <input semantic="POSITION" source="#realb00_1-lib-positions"/>
    </vertices>
    <polylist count="33" material="mat8.png">
     <input offset="0" semantic="VERTEX" source="#realb00_1-lib-vertices"/>
     <input offset="1" semantic="NORMAL" source="#realb00_1-lib-normals"/>
     <input offset="2" semantic="TEXCOORD" source="#realb00_1-lib-texcoords"/>
     <vcount>3 3 3 3 3 3 3 3 3 3 3 3 3 3 3 3 3 3 3 3 3 3 3 3 3 3 3 3 3 3 3 3 3</vcount>
     <p>2 2 2 1 1 1 0 0 0 1 5 5 3 4 4 0 3 3 6 8 8 5 7 7 4 6 6 5 11 11 7 10 10 4 9 9 4 14 14 7 13 13 8 12 12 7 17 17 9 16 16 8 15 15 11 20 20 3 19 19 10 18 18 3 23 23 12 22 22 10 21 21 10 26 26 12 25 25 13 24 24 12 29 29 1 28 28 13 27 27 13 32 32 1 31 31 14 30 30 1 35 35 2 34 34 14 33 33 14 38 38 2 37 37 15 36 36 2 41 41 16 40 40 15 39 39 16 44 44 2 43 43 17 42 42 2 47 47 0 46 46 17 45 45 18 50 50 8 49 49 6 48 48 8 53 53 5 52 52 6 51 51 16 55 56 17 54 55 15 54 54 17 58 59 0 57 58 15 56 57 15 61 62 0 60 61 14 59 60 0 64 65 3 63 64 14 62 63 14 67 68 3 66 67 13 65 66 3 70 71 11 69 70 13 68 69 13 73 74 11 72 73 9 71 72 11 76 77 5 75 76 9 74 75 9 79 80 5 78 79 8 77 78 5 82 83 11 81 82 7 80 81 11 85 86 10 84 85 7 83 84 7 88 89 10 87 88 9 86 87 10 91 92 13 90 91 9 89 90 8 94 95 18 93 94 4 92 93 1 97 98 12 96 97 3 95 96</p>
    </polylist>
   </mesh>
  </geometry>
  <geometry id="realb00_2-lib" name="realb00_2">
   <mesh>
    <source id="realb00_2-lib-positions" name="position">
     <float_array id="realb00_2-lib-positions-array" count="507">0.61426 16.60455 4.44712 0.58008 15.97293 4.43776 0.56641 16.22238 4.68763 0.65234 16.13088 4.29418 0.85547 16.74374 4.24060 0.71582 16.23499 4.06943 0.61426 16.66547 4.74637 0.42090 16.25144 5.31067 0.79199 17.05723 4.08218 0.72949 16.67985 3.93084 0.60254 15.96920 3.39148 0.49512 16.75676 5.23008 0.24512 16.30568 5.73513 0.68750 17.26814 4.41126 0.60742 17.26248 4.09496 0.00293 16.08724 3.84713 0.00293 16.67985 3.93084 0.00293 17.05651 3.48880 -0.72363 16.67985 3.93084 -0.78223 17.05651 3.48880 0.78809 17.05642 3.48783 0.57227 17.21136 3.08656 0.00293 17.35825 2.68312 -0.56738 17.21136 3.08656 0.60742 17.26316 3.79376 0.66797 17.94395 2.46832 0.17969 17.40945 4.10350 0.22559 17.37285 3.25752 0.46387 17.31584 3.81129 0.00293 15.92767 4.04363 0.00293 15.85933 4.18719 -0.57422 15.97293 4.43776 0.00293 15.98769 3.96551 -0.64648 16.13098 4.29516 0.00293 16.32026 5.97014 0.00293 17.14002 5.15524 -0.48926 16.75676 5.23008 0.00293 15.38714 4.77520 0.22168 15.62009 4.93468 0.22168 15.36054 4.48620 0.00293 15.48115 4.95902 -0.21582 15.61930 4.93525 0.00293 15.94596 5.71748 0.11133 16.17629 5.94170 0.20020 16.07573 5.57659 0.00293 16.07421 6.08485 -0.10449 16.17629 5.94170 -0.71094 16.23499 4.06943 -0.84961 16.74374 4.24060 -0.60938 16.60455 4.44712 -0.41504 16.25153 5.31165 -0.23926 16.30568 5.73513 -0.60938 16.66547 4.74637 -0.56152 16.22248 4.68860 -0.59668 15.96929 3.39245 -0.78613 17.05723 4.08218 -0.60156 17.26316 3.79376 -0.68164 17.26814 4.41126 -0.60156 17.26248 4.09496 -0.17383 17.40945 4.10350 -0.66211 17.94395 2.46832 -0.21973 17.37285 3.25752 -0.45801 17.31584 3.81129 0.56543 16.77245 5.24035 0.51562 16.67121 5.17644 0.37109 16.39817 5.52228 0.74902 16.88537 4.85094 0.52148 17.04139 5.00575 0.81152 17.28651 4.62432 0.62207 17.43792 4.83352 0.89453 17.66742 4.33980 0.63965 16.65471 4.63361 0.84863 17.04747 4.37052 0.99316 17.47306 4.17394 1.19336 18.28507 3.69917 0.98828 17.17464 3.96602 -0.55176 16.77245 5.24035 -0.40430 16.89050 5.30559 -0.37012 16.39817 5.52228 -0.49219 17.04139 5.00575 -0.71289 16.88537 4.85094 -0.81152 17.28651 4.62432 -0.84766 17.04747 4.37052 -0.99316 17.47306 4.17394 -0.98828 17.17464 3.96602 -1.19336 18.28507 3.69917 -0.63574 16.65471 4.63361 -0.49805 16.67121 5.17644 -4.57669 2.37610 -1.32164 -4.96662 3.44879 -1.97467 -5.67079 2.80355 -1.39918 -4.38926 3.23547 -1.91987 -4.62641 2.80236 -0.96351 -4.46903 3.39183 -1.30621 -4.82733 3.60734 -1.33294 -5.16068 3.23081 -0.96737 -5.72438 1.11432 -0.39078 -4.89031 0.78812 -0.34176 -6.18438 1.31331 -0.40524 -6.71705 1.69725 -0.38690 -6.18202 2.13408 0.14483 -4.86874 1.49537 0.21411 -6.13322 1.26390 0.06716 -5.65542 1.01532 0.08684 -6.21848 0.90366 0.50629 -5.85059 0.72414 0.51175 -6.31157 0.20039 1.02325 -6.81834 1.21515 0.45821 -6.45074 1.03508 0.46442 -6.98888 0.50056 0.92442 -6.57802 1.37346 0.80403 -5.85826 1.18863 0.94814 -5.28464 1.75389 0.19224 -5.44297 1.99474 0.26379 -5.82603 2.00264 0.18340 -5.18744 0.75333 0.85752 -5.56134 0.60835 0.49611 -5.23130 0.47302 0.47839 -5.59188 -0.04766 0.89470 -4.58969 3.51124 -2.79582 -4.53806 3.59421 -1.66921 -4.89614 2.99179 -0.55530 -0.62207 17.43792 4.83352 -0.89453 17.66742 4.33980 0.41406 16.89050 5.30559 4.57669 2.37610 -1.32164 4.96662 3.44879 -1.97467 4.38926 3.23547 -1.91987 5.67079 2.80355 -1.39918 4.62676 2.80165 -0.96293 4.46903 3.39183 -1.30621 4.82733 3.60734 -1.33294 5.16068 3.23081 -0.96737 5.72438 1.11432 -0.39078 4.89031 0.78812 -0.34176 6.18438 1.31331 -0.40524 6.71705 1.69725 -0.38690 6.18202 2.13408 0.14483 5.44297 1.99474 0.26379 4.89614 2.99179 -0.55530 5.82609 2.00240 0.18284 4.86874 1.49537 0.21411 6.13337 1.26346 0.06672 5.65518 1.01587 0.08676 6.81834 1.21515 0.45821 6.45074 1.03508 0.46442 6.98888 0.50056 0.92442 6.57802 1.37346 0.80403 5.85826 1.18863 0.94814 5.85059 0.72414 0.51175 6.31157 0.20039 1.02325 6.21848 0.90366 0.50629 5.28483 1.75360 0.19308 5.23123 0.47306 0.47769 5.18744 0.75333 0.85752 5.56134 0.60835 0.49611 5.59188 -0.04766 0.89470 4.58969 3.51124 -2.79582 4.53806 3.59421 -1.66921 0.35059 15.86368 4.77831 0.37305 15.76756 4.42450 0.00293 15.72165 4.33955 0.00293 17.56005 3.50254 0.00293 17.56014 3.50351 0.00293 17.43280 4.46126 -0.34473 15.86368 4.77831 -0.36719 15.76756 4.42450 -0.19434 16.07573 5.57659 -0.21582 15.36054 4.48620</float_array>
     <technique_common>
      <accessor count="169" source="#realb00_2-lib-positions-array" stride="3">
       <param name="X" type="float"/>
       <param name="Y" type="float"/>
       <param name="Z" type="float"/>
      </accessor>
     </technique_common>
    </source>
    <source id="realb00_2-lib-normals" name="normal">
     <float_array id="realb00_2-lib-normals-array" count="2454">0.93816 -0.20282 0.28055 0.88107 -0.34954 0.31865 0.96451 -0.16264 0.20801 0.93816 -0.20282 0.28055 0.91351 -0.14596 0.37974 0.88107 -0.34954 0.31865 0.60090 0.24160 0.76194 0.91351 -0.14596 0.37974 0.93816 -0.20282 0.28055 0.60090 0.24160 0.76194 0.89574 -0.41638 -0.15583 0.91351 -0.14596 0.37974 0.98244 -0.07785 0.16954 0.96451 -0.16264 0.20801 0.93074 -0.15254 0.33234 0.98244 -0.07785 0.16954 0.93816 -0.20282 0.28055 0.96451 -0.16264 0.20801 0.93181 0.34586 0.11009 0.93816 -0.20282 0.28055 0.98244 -0.07785 0.16954 0.39659 0.47674 0.78450 0.60090 0.24160 0.76194 0.39659 0.47674 0.78450 0.96925 -0.10366 -0.22317 0.92894 -0.06199 -0.36501 0.93181 0.34586 0.11009 0.96925 -0.10366 -0.22317 0.89574 -0.41638 -0.15583 0.92894 -0.06199 -0.36501 0.98795 -0.07289 -0.13651 0.89574 -0.41638 -0.15583 0.96925 -0.10366 -0.22317 0.79337 0.33588 0.50768 0.93074 -0.15254 0.33234 0.83156 0.05801 0.55239 0.79337 0.33588 0.50768 0.98244 -0.07785 0.16954 0.93074 -0.15254 0.33234 0.96997 -0.19711 -0.14249 0.98244 -0.07785 0.16954 0.79337 0.33588 0.50768 0.96997 -0.19711 -0.14249 0.62194 0.77976 0.07188 0.98244 -0.07785 0.16954 -0.23945 0.41741 -0.87660 -0.00020 0.43047 -0.90261 -0.40747 0.59717 -0.69091 -0.23945 0.41741 -0.87660 0.00000 -0.35450 -0.93506 -0.00020 0.43047 -0.90261 -0.00015 -0.86082 -0.50891 0.00000 -0.35450 -0.93506 -0.00053 -0.76158 -0.64807 -0.00015 -0.86082 -0.50891 0.00000 -0.55413 -0.83243 0.00000 -0.35450 -0.93506 0.00000 -0.84696 -0.53166 0.00000 -0.55413 -0.83243 -0.00015 -0.86082 -0.50891 -0.00076 -0.84709 -0.53145 -0.00015 -0.86082 -0.50891 -0.00053 -0.76158 -0.64807 -0.00076 -0.84709 -0.53145 0.00305 -0.93467 -0.35550 -0.00015 -0.86082 -0.50891 0.00000 -0.93648 -0.35073 -0.00015 -0.86082 -0.50891 0.00305 -0.93467 -0.35550 0.00000 -0.93648 -0.35073 -0.00333 -0.93480 -0.35515 -0.00015 -0.86082 -0.50891 0.93181 0.34586 0.11009 0.82576 0.56128 -0.05553 0.96925 -0.10366 -0.22317 0.93181 0.34586 0.11009 0.60213 0.79793 -0.02725 0.82576 0.56128 -0.05553 0.62194 0.77976 0.07188 0.60213 0.79793 -0.02725 0.93181 0.34586 0.11009 -0.83256 0.54963 -0.06895 0.63342 0.65953 0.40473 0.63342 0.65953 0.40473 0.50625 -0.80814 -0.30103 0.50625 -0.80814 -0.30103 0.50625 -0.80814 -0.30103 -0.00028 -0.83596 -0.54879 0.43557 -0.64293 -0.63001 0.39820 -0.80649 -0.43704 -0.00028 -0.83596 -0.54879 0.00000 -0.81510 -0.57932 0.43557 -0.64293 -0.63001 -0.69170 -0.69442 -0.19831 0.00000 -0.81510 -0.57932 -0.00028 -0.83596 -0.54879 -0.00005 -0.80124 -0.59835 0.39820 -0.80649 -0.43704 0.89574 -0.41638 -0.15583 -0.00005 -0.80124 -0.59835 -0.00028 -0.83596 -0.54879 0.39820 -0.80649 -0.43704 -0.59195 -0.74081 -0.31747 -0.00028 -0.83596 -0.54879 -0.00005 -0.80124 -0.59835 -0.59195 -0.74081 -0.31747 -0.69170 -0.69442 -0.19831 -0.00028 -0.83596 -0.54879 0.47631 0.49116 0.72930 0.79337 0.33588 0.50768 0.83156 0.05801 0.55239 0.47631 0.49116 0.72930 0.00000 0.80523 0.59297 0.79337 0.33588 0.50768 -0.79285 0.33637 0.50818 0.00000 0.80523 0.59297 0.47631 0.49116 0.72930 0.59922 -0.77732 0.19162 0.75494 -0.57238 0.32008 0.79921 -0.52630 0.29031 0.59922 -0.77732 0.19162 0.52457 -0.75799 0.38766 0.75494 -0.57238 0.32008 -0.75447 -0.57328 0.31955 -0.52185 -0.75947 0.38843 -0.59773 -0.77854 0.19131 0.71411 -0.63106 0.30301 0.78721 -0.54885 0.28118 0.76406 -0.54987 0.33742 0.71411 -0.63106 0.30301 0.79805 -0.56892 0.19861 0.78721 -0.54885 0.28118 -0.78830 -0.54728 0.28120 -0.80066 -0.56564 0.19747 -0.71513 -0.62943 0.30397 0.00016 -0.93564 0.35295 0.08361 -0.93241 0.35159 0.08361 -0.93241 0.35159 0.00020 -0.76536 -0.64361 -0.00005 -0.80124 -0.59835 0.89574 -0.41638 -0.15583 -0.89621 -0.41578 -0.15468 -0.00005 -0.80124 -0.59835 0.00020 -0.76536 -0.64361 -0.89621 -0.41578 -0.15468 -0.59195 -0.74081 -0.31747 -0.00005 -0.80124 -0.59835 -0.87890 -0.08193 0.46992 -0.99001 -0.13049 -0.05346 -0.92918 -0.14847 0.33850 -0.59195 -0.74081 -0.31747 -0.89621 -0.41578 -0.15468 -0.99001 -0.13049 -0.05346 -0.93037 -0.15210 0.33359 -0.79285 0.33637 0.50818 -0.83127 0.05598 0.55304 -0.93037 -0.15210 0.33359 -0.98241 -0.07666 0.17029 -0.79285 0.33637 0.50818 -0.96450 -0.16384 0.20712 -0.98241 -0.07666 0.17029 -0.93037 -0.15210 0.33359 -0.96450 -0.16384 0.20712 -0.92918 -0.14847 0.33850 -0.98241 -0.07666 0.17029 -0.96474 -0.05751 0.25684 -0.92918 -0.14847 0.33850 -0.96450 -0.16384 0.20712 -0.96474 -0.05751 0.25684 -0.87890 -0.08193 0.46992 -0.92918 -0.14847 0.33850 -0.00020 0.43047 -0.90261 0.40702 0.59672 -0.69156 0.40702 0.59672 -0.69156 -0.00020 0.43047 -0.90261 0.00000 -0.35450 -0.93506 0.00000 -0.55413 -0.83243 -0.96921 -0.10271 -0.22381 -0.89621 -0.41578 -0.15468 -0.98776 -0.07139 -0.13869 -0.96921 -0.10271 -0.22381 -0.99001 -0.13049 -0.05346 -0.89621 -0.41578 -0.15468 -0.93176 0.34604 0.10988 -0.99001 -0.13049 -0.05346 -0.96921 -0.10271 -0.22381 -0.39775 0.47669 0.78394 -0.92918 -0.14847 0.33850 -0.39775 0.47669 0.78394 -0.98241 -0.07666 0.17029 -0.92918 -0.14847 0.33850 -0.93176 0.34604 0.10988 -0.82620 0.56069 -0.05490 -0.93176 0.34604 0.10988 -0.96921 -0.10271 -0.22381 -0.82620 0.56069 -0.05490 -0.60212 0.79795 -0.02702 -0.93176 0.34604 0.10988 -0.48586 0.86190 -0.14514 -0.60212 0.79795 -0.02702 -0.82620 0.56069 -0.05490 -0.98241 -0.07666 0.17029 -0.97033 -0.19547 -0.14229 -0.79285 0.33637 0.50818 -0.98241 -0.07666 0.17029 -0.59499 0.80337 -0.02410 -0.97033 -0.19547 -0.14229 -0.93176 0.34604 0.10988 -0.65722 0.55955 0.50494 -0.98241 -0.07666 0.17029 -0.93176 0.34604 0.10988 -0.60212 0.79795 -0.02702 -0.59499 0.80337 -0.02410 0.83256 0.54963 -0.06895 0.83256 0.54963 -0.06895 0.83256 0.54963 -0.06895 -0.63342 0.65953 0.40473 -0.63342 0.65953 0.40473 -0.63342 0.65953 0.40473 0.85143 -0.50599 0.13802 0.85340 -0.50631 0.12395 0.89272 -0.45028 0.01758 0.85143 -0.50599 0.13802 0.90726 -0.25592 0.33375 0.85340 -0.50631 0.12395 0.70737 0.39768 0.58436 0.69436 0.53414 0.48225 0.63507 0.44552 0.63104 0.70737 0.39768 0.58436 0.88491 0.07443 0.45978 0.90726 -0.25592 0.33375 0.78225 0.14014 0.60700 0.88491 0.07443 0.45978 0.70737 0.39768 0.58436 0.78225 0.14014 0.60700 0.88293 0.10562 0.45747 0.88491 0.07443 0.45978 0.90726 -0.25592 0.33375 0.85633 -0.50552 0.10556 0.85340 -0.50631 0.12395 0.90726 -0.25592 0.33375 0.95591 -0.19565 0.21898 0.85633 -0.50552 0.10556 0.88491 0.07443 0.45978 0.95591 -0.19565 0.21898 0.90726 -0.25592 0.33375 0.88491 0.07443 0.45978 0.94685 -0.06692 0.31464 0.95591 -0.19565 0.21898 0.88293 0.10562 0.45747 0.94685 -0.06692 0.31464 0.88491 0.07443 0.45978 0.88293 0.10562 0.45747 0.94495 -0.04334 0.32433 0.94685 -0.06692 0.31464 0.94685 -0.06692 0.31464 0.95772 -0.17485 0.22846 0.95591 -0.19565 0.21898 0.94685 -0.06692 0.31464 0.94495 -0.04334 0.32433 0.95772 -0.17485 0.22846 -0.64843 0.45392 0.61114 -0.63691 0.44937 0.62643 -0.57456 0.29596 0.76308 -0.64843 0.45392 0.61114 -0.71642 0.38798 0.57984 -0.63691 0.44937 0.62643 -0.90856 -0.11612 0.40129 -0.71642 0.38798 0.57984 -0.64843 0.45392 0.61114 -0.90856 -0.11612 0.40129 -0.87994 0.04798 0.47266 -0.71642 0.38798 0.57984 -0.94766 -0.20306 0.24638 -0.87994 0.04798 0.47266 -0.90856 -0.11612 0.40129 -0.94766 -0.20306 0.24638 -0.94676 -0.06742 0.31481 -0.87994 0.04798 0.47266 -0.95735 -0.17556 0.22949 -0.94676 -0.06742 0.31481 -0.94766 -0.20306 0.24638 -0.95735 -0.17556 0.22949 -0.94495 -0.04334 0.32433 -0.94676 -0.06742 0.31481 -0.90856 -0.11612 0.40129 -0.87937 -0.44746 0.16274 -0.94766 -0.20306 0.24638 -0.90856 -0.11612 0.40129 -0.86233 -0.49838 0.08946 -0.87937 -0.44746 0.16274 -0.85467 -0.51107 0.09131 -0.86233 -0.49838 0.08946 -0.90856 -0.11612 0.40129 -0.85467 -0.51107 0.09131 -0.89049 -0.45408 -0.02909 -0.86233 -0.49838 0.08946 -0.14256 -0.52535 -0.83886 -0.22857 -0.74977 -0.62096 -0.17435 -0.51761 -0.83767 -0.14256 -0.52535 -0.83886 -0.21835 -0.75105 -0.62310 -0.22857 -0.74977 -0.62096 0.95813 -0.04132 0.28335 0.93935 0.33986 0.04598 0.98193 -0.05806 0.18010 0.95813 -0.04132 0.28335 0.99423 0.00013 0.10724 0.93935 0.33986 0.04598 -0.54938 0.83535 -0.01949 -0.68565 0.72470 0.06856 -0.52692 0.84467 -0.09431 -0.54938 0.83535 -0.01949 -0.59676 0.75736 0.26512 -0.68565 0.72470 0.06856 -0.14256 -0.52535 -0.83886 -0.31028 -0.78553 -0.53541 -0.31335 -0.70061 -0.64106 -0.14256 -0.52535 -0.83886 -0.17435 -0.51761 -0.83767 -0.31028 -0.78553 -0.53541 -0.17435 -0.51761 -0.83767 -0.43177 -0.75805 -0.48881 -0.31028 -0.78553 -0.53541 -0.17435 -0.51761 -0.83767 -0.38702 -0.68522 -0.61700 -0.43177 -0.75805 -0.48881 -0.59676 0.75736 0.26512 -0.72231 0.66844 0.17736 -0.68565 0.72470 0.06856 -0.59676 0.75736 0.26512 -0.71597 0.67944 0.16046 -0.72231 0.66844 0.17736 0.98193 -0.05806 0.18010 0.96804 -0.17950 0.17516 0.95813 -0.04132 0.28335 0.98193 -0.05806 0.18010 0.95969 -0.19120 0.20603 0.96804 -0.17950 0.17516 -0.39328 -0.84334 -0.36621 -0.31028 -0.78553 -0.53541 -0.43177 -0.75805 -0.48881 -0.39328 -0.84334 -0.36621 -0.41039 -0.82579 -0.38684 -0.31028 -0.78553 -0.53541 -0.30259 -0.63835 -0.70777 -0.41039 -0.82579 -0.38684 -0.39328 -0.84334 -0.36621 -0.30259 -0.63835 -0.70777 -0.30001 -0.63641 -0.71062 -0.41039 -0.82579 -0.38684 -0.25667 -0.55014 -0.79465 -0.30001 -0.63641 -0.71062 -0.30259 -0.63835 -0.70777 -0.38702 -0.68522 -0.61700 -0.39328 -0.84334 -0.36621 -0.43177 -0.75805 -0.48881 -0.38702 -0.68522 -0.61700 -0.25625 -0.66245 -0.70392 -0.39328 -0.84334 -0.36621 -0.25625 -0.66245 -0.70392 -0.28773 -0.61279 -0.73600 -0.39328 -0.84334 -0.36621 -0.25625 -0.66245 -0.70392 -0.22751 -0.49342 -0.83951 -0.28773 -0.61279 -0.73600 -0.71597 0.67944 0.16046 -0.78710 0.53653 0.30433 -0.72231 0.66844 0.17736 -0.71597 0.67944 0.16046 -0.78690 0.53926 0.29998 -0.78710 0.53653 0.30433 0.82620 -0.15848 0.54062 0.85099 -0.17638 0.49468 0.84488 -0.05175 0.53245 0.82620 -0.15848 0.54062 0.77015 -0.28370 0.57131 0.85099 -0.17638 0.49468 0.87453 -0.31077 0.37232 0.53740 0.19296 0.82096 0.87878 -0.38345 0.28411 0.87453 -0.31077 0.37232 0.31873 0.53777 0.78052 0.53740 0.19296 0.82096 -0.06290 0.51474 0.85503 0.31873 0.53777 0.78052 -0.78172 0.47156 0.40811 0.89596 -0.29617 0.33097 0.87453 -0.31077 0.37232 0.87878 -0.38345 0.28411 0.89596 -0.29617 0.33097 0.84575 -0.35787 0.39576 0.87453 -0.31077 0.37232 -0.64319 0.51009 0.57107 -0.50455 0.47232 0.72273 -0.06769 0.46236 0.88411 -0.64319 0.51009 0.57107 -0.71236 0.40043 0.57636 -0.50455 0.47232 0.72273 0.91472 -0.34939 0.20302 0.96804 -0.17950 0.17516 0.95969 -0.19120 0.20603 0.91472 -0.34939 0.20302 0.92087 -0.35676 0.15723 0.96804 -0.17950 0.17516 0.87522 -0.43181 0.21800 0.92087 -0.35676 0.15723 0.91472 -0.34939 0.20302 -0.71395 0.38756 0.58316 -0.71236 0.40043 0.57636 -0.64319 0.51009 0.57107 -0.41039 -0.82579 -0.38684 -0.31335 -0.70061 -0.64106 -0.31028 -0.78553 -0.53541 -0.41039 -0.82579 -0.38684 -0.35498 -0.63920 -0.68221 -0.31335 -0.70061 -0.64106 -0.29653 -0.62910 -0.71855 -0.35498 -0.63920 -0.68221 -0.41039 -0.82579 -0.38684 -0.29653 -0.62910 -0.71855 -0.24755 -0.49465 -0.83309 -0.35498 -0.63920 -0.68221 -0.80570 0.47964 0.34754 -0.78172 0.47156 0.40811 -0.81880 0.40641 0.40546 -0.80570 0.47964 0.34754 -0.86337 0.40280 0.30388 -0.78172 0.47156 0.40811 0.90595 0.42152 -0.03960 0.99423 0.00013 0.10724 0.97302 0.22254 -0.06098 0.90595 0.42152 -0.03960 0.93935 0.33986 0.04598 0.99423 0.00013 0.10724 -0.32012 -0.92217 -0.21707 -0.22857 -0.74977 -0.62096 -0.21835 -0.75105 -0.62310 -0.27451 0.95557 -0.10737 -0.54938 0.83535 -0.01949 -0.52692 0.84467 -0.09431 -0.03809 0.99670 -0.07166 -0.54938 0.83535 -0.01949 -0.27451 0.95557 -0.10737 0.31873 0.53777 0.78052 0.95813 -0.04132 0.28335 0.53740 0.19296 0.82096 0.31873 0.53777 0.78052 0.83359 -0.00340 0.55238 0.95813 -0.04132 0.28335 -0.59676 0.75736 0.26512 -0.34125 0.70131 0.62586 0.31873 0.53777 0.78052 -0.87994 0.04798 0.47266 -0.77543 0.11158 0.62149 -0.71642 0.38798 0.57984 -0.87994 0.04798 0.47266 -0.88293 0.10562 0.45747 -0.77543 0.11158 0.62149 -0.94676 -0.06742 0.31481 -0.88293 0.10562 0.45747 -0.87994 0.04798 0.47266 -0.94676 -0.06742 0.31481 -0.94495 -0.04334 0.32433 -0.88293 0.10562 0.45747 0.63507 0.44552 0.63104 0.62098 0.43636 0.65113 0.70737 0.39768 0.58436 0.63507 0.44552 0.63104 0.56139 0.29183 0.77439 0.62098 0.43636 0.65113 0.14256 -0.52535 -0.83886 0.22857 -0.74977 -0.62096 0.21835 -0.75105 -0.62310 0.14256 -0.52535 -0.83886 0.17435 -0.51761 -0.83767 0.22857 -0.74977 -0.62096 -0.95806 -0.04108 0.28362 -0.93935 0.33985 0.04602 -0.99423 -0.00001 0.10728 -0.95806 -0.04108 0.28362 -0.98191 -0.05785 0.18031 -0.93935 0.33985 0.04602 0.54938 0.83535 -0.01949 0.68565 0.72470 0.06856 0.59678 0.75734 0.26514 0.54938 0.83535 -0.01949 0.52692 0.84467 -0.09431 0.68565 0.72470 0.06856 0.31002 -0.78578 -0.53520 0.14256 -0.52535 -0.83886 0.31365 -0.70051 -0.64102 0.31002 -0.78578 -0.53520 0.17435 -0.51761 -0.83767 0.14256 -0.52535 -0.83886 0.43167 -0.75783 -0.48924 0.17435 -0.51761 -0.83767 0.31002 -0.78578 -0.53520 0.43167 -0.75783 -0.48924 0.38719 -0.68497 -0.61717 0.17435 -0.51761 -0.83767 0.59678 0.75734 0.26514 0.72231 0.66844 0.17736 0.71597 0.67944 0.16046 0.59678 0.75734 0.26514 0.68565 0.72470 0.06856 0.72231 0.66844 0.17736 0.59678 0.75734 0.26514 -0.31770 0.53836 0.78053 0.34125 0.70131 0.62586 0.59678 0.75734 0.26514 0.19955 0.52130 0.82971 -0.31770 0.53836 0.78053 -0.98191 -0.05785 0.18031 -0.96803 -0.17951 0.17518 -0.95966 -0.19125 0.20610 -0.98191 -0.05785 0.18031 -0.95806 -0.04108 0.28362 -0.96803 -0.17951 0.17518 0.31002 -0.78578 -0.53520 0.39279 -0.84363 -0.36607 0.43167 -0.75783 -0.48924 0.31002 -0.78578 -0.53520 0.40998 -0.82618 -0.38646 0.39279 -0.84363 -0.36607 0.39279 -0.84363 -0.36607 0.38719 -0.68497 -0.61717 0.43167 -0.75783 -0.48924 0.39279 -0.84363 -0.36607 0.25664 -0.66253 -0.70370 0.38719 -0.68497 -0.61717 0.28798 -0.61327 -0.73551 0.25664 -0.66253 -0.70370 0.39279 -0.84363 -0.36607 0.28798 -0.61327 -0.73551 0.22751 -0.49342 -0.83951 0.25664 -0.66253 -0.70370 0.78710 0.53653 0.30433 0.71597 0.67944 0.16046 0.72231 0.66844 0.17736 0.78710 0.53653 0.30433 0.78690 0.53926 0.29998 0.71597 0.67944 0.16046 0.81996 0.43694 0.36980 0.78690 0.53926 0.29998 0.78710 0.53653 0.30433 -0.77015 -0.28370 0.57131 -0.82630 -0.15851 0.54046 -0.85099 -0.17638 0.49468 -0.87449 -0.31080 0.37239 -0.89592 -0.29623 0.33103 -0.87869 -0.38366 0.28410 -0.87449 -0.31080 0.37239 -0.84575 -0.35787 0.39576 -0.89592 -0.29623 0.33103 0.80566 0.47983 0.34738 0.81880 0.40641 0.40546 0.78176 0.47165 0.40791 -0.53747 0.19258 0.82100 -0.87449 -0.31080 0.37239 -0.87869 -0.38366 0.28410 -0.53747 0.19258 0.82100 -0.31770 0.53836 0.78053 -0.87449 -0.31080 0.37239 -0.96803 -0.17951 0.17518 -0.91474 -0.34939 0.20292 -0.95966 -0.19125 0.20610 -0.96803 -0.17951 0.17518 -0.92085 -0.35684 0.15714 -0.91474 -0.34939 0.20292 0.50434 0.47198 0.72311 0.64316 0.51004 0.57114 0.06676 0.46205 0.88434 0.50434 0.47198 0.72311 0.71237 0.40043 0.57636 0.64316 0.51004 0.57114 0.31365 -0.70051 -0.64102 0.40998 -0.82618 -0.38646 0.31002 -0.78578 -0.53520 0.31365 -0.70051 -0.64102 0.35610 -0.63874 -0.68206 0.40998 -0.82618 -0.38646 0.35610 -0.63874 -0.68206 0.29768 -0.62849 -0.71860 0.40998 -0.82618 -0.38646 0.35610 -0.63874 -0.68206 0.24908 -0.49439 -0.83278 0.29768 -0.62849 -0.71860 0.71395 0.38756 0.58316 0.64316 0.51004 0.57114 0.71237 0.40043 0.57636 -0.87527 -0.43185 0.21774 -0.91474 -0.34939 0.20292 -0.92085 -0.35684 0.15714 0.40998 -0.82618 -0.38646 0.30211 -0.63859 -0.70776 0.39279 -0.84363 -0.36607 0.40998 -0.82618 -0.38646 0.29988 -0.63614 -0.71091 0.30211 -0.63859 -0.70776 0.19955 0.52130 0.82971 0.78176 0.47165 0.40791 -0.31770 0.53836 0.78053 0.19955 0.52130 0.82971 0.86336 0.40296 0.30369 0.78176 0.47165 0.40791 0.22857 -0.74977 -0.62096 0.32012 -0.92217 -0.21707 0.21835 -0.75105 -0.62310 0.52692 0.84467 -0.09431 0.54938 0.83535 -0.01949 0.27451 0.95557 -0.10737 -0.90595 0.42152 -0.03960 -0.99423 -0.00001 0.10728 -0.93935 0.33985 0.04602 -0.90595 0.42152 -0.03960 -0.97302 0.22254 -0.06098 -0.99423 -0.00001 0.10728 0.54938 0.83535 -0.01949 0.03809 0.99670 -0.07166 0.27451 0.95557 -0.10737 -0.95806 -0.04108 0.28362 -0.31770 0.53836 0.78053 -0.53747 0.19258 0.82100 -0.95806 -0.04108 0.28362 -0.83356 -0.00334 0.55242 -0.31770 0.53836 0.78053 -0.82630 -0.15851 0.54046 -0.84511 -0.05191 0.53206 -0.85099 -0.17638 0.49468 -0.82630 -0.15851 0.54046 -0.78485 -0.01173 0.61957 -0.84511 -0.05191 0.53206 0.86220 -0.43644 0.25714 0.96451 -0.16264 0.20801 0.88107 -0.34954 0.31865 0.88107 -0.34954 0.31865 0.83961 -0.50835 0.19141 0.86220 -0.43644 0.25714 0.64247 0.34896 0.68225 0.62421 0.33011 0.70809 0.47631 0.49116 0.72930 0.47631 0.49116 0.72930 0.83156 0.05801 0.55239 0.64247 0.34896 0.68225 0.78721 -0.54885 0.28118 0.83156 0.05801 0.55239 0.93074 -0.15254 0.33234 0.93074 -0.15254 0.33234 0.76406 -0.54987 0.33742 0.78721 -0.54885 0.28118 0.60213 0.79793 -0.02725 0.48599 0.86176 -0.14554 0.82576 0.56128 -0.05553 0.93181 0.34586 0.11009 0.98244 -0.07785 0.16954 0.62194 0.77976 0.07188 0.79921 -0.52630 0.29031 0.75494 -0.57238 0.32008 0.86220 -0.43644 0.25714 0.86220 -0.43644 0.25714 0.83961 -0.50835 0.19141 0.79921 -0.52630 0.29031 -0.05203 -0.67124 -0.73941 -0.59773 -0.77854 0.19131 -0.66939 -0.58925 -0.45244 0.24497 -0.23375 -0.94093 0.35471 -0.38628 -0.85145 0.24497 -0.23375 -0.94093 0.00014 0.99163 -0.12910 0.60213 0.79793 -0.02725 0.62194 0.77976 0.07188 0.62194 0.77976 0.07188 -0.00000 0.99960 -0.02828 0.00014 0.99163 -0.12910 0.35471 -0.38628 -0.85145 0.43557 -0.64293 -0.63001 0.00000 -0.81510 -0.57932 0.00000 -0.81510 -0.57932 -0.05203 -0.67124 -0.73941 0.35471 -0.38628 -0.85145 0.29822 0.93267 0.20296 0.79337 0.33588 0.50768 0.00000 0.80523 0.59297 0.00000 0.80523 0.59297 -0.00000 0.97225 0.23396 0.29822 0.93267 0.20296 0.62194 0.77976 0.07188 0.29822 0.93267 0.20296 -0.00000 0.97225 0.23396 -0.00000 0.97225 0.23396 -0.00000 0.99960 -0.02828 0.62194 0.77976 0.07188 0.48599 0.86176 -0.14554 0.60213 0.79793 -0.02725 0.00014 0.99163 -0.12910 0.00014 0.99163 -0.12910 0.00018 0.97099 -0.23913 0.48599 0.86176 -0.14554 -0.00333 -0.93480 -0.35515 0.00000 -0.84696 -0.53166 -0.00015 -0.86082 -0.50891 -0.86212 -0.43702 0.25644 -0.83961 -0.50835 0.19141 -0.69170 -0.69442 -0.19831 -0.69170 -0.69442 -0.19831 -0.96450 -0.16384 0.20712 -0.86212 -0.43702 0.25644 -0.64456 0.34628 0.68164 -0.83127 0.05598 0.55304 -0.64832 0.35208 0.67507 -0.64832 0.35208 0.67507 -0.62765 0.32894 0.70559 -0.64456 0.34628 0.68164 -0.78830 -0.54728 0.28120 -0.76418 -0.54864 0.33915 -0.93037 -0.15210 0.33359 -0.93037 -0.15210 0.33359 -0.83127 0.05598 0.55304 -0.78830 -0.54728 0.28120 -0.50625 -0.80814 -0.30103 -0.79927 -0.52665 0.28949 -0.83961 -0.50835 0.19141 -0.86212 -0.43702 0.25644 -0.86212 -0.43702 0.25644 -0.75447 -0.57328 0.31955 -0.79927 -0.52665 0.28949 -0.05203 -0.67124 -0.73941 -0.35471 -0.38628 -0.85145 -0.24497 -0.23375 -0.94093 0.66939 -0.58925 -0.45244 0.59922 -0.77732 0.19162 -0.05203 -0.67124 -0.73941 0.00014 0.99163 -0.12910 -0.00000 0.99960 -0.02828 -0.59499 0.80337 -0.02410 -0.59499 0.80337 -0.02410 -0.60212 0.79795 -0.02702 0.00014 0.99163 -0.12910 -0.64832 0.35208 0.67507 -0.83127 0.05598 0.55304 -0.79285 0.33637 0.50818 -0.59773 -0.77854 0.19131 -0.79927 -0.52665 0.28949 -0.75447 -0.57328 0.31955 -0.71513 -0.62943 0.30397 -0.76418 -0.54864 0.33915 -0.78830 -0.54728 0.28120 -0.35471 -0.38628 -0.85145 -0.05203 -0.67124 -0.73941 0.00000 -0.81510 -0.57932 0.00000 -0.81510 -0.57932 -0.69170 -0.69442 -0.19831 -0.35471 -0.38628 -0.85145 0.00016 -0.93564 0.35295 -0.08340 -0.93233 0.35185 -0.08340 -0.93233 0.35185 -0.29822 0.93267 0.20296 -0.00000 0.97225 0.23396 0.00000 0.80523 0.59297 0.00000 0.80523 0.59297 -0.79285 0.33637 0.50818 -0.29822 0.93267 0.20296 -0.59499 0.80337 -0.02410 -0.00000 0.99960 -0.02828 -0.00000 0.97225 0.23396 -0.00000 0.97225 0.23396 -0.29822 0.93267 0.20296 -0.59499 0.80337 -0.02410 -0.48586 0.86190 -0.14514 0.00018 0.97099 -0.23913 0.00014 0.99163 -0.12910 0.00014 0.99163 -0.12910 -0.60212 0.79795 -0.02702 -0.48586 0.86190 -0.14514 -0.06290 0.51474 0.85503 0.01399 0.31626 0.94857 -0.59676 0.75736 0.26512 -0.06769 0.46236 0.88411 0.53740 0.19296 0.82096 0.33241 0.59656 0.73049 -0.14216 -0.09591 0.98519 0.01399 0.31626 0.94857 -0.06290 0.51474 0.85503 -0.78690 0.53926 0.29998 -0.81996 0.43694 0.36980 -0.78710 0.53653 0.30433 0.84488 -0.05175 0.53245 0.78428 -0.01138 0.62030 0.82620 -0.15848 0.54062 -0.86337 0.40280 0.30388 -0.89493 0.32383 0.30699 -0.78172 0.47156 0.40811 0.53740 0.19296 0.82096 -0.06769 0.46236 0.88411 -0.50455 0.47232 0.72273 -0.06290 0.51474 0.85503 -0.59676 0.75736 0.26512 0.31873 0.53777 0.78052 -0.01543 0.31559 0.94877 0.19955 0.52130 0.82971 0.59678 0.75734 0.26514 -0.53747 0.19258 0.82100 0.06676 0.46205 0.88434 -0.33319 0.59634 0.73032 -0.01543 0.31559 0.94877 0.14085 -0.09627 0.98534 0.19955 0.52130 0.82971 0.25667 -0.55014 -0.79465 0.30211 -0.63859 -0.70776 0.29988 -0.63614 -0.71091 0.86336 0.40296 0.30369 0.80566 0.47983 0.34738 0.78176 0.47165 0.40791 0.06676 0.46205 0.88434 -0.53747 0.19258 0.82100 0.50434 0.47198 0.72311</float_array>
     <technique_common>
      <accessor count="817" source="#realb00_2-lib-normals-array" stride="3">
       <param name="X" type="float"/>
       <param name="Y" type="float"/>
       <param name="Z" type="float"/>
      </accessor>
     </technique_common>
    </source>
    <source id="realb00_2-lib-texcoords">
     <float_array id="realb00_2-lib-texcoords-array" count="1644">0.59277 -0.70410 0.44043 -0.86914 0.44238 -0.78125 0.59277 -0.70410 0.51953 -0.85449 0.44043 -0.86914 0.65039 -0.73242 0.51953 -0.85449 0.59277 -0.70410 0.65039 -0.73242 0.58301 -0.86719 0.51953 -0.85449 0.68555 -0.62891 0.44238 -0.78125 0.30664 -0.68652 0.68555 -0.62891 0.59277 -0.70410 0.44238 -0.78125 0.74414 -0.69043 0.59277 -0.70410 0.68555 -0.62891 0.74414 -0.69043 0.65039 -0.73242 0.59277 -0.70410 0.67090 -0.77148 0.65039 -0.73242 0.74414 -0.69043 0.67090 -0.77148 0.58301 -0.86719 0.65039 -0.73242 0.67188 -0.96582 0.58301 -0.86719 0.67090 -0.77148 0.58984 -0.55371 0.30664 -0.68652 0.24512 -0.61230 0.58984 -0.55371 0.68555 -0.62891 0.30664 -0.68652 0.73438 -0.56250 0.68555 -0.62891 0.58984 -0.55371 0.73438 -0.56250 0.80176 -0.59668 0.68555 -0.62891 0.79297 -0.87695 0.73828 -0.92871 0.73828 -0.87109 0.79297 -0.87695 0.79004 -0.92871 0.73828 -0.92871 0.83691 -0.92578 0.79004 -0.92871 0.79297 -0.87695 0.83691 -0.92578 0.79297 -0.87695 0.79004 -0.92871 0.84082 -0.87109 0.79297 -0.87695 0.83691 -0.92578 0.84082 -0.87109 0.83691 -0.92578 0.79297 -0.87695 0.84082 -0.87109 0.90137 -0.89160 0.83691 -0.92578 0.93945 -0.93945 0.83691 -0.92578 0.90137 -0.89160 0.93945 -0.93945 0.90137 -0.89160 0.83691 -0.92578 0.74414 -0.69043 0.80859 -0.76953 0.67090 -0.77148 0.74414 -0.69043 0.87891 -0.64551 0.80859 -0.76953 0.80176 -0.59668 0.87891 -0.64551 0.74414 -0.69043 0.97266 -0.28613 0.42383 -0.22559 0.42969 -0.20801 0.97266 -0.28613 0.40625 -0.28516 0.42383 -0.22559 0.43457 -0.34277 0.40625 -0.28516 0.97266 -0.28613 0.81055 -0.86133 0.83691 -0.92676 0.80176 -0.93555 0.81055 -0.86133 0.83789 -0.86133 0.83691 -0.92676 0.83691 -0.92676 0.83789 -0.86133 0.81055 -0.86133 0.79785 -0.86133 0.80176 -0.93555 0.77539 -0.94238 0.79785 -0.86133 0.81055 -0.86133 0.80176 -0.93555 0.80176 -0.93555 0.81055 -0.86133 0.79785 -0.86133 0.80176 -0.93555 0.83691 -0.92676 0.81055 -0.86133 0.24219 -0.37793 0.56836 -0.51172 0.25977 -0.43945 0.24219 -0.37793 0.57227 -0.37793 0.56836 -0.51172 0.56836 -0.51172 0.57227 -0.37793 0.24219 -0.37793 0.13477 -0.94043 0.13281 -0.90625 0.16895 -0.93555 0.13477 -0.94043 0.09961 -0.91406 0.13281 -0.90625 0.13281 -0.90625 0.09961 -0.91406 0.13477 -0.94043 0.09863 -0.75000 0.08887 -0.66602 0.14941 -0.71484 0.09863 -0.75000 0.01074 -0.67285 0.08887 -0.66602 0.08887 -0.66602 0.01074 -0.67285 0.09863 -0.75000 0.77344 -0.86133 0.77539 -0.94238 0.74316 -0.92969 0.77344 -0.86133 0.79785 -0.86133 0.77539 -0.94238 0.77539 -0.94238 0.79785 -0.86133 0.77344 -0.86133 0.77539 -0.94238 0.80176 -0.93555 0.79785 -0.86133 0.51953 -0.85449 0.65039 -0.73242 0.59277 -0.70410 0.51953 -0.85449 0.58301 -0.86719 0.65039 -0.73242 0.30664 -0.68652 0.58984 -0.55371 0.24512 -0.61230 0.30664 -0.68652 0.68555 -0.62891 0.58984 -0.55371 0.44238 -0.78125 0.68555 -0.62891 0.30664 -0.68652 0.44238 -0.78125 0.59277 -0.70410 0.68555 -0.62891 0.44043 -0.86914 0.59277 -0.70410 0.44238 -0.78125 0.44043 -0.86914 0.51953 -0.85449 0.59277 -0.70410 0.73828 -0.92871 0.79297 -0.87695 0.73828 -0.87109 0.73828 -0.92871 0.79004 -0.92871 0.79297 -0.87695 0.67090 -0.77148 0.58301 -0.86719 0.67188 -0.96582 0.67090 -0.77148 0.65039 -0.73242 0.58301 -0.86719 0.74414 -0.69043 0.65039 -0.73242 0.67090 -0.77148 0.74414 -0.69043 0.59277 -0.70410 0.65039 -0.73242 0.68555 -0.62891 0.59277 -0.70410 0.74414 -0.69043 0.80859 -0.76953 0.74414 -0.69043 0.67090 -0.77148 0.80859 -0.76953 0.87891 -0.64551 0.74414 -0.69043 0.99023 -0.77930 0.87891 -0.64551 0.80859 -0.76953 0.68555 -0.62891 0.73438 -0.56250 0.58984 -0.55371 0.68555 -0.62891 0.80176 -0.59668 0.73438 -0.56250 0.74414 -0.69043 0.80176 -0.59668 0.68555 -0.62891 0.74414 -0.69043 0.87891 -0.64551 0.80176 -0.59668 0.42383 -0.22559 0.97266 -0.28613 0.42969 -0.20801 0.42383 -0.22559 0.40625 -0.28516 0.97266 -0.28613 0.22559 -0.05957 0.22070 -0.10254 0.00586 -0.05664 0.22559 -0.05957 0.39746 -0.13184 0.22070 -0.10254 0.41699 -0.08398 0.39746 -0.13184 0.22559 -0.05957 0.41699 -0.08398 0.55469 -0.09180 0.39746 -0.13184 0.56641 -0.03223 0.55469 -0.09180 0.41699 -0.08398 0.56641 -0.03223 0.72559 -0.08008 0.55469 -0.09180 0.39746 -0.13184 0.37793 -0.17969 0.22070 -0.10254 0.39746 -0.13184 0.54395 -0.15137 0.37793 -0.17969 0.55469 -0.09180 0.54395 -0.15137 0.39746 -0.13184 0.55469 -0.09180 0.73242 -0.13281 0.54395 -0.15137 0.72559 -0.08008 0.73242 -0.13281 0.55469 -0.09180 0.72559 -0.08008 0.99219 -0.05273 0.73242 -0.13281 0.73242 -0.13281 0.73926 -0.18652 0.54395 -0.15137 0.73242 -0.13281 0.99219 -0.05273 0.73926 -0.18652 0.22559 -0.05957 0.23047 -0.01660 0.00586 -0.05664 0.22559 -0.05957 0.41699 -0.08398 0.23047 -0.01660 0.39746 -0.13184 0.41699 -0.08398 0.22559 -0.05957 0.39746 -0.13184 0.55469 -0.09180 0.41699 -0.08398 0.54395 -0.15137 0.55469 -0.09180 0.39746 -0.13184 0.54395 -0.15137 0.73242 -0.13281 0.55469 -0.09180 0.73926 -0.18652 0.73242 -0.13281 0.54395 -0.15137 0.73926 -0.18652 0.99219 -0.05273 0.73242 -0.13281 0.39746 -0.13184 0.37793 -0.17969 0.54395 -0.15137 0.39746 -0.13184 0.22070 -0.10254 0.37793 -0.17969 0.22559 -0.05957 0.22070 -0.10254 0.39746 -0.13184 0.22559 -0.05957 0.00586 -0.05664 0.22070 -0.10254 0.03711 -0.30273 0.04297 -0.28418 0.03711 -0.28418 0.03711 -0.30273 0.04297 -0.30273 0.04297 -0.28418 0.09668 -0.25293 0.05176 -0.30664 0.05176 -0.25293 0.09668 -0.25293 0.09766 -0.30664 0.05176 -0.30664 0.09668 -0.25293 0.05176 -0.30664 0.05176 -0.25293 0.09668 -0.25293 0.09766 -0.30664 0.05176 -0.30664 0.04883 -0.30371 0.06152 -0.28516 0.04883 -0.28516 0.04883 -0.30371 0.07422 -0.30371 0.06152 -0.28516 0.07422 -0.30371 0.07422 -0.28516 0.06152 -0.28516 0.07422 -0.30371 0.08691 -0.28516 0.07422 -0.28516 0.08691 -0.30371 0.04883 -0.28516 0.04883 -0.30371 0.08691 -0.30371 0.08691 -0.28516 0.04883 -0.28516 0.08691 -0.30371 0.04883 -0.28516 0.04883 -0.30371 0.08691 -0.30371 0.08691 -0.28516 0.04883 -0.28516 0.25586 -0.32422 0.15039 -0.20801 0.15039 -0.32520 0.25586 -0.32422 0.25879 -0.20703 0.15039 -0.20801 0.28125 -0.31934 0.25879 -0.20703 0.25586 -0.32422 0.28125 -0.31934 0.28223 -0.22949 0.25879 -0.20703 0.28418 -0.28125 0.28223 -0.22949 0.28125 -0.31934 0.17383 -0.36328 0.25391 -0.23242 0.17383 -0.20312 0.17383 -0.36328 0.26562 -0.35840 0.25391 -0.23242 0.26562 -0.35840 0.25879 -0.23828 0.25391 -0.23242 0.26562 -0.35840 0.29492 -0.29980 0.25879 -0.23828 0.20215 -0.29199 0.28320 -0.22949 0.17773 -0.19238 0.20215 -0.29199 0.26660 -0.27832 0.28320 -0.22949 0.28027 -0.31934 0.26660 -0.27832 0.20215 -0.29199 0.28027 -0.31934 0.28516 -0.28027 0.26660 -0.27832 0.27148 -0.28125 0.18066 -0.34277 0.21387 -0.35449 0.27148 -0.28125 0.19922 -0.27441 0.18066 -0.34277 0.17773 -0.21973 0.19922 -0.27441 0.27148 -0.28125 0.28906 -0.31055 0.27148 -0.28125 0.21387 -0.35449 0.28906 -0.31055 0.28906 -0.27832 0.27148 -0.28125 0.26660 -0.27832 0.20996 -0.19336 0.20215 -0.29199 0.26660 -0.27832 0.28320 -0.22949 0.20996 -0.19336 0.28027 -0.31934 0.20215 -0.29199 0.17871 -0.36035 0.28027 -0.31934 0.26660 -0.27832 0.20215 -0.29199 0.28516 -0.28027 0.26660 -0.27832 0.28027 -0.31934 0.28516 -0.28027 0.28320 -0.22949 0.26660 -0.27832 0.26562 -0.35840 0.17383 -0.20312 0.15625 -0.36328 0.26562 -0.35840 0.28711 -0.23438 0.17383 -0.20312 0.28711 -0.33887 0.28711 -0.23438 0.26562 -0.35840 0.28711 -0.33887 0.29492 -0.29980 0.28711 -0.23438 0.28711 -0.23242 0.27148 -0.28125 0.28906 -0.27832 0.28711 -0.23242 0.20703 -0.19727 0.27148 -0.28125 0.28809 -0.24414 0.15234 -0.23047 0.17480 -0.26758 0.28809 -0.24414 0.17480 -0.19434 0.15234 -0.23047 0.28809 -0.24414 0.17480 -0.30762 0.17480 -0.32617 0.28809 -0.24414 0.12988 -0.28809 0.17480 -0.30762 0.17480 -0.26758 0.12988 -0.28809 0.28809 -0.24414 0.05176 -0.28418 0.09570 -0.27344 0.05176 -0.27344 0.05176 -0.28418 0.09570 -0.28418 0.09570 -0.27344 0.09570 -0.29492 0.09570 -0.28418 0.05176 -0.28418 0.55469 -0.09180 0.56641 -0.03223 0.41699 -0.08398 0.55469 -0.09180 0.72559 -0.08008 0.56641 -0.03223 0.73242 -0.13281 0.72559 -0.08008 0.55469 -0.09180 0.73242 -0.13281 0.99219 -0.05273 0.72559 -0.08008 0.22559 -0.05957 0.23047 -0.01660 0.41699 -0.08398 0.22559 -0.05957 0.00586 -0.05664 0.23047 -0.01660 0.03711 -0.30273 0.04297 -0.28418 0.04297 -0.30273 0.03711 -0.30273 0.03711 -0.28418 0.04297 -0.28418 0.09668 -0.25293 0.05176 -0.30664 0.09766 -0.30664 0.09668 -0.25293 0.05176 -0.25293 0.05176 -0.30664 0.09668 -0.25293 0.05176 -0.30664 0.09766 -0.30664 0.09668 -0.25293 0.05176 -0.25293 0.05176 -0.30664 0.06152 -0.28516 0.04883 -0.30371 0.04883 -0.28516 0.06152 -0.28516 0.07422 -0.30371 0.04883 -0.30371 0.07422 -0.28516 0.07422 -0.30371 0.06152 -0.28516 0.07422 -0.28516 0.08691 -0.28516 0.07422 -0.30371 0.08691 -0.30371 0.04883 -0.28516 0.08691 -0.28516 0.08691 -0.30371 0.04883 -0.30371 0.04883 -0.28516 0.09570 -0.29492 0.05176 -0.28418 0.09570 -0.28418 0.09570 -0.29492 0.05176 -0.29492 0.05176 -0.28418 0.08691 -0.30371 0.04883 -0.28516 0.08691 -0.28516 0.08691 -0.30371 0.04883 -0.30371 0.04883 -0.28516 0.15039 -0.20801 0.25586 -0.32422 0.15039 -0.32520 0.15039 -0.20801 0.25879 -0.20703 0.25586 -0.32422 0.25391 -0.23242 0.17383 -0.36328 0.17383 -0.20312 0.25391 -0.23242 0.26562 -0.35840 0.17383 -0.36328 0.25879 -0.23828 0.26562 -0.35840 0.25391 -0.23242 0.25879 -0.23828 0.29492 -0.29980 0.26562 -0.35840 0.28320 -0.22949 0.20215 -0.29199 0.17773 -0.19238 0.28320 -0.22949 0.26660 -0.27832 0.20215 -0.29199 0.28516 -0.28027 0.26660 -0.27832 0.28320 -0.22949 0.28516 -0.28027 0.28027 -0.31934 0.26660 -0.27832 0.27148 -0.28125 0.28906 -0.31055 0.21387 -0.35449 0.27148 -0.28125 0.28906 -0.27832 0.28906 -0.31055 0.28711 -0.23242 0.28906 -0.27832 0.27148 -0.28125 0.18066 -0.34277 0.27148 -0.28125 0.21387 -0.35449 0.18066 -0.34277 0.19922 -0.27441 0.27148 -0.28125 0.20215 -0.29199 0.28027 -0.31934 0.17871 -0.36035 0.20215 -0.29199 0.26660 -0.27832 0.28027 -0.31934 0.20996 -0.19336 0.26660 -0.27832 0.20215 -0.29199 0.20996 -0.19336 0.28320 -0.22949 0.26660 -0.27832 0.17383 -0.20312 0.26562 -0.35840 0.15625 -0.36328 0.17383 -0.20312 0.28711 -0.23438 0.26562 -0.35840 0.28711 -0.23438 0.28711 -0.33887 0.26562 -0.35840 0.28711 -0.23438 0.29492 -0.29980 0.28711 -0.33887 0.28516 -0.28027 0.26660 -0.27832 0.28320 -0.22949 0.28516 -0.28027 0.28027 -0.31934 0.26660 -0.27832 0.25879 -0.20703 0.28125 -0.31934 0.25586 -0.32422 0.25879 -0.20703 0.28223 -0.22949 0.28125 -0.31934 0.17773 -0.21973 0.27148 -0.28125 0.19922 -0.27441 0.17773 -0.21973 0.20703 -0.19727 0.27148 -0.28125 0.17480 -0.30762 0.28809 -0.24414 0.17480 -0.32617 0.17480 -0.30762 0.12988 -0.28809 0.28809 -0.24414 0.28809 -0.24414 0.15234 -0.23047 0.17480 -0.19434 0.28809 -0.24414 0.17480 -0.26758 0.15234 -0.23047 0.12988 -0.28809 0.17480 -0.26758 0.28809 -0.24414 0.09570 -0.27344 0.05176 -0.28418 0.05176 -0.27344 0.09570 -0.27344 0.09570 -0.28418 0.05176 -0.28418 0.28027 -0.31934 0.20215 -0.29199 0.26660 -0.27832 0.28027 -0.31934 0.19922 -0.36035 0.20215 -0.29199 0.29883 -0.85547 0.44238 -0.78125 0.44043 -0.86914 0.44043 -0.86914 0.30664 -0.89941 0.29883 -0.85547 0.09180 -0.40332 0.01074 -0.37793 0.24219 -0.37793 0.24219 -0.37793 0.25977 -0.43945 0.09180 -0.40332 0.08887 -0.66602 0.24512 -0.61230 0.30664 -0.68652 0.30664 -0.68652 0.14941 -0.71484 0.08887 -0.66602 0.87891 -0.64551 0.99023 -0.77930 0.80859 -0.76953 0.74414 -0.69043 0.68555 -0.62891 0.80176 -0.59668 0.16895 -0.93555 0.13281 -0.90625 0.29883 -0.85547 0.29883 -0.85547 0.30664 -0.89941 0.16895 -0.93555 0.89648 -0.86133 0.96387 -0.86133 0.96094 -0.88379 0.96094 -0.88379 0.89844 -0.89941 0.89648 -0.86133 0.88867 -0.37793 0.79883 -0.54785 0.72949 -0.54785 0.72949 -0.54785 0.88867 -0.37793 0.88867 -0.37793 0.89844 -0.89941 0.83691 -0.92676 0.83789 -0.86133 0.83789 -0.86133 0.89648 -0.86133 0.89844 -0.89941 0.70605 -0.52148 0.56836 -0.51172 0.57227 -0.37793 0.57227 -0.37793 0.72949 -0.37793 0.70605 -0.52148 0.72949 -0.54785 0.70605 -0.52148 0.72949 -0.37793 0.72949 -0.37793 0.88867 -0.37793 0.72949 -0.54785 0.93555 -0.54785 0.79883 -0.54785 0.88867 -0.37793 0.88867 -0.37793 0.99707 -0.37793 0.93555 -0.54785 0.90137 -0.89160 0.84082 -0.87109 0.83691 -0.92578 0.29883 -0.85547 0.30664 -0.89941 0.44043 -0.86914 0.44043 -0.86914 0.44238 -0.78125 0.29883 -0.85547 0.09180 -0.40332 0.25977 -0.43945 0.24219 -0.37793 0.24219 -0.37793 0.01074 -0.37793 0.09180 -0.40332 0.08887 -0.66602 0.14941 -0.71484 0.30664 -0.68652 0.30664 -0.68652 0.24512 -0.61230 0.08887 -0.66602 0.40625 -0.28516 0.43457 -0.34277 0.97266 -0.28613 0.16895 -0.93555 0.30664 -0.89941 0.29883 -0.85547 0.29883 -0.85547 0.13281 -0.90625 0.16895 -0.93555 0.89648 -0.86133 0.89844 -0.89941 0.96094 -0.88379 0.96094 -0.88379 0.96387 -0.86133 0.89648 -0.86133 0.88867 -0.37793 0.88867 -0.37793 0.72949 -0.54785 0.72949 -0.54785 0.79883 -0.54785 0.88867 -0.37793 0.24219 -0.37793 0.25977 -0.43945 0.56836 -0.51172 0.13477 -0.94043 0.16895 -0.93555 0.13281 -0.90625 0.09863 -0.75000 0.14941 -0.71484 0.08887 -0.66602 0.89844 -0.89941 0.89648 -0.86133 0.83789 -0.86133 0.83789 -0.86133 0.83691 -0.92676 0.89844 -0.89941 0.77344 -0.86133 0.74316 -0.92969 0.77539 -0.94238 0.70605 -0.52148 0.72949 -0.37793 0.57227 -0.37793 0.57227 -0.37793 0.56836 -0.51172 0.70605 -0.52148 0.72949 -0.54785 0.88867 -0.37793 0.72949 -0.37793 0.72949 -0.37793 0.70605 -0.52148 0.72949 -0.54785 0.93555 -0.54785 0.99707 -0.37793 0.88867 -0.37793 0.88867 -0.37793 0.79883 -0.54785 0.93555 -0.54785 0.06152 -0.28516 0.04883 -0.28516 0.04883 -0.30371 0.08691 -0.28516 0.07422 -0.28516 0.07422 -0.30371 0.06152 -0.27734 0.05371 -0.29883 0.05469 -0.30176 0.26660 -0.27832 0.28516 -0.28027 0.28320 -0.22949 0.20215 -0.29199 0.19922 -0.36035 0.28027 -0.31934 0.20703 -0.19727 0.17773 -0.21973 0.27148 -0.28125 0.08008 -0.30566 0.08008 -0.30273 0.07324 -0.27734 0.05176 -0.29492 0.09570 -0.29492 0.05176 -0.28418 0.04883 -0.28516 0.06152 -0.28516 0.04883 -0.30371 0.07422 -0.28516 0.08691 -0.28516 0.07422 -0.30371 0.05371 -0.29883 0.06152 -0.27734 0.05469 -0.30176 0.28418 -0.28125 0.28125 -0.31934 0.28223 -0.22949 0.20703 -0.19727 0.28711 -0.23242 0.27148 -0.28125 0.08008 -0.30273 0.08008 -0.30566 0.07324 -0.27734</float_array>
     <technique_common>
      <accessor count="822" offset="0" source="#realb00_2-lib-texcoords-array" stride="2">
       <param name="U" type="float"/>
       <param name="V" type="float"/>
      </accessor>
     </technique_common>
    </source>
    <vertices id="realb00_2-lib-vertices">
     <input semantic="POSITION" source="#realb00_2-lib-positions"/>
    </vertices>
    <polylist count="274" material="mat1.png">
     <input offset="0" semantic="VERTEX" source="#realb00_2-lib-vertices"/>
     <input offset="1" semantic="NORMAL" source="#realb00_2-lib-normals"/>
     <input offset="2" semantic="TEXCOORD" source="#realb00_2-lib-texcoords"/>
     <vcount>3 3 3 3 3 3 3 3 3 3 3 3 3 3 3 3 3 3 3 3 3 3 3 3 3 3 3 3 3 3 3 3 3 3 3 3 3 3 3 3 3 3 3 3 3 3 3 3 3 3 3 3 3 3 3 3 3 3 3 3 3 3 3 3 3 3 3 3 3 3 3 3 3 3 3 3 3 3 3 3 3 3 3 3 3 3 3 3 3 3 3 3 3 3 3 3 3 3 3 3 3 3 3 3 3 3 3 3 3 3 3 3 3 3 3 3 3 3 3 3 3 3 3 3 3 3 3 3 3 3 3 3 3 3 3 3 3 3 3 3 3 3 3 3 3 3 3 3 3 3 3 3 3 3 3 3 3 3 3 3 3 3 3 3 3 3 3 3 3 3 3 3 3 3 3 3 3 3 3 3 3 3 3 3 3 3 3 3 3 3 3 3 3 3 3 3 3 3 3 3 3 3 3 3 3 3 3 3 3 3 3 3 3 3 3 3 3 3 3 3 3 3 3 3 3 3 3 3 3 3 3 3 3 3 3 3 3 3 3 3 3 3 3 3 3 3 3 3 3 3 3 3 3 3 3 3 3 3 3 3 3 3 3 3 3 3 3 3 3 3 3 3 3 3</vcount>
     <p>2 2 2 1 1 1 0 0 0 1 5 5 3 4 4 0 3 3 0 8 8 3 7 7 4 6 6 3 11 11 5 10 10 4 9 9 7 14 14 2 13 13 6 12 12 2 17 17 0 16 16 6 15 15 6 20 20 0 19 19 8 18 18 0 23 23 4 22 22 8 21 21 8 26 26 4 25 25 9 24 24 4 29 29 5 28 28 9 27 27 9 32 32 5 31 31 10 30 30 12 35 35 7 34 34 11 33 33 7 38 38 6 37 37 11 36 36 11 41 41 6 40 40 13 39 39 6 44 44 14 43 43 13 42 42 10 47 47 15 46 46 9 45 45 15 50 50 16 49 49 9 48 48 9 53 53 16 52 52 17 51 51 16 56 56 18 55 55 17 54 54 17 59 59 18 58 58 19 57 57 9 62 62 17 61 61 20 60 60 17 65 65 21 64 64 20 63 63 21 68 68 17 67 67 22 66 66 17 71 71 23 70 70 22 69 69 9 74 74 20 73 73 8 72 72 20 77 77 24 76 76 8 75 75 8 80 80 24 79 79 14 78 78 27 81 83 26 81 82 25 81 81 26 83 86 28 82 85 25 82 84 25 86 89 28 85 88 27 84 87 3 89 92 1 88 91 29 87 90 1 92 95 30 91 94 29 90 93 29 95 98 30 94 97 31 93 96 5 98 101 3 97 100 32 96 99 3 101 104 29 100 103 32 99 102 32 104 107 29 103 106 33 102 105 29 107 110 31 106 109 33 105 108 12 110 113 11 109 112 34 108 111 11 113 116 35 112 115 34 111 114 34 116 119 35 115 118 36 114 117 39 119 122 38 118 121 37 117 120 38 122 125 40 121 124 37 120 123 37 125 128 40 124 127 41 123 126 44 128 131 43 127 130 42 126 129 43 131 134 45 130 133 42 129 132 42 134 137 45 133 136 46 132 135 10 137 140 5 136 139 15 135 138 5 140 143 32 139 142 15 138 141 15 143 146 32 142 145 47 141 144 32 146 149 33 145 148 47 144 147 49 149 152 48 148 151 33 147 150 48 152 155 47 151 154 33 150 153 51 155 158 36 154 157 50 153 156 36 158 161 52 157 160 50 156 159 50 161 164 52 160 163 53 159 162 52 164 167 49 163 166 53 162 165 53 167 170 49 166 169 31 165 168 49 170 173 33 169 172 31 168 171 54 173 176 18 172 175 15 171 174 18 176 179 16 175 178 15 174 177 54 179 182 47 178 181 18 177 180 47 182 185 48 181 184 18 180 183 18 185 188 48 184 187 55 183 186 48 188 191 49 187 190 55 186 189 55 191 194 49 190 193 52 189 192 18 194 197 55 193 196 19 192 195 55 197 200 56 196 199 19 195 198 19 200 203 56 199 202 23 198 201 36 203 206 57 202 205 52 201 204 57 206 209 58 205 208 52 204 207 52 209 212 58 208 211 55 207 210 58 212 215 56 211 214 55 210 213 61 215 218 60 214 217 59 213 216 60 218 221 62 217 220 59 216 219 65 221 224 64 220 223 63 219 222 64 224 227 66 223 226 63 222 225 63 227 230 66 226 229 67 225 228 66 230 233 68 229 232 67 228 231 67 233 236 68 232 235 69 231 234 68 236 239 70 235 238 69 234 237 64 239 242 71 238 241 66 237 240 71 242 245 72 241 244 66 240 243 66 245 248 72 244 247 68 243 246 72 248 251 73 247 250 68 246 249 68 251 254 73 250 253 70 249 252 73 254 257 74 253 256 70 252 255 72 257 260 75 256 259 73 255 258 75 260 263 74 259 262 73 258 261 78 263 266 77 262 265 76 261 264 77 266 269 79 265 268 76 264 267 76 269 272 79 268 271 80 267 270 79 272 275 81 271 274 80 270 273 80 275 278 81 274 277 82 273 276 81 278 281 83 277 280 82 276 279 82 281 284 83 280 283 84 279 282 83 284 287 85 283 286 84 282 285 82 287 290 86 286 289 80 285 288 86 290 293 87 289 292 80 288 291 80 293 296 87 292 295 76 291 294 87 296 299 78 295 298 76 294 297 90 299 302 89 298 301 88 297 300 89 302 305 91 301 304 88 300 303 88 305 308 91 304 307 92 303 306 91 308 311 93 307 310 92 306 309 89 311 314 90 310 313 94 309 312 90 314 317 95 313 316 94 312 315 97 317 320 96 316 319 88 315 318 96 320 323 90 319 322 88 318 321 96 323 326 98 322 325 90 321 324 98 326 329 99 325 328 90 324 327 90 329 332 99 328 331 95 327 330 99 332 335 100 331 334 95 330 333 92 335 338 101 334 337 88 333 336 101 338 341 97 337 340 88 336 339 98 341 344 96 340 343 102 339 342 96 344 347 103 343 346 102 342 345 102 347 350 103 346 349 104 345 348 103 350 353 105 349 352 104 348 351 104 353 356 105 352 355 106 351 354 98 356 359 102 355 358 99 354 357 102 359 362 107 358 361 99 357 360 102 362 365 108 361 364 107 360 363 108 365 368 109 364 367 107 363 366 99 368 371 107 367 370 100 366 369 107 371 374 110 370 373 100 369 372 100 374 377 110 373 376 108 372 375 110 377 380 109 376 379 108 375 378 103 380 383 112 379 382 111 378 381 112 383 386 113 382 385 111 381 384 111 386 389 113 385 388 114 384 387 103 389 392 111 388 391 105 387 390 111 392 395 106 391 394 105 390 393 101 395 398 103 394 397 115 393 396 103 398 401 116 397 400 115 396 399 97 401 404 101 400 403 117 399 402 101 404 407 115 403 406 117 402 405 117 407 410 115 406 409 118 405 408 115 410 413 116 409 412 118 408 411 96 413 416 97 412 415 103 411 414 97 416 419 117 415 418 103 414 417 103 419 422 117 418 421 116 417 420 117 422 425 118 421 424 116 420 423 106 425 428 111 424 427 104 423 426 111 428 431 102 427 430 104 426 429 120 431 434 93 430 433 119 429 432 93 434 437 91 433 436 119 432 435 91 437 440 89 436 439 119 435 438 89 440 443 94 439 442 119 438 441 119 443 446 94 442 445 120 441 444 112 446 449 92 445 448 113 444 447 92 449 452 121 448 451 113 447 450 113 452 455 121 451 454 95 450 453 79 455 458 122 454 457 81 453 456 122 458 461 123 457 460 81 456 459 81 461 464 123 460 463 83 459 462 123 464 467 85 463 466 83 462 465 67 467 470 124 466 469 63 465 468 124 470 473 65 469 472 63 468 471 127 473 476 126 472 475 125 471 474 126 476 479 128 475 478 125 474 477 130 479 482 127 478 481 129 477 480 127 482 485 125 481 484 129 480 483 132 485 488 128 484 487 131 483 486 128 488 491 126 487 490 131 486 489 134 491 494 125 490 493 133 489 492 125 494 497 128 493 496 133 492 495 133 497 500 128 496 499 135 495 498 128 500 503 136 499 502 135 498 501 137 503 506 136 502 505 132 501 504 136 506 509 128 505 508 132 504 507 139 509 512 138 508 511 132 507 510 138 512 515 140 511 514 132 510 513 134 515 518 141 514 517 125 513 516 141 518 521 129 517 520 125 516 519 135 521 524 142 520 523 133 519 522 142 524 527 143 523 526 133 522 525 135 527 530 136 526 529 142 525 528 136 530 533 144 529 532 142 528 531 142 533 536 144 532 535 145 531 534 144 536 539 146 535 538 145 534 537 136 539 542 137 538 541 144 537 540 137 542 545 147 541 544 144 540 543 144 545 548 147 544 547 146 543 546 147 548 551 145 547 550 146 546 549 143 551 554 149 550 553 148 549 552 149 554 557 150 553 556 148 552 555 148 557 560 150 556 559 151 555 558 143 560 563 148 559 562 152 558 561 148 563 566 138 562 565 152 561 564 134 566 569 153 565 568 141 564 567 153 569 572 154 568 571 141 567 570 141 572 575 154 571 574 143 570 573 154 575 578 155 574 577 143 573 576 133 578 581 143 577 580 134 576 579 143 581 584 153 580 583 134 579 582 143 584 587 155 583 586 153 582 585 155 587 590 156 586 589 153 585 588 155 590 593 154 589 592 156 588 591 154 593 596 153 592 595 156 591 594 142 596 599 151 595 598 143 594 597 151 599 602 149 598 601 143 597 600 138 602 605 148 601 604 140 600 603 148 605 608 142 604 607 140 603 606 127 608 611 157 607 610 126 606 609 157 611 614 131 610 613 126 609 612 127 614 617 130 613 616 157 612 615 130 617 620 158 616 619 157 615 618 157 620 623 158 619 622 131 618 621 152 623 626 138 622 625 129 621 624 138 626 629 139 625 628 129 624 627 147 629 632 137 628 631 145 627 630 137 632 635 142 631 634 145 630 633 1 635 638 2 634 637 159 633 636 159 638 641 160 637 640 1 636 639 34 641 644 45 640 643 43 639 642 43 644 647 12 643 646 34 642 645 7 647 650 12 646 649 43 645 648 43 650 653 44 649 652 7 648 651 20 653 656 21 652 655 24 651 654 14 656 659 6 655 658 8 654 657 159 659 662 38 658 661 39 657 660 39 662 665 160 661 664 159 660 663 39 665 668 37 664 667 161 663 666 161 668 671 160 667 670 39 666 669 14 671 674 24 670 673 162 669 672 162 674 677 163 673 676 14 672 675 30 677 680 1 676 679 160 675 678 160 680 683 161 679 682 30 678 681 35 683 686 11 682 685 13 681 684 13 686 689 164 685 688 35 684 687 164 689 692 13 688 691 14 687 690 14 692 695 163 691 694 164 690 693 162 695 698 24 694 697 21 693 696 21 698 701 22 697 700 162 696 699 17 701 704 19 700 703 23 699 702 31 704 707 166 703 706 165 702 705 165 707 710 53 706 709 31 705 708 34 710 713 51 709 712 46 708 711 46 713 716 45 712 715 34 711 714 50 716 719 167 715 718 46 714 717 46 719 722 51 718 721 50 717 720 60 720 725 61 720 724 62 720 723 165 723 728 166 722 727 168 721 726 168 726 731 41 725 730 165 724 729 168 729 734 166 728 733 161 727 732 161 732 737 37 731 736 168 730 735 58 735 740 163 734 739 162 733 738 162 738 743 56 737 742 58 736 741 36 741 746 51 740 745 34 739 744 41 744 749 168 743 748 37 742 747 46 747 752 167 746 751 42 745 750 30 750 755 161 749 754 166 748 753 166 753 758 31 752 757 30 751 756 47 756 761 54 755 760 15 754 759 35 759 764 164 758 763 57 757 762 57 762 767 36 761 766 35 760 765 164 765 770 163 764 769 58 763 768 58 768 773 57 767 772 164 766 771 162 771 776 22 770 775 23 769 774 23 774 779 56 773 778 162 772 777 95 777 782 100 776 781 114 775 780 92 780 785 112 779 784 101 778 783 114 783 788 100 782 787 102 781 786 107 786 791 109 785 790 110 784 789 108 789 794 102 788 793 100 787 792 111 792 797 114 791 796 102 790 795 103 795 800 101 794 799 112 793 798 113 798 803 95 797 802 114 796 801 132 801 806 140 800 805 137 799 804 129 804 809 141 803 808 152 802 807 140 807 812 142 806 811 137 805 810 149 810 815 151 809 814 150 808 813 148 813 818 151 812 817 142 811 816 143 816 821 152 815 820 141 814 819</p>
    </polylist>
   </mesh>
  </geometry>
  <geometry id="realb00_3-lib" name="realb00_3">
   <mesh>
    <source id="realb00_3-lib-positions" name="position">
     <float_array id="realb00_3-lib-positions-array" count="189">1.23340 13.72758 -0.11971 1.57519 12.73347 1.30603 0.99707 13.12782 1.65990 1.76562 13.26852 -0.37167 0.00000 13.92943 -0.97853 0.00000 12.00745 -1.26180 -1.76562 13.26852 -0.37167 -1.54004 12.01568 0.23140 0.53223 15.95878 2.54860 0.79297 15.46585 1.11266 0.54297 14.56064 1.79001 0.68945 16.62468 2.11982 0.54102 16.40866 4.03912 0.44629 17.23387 3.61018 0.00000 17.03210 1.59477 0.00000 16.22847 0.41460 -0.79297 15.46585 1.11266 -1.23340 13.72758 -0.11971 -0.99707 13.12782 1.65990 0.00000 17.41885 3.42087 1.96973 9.45997 1.65182 1.06738 11.43706 2.01686 1.54004 12.01568 0.23140 1.54688 9.28517 2.08541 2.01172 9.93480 0.65168 2.01172 9.66282 -0.32818 0.00000 9.40418 -1.76391 -2.01172 9.66288 -0.32720 0.00000 6.77931 -2.47904 -1.56250 6.77931 -1.31205 -2.01172 9.93480 0.65168 -1.96973 9.45997 1.65182 -1.57519 12.73347 1.30603 -0.68945 16.62468 2.11982 -0.54297 14.56064 1.79001 -0.53223 15.95816 2.54935 -0.54004 16.40866 4.03912 -0.44629 17.23387 3.61018 -1.06641 11.43706 2.01686 -1.54688 9.28517 2.08541 0.56641 16.22238 4.68763 0.00293 16.46037 5.21814 0.42090 16.25144 5.31067 0.00293 16.52061 4.37960 -0.56152 16.22248 4.68860 -0.41504 16.25153 5.31165 1.56250 6.77931 -1.31205 2.89440 12.81852 -0.07581 3.10483 12.47660 1.15412 3.46597 11.69327 0.15809 -3.10494 12.47660 1.15412 -3.46595 11.69327 0.15809 -2.89458 12.81852 -0.07581 0.00293 15.86016 4.72668 0.35059 15.86368 4.77831 0.00293 16.07466 5.57571 0.00293 15.94596 5.71748 0.20020 16.07573 5.57659 0.22168 15.62009 4.93468 0.00293 15.48115 4.95902 -0.34473 15.86368 4.77831 -0.19434 16.07573 5.57659 -0.21582 15.61930 4.93525</float_array>
     <technique_common>
      <accessor count="63" source="#realb00_3-lib-positions-array" stride="3">
       <param name="X" type="float"/>
       <param name="Y" type="float"/>
       <param name="Z" type="float"/>
      </accessor>
     </technique_common>
    </source>
    <source id="realb00_3-lib-normals" name="normal">
     <float_array id="realb00_3-lib-normals-array" count="756">0.75390 0.62284 -0.20907 0.74952 0.47576 0.46029 0.80388 0.35753 0.47535 0.75390 0.62284 -0.20907 0.52057 0.84044 0.15055 0.74952 0.47576 0.46029 -0.00000 0.40611 -0.91382 0.52057 0.84044 0.15055 0.75390 0.62284 -0.20907 -0.00000 0.40611 -0.91382 -0.00004 0.09679 -0.99530 0.33231 -0.25583 -0.90781 -0.33230 -0.25584 -0.90781 -0.00004 0.09679 -0.99530 -0.00000 0.40611 -0.91382 -0.33230 -0.25584 -0.90781 -0.88869 -0.05921 -0.45467 -0.00004 0.09679 -0.99530 0.97969 -0.14622 0.13719 0.95489 0.28407 -0.08657 0.88274 0.09977 0.45915 0.97969 -0.14622 0.13719 0.90944 0.38834 -0.14871 0.95489 0.28407 -0.08657 0.99487 0.05728 0.08339 0.90944 0.38834 -0.14871 0.97969 -0.14622 0.13719 0.99487 0.05728 0.08339 0.83043 0.54992 -0.08929 0.90944 0.38834 -0.14871 0.69726 0.62906 -0.34368 0.95489 0.28407 -0.08657 0.90944 0.38834 -0.14871 0.69726 0.62906 -0.34368 0.75753 0.48846 -0.43307 0.95489 0.28407 -0.08657 -0.95488 0.28407 -0.08661 -0.75753 0.48846 -0.43307 -0.69726 0.62906 -0.34368 -0.95488 0.28407 -0.08661 -0.75390 0.62284 -0.20907 -0.75753 0.48846 -0.43307 -0.80386 0.35742 0.47546 -0.75390 0.62284 -0.20907 -0.95488 0.28407 -0.08661 0.95489 0.28407 -0.08657 0.80388 0.35753 0.47535 0.88274 0.09977 0.45915 0.95489 0.28407 -0.08657 0.75390 0.62284 -0.20907 0.80388 0.35753 0.47535 0.75753 0.48846 -0.43307 0.75390 0.62284 -0.20907 0.95489 0.28407 -0.08657 0.75753 0.48846 -0.43307 -0.00000 0.40611 -0.91382 0.75390 0.62284 -0.20907 -0.75390 0.62284 -0.20907 -0.00000 0.40611 -0.91382 -0.75753 0.48846 -0.43307 0.11360 0.95110 -0.28725 0.90944 0.38834 -0.14871 0.83043 0.54992 -0.08929 0.11360 0.95110 -0.28725 0.69726 0.62906 -0.34368 0.90944 0.38834 -0.14871 0.82216 0.24191 0.51530 0.88924 0.16246 0.42762 0.94241 0.01146 -0.33426 0.82216 0.24191 0.51530 0.66962 0.17222 0.72246 0.88924 0.16246 0.42762 0.74952 0.47576 0.46029 0.88924 0.16246 0.42762 0.80388 0.35753 0.47535 0.74952 0.47576 0.46029 0.94241 0.01146 -0.33426 0.88924 0.16246 0.42762 0.94241 0.01146 -0.33426 0.97020 0.23320 0.06577 0.82216 0.24191 0.51530 0.94241 0.01146 -0.33426 0.74965 0.22746 -0.62153 0.97020 0.23320 0.06577 -0.00004 0.09679 -0.99530 0.74965 0.22746 -0.62153 0.94241 0.01146 -0.33426 -0.00004 0.09679 -0.99530 0.55341 0.19313 -0.81021 0.74965 0.22746 -0.62153 -0.74977 0.22741 -0.62139 -0.55367 0.19309 -0.81004 -0.00004 0.09679 -0.99530 -0.74977 0.22741 -0.62139 -0.57117 0.19629 -0.79702 -0.55367 0.19309 -0.81004 -0.74977 0.22741 -0.62139 -0.58889 0.17755 -0.78847 -0.57117 0.19629 -0.79702 -0.88869 -0.05921 -0.45467 -0.74977 0.22741 -0.62139 -0.00004 0.09679 -0.99530 -0.88869 -0.05921 -0.45467 -0.97020 0.23320 0.06575 -0.74977 0.22741 -0.62139 -0.82203 0.24213 0.51540 -0.97020 0.23320 0.06575 -0.88869 -0.05921 -0.45467 -0.57208 0.65655 0.49160 -0.75390 0.62284 -0.20907 -0.80386 0.35742 0.47546 -0.57208 0.65655 0.49160 -0.52055 0.84045 0.15056 -0.75390 0.62284 -0.20907 -0.69726 0.62906 -0.34368 -0.71306 0.63410 -0.29911 -0.95488 0.28407 -0.08661 -0.69726 0.62906 -0.34368 -0.59271 0.78794 -0.16688 -0.71306 0.63410 -0.29911 -0.95488 0.28407 -0.08661 -0.88279 0.09970 0.45907 -0.80386 0.35742 0.47546 -0.95488 0.28407 -0.08661 -0.97972 -0.14590 0.13735 -0.88279 0.09970 0.45907 -0.97968 -0.13624 0.14720 -0.97972 -0.14590 0.13735 -0.95488 0.28407 -0.08661 -0.97968 -0.13624 0.14720 -0.99487 0.05668 0.08383 -0.97972 -0.14590 0.13735 -0.83074 0.54949 -0.08907 -0.99487 0.05668 0.08383 -0.71306 0.63410 -0.29911 -0.82203 0.24213 0.51540 -0.88905 0.16244 0.42803 -0.66952 0.17251 0.72248 -0.82203 0.24213 0.51540 -0.87698 0.33754 0.34203 -0.88905 0.16244 0.42803 -0.94557 -0.28404 0.15879 -0.88905 0.16244 0.42803 -0.88869 -0.05921 -0.45467 -0.57208 0.65655 0.49160 -0.80386 0.35742 0.47546 -0.88905 0.16244 0.42803 -0.43791 -0.89682 -0.06280 -0.00047 -0.93309 -0.35966 -0.31666 -0.86950 -0.37908 -0.43791 -0.89682 -0.06280 -0.00061 -0.99743 -0.07166 -0.00047 -0.93309 -0.35966 0.43723 -0.89714 -0.06302 -0.00047 -0.93309 -0.35966 -0.00061 -0.99743 -0.07166 0.43723 -0.89714 -0.06302 0.31569 -0.86952 -0.37984 -0.00047 -0.93309 -0.35966 0.74965 0.22746 -0.62153 0.57107 0.19617 -0.79712 0.58892 0.17730 -0.78851 0.74965 0.22746 -0.62153 0.55341 0.19313 -0.81021 0.57107 0.19617 -0.79712 0.74952 0.47576 0.46029 0.23490 0.93036 0.28151 0.18357 0.95475 0.23401 0.74952 0.47576 0.46029 0.52057 0.84044 0.15055 0.23490 0.93036 0.28151 -0.09550 -0.81628 0.56971 -0.10131 -0.81063 0.57673 -0.11157 -0.80038 0.58901 -0.09550 -0.81628 0.56971 -0.08378 -0.82737 0.55538 -0.10131 -0.81063 0.57673 0.01063 -0.30842 -0.95119 0.33231 -0.25583 -0.90781 -0.10404 -0.41611 -0.90334 0.01063 -0.30842 -0.95119 0.21837 -0.09104 -0.97161 0.33231 -0.25583 -0.90781 0.10131 -0.81062 0.57674 0.09550 -0.81628 0.56971 0.11157 -0.80038 0.58902 0.10131 -0.81062 0.57674 0.08378 -0.82737 0.55538 0.09550 -0.81628 0.56971 -0.23487 0.93037 0.28151 -0.57208 0.65655 0.49160 -0.18356 0.95475 0.23402 -0.23487 0.93037 0.28151 -0.52055 0.84045 0.15056 -0.57208 0.65655 0.49160 -0.01063 -0.30841 -0.95119 -0.33230 -0.25584 -0.90781 -0.21831 -0.09112 -0.97162 -0.01063 -0.30841 -0.95119 0.10404 -0.41611 -0.90334 -0.33230 -0.25584 -0.90781 -0.00004 0.09679 -0.99530 0.94241 0.01146 -0.33426 0.33231 -0.25583 -0.90781 -0.00000 0.40611 -0.91382 -0.75390 0.62284 -0.20907 -0.52055 0.84045 0.15056 0.11360 0.95110 -0.28725 -0.83074 0.54949 -0.08907 -0.71306 0.63410 -0.29911 0.00023 0.48669 0.87358 0.00063 0.46519 0.88521 -0.20561 0.41539 0.88610 -0.20561 0.41539 0.88610 -0.13729 0.42322 0.89556 0.00023 0.48669 0.87358 -0.00024 -0.74515 -0.66690 0.00000 -0.74040 -0.67217 0.00700 -0.81366 -0.58130 -0.00024 -0.74515 -0.66690 0.00700 -0.81366 -0.58130 -0.31666 -0.86950 -0.37908 -0.31666 -0.86950 -0.37908 -0.00047 -0.93309 -0.35966 -0.00024 -0.74515 -0.66690 0.00023 0.48669 0.87358 -0.13729 0.42322 0.89556 -0.18772 0.53987 0.82055 -0.18772 0.53987 0.82055 0.00053 0.52263 0.85256 0.00023 0.48669 0.87358 0.00023 0.48669 0.87358 0.13736 0.42199 0.89613 0.20645 0.41477 0.88620 0.20645 0.41477 0.88620 0.00063 0.46519 0.88521 0.00023 0.48669 0.87358 0.00000 -0.74040 -0.67217 -0.00024 -0.74515 -0.66690 -0.00701 -0.81285 -0.58244 -0.00024 -0.74515 -0.66690 -0.00047 -0.93309 -0.35966 0.31569 -0.86952 -0.37984 0.31569 -0.86952 -0.37984 -0.00701 -0.81285 -0.58244 -0.00024 -0.74515 -0.66690 0.00023 0.48669 0.87358 0.00053 0.52263 0.85256 0.18794 0.53983 0.82053 0.18794 0.53983 0.82053 0.13736 0.42199 0.89613 0.00023 0.48669 0.87358</float_array>
     <technique_common>
      <accessor count="252" source="#realb00_3-lib-normals-array" stride="3">
       <param name="X" type="float"/>
       <param name="Y" type="float"/>
       <param name="Z" type="float"/>
      </accessor>
     </technique_common>
    </source>
    <source id="realb00_3-lib-texcoords">
     <float_array id="realb00_3-lib-texcoords-array" count="504">0.55957 -0.06836 0.43164 -0.22559 0.34277 -0.20117 0.55957 -0.06836 0.57129 -0.08301 0.43164 -0.22559 0.98145 -0.01465 0.57129 -0.08301 0.55957 -0.06836 0.98145 -0.01465 0.98242 -0.34082 0.57129 -0.08301 0.57129 -0.08301 0.98242 -0.34082 0.98145 -0.01465 0.57129 -0.08301 0.56934 -0.33984 0.98242 -0.34082 0.64844 -0.97363 0.38477 -0.78223 0.37500 -0.97266 0.64844 -0.97363 0.65723 -0.81543 0.38477 -0.78223 0.97559 -0.98242 0.65723 -0.81543 0.64844 -0.97363 0.97559 -0.98242 0.99805 -0.84180 0.65723 -0.81543 0.67285 -0.71094 0.38477 -0.78223 0.65723 -0.81543 0.67285 -0.71094 0.46191 -0.64258 0.38477 -0.78223 0.38477 -0.78223 0.46191 -0.64258 0.67285 -0.71094 0.38477 -0.78223 0.00977 -0.76758 0.46191 -0.64258 0.06738 -0.97754 0.00977 -0.76758 0.38477 -0.78223 0.38477 -0.78223 0.06738 -0.97754 0.37500 -0.97266 0.38477 -0.78223 0.00977 -0.76758 0.06738 -0.97754 0.46191 -0.64258 0.00977 -0.76758 0.38477 -0.78223 0.46191 -0.64258 0.11426 -0.63672 0.00977 -0.76758 0.00977 -0.76758 0.11426 -0.63672 0.46191 -0.64258 0.99121 -0.76270 0.65723 -0.81543 0.99805 -0.84180 0.99121 -0.76270 0.67285 -0.71094 0.65723 -0.81543 0.39160 -0.59863 0.33203 -0.39941 0.54004 -0.34570 0.39160 -0.59863 0.32812 -0.59863 0.33203 -0.39941 0.43164 -0.22559 0.33203 -0.39941 0.34277 -0.20117 0.43164 -0.22559 0.54004 -0.34570 0.33203 -0.39941 0.54004 -0.34570 0.50781 -0.59863 0.39160 -0.59863 0.54004 -0.34570 0.67188 -0.59863 0.50781 -0.59863 0.98242 -0.34082 0.67188 -0.59863 0.54004 -0.34570 0.98242 -0.34082 0.98535 -0.71777 0.67188 -0.59863 0.67188 -0.59863 0.98535 -0.71777 0.98242 -0.34082 0.61035 -0.35938 0.99219 -0.67383 0.92090 -0.44727 0.61035 -0.35938 0.70996 -0.72070 0.99219 -0.67383 0.56934 -0.33984 0.67188 -0.59863 0.98242 -0.34082 0.56934 -0.33984 0.50781 -0.59863 0.67188 -0.59863 0.39160 -0.59863 0.50781 -0.59863 0.56934 -0.33984 0.43164 -0.22559 0.55957 -0.06836 0.34473 -0.20117 0.43164 -0.22559 0.57129 -0.08301 0.55957 -0.06836 0.67285 -0.71094 0.65723 -0.81543 0.38477 -0.78223 0.67285 -0.71094 0.99219 -0.75684 0.65723 -0.81543 0.38477 -0.78223 0.37500 -0.97266 0.06738 -0.97754 0.38477 -0.78223 0.64844 -0.97363 0.37500 -0.97266 0.65723 -0.81543 0.64844 -0.97363 0.38477 -0.78223 0.65723 -0.81543 0.97559 -0.98242 0.64844 -0.97363 0.99902 -0.84180 0.97559 -0.98242 0.65723 -0.81543 0.39160 -0.59863 0.33203 -0.39941 0.32812 -0.59863 0.39160 -0.59863 0.56934 -0.33984 0.33203 -0.39941 0.43164 -0.22559 0.33203 -0.39941 0.56934 -0.33984 0.43164 -0.22559 0.34473 -0.20117 0.33203 -0.39941 0.00293 -0.08789 0.09961 -0.01270 0.11816 -0.06738 0.00293 -0.08789 0.00293 -0.01270 0.09961 -0.01270 0.00293 -0.08789 0.09961 -0.01270 0.00293 -0.01270 0.00293 -0.08789 0.11816 -0.06738 0.09961 -0.01270 0.61035 -0.35938 0.99219 -0.67383 0.70996 -0.72070 0.61035 -0.35938 0.92090 -0.44727 0.99219 -0.67383 0.27734 -0.60938 0.07617 -0.31250 0.27051 -0.23242 0.27734 -0.60938 0.11230 -0.60938 0.07617 -0.31250 0.29688 -0.60938 0.27051 -0.23242 0.29785 -0.24023 0.29688 -0.60938 0.27734 -0.60938 0.27051 -0.23242 -0.00098 -0.23438 0.11230 -0.60938 0.00098 -0.60938 -0.00098 -0.23438 0.07617 -0.31250 0.11230 -0.60938 0.27051 -0.23242 0.29688 -0.60938 0.29785 -0.24023 0.27051 -0.23242 0.27734 -0.60938 0.29688 -0.60938 0.07617 -0.31250 0.27734 -0.60938 0.27051 -0.23242 0.07617 -0.31250 0.11230 -0.60938 0.27734 -0.60938 -0.00098 -0.23438 0.11230 -0.60938 0.07617 -0.31250 -0.00098 -0.23438 0.00098 -0.60938 0.11230 -0.60938 0.98242 -0.34082 0.54004 -0.34570 0.57129 -0.08301 0.98145 -0.01465 0.55957 -0.06836 0.57129 -0.08301 0.99219 -0.75684 0.99902 -0.84180 0.65723 -0.81543 0.11426 -0.11719 0.00293 -0.13281 0.00293 -0.22656 0.00293 -0.22656 0.11133 -0.18652 0.11426 -0.11719 0.25781 -0.01270 0.30273 -0.01270 0.25000 -0.05762 0.25781 -0.01270 0.25000 -0.05762 0.11816 -0.06738 0.11816 -0.06738 0.09863 -0.01270 0.25781 -0.01270 0.11426 -0.11719 0.11133 -0.18652 0.26367 -0.15039 0.26367 -0.15039 0.26953 -0.11621 0.11426 -0.11719 0.11426 -0.11719 0.11133 -0.18652 0.00293 -0.22656 0.00293 -0.22656 0.00293 -0.13281 0.11426 -0.11719 0.30273 -0.01270 0.25781 -0.01270 0.25000 -0.05762 0.25781 -0.01270 0.09863 -0.01270 0.11816 -0.06738 0.11816 -0.06738 0.25000 -0.05762 0.25781 -0.01270 0.11426 -0.11719 0.26953 -0.11621 0.26367 -0.15039 0.26367 -0.15039 0.11133 -0.18652 0.11426 -0.11719</float_array>
     <technique_common>
      <accessor count="252" offset="0" source="#realb00_3-lib-texcoords-array" stride="2">
       <param name="U" type="float"/>
       <param name="V" type="float"/>
      </accessor>
     </technique_common>
    </source>
    <vertices id="realb00_3-lib-vertices">
     <input semantic="POSITION" source="#realb00_3-lib-positions"/>
    </vertices>
    <polylist count="84" material="mat3.png">
     <input offset="0" semantic="VERTEX" source="#realb00_3-lib-vertices"/>
     <input offset="1" semantic="NORMAL" source="#realb00_3-lib-normals"/>
     <input offset="2" semantic="TEXCOORD" source="#realb00_3-lib-texcoords"/>
     <vcount>3 3 3 3 3 3 3 3 3 3 3 3 3 3 3 3 3 3 3 3 3 3 3 3 3 3 3 3 3 3 3 3 3 3 3 3 3 3 3 3 3 3 3 3 3 3 3 3 3 3 3 3 3 3 3 3 3 3 3 3 3 3 3 3 3 3 3 3 3 3 3 3 3 3 3 3 3 3 3 3 3 3 3 3</vcount>
     <p>2 2 2 1 1 1 0 0 0 1 5 5 3 4 4 0 3 3 0 8 8 3 7 7 4 6 6 3 11 11 5 10 10 4 9 9 4 14 14 5 13 13 6 12 12 5 17 17 7 16 16 6 15 15 10 20 20 9 19 19 8 18 18 9 23 23 11 22 22 8 21 21 8 26 26 11 25 25 12 24 24 11 29 29 13 28 28 12 27 27 11 32 32 9 31 31 14 30 30 9 35 35 15 34 34 14 33 33 14 38 38 15 37 37 16 36 36 15 41 41 17 40 40 16 39 39 16 44 44 17 43 43 18 42 42 10 47 47 2 46 46 9 45 45 2 50 50 0 49 49 9 48 48 9 53 53 0 52 52 15 51 51 0 56 56 4 55 55 15 54 54 15 59 59 4 58 58 17 57 57 13 62 62 11 61 61 19 60 60 11 65 65 14 64 64 19 63 63 22 68 68 21 67 67 20 66 66 21 71 71 23 70 70 20 69 69 2 74 74 21 73 73 1 72 72 21 77 77 22 76 76 1 75 75 20 80 80 24 79 79 22 78 78 24 83 83 25 82 82 22 81 81 22 86 86 25 85 85 5 84 84 25 89 89 26 88 88 5 87 87 5 92 92 26 91 91 27 90 90 26 95 95 28 94 94 27 93 93 28 98 98 29 97 97 27 96 96 5 101 101 27 100 100 7 99 99 27 104 104 30 103 103 7 102 102 7 107 107 30 106 106 31 105 105 18 110 110 17 109 109 32 108 108 17 113 113 6 112 112 32 111 111 16 116 116 33 115 115 14 114 114 33 119 119 19 118 118 14 117 117 18 122 122 34 121 121 16 120 120 34 125 125 35 124 124 16 123 123 16 128 128 35 127 127 33 126 126 35 131 131 36 130 130 33 129 129 33 134 134 36 133 133 37 132 132 39 137 137 38 136 136 31 135 135 38 140 140 7 139 139 31 138 138 7 143 143 38 142 142 32 141 141 38 146 146 18 145 145 32 144 144 42 149 149 41 148 148 40 147 147 41 152 152 43 151 151 40 150 150 43 155 155 41 154 154 44 153 153 41 158 158 45 157 157 44 156 156 46 161 161 28 160 160 25 159 159 28 164 164 26 163 163 25 162 162 48 167 167 47 166 166 1 165 165 47 170 170 3 169 169 1 168 168 49 173 173 48 172 172 22 171 171 48 176 176 1 175 175 22 174 174 22 179 179 3 178 178 49 177 177 3 182 182 47 181 181 49 180 180 51 185 185 7 184 184 50 183 183 7 188 188 32 187 187 50 186 186 50 191 191 32 190 190 52 189 189 32 194 194 6 193 193 52 192 192 52 197 197 6 196 196 51 195 195 6 200 200 7 199 199 51 198 198 3 203 203 22 202 202 5 201 201 6 206 206 17 205 205 4 204 204 33 209 209 37 208 208 19 207 207 40 212 212 43 211 211 53 210 210 53 215 215 54 214 214 40 213 213 57 218 218 56 217 217 55 216 216 42 221 221 57 220 220 55 219 219 55 224 224 41 223 223 42 222 222 58 227 227 54 226 226 53 225 225 53 230 230 59 229 229 58 228 228 44 233 233 60 232 232 53 231 231 53 236 236 43 235 235 44 234 234 61 239 239 55 238 238 56 237 237 45 242 242 41 241 241 55 240 240 55 245 245 61 244 244 45 243 243 62 248 248 59 247 247 53 246 246 53 251 251 60 250 250 62 249 249</p>
    </polylist>
   </mesh>
  </geometry>
  <geometry id="realb00_4-lib" name="realb00_4">
   <mesh>
    <source id="realb00_4-lib-positions" name="position">
     <float_array id="realb00_4-lib-positions-array" count="228">4.24057 15.23436 1.76104 4.35352 14.55911 1.08398 3.97478 14.58845 1.33838 4.54140 15.14414 1.72066 4.84744 14.91006 1.64053 3.95955 14.71052 0.97172 4.23252 15.15933 1.30470 3.92034 15.25580 1.80639 4.11961 15.44858 1.84418 4.04368 15.00303 2.18821 4.48878 15.53592 1.78430 4.41753 15.09485 2.15887 4.78448 15.26875 1.72683 4.71377 14.83202 2.08992 5.02726 15.78721 1.07528 15.24463 20.19401 -0.31801 5.04486 15.42262 1.07108 16.49943 25.46364 1.95811 16.22810 16.46898 -0.76146 4.25391 14.98871 1.03044 13.30814 13.17112 -1.14881 12.68211 8.54165 0.40764 5.73683 5.42035 0.32609 3.46597 11.69327 0.15809 3.87891 9.07228 -0.13138 1.56934 11.08873 0.07108 1.54004 12.01568 0.23140 4.99026 16.27104 1.04493 16.56403 25.73523 2.12880 -4.35421 14.55911 1.08398 -4.24139 15.23436 1.76104 -3.97544 14.58845 1.33838 -4.54223 15.14414 1.72066 -4.84825 14.91006 1.64053 -3.96024 14.71052 0.97172 -4.23333 15.15933 1.30470 -3.92113 15.25580 1.80639 -4.12046 15.44858 1.84418 -4.04436 15.00240 2.18747 -4.48969 15.53592 1.78430 -4.41833 15.09485 2.15887 -4.78536 15.26875 1.72683 -4.71454 14.83202 2.08992 -5.02829 15.78721 1.07528 -15.24765 20.19401 -0.31801 -16.50371 25.46364 1.95811 -5.04581 15.42262 1.07108 -16.23038 16.46898 -0.76146 -4.25469 14.98871 1.03044 -13.30941 13.17112 -1.14881 -12.68226 8.54165 0.40764 -3.46595 11.69327 0.15809 -5.73562 5.42035 0.32609 -3.87891 9.07251 -0.13195 -1.56934 11.08873 0.07108 -4.99139 16.27104 1.04493 -16.56838 25.73523 2.12880 3.10483 12.47660 1.15412 2.89440 12.81852 -0.07581 5.11887 15.47727 1.02993 4.34614 14.56751 1.03881 3.24186 15.98598 1.29694 3.54598 16.29128 0.98950 2.54511 16.72509 1.43106 3.76343 16.53829 1.39763 7.94677 7.79487 -0.95715 -2.89458 12.81852 -0.07581 -3.10494 12.47660 1.15412 -4.34683 14.56751 1.03881 -5.11984 15.47727 1.02993 -3.24277 15.98598 1.29694 -3.54698 16.29128 0.98950 -2.54611 16.72509 1.43106 -3.76450 16.53829 1.39763 -7.94632 7.79487 -0.95715 -1.54004 12.01568 0.23140</float_array>
     <technique_common>
      <accessor count="76" source="#realb00_4-lib-positions-array" stride="3">
       <param name="X" type="float"/>
       <param name="Y" type="float"/>
       <param name="Z" type="float"/>
      </accessor>
     </technique_common>
    </source>
    <source id="realb00_4-lib-normals" name="normal">
     <float_array id="realb00_4-lib-normals-array" count="969">0.05678 -0.64406 0.76286 0.35845 -0.52755 0.77020 0.43568 -0.46527 0.77052 0.05678 -0.64406 0.76286 -0.36816 -0.87424 0.31649 0.35845 -0.52755 0.77020 0.52835 0.32350 -0.78498 0.43397 0.27892 -0.85666 0.50284 0.27310 -0.82010 0.52835 0.32350 -0.78498 0.64598 0.29296 -0.70490 0.43397 0.27892 -0.85666 -0.55823 0.67830 -0.47780 -0.60630 0.72114 -0.33520 -0.56165 0.67449 -0.47919 -0.55823 0.67830 -0.47780 -0.87792 0.47834 0.02114 -0.60630 0.72114 -0.33520 0.43568 -0.46527 0.77052 0.07798 -0.56815 0.81922 0.05678 -0.64406 0.76286 -0.98694 0.13605 0.08627 -0.99593 -0.08938 0.01160 -0.74655 0.45097 0.48917 0.88488 0.43302 0.17167 0.81569 0.26002 0.51677 0.87639 0.38006 0.29579 -0.62836 0.53969 0.56026 -0.74655 0.45097 0.48917 -0.62836 0.53969 0.56026 -0.12994 -0.84557 -0.51780 -0.22646 -0.90807 -0.35232 -0.12994 -0.84557 -0.51780 0.97320 0.15788 -0.16720 0.97001 0.16001 -0.18296 0.95648 0.08303 0.27973 -0.69010 0.53000 0.49282 -0.76558 0.61578 0.18627 -0.75902 0.60647 0.23682 -0.30542 -0.93281 -0.19126 -0.36816 -0.87424 0.31649 -0.22646 -0.90807 -0.35232 0.94957 0.09477 0.29890 0.94957 0.09477 0.29890 -0.34207 0.63287 0.69460 -0.40370 0.76244 0.50568 -0.38417 0.72083 0.57690 -0.62746 -0.71401 -0.31062 -0.62746 -0.71401 -0.31062 -0.36816 -0.87424 0.31649 0.08042 -0.03487 0.99615 0.25376 -0.29475 0.92127 0.17359 -0.28071 0.94396 0.08042 -0.03487 0.99615 0.36401 -0.52589 0.76872 0.25376 -0.29475 0.92127 0.17139 -0.14586 0.97435 0.17359 -0.28071 0.94396 0.25376 -0.29475 0.92127 0.17139 -0.14586 0.97435 0.07193 -0.15541 0.98523 0.17359 -0.28071 0.94396 0.22714 -0.03540 0.97322 0.07193 -0.15541 0.98523 0.17139 -0.14586 0.97435 0.22714 -0.03540 0.97322 0.06958 -0.00540 0.99756 0.07193 -0.15541 0.98523 0.25570 -0.03536 0.96611 -0.27028 -0.13572 0.95317 0.07193 -0.15541 0.98523 0.25570 -0.03536 0.96611 -0.45210 -0.16798 0.87600 -0.27028 -0.13572 0.95317 -0.27028 -0.13572 0.95317 0.00053 -0.14409 0.98956 0.00902 -0.17015 0.98538 -0.27028 -0.13572 0.95317 -0.45210 -0.16798 0.87600 0.00053 -0.14409 0.98956 0.36401 -0.52589 0.76872 0.01025 -0.00557 0.99993 0.38479 -0.55502 0.73749 0.36401 -0.52589 0.76872 0.08042 -0.03487 0.99615 0.01025 -0.00557 0.99993 -0.35838 -0.52763 0.77017 -0.05677 -0.64408 0.76285 -0.43563 -0.46533 0.77051 -0.35838 -0.52763 0.77017 0.36818 -0.87423 0.31649 -0.05677 -0.64408 0.76285 0.31640 -0.65012 0.69082 0.36818 -0.87423 0.31649 -0.35838 -0.52763 0.77017 -0.43394 0.27883 -0.85671 -0.52834 0.32339 -0.78503 -0.50283 0.27302 -0.82014 -0.43394 0.27883 -0.85671 -0.64597 0.29284 -0.70496 -0.52834 0.32339 -0.78503 0.55815 0.67838 -0.47778 0.60621 0.72123 -0.33517 0.87782 0.47853 0.02112 0.55815 0.67838 -0.47778 0.56156 0.67457 -0.47917 0.60621 0.72123 -0.33517 -0.07797 -0.56816 0.81921 -0.43563 -0.46533 0.77051 -0.05677 -0.64408 0.76285 0.74604 0.45057 0.49031 0.99595 -0.08916 0.01158 0.98691 0.13627 0.08626 -0.88494 0.43267 0.17228 -0.87637 0.37970 0.29631 -0.81530 0.25929 0.51774 0.62781 0.53908 0.56147 0.74604 0.45057 0.49031 0.62781 0.53908 0.56147 0.13010 -0.84451 -0.51949 0.22658 -0.90770 -0.35318 0.13010 -0.84451 -0.51949 -0.97323 0.15768 -0.16719 -0.95649 0.08282 0.27977 -0.97004 0.15981 -0.18298 0.75891 0.60662 0.23680 0.76547 0.61592 0.18625 0.69001 0.53014 0.49279 0.22658 -0.90770 -0.35318 0.36818 -0.87423 0.31649 0.30542 -0.93281 -0.19128 -0.94957 0.09457 0.29894 -0.94957 0.09457 0.29894 -0.94957 0.09457 0.29894 0.38412 0.72088 0.57687 0.40364 0.76249 0.50566 0.34202 0.63292 0.69457 0.36818 -0.87423 0.31649 0.62748 -0.71397 -0.31067 0.62748 -0.71397 -0.31067 -0.08041 -0.03488 0.99615 -0.25374 -0.29481 0.92125 -0.36397 -0.52596 0.76869 -0.08041 -0.03488 0.99615 -0.17357 -0.28076 0.94395 -0.25374 -0.29481 0.92125 -0.17138 -0.14588 0.97435 -0.17357 -0.28076 0.94395 -0.07192 -0.15541 0.98523 -0.17138 -0.14588 0.97435 -0.25374 -0.29481 0.92125 -0.17357 -0.28076 0.94395 -0.07192 -0.15541 0.98523 -0.22711 -0.03547 0.97322 -0.17138 -0.14588 0.97435 -0.07192 -0.15541 0.98523 -0.06959 -0.00539 0.99756 -0.22711 -0.03547 0.97322 0.27029 -0.13575 0.95316 -0.25556 -0.03548 0.96614 -0.07192 -0.15541 0.98523 0.27029 -0.13575 0.95316 0.45295 -0.16827 0.87551 -0.25556 -0.03548 0.96614 -0.00056 -0.14419 0.98955 0.45295 -0.16827 0.87551 0.27029 -0.13575 0.95316 -0.36397 -0.52596 0.76869 -0.01024 -0.00557 0.99993 -0.08041 -0.03488 0.99615 -0.36397 -0.52596 0.76869 -0.38474 -0.55509 0.73746 -0.01024 -0.00557 0.99993 -0.87792 0.47834 0.02114 -0.98694 0.13605 0.08627 -0.89886 0.36386 0.24424 -0.89886 0.36386 0.24424 -0.89612 0.36364 0.25442 -0.87792 0.47834 0.02114 0.35845 -0.52755 0.77020 0.70927 -0.40587 0.57637 0.69550 -0.39685 0.59898 0.43397 0.27892 -0.85666 0.57504 0.12400 -0.80867 0.54930 0.12861 -0.82567 0.54930 0.12861 -0.82567 0.50284 0.27310 -0.82010 0.43397 0.27892 -0.85666 -0.36816 -0.87424 0.31649 -0.31641 -0.65015 0.69078 0.35845 -0.52755 0.77020 0.88488 0.43302 0.17167 0.87639 0.38006 0.29579 0.64598 0.29296 -0.70490 0.97001 0.16001 -0.18296 0.97320 0.15788 -0.16720 0.64598 0.29296 -0.70490 -0.75902 0.60647 0.23682 -0.76558 0.61578 0.18627 -0.60630 0.72114 -0.33520 0.52835 0.32350 -0.78498 0.54589 0.28537 -0.78776 0.64598 0.29296 -0.70490 -0.38417 0.72083 0.57690 -0.40370 0.76244 0.50568 -0.60630 0.72114 -0.33520 0.43568 -0.46527 0.77052 0.35845 -0.52755 0.77020 0.69550 -0.39685 0.59898 0.12946 -0.04230 0.99068 0.11651 -0.08930 0.98917 0.08259 -0.17547 0.98101 -0.09810 -0.07393 -0.99243 -0.35785 -0.20869 -0.91016 -0.51546 -0.29625 -0.80408 0.02433 -0.00265 -0.99970 0.04025 0.18108 -0.98264 -0.35785 -0.20869 -0.91016 0.11089 0.82296 -0.55717 0.07682 0.83433 -0.54589 0.06611 0.83765 -0.54220 -0.49510 -0.32017 -0.80769 -0.51546 -0.29625 -0.80408 -0.35785 -0.20869 -0.91016 -0.00044 -0.17894 0.98386 0.12865 -0.29414 0.94707 0.08259 -0.17547 0.98101 -0.09810 -0.07393 -0.99243 0.02433 -0.00265 -0.99970 -0.35785 -0.20869 -0.91016 0.04025 0.18108 -0.98264 0.06611 0.83765 -0.54220 0.07682 0.83433 -0.54589 0.08259 -0.17547 0.98101 0.01025 -0.00557 0.99993 0.12946 -0.04230 0.99068 0.08259 -0.17547 0.98101 0.12865 -0.29414 0.94707 0.01025 -0.00557 0.99993 0.15498 -0.18839 0.96979 0.07193 -0.15541 0.98523 0.06958 -0.00540 0.99756 0.15498 -0.18839 0.96979 0.25570 -0.03536 0.96611 0.07193 -0.15541 0.98523 0.63631 0.05161 -0.76970 0.54930 0.12861 -0.82567 0.50284 0.27310 -0.82010 0.87782 0.47853 0.02112 0.89605 0.36384 0.25440 0.89878 0.36406 0.24423 0.89878 0.36406 0.24423 0.98691 0.13627 0.08626 0.87782 0.47853 0.02112 -0.70919 -0.40602 0.57637 -0.35838 -0.52763 0.77017 -0.69542 -0.39700 0.59898 -0.43394 0.27883 -0.85671 -0.50283 0.27302 -0.82014 -0.54928 0.12850 -0.82570 -0.54928 0.12850 -0.82570 -0.57502 0.12387 -0.80871 -0.43394 0.27883 -0.85671 -0.87637 0.37970 0.29631 -0.88494 0.43267 0.17228 -0.64597 0.29284 -0.70496 -0.97323 0.15768 -0.16719 -0.97004 0.15981 -0.18298 -0.64597 0.29284 -0.70496 0.76547 0.61592 0.18625 0.75891 0.60662 0.23680 0.60621 0.72123 -0.33517 -0.54588 0.28526 -0.78781 -0.52834 0.32339 -0.78503 -0.64597 0.29284 -0.70496 0.40364 0.76249 0.50566 0.38412 0.72088 0.57687 0.60621 0.72123 -0.33517 -0.35838 -0.52763 0.77017 -0.43563 -0.46533 0.77051 -0.69542 -0.39700 0.59898 -0.11650 -0.08933 0.98917 -0.12945 -0.04232 0.99068 -0.08257 -0.17548 0.98101 0.35781 -0.20860 -0.91020 0.09811 -0.07391 -0.99243 0.51544 -0.29615 -0.80413 -0.04025 0.18108 -0.98264 -0.02433 -0.00265 -0.99970 0.35781 -0.20860 -0.91020 -0.07682 0.83432 -0.54590 -0.11089 0.82296 -0.55718 -0.06610 0.83764 -0.54220 0.51544 -0.29615 -0.80413 0.49508 -0.32008 -0.80774 0.35781 -0.20860 -0.91020 -0.12864 -0.29417 0.94705 0.00044 -0.17894 0.98386 -0.08257 -0.17548 0.98101 -0.02433 -0.00265 -0.99970 0.09811 -0.07391 -0.99243 0.35781 -0.20860 -0.91020 -0.06610 0.83764 -0.54220 -0.04025 0.18108 -0.98264 -0.07682 0.83432 -0.54590 -0.01024 -0.00557 0.99993 -0.08257 -0.17548 0.98101 -0.12945 -0.04232 0.99068 -0.12864 -0.29417 0.94705 -0.08257 -0.17548 0.98101 -0.01024 -0.00557 0.99993 -0.07192 -0.15541 0.98523 -0.15497 -0.18842 0.96979 -0.06959 -0.00539 0.99756 -0.25556 -0.03548 0.96614 -0.15497 -0.18842 0.96979 -0.07192 -0.15541 0.98523 0.27029 -0.13575 0.95316 -0.00902 -0.17015 0.98538 -0.00056 -0.14419 0.98955 -0.54928 0.12850 -0.82570 -0.63629 0.05147 -0.76973 -0.50283 0.27302 -0.82014</float_array>
     <technique_common>
      <accessor count="323" source="#realb00_4-lib-normals-array" stride="3">
       <param name="X" type="float"/>
       <param name="Y" type="float"/>
       <param name="Z" type="float"/>
      </accessor>
     </technique_common>
    </source>
    <source id="realb00_4-lib-texcoords">
     <float_array id="realb00_4-lib-texcoords-array" count="648">-0.18750 -0.84766 -0.22070 -0.90430 -0.15820 -0.89062 -0.18750 -0.84766 -0.22266 -0.85547 -0.22070 -0.90430 -0.01367 -0.82812 -0.11719 -0.89844 -0.05859 -0.89453 -0.01367 -0.82812 -0.08984 -0.84961 -0.11719 -0.89844 -0.14844 -0.82812 -0.08984 -0.84961 -0.13477 -0.80859 -0.14844 -0.82812 -0.11719 -0.89844 -0.08984 -0.84961 -0.15820 -0.89062 -0.15039 -0.83398 -0.15234 -0.85547 -0.15820 -0.89062 -0.11719 -0.89844 -0.15039 -0.83398 0.40625 -0.16797 0.36133 -0.09766 0.34961 -0.16797 0.44727 -0.05469 0.46094 -0.16797 0.51758 -0.16797 0.44727 -0.05469 0.40625 -0.16797 0.46094 -0.16797 0.34961 -0.16797 0.40625 -0.16797 0.38477 -0.06836 0.44727 -0.05469 0.46094 -0.16797 0.51758 -0.16797 0.44727 -0.05469 0.40625 -0.16797 0.46094 -0.16797 0.34961 -0.16797 0.40625 -0.16797 0.38281 -0.07227 0.44727 -0.05469 0.46094 -0.16797 0.51758 -0.16797 0.44727 -0.05469 0.40625 -0.16797 0.46094 -0.16797 0.26172 -0.50195 0.47852 -0.80273 0.47656 -0.50391 0.26172 -0.50195 0.28125 -0.80664 0.47852 -0.80273 -0.01172 -0.24023 0.03516 -0.08203 0.61719 -0.38672 -0.01172 -0.24023 -0.09570 0.00195 0.03516 -0.08203 1.24609 -1.30859 0.98242 -1.17578 1.49023 -1.32031 1.24609 -1.30859 0.99414 -1.27930 0.98242 -1.17578 0.03125 -0.71484 0.40039 -0.44336 0.00586 -0.44141 0.03125 -0.71484 0.39844 -0.71875 0.40039 -0.44336 0.40039 -0.44336 0.51562 -0.71875 0.52539 -0.44922 0.40039 -0.44336 0.39844 -0.71875 0.51562 -0.71875 1.00781 -0.99219 0.95898 -0.34570 0.96094 -0.99219 1.00781 -0.99219 1.00781 -0.34570 0.95898 -0.34570 -0.22070 -0.90430 -0.18750 -0.84766 -0.15820 -0.89062 -0.22070 -0.90430 -0.22266 -0.85547 -0.18750 -0.84766 -0.25195 -0.86719 -0.22266 -0.85547 -0.22070 -0.90430 -0.11719 -0.89844 -0.01367 -0.82812 -0.05859 -0.89453 -0.11719 -0.89844 -0.08984 -0.84961 -0.01367 -0.82812 -0.14844 -0.82812 -0.08984 -0.84961 -0.11719 -0.89844 -0.14844 -0.82812 -0.13477 -0.80859 -0.08984 -0.84961 -0.15039 -0.83398 -0.15820 -0.89062 -0.15234 -0.85547 -0.15039 -0.83398 -0.11719 -0.89844 -0.15820 -0.89062 0.40625 -0.16797 0.34961 -0.16797 0.36133 -0.09766 0.51758 -0.16797 0.46094 -0.16797 0.44727 -0.05469 0.46094 -0.16797 0.40625 -0.16797 0.44727 -0.05469 0.34961 -0.16797 0.38477 -0.06836 0.40625 -0.16797 0.51758 -0.16797 0.46094 -0.16797 0.44727 -0.05469 0.46094 -0.16797 0.40625 -0.16797 0.44727 -0.05469 0.34961 -0.16797 0.38281 -0.07227 0.40625 -0.16797 0.51758 -0.16797 0.46094 -0.16797 0.44727 -0.05469 0.46094 -0.16797 0.40625 -0.16797 0.44727 -0.05469 0.26172 -0.50195 0.47852 -0.80273 0.28125 -0.80664 0.26172 -0.50195 0.47656 -0.50391 0.47852 -0.80273 -0.01172 -0.24023 0.03516 -0.08203 -0.09570 0.00195 -0.01172 -0.24023 0.61719 -0.38672 0.03516 -0.08203 0.98242 -1.17578 1.24609 -1.30859 1.49023 -1.32031 0.98242 -1.17578 0.99414 -1.27930 1.24609 -1.30859 0.40039 -0.44336 0.03125 -0.71484 0.00586 -0.44141 0.40039 -0.44336 0.39844 -0.71875 0.03125 -0.71484 0.51562 -0.71875 0.39844 -0.71875 0.40039 -0.44336 1.00781 -0.99219 0.95898 -0.34570 1.00781 -0.34570 1.00781 -0.99219 0.96094 -0.99219 0.95898 -0.34570 -0.12305 -0.63672 -0.14648 -0.64258 -0.13867 -0.74414 -0.13867 -0.74414 -0.07227 -0.73438 -0.12305 -0.63672 -0.18164 -0.64062 -0.15234 -0.76367 -0.13867 -0.74414 -0.12305 -0.63672 -0.07227 -0.73438 -0.02930 -0.74414 -0.02930 -0.74414 -0.09570 -0.61719 -0.12305 -0.63672 -0.22266 -0.85547 -0.25195 -0.86719 -0.22070 -0.90430 -0.11133 -0.82227 -0.13867 -0.81445 -0.12305 -0.85742 -0.06445 -0.81641 -0.08789 -0.80273 -0.08594 -0.84766 -0.08008 -0.80273 -0.10547 -0.82031 -0.08984 -0.84961 -0.01367 -0.82812 -0.02930 -0.80469 -0.08984 -0.84961 -0.02930 -0.80859 -0.05664 -0.81836 -0.04102 -0.85156 -0.14648 -0.64258 -0.18164 -0.64062 -0.13867 -0.74414 0.77930 -0.25000 0.81836 -0.29688 0.86523 -0.10938 0.81836 -0.29688 0.89648 -0.10938 0.86523 -0.10938 0.90039 -0.25000 0.85938 -0.10938 0.75000 -0.10938 0.27734 -0.71484 0.01367 -0.89258 0.01367 -0.79102 0.27734 -0.71484 0.01367 -0.63867 0.01367 -0.58789 0.27734 -0.71484 0.01367 -0.79102 0.01367 -0.63867 0.81836 -0.29688 0.90039 -0.25000 0.89648 -0.10938 0.85938 -0.10938 0.81250 -0.10938 0.75000 -0.10938 0.86523 -0.10938 0.85938 -0.10938 0.77930 -0.25000 0.86523 -0.10938 0.81250 -0.10938 0.85938 -0.10938 0.22656 -0.82617 0.02734 -0.57617 0.02734 -0.83398 0.22656 -0.41797 0.74609 -0.42773 0.75781 -0.20703 0.00586 -0.44141 0.40039 -0.44336 0.00000 -1.00000 -0.12305 -0.63672 -0.07227 -0.73438 -0.13867 -0.74414 -0.13867 -0.74414 -0.14648 -0.64258 -0.12305 -0.63672 -0.15234 -0.76367 -0.18164 -0.64062 -0.13867 -0.74414 -0.12305 -0.63672 -0.09570 -0.61719 -0.02930 -0.74414 -0.02930 -0.74414 -0.07227 -0.73438 -0.12305 -0.63672 -0.13867 -0.81445 -0.11133 -0.82227 -0.12305 -0.85742 -0.08789 -0.80273 -0.06445 -0.81641 -0.08594 -0.84766 -0.10547 -0.82031 -0.08008 -0.80273 -0.08984 -0.84961 -0.02930 -0.80469 -0.01367 -0.82812 -0.08984 -0.84961 -0.05664 -0.81836 -0.02930 -0.80859 -0.04102 -0.85156 -0.18164 -0.64062 -0.14648 -0.64258 -0.13867 -0.74414 0.81836 -0.29688 0.77930 -0.25000 0.86523 -0.10938 0.89648 -0.10938 0.81836 -0.29688 0.86523 -0.10938 0.85938 -0.10938 0.90039 -0.25000 0.75000 -0.10938 0.01367 -0.89258 0.27734 -0.71484 0.01367 -0.79102 0.01367 -0.63867 0.27734 -0.71484 0.01367 -0.58789 0.01367 -0.79102 0.27734 -0.71484 0.01367 -0.63867 0.90039 -0.25000 0.81836 -0.29688 0.89648 -0.10938 0.81250 -0.10938 0.85938 -0.10938 0.75000 -0.10938 0.85938 -0.10938 0.86523 -0.10938 0.77930 -0.25000 0.81250 -0.10938 0.86523 -0.10938 0.85938 -0.10938 0.02734 -0.57617 0.22656 -0.82617 0.02734 -0.83398 0.74609 -0.42773 0.22656 -0.41797 0.75781 -0.20703 0.40039 -0.44336 0.52539 -0.44922 0.51562 -0.71875 0.40039 -0.44336 0.00586 -0.44141 0.00000 -1.00000</float_array>
     <technique_common>
      <accessor count="324" offset="0" source="#realb00_4-lib-texcoords-array" stride="2">
       <param name="U" type="float"/>
       <param name="V" type="float"/>
      </accessor>
     </technique_common>
    </source>
    <vertices id="realb00_4-lib-vertices">
     <input semantic="POSITION" source="#realb00_4-lib-positions"/>
    </vertices>
    <polylist count="108" material="mat2.png">
     <input offset="0" semantic="VERTEX" source="#realb00_4-lib-vertices"/>
     <input offset="1" semantic="NORMAL" source="#realb00_4-lib-normals"/>
     <input offset="2" semantic="TEXCOORD" source="#realb00_4-lib-texcoords"/>
     <vcount>3 3 3 3 3 3 3 3 3 3 3 3 3 3 3 3 3 3 3 3 3 3 3 3 3 3 3 3 3 3 3 3 3 3 3 3 3 3 3 3 3 3 3 3 3 3 3 3 3 3 3 3 3 3 3 3 3 3 3 3 3 3 3 3 3 3 3 3 3 3 3 3 3 3 3 3 3 3 3 3 3 3 3 3 3 3 3 3 3 3 3 3 3 3 3 3 3 3 3 3 3 3 3 3 3 3 3 3</vcount>
     <p>2 2 2 1 1 1 0 0 0 1 5 5 3 4 4 0 3 3 1 8 8 5 7 7 4 6 6 5 11 11 6 10 10 4 9 9 8 14 14 6 13 13 7 12 12 6 17 17 5 16 16 7 15 15 0 20 20 7 19 19 2 18 18 7 23 23 5 22 22 2 21 21 8 26 26 9 25 25 0 24 24 8 29 29 7 28 28 9 27 27 7 32 32 0 31 31 9 30 30 11 35 35 3 34 34 10 33 33 10 38 38 0 37 37 11 36 36 0 41 41 3 40 40 11 39 39 13 43 44 4 42 43 12 42 42 12 46 47 3 45 46 13 44 45 3 49 50 4 48 49 13 47 48 16 52 53 15 51 52 14 50 51 15 55 56 17 54 55 14 53 54 15 58 59 16 57 58 18 56 57 16 61 62 19 60 61 18 59 60 18 64 65 19 63 64 20 62 63 19 67 68 21 66 67 20 65 66 19 70 71 23 69 70 22 68 69 23 73 74 24 72 73 22 71 72 26 76 77 25 75 76 23 74 75 25 79 80 24 78 79 23 77 78 28 82 83 27 81 82 17 80 81 27 85 86 14 84 85 17 83 84 31 88 89 30 87 88 29 86 87 30 91 92 32 90 91 29 89 90 29 94 95 32 93 94 33 92 93 29 97 98 33 96 97 34 95 96 33 100 101 35 99 100 34 98 99 34 103 104 35 102 103 36 101 102 35 106 107 37 105 106 36 104 105 30 109 110 31 108 109 36 107 108 31 112 113 34 111 112 36 110 111 38 115 116 37 114 115 30 113 114 38 118 119 36 117 118 37 116 117 38 121 122 30 120 121 36 119 120 32 124 125 40 123 124 39 122 123 40 127 128 30 126 127 39 125 126 40 130 131 32 129 130 30 128 129 33 133 134 42 132 133 41 131 132 42 136 137 32 135 136 41 134 135 42 139 140 33 138 139 32 137 138 45 142 143 44 141 142 43 140 141 44 145 146 46 144 145 43 143 144 48 148 149 46 147 148 47 146 147 46 151 152 44 150 151 47 149 150 47 154 155 49 153 154 48 152 153 49 157 158 50 156 157 48 155 156 48 160 161 52 159 160 51 158 159 52 163 164 53 162 163 51 161 162 51 166 167 53 165 166 54 164 165 43 169 170 55 168 169 45 167 168 55 172 173 56 171 172 45 170 171 57 175 176 2 174 175 5 173 174 5 178 179 58 177 178 57 176 177 57 181 182 23 180 181 1 179 180 23 184 185 58 183 184 5 182 183 5 187 188 1 186 187 23 185 186 1 190 191 4 189 190 3 188 189 6 193 194 8 192 193 0 191 192 6 196 197 10 195 196 3 194 195 6 199 200 0 198 199 10 197 198 6 202 203 12 201 202 4 200 201 6 205 206 3 204 205 12 203 204 57 208 209 1 207 208 2 206 207 61 211 212 60 210 211 59 209 210 61 214 215 62 213 214 60 212 213 62 217 218 27 216 217 59 215 216 64 220 221 62 219 220 63 218 219 62 223 224 61 222 223 63 221 222 61 226 227 64 225 226 63 224 225 62 229 230 59 228 229 60 227 228 62 232 233 64 231 232 27 230 231 59 235 236 27 234 235 61 233 234 27 238 239 64 237 238 61 236 237 21 241 242 19 240 241 65 239 240 19 244 245 22 243 244 65 242 243 1 247 248 23 246 247 19 245 246 67 250 251 66 249 250 34 248 249 34 253 254 31 252 253 67 251 252 67 256 257 29 255 256 51 254 255 51 259 260 29 258 259 34 257 258 34 262 263 66 261 262 51 260 261 35 265 266 30 264 265 37 263 264 35 268 269 32 267 268 39 266 267 35 271 272 39 270 271 30 269 270 35 274 275 33 273 274 41 272 273 35 277 278 41 276 277 32 275 276 67 280 281 31 279 280 29 278 279 70 283 284 69 282 283 68 281 282 70 286 287 68 285 286 71 284 285 71 289 290 69 288 289 55 287 288 73 292 293 72 291 292 71 290 291 71 295 296 72 294 295 70 293 294 70 298 299 72 297 298 73 296 297 71 301 302 68 300 301 69 299 300 71 304 305 55 303 304 73 302 303 69 307 308 70 306 307 55 305 306 55 310 311 70 309 310 73 308 309 50 313 314 74 312 313 48 311 312 48 316 317 74 315 316 52 314 315 54 319 320 75 318 319 51 317 318 29 322 323 48 321 322 51 320 321</p>
    </polylist>
   </mesh>
  </geometry>
  <geometry id="realb00_5-lib" name="realb00_5">
   <mesh>
    <source id="realb00_5-lib-positions" name="position">
     <float_array id="realb00_5-lib-positions-array" count="66">0.98633 1.51132 -4.98776 -0.00195 -1.76054 -10.06775 0.60156 -1.80903 -9.41564 -0.00098 2.32354 -5.96224 0.19043 -5.53577 -14.19081 -0.00195 -5.43562 -14.45446 -0.98828 1.51132 -4.98776 -0.00098 4.77718 -4.04093 -1.25586 3.74498 -2.09568 -0.60449 -1.80903 -9.41564 -0.00195 -7.34578 -16.86198 -0.19434 -5.53577 -14.19081 -0.02930 -7.52604 -16.78128 0.00000 6.77931 -2.47904 1.25488 3.74498 -2.09568 -1.56250 6.77931 -1.31205 -1.49609 5.50880 -0.11478 1.56250 6.77931 -1.31205 1.49512 5.50880 -0.11478 0.02441 -7.52604 -16.78128 1.60449 7.23927 2.28366 -1.60449 7.23927 2.28366</float_array>
     <technique_common>
      <accessor count="22" source="#realb00_5-lib-positions-array" stride="3">
       <param name="X" type="float"/>
       <param name="Y" type="float"/>
       <param name="Z" type="float"/>
      </accessor>
     </technique_common>
    </source>
    <source id="realb00_5-lib-normals" name="normal">
     <float_array id="realb00_5-lib-normals-array" count="216">0.80041 0.40823 -0.43896 0.62749 0.58835 -0.51000 0.60444 0.60852 -0.51415 0.80041 0.40823 -0.43896 0.78901 0.40837 -0.45902 0.62749 0.58835 -0.51000 0.62749 0.58835 -0.51000 0.78582 0.47667 -0.39405 0.60444 0.60852 -0.51415 0.62749 0.58835 -0.51000 0.78491 0.48164 -0.38979 0.78582 0.47667 -0.39405 -0.80047 0.40828 -0.43881 -0.85271 0.34173 -0.39509 -0.87887 0.23682 -0.41412 -0.80047 0.40828 -0.43881 -0.78901 0.40847 -0.45893 -0.85271 0.34173 -0.39509 -0.80047 0.40828 -0.43881 -0.62802 0.58806 -0.50968 -0.78901 0.40847 -0.45893 -0.80047 0.40828 -0.43881 -0.60505 0.60820 -0.51383 -0.62802 0.58806 -0.50968 -0.98283 0.11196 -0.14665 -0.78580 0.47670 -0.39406 -0.98706 0.09046 -0.13239 -0.98283 0.11196 -0.14665 -0.78491 0.48164 -0.38979 -0.78580 0.47670 -0.39406 0.73033 0.22035 -0.64658 0.85260 0.34157 -0.39548 0.87882 0.23662 -0.41436 -0.73041 0.22064 -0.64638 -0.87887 0.23682 -0.41412 -0.85271 0.34173 -0.39509 -0.92680 0.01707 -0.37516 -0.87887 0.23682 -0.41412 -0.73041 0.22064 -0.64638 -0.92680 0.01707 -0.37516 -0.99714 -0.07247 -0.02160 -0.87887 0.23682 -0.41412 0.92687 0.01662 -0.37501 0.87882 0.23662 -0.41436 0.99710 -0.07303 -0.02138 0.92687 0.01662 -0.37501 0.73033 0.22035 -0.64658 0.87882 0.23662 -0.41436 0.80041 0.40823 -0.43896 0.85260 0.34157 -0.39548 0.78901 0.40837 -0.45902 0.80041 0.40823 -0.43896 0.87882 0.23662 -0.41436 0.85260 0.34157 -0.39548 0.78582 0.47667 -0.39405 0.98364 0.10812 -0.14410 0.98778 0.08642 -0.12970 0.78582 0.47667 -0.39405 0.78491 0.48164 -0.38979 0.98364 0.10812 -0.14410 -0.78580 0.47670 -0.39406 -0.62802 0.58806 -0.50968 -0.60505 0.60820 -0.51383 -0.78580 0.47670 -0.39406 -0.78491 0.48164 -0.38979 -0.62802 0.58806 -0.50968 0.99836 -0.05706 -0.00436 0.92687 0.01662 -0.37501 0.99710 -0.07303 -0.02138 -0.92680 0.01707 -0.37516 -0.99840 -0.05638 -0.00445 -0.99714 -0.07247 -0.02160</float_array>
     <technique_common>
      <accessor count="72" source="#realb00_5-lib-normals-array" stride="3">
       <param name="X" type="float"/>
       <param name="Y" type="float"/>
       <param name="Z" type="float"/>
      </accessor>
     </technique_common>
    </source>
    <source id="realb00_5-lib-texcoords">
     <float_array id="realb00_5-lib-texcoords-array" count="144">0.98828 0.29688 0.06250 -1.96875 0.98828 -1.85938 0.98828 0.29688 0.05859 0.40234 0.06250 -1.96875 0.13281 0.03906 0.48047 -3.39453 0.98438 0.17578 0.13281 0.03906 0.02734 -3.39062 0.48047 -3.39453 0.99219 -1.67969 0.19141 0.19922 0.99219 0.10547 0.99219 -1.67969 0.19141 -1.58203 0.19141 0.19922 0.98828 0.29688 0.06250 -1.96875 0.05859 0.40234 0.98828 0.29688 0.98828 -1.85938 0.06250 -1.96875 0.01172 -1.58594 0.96094 0.42969 0.71484 -1.66797 0.01172 -1.58594 0.32422 0.45703 0.96094 0.42969 0.10156 -0.49609 0.12500 -1.62109 0.82031 -1.61328 0.10156 -0.49609 0.82031 -1.61328 0.12500 -1.62109 0.75781 -0.23438 0.82031 -1.61328 0.10156 -0.49609 0.75781 -0.23438 0.95312 -0.85547 0.82031 -1.61328 0.75781 -0.23438 0.82031 -1.61328 0.95312 -0.85547 0.75781 -0.23438 0.10156 -0.49609 0.82031 -1.61328 0.99219 -1.67969 0.19141 0.19922 0.19141 -1.58203 0.99219 -1.67969 0.99219 0.10547 0.19141 0.19922 0.96094 0.42969 0.01172 -1.58594 0.71484 -1.66797 0.96094 0.42969 0.32422 0.45703 0.01172 -1.58594 0.48047 -3.39453 0.13281 0.03906 0.98438 0.17578 0.48047 -3.39453 0.02734 -3.39062 0.13281 0.03906 0.00000 -1.01172 1.00000 -1.00000 0.58203 -1.26172 1.00000 -1.00000 0.00000 -1.01172 0.58203 -1.26172</float_array>
     <technique_common>
      <accessor count="72" offset="0" source="#realb00_5-lib-texcoords-array" stride="2">
       <param name="U" type="float"/>
       <param name="V" type="float"/>
      </accessor>
     </technique_common>
    </source>
    <vertices id="realb00_5-lib-vertices">
     <input semantic="POSITION" source="#realb00_5-lib-positions"/>
    </vertices>
    <polylist count="24" material="mat6.png">
     <input offset="0" semantic="VERTEX" source="#realb00_5-lib-vertices"/>
     <input offset="1" semantic="NORMAL" source="#realb00_5-lib-normals"/>
     <input offset="2" semantic="TEXCOORD" source="#realb00_5-lib-texcoords"/>
     <vcount>3 3 3 3 3 3 3 3 3 3 3 3 3 3 3 3 3 3 3 3 3 3 3 3</vcount>
     <p>2 2 2 1 1 1 0 0 0 1 5 5 3 4 4 0 3 3 2 8 8 4 7 7 1 6 6 4 11 11 5 10 10 1 9 9 8 14 14 7 13 13 6 12 12 7 17 17 3 16 16 6 15 15 3 20 20 1 19 19 6 18 18 1 23 23 9 22 22 6 21 21 12 26 26 11 25 25 10 24 24 11 29 29 5 28 28 10 27 27 14 32 32 7 31 31 13 30 30 7 35 35 8 34 34 13 33 33 13 38 38 8 37 37 15 36 36 8 41 41 16 40 40 15 39 39 18 44 44 14 43 43 17 42 42 14 47 47 13 46 46 17 45 45 3 50 50 7 49 49 0 48 48 7 53 53 14 52 52 0 51 51 19 56 56 10 55 55 4 54 54 10 59 59 5 58 58 4 57 57 9 62 62 1 61 61 11 60 60 1 65 65 5 64 64 11 63 63 18 68 68 17 67 67 20 66 66 16 71 71 21 70 70 15 69 69</p>
    </polylist>
   </mesh>
  </geometry>
  <geometry id="realb00_6-lib" name="realb00_6">
   <mesh>
    <source id="realb00_6-lib-positions" name="position">
     <float_array id="realb00_6-lib-positions-array" count="216">-0.00195 -8.25168 -16.25026 -0.00293 -9.26520 -22.92973 -0.00293 -11.01560 -22.10283 -0.00195 -6.50075 -17.07632 0.00000 15.41622 0.19523 0.00000 16.65197 -0.43929 0.00000 16.18003 -1.09940 0.00000 16.02474 0.59935 0.00000 16.79360 1.81143 0.00000 17.61420 1.89193 0.00000 17.54948 1.23630 0.00000 16.80109 2.38188 -0.00098 4.79928 -4.00779 -0.00098 4.62350 -5.17279 -0.00098 4.13914 -4.50191 -0.00098 5.27778 -4.70894 0.00000 6.61329 -1.90775 -0.00098 7.55958 -3.21146 -0.00098 6.89161 -3.53177 0.00000 7.37306 -1.67142 0.00000 13.47121 -0.87301 0.00000 14.01473 -1.60608 0.00000 13.49480 -1.79560 0.00000 13.93489 -0.70173 0.00000 11.54604 -1.05710 0.00000 11.99654 -2.50794 0.00000 11.42521 -2.65239 0.00000 12.03507 -0.95142 0.00000 8.98539 -1.57941 0.00000 9.43647 -2.66839 -0.00098 8.86512 -2.96913 0.00000 9.47469 -1.47789 -0.00098 2.30293 -5.93214 -0.00098 2.38876 -6.92962 -0.00098 1.85244 -6.32642 -0.00098 2.84000 -6.53597 -0.00098 0.49346 -7.48635 -0.00098 0.56956 -8.50754 -0.00098 0.05985 -7.90760 -0.00098 1.02005 -8.11326 -0.00098 -1.29876 -9.58725 -0.00195 -1.25892 -10.55751 -0.00098 -1.73724 -10.00822 -0.00098 -0.80769 -10.16386 0.00098 15.57551 4.86450 0.15527 15.78731 4.91282 0.19629 15.73356 4.76981 0.00098 15.63964 5.01689 -0.15430 15.78731 4.91282 0.33594 16.14767 5.15873 0.37305 16.35478 5.19095 0.46191 16.32023 4.85976 0.46191 16.11832 4.92316 0.00098 15.91282 5.50386 0.00098 15.98462 5.74223 0.16211 16.14185 5.67328 0.16211 16.01406 5.52657 0.24414 15.91705 4.85901 0.41602 16.12727 4.77027 0.48535 16.07258 4.63914 0.30762 15.86905 4.71064 -0.33496 16.14767 5.15873 -0.46094 16.11832 4.92316 -0.46094 16.32032 4.86073 -0.37207 16.35478 5.19095 -0.16113 16.01406 5.52657 -0.16113 16.14194 5.67425 -0.19531 15.73356 4.76981 -0.24316 15.91705 4.85901 -0.30664 15.86905 4.71064 -0.48438 16.07258 4.63914 -0.41504 16.12727 4.77027</float_array>
     <technique_common>
      <accessor count="72" source="#realb00_6-lib-positions-array" stride="3">
       <param name="X" type="float"/>
       <param name="Y" type="float"/>
       <param name="Z" type="float"/>
      </accessor>
     </technique_common>
    </source>
    <source id="realb00_6-lib-normals" name="normal">
     <float_array id="realb00_6-lib-normals-array" count="354">1.00000 -0.00006 -0.00014 1.00000 -0.00006 -0.00014 1.00000 -0.00006 -0.00014 1.00000 -0.00006 -0.00014 1.00000 -0.00006 -0.00014 1.00000 -0.00006 -0.00014 1.00000 0.00000 0.00000 1.00000 0.00000 0.00000 1.00000 0.00000 0.00000 1.00000 0.00000 0.00000 1.00000 0.00000 0.00000 1.00000 0.00000 0.00000 1.00000 0.00021 -0.00060 1.00000 0.00025 -0.00057 1.00000 0.00027 -0.00056 1.00000 0.00021 -0.00060 1.00000 0.00019 -0.00061 1.00000 0.00025 -0.00057 1.00000 0.00000 0.00000 1.00000 0.00000 0.00000 1.00000 0.00000 0.00000 1.00000 0.00000 0.00000 1.00000 -0.00036 -0.00015 1.00000 -0.00112 -0.00046 1.00000 -0.00140 -0.00058 1.00000 -0.00036 -0.00015 1.00000 0.00000 0.00000 1.00000 -0.00112 -0.00046 1.00000 0.00000 0.00000 1.00000 0.00000 0.00000 1.00000 0.00000 0.00000 1.00000 0.00000 0.00000 1.00000 -0.00003 -0.00101 1.00000 -0.00031 -0.00102 1.00000 0.00093 -0.00097 1.00000 -0.00003 -0.00101 1.00000 -0.00124 -0.00106 1.00000 -0.00031 -0.00102 0.73127 -0.60472 0.31552 0.76458 -0.52204 0.37801 0.75693 -0.49400 0.42780 0.73127 -0.60472 0.31552 0.75282 -0.60669 0.25531 0.76458 -0.52204 0.37801 -0.76355 -0.52326 0.37840 -0.75076 -0.60886 0.25622 -0.72933 -0.60679 0.31604 0.92470 -0.15654 0.34702 0.92680 -0.22593 0.30001 0.92335 -0.00903 0.38386 0.92335 -0.00903 0.38386 0.88011 0.14225 0.45296 0.92470 -0.15654 0.34702 0.34614 -0.78908 0.50749 0.72666 -0.65780 0.19813 0.77355 -0.53732 0.33602 0.77355 -0.53732 0.33602 0.68952 -0.53736 0.48560 0.34614 -0.78908 0.50749 0.68952 -0.53736 0.48560 0.77355 -0.53732 0.33602 0.92680 -0.22593 0.30001 0.92680 -0.22593 0.30001 0.92470 -0.15654 0.34702 0.68952 -0.53736 0.48560 0.77618 -0.43023 0.46092 0.74486 -0.37645 0.55088 0.74445 -0.41358 0.52416 0.74445 -0.41358 0.52416 0.75307 -0.45956 0.47084 0.77618 -0.43023 0.46092 0.75693 -0.49400 0.42780 0.76458 -0.52204 0.37801 0.77618 -0.43023 0.46092 0.77618 -0.43023 0.46092 0.75307 -0.45956 0.47084 0.75693 -0.49400 0.42780 -0.92454 -0.15679 0.34734 -0.88027 0.14012 0.45331 -0.92314 -0.01021 0.38434 -0.92314 -0.01021 0.38434 -0.92668 -0.22610 0.30025 -0.92454 -0.15679 0.34734 0.34614 -0.78908 0.50749 -0.68970 -0.53857 0.48401 -0.77216 -0.53937 0.33594 -0.77216 -0.53937 0.33594 -0.72419 -0.66030 0.19889 -0.72419 -0.66030 0.19889 -0.68970 -0.53857 0.48401 -0.92454 -0.15679 0.34734 -0.92668 -0.22610 0.30025 -0.92668 -0.22610 0.30025 -0.77216 -0.53937 0.33594 -0.68970 -0.53857 0.48401 -0.72933 -0.60679 0.31604 -0.75629 -0.49486 0.42794 -0.76355 -0.52326 0.37840 -0.77618 -0.43023 0.46092 -0.75307 -0.45956 0.47084 -0.74445 -0.41358 0.52416 -0.74445 -0.41358 0.52416 -0.74486 -0.37645 0.55088 -0.77618 -0.43023 0.46092 -0.75629 -0.49486 0.42794 -0.75307 -0.45956 0.47084 -0.77618 -0.43023 0.46092 -0.77618 -0.43023 0.46092 -0.76355 -0.52326 0.37840 -0.75629 -0.49486 0.42794</float_array>
     <technique_common>
      <accessor count="110" source="#realb00_6-lib-normals-array" stride="3">
       <param name="X" type="float"/>
       <param name="Y" type="float"/>
       <param name="Z" type="float"/>
      </accessor>
     </technique_common>
    </source>
    <source id="realb00_6-lib-texcoords">
     <float_array id="realb00_6-lib-texcoords-array" count="276">0.03613 -0.99023 0.99316 -0.71191 0.99316 -0.99023 0.03613 -0.99023 0.03613 -0.71191 0.99316 -0.71191 0.66016 -0.67480 0.33984 -0.34766 0.66016 -0.34766 0.66016 -0.67480 0.34180 -0.67480 0.33984 -0.34766 0.35742 -0.67578 -0.00391 -0.35352 0.32422 -0.35352 0.35742 -0.67578 -0.00391 -0.67578 -0.00391 -0.35352 0.66699 -0.66406 0.98242 -0.34961 0.98242 -0.66406 0.66699 -0.66406 0.66699 -0.34961 0.98242 -0.34961 0.65527 -0.74414 0.34180 -0.42383 0.62988 -0.41602 0.65527 -0.74414 0.32812 -0.75195 0.34180 -0.42383 0.66016 -0.67480 0.33984 -0.34766 0.66016 -0.34766 0.66016 -0.67480 0.34180 -0.67480 0.33984 -0.34766 0.66016 -0.67480 0.33984 -0.34766 0.66016 -0.34766 0.66016 -0.67480 0.34180 -0.67480 0.33984 -0.34766 0.66016 -0.67480 0.33984 -0.34766 0.66016 -0.34766 0.66016 -0.67480 0.34180 -0.67480 0.33984 -0.34766 0.66699 -0.66406 0.98242 -0.34961 0.98242 -0.66406 0.66699 -0.66406 0.66699 -0.34961 0.98242 -0.34961 0.66699 -0.66406 0.98242 -0.34961 0.98242 -0.66406 0.66699 -0.66406 0.66699 -0.34961 0.98242 -0.34961 0.66699 -0.66406 0.98242 -0.34961 0.98242 -0.66406 0.66699 -0.66406 0.66699 -0.34961 0.98242 -0.34961 0.49707 -0.29492 0.81543 -0.03418 0.81641 -0.29590 0.49707 -0.29492 0.49609 -0.03613 0.81543 -0.03418 0.81543 -0.03418 0.49609 -0.03613 0.49707 -0.29492 0.39453 -0.03809 0.39551 -0.29590 0.98730 -0.29590 0.98730 -0.29590 0.98730 -0.03711 0.39453 -0.03809 0.50879 -0.03711 0.49805 -0.29395 0.81152 -0.29688 0.81152 -0.29688 0.78418 -0.03613 0.50879 -0.03711 0.50000 -0.03223 0.41211 -0.29688 0.96875 -0.29395 0.96875 -0.29395 0.90137 -0.03906 0.50000 -0.03223 0.49707 -0.03418 0.98828 -0.03418 0.98535 -0.29297 0.98535 -0.29297 0.49707 -0.29590 0.49707 -0.03418 0.50195 -0.29590 0.50195 -0.03418 0.98535 -0.03418 0.98535 -0.03418 0.98535 -0.29590 0.50195 -0.29590 0.39453 -0.03809 0.98730 -0.03711 0.98730 -0.29590 0.98730 -0.29590 0.39551 -0.29590 0.39453 -0.03809 0.50879 -0.03711 0.78418 -0.03613 0.81152 -0.29688 0.81152 -0.29688 0.49805 -0.29395 0.50879 -0.03711 0.50000 -0.03223 0.90137 -0.03906 0.96875 -0.29395 0.96875 -0.29395 0.41211 -0.29688 0.50000 -0.03223 0.49707 -0.29492 0.81641 -0.29590 0.81543 -0.03418 0.49707 -0.03418 0.49707 -0.29590 0.98535 -0.29297 0.98535 -0.29297 0.98828 -0.03418 0.49707 -0.03418 0.50195 -0.29590 0.98535 -0.29590 0.98535 -0.03418 0.98535 -0.03418 0.50195 -0.03418 0.50195 -0.29590</float_array>
     <technique_common>
      <accessor count="138" offset="0" source="#realb00_6-lib-texcoords-array" stride="2">
       <param name="U" type="float"/>
       <param name="V" type="float"/>
      </accessor>
     </technique_common>
    </source>
    <vertices id="realb00_6-lib-vertices">
     <input semantic="POSITION" source="#realb00_6-lib-positions"/>
    </vertices>
    <polylist count="46" material="mat7.png">
     <input offset="0" semantic="VERTEX" source="#realb00_6-lib-vertices"/>
     <input offset="1" semantic="NORMAL" source="#realb00_6-lib-normals"/>
     <input offset="2" semantic="TEXCOORD" source="#realb00_6-lib-texcoords"/>
     <vcount>3 3 3 3 3 3 3 3 3 3 3 3 3 3 3 3 3 3 3 3 3 3 3 3 3 3 3 3 3 3 3 3 3 3 3 3 3 3 3 3 3 3 3 3 3 3</vcount>
     <p>2 2 2 1 1 1 0 0 0 1 5 5 3 4 4 0 3 3 6 6 8 5 6 7 4 6 6 5 7 11 7 7 10 4 7 9 10 8 14 9 8 13 8 8 12 9 9 17 11 9 16 8 9 15 14 10 20 13 10 19 12 10 18 13 11 23 15 11 22 12 11 21 18 14 26 17 13 25 16 12 24 17 17 29 19 16 28 16 15 27 22 18 32 21 18 31 20 18 30 21 19 35 23 19 34 20 19 33 26 20 38 25 20 37 24 20 36 25 21 41 27 21 40 24 21 39 30 24 44 29 23 43 28 22 42 29 27 47 31 26 46 28 25 45 34 28 50 33 28 49 32 28 48 33 29 53 35 29 52 32 29 51 38 30 56 37 30 55 36 30 54 37 31 59 39 31 58 36 31 57 42 34 62 41 33 61 40 32 60 41 37 65 43 36 64 40 35 63 46 40 68 45 39 67 44 38 66 45 43 71 47 42 70 44 41 69 44 46 74 47 45 73 48 44 72 51 49 77 50 48 76 49 47 75 49 52 80 52 51 79 51 50 78 55 55 83 54 54 82 53 53 81 53 58 86 56 57 85 55 56 84 50 61 89 55 60 88 56 59 87 56 64 92 49 63 91 50 62 90 59 67 95 58 66 94 57 65 93 57 70 98 60 69 97 59 68 96 57 73 101 45 72 100 46 71 99 46 76 104 60 75 103 57 74 102 63 79 107 62 78 106 61 77 105 61 82 110 64 81 109 63 80 108 66 85 113 65 84 112 53 83 111 53 88 116 54 87 115 66 86 114 64 91 119 61 90 118 65 89 117 65 94 122 66 93 121 64 92 120 48 97 125 67 96 124 44 95 123 70 100 128 69 99 127 68 98 126 68 103 131 71 102 130 70 101 129 68 106 134 69 105 133 67 104 132 67 109 137 48 108 136 68 107 135</p>
    </polylist>
   </mesh>
  </geometry>
  <geometry id="realb00_7-lib" name="realb00_7">
   <mesh>
    <source id="realb00_7-lib-positions" name="position">
     <float_array id="realb00_7-lib-positions-array" count="126">1.60449 7.23927 2.28366 0.00000 5.79982 2.81588 1.25293 7.34474 2.64206 1.49512 5.50880 -0.11478 0.98633 1.51132 -4.98776 0.00000 2.38724 -1.51079 1.25488 3.76708 -2.06253 -0.00098 0.71421 -4.61560 -0.00098 -2.25315 -9.21546 0.60156 -1.80903 -9.41564 -0.98828 1.51132 -4.98776 0.00000 14.23748 1.81454 0.53223 15.95878 2.54860 0.54297 14.56064 1.79001 0.00000 15.43285 2.60632 -0.53223 15.95816 2.54935 0.00000 16.27406 4.09360 -0.54004 16.40866 4.03912 0.99707 13.12782 1.65990 0.00000 13.01611 1.95446 0.00000 12.09614 2.08054 -0.99707 13.12782 1.65990 -1.06641 11.43706 2.01686 0.54102 16.40866 4.03912 0.19043 -5.53577 -14.19081 -0.00195 -5.75903 -14.03965 0.00000 4.06447 1.39401 -1.49609 5.50880 -0.11478 -1.25195 7.34474 2.64206 0.00000 8.26271 3.45163 -1.54688 9.28517 2.08541 0.00000 10.44678 2.78470 -1.60449 7.23927 2.28366 -1.25586 3.76708 -2.06253 -0.54297 14.56064 1.79001 -0.00195 -7.63796 -16.57039 -0.19434 -5.53577 -14.19081 -0.02930 -7.52604 -16.78128 0.02441 -7.52604 -16.78128 -0.60449 -1.80903 -9.41564 1.06738 11.43706 2.01686 1.54688 9.28517 2.08541</float_array>
     <technique_common>
      <accessor count="42" source="#realb00_7-lib-positions-array" stride="3">
       <param name="X" type="float"/>
       <param name="Y" type="float"/>
       <param name="Z" type="float"/>
      </accessor>
     </technique_common>
    </source>
    <source id="realb00_7-lib-normals" name="normal">
     <float_array id="realb00_7-lib-normals-array" count="468">0.65387 -0.52874 0.54119 0.67312 -0.44238 0.59263 0.55362 -0.20519 0.80710 0.65387 -0.52874 0.54119 0.77311 -0.50880 0.37871 0.67312 -0.44238 0.59263 0.67871 -0.62923 0.37872 0.75814 -0.55129 0.34829 0.75603 -0.53919 0.37107 0.67871 -0.62923 0.37872 0.66346 -0.64362 0.38155 0.75814 -0.55129 0.34829 0.62942 -0.64210 0.43765 0.67871 -0.62923 0.37872 0.62295 -0.64693 0.43978 0.62942 -0.64210 0.43765 0.66346 -0.64362 0.38155 0.67871 -0.62923 0.37872 -0.67863 -0.62919 0.37893 -0.66345 -0.64354 0.38170 -0.62885 -0.64239 0.43805 0.00004 -0.17422 0.98471 0.57228 -0.64173 0.51058 0.22325 -0.30481 0.92588 0.00004 -0.17422 0.98471 0.60023 -0.54296 0.58730 0.57228 -0.64173 0.51058 -0.57172 -0.64199 0.51086 -0.59927 -0.54341 0.58787 0.00004 -0.17422 0.98471 -0.57172 -0.64199 0.51086 -0.00002 -0.94244 0.33439 -0.59927 -0.54341 0.58787 -0.25863 -0.92500 0.27836 -0.00002 -0.94244 0.33439 -0.57172 -0.64199 0.51086 0.21960 0.11736 0.96850 0.00004 -0.17422 0.98471 0.22325 -0.30481 0.92588 0.21960 0.11736 0.96850 -0.00000 0.12580 0.99206 0.00004 -0.17422 0.98471 -0.00006 0.25700 0.96641 -0.00000 0.12580 0.99206 0.21960 0.11736 0.96850 -0.00006 0.25700 0.96641 -0.21964 0.11731 0.96850 -0.00000 0.12580 0.99206 -0.32710 0.25420 0.91016 -0.21964 0.11731 0.96850 -0.00006 0.25700 0.96641 0.57228 -0.64173 0.51058 -0.00002 -0.94244 0.33439 0.25818 -0.92531 0.27776 0.57228 -0.64173 0.51058 0.60023 -0.54296 0.58730 -0.00002 -0.94244 0.33439 0.81317 -0.47025 0.34296 0.62942 -0.64210 0.43765 0.62295 -0.64693 0.43978 0.81317 -0.47025 0.34296 0.81382 -0.46834 0.34402 0.62942 -0.64210 0.43765 0.75814 -0.55129 0.34829 0.77311 -0.50880 0.37871 0.75603 -0.53919 0.37107 0.75814 -0.55129 0.34829 0.81190 -0.44180 0.38162 0.77311 -0.50880 0.37871 -0.77294 -0.50893 0.37889 -0.81172 -0.44199 0.38178 -0.75792 -0.55142 0.34856 -0.55345 -0.20490 0.80728 -0.33782 -0.01406 0.94110 -0.67307 -0.44230 0.59275 -0.55345 -0.20490 0.80728 -0.54970 0.18004 0.81573 -0.33782 -0.01406 0.94110 -0.54970 0.18004 0.81573 -0.00007 0.26562 0.96408 -0.33782 -0.01406 0.94110 -0.54970 0.18004 0.81573 -0.32710 0.25420 0.91016 -0.00007 0.26562 0.96408 -0.65373 -0.52841 0.54168 -0.67307 -0.44230 0.59275 -0.77294 -0.50893 0.37889 -0.65373 -0.52841 0.54168 -0.55345 -0.20490 0.80728 -0.67307 -0.44230 0.59275 -0.75792 -0.55142 0.34856 -0.67863 -0.62919 0.37893 -0.75576 -0.53937 0.37136 -0.75792 -0.55142 0.34856 -0.66345 -0.64354 0.38170 -0.67863 -0.62919 0.37893 -0.21964 0.11731 0.96850 0.00004 -0.17422 0.98471 -0.00000 0.12580 0.99206 -0.21964 0.11731 0.96850 -0.22342 -0.30511 0.92574 0.00004 -0.17422 0.98471 -0.98421 -0.16440 0.06566 -0.81310 -0.47025 0.34314 -0.81382 -0.46827 0.34412 -0.98421 -0.16440 0.06566 -0.98786 -0.14705 0.05004 -0.81310 -0.47025 0.34314 0.98488 -0.16141 0.06297 0.81317 -0.47025 0.34296 0.98846 -0.14390 0.04721 0.98488 -0.16141 0.06297 0.81382 -0.46834 0.34402 0.81317 -0.47025 0.34296 -0.81310 -0.47025 0.34314 -0.62885 -0.64239 0.43805 -0.81382 -0.46827 0.34412 -0.81310 -0.47025 0.34314 -0.62232 -0.64725 0.44021 -0.62885 -0.64239 0.43805 0.32695 0.25413 0.91023 -0.00006 0.25700 0.96641 0.21960 0.11736 0.96850 0.32695 0.25413 0.91023 -0.00007 0.26562 0.96408 -0.00006 0.25700 0.96641 0.54960 0.18006 0.81579 -0.00007 0.26562 0.96408 0.32695 0.25413 0.91023 0.54960 0.18006 0.81579 0.57804 0.18687 0.79433 -0.00007 0.26562 0.96408 0.55362 -0.20519 0.80710 0.57804 0.18687 0.79433 0.54960 0.18006 0.81579 0.55362 -0.20519 0.80710 0.67312 -0.44238 0.59263 -0.33782 -0.01406 0.94110 0.81190 -0.44180 0.38162 0.67312 -0.44238 0.59263 0.77311 -0.50880 0.37871 -0.81172 -0.44199 0.38178 -0.77294 -0.50893 0.37889 -0.67307 -0.44230 0.59275 -0.62885 -0.64239 0.43805 -0.62232 -0.64725 0.44021 -0.67863 -0.62919 0.37893 0.00004 -0.17422 0.98471 -0.22342 -0.30511 0.92574 -0.57172 -0.64199 0.51086 -0.75792 -0.55142 0.34856 -0.75576 -0.53937 0.37136 -0.77294 -0.50893 0.37889 -0.00006 0.25700 0.96641 -0.00007 0.26562 0.96408 -0.32710 0.25420 0.91016</float_array>
     <technique_common>
      <accessor count="156" source="#realb00_7-lib-normals-array" stride="3">
       <param name="X" type="float"/>
       <param name="Y" type="float"/>
       <param name="Z" type="float"/>
      </accessor>
     </technique_common>
    </source>
    <source id="realb00_7-lib-texcoords">
     <float_array id="realb00_7-lib-texcoords-array" count="312">0.97070 0.73438 0.03906 0.57227 0.42773 0.78906 0.97070 0.73438 0.75586 -0.23828 0.03906 0.57227 0.99609 -1.58398 0.04883 0.49023 0.99609 0.25977 0.99609 -1.58398 0.04883 -1.10352 0.04883 0.49023 0.04883 -2.59570 0.99609 -0.61719 0.99609 -2.89648 0.04883 -2.59570 0.04883 -0.11914 0.99609 -0.61719 0.99609 -0.61719 0.04883 -0.11914 0.04883 -2.59570 0.02930 -2.01367 0.75977 -0.73438 0.72461 -1.98242 0.02930 -2.01367 0.02930 -0.73438 0.75977 -0.73438 0.75977 -0.73438 0.02930 -0.73438 0.02930 -2.01367 0.75977 -0.73438 0.05078 1.02930 0.02930 -0.73438 0.62500 0.87500 0.05078 1.02930 0.75977 -0.73438 0.76562 0.81055 0.04688 1.89648 0.92969 1.96680 0.76562 0.81055 0.04688 1.11914 0.04688 1.89648 0.04688 0.63281 0.04688 1.11914 0.76562 0.81055 0.04688 0.63281 0.87109 0.81055 0.04688 1.11914 0.97266 -0.33984 0.87109 0.81055 0.04688 0.63281 0.75977 -0.73438 0.00977 1.00586 0.62500 0.87500 0.75977 -0.73438 0.02930 -0.73438 0.00977 1.00586 0.93555 -2.35547 0.04883 1.36328 0.99609 1.16992 0.93555 -2.35547 0.37109 -2.31836 0.04883 1.36328 0.03906 -1.56055 0.75586 -0.34961 0.99414 -1.64453 0.03906 -1.56055 0.03906 -0.21484 0.75586 -0.34961 0.75586 -0.34961 0.03906 -0.21484 0.03906 -1.56055 0.94727 -2.04492 0.04688 -1.19336 0.04688 -2.06250 0.94727 -2.04492 0.99219 -1.29297 0.04688 -1.19336 0.99219 -1.29297 0.04688 -0.15039 0.04688 -1.19336 0.99219 -1.29297 0.97266 -0.33984 0.04688 -0.15039 0.97070 0.73438 0.03906 0.57227 0.75586 -0.23828 0.97070 0.73438 0.42773 0.78906 0.03906 0.57227 0.04883 0.49023 0.99609 -1.58398 0.99609 0.25977 0.04883 0.49023 0.04883 -1.10352 0.99609 -1.58398 0.87109 0.81055 0.04688 1.89648 0.04688 1.11914 0.87109 0.81055 0.92969 1.96680 0.04688 1.89648 0.10742 -2.52148 0.83789 -0.49023 0.10742 -0.41211 0.10742 -2.52148 0.83008 -2.66992 0.83789 -0.49023 0.10742 -2.52148 0.83789 -0.49023 0.83008 -2.66992 0.10742 -2.52148 0.10742 -0.41211 0.83789 -0.49023 0.93555 -2.35547 0.04883 1.36328 0.37109 -2.31836 0.93555 -2.35547 0.99609 1.16992 0.04883 1.36328 0.97266 -0.33984 0.04688 0.63281 0.76562 0.81055 0.97266 -0.33984 0.04688 -0.15039 0.04688 0.63281 0.99219 -1.29297 0.04688 -0.15039 0.97266 -0.33984 0.99219 -1.29297 0.04688 -1.19336 0.04688 -0.15039 0.94727 -2.04492 0.04688 -1.19336 0.99219 -1.29297 0.94727 -2.04492 0.04688 -2.06250 0.04688 -1.19336 0.03906 -0.22070 0.03906 0.57227 0.75586 -0.23828 0.03906 -0.22070 0.75586 -0.23828 0.03906 0.57227 0.04883 -2.59570 0.99609 -2.89648 0.99609 -0.61719 0.02930 -2.01367 0.72461 -1.98242 0.75977 -0.73438 0.03906 -1.56055 0.99414 -1.64453 0.75586 -0.34961 0.04688 0.63281 0.04688 -0.15039 0.97266 -0.33984</float_array>
     <technique_common>
      <accessor count="156" offset="0" source="#realb00_7-lib-texcoords-array" stride="2">
       <param name="U" type="float"/>
       <param name="V" type="float"/>
      </accessor>
     </technique_common>
    </source>
    <vertices id="realb00_7-lib-vertices">
     <input semantic="POSITION" source="#realb00_7-lib-positions"/>
    </vertices>
    <polylist count="52" material="mat5.png">
     <input offset="0" semantic="VERTEX" source="#realb00_7-lib-vertices"/>
     <input offset="1" semantic="NORMAL" source="#realb00_7-lib-normals"/>
     <input offset="2" semantic="TEXCOORD" source="#realb00_7-lib-texcoords"/>
     <vcount>3 3 3 3 3 3 3 3 3 3 3 3 3 3 3 3 3 3 3 3 3 3 3 3 3 3 3 3 3 3 3 3 3 3 3 3 3 3 3 3 3 3 3 3 3 3 3 3 3 3 3 3</vcount>
     <p>2 2 2 1 1 1 0 0 0 1 5 5 3 4 4 0 3 3 6 8 8 5 7 7 4 6 6 5 11 11 7 10 10 4 9 9 9 14 14 4 13 13 8 12 12 4 17 17 7 16 16 8 15 15 8 20 20 7 19 19 10 18 18 13 23 23 12 22 22 11 21 21 12 26 26 14 25 25 11 24 24 11 29 29 14 28 28 15 27 27 14 32 32 16 31 31 15 30 30 15 35 35 16 34 34 17 33 33 13 38 38 11 37 37 18 36 36 11 41 41 19 40 40 18 39 39 18 44 44 19 43 43 20 42 42 19 47 47 21 46 46 20 45 45 20 50 50 21 49 49 22 48 48 23 53 53 16 52 52 12 51 51 16 56 56 14 55 55 12 54 54 9 59 59 8 58 58 24 57 57 8 62 62 25 61 61 24 60 60 6 65 65 3 64 64 5 63 63 3 68 68 26 67 67 5 66 66 5 71 71 26 70 70 27 69 69 1 74 74 29 73 73 28 72 72 29 77 77 30 76 76 28 75 75 29 80 80 31 79 79 30 78 78 31 83 83 22 82 82 30 81 81 27 86 86 1 85 85 32 84 84 1 89 89 28 88 88 32 87 87 33 92 92 10 91 91 5 90 90 10 95 95 7 94 94 5 93 93 19 98 98 11 97 97 21 96 96 11 101 101 34 100 100 21 99 99 25 104 104 36 103 103 35 102 102 36 107 107 37 106 106 35 105 105 38 110 110 24 109 109 35 108 108 24 113 113 25 112 112 35 111 111 25 116 116 8 115 115 36 114 114 8 119 119 39 118 118 36 117 117 18 122 122 20 121 121 40 120 120 20 125 125 31 124 124 40 123 123 40 128 128 31 127 127 41 126 126 31 131 131 29 130 130 41 129 129 41 134 134 29 133 133 2 132 132 29 137 137 1 136 136 2 135 135 3 140 140 1 139 139 26 138 138 1 143 143 27 142 142 26 141 141 10 146 146 39 145 145 8 144 144 15 149 149 34 148 148 11 147 147 27 152 152 33 151 151 5 150 150 22 155 155 31 154 154 20 153 153</p>
    </polylist>
   </mesh>
  </geometry>
 </library_geometries>
 <library_visual_scenes>
  <visual_scene id="Scene" name="Scene">
   <node id="Camera" name="Camera">
    <rotate sid="rotateY">0 1 0 -0.00000</rotate>
    <rotate sid="rotateX">1 0 0 -0.00000</rotate>
    <rotate sid="rotateZ">0 0 1 -0.00000</rotate>
    <translate sid="translate">0.00000 0.00000 130.20586</translate>
    <instance_camera url="#Camera-Camera"/>
   </node>
   <node id="realb00" name="realb00">
    <translate sid="translate">0.00000 0.00000 0.00000</translate>
    <rotate sid="head">0 1 0 0.00000</rotate>
    <rotate sid="pitch">1 0 0 0.00000</rotate>
    <rotate sid="bank">0 0 1 0.00000</rotate>
    <scale sid="scale">1.00000 1.00000 1.00000</scale>
    <instance_geometry url="#realb00-lib">
     <bind_material>
      <technique_common>
       <instance_material symbol="mat4.png" target="#mat4.png">
        <bind_vertex_input semantic="UVSET0" input_semantic="TEXCOORD"/>
       </instance_material>
      </technique_common>
     </bind_material>
    </instance_geometry>
   </node>
   <node id="realb00_1" name="realb00_1">
    <translate sid="translate">0.00000 0.00000 0.00000</translate>
    <rotate sid="head">0 1 0 0.00000</rotate>
    <rotate sid="pitch">1 0 0 0.00000</rotate>
    <rotate sid="bank">0 0 1 0.00000</rotate>
    <scale sid="scale">1.00000 1.00000 1.00000</scale>
    <instance_geometry url="#realb00_1-lib">
     <bind_material>
      <technique_common>
       <instance_material symbol="mat8.png" target="#mat8.png">
        <bind_vertex_input semantic="UVSET0" input_semantic="TEXCOORD"/>
       </instance_material>
      </technique_common>
     </bind_material>
    </instance_geometry>
   </node>
   <node id="realb00_2" name="realb00_2">
    <translate sid="translate">0.00000 0.00000 0.00000</translate>
    <rotate sid="head">0 1 0 0.00000</rotate>
    <rotate sid="pitch">1 0 0 0.00000</rotate>
    <rotate sid="bank">0 0 1 0.00000</rotate>
    <scale sid="scale">1.00000 1.00000 1.00000</scale>
    <instance_geometry url="#realb00_2-lib">
     <bind_material>
      <technique_common>
       <instance_material symbol="mat1.png" target="#mat1.png">
        <bind_vertex_input semantic="UVSET0" input_semantic="TEXCOORD"/>
       </instance_material>
      </technique_common>
     </bind_material>
    </instance_geometry>
   </node>
   <node id="realb00_3" name="realb00_3">
    <translate sid="translate">0.00000 0.00000 0.00000</translate>
    <rotate sid="head">0 1 0 0.00000</rotate>
    <rotate sid="pitch">1 0 0 0.00000</rotate>
    <rotate sid="bank">0 0 1 0.00000</rotate>
    <scale sid="scale">1.00000 1.00000 1.00000</scale>
    <instance_geometry url="#realb00_3-lib">
     <bind_material>
      <technique_common>
       <instance_material symbol="mat3.png" target="#mat3.png">
        <bind_vertex_input semantic="UVSET0" input_semantic="TEXCOORD"/>
       </instance_material>
      </technique_common>
     </bind_material>
    </instance_geometry>
   </node>
   <node id="realb00_4" name="realb00_4">
    <translate sid="translate">0.00000 0.00000 0.00000</translate>
    <rotate sid="head">0 1 0 0.00000</rotate>
    <rotate sid="pitch">1 0 0 0.00000</rotate>
    <rotate sid="bank">0 0 1 0.00000</rotate>
    <scale sid="scale">1.00000 1.00000 1.00000</scale>
    <instance_geometry url="#realb00_4-lib">
     <bind_material>
      <technique_common>
       <instance_material symbol="mat2.png" target="#mat2.png">
        <bind_vertex_input semantic="UVSET0" input_semantic="TEXCOORD"/>
       </instance_material>
      </technique_common>
     </bind_material>
    </instance_geometry>
   </node>
   <node id="realb00_5" name="realb00_5">
    <translate sid="translate">0.00000 0.00000 0.00000</translate>
    <rotate sid="head">0 1 0 0.00000</rotate>
    <rotate sid="pitch">1 0 0 0.00000</rotate>
    <rotate sid="bank">0 0 1 0.00000</rotate>
    <scale sid="scale">1.00000 1.00000 1.00000</scale>
    <instance_geometry url="#realb00_5-lib">
     <bind_material>
      <technique_common>
       <instance_material symbol="mat6.png" target="#mat6.png">
        <bind_vertex_input semantic="UVSET0" input_semantic="TEXCOORD"/>
       </instance_material>
      </technique_common>
     </bind_material>
    </instance_geometry>
   </node>
   <node id="realb00_6" name="realb00_6">
    <translate sid="translate">0.00000 0.00000 0.00000</translate>
    <rotate sid="head">0 1 0 0.00000</rotate>
    <rotate sid="pitch">1 0 0 0.00000</rotate>
    <rotate sid="bank">0 0 1 0.00000</rotate>
    <scale sid="scale">1.00000 1.00000 1.00000</scale>
    <instance_geometry url="#realb00_6-lib">
     <bind_material>
      <technique_common>
       <instance_material symbol="mat7.png" target="#mat7.png">
        <bind_vertex_input semantic="UVSET0" input_semantic="TEXCOORD"/>
       </instance_material>
      </technique_common>
     </bind_material>
    </instance_geometry>
   </node>
   <node id="realb00_7" name="realb00_7">
    <translate sid="translate">0.00000 0.00000 0.00000</translate>
    <rotate sid="head">0 1 0 0.00000</rotate>
    <rotate sid="pitch">1 0 0 0.00000</rotate>
    <rotate sid="bank">0 0 1 0.00000</rotate>
    <scale sid="scale">1.00000 1.00000 1.00000</scale>
    <instance_geometry url="#realb00_7-lib">
     <bind_material>
      <technique_common>
       <instance_material symbol="mat5.png" target="#mat5.png">
        <bind_vertex_input semantic="UVSET0" input_semantic="TEXCOORD"/>
       </instance_material>
      </technique_common>
     </bind_material>
    </instance_geometry>
   </node>
  </visual_scene>
 </library_visual_scenes>
 <scene>
  <instance_visual_scene url="#Scene"/>
 </scene>
</COLLADA>
