# Blender v2.81 (sub 16) OBJ File: ''
# www.blender.org
mtllib Masquerade.mtl
o chara06
v 1.949219 134.591034 13.626697
v 0.472656 135.934433 15.865024
v 0.472656 134.526764 14.101651
v -1.007812 134.591034 13.626697
v 1.949219 134.591034 13.626697
v 0.472656 134.526764 14.101651
v 0.472656 130.660217 12.088755
v -1.007812 134.591034 13.626697
v 0.472656 130.660217 12.088755
v 4.511719 131.357742 11.057285
v 6.933594 134.204620 10.579202
v 1.949219 134.591034 13.626697
v -5.992188 134.204620 10.579202
v -3.570312 131.357193 11.076809
v 0.472656 130.660217 12.088755
v -1.007812 134.591034 13.626697
v 14.492188 143.041611 1.591333
v 13.238281 141.559998 -2.800327
v 16.792969 144.144699 0.590909
v 20.871094 141.896622 -7.640633
v 16.792969 144.144699 0.590909
v 22.906250 145.742599 -2.560522
v 13.238281 141.559998 -2.800327
v 9.308594 143.802933 -7.336440
v 20.871094 141.896622 -7.640633
v 27.773438 145.841049 -16.087303
v 21.570312 155.514572 -4.694551
v 16.792969 144.144699 0.590909
v 21.609375 164.256332 -16.248783
v 10.367188 146.055679 -3.540370
v 21.609375 164.256332 -16.248783
v 17.976564 159.122391 0.101334
v 21.570312 155.514572 -4.694551
v 16.792969 144.144699 0.590909
v 6.289062 175.856430 -1.960245
v 5.773438 157.215942 5.588825
v 7.148438 165.177856 13.947290
v 0.472656 159.555847 9.481158
v 0.472656 179.728622 5.914845
v -6.207031 165.177856 13.947290
v 6.289062 175.856430 -1.960245
v 12.781250 164.104919 7.961027
v 5.773438 157.215942 5.588825
v 8.339844 152.691437 2.248075
v 12.121094 173.743637 -9.312551
v 17.976564 159.122391 0.101334
v 8.339844 152.691437 2.248075
v 10.367188 146.055679 -3.540370
v 16.792969 144.144699 0.590909
v 22.906250 145.742599 -2.560522
v 10.367188 146.055679 -3.540370
v 19.980469 148.991898 -7.443255
v 22.906250 145.742599 -2.560522
v 27.773438 145.841049 -16.087303
v 19.980469 148.991898 -7.443255
v 9.308594 143.802933 -7.336440
v 10.367188 146.055679 -3.540370
v -7.398438 152.691437 2.248075
v 0.468750 180.768753 -7.331198
v 0.468750 154.244949 -1.819092
v 8.339844 152.691437 2.248075
v 8.339844 152.691437 2.248075
v 0.468750 180.768753 -7.331198
v 0.472656 159.555847 9.481158
v -7.398438 152.691437 2.248075
v 10.367188 146.055679 -3.540370
v 9.308594 143.802933 -7.336440
v 12.074219 155.447495 -16.381441
v 5.136719 146.352432 -10.832137
v 5.136719 146.352432 -10.832137
v 4.164062 148.997421 -5.571156
v 12.074219 155.447495 -16.381441
v 10.367188 146.055679 -3.540370
v 4.164062 148.997421 -5.571156
v 5.136719 146.352432 -10.832137
v 0.468750 154.244949 -1.819092
v 0.468750 160.411011 -21.489103
v -4.195312 146.352432 -10.832137
v 7.617188 136.429428 -6.267695
v 0.468750 131.292496 -6.479861
v 0.468750 144.959091 -11.172582
v -6.675781 136.429428 -6.267695
v 5.144531 126.813484 -2.194769
v 0.468750 130.941833 -2.108917
v 0.468750 131.292496 -6.479861
v -4.203125 126.813484 -2.194769
v 6.945313 134.628677 -0.511460
v 0.468750 130.941833 -2.108917
v 5.558594 132.410339 -4.005635
v 5.144531 126.813484 -2.194769
v 0.468750 131.292496 -6.479861
v 10.769531 137.490128 -2.880613
v 13.828125 126.792107 -11.359687
v 7.617188 136.429428 -6.267695
v 5.558594 132.410339 -4.005635
v 0.468750 131.292496 -6.479861
v 12.171875 140.673431 1.864148
v 6.945313 134.628677 -0.511460
v 10.769531 137.490128 -2.880613
v 5.558594 132.410339 -4.005635
v 13.828125 126.792107 -11.359687
v 5.136719 146.352432 -10.832137
v 0.468750 148.686493 -12.106374
v 0.468750 160.411011 -21.489103
v -4.195312 146.352432 -10.832137
v 12.781250 164.104919 7.961027
v 7.148438 165.177856 13.947290
v 11.203125 146.098160 10.115465
v 6.667969 148.088272 12.700412
v 0.472656 143.988510 16.566380
v 7.148438 165.177856 13.947290
v 0.472656 161.534882 21.273094
v 0.472656 179.728622 5.914845
v -6.207031 165.177856 13.947290
v -15.851563 144.144699 0.590909
v -15.851563 144.144699 0.590909
v -19.929688 141.896622 -7.640633
v -21.964844 145.742599 -2.560522
v -26.832031 145.841049 -16.087303
v -13.550781 143.041611 1.591333
v -15.851563 144.144699 0.590909
v -12.296875 141.559998 -2.800327
v -19.929688 141.896622 -7.640633
v -12.296875 141.559998 -2.800327
v -19.929688 141.896622 -7.640633
v -8.367188 143.802933 -7.336440
v -26.832031 145.841049 -16.087303
v -5.347656 175.856430 -1.960245
v -6.207031 165.177856 13.947290
v -4.832031 157.215942 5.588825
v 0.472656 159.555847 9.481158
v -5.347656 175.856430 -1.960245
v -4.832031 157.215942 5.588825
v -11.839844 164.104919 7.961027
v -7.398438 152.691437 2.248075
v -11.179688 173.743637 -9.312551
v -11.179688 173.743637 -9.312551
v -7.398438 152.691437 2.248075
v -17.035156 159.122391 0.101334
v -9.425781 146.055679 -3.540370
v -20.667969 164.256332 -16.248783
v -15.851563 144.144699 0.590909
v -9.425781 146.055679 -3.540370
v -21.964844 145.742599 -2.560522
v -19.039064 148.991898 -7.443255
v -26.832031 145.841049 -16.087303
v -8.367188 143.802933 -7.336440
v -9.425781 146.055679 -3.540370
v -11.132812 155.447495 -16.381441
v -8.367188 143.802933 -7.336440
v -4.195312 146.352432 -10.832137
v -4.195312 146.352432 -10.832137
v -11.132812 155.447495 -16.381441
v -3.222656 148.997421 -5.571156
v -9.425781 146.055679 -3.540370
v -4.203125 126.813484 -2.194769
v -4.617188 132.410339 -4.005635
v 0.468750 131.292496 -6.479861
v -6.675781 136.429428 -6.267695
v -12.886719 126.792107 -11.359687
v -4.617188 132.410339 -4.005635
v -9.828125 137.490128 -2.880613
v -6.003906 134.628677 -0.511460
v -11.230469 140.673431 1.864148
v -4.617188 132.410339 -4.005635
v -12.886719 126.792107 -11.359687
v -6.675781 136.429428 -6.267695
v -9.828125 137.490128 -2.880613
v -6.003906 134.628677 -0.511460
v -4.617188 132.410339 -4.005635
v 0.468750 130.941833 -2.108917
v -4.203125 126.813484 -2.194769
v -12.730469 142.651230 4.331507
v -17.035156 159.122391 0.101334
v -15.851563 144.144699 0.590909
v -20.628906 155.514572 -4.694551
v -20.667969 164.256332 -16.248783
v -17.035156 159.122391 0.101334
v -11.839844 164.104919 7.961027
v -10.261719 146.098160 10.115465
v -6.207031 165.177856 13.947290
v -5.726562 148.088272 12.700412
v -11.839844 164.104919 7.961027
v -17.035156 159.122391 0.101334
v -10.261719 146.098160 10.115465
v -10.785156 145.009369 6.754942
v 13.671875 142.651230 4.331507
v 18.070312 131.818359 0.331107
v 16.792969 144.144699 0.590909
v 22.906250 145.742599 -2.560522
v 20.871094 141.896622 -7.640633
v 27.773438 145.841049 -16.087303
v 12.781250 164.104919 7.961027
v 17.976564 159.122391 0.101334
v 12.121094 173.743637 -9.312551
v 12.781250 164.104919 7.961027
v 12.121094 173.743637 -9.312551
v 8.339844 152.691437 2.248075
v 17.976564 159.122391 0.101334
v 21.609375 164.256332 -16.248783
v 10.367188 146.055679 -3.540370
v 8.339844 152.691437 2.248075
v 0.472656 159.555847 9.481158
v 5.773438 157.215942 5.588825
v 0.468750 154.244949 -1.819092
v 8.636719 171.875916 -14.145049
v 4.164062 148.997421 -5.571156
v 10.367188 146.055679 -3.540370
v 8.636719 171.875916 -14.145049
v 8.339844 152.691437 2.248075
v 8.636719 171.875916 -14.145049
v 0.468750 154.244949 -1.819092
v 8.339844 152.691437 2.248075
v 10.367188 146.055679 -3.540370
v 4.164062 148.997421 -5.571156
v 8.636719 171.875916 -14.145049
v 10.769531 137.490128 -2.880613
v 7.617188 136.429428 -6.267695
v 0.468750 144.959091 -11.172582
v 16.792969 144.144699 0.590909
v 16.792969 144.144699 0.590909
v 18.070312 131.818359 0.331107
v 17.976564 159.122391 0.101334
v 13.671875 142.651230 4.331507
v 16.792969 144.144699 0.590909
v 0.472656 143.988510 16.566380
v 6.667969 148.088272 12.700412
v 7.148438 165.177856 13.947290
v 17.976564 159.122391 0.101334
v 11.726562 145.009369 6.754942
v 13.671875 142.651230 4.331507
v 7.148438 165.177856 13.947290
v 12.781250 164.104919 7.961027
v 6.289062 175.856430 -1.960245
v 17.976564 159.122391 0.101334
v 12.781250 164.104919 7.961027
v 11.203125 146.098160 10.115465
v 11.726562 145.009369 6.754942
v 17.976564 159.122391 0.101334
v 11.203125 146.098160 10.115465
v 14.492188 143.041611 1.591333
v 16.792969 144.144699 0.590909
v 13.671875 142.651230 4.331507
v -12.730469 142.651230 4.331507
v -15.851563 144.144699 0.590909
v -17.132812 131.818359 0.331107
v -11.839844 164.104919 7.961027
v -11.179688 173.743637 -9.312551
v -17.035156 159.122391 0.101334
v -20.667969 164.256332 -16.248783
v -9.425781 146.055679 -3.540370
v -15.851563 144.144699 0.590909
v -7.398438 152.691437 2.248075
v -4.832031 157.215942 5.588825
v 0.472656 159.555847 9.481158
v 0.468750 154.244949 -1.819092
v -3.222656 148.997421 -5.571156
v -7.695313 171.875916 -14.145049
v -9.425781 146.055679 -3.540370
v -7.398438 152.691437 2.248075
v -7.695313 171.875916 -14.145049
v -7.695313 171.875916 -14.145049
v -7.398438 152.691437 2.248075
v 0.468750 154.244949 -1.819092
v -4.195312 146.352432 -10.832137
v -3.222656 148.997421 -5.571156
v 0.468750 154.244949 -1.819092
v -9.425781 146.055679 -3.540370
v -7.695313 171.875916 -14.145049
v -3.222656 148.997421 -5.571156
v -9.425781 146.055679 -3.540370
v -8.367188 143.802933 -7.336440
v -19.039064 148.991898 -7.443255
v -9.828125 137.490128 -2.880613
v 0.468750 144.959091 -11.172582
v -6.675781 136.429428 -6.267695
v -15.851563 144.144699 0.590909
v -17.132812 131.818359 0.331107
v -15.851563 144.144699 0.590909
v 0.472656 143.988510 16.566380
v -6.207031 165.177856 13.947290
v -5.726562 148.088272 12.700412
v -17.035156 159.122391 0.101334
v -12.730469 142.651230 4.331507
v -10.785156 145.009369 6.754942
v -6.207031 165.177856 13.947290
v -5.347656 175.856430 -1.960245
v -11.839844 164.104919 7.961027
v -6.207031 165.177856 13.947290
v 0.472656 143.988510 16.566380
v 0.472656 161.534882 21.273094
v -13.550781 143.041611 1.591333
v -12.730469 142.651230 4.331507
v -15.851563 144.144699 0.590909
v 34.964211 117.307114 20.397352
v 34.471107 116.484879 7.948699
v 37.419395 119.449699 20.348091
v 37.571728 119.365181 7.776113
v 34.960182 121.585152 20.442839
v 34.145199 122.222603 7.910418
v 32.504993 119.446480 20.496010
v 31.281507 119.329529 8.201347
v 34.964211 117.307114 20.397352
v 34.471107 116.484879 7.948699
v -33.531967 116.484718 7.948413
v -34.021168 117.306770 20.397243
v -36.628685 119.364830 7.776004
v -36.480247 119.449524 20.347803
v -33.202152 122.226166 7.914218
v -34.021217 121.584984 20.446455
v -30.342363 119.329353 8.201062
v -31.561953 119.446129 20.495901
v -33.531967 116.484718 7.948413
v -34.021168 117.306770 20.397243
v 31.298731 118.371078 28.842527
v 31.128534 120.411758 26.545238
v 30.781120 117.779327 26.826815
v 30.861048 119.418968 23.710257
v 29.341974 117.426743 25.695333
v 29.229504 115.594643 24.926479
v 31.298731 118.371078 28.842527
v 31.080748 120.127243 29.137417
v 31.128534 120.411758 26.545238
v 34.960182 121.585152 20.442839
v 30.861048 119.418968 23.710257
v 32.504993 119.446480 20.496010
v 29.229504 115.594643 24.926479
v 37.419395 119.449699 20.348091
v 38.714211 118.240768 27.985767
v 34.964211 117.307114 20.397352
v 34.860508 117.439461 24.250307
v 32.879196 116.876427 25.642136
v 35.221058 118.614166 29.189087
v 32.962173 118.523407 28.982645
v 31.298731 118.371078 28.842527
v 30.781120 117.779327 26.826815
v 32.962173 118.523407 28.982645
v 32.879196 116.876427 25.642136
v 35.221058 118.614166 29.189087
v 34.860508 117.439461 24.250307
v 37.461613 118.563339 28.640205
v 38.714211 118.240768 27.985767
v 34.964211 117.307114 20.397352
v 32.879196 116.876427 25.642136
v 30.677713 114.804077 24.899061
v 30.781120 117.779327 26.826815
v 2.000000 107.234352 12.135531
v 0.472656 107.238258 12.678528
v 0.472656 99.757111 12.063715
v -1.058594 107.234352 12.135531
v -3.960938 99.660385 10.801857
v 0.472656 140.054443 14.453868
v 5.968750 129.068817 13.219924
v 6.550781 144.040100 12.405801
v 10.382812 141.971344 8.185068
v 5.968750 129.068817 13.219924
v 10.644531 136.764343 5.758974
v 10.382812 141.971344 8.185068
v 11.769531 139.977753 4.896578
v 35.256077 120.648087 29.478441
v 34.960182 121.585152 20.442839
v 33.006157 120.448181 29.271814
v 31.080748 120.127243 29.137417
v 39.236599 119.541061 28.821644
v 34.960182 121.585152 20.442839
v 37.507111 120.461853 29.221729
v 35.256077 120.648087 29.478441
v 6.746095 91.972412 8.935734
v 4.902345 99.660385 10.801857
v 5.761719 91.898178 10.123176
v 0.472656 91.820053 11.533265
v 11.187501 88.015610 2.271960
v 9.000001 87.419403 6.394682
v 12.531252 82.519333 2.325295
v 6.074220 83.204323 9.970930
v 5.902345 88.008652 10.054594
v 5.855469 88.006195 10.030963
v 5.964845 83.207199 9.924147
v 0.468750 89.434860 11.300505
v 0.468750 84.203644 10.967570
v -5.023438 86.400429 9.924544
v 9.000001 87.419403 6.394682
v 5.902345 88.008652 10.054594
v 6.074220 83.204323 9.970930
v 5.964845 83.207199 9.924147
v -28.287138 115.595009 24.927160
v -29.918682 119.419327 23.710938
v -28.399611 117.427109 25.696012
v -29.838758 117.779701 26.827497
v -32.023712 118.523956 28.983215
v -34.282600 118.614716 29.189657
v -31.940733 116.876968 25.642704
v -33.922050 117.440018 24.250877
v -34.021168 117.306770 20.397243
v -37.771847 118.241127 27.986444
v -36.480247 119.449524 20.347803
v -38.294121 119.541557 28.818420
v -34.021217 121.584984 20.446455
v -36.564751 120.462219 29.222408
v -34.313599 120.648598 29.475222
v -30.360268 118.371628 28.843102
v -32.023712 118.523956 28.983215
v -29.838758 117.779701 26.827497
v -31.940733 116.876968 25.642704
v -34.282600 118.614716 29.189657
v -36.519253 118.563698 28.640884
v -33.922050 117.440018 24.250877
v -37.771847 118.241127 27.986444
v -29.838758 117.779701 26.827497
v -29.918682 119.419327 23.710938
v -30.186171 120.412132 26.545919
v -34.021217 121.584984 20.446455
v -34.021168 117.306770 20.397243
v -29.735350 114.804436 24.899740
v -31.940733 116.876968 25.642704
v -29.838758 117.779701 26.827497
v 0.472656 140.054443 14.453868
v -5.609375 144.040100 12.405801
v -5.027344 129.068817 13.219924
v -9.441406 141.971344 8.185068
v -9.703125 136.764343 5.758974
v -10.828125 139.977753 4.896578
v -34.313599 120.648598 29.475222
v -32.063679 120.448677 29.268593
v -34.021217 121.584984 20.446455
v -30.142281 120.127792 29.137987
v -30.186171 120.412132 26.545919
v -30.360268 118.371628 28.843102
v -29.838758 117.779701 26.827497
v -5.804688 91.972412 8.935734
v -4.820313 91.898178 10.123176
v -3.960938 99.660385 10.801857
v 0.472656 91.820053 11.533265
v 0.472656 99.757111 12.063715
v 4.902345 99.660385 10.801857
v 2.000000 107.234352 12.135531
v 0.468750 89.434860 11.300505
v -4.820313 91.898178 10.123176
v -5.023438 86.400429 9.924544
v -5.132813 86.401466 9.971567
v -5.132813 86.401466 9.971567
v -4.820313 91.898178 10.123176
v -8.058595 87.419403 6.394682
v -5.804688 91.972412 8.935734
v -10.246095 88.015610 2.271960
v 34.960182 121.585152 20.442839
v 39.236599 119.541061 28.821644
v 38.714211 118.240768 27.985767
v 37.419395 119.449699 20.348091
v 32.504993 119.446480 20.496010
v 34.964211 117.307114 20.397352
v 30.677713 114.804077 24.899061
v 29.229504 115.594643 24.926479
v -34.021168 117.306770 20.397243
v -31.561953 119.446129 20.495901
v -29.918682 119.419327 23.710938
v -28.287138 115.595009 24.927160
v 11.769531 139.977753 4.896578
v 10.644531 136.764343 5.758974
v 12.171875 140.673431 1.864148
v 10.644531 136.764343 5.758974
v 11.769531 139.977753 4.896578
v 12.171875 140.673431 1.864148
v -10.828125 139.977753 4.896578
v -11.230469 140.673431 1.864148
v -9.703125 136.764343 5.758974
v -9.703125 136.764343 5.758974
v -11.230469 140.673431 1.864148
v -10.828125 139.977753 4.896578
v -29.918682 119.419327 23.710938
v -31.561953 119.446129 20.495901
v -34.021217 121.584984 20.446455
v -28.287138 115.595009 24.927160
v -29.735350 114.804436 24.899740
v -34.021168 117.306770 20.397243
v 4.046875 125.756592 -0.607119
v 4.000000 132.336594 0.935921
v 0.472656 124.511604 4.848135
v 0.472656 129.924988 5.494604
v -3.105469 125.756592 -0.607119
v -3.058594 132.336594 0.935921
v 8.132812 134.527039 2.795752
v 9.964844 137.540436 3.748820
v 7.609375 134.121262 7.180765
v 10.207031 140.448334 5.941646
v 6.933594 134.204620 10.579202
v 8.808594 139.886292 8.946603
v 1.917969 138.858215 12.262704
v 1.992188 142.187408 12.966801
v 0.472656 138.769958 13.307550
v 0.472656 141.704788 13.586209
v -0.976562 138.858215 12.262704
v -1.050781 142.187408 12.966801
v 32.805317 118.141808 35.536133
v 33.006157 120.448181 29.271814
v 31.667629 117.934601 35.644531
v 31.080748 120.127243 29.137417
v 31.708542 117.450348 34.914547
v 31.298731 118.371078 28.842527
v 32.792774 117.638916 34.822712
v 32.962173 118.523407 28.982645
v 32.805317 118.141808 35.536133
v 33.006157 120.448181 29.271814
v 37.571728 119.365181 7.776113
v 36.761124 119.379852 -1.831057
v 34.145199 122.222603 7.910418
v 33.715794 122.505424 2.595515
v 31.281507 119.329529 8.201347
v 31.247429 119.326141 4.757552
v 34.471107 116.484879 7.948699
v 33.720150 116.432419 2.538963
v 37.571728 119.365181 7.776113
v 36.761124 119.379852 -1.831057
v 30.677713 114.804077 24.899061
v 30.224146 114.634682 29.411848
v 29.229504 115.594643 24.926479
v 29.112745 113.970016 29.839760
v 29.341974 117.426743 25.695333
v 29.125986 115.047546 30.143124
v 6.933594 134.204620 10.579202
v 8.808594 139.886292 8.946603
v 1.949219 134.591034 13.626697
v 1.917969 138.858215 12.262704
v 0.472656 135.934433 15.865024
v 0.472656 138.769958 13.307550
v -1.007812 134.591034 13.626697
v -0.976562 138.858215 12.262704
v -5.992188 134.204620 10.579202
v -7.867188 139.886200 8.950508
v 8.132812 134.527039 2.795752
v 7.609375 134.121262 7.180765
v 4.621094 130.989517 6.955140
v 4.511719 131.357742 11.057285
v 0.472656 128.798752 10.066304
v 0.472656 128.903931 11.042385
v -3.679688 130.989517 6.955140
v -3.570312 131.357193 11.076809
v -7.191406 134.527039 2.795752
v -6.667969 134.121262 7.180765
v 33.006157 120.448181 29.271814
v 33.911724 117.001427 35.748989
v 35.256077 120.648087 29.478441
v 34.846989 117.034119 35.671722
v 35.221058 118.614166 29.189087
v 34.884136 116.733910 34.827068
v 32.962173 118.523407 28.982645
v 33.783760 116.710037 34.889957
v 33.006157 120.448181 29.271814
v 33.911724 117.001427 35.748989
v 35.481808 115.221016 33.579174
v 35.221058 118.614166 29.189087
v 36.574295 115.068787 33.506424
v 37.461613 118.563339 28.640205
v 36.561878 115.113953 34.400063
v 37.507111 120.461853 29.221729
v 35.628155 115.222031 34.482224
v 35.256077 120.648087 29.478441
v 35.481808 115.221016 33.579174
v 35.221058 118.614166 29.189087
v 38.351498 114.764618 31.781218
v 38.714211 118.240768 27.985767
v 38.336426 114.611252 32.535000
v 39.236599 119.541061 28.821644
v 37.541256 114.689888 32.627686
v 37.507111 120.461853 29.221729
v 37.413860 114.879898 31.875483
v 37.461613 118.563339 28.640205
v 38.351498 114.764618 31.781218
v 38.714211 118.240768 27.985767
v 22.580307 119.405777 -2.484408
v 36.761124 119.379852 -1.831057
v 22.728195 116.672638 1.171721
v 32.533237 116.684052 1.882676
v 22.779356 119.855911 4.785024
v 30.724276 119.330238 4.316011
v 22.687843 122.712799 1.176604
v 32.529247 122.354309 1.914466
v 22.580307 119.405777 -2.484408
v 36.761124 119.379852 -1.831057
v -32.063679 120.448677 29.268593
v -31.863012 118.139084 35.532787
v -30.142281 120.127792 29.137987
v -30.725264 117.935631 35.645237
v -30.360268 118.371628 28.843102
v -30.766176 117.451393 34.915249
v -32.023712 118.523956 28.983215
v -31.850409 117.639961 34.823414
v -32.063679 120.448677 29.268593
v -31.863012 118.139084 35.532787
v -35.821980 119.379677 -1.831342
v -36.628685 119.364830 7.776004
v -32.772930 122.505074 2.599308
v -33.202152 122.226166 7.914218
v -30.304390 119.325790 4.757443
v -30.342363 119.329353 8.201062
v -32.777111 116.432068 2.538854
v -33.531967 116.484718 7.948413
v -35.821980 119.379677 -1.831342
v -36.628685 119.364830 7.776004
v -29.838758 117.779701 26.827497
v -29.285683 114.635231 29.412420
v -28.399611 117.427109 25.696012
v -28.183622 115.047897 30.143803
v -28.287138 115.595009 24.927160
v -28.170265 113.970528 29.836535
v -29.735350 114.804436 24.899740
v -29.285683 114.635231 29.412420
v -32.969532 116.998566 35.749554
v -32.063679 120.448677 29.268593
v -33.904617 117.035164 35.672428
v -34.313599 120.648598 29.475222
v -33.945847 116.731224 34.827518
v -34.282600 118.614716 29.189657
v -32.841396 116.711075 34.890659
v -32.023712 118.523956 28.983215
v -32.969532 116.998566 35.749554
v -32.063679 120.448677 29.268593
v -34.282600 118.614716 29.189657
v -34.539440 115.222061 33.579876
v -36.519253 118.563698 28.640884
v -35.631927 115.069832 33.507130
v -36.564751 120.462219 29.222408
v -35.619518 115.114983 34.400768
v -34.313599 120.648598 29.475222
v -34.689690 115.223244 34.482822
v -34.282600 118.614716 29.189657
v -34.539440 115.222061 33.579876
v -37.771847 118.241127 27.986444
v -37.409298 114.761757 31.781780
v -38.294121 119.541557 28.818420
v -37.398136 114.608566 32.535450
v -36.564751 120.462219 29.222408
v -36.599064 114.687027 32.628246
v -36.519253 118.563698 28.640884
v -36.471493 114.880943 31.876188
v -37.771847 118.241127 27.986444
v -37.409298 114.761757 31.781780
v -35.821980 119.379677 -1.831342
v -21.638268 119.405479 -2.485732
v -31.591202 116.683746 1.881353
v -21.785978 116.676224 1.170405
v -29.782200 119.329926 4.318594
v -21.837317 119.855606 4.783700
v -31.587029 122.357918 1.913149
v -21.745806 122.712494 1.175281
v -35.821980 119.379677 -1.831342
v -21.638268 119.405479 -2.485732
v 13.105469 139.638412 0.189509
v 12.171875 140.673431 1.864148
v 11.324219 137.884735 2.082046
v 11.484375 139.410950 3.110165
v 9.964844 137.540436 3.748820
v 13.105469 139.638412 0.189509
v 11.324219 137.884735 2.082046
v 12.218750 136.558029 0.219362
v 10.386719 135.065277 1.869188
v 9.964844 137.540436 3.748820
v 8.132812 134.527039 2.795752
v 11.324219 137.884735 2.082046
v 10.386719 135.065277 1.869188
v 0.472656 128.903931 11.042385
v 4.511719 131.357742 11.057285
v 0.472656 129.419342 11.471257
v 0.472656 130.660217 12.088755
v -3.570312 131.357193 11.076809
v 12.171875 140.673431 1.864148
v 13.105469 139.638412 0.189509
v 9.597656 137.090225 1.297441
v 12.218750 136.558029 0.219362
v 10.386719 135.065277 1.869188
v 6.945313 134.628677 -0.511460
v 4.000000 132.336594 0.935921
v 0.468750 130.941833 -2.108917
v 4.046875 125.756592 -0.607119
v 0.468750 126.161583 -2.695006
v 31.247429 119.326141 4.757552
v 33.715794 122.505424 2.595515
v 32.529247 122.354309 1.914466
v 36.761124 119.379852 -1.831057
v 29.341974 117.426743 25.695333
v 29.125986 115.047546 30.143124
v 30.781120 117.779327 26.826815
v 30.224146 114.634682 29.411848
v 30.677713 114.804077 24.899061
v 8.132812 134.527039 2.795752
v 4.621094 130.989517 6.955140
v 0.472656 129.924988 5.494604
v 0.472656 128.798752 10.066304
v -3.679688 130.989517 6.955140
v 1.917969 138.858215 12.262704
v 8.808594 139.886292 8.946603
v 1.992188 142.187408 12.966801
v 8.980469 142.599167 9.472986
v 10.207031 140.448334 5.941646
v 10.097656 143.230240 6.927227
v 8.808594 139.886292 8.946603
v 8.980469 142.599167 9.472986
v 6.253145 124.775734 7.583347
v 0.472656 124.511604 4.848135
v 0.472656 122.865913 11.520134
v -5.312227 124.775261 7.583561
v 36.761124 119.379852 -1.831057
v 33.720150 116.432419 2.538963
v 32.533237 116.684052 1.882676
v 31.247429 119.326141 4.757552
v 30.724276 119.330238 4.316011
v 32.529247 122.354309 1.914466
v 4.046875 125.756592 -0.607119
v 0.472656 124.511604 4.848135
v 6.538263 124.854004 0.446545
v 6.253145 124.775734 7.583347
v 12.171875 140.673431 1.864148
v 9.597656 137.090225 1.297441
v 6.945313 134.628677 -0.511460
v 8.132812 134.527039 2.795752
v 4.000000 132.336594 0.935921
v 0.472656 129.924988 5.494604
v -10.542969 139.410950 3.110165
v -11.230469 140.673431 1.864148
v -10.382812 137.884735 2.082046
v -12.164062 139.638412 0.189509
v -11.277344 136.558029 0.219362
v -11.277344 136.558029 0.219362
v -9.445312 135.065277 1.869188
v -10.382812 137.884735 2.082046
v -7.191406 134.527039 2.795752
v -9.023438 137.540436 3.748820
v 0.468750 126.161583 -2.695006
v -3.105469 125.756592 -0.607119
v 0.468750 130.941833 -2.108917
v -3.058594 132.336594 0.935921
v -6.003906 134.628677 -0.511460
v -11.230469 140.673431 1.864148
v -8.656250 137.090225 1.297441
v -12.164062 139.638412 0.189509
v -11.277344 136.558029 0.219362
v -31.591202 116.683746 1.881353
v -29.782200 119.329926 4.318594
v -30.304390 119.325790 4.757443
v -31.587029 122.357918 1.913149
v -32.772930 122.505074 2.599308
v -35.821980 119.379677 -1.831342
v -3.679688 130.989517 6.955140
v -7.191406 134.527039 2.795752
v 0.472656 129.924988 5.494604
v -3.058594 132.336594 0.935921
v -5.312227 124.775261 7.583561
v 0.472656 124.511604 4.848135
v -5.597345 124.853523 0.446759
v -3.105469 125.756592 -0.607119
v -8.039062 142.599167 9.472986
v -7.867188 139.886200 8.950508
v -1.050781 142.187408 12.966801
v -0.976562 138.858215 12.262704
v -5.992188 134.204620 10.579202
v -7.867188 139.886200 8.950508
v -6.667969 134.121262 7.180765
v -9.265625 140.448334 5.941646
v -8.039062 142.599167 9.472986
v -9.156250 143.230240 6.927227
v -7.867188 139.886200 8.950508
v -9.265625 140.448334 5.941646
v -3.058594 132.336594 0.935921
v -7.191406 134.527039 2.795752
v -6.003906 134.628677 -0.511460
v -8.656250 137.090225 1.297441
v -11.230469 140.673431 1.864148
v -35.821980 119.379677 -1.831342
v -31.591202 116.683746 1.881353
v -32.777111 116.432068 2.538854
v -30.304390 119.325790 4.757443
v -11.277344 136.558029 0.219362
v -8.656250 137.090225 1.297441
v -9.445312 135.065277 1.869188
v -7.191406 134.527039 2.795752
v 32.805317 118.141808 35.536133
v 31.667629 117.934601 35.644531
v 31.708542 117.450348 34.914547
v 32.792774 117.638916 34.822712
v 34.846989 117.034119 35.671722
v 33.911724 117.001427 35.748989
v 33.783760 116.710037 34.889957
v 34.884136 116.733910 34.827068
v 36.561878 115.113953 34.400063
v 35.628155 115.222031 34.482224
v 35.481808 115.221016 33.579174
v 36.574295 115.068787 33.506424
v 38.336426 114.611252 32.535000
v 37.541256 114.689888 32.627686
v 37.413860 114.879898 31.875483
v 38.351498 114.764618 31.781218
v -9.265625 140.448334 5.941646
v -9.023438 137.540436 3.748820
v -7.191406 134.527039 2.795752
v -6.667969 134.121262 7.180765
v -30.766176 117.451393 34.915249
v -30.725264 117.935631 35.645237
v -31.863012 118.139084 35.532787
v -31.850409 117.639961 34.823414
v -32.841396 116.711075 34.890659
v -32.969532 116.998566 35.749554
v -33.904617 117.035164 35.672428
v -33.945847 116.731224 34.827518
v -34.539440 115.222061 33.579876
v -34.689690 115.223244 34.482822
v -35.619518 115.114983 34.400768
v -35.631927 115.069832 33.507130
v -36.471493 114.880943 31.876188
v -36.599064 114.687027 32.628246
v -37.398136 114.608566 32.535450
v -37.409298 114.761757 31.781780
v 4.511719 131.357742 11.057285
v 7.609375 134.121262 7.180765
v 6.933594 134.204620 10.579202
v 9.964844 137.540436 3.748820
v 12.171875 140.673431 1.864148
v 10.207031 140.448334 5.941646
v 29.125986 115.047546 30.143124
v 29.112745 113.970016 29.839760
v 30.224146 114.634682 29.411848
v 10.386719 135.065277 1.869188
v 8.132812 134.527039 2.795752
v 9.597656 137.090225 1.297441
v -3.570312 131.357193 11.076809
v -5.992188 134.204620 10.579202
v -6.667969 134.121262 7.180765
v 0.472656 129.419342 11.471257
v -3.570312 131.357193 11.076809
v 0.472656 128.903931 11.042385
v -9.023438 137.540436 3.748820
v -9.265625 140.448334 5.941646
v -11.230469 140.673431 1.864148
v -10.542969 139.410950 3.110165
v -10.382812 137.884735 2.082046
v -9.023438 137.540436 3.748820
v -29.735350 114.804436 24.899740
v -29.285683 114.635231 29.412420
v -29.838758 117.779701 26.827497
v -28.183622 115.047897 30.143803
v -29.285683 114.635231 29.412420
v -28.170265 113.970528 29.836535
v 10.360420 78.994247 14.502563
v 19.137203 52.235481 17.778873
v 18.079472 80.457802 0.771719
v 34.546974 53.443497 -2.328782
v 11.367188 80.313484 -8.480447
v 20.582031 54.167431 -18.617443
v 0.472656 80.167580 -10.865248
v 0.472656 54.885521 -23.367258
v -10.210938 80.314796 -7.645423
v -19.269531 54.166653 -17.834490
v -17.137390 80.458046 0.773558
v -33.604900 53.443737 -2.326944
v -9.418945 78.996651 14.499413
v -18.195210 52.235092 17.776863
v 12.020020 44.069893 -4.286162
v 14.902769 45.712055 2.694624
v 11.672278 21.517647 -8.706344
v 19.362892 19.077084 3.085757
v 12.241067 17.317835 -5.467892
v 16.803493 14.095969 2.604148
v 4.677670 44.683193 2.230984
v 7.015900 43.726830 -4.087297
v 5.188752 18.075453 2.521474
v 11.672278 21.517647 -8.706344
v 7.534107 14.214941 2.189743
v 12.241067 17.317835 -5.467892
v 0.468750 79.752472 2.773716
v 4.677670 44.683193 2.230984
v 6.183595 80.155251 9.916773
v 9.289665 47.836273 8.893957
v 12.738283 80.989769 2.380087
v 14.902769 45.712055 2.694624
v 10.648438 79.853127 -3.645773
v 11.948040 46.860531 -3.992083
v 3.265625 78.686172 -5.098825
v 6.500120 46.078369 -3.715701
v 0.468750 79.752472 2.773716
v 4.677670 44.683193 2.230984
v 12.316895 12.060573 7.276049
v 12.472755 9.379405 7.807449
v 16.803493 14.095969 2.604148
v 16.572338 11.508395 2.602870
v 12.241067 17.317835 -5.467892
v 12.392140 14.532124 -5.036151
v 7.534107 14.214941 2.189743
v 8.255980 11.206828 2.383183
v 12.316895 12.060573 7.276049
v 12.472755 9.379405 7.807449
v 8.032697 4.930226 2.498101
v 8.271059 2.497261 2.515233
v 7.079522 2.558290 8.382180
v 6.981874 -0.000112 8.369895
v 12.479368 1.980460 19.058784
v 12.479391 0.000205 19.053436
v 17.878738 2.558686 8.383810
v 17.980350 0.000292 8.371555
v 16.968224 4.930555 2.499449
v 16.831505 2.497575 2.516525
v 12.478795 4.877484 -5.677409
v 12.443702 -0.007030 -5.060827
v 8.271059 2.497261 2.515233
v 9.048583 -0.005911 1.759953
v 16.803493 14.095969 2.604148
v 19.362892 19.077084 3.085757
v 12.316895 12.060573 7.276049
v 11.778745 17.954865 9.827497
v 7.534107 14.214941 2.189743
v 5.188752 18.075453 2.521474
v -11.529165 9.378002 7.808393
v -11.377203 12.059434 7.276988
v -15.628487 11.510883 2.604031
v -15.863779 14.095048 2.601187
v -11.452428 14.531202 -5.039113
v -11.297477 17.316435 -5.466948
v -7.316023 11.209581 2.384339
v -6.590497 14.213755 2.186787
v -11.529165 9.378002 7.808393
v -11.377203 12.059434 7.276988
v -7.329450 2.497227 2.515091
v -7.091088 4.930193 2.497959
v -6.040265 -0.000146 8.369752
v -6.137912 2.558256 8.382037
v -11.537781 0.000170 19.053295
v -11.537758 1.980426 19.058640
v -17.038738 0.000258 8.371412
v -16.937126 2.558653 8.383667
v -15.889895 2.497542 2.516383
v -16.026615 4.930521 2.499307
v -11.537186 4.877451 -5.677551
v -11.515795 7.147850 -5.370169
v -6.590497 14.213755 2.186787
v -4.245142 18.074266 2.518518
v -11.377203 12.059434 7.276988
v -10.835155 17.953463 9.828442
v -15.863779 14.095048 2.601187
v -18.419304 19.075682 3.086701
v -11.297477 17.316435 -5.466948
v -10.732302 21.520618 -8.709089
v -6.590497 14.213755 2.186787
v -4.245142 18.074266 2.518518
v -7.329450 2.497227 2.515091
v -8.106975 -0.005945 1.759811
v -11.537186 4.877451 -5.677551
v -11.502090 -0.007064 -5.060968
v -15.889895 2.497542 2.516383
v -14.987370 -0.005692 1.760849
v -3.733883 44.684669 2.230748
v 0.468750 79.752472 2.773716
v -8.346077 47.834778 8.891813
v -5.242188 80.155251 9.916773
v -13.963085 45.710804 2.696381
v -11.796876 80.989769 2.380087
v -11.008349 46.859303 -3.994231
v -9.707032 79.853127 -3.645773
v -5.560429 46.077232 -3.714762
v -2.324219 78.686172 -5.098825
v -3.733883 44.684669 2.230748
v 0.468750 79.752472 2.773716
v 6.538263 124.854004 0.446545
v 0.468750 125.858681 -4.763638
v 4.046875 125.756592 -0.607119
v 0.468750 126.161583 -2.695006
v 11.578463 122.528297 3.419400
v 6.253145 124.775734 7.583347
v 12.412663 118.087234 6.665564
v 6.800783 122.470810 9.951643
v 13.613283 112.688515 2.500353
v 5.421875 106.656204 11.990983
v 12.089846 105.742249 0.322394
v 11.484376 94.019241 1.518131
v 0.472656 94.453613 -4.649577
v 11.367188 80.313484 -8.480447
v 0.472656 80.167580 -10.865248
v 6.800783 122.470810 9.951643
v 0.472656 106.921822 13.436376
v 5.421875 106.656204 11.990983
v 3.871094 99.611465 13.551965
v 6.167970 92.609070 13.685513
v 17.231440 112.767578 3.319747
v 16.206291 112.842209 3.024518
v 17.445986 112.852577 -1.655078
v 16.103485 113.104218 -1.929642
v 14.310944 118.408478 -5.424377
v 13.382814 112.523773 -1.832028
v 12.009991 118.758926 -5.096320
v 11.578463 122.528297 3.419400
v 12.412663 118.087234 6.665564
v 12.460373 124.376404 3.450677
v 14.375003 118.248329 6.485177
v 17.456608 118.966240 6.898346
v 17.231440 112.767578 3.319747
v 22.923971 116.388680 3.220169
v 25.353889 116.347717 3.291142
v 25.552238 119.849663 5.203277
v 22.923971 116.388680 3.220169
v 22.984108 119.864960 4.994136
v 8.018709 124.901596 0.083306
v 0.468750 121.251175 -7.591442
v 0.468750 125.379982 -7.170371
v -7.077791 124.901123 0.083520
v 23.049786 119.330368 -2.929171
v 23.122007 123.029930 -1.049118
v 25.553699 122.922340 -0.849349
v 25.572084 122.905060 2.827007
v 13.613283 112.688515 2.500353
v 12.089846 105.742249 0.322394
v 13.382814 112.523773 -1.832028
v 0.472656 105.144646 -5.670114
v 0.468750 121.251175 -7.591442
v -12.441408 112.523773 -1.832028
v -11.069071 118.762352 -5.096106
v 12.089846 105.742249 0.322394
v 0.472656 94.453613 -4.649577
v 0.472656 105.144646 -5.670114
v -11.148438 105.742249 0.322394
v -12.441408 112.523773 -1.832028
v -12.671877 112.688515 2.500353
v 11.617043 123.516609 0.286547
v 11.578463 122.528297 3.419400
v 12.413103 125.184990 -1.662672
v 12.460373 124.376404 3.450677
v 17.378082 126.285149 3.678682
v 17.456608 118.966240 6.898346
v 22.984108 119.864960 4.994136
v 22.923971 116.388680 3.220169
v 12.412663 118.087234 6.665564
v 13.613283 112.688515 2.500353
v 14.375003 118.248329 6.485177
v 16.206291 112.842209 3.024518
v 17.231440 112.767578 3.319747
v 10.360420 78.994247 14.502563
v 18.079472 80.457802 0.771719
v 6.167970 92.609070 13.685513
v 11.484376 94.019241 1.518131
v 5.421875 106.656204 11.990983
v 19.362892 19.077084 3.085757
v 14.902769 45.712055 2.694624
v 9.847335 42.566833 8.493610
v 9.570398 45.202431 8.693760
v 4.677670 44.683193 2.230984
v 9.289665 47.836273 8.893957
v 4.677670 44.683193 2.230984
v 5.188752 18.075453 2.521474
v 9.847335 42.566833 8.493610
v 11.778745 17.954865 9.827497
v 19.362892 19.077084 3.085757
v 0.468750 82.283295 10.822269
v 0.468750 79.752472 2.773716
v 6.003907 81.628326 9.889818
v 6.183595 80.155251 9.916773
v 3.621094 80.467430 -4.919016
v 0.468750 79.752472 2.773716
v 0.472656 81.118393 -4.749908
v -2.679688 80.467430 -4.919016
v 0.472656 81.618034 -5.494068
v 0.472656 91.820053 11.533265
v 0.468750 89.434860 11.300505
v 5.761719 91.898178 10.123176
v 5.855469 88.006195 10.030963
v 5.902345 88.008652 10.054594
v 12.531252 82.519333 2.325295
v 10.363282 81.244865 -3.622934
v 11.187501 88.015610 2.271960
v 4.406250 83.359795 -5.563224
v 0.472656 87.999115 -5.086620
v 0.472656 81.618034 -5.494068
v -3.464844 83.359795 -5.563224
v -2.679688 80.467430 -4.919016
v -9.421876 81.244865 -3.622934
v -9.707032 79.853127 -3.645773
v -11.796876 80.989769 2.380087
v 16.831505 2.497575 2.516525
v 17.980350 0.000292 8.371555
v 8.271059 2.497261 2.515233
v 6.981874 -0.000112 8.369895
v 8.271059 2.497261 2.515233
v 9.048583 -0.005911 1.759953
v 16.831505 2.497575 2.516525
v 15.928980 -0.005658 1.760991
v 12.472755 9.379405 7.807449
v 16.968224 4.930555 2.499449
v 16.572338 11.508395 2.602870
v 12.455487 7.148986 -5.371108
v 12.392140 14.532124 -5.036151
v 8.255980 11.206828 2.383183
v 12.472755 9.379405 7.807449
v 8.255980 11.206828 2.383183
v 8.032697 4.930226 2.498101
v 12.455487 7.148986 -5.371108
v 13.382814 112.523773 -1.832028
v 16.103485 113.104218 -1.929642
v 13.613283 112.688515 2.500353
v 16.206291 112.842209 3.024518
v 22.923971 116.388680 3.220169
v 17.231440 112.767578 3.319747
v 23.026060 116.165779 -0.830554
v 17.445986 112.852577 -1.655078
v 17.343643 118.717468 -5.936850
v 14.310944 118.408478 -5.424377
v 12.413103 125.184990 -1.662672
v 12.009991 118.758926 -5.096320
v 11.617043 123.516609 0.286547
v 23.026060 116.165779 -0.830554
v 17.343643 118.717468 -5.936850
v 23.049786 119.330368 -2.929171
v 23.122007 123.029930 -1.049118
v 22.984108 119.864960 4.994136
v 23.022314 123.143646 2.876378
v 17.378082 126.285149 3.678682
v 17.500006 126.902740 -1.917077
v 12.413103 125.184990 -1.662672
v 17.343643 118.717468 -5.936850
v 17.343643 118.717468 -5.936850
v 17.500006 126.902740 -1.917077
v 23.122007 123.029930 -1.049118
v 23.022314 123.143646 2.876378
v 23.122007 123.029930 -1.049118
v 23.022314 123.143646 2.876378
v 25.572084 122.905060 2.827007
v 25.552238 119.849663 5.203277
v 25.383177 116.238617 -0.654577
v 23.049786 119.330368 -2.929171
v 25.488668 119.430580 -2.842175
v 25.553699 122.922340 -0.849349
v 25.353889 116.347717 3.291142
v 22.923971 116.388680 3.220169
v 25.383177 116.238617 -0.654577
v 23.026060 116.165779 -0.830554
v 23.049786 119.330368 -2.929171
v 11.578463 122.528297 3.419400
v 11.617043 123.516609 0.286547
v 6.253145 124.775734 7.583347
v 8.018709 124.901596 0.083306
v 6.253145 124.775734 7.583347
v 2.910157 125.580978 11.420592
v 6.253145 124.775734 7.583347
v 0.472656 122.865913 11.520134
v 6.800783 122.470810 9.951643
v 0.472656 119.396400 12.287118
v 0.472656 106.921822 13.436376
v 6.253145 124.775734 7.583347
v 8.018709 124.901596 0.083306
v 7.777344 130.396866 8.009125
v 7.847656 131.787384 0.595975
v 7.847656 131.787384 0.595975
v 8.018709 124.901596 0.083306
v 6.781250 131.567886 -6.819862
v 0.468750 125.379982 -7.170371
v 0.468750 132.293228 -8.280425
v -5.839844 131.567886 -6.819862
v 6.253145 124.775734 7.583347
v 7.777344 130.396866 8.009125
v 6.538263 124.854004 0.446545
v 7.847656 131.787384 0.595975
v 0.468750 125.858681 -4.763638
v 6.781250 131.567886 -6.819862
v 0.468750 132.293228 -8.280425
v 34.546974 53.443497 -2.328782
v 19.137203 52.235481 17.778873
v 39.173405 42.252392 -3.047935
v 23.820518 38.085945 20.119661
v 39.173405 42.252392 -3.047935
v 24.050779 40.416142 -22.820246
v 34.546974 53.443497 -2.328782
v 20.582031 54.167431 -18.617443
v 2.000000 107.234352 12.135531
v 0.472656 106.921822 13.436376
v 0.472656 107.238258 12.678528
v -1.058594 107.234352 12.135531
v 23.124432 122.939796 -0.877394
v 25.552080 122.835938 -0.681565
v 23.311388 124.586037 -4.837271
v 25.785591 124.730598 -4.577932
v 24.624479 125.164337 -5.830880
v 0.468750 148.686493 -12.106374
v 5.136719 146.352432 -10.832137
v 0.468750 144.959091 -11.172582
v 10.769531 137.490128 -2.880613
v 12.171875 140.673431 1.864148
v 13.671875 142.651230 4.331507
v 11.769531 139.977753 4.896578
v 10.382812 141.971344 8.185068
v 16.968224 4.930555 2.499449
v 12.472755 9.379405 7.807449
v 17.878738 2.558686 8.383810
v 12.479368 1.980460 19.058784
v 12.479368 1.980460 19.058784
v 12.472755 9.379405 7.807449
v 7.079522 2.558290 8.382180
v 8.032697 4.930226 2.498101
v 13.382814 112.523773 -1.832028
v 0.468750 121.251175 -7.591442
v 12.009991 118.758926 -5.096320
v 8.018709 124.901596 0.083306
v 11.617043 123.516609 0.286547
v 5.136719 146.352432 -10.832137
v 9.308594 143.802933 -7.336440
v 10.769531 137.490128 -2.880613
v 13.238281 141.559998 -2.800327
v 12.171875 140.673431 1.864148
v 14.492188 143.041611 1.591333
v 13.671875 142.651230 4.331507
v 0.472656 140.054443 14.453868
v 6.550781 144.040100 12.405801
v 0.472656 143.988510 16.566380
v 6.667969 148.088272 12.700412
v 13.671875 142.651230 4.331507
v 11.726562 145.009369 6.754942
v 10.382812 141.971344 8.185068
v 11.203125 146.098160 10.115465
v 6.550781 144.040100 12.405801
v 6.667969 148.088272 12.700412
v 5.902345 88.008652 10.054594
v 9.000001 87.419403 6.394682
v 5.761719 91.898178 10.123176
v 6.746095 91.972412 8.935734
v 0.468750 84.203644 10.967570
v 0.468750 82.283295 10.822269
v 5.964845 83.207199 9.924147
v 6.003907 81.628326 9.889818
v 6.074220 83.204323 9.970930
v 6.183595 80.155251 9.916773
v 12.531252 82.519333 2.325295
v 12.738283 80.989769 2.380087
v 10.363282 81.244865 -3.622934
v 10.648438 79.853127 -3.645773
v 3.621094 80.467430 -4.919016
v 3.265625 78.686172 -5.098825
v 0.468750 79.752472 2.773716
v -5.597345 124.853523 0.446759
v -3.105469 125.756592 -0.607119
v 0.468750 125.858681 -4.763638
v 0.468750 126.161583 -2.695006
v -10.637545 122.527832 3.419614
v -11.471745 118.086777 6.665778
v -5.312227 124.775261 7.583561
v -5.859375 122.470810 9.951643
v 0.472656 122.865913 11.520134
v -4.480469 106.656204 11.990983
v 0.472656 106.921822 13.436376
v -5.859375 122.470810 9.951643
v 0.472656 119.396400 12.287118
v 0.472656 122.865913 11.520134
v -10.676125 123.516144 0.286761
v -11.069071 118.762352 -5.096106
v -11.472185 125.184525 -1.662458
v -13.370026 118.408012 -5.424163
v -16.401424 118.721069 -5.938167
v -16.503946 112.852280 -1.656401
v -22.084019 116.165474 -0.831877
v -10.637545 122.527832 3.419614
v -11.519455 124.375946 3.450891
v -11.471745 118.086777 6.665778
v -13.432604 118.247887 6.486149
v -12.671877 112.688515 2.500353
v -15.264252 112.841896 3.023195
v -11.069071 118.762352 -5.096106
v -12.441408 112.523773 -1.832028
v -13.370026 118.408012 -5.424163
v -15.161676 113.108032 -1.927965
v -16.503946 112.852280 -1.656401
v -24.415754 116.347588 3.289858
v -21.985796 116.388535 3.222791
v -24.609983 119.853249 5.205865
v -22.041849 119.868546 4.996726
v -22.080276 123.143349 2.875054
v -16.436043 126.284836 3.677359
v -16.518473 118.966110 6.897063
v -11.519455 124.375946 3.450891
v -13.432604 118.247887 6.486149
v -22.111609 119.330231 -2.926549
v -24.611479 122.925934 -0.850666
v -22.179928 123.029617 -1.046535
v -22.080276 123.143349 2.875054
v 0.472656 106.921822 13.436376
v -4.480469 106.656204 11.990983
v -2.929688 99.611465 13.551965
v -5.226563 92.609070 13.685513
v 0.472656 94.453613 -4.649577
v -10.542970 94.019241 1.518131
v -11.148438 105.742249 0.322394
v -4.480469 106.656204 11.990983
v -12.671877 112.688515 2.500353
v -5.859375 122.470810 9.951643
v -11.471745 118.086777 6.665778
v -9.418945 78.996651 14.499413
v -5.226563 92.609070 13.685513
v -17.137390 80.458046 0.773558
v -10.542970 94.019241 1.518131
v -10.210938 80.314796 -7.645423
v 0.472656 94.453613 -4.649577
v 0.472656 80.167580 -10.865248
v -18.419304 19.075682 3.086701
v -8.907378 42.569580 8.494766
v -13.963085 45.710804 2.696381
v -8.626810 45.200939 8.691616
v -8.346077 47.834778 8.891813
v -3.733883 44.684669 2.230748
v -15.628487 11.510883 2.604031
v -11.452428 14.531202 -5.039113
v -11.515795 7.147850 -5.370169
v -7.316023 11.209581 2.384339
v -7.091088 4.930193 2.497959
v -11.529165 9.378002 7.808393
v -6.137912 2.558256 8.382037
v -11.537758 1.980426 19.058640
v -15.889895 2.497542 2.516383
v -7.329450 2.497227 2.515091
v -17.038738 0.000258 8.371412
v -6.040265 -0.000146 8.369752
v -11.537781 0.000170 19.053295
v -14.987370 -0.005692 1.760849
v -8.106975 -0.005945 1.759811
v -15.889895 2.497542 2.516383
v -7.329450 2.497227 2.515091
v -11.529165 9.378002 7.808393
v -15.628487 11.510883 2.604031
v -16.026615 4.930521 2.499307
v -11.515795 7.147850 -5.370169
v -21.985796 116.388535 3.222791
v -22.084019 116.165474 -0.831877
v -16.289362 112.767265 3.322330
v -16.503946 112.852280 -1.656401
v -15.264252 112.841896 3.023195
v -15.161676 113.108032 -1.927965
v -12.671877 112.688515 2.500353
v -12.441408 112.523773 -1.832028
v -22.084019 116.165474 -0.831877
v -22.111609 119.330231 -2.926549
v -16.401424 118.721069 -5.938167
v -22.179928 123.029617 -1.046535
v -16.557968 126.902435 -1.918400
v -16.436043 126.284836 3.677359
v -11.472185 125.184525 -1.662458
v -11.519455 124.375946 3.450891
v -10.676125 123.516144 0.286761
v -10.637545 122.527832 3.419614
v -24.611479 122.925934 -0.850666
v -24.630043 122.904747 2.825684
v -22.080276 123.143349 2.875054
v -24.609983 119.853249 5.205865
v -22.084019 116.165474 -0.831877
v -24.441135 116.238304 -0.655900
v -22.111609 119.330231 -2.926549
v -24.546450 119.434166 -2.843492
v -24.611479 122.925934 -0.850666
v -24.415754 116.347588 3.289858
v -24.441135 116.238304 -0.655900
v -21.985796 116.388535 3.222791
v -22.084019 116.165474 -0.831877
v -10.637545 122.527832 3.419614
v -5.312227 124.775261 7.583561
v -10.676125 123.516144 0.286761
v -7.077791 124.901123 0.083520
v -11.069071 118.762352 -5.096106
v 0.468750 121.251175 -7.591442
v -5.312227 124.775261 7.583561
v -5.312227 124.775261 7.583561
v -1.968750 125.580978 11.420592
v 0.472656 122.865913 11.520134
v -5.312227 124.775261 7.583561
v -6.835938 130.396866 8.009125
v -7.077791 124.901123 0.083520
v -6.906250 131.787384 0.595975
v -5.839844 131.567886 -6.819862
v 0.468750 132.293228 -8.280425
v -5.839844 131.567886 -6.819862
v 0.468750 125.858681 -4.763638
v -6.906250 131.787384 0.595975
v -5.597345 124.853523 0.446759
v -6.835938 130.396866 8.009125
v -5.312227 124.775261 7.583561
v -33.604900 53.443737 -2.326944
v -38.235012 42.253513 -3.050118
v -18.195210 52.235092 17.776863
v -22.878435 38.086189 20.121500
v -19.269531 54.166653 -17.834490
v -23.585938 40.561554 -21.906334
v -33.604900 53.443737 -2.326944
v -38.235012 42.253513 -3.050118
v -22.180906 122.876770 -0.831987
v -22.367682 124.526917 -4.791858
v -24.612455 122.773094 -0.636119
v -24.845787 124.671646 -4.532480
v 0.468750 148.686493 -12.106374
v 0.468750 144.959091 -11.172582
v -4.195312 146.352432 -10.832137
v -9.828125 137.490128 -2.880613
v -8.367188 143.802933 -7.336440
v -12.296875 141.559998 -2.800327
v -12.730469 142.651230 4.331507
v -13.550781 143.041611 1.591333
v -11.230469 140.673431 1.864148
v -12.296875 141.559998 -2.800327
v -9.828125 137.490128 -2.880613
v -5.609375 144.040100 12.405801
v -10.261719 146.098160 10.115465
v -9.441406 141.971344 8.185068
v -10.785156 145.009369 6.754942
v -12.730469 142.651230 4.331507
v -5.023438 86.400429 9.924544
v -5.132813 86.401466 9.971567
v -5.062500 81.628326 9.889818
v -5.242188 80.155251 9.916773
v -8.626810 45.200939 8.691616
v -8.907378 42.569580 8.494766
v -3.733883 44.684669 2.230748
v -4.245142 18.074266 2.518518
v -18.419304 19.075682 3.086701
v -10.835155 17.953463 9.828442
v -8.907378 42.569580 8.494766
v -4.245142 18.074266 2.518518
v -11.515795 7.147850 -5.370169
v -7.091088 4.930193 2.497959
v -11.537186 4.877451 -5.677551
v -7.329450 2.497227 2.515091
v -16.026615 4.930521 2.499307
v -16.937126 2.558653 8.383667
v -11.529165 9.378002 7.808393
v -11.537758 1.980426 19.058640
v -5.242188 80.155251 9.916773
v -5.132813 86.401466 9.971567
v -11.589845 82.519333 2.325295
v -8.058595 87.419403 6.394682
v -10.246095 88.015610 2.271960
v -22.179928 123.029617 -1.046535
v -22.080276 123.143349 2.875054
v -16.436043 126.284836 3.677359
v -22.041849 119.868546 4.996726
v -16.518473 118.966110 6.897063
v -21.985796 116.388535 3.222791
v -16.289362 112.767265 3.322330
v -16.518473 118.966110 6.897063
v -16.289362 112.767265 3.322330
v -13.432604 118.247887 6.486149
v -15.264252 112.841896 3.023195
v -9.441406 141.971344 8.185068
v -12.730469 142.651230 4.331507
v -10.828125 139.977753 4.896578
v -11.230469 140.673431 1.864148
v 0.472656 140.054443 14.453868
v 0.472656 143.988510 16.566380
v -5.609375 144.040100 12.405801
v -5.726562 148.088272 12.700412
v -10.261719 146.098160 10.115465
v 0.468750 84.203644 10.967570
v -5.023438 86.400429 9.924544
v 0.468750 82.283295 10.822269
v -5.062500 81.628326 9.889818
v 0.468750 79.752472 2.773716
v -5.242188 80.155251 9.916773
v 10.363282 81.244865 -3.622934
v 3.621094 80.467430 -4.919016
v 4.406250 83.359795 -5.563224
v 0.472656 81.618034 -5.494068
v 0.472656 87.999115 -5.086620
v -3.464844 83.359795 -5.563224
v -10.246095 88.015610 2.271960
v -9.421876 81.244865 -3.622934
v -11.589845 82.519333 2.325295
v -11.796876 80.989769 2.380087
v -5.242188 80.155251 9.916773
v -9.707032 79.853127 -3.645773
v -2.679688 80.467430 -4.919016
v -2.324219 78.686172 -5.098825
v 0.468750 79.752472 2.773716
v 3.339844 38.698776 -28.145264
v 0.472656 54.885521 -23.367258
v 24.050779 40.416142 -22.820246
v 20.582031 54.167431 -18.617443
v 0.472656 54.885521 -23.367258
v -2.398438 38.698776 -28.145264
v -19.269531 54.166653 -17.834490
v -23.585938 40.561554 -21.906334
v 12.455487 7.148986 -5.371108
v 12.478795 4.877484 -5.677409
v 8.271059 2.497261 2.515233
v 8.032697 4.930226 2.498101
v 12.020020 44.069893 -4.286162
v 7.015900 43.726830 -4.087297
v 6.500120 46.078369 -3.715701
v 11.948040 46.860531 -3.992083
v -18.419304 19.075682 3.086701
v -13.963085 45.710804 2.696381
v -11.080307 44.068970 -4.289123
v -10.732302 21.520618 -8.709089
v -4.245142 18.074266 2.518518
v -10.732302 21.520618 -8.709089
v -6.075944 43.729580 -4.086141
v -3.733883 44.684669 2.230748
v -5.560429 46.077232 -3.714762
v -6.075944 43.729580 -4.086141
v -11.080307 44.068970 -4.289123
v -11.008349 46.859303 -3.994231
v 11.484375 139.410950 3.110165
v 12.171875 140.673431 1.864148
v 9.964844 137.540436 3.748820
v 3.621094 80.467430 -4.919016
v 0.472656 81.118393 -4.749908
v 0.472656 81.618034 -5.494068
v 12.479391 0.000205 19.053436
v 6.981874 -0.000112 8.369895
v 17.980350 0.000292 8.371555
v 9.048583 -0.005911 1.759953
v 12.443702 -0.007030 -5.060827
v 15.928980 -0.005658 1.760991
v 6.253145 124.775734 7.583347
v 6.253145 124.775734 7.583347
v 7.777344 130.396866 8.009125
v 0.472656 122.865913 11.520134
v 2.910157 125.580978 11.420592
v 6.253145 124.775734 7.583347
v 25.383177 116.238617 -0.654577
v 25.488668 119.430580 -2.842175
v 22.997639 119.696648 0.942651
v 25.488668 119.430580 -2.842175
v 25.553699 122.922340 -0.849349
v 22.997639 119.696648 0.942651
v 25.572084 122.905060 2.827007
v 25.552238 119.849663 5.203277
v 22.997639 119.696648 0.942651
v 22.997639 119.696648 0.942651
v 25.353889 116.347717 3.291142
v 25.383177 116.238617 -0.654577
v 22.997639 119.696648 0.942651
v 25.552238 119.849663 5.203277
v 25.353889 116.347717 3.291142
v 25.553699 122.922340 -0.849349
v 25.572084 122.905060 2.827007
v 22.997639 119.696648 0.942651
v 3.871094 99.611465 13.551965
v 4.816407 105.314041 14.685184
v 0.472656 106.921822 13.436376
v 16.831505 2.497575 2.516525
v 15.928980 -0.005658 1.760991
v 12.443702 -0.007030 -5.060827
v 12.478795 4.877484 -5.677409
v 12.455487 7.148986 -5.371108
v 16.968224 4.930555 2.499449
v 23.022314 123.143646 2.876378
v 22.984108 119.864960 4.994136
v 25.552238 119.849663 5.203277
v 9.000001 87.419403 6.394682
v 11.187501 88.015610 2.271960
v 6.746095 91.972412 8.935734
v -10.542969 139.410950 3.110165
v -9.023438 137.540436 3.748820
v -11.230469 140.673431 1.864148
v -10.542970 94.019241 1.518131
v -5.226563 92.609070 13.685513
v -4.480469 106.656204 11.990983
v -4.820313 91.898178 10.123176
v 0.468750 89.434860 11.300505
v 0.472656 91.820053 11.533265
v -8.106975 -0.005945 1.759811
v -14.987370 -0.005692 1.760849
v -11.502090 -0.007064 -5.060968
v -5.312227 124.775261 7.583561
v -6.835938 130.396866 8.009125
v -5.312227 124.775261 7.583561
v 0.472656 122.865913 11.520134
v -5.312227 124.775261 7.583561
v -1.968750 125.580978 11.420592
v -24.845787 124.671646 -4.532480
v -22.367682 124.526917 -4.791858
v -23.680954 125.101303 -5.785474
v -24.441135 116.238304 -0.655900
v -22.055599 119.696350 0.941328
v -24.546450 119.434166 -2.843492
v -24.546450 119.434166 -2.843492
v -22.055599 119.696350 0.941328
v -24.611479 122.925934 -0.850666
v -24.630043 122.904747 2.825684
v -22.055599 119.696350 0.941328
v -24.609983 119.853249 5.205865
v -22.055599 119.696350 0.941328
v -24.441135 116.238304 -0.655900
v -24.415754 116.347588 3.289858
v -22.055599 119.696350 0.941328
v -24.415754 116.347588 3.289858
v -24.609983 119.853249 5.205865
v -24.611479 122.925934 -0.850666
v -22.055599 119.696350 0.941328
v -24.630043 122.904747 2.825684
v -2.929688 99.611465 13.551965
v 0.472656 106.921822 13.436376
v -3.875001 105.314041 14.685184
v -16.401424 118.721069 -5.938167
v -16.557968 126.902435 -1.918400
v -11.472185 125.184525 -1.662458
v -7.077791 124.901123 0.083520
v -5.839844 131.567886 -6.819862
v 0.468750 125.379982 -7.170371
v 9.289665 47.836273 8.893957
v 9.570398 45.202431 8.693760
v 14.902769 45.712055 2.694624
v 14.902769 45.712055 2.694624
v 12.020020 44.069893 -4.286162
v 11.948040 46.860531 -3.992083
v 7.015900 43.726830 -4.087297
v 4.677670 44.683193 2.230984
v 6.500120 46.078369 -3.715701
v 11.672278 21.517647 -8.706344
v 7.015900 43.726830 -4.087297
v 12.020020 44.069893 -4.286162
v -13.963085 45.710804 2.696381
v -11.008349 46.859303 -3.994231
v -11.080307 44.068970 -4.289123
v -6.075944 43.729580 -4.086141
v -5.560429 46.077232 -3.714762
v -3.733883 44.684669 2.230748
v -10.732302 21.520618 -8.709089
v -11.080307 44.068970 -4.289123
v -6.075944 43.729580 -4.086141
v 11.484376 94.019241 1.518131
v 18.079472 80.457802 0.771719
v 11.367188 80.313484 -8.480447
vt 0.105469 0.019531
vt 0.029297 -0.015625
vt 0.029297 0.066406
vt 0.105469 0.019531
vt 0.798828 1.003906
vt 0.716797 1.004883
vt 0.713867 0.756836
vt 0.626953 1.002930
vt 0.713867 0.756836
vt 0.995117 0.763672
vt 1.047852 1.008789
vt 0.798828 1.003906
vt 0.400391 1.010742
vt 0.429688 0.766602
vt 0.713867 0.756836
vt 0.626953 1.002930
vt 0.378906 0.613281
vt 0.468750 0.625000
vt 0.371094 0.632812
vt 0.449219 0.703125
vt 0.371094 0.667969
vt 0.371094 0.710938
vt 0.496094 0.656250
vt 0.609375 0.699219
vt 0.480469 0.753906
vt 0.519531 0.855469
vt 0.179688 0.328125
vt 0.195312 0.039062
vt 0.292969 0.554688
vt 0.339844 0.050781
vt 0.277344 0.597656
vt 0.167969 0.390625
vt 0.304688 0.339844
vt 0.292969 0.128906
vt 0.023438 0.507812
vt 0.062500 0.019531
vt 0.140625 0.324219
vt 0.250000 0.015625
vt 0.273438 0.550781
vt 0.148438 0.324219
vt 0.507812 0.597656
vt 0.449219 0.273438
vt 0.523438 0.035156
vt 0.398438 0.031250
vt 0.285156 0.566406
vt 0.367188 0.296875
vt 0.238281 0.015625
vt 0.476562 0.035156
vt 0.570312 0.828125
vt 0.570312 0.882812
vt 0.675781 0.808594
vt 0.675781 0.867188
vt 0.570312 0.882812
vt 0.703125 0.976562
vt 0.675781 0.867188
vt 0.769531 0.859375
vt 0.671875 0.808594
vt 0.940430 0.881836
vt 0.871094 0.959961
vt 0.885742 0.688477
vt 0.940430 0.881836
vt 0.593750 0.136719
vt 0.585938 0.519531
vt 0.496094 0.160156
vt 0.593750 0.136719
vt 0.117188 0.812500
vt 0.156250 0.746094
vt 0.191406 0.902344
vt 0.238281 0.769531
vt 0.769531 0.785156
vt 0.675781 0.769531
vt 0.679688 0.941406
vt 0.593750 0.792969
vt 0.183594 0.179688
vt 0.164062 0.312500
vt 0.273438 0.023438
vt 0.269531 0.542969
vt 0.164062 0.312500
vt 0.902344 0.111328
vt 0.863281 0.059570
vt 0.977539 0.082031
vt 0.902344 0.111328
vt 0.820312 0.028320
vt 0.777344 0.011719
vt 0.868164 0.013672
vt 0.820312 0.028320
vt 0.798828 0.091797
vt 0.777344 0.011719
vt 0.859375 0.086914
vt 0.820312 0.031250
vt 0.863281 0.059570
vt 0.911133 0.167969
vt 0.779297 0.180664
vt 0.902344 0.111328
vt 0.859375 0.086914
vt 0.863281 0.059570
vt 0.970703 0.157227
vt 0.912109 0.224609
vt 0.911133 0.167969
vt 0.891602 0.278320
vt 0.779297 0.180664
vt 0.218750 0.714844
vt 0.308594 0.707031
vt 0.300781 0.875000
vt 0.218750 0.714844
vt 0.261719 0.253906
vt 0.386719 0.347656
vt 0.250000 0.003906
vt 0.375000 0.007812
vt 0.261719 0.011719
vt 0.410156 0.265625
vt 0.265625 0.339844
vt 0.285156 0.671875
vt 0.140625 0.257812
vt 0.371094 0.632812
vt 0.371094 0.667969
vt 0.449219 0.703125
vt 0.371094 0.710938
vt 0.445312 0.832031
vt 0.378906 0.613281
vt 0.371094 0.632812
vt 0.468750 0.625000
vt 0.449219 0.703125
vt 0.496094 0.656250
vt 0.480469 0.753906
vt 0.609375 0.699219
vt 0.519531 0.855469
vt 0.019531 0.507812
vt 0.148438 0.324219
vt 0.062500 0.019531
vt 0.250000 0.015625
vt 0.503906 0.601562
vt 0.523438 0.039062
vt 0.445312 0.277344
vt 0.398438 0.031250
vt 0.398438 0.382812
vt 0.285156 0.636719
vt 0.253906 0.031250
vt 0.367188 0.378906
vt 0.445312 0.035156
vt 0.472656 0.519531
vt 0.578125 0.812500
vt 0.675781 0.808594
vt 0.566406 0.867188
vt 0.671875 0.886719
vt 0.687500 0.976562
vt 0.757812 0.875000
vt 0.117188 0.812500
vt 0.191406 0.902344
vt 0.156250 0.746094
vt 0.238281 0.769531
vt 0.769531 0.785156
vt 0.679688 0.941406
vt 0.675781 0.769531
vt 0.593750 0.792969
vt 0.820312 0.031250
vt 0.859375 0.086914
vt 0.863281 0.059570
vt 0.902344 0.111328
vt 0.779297 0.180664
vt 0.891602 0.278320
vt 0.911133 0.167969
vt 0.912109 0.224609
vt 0.970703 0.157227
vt 0.859375 0.086914
vt 0.779297 0.180664
vt 0.902344 0.111328
vt 0.911133 0.167969
vt 0.798828 0.091797
vt 0.859375 0.086914
vt 0.777344 0.011719
vt 0.820312 0.031250
vt 0.199219 0.003906
vt 0.179688 0.328125
vt 0.335938 0.011719
vt 0.261719 0.324219
vt 0.292969 0.589844
vt 0.179688 0.328125
vt 0.261719 0.324219
vt 0.250000 0.019531
vt 0.394531 0.402344
vt 0.335938 0.019531
vt 0.156250 0.343750
vt 0.261719 0.316406
vt 0.207031 0.011719
vt 0.277344 0.011719
vt 0.441406 0.601562
vt 0.652344 0.554688
vt 0.480469 0.703125
vt 0.371094 0.710938
vt 0.449219 0.703125
vt 0.445312 0.832031
vt 0.300781 0.289062
vt 0.406250 0.230469
vt 0.378906 0.484375
vt 0.449219 0.273438
vt 0.402344 0.378906
vt 0.398438 0.031250
vt 0.367188 0.296875
vt 0.414062 0.511719
vt 0.476562 0.035156
vt 0.909180 0.572266
vt 0.939453 0.366211
vt 0.909180 0.401367
vt 0.599609 0.823242
vt 0.689453 0.978516
vt 0.644531 0.750000
vt 0.740234 0.383789
vt 0.658203 0.682617
vt 0.662109 0.504883
vt 0.289062 0.597656
vt 0.179688 0.195312
vt 0.347656 0.187500
vt 0.705078 0.826172
vt 0.645508 0.748047
vt 0.689453 0.978516
vt 0.922852 0.119141
vt 0.881836 0.061523
vt 0.989258 0.080078
vt 0.044922 0.940430
vt 0.079102 0.920898
vt 0.048828 0.823242
vt 0.167969 0.390625
vt 0.273438 0.023438
vt 0.292969 0.128906
vt 0.261719 0.011719
vt 0.355469 0.003906
vt 0.410156 0.265625
vt 0.167969 0.390625
vt 0.203125 0.046875
vt 0.273438 0.023438
vt 0.386719 0.347656
vt 0.261719 0.253906
vt 0.281250 0.484375
vt 0.406250 0.230469
vt 0.300781 0.289062
vt 0.347656 0.011719
vt 0.515625 0.015625
vt 0.511719 0.304688
vt 0.507812 0.015625
vt 0.050781 1.117188
vt 0.074219 1.105469
vt 0.105469 1.238281
vt 0.437500 0.621094
vt 0.535156 0.714844
vt 0.582031 0.535156
vt 0.156250 0.343750
vt 0.273438 0.582031
vt 0.261719 0.316406
vt 0.463867 0.556641
vt 0.485352 0.347656
vt 0.545898 0.400391
vt 0.909180 0.572266
vt 0.909180 0.401367
vt 0.939453 0.366211
vt 0.599609 0.823242
vt 0.644531 0.750000
vt 0.689453 0.978516
vt 0.740234 0.383789
vt 0.662109 0.504883
vt 0.658203 0.682617
vt 0.289062 0.597656
vt 0.347656 0.187500
vt 0.179688 0.195312
vt 0.164062 0.312500
vt 0.179688 0.187500
vt 0.273438 0.023438
vt 0.705078 0.826172
vt 0.689453 0.978516
vt 0.645508 0.748047
vt 0.679688 0.812500
vt 0.757812 0.875000
vt 0.671875 0.886719
vt 0.922852 0.119141
vt 0.989258 0.080078
vt 0.881836 0.061523
vt 0.044922 0.940430
vt 0.048828 0.823242
vt 0.079102 0.920898
vt 0.261719 0.011719
vt 0.140625 0.257812
vt 0.167969 0.007812
vt 0.117188 0.035156
vt 0.050781 0.058594
vt 0.050781 0.089844
vt 0.394531 0.402344
vt 0.335938 0.648438
vt 0.261719 0.324219
vt 0.140625 0.257812
vt 0.261719 0.011719
vt 0.265625 0.339844
vt 0.050781 1.117188
vt 0.105469 1.238281
vt 0.074219 1.105469
vt 0.029297 0.693359
vt 0.005859 0.740234
vt 0.003906 0.648438
vt 0.029297 0.693359
vt 0.076172 0.593750
vt 0.005859 0.740234
vt 0.005859 0.019531
vt 0.298828 0.019531
vt 0.298828 0.115234
vt 0.005859 0.115234
vt 0.298828 0.218750
vt 0.005859 0.218750
vt 0.298828 0.322266
vt 0.005859 0.322266
vt 0.298828 0.402344
vt 0.005859 0.402344
vt 0.298828 0.019531
vt 0.005859 0.019531
vt 0.005859 0.115234
vt 0.298828 0.115234
vt 0.005859 0.218750
vt 0.298828 0.218750
vt 0.005859 0.322266
vt 0.298828 0.322266
vt 0.005859 0.402344
vt 0.298828 0.402344
vt 0.007812 0.994141
vt 0.074219 0.962891
vt 0.068359 0.976562
vt 0.142578 0.962891
vt 0.101562 0.974609
vt 0.113281 0.986328
vt 0.007812 0.994141
vt 0.007812 0.980469
vt 0.074219 0.962891
vt 0.224609 0.890625
vt 0.142578 0.962891
vt 0.224609 0.953125
vt 0.113281 0.986328
vt 0.216797 0.759766
vt 0.033203 0.746094
vt 0.226562 0.660156
vt 0.126953 0.654297
vt 0.093750 0.605469
vt 0.007812 0.658203
vt 0.013672 0.605469
vt 0.019531 0.564453
vt 0.048828 0.560547
vt 0.013672 0.605469
vt 0.093750 0.605469
vt 0.007812 0.658203
vt 0.126953 0.654297
vt 0.019531 0.710938
vt 0.033203 0.746094
vt 0.226562 0.660156
vt 0.093750 0.605469
vt 0.113281 0.550781
vt 0.087891 0.513672
vt 0.611328 0.011719
vt 0.816406 0.011719
vt 0.816406 0.259766
vt 0.988281 0.011719
vt 0.988281 0.259766
vt 0.578125 0.873047
vt 0.841797 0.521484
vt 0.751953 0.988281
vt 0.945312 0.939453
vt 0.841797 0.521484
vt 0.947266 0.687500
vt 0.945312 0.939453
vt 0.990234 0.800781
vt 0.007812 0.876953
vt 0.224609 0.890625
vt 0.007812 0.933594
vt 0.007812 0.980469
vt 0.007812 0.777344
vt 0.224609 0.890625
vt 0.007812 0.822266
vt 0.007812 0.876953
vt 0.609375 0.500000
vt 0.611328 0.261719
vt 0.638672 0.500000
vt 0.816406 0.500000
vt 0.554688 0.392578
vt 0.554688 0.582031
vt 0.332031 0.228516
vt 0.332031 0.746094
vt 0.554688 0.738281
vt 0.554688 0.740234
vt 0.332031 0.750000
vt 0.554688 0.992188
vt 0.332031 0.992188
vt 0.333984 0.751953
vt 0.554688 0.582031
vt 0.554688 0.738281
vt 0.332031 0.746094
vt 0.332031 0.750000
vt 0.140625 0.988281
vt 0.169922 0.964844
vt 0.126953 0.976562
vt 0.093750 0.980469
vt 0.011719 0.617188
vt 0.005859 0.667969
vt 0.138672 0.625000
vt 0.152344 0.664062
vt 0.224609 0.675781
vt 0.062500 0.753906
vt 0.224609 0.777344
vt 0.009766 0.771484
vt 0.224609 0.863281
vt 0.009766 0.816406
vt 0.009766 0.871094
vt 0.007812 0.572266
vt 0.011719 0.617188
vt 0.076172 0.570312
vt 0.138672 0.625000
vt 0.005859 0.667969
vt 0.017578 0.720703
vt 0.152344 0.664062
vt 0.062500 0.753906
vt 0.093750 0.980469
vt 0.169922 0.964844
vt 0.101562 0.964844
vt 0.224609 0.863281
vt 0.224609 0.675781
vt 0.169922 0.578125
vt 0.138672 0.625000
vt 0.117188 0.525391
vt 0.986328 0.861328
vt 0.812500 0.974609
vt 0.724609 0.509766
vt 0.619141 0.925781
vt 0.574219 0.769531
vt 0.570312 0.886719
vt 0.009766 0.871094
vt 0.009766 0.925781
vt 0.224609 0.863281
vt 0.009766 0.972656
vt 0.101562 0.964844
vt 0.009766 0.984375
vt 0.093750 0.980469
vt 0.996094 0.498047
vt 0.986328 0.498047
vt 0.988281 0.259766
vt 0.816406 0.500000
vt 0.816406 0.259766
vt 0.611328 0.261719
vt 0.611328 0.011719
vt 0.554688 0.992188
vt 0.550781 0.580078
vt 0.333984 0.751953
vt 0.333984 0.742188
vt 0.333984 0.742188
vt 0.550781 0.580078
vt 0.333984 0.230469
vt 0.554688 0.406250
vt 0.332031 0.234375
vt 0.224609 0.890625
vt 0.007812 0.777344
vt 0.033203 0.746094
vt 0.216797 0.759766
vt 0.144531 0.505859
vt 0.162109 0.517578
vt 0.058594 0.544922
vt 0.039062 0.531250
vt 0.218750 0.982422
vt 0.230469 0.957031
vt 0.199219 0.958984
vt 0.146484 0.982422
vt 0.220703 0.859375
vt 0.236328 0.845703
vt 0.216797 0.841797
vt 0.220703 0.859375
vt 0.216797 0.841797
vt 0.234375 0.845703
vt 0.169922 0.964844
vt 0.230469 0.957031
vt 0.224609 0.863281
vt 0.146484 0.982422
vt 0.171875 0.986328
vt 0.218750 0.982422
vt 0.253906 0.113281
vt 0.607422 0.171875
vt 0.589844 0.214844
vt 0.253906 0.207031
vt 0.607422 0.171875
vt 0.253906 0.113281
vt 0.263672 0.193359
vt 0.466797 0.226562
vt 0.707031 0.201172
vt 0.476562 0.148438
vt 0.822266 0.142578
vt 0.652344 0.103516
vt 0.507812 0.373047
vt 0.564453 0.451172
vt 0.517578 0.462891
vt 0.470703 0.392578
vt 0.564453 0.451172
vt 0.507812 0.373047
vt 0.279297 0.960938
vt 0.283203 0.996094
vt 0.246094 0.990234
vt 0.257812 0.958984
vt 0.250000 0.964844
vt 0.257812 0.951172
vt 0.283203 0.966797
vt 0.279297 0.955078
vt 0.283203 0.996094
vt 0.279297 0.960938
vt 0.238281 0.988281
vt 0.353516 0.988281
vt 0.353516 0.750000
vt 0.261719 0.812500
vt 0.324219 0.619141
vt 0.279297 0.619141
vt 0.353516 0.496094
vt 0.261719 0.429688
vt 0.353516 0.257812
vt 0.238281 0.257812
vt 0.238281 0.914062
vt 0.228516 0.910156
vt 0.207031 0.900391
vt 0.208984 0.923828
vt 0.207031 0.916016
vt 0.210938 0.951172
vt 0.474609 0.193359
vt 0.662109 0.267578
vt 0.507812 0.373047
vt 0.425781 0.271484
vt 0.470703 0.392578
vt 0.410156 0.326172
vt 0.507812 0.373047
vt 0.425781 0.271484
vt 0.662109 0.265625
vt 0.474609 0.193359
vt 0.078125 0.740234
vt 0.070312 0.738281
vt 0.060547 0.734375
vt 0.062500 0.732422
vt 0.052734 0.732422
vt 0.052734 0.730469
vt 0.060547 0.734375
vt 0.062500 0.732422
vt 0.070312 0.738281
vt 0.078125 0.740234
vt 0.283203 0.996094
vt 0.302734 0.945312
vt 0.320312 0.945312
vt 0.328125 0.998047
vt 0.322266 0.941406
vt 0.328125 0.968750
vt 0.298828 0.941406
vt 0.283203 0.966797
vt 0.302734 0.945312
vt 0.283203 0.996094
vt 0.333984 0.919922
vt 0.328125 0.968750
vt 0.373047 0.968750
vt 0.355469 0.917969
vt 0.373047 0.996094
vt 0.355469 0.917969
vt 0.328125 0.998047
vt 0.335938 0.919922
vt 0.328125 0.968750
vt 0.333984 0.919922
vt 0.390625 0.912109
vt 0.396484 0.962891
vt 0.408203 0.982422
vt 0.390625 0.910156
vt 0.373047 0.996094
vt 0.375000 0.912109
vt 0.373047 0.968750
vt 0.371094 0.914062
vt 0.396484 0.962891
vt 0.390625 0.912109
vt 0.515625 0.257812
vt 0.353516 0.257812
vt 0.394531 0.496094
vt 0.515625 0.496094
vt 0.408203 0.619141
vt 0.515625 0.619141
vt 0.394531 0.750000
vt 0.515625 0.804688
vt 0.353516 0.988281
vt 0.515625 0.988281
vt 0.351562 0.869141
vt 0.355469 0.828125
vt 0.380859 0.824219
vt 0.392578 0.865234
vt 0.378906 0.816406
vt 0.388672 0.832031
vt 0.355469 0.820312
vt 0.351562 0.835938
vt 0.355469 0.828125
vt 0.351562 0.869141
vt 0.353516 0.988281
vt 0.238281 0.988281
vt 0.261719 0.812500
vt 0.353516 0.750000
vt 0.279297 0.619141
vt 0.324219 0.619141
vt 0.261719 0.429688
vt 0.353516 0.496094
vt 0.238281 0.257812
vt 0.353516 0.257812
vt 0.400391 0.822266
vt 0.412109 0.765625
vt 0.435547 0.773438
vt 0.431641 0.816406
vt 0.435547 0.753906
vt 0.433594 0.783203
vt 0.412109 0.765625
vt 0.402344 0.767578
vt 0.332031 0.808594
vt 0.351562 0.869141
vt 0.302734 0.873047
vt 0.310547 0.808594
vt 0.302734 0.837891
vt 0.310547 0.802734
vt 0.351562 0.835938
vt 0.333984 0.802734
vt 0.351562 0.869141
vt 0.332031 0.808594
vt 0.302734 0.837891
vt 0.296875 0.775391
vt 0.273438 0.773438
vt 0.253906 0.835938
vt 0.273438 0.773438
vt 0.253906 0.871094
vt 0.294922 0.775391
vt 0.302734 0.873047
vt 0.296875 0.775391
vt 0.302734 0.837891
vt 0.226562 0.830078
vt 0.236328 0.767578
vt 0.236328 0.765625
vt 0.216797 0.853516
vt 0.253906 0.765625
vt 0.253906 0.871094
vt 0.255859 0.769531
vt 0.253906 0.835938
vt 0.236328 0.767578
vt 0.226562 0.830078
vt 0.353516 0.257812
vt 0.515625 0.257812
vt 0.515625 0.496094
vt 0.394531 0.496094
vt 0.515625 0.619141
vt 0.408203 0.619141
vt 0.515625 0.804688
vt 0.394531 0.750000
vt 0.515625 0.988281
vt 0.353516 0.988281
vt 0.912109 0.875000
vt 0.716797 0.937500
vt 0.730469 0.697266
vt 0.625000 0.810547
vt 0.626953 0.623047
vt 0.912109 0.875000
vt 0.730469 0.697266
vt 0.953125 0.613281
vt 0.855469 0.447266
vt 0.626953 0.623047
vt 0.664062 0.400391
vt 0.730469 0.697266
vt 0.855469 0.447266
vt 0.052734 0.732422
vt 0.060547 0.734375
vt 0.052734 0.732422
vt 0.052734 0.734375
vt 0.060547 0.734375
vt 0.945312 0.296875
vt 0.947266 0.296875
vt 0.943359 0.294922
vt 0.947266 0.294922
vt 0.941406 0.294922
vt 0.623047 0.126953
vt 0.607422 0.171875
vt 0.572266 0.083984
vt 0.253906 0.113281
vt 0.250000 0.066406
vt 0.324219 0.619141
vt 0.353516 0.750000
vt 0.394531 0.750000
vt 0.353516 0.988281
vt 0.210938 0.951172
vt 0.207031 0.916016
vt 0.240234 0.957031
vt 0.228516 0.910156
vt 0.238281 0.914062
vt 0.941406 0.302734
vt 0.933594 0.296875
vt 0.939453 0.294922
vt 0.929688 0.292969
vt 0.933594 0.296875
vt 0.927734 0.328125
vt 0.949219 0.330078
vt 0.929688 0.345703
vt 0.949219 0.349609
vt 0.074219 0.751953
vt 0.074219 0.755859
vt 0.070312 0.750000
vt 0.070312 0.755859
vt 0.054688 0.734375
vt 0.050781 0.738281
vt 0.035156 0.734375
vt 0.054688 0.734375
vt 0.353516 0.257812
vt 0.353516 0.496094
vt 0.394531 0.496094
vt 0.324219 0.619141
vt 0.408203 0.619141
vt 0.394531 0.750000
vt 0.078125 0.738281
vt 0.050781 0.738281
vt 0.074219 0.736328
vt 0.054688 0.734375
vt 0.943359 0.306641
vt 0.941406 0.304688
vt 0.949219 0.300781
vt 0.941406 0.302734
vt 0.947266 0.298828
vt 0.939453 0.294922
vt 0.625000 0.810547
vt 0.716797 0.937500
vt 0.730469 0.697266
vt 0.912109 0.875000
vt 0.953125 0.613281
vt 0.953125 0.613281
vt 0.855469 0.447266
vt 0.730469 0.697266
vt 0.664062 0.400391
vt 0.626953 0.623047
vt 0.250000 0.066406
vt 0.253906 0.113281
vt 0.572266 0.083984
vt 0.607422 0.171875
vt 0.623047 0.126953
vt 0.945312 0.296875
vt 0.943359 0.294922
vt 0.947266 0.296875
vt 0.947266 0.294922
vt 0.394531 0.496094
vt 0.408203 0.619141
vt 0.324219 0.619141
vt 0.394531 0.750000
vt 0.353516 0.750000
vt 0.353516 0.988281
vt 0.933594 0.296875
vt 0.941406 0.302734
vt 0.939453 0.294922
vt 0.947266 0.298828
vt 0.054688 0.734375
vt 0.050781 0.738281
vt 0.074219 0.736328
vt 0.078125 0.738281
vt 0.949219 0.349609
vt 0.949219 0.330078
vt 0.929688 0.345703
vt 0.927734 0.328125
vt 0.662109 0.103516
vt 0.832031 0.144531
vt 0.480469 0.146484
vt 0.710938 0.205078
vt 0.070312 0.755859
vt 0.074219 0.755859
vt 0.070312 0.750000
vt 0.074219 0.751953
vt 0.947266 0.298828
vt 0.941406 0.302734
vt 0.949219 0.300781
vt 0.941406 0.304688
vt 0.943359 0.306641
vt 0.353516 0.257812
vt 0.394531 0.496094
vt 0.353516 0.496094
vt 0.324219 0.619141
vt 0.947266 0.294922
vt 0.943359 0.294922
vt 0.941406 0.294922
vt 0.941406 0.294922
vt 0.279297 0.960938
vt 0.257812 0.958984
vt 0.257812 0.951172
vt 0.279297 0.955078
vt 0.320312 0.945312
vt 0.302734 0.945312
vt 0.298828 0.941406
vt 0.322266 0.941406
vt 0.355469 0.917969
vt 0.335938 0.919922
vt 0.333984 0.919922
vt 0.355469 0.917969
vt 0.390625 0.910156
vt 0.375000 0.912109
vt 0.371094 0.914062
vt 0.390625 0.912109
vt 0.710938 0.205078
vt 0.466797 0.226562
vt 0.261719 0.189453
vt 0.480469 0.146484
vt 0.378906 0.816406
vt 0.380859 0.824219
vt 0.355469 0.828125
vt 0.355469 0.820312
vt 0.333984 0.802734
vt 0.332031 0.808594
vt 0.310547 0.808594
vt 0.310547 0.802734
vt 0.296875 0.775391
vt 0.294922 0.775391
vt 0.273438 0.773438
vt 0.273438 0.773438
vt 0.255859 0.769531
vt 0.253906 0.765625
vt 0.236328 0.765625
vt 0.236328 0.767578
vt 0.060547 0.734375
vt 0.070312 0.738281
vt 0.066406 0.740234
vt 0.466797 0.226562
vt 0.529297 0.353516
vt 0.707031 0.201172
vt 0.207031 0.916016
vt 0.207031 0.900391
vt 0.228516 0.910156
vt 0.941406 0.294922
vt 0.941406 0.294922
vt 0.943359 0.294922
vt 0.060547 0.734375
vt 0.066406 0.740234
vt 0.070312 0.738281
vt 0.052734 0.732422
vt 0.060547 0.734375
vt 0.052734 0.732422
vt 0.466797 0.226562
vt 0.710938 0.205078
vt 0.525391 0.359375
vt 0.625000 0.810547
vt 0.730469 0.697266
vt 0.626953 0.623047
vt 0.402344 0.767578
vt 0.412109 0.765625
vt 0.400391 0.822266
vt 0.435547 0.773438
vt 0.412109 0.765625
vt 0.435547 0.753906
vt 0.060547 0.309570
vt 0.049805 0.312500
vt 0.060547 0.341797
vt 0.049805 0.338379
vt 0.049805 0.338379
vt 0.049805 0.312500
vt 0.060547 0.341797
vt 0.060547 0.309570
vt 0.049805 0.312500
vt 0.010254 0.325195
vt 0.049805 0.338379
vt 0.399414 0.307617
vt 0.475098 0.388184
vt 0.399414 0.442383
vt 0.049805 0.312500
vt 0.049805 0.338379
vt 0.010254 0.325195
vt 0.399414 0.307617
vt 0.399414 0.442383
vt 0.475098 0.388184
vt 0.647949 0.391602
vt 0.625977 0.085938
vt 0.794434 0.085938
vt 0.806641 0.391602
vt 0.903320 0.085938
vt 0.858887 0.385742
vt 0.997070 0.085938
vt 0.997070 0.379395
vt 0.903320 0.085938
vt 0.858887 0.385742
vt 0.794434 0.085938
vt 0.806641 0.391602
vt 0.625977 0.085938
vt 0.647949 0.391602
vt 0.125977 0.698242
vt 0.099609 0.706055
vt 0.100098 0.554199
vt 0.148438 0.537109
vt 0.098633 0.510742
vt 0.150391 0.510742
vt 0.182129 0.705566
vt 0.171387 0.699219
vt 0.148438 0.537109
vt 0.182129 0.546875
vt 0.150391 0.510742
vt 0.182129 0.510742
vt 0.003906 0.899414
vt 0.002930 0.705566
vt 0.059570 0.717773
vt 0.052246 0.871582
vt 0.099609 0.706055
vt 0.103027 0.880859
vt 0.124023 0.711426
vt 0.119629 0.872559
vt 0.173828 0.710449
vt 0.165527 0.864746
vt 0.182129 0.705566
vt 0.182129 0.875000
vt 0.117188 0.353027
vt 0.115234 0.374512
vt 0.173340 0.371094
vt 0.173340 0.341309
vt 0.254395 0.352051
vt 0.252930 0.327148
vt 0.173340 0.371094
vt 0.173340 0.341309
vt 0.116699 0.374023
vt 0.114258 0.345215
vt 0.170898 0.446289
vt 0.170898 0.475098
vt 0.117676 0.502930
vt 0.117676 0.471680
vt 0.000000 0.487305
vt 0.001953 0.460938
vt 0.117676 0.502930
vt 0.117676 0.471680
vt 0.170898 0.475098
vt 0.170898 0.446289
vt 0.258301 0.502930
vt 0.259277 0.456543
vt 0.177734 0.502930
vt 0.170898 0.475098
vt 0.098633 0.510742
vt 0.100098 0.554199
vt 0.059570 0.559570
vt 0.059570 0.510742
vt 0.002930 0.546875
vt 0.002930 0.510742
vt 0.115234 0.374512
vt 0.117188 0.353027
vt 0.173340 0.341309
vt 0.173340 0.371094
vt 0.252930 0.327148
vt 0.254395 0.352051
vt 0.173340 0.341309
vt 0.173340 0.371094
vt 0.114258 0.345215
vt 0.116699 0.374023
vt 0.170898 0.475098
vt 0.170898 0.446289
vt 0.117676 0.471680
vt 0.117676 0.502930
vt 0.001953 0.460938
vt 0.000000 0.487305
vt 0.117676 0.471680
vt 0.117676 0.502930
vt 0.170898 0.446289
vt 0.170898 0.475098
vt 0.258301 0.428711
vt 0.259277 0.456543
vt 0.002930 0.510742
vt 0.002930 0.546875
vt 0.059570 0.559570
vt 0.059570 0.510742
vt 0.100098 0.554199
vt 0.098633 0.510742
vt 0.148438 0.537109
vt 0.150391 0.510742
vt 0.182129 0.546875
vt 0.182129 0.510742
vt 0.170898 0.475098
vt 0.177734 0.502930
vt 0.258301 0.502930
vt 0.259277 0.456543
vt 0.177734 0.502930
vt 0.170898 0.475098
vt 0.002930 0.705566
vt 0.003906 0.899414
vt 0.052246 0.871582
vt 0.059570 0.717773
vt 0.103027 0.880859
vt 0.099609 0.706055
vt 0.119629 0.872559
vt 0.124023 0.711426
vt 0.165527 0.864746
vt 0.173828 0.710449
vt 0.182129 0.875000
vt 0.182129 0.705566
vt 0.493164 0.260254
vt 0.488281 0.254883
vt 0.489746 0.258301
vt 0.487305 0.254883
vt 0.741211 0.985352
vt 0.627441 0.999023
vt 0.750977 0.968262
vt 0.633789 0.967773
vt 0.796387 0.823242
vt 0.619141 0.687988
vt 0.813477 0.681152
vt 0.842773 0.529297
vt 0.997070 0.529297
vt 0.858887 0.385742
vt 0.997070 0.379395
vt 0.633789 0.967773
vt 0.528320 0.696289
vt 0.619141 0.687988
vt 0.575684 0.600586
vt 0.630371 0.502441
vt 0.013184 0.208008
vt 0.013184 0.251953
vt 0.071289 0.208008
vt 0.070312 0.251953
vt 0.144043 0.251953
vt 0.078613 0.272461
vt 0.144043 0.272461
vt 0.341309 0.272461
vt 0.436523 0.272461
vt 0.338867 0.251953
vt 0.434570 0.251953
vt 0.431152 0.190918
vt 0.500488 0.208008
vt 0.500488 0.096191
vt 0.377930 0.008301
vt 0.277344 0.008301
vt 0.377930 0.078613
vt 0.280273 0.078613
vt 0.911621 0.987305
vt 0.997070 0.908203
vt 0.997070 0.977539
vt 0.911621 0.987305
vt 0.140625 0.078613
vt 0.277344 0.078613
vt 0.277344 0.008301
vt 0.329102 0.008301
vt 0.796387 0.823242
vt 0.813477 0.681152
vt 0.826172 0.806152
vt 0.997070 0.689941
vt 0.997070 0.908203
vt 0.826172 0.806152
vt 0.828125 0.882812
vt 0.813477 0.681152
vt 0.997070 0.529297
vt 0.997070 0.689941
vt 0.813477 0.681152
vt 0.826172 0.806152
vt 0.798340 0.823242
vt 0.277344 0.272461
vt 0.341309 0.272461
vt 0.277344 0.251953
vt 0.338867 0.251953
vt 0.333008 0.173828
vt 0.431152 0.190918
vt 0.425293 0.096191
vt 0.500488 0.096191
vt 0.436523 0.272461
vt 0.500488 0.272461
vt 0.434570 0.251953
vt 0.500488 0.251953
vt 0.500488 0.208008
vt 0.647949 0.391602
vt 0.806641 0.391602
vt 0.630371 0.502441
vt 0.842773 0.529297
vt 0.619141 0.687988
vt 0.100098 0.554199
vt 0.099609 0.706055
vt 0.059570 0.695801
vt 0.059570 0.706543
vt 0.002930 0.705566
vt 0.059570 0.717773
vt 0.002930 0.705566
vt 0.002930 0.546875
vt 0.059570 0.695801
vt 0.059570 0.559570
vt 0.100098 0.554199
vt 0.004883 0.922363
vt 0.003906 0.899414
vt 0.031738 0.917480
vt 0.052246 0.871582
vt 0.148926 0.872070
vt 0.182129 0.875000
vt 0.182129 0.883301
vt 0.148926 0.872070
vt 0.179688 0.892090
vt 0.004883 0.996582
vt 0.004883 0.955078
vt 0.034668 0.993652
vt 0.030273 0.934082
vt 0.042480 0.962402
vt 0.103027 0.895508
vt 0.121094 0.886230
vt 0.107422 0.958496
vt 0.148438 0.920410
vt 0.147949 0.953613
vt 0.179688 0.892090
vt 0.148438 0.920410
vt 0.148926 0.872070
vt 0.121094 0.886230
vt 0.119629 0.872559
vt 0.103027 0.880859
vt 0.060547 0.341797
vt 0.083496 0.346191
vt 0.060547 0.309570
vt 0.083496 0.304688
vt 0.115234 0.374512
vt 0.170898 0.446289
vt 0.173340 0.371094
vt 0.258301 0.428711
vt 0.254395 0.352051
vt 0.173340 0.371094
vt 0.119141 0.369141
vt 0.173340 0.371094
vt 0.170898 0.446289
vt 0.258301 0.428711
vt 0.078613 0.272461
vt 0.070312 0.251953
vt 0.013184 0.272461
vt 0.013184 0.251953
vt 0.013184 0.096191
vt 0.013184 0.208008
vt 0.080566 0.096191
vt 0.071289 0.208008
vt 0.139160 0.177734
vt 0.144043 0.251953
vt 0.277344 0.251953
vt 0.144043 0.272461
vt 0.277344 0.272461
vt 0.080566 0.096191
vt 0.139160 0.177734
vt 0.140625 0.096191
vt 0.277344 0.096191
vt 0.425293 0.096191
vt 0.328613 0.096191
vt 0.333008 0.173828
vt 0.277344 0.173828
vt 0.277344 0.251953
vt 0.139160 0.177734
vt 0.139160 0.177734
vt 0.277344 0.173828
vt 0.277344 0.096191
vt 0.328613 0.096191
vt 0.277344 0.078613
vt 0.328613 0.078613
vt 0.329102 0.008301
vt 0.277344 0.008301
vt 0.162109 0.008301
vt 0.140625 0.078613
vt 0.146484 0.008301
vt 0.277344 0.008301
vt 0.099121 0.008301
vt 0.099121 0.078613
vt 0.162109 0.008301
vt 0.166992 0.078613
vt 0.140625 0.078613
vt 0.834473 1.010254
vt 0.838867 0.967773
vt 0.907715 1.041992
vt 0.911621 0.987305
vt 0.620117 1.022461
vt 0.526855 0.997070
vt 0.627441 0.999023
vt 0.528320 0.972656
vt 0.633789 0.967773
vt 0.528320 0.923340
vt 0.528320 0.696289
vt 0.775879 0.981445
vt 0.775879 0.965332
vt 0.876953 0.985840
vt 0.876953 0.966797
vt 0.876953 0.966797
vt 0.775879 0.965332
vt 0.876953 0.951172
vt 0.775879 0.930176
vt 0.876953 0.931641
vt 0.876953 0.951172
vt 0.493164 0.260254
vt 0.479492 0.262207
vt 0.493164 0.260254
vt 0.476074 0.262695
vt 0.488281 0.254883
vt 0.476074 0.261230
vt 0.471680 0.255859
vt 0.794434 0.085938
vt 0.747070 0.085938
vt 0.794434 0.011719
vt 0.744141 0.010742
vt 0.680176 0.011719
vt 0.895020 0.006836
vt 0.697266 0.085938
vt 0.903320 0.085938
vt 0.418457 0.366699
vt 0.457520 0.368652
vt 0.433594 0.333496
vt 0.418457 0.366699
vt 0.278809 0.077637
vt 0.278809 0.010254
vt 0.416016 0.077637
vt 0.416016 0.010254
vt 0.457520 0.043945
vt 0.275391 0.502441
vt 0.278809 0.500000
vt 0.227539 0.517090
vt 0.228027 0.574707
vt 0.218262 0.737793
vt 0.292480 0.769043
vt 0.234863 0.785645
vt 0.242676 0.825195
vt 0.170898 0.446289
vt 0.119141 0.369141
vt 0.117676 0.471680
vt 0.001953 0.460938
vt 0.001953 0.460938
vt 0.119141 0.369141
vt 0.117676 0.471680
vt 0.170898 0.446289
vt 0.826172 0.806152
vt 0.997070 0.908203
vt 0.828125 0.882812
vt 0.911621 0.987305
vt 0.838867 0.967773
vt 0.278809 0.500000
vt 0.278320 0.500977
vt 0.228027 0.574707
vt 0.277344 0.576660
vt 0.218262 0.737793
vt 0.265137 0.721680
vt 0.292480 0.769043
vt 0.246582 0.946289
vt 0.278809 0.899414
vt 0.275879 0.995117
vt 0.329590 0.912598
vt 0.292480 0.769043
vt 0.295410 0.814453
vt 0.242676 0.825195
vt 0.331055 0.868164
vt 0.278809 0.899414
vt 0.329590 0.912598
vt 0.042480 0.962402
vt 0.066406 0.953613
vt 0.034668 0.993652
vt 0.060547 0.958496
vt 0.004395 0.949219
vt 0.004883 0.922363
vt 0.029785 0.934570
vt 0.031738 0.917480
vt 0.053223 0.907227
vt 0.052246 0.871582
vt 0.103027 0.895508
vt 0.103027 0.880859
vt 0.121094 0.886230
vt 0.119629 0.872559
vt 0.148926 0.872070
vt 0.165527 0.864746
vt 0.182129 0.875000
vt 0.488281 0.249023
vt 0.487305 0.251465
vt 0.488281 0.254883
vt 0.487305 0.254883
vt 0.741211 0.985352
vt 0.750977 0.968262
vt 0.627441 0.999023
vt 0.633789 0.967773
vt 0.528320 0.972656
vt 0.413086 0.695312
vt 0.528320 0.699219
vt 0.401367 0.968750
vt 0.528320 0.923828
vt 0.528320 0.972656
vt 0.277344 0.272461
vt 0.144043 0.272461
vt 0.277344 0.251953
vt 0.144043 0.251953
vt 0.139160 0.177734
vt 0.071289 0.208008
vt 0.080566 0.096191
vt 0.341309 0.272461
vt 0.338867 0.251953
vt 0.436523 0.272461
vt 0.434570 0.251953
vt 0.500488 0.272461
vt 0.500488 0.251953
vt 0.144043 0.272461
vt 0.078613 0.272461
vt 0.144043 0.251953
vt 0.070312 0.251953
vt 0.071289 0.208008
vt 0.377930 0.008301
vt 0.377930 0.078613
vt 0.277344 0.008301
vt 0.280273 0.078613
vt 0.328613 0.078613
vt 0.333008 0.173828
vt 0.431152 0.190918
vt 0.338867 0.251953
vt 0.434570 0.251953
vt 0.140625 0.078613
vt 0.277344 0.008301
vt 0.277344 0.078613
vt 0.328613 0.078613
vt 0.544434 0.683594
vt 0.619141 0.687988
vt 0.618652 0.687012
vt 0.680664 0.547363
vt 0.997070 0.529297
vt 0.842773 0.529297
vt 0.813477 0.681152
vt 0.619141 0.687988
vt 0.798340 0.823242
vt 0.633789 0.967773
vt 0.750977 0.968262
vt 0.647949 0.391602
vt 0.680664 0.547363
vt 0.806641 0.391602
vt 0.842773 0.529297
vt 0.858887 0.385742
vt 0.997070 0.529297
vt 0.997070 0.379395
vt 0.100098 0.554199
vt 0.059570 0.695801
vt 0.099609 0.706055
vt 0.059570 0.706543
vt 0.059570 0.717773
vt 0.002930 0.705566
vt 0.173340 0.371094
vt 0.254395 0.352051
vt 0.258301 0.428711
vt 0.173340 0.371094
vt 0.170898 0.446289
vt 0.119141 0.369141
vt 0.117676 0.471680
vt 0.001953 0.460938
vt 0.060547 0.341797
vt 0.060547 0.309570
vt 0.083496 0.346191
vt 0.083496 0.304688
vt 0.141602 0.325195
vt 0.115234 0.374512
vt 0.173340 0.371094
vt 0.170898 0.446289
vt 0.258301 0.428711
vt 0.013184 0.096191
vt 0.080566 0.096191
vt 0.013184 0.208008
vt 0.071289 0.208008
vt 0.013184 0.251953
vt 0.070312 0.251953
vt 0.013184 0.272461
vt 0.078613 0.272461
vt 0.080566 0.096191
vt 0.140625 0.096191
vt 0.139160 0.177734
vt 0.277344 0.096191
vt 0.277344 0.173828
vt 0.333008 0.173828
vt 0.277344 0.251953
vt 0.338867 0.251953
vt 0.277344 0.272461
vt 0.341309 0.272461
vt 0.277344 0.008301
vt 0.329102 0.008301
vt 0.328613 0.078613
vt 0.277344 0.008301
vt 0.166992 0.078613
vt 0.162109 0.008301
vt 0.140625 0.078613
vt 0.146484 0.008301
vt 0.277344 0.008301
vt 0.099121 0.008301
vt 0.162109 0.008301
vt 0.099121 0.078613
vt 0.166992 0.078613
vt 0.834473 1.010254
vt 0.907715 1.041992
vt 0.838867 0.967773
vt 0.911621 0.987305
vt 0.828125 0.882812
vt 0.997070 0.908203
vt 0.620117 1.022461
vt 0.627441 0.999023
vt 0.526855 0.997070
vt 0.528320 0.972656
vt 0.775879 0.981445
vt 0.876953 0.985840
vt 0.775879 0.965332
vt 0.876953 0.966797
vt 0.876953 0.951172
vt 0.471680 0.255859
vt 0.471191 0.249512
vt 0.488281 0.254883
vt 0.470215 0.248535
vt 0.488281 0.249023
vt 0.473633 0.248535
vt 0.488770 0.249023
vt 0.794434 0.085938
vt 0.794434 0.011719
vt 0.747070 0.085938
vt 0.744141 0.010742
vt 0.903320 0.085938
vt 0.878418 0.007324
vt 0.697266 0.085938
vt 0.680176 0.011719
vt 0.278809 0.077637
vt 0.416016 0.077637
vt 0.278809 0.010254
vt 0.416016 0.010254
vt 0.279297 0.500977
vt 0.227539 0.517578
vt 0.277344 0.500977
vt 0.229492 0.573242
vt 0.278320 0.498047
vt 0.276855 0.577148
vt 0.292480 0.768555
vt 0.265625 0.722168
vt 0.217773 0.737305
vt 0.276855 0.577148
vt 0.229492 0.573242
vt 0.277832 0.900391
vt 0.331543 0.869141
vt 0.243164 0.826172
vt 0.293457 0.813965
vt 0.292480 0.768555
vt 0.029785 0.934570
vt 0.053223 0.907227
vt 0.031738 0.917480
vt 0.052246 0.871582
vt 0.059570 0.706543
vt 0.059570 0.695801
vt 0.002930 0.705566
vt 0.002930 0.546875
vt 0.100098 0.554199
vt 0.059570 0.559570
vt 0.059570 0.695801
vt 0.002930 0.546875
vt 0.258301 0.428711
vt 0.170898 0.446289
vt 0.259277 0.456543
vt 0.170898 0.475098
vt 0.170898 0.446289
vt 0.117676 0.471680
vt 0.119141 0.369141
vt 0.001953 0.460938
vt 0.052246 0.871582
vt 0.053223 0.907227
vt 0.103027 0.895508
vt 0.066406 0.953613
vt 0.107422 0.958496
vt 0.277344 0.096191
vt 0.328613 0.096191
vt 0.333008 0.173828
vt 0.425293 0.096191
vt 0.431152 0.190918
vt 0.500488 0.096191
vt 0.500488 0.208008
vt 0.431152 0.190918
vt 0.500488 0.208008
vt 0.434570 0.251953
vt 0.500488 0.251953
vt 0.243164 0.826172
vt 0.292480 0.768555
vt 0.235352 0.785156
vt 0.217773 0.737305
vt 0.247070 0.946289
vt 0.277832 0.995117
vt 0.277832 0.900391
vt 0.329102 0.912598
vt 0.331543 0.869141
vt 0.004883 0.950195
vt 0.029785 0.934570
vt 0.004883 0.922363
vt 0.031738 0.917480
vt 0.003906 0.899414
vt 0.052246 0.871582
vt 0.121094 0.886230
vt 0.148926 0.872070
vt 0.148438 0.920410
vt 0.179688 0.892090
vt 0.147949 0.953613
vt 0.148438 0.920410
vt 0.107422 0.958496
vt 0.121094 0.886230
vt 0.103027 0.895508
vt 0.103027 0.880859
vt 0.052246 0.871582
vt 0.119629 0.872559
vt 0.148926 0.872070
vt 0.165527 0.864746
vt 0.182129 0.875000
vt 0.997070 0.002441
vt 0.997070 0.085938
vt 0.899414 0.006836
vt 0.903320 0.085938
vt 0.997070 0.085938
vt 0.997070 0.002441
vt 0.903320 0.085938
vt 0.891113 0.007324
vt 0.258301 0.428711
vt 0.259277 0.456543
vt 0.170898 0.475098
vt 0.170898 0.446289
vt 0.125977 0.698242
vt 0.171387 0.699219
vt 0.173828 0.710449
vt 0.124023 0.711426
vt 0.100098 0.554199
vt 0.099609 0.706055
vt 0.125977 0.698242
vt 0.148438 0.537109
vt 0.182129 0.546875
vt 0.148438 0.537109
vt 0.171387 0.699219
vt 0.182129 0.705566
vt 0.173828 0.710449
vt 0.171387 0.699219
vt 0.125977 0.698242
vt 0.124023 0.711426
vt 0.059570 0.958984
vt 0.045898 0.958008
vt 0.032715 0.997070
vt 0.148926 0.872070
vt 0.182129 0.883301
vt 0.179688 0.892090
vt 0.141602 0.325195
vt 0.083496 0.304688
vt 0.083496 0.346191
vt 0.775879 0.989258
vt 0.775879 0.984375
vt 0.876953 0.989258
vt 0.432617 0.401855
vt 0.405273 0.402344
vt 0.406250 0.426758
vt 0.486328 0.253418
vt 0.475098 0.248535
vt 0.475586 0.258789
vt 0.475098 0.248535
vt 0.476074 0.259766
vt 0.486328 0.253418
vt 0.475098 0.248535
vt 0.477051 0.261230
vt 0.486328 0.253418
vt 0.486328 0.253418
vt 0.475098 0.248535
vt 0.475586 0.258789
vt 0.486328 0.253418
vt 0.476074 0.245605
vt 0.475586 0.258789
vt 0.475098 0.248535
vt 0.475586 0.258789
vt 0.486328 0.253418
vt 0.170898 0.475098
vt 0.177734 0.502930
vt 0.258301 0.502930
vt 0.259277 0.456543
vt 0.258301 0.428711
vt 0.170898 0.446289
vt 0.328613 0.078613
vt 0.280273 0.078613
vt 0.277344 0.008301
vt 0.066406 0.953613
vt 0.107422 0.958496
vt 0.060547 0.958496
vt 0.059570 0.958984
vt 0.034180 0.995117
vt 0.045898 0.958008
vt 0.842773 0.529297
vt 0.680664 0.547363
vt 0.619141 0.687988
vt 0.034668 0.993652
vt 0.003418 0.954102
vt 0.004883 0.996582
vt 0.775879 0.989258
vt 0.876953 0.989258
vt 0.775879 0.984375
vt 0.432617 0.401855
vt 0.406250 0.426758
vt 0.405273 0.402344
vt 0.416016 0.010254
vt 0.416016 0.077637
vt 0.457520 0.043945
vt 0.491699 0.256348
vt 0.477539 0.262207
vt 0.477051 0.250488
vt 0.477051 0.250488
vt 0.491699 0.256348
vt 0.478027 0.263672
vt 0.477051 0.250488
vt 0.491699 0.256348
vt 0.479980 0.265137
vt 0.491699 0.256348
vt 0.477539 0.262207
vt 0.477051 0.250488
vt 0.491699 0.256348
vt 0.477539 0.262207
vt 0.478516 0.247559
vt 0.477051 0.250488
vt 0.491699 0.256348
vt 0.477539 0.262207
vt 0.139160 0.177734
vt 0.277344 0.173828
vt 0.277344 0.251953
vt 0.775879 0.965332
vt 0.876953 0.951172
vt 0.775879 0.930176
vt 0.059570 0.717773
vt 0.059570 0.706543
vt 0.099609 0.706055
vt 0.099609 0.706055
vt 0.125977 0.698242
vt 0.124023 0.711426
vt 0.171387 0.699219
vt 0.182129 0.705566
vt 0.173828 0.710449
vt 0.148438 0.537109
vt 0.171387 0.699219
vt 0.125977 0.698242
vt 0.099609 0.706055
vt 0.124023 0.711426
vt 0.125977 0.698242
vt 0.171387 0.699219
vt 0.173828 0.710449
vt 0.182129 0.705566
vt 0.148438 0.537109
vt 0.125977 0.698242
vt 0.171387 0.699219
vt 0.842773 0.529297
vt 0.806641 0.391602
vt 0.858887 0.385742
vn 0.2285 -0.7608 0.6073
vn 0.0000 -0.7815 0.6239
vn 0.0003 -0.7815 0.6239
vn -0.2279 -0.7609 0.6074
vn 0.2921 -0.4416 0.8483
vn 0.0003 -0.4617 0.8870
vn 0.0000 -0.4617 0.8870
vn -0.2914 -0.4417 0.8485
vn 0.3947 -0.3592 0.8457
vn -0.3933 -0.3565 0.8474
vn 0.4808 -0.8632 0.1539
vn 0.3386 -0.8850 0.3195
vn 0.2742 -0.6415 0.7164
vn 0.3678 -0.8346 0.4101
vn 0.1653 -0.3062 0.9375
vn 0.4291 -0.7945 0.4296
vn -0.1623 -0.9331 -0.3208
vn -0.1596 -0.9052 -0.3939
vn -0.1551 -0.8644 -0.4782
vn -0.1524 -0.8419 -0.5177
vn 0.7779 -0.5023 -0.3774
vn 0.3800 -0.6456 -0.6623
vn 0.5420 -0.6120 -0.5759
vn 0.2606 -0.6557 -0.7086
vn 0.8491 0.4198 0.3205
vn 0.8468 0.1766 0.5017
vn 0.8522 0.2149 0.4770
vn 0.7842 -0.0417 0.6190
vn -0.9928 0.0675 0.0990
vn -0.8111 0.4843 -0.3279
vn -0.2835 0.2139 -0.9348
vn -0.0909 0.2906 -0.9525
vn 0.0000 -0.1741 -0.9847
vn -0.6270 -0.1356 -0.7671
vn 0.5716 -0.3215 -0.7549
vn 0.4579 -0.1650 -0.8736
vn 0.0646 0.2655 -0.9619
vn -0.2088 0.5015 -0.8396
vn 0.1399 -0.4958 -0.8571
vn -0.0197 -0.2898 -0.9568
vn -0.3362 0.1964 -0.9210
vn -0.4859 0.4855 -0.7267
vn -0.0114 0.9006 0.4344
vn -0.0190 0.8557 0.5171
vn -0.0175 0.8652 0.5011
vn -0.0234 0.8257 0.5635
vn 0.5538 0.8069 0.2051
vn 0.0860 0.9585 -0.2718
vn 0.0103 0.9527 -0.3038
vn -0.3942 0.8016 -0.4494
vn -0.4077 0.8306 -0.3792
vn -0.4224 -0.1844 -0.8874
vn 0.0000 -0.2035 -0.9791
vn -0.0001 -0.2035 -0.9791
vn 0.4222 -0.1844 -0.8875
vn 0.7839 0.3857 0.4865
vn 0.0000 0.6211 0.7837
vn 0.0002 0.6211 0.7837
vn -0.7837 0.3857 0.4868
vn 0.9510 -0.2956 -0.0898
vn 0.7860 -0.4847 -0.3836
vn 0.6156 -0.5694 -0.5448
vn 0.2347 -0.6305 -0.7399
vn -0.8343 0.4150 -0.3629
vn -0.3255 0.8975 0.2973
vn -0.4277 0.8788 0.2113
vn 0.1762 0.7832 0.5962
vn 0.7318 0.6535 -0.1932
vn 0.8903 0.4505 0.0665
vn 0.1781 0.9625 0.2047
vn -0.0000 0.9542 0.2991
vn -0.9098 0.3959 0.1241
vn 0.2529 -0.3142 -0.9150
vn -0.0000 -0.3247 -0.9458
vn -0.2531 -0.3142 -0.9150
vn -0.6613 -0.7477 -0.0600
vn 0.0002 -0.9968 -0.0800
vn 0.0001 -0.9968 -0.0800
vn 0.6616 -0.7474 -0.0599
vn 0.3846 -0.8407 0.3811
vn 0.3860 -0.1659 0.9074
vn 0.7069 -0.6735 0.2163
vn 0.9544 0.0256 0.2973
vn 0.4696 -0.3030 -0.8292
vn 0.4615 0.6283 -0.6263
vn -0.2162 0.3435 -0.9139
vn 0.0665 0.2308 -0.9707
vn -0.0373 -0.4755 -0.8789
vn 0.4521 -0.6020 -0.6581
vn 0.6769 -0.6880 0.2615
vn 0.6673 -0.7125 0.2167
vn 0.5951 -0.6740 0.4376
vn 0.4794 -0.6276 0.6133
vn 0.3404 -0.5223 0.7818
vn -0.0988 -0.6218 -0.7769
vn 0.0000 -0.6248 -0.7808
vn 0.0989 -0.6218 -0.7769
vn 0.7297 0.0178 0.6835
vn 0.6871 0.0001 0.7266
vn 0.5576 -0.0479 0.8287
vn 0.4678 -0.0774 0.8804
vn 0.7685 -0.1657 0.6179
vn 0.5902 0.3656 0.7197
vn 0.5118 0.2389 0.8252
vn 0.0000 0.6450 0.7641
vn -0.4373 0.5801 0.6872
vn 0.0000 0.0000 1.0000
vn -0.1653 -0.3062 0.9375
vn -0.6114 -0.7292 0.3071
vn -0.5338 -0.7632 0.3639
vn -0.6877 -0.6842 0.2425
vn -0.4808 -0.8632 0.1539
vn -0.3777 -0.8834 0.2774
vn -0.3386 -0.8850 0.3195
vn -0.2794 -0.8820 0.3793
vn 0.1623 -0.9331 -0.3208
vn 0.1551 -0.8644 -0.4782
vn 0.1596 -0.9052 -0.3939
vn 0.1524 -0.8419 -0.5177
vn 0.9928 0.0675 0.0990
vn 0.9165 0.3539 -0.1863
vn 0.8110 0.4844 -0.3280
vn 0.1674 0.7274 -0.6654
vn -0.5716 -0.3215 -0.7549
vn -0.0646 0.2655 -0.9619
vn 0.4511 0.0898 -0.8879
vn 0.7956 0.4888 -0.3580
vn 0.9434 0.2729 0.1883
vn -0.1399 -0.4958 -0.8571
vn 0.3362 0.1964 -0.9210
vn 0.5833 0.0979 -0.8063
vn 0.7222 0.5408 -0.4312
vn 0.8599 0.5094 -0.0311
vn 0.0114 0.9006 0.4344
vn 0.0175 0.8652 0.5011
vn -0.2073 0.8828 0.4213
vn -0.0379 0.9993 0.0035
vn -0.0860 0.9585 -0.2718
vn 0.3585 0.7253 -0.5876
vn -0.9510 -0.2956 -0.0898
vn -0.6156 -0.5694 -0.5448
vn -0.7860 -0.4847 -0.3836
vn -0.2347 -0.6305 -0.7399
vn 0.8343 0.4150 -0.3629
vn 0.4277 0.8788 0.2113
vn 0.3255 0.8975 0.2973
vn -0.1762 0.7832 0.5962
vn -0.4699 -0.3030 -0.8291
vn -0.4669 -0.4793 -0.7432
vn -0.4696 -0.4293 -0.7714
vn -0.4524 -0.6020 -0.6579
vn -0.3404 -0.5223 0.7818
vn -0.4794 -0.6276 0.6133
vn -0.5951 -0.6740 0.4376
vn -0.6673 -0.7125 0.2167
vn -0.6769 -0.6880 0.2615
vn 0.6850 -0.0578 -0.7262
vn 0.2162 0.3435 -0.9139
vn 0.0583 0.4368 -0.8977
vn -0.4615 0.6283 -0.6263
vn -0.3848 -0.8407 0.3810
vn -0.4256 -0.4981 0.7555
vn -0.3863 -0.1659 0.9073
vn -0.2637 0.2792 0.9233
vn -0.7751 -0.0406 0.6305
vn -0.7824 -0.0415 0.6213
vn -0.8299 -0.0996 0.5490
vn -0.9852 -0.1212 0.1212
vn -0.9986 0.0408 0.0342
vn -0.8491 0.4198 0.3205
vn -0.7297 0.0178 0.6835
vn -0.5576 -0.0479 0.8287
vn -0.6871 0.0001 0.7266
vn -0.4678 -0.0774 0.8804
vn -0.8322 -0.0066 0.5543
vn -0.8538 -0.0454 0.5185
vn -0.9133 -0.2040 0.3525
vn -0.9244 -0.2962 0.2400
vn 0.7534 0.0643 0.6543
vn 0.6877 -0.6842 0.2425
vn 0.8369 0.4910 0.2420
vn -0.9434 0.2729 0.1883
vn -0.8599 0.5094 -0.0311
vn -0.4476 0.3528 -0.8217
vn -0.7682 -0.0875 -0.6342
vn 0.9735 0.1396 0.1809
vn -0.2544 0.6305 0.7333
vn 0.1261 -0.3696 -0.9206
vn 0.6920 0.1776 -0.6997
vn 0.1358 0.9907 0.0025
vn 0.7751 -0.0406 0.6305
vn 0.5635 -0.0758 0.8226
vn 0.7631 -0.0337 0.6453
vn 0.5869 0.6865 0.4292
vn 0.8322 -0.0066 0.5543
vn 0.9245 -0.2962 0.2400
vn 0.4327 -0.9015 0.0011
vn -0.7534 0.0645 0.6544
vn -0.8369 0.4910 0.2420
vn -0.2606 -0.6557 -0.7086
vn 0.4472 0.3531 -0.8218
vn 0.7685 -0.0873 -0.6339
vn -0.9735 0.1396 0.1809
vn 0.2546 0.6305 0.7332
vn -0.7323 0.6531 -0.1929
vn -0.1261 -0.3696 -0.9206
vn 0.4077 0.8306 -0.3792
vn -0.6921 0.1773 -0.6997
vn -0.1289 0.9916 0.0025
vn -0.5632 -0.0758 0.8227
vn -0.7631 -0.0337 0.6453
vn -0.5869 0.6865 0.4292
vn -0.7684 -0.1658 0.6181
vn -0.4327 -0.9015 0.0011
vn -0.9468 0.3173 -0.0528
vn 0.9468 0.3173 -0.0528
vn 0.6709 -0.7413 0.0177
vn 0.9998 0.0166 0.0132
vn 0.9996 0.0242 0.0131
vn -0.0215 0.9986 0.0475
vn -0.0096 0.9988 0.0468
vn -0.9940 -0.0160 0.1078
vn -0.9941 -0.0083 0.1078
vn -0.6572 -0.7501 0.0740
vn -0.6709 -0.7413 0.0177
vn -0.9996 0.0244 0.0130
vn -0.9998 0.0161 0.0131
vn 0.0094 0.9988 0.0468
vn 0.0216 0.9986 0.0475
vn 0.9941 -0.0081 0.1077
vn 0.9940 -0.0165 0.1077
vn 0.6572 -0.7501 0.0738
vn -0.9673 0.1495 0.2045
vn -0.9845 0.1410 0.1038
vn -0.8942 0.3777 0.2403
vn -0.9163 0.3984 0.0403
vn -0.8331 0.5457 -0.0899
vn -0.8712 0.2345 -0.4313
vn -0.9925 -0.1179 -0.0312
vn -0.9905 0.1376 -0.0031
vn -0.4185 0.9079 0.0227
vn -0.5686 0.7875 -0.2377
vn -0.7559 0.5545 -0.3479
vn -0.7056 0.6128 -0.3557
vn -0.8673 0.2296 -0.4416
vn 0.6381 -0.7364 -0.2247
vn 0.4390 -0.8920 -0.1072
vn 0.4811 -0.8687 -0.1174
vn 0.2644 -0.9619 0.0693
vn 0.2968 -0.9320 0.2078
vn 0.1372 -0.9223 0.3613
vn -0.0044 -0.8968 0.4423
vn 0.0657 -0.9619 0.2655
vn -0.0797 -0.9146 0.3963
vn -0.0373 -0.9324 0.3595
vn -0.1330 -0.8876 0.4409
vn 0.0340 -0.9728 0.2289
vn -0.0125 -0.9669 0.2549
vn -0.0342 -0.9631 0.2668
vn -0.0898 -0.9507 0.2966
vn 0.6375 -0.7461 0.1921
vn 0.4933 -0.7061 0.5080
vn 0.4960 -0.7074 0.5035
vn 0.2290 -0.5349 0.8133
vn 0.3338 -0.0772 0.9395
vn 0.0004 -0.0819 0.9966
vn -0.2124 -0.0692 0.9747
vn -0.3150 -0.0736 0.9462
vn -0.2718 -0.0649 0.9601
vn 0.2951 0.0404 0.9546
vn 0.5098 0.0269 0.8599
vn 0.5713 0.0224 0.8204
vn 0.7422 0.0076 0.6701
vn 0.8992 -0.1468 0.4121
vn 0.8895 -0.1555 0.4297
vn 0.8849 -0.1594 0.4376
vn 0.8643 -0.1761 0.4712
vn -0.0976 0.9896 0.1058
vn -0.1299 0.9866 0.0983
vn -0.1372 0.9858 0.0966
vn -0.1698 0.9814 0.0888
vn 0.4659 0.8845 -0.0219
vn 0.2686 0.9622 0.0452
vn 0.3030 0.9524 0.0340
vn 0.0933 0.9906 0.0997
vn 0.7686 0.0292 0.6390
vn 0.3872 -0.0377 0.9212
vn 0.5565 -0.0110 0.8307
vn 0.2580 -0.0558 0.9645
vn 0.8501 0.2125 0.4818
vn 0.8010 0.0851 0.5926
vn 0.8158 0.1176 0.5663
vn 0.7646 0.0159 0.6443
vn -0.4487 -0.0301 0.8932
vn -0.0935 -0.0243 0.9953
vn 0.1964 -0.0387 0.9797
vn 0.0146 -0.0522 0.9985
vn 0.0185 -0.0635 0.9978
vn -0.2101 -0.0621 0.9757
vn 0.7645 0.0161 0.6444
vn 0.7536 0.0155 0.6571
vn 0.0329 -0.0162 0.9993
vn -0.3937 -0.0301 0.9187
vn 0.8712 0.2345 -0.4313
vn 0.7792 0.6259 0.0319
vn 0.8331 0.5457 -0.0899
vn 0.4986 0.7723 0.3935
vn 0.0044 -0.8968 0.4423
vn -0.1372 -0.9223 0.3613
vn -0.2968 -0.9320 0.2078
vn -0.2644 -0.9619 0.0692
vn -0.4809 -0.8689 -0.1172
vn -0.8741 -0.4475 -0.1886
vn -0.9622 0.0265 -0.2708
vn -0.8281 0.5453 -0.1300
vn -0.5495 0.8303 -0.0933
vn -0.3029 0.9524 0.0341
vn -0.0932 0.9906 0.0997
vn -0.0657 -0.9619 0.2655
vn 0.0373 -0.9323 0.3597
vn 0.0794 -0.9147 0.3963
vn 0.1327 -0.8877 0.4409
vn -0.0340 -0.9728 0.2289
vn 0.0342 -0.9631 0.2667
vn 0.0126 -0.9669 0.2549
vn 0.0899 -0.9508 0.2965
vn 0.9897 0.1355 0.0459
vn 0.7607 0.6316 -0.1494
vn 0.9087 0.4133 -0.0590
vn 0.5857 0.7806 -0.2181
vn -0.6371 -0.7466 0.1915
vn -0.4955 -0.7078 0.5034
vn -0.4931 -0.7066 0.5075
vn -0.2287 -0.5349 0.8133
vn -0.2950 0.0404 0.9546
vn -0.5712 0.0224 0.8205
vn -0.6528 -0.0260 0.7571
vn -0.8261 -0.0792 0.5579
vn -0.8895 -0.1555 0.4297
vn -0.8643 -0.1761 0.4712
vn 0.0976 0.9896 0.1058
vn 0.1373 0.9858 0.0965
vn 0.1307 0.9864 0.1000
vn 0.7823 0.6212 0.0463
vn 0.5414 0.8303 0.1319
vn 0.9958 0.0164 0.0901
vn 0.9670 0.1497 0.2062
vn -0.7686 0.0292 0.6390
vn -0.5564 -0.0110 0.8308
vn -0.3219 -0.0529 0.9453
vn -0.1306 -0.0617 0.9895
vn 0.0884 -0.0666 0.9938
vn 0.2721 -0.0645 0.9601
vn 0.2721 -0.0648 0.9601
vn -0.2290 -0.0267 0.9731
vn -0.2186 -0.0272 0.9754
vn 0.1552 -0.0414 0.9870
vn 0.3941 -0.0477 0.9178
vn -0.7701 0.0262 0.6374
vn -0.7695 0.0251 0.6381
vn -0.8343 0.1119 0.5398
vn -0.7890 0.0488 0.6124
vn -0.8625 0.1587 0.4806
vn 0.8339 0.5201 -0.1845
vn -0.4219 -0.5310 -0.7349
vn 0.6797 -0.2251 -0.6980
vn 0.9468 -0.3173 0.0528
vn -0.9468 -0.3173 0.0528
vn 0.6265 0.7132 -0.3143
vn 0.3569 -0.6299 -0.6898
vn 0.8282 -0.0975 0.5518
vn 0.0003 -0.1740 0.9847
vn 0.0002 -0.1740 0.9847
vn -0.8280 -0.0976 0.5522
vn 0.8883 -0.4153 0.1959
vn 0.9090 -0.3394 0.2419
vn 0.9100 -0.3347 0.2446
vn 0.9201 -0.2763 0.2774
vn 0.5050 -0.1396 0.8517
vn 0.0006 -0.1617 0.9868
vn 0.0005 -0.1617 0.9868
vn -0.5040 -0.1397 0.8523
vn -0.1630 0.9290 0.3322
vn -0.7809 0.5656 0.2650
vn -0.6398 0.7074 0.3004
vn -0.6442 -0.7617 -0.0689
vn -0.7669 -0.6403 -0.0432
vn 0.7329 -0.6748 -0.0864
vn 0.8263 -0.5594 -0.0657
vn 0.9992 -0.0323 0.0220
vn 0.6629 0.7476 -0.0402
vn 0.2775 0.9606 -0.0100
vn -0.0486 0.9987 0.0140
vn -0.9954 -0.0381 0.0880
vn -0.9955 -0.0334 0.0880
vn 0.2727 -0.9616 -0.0294
vn 0.0063 -1.0000 -0.0034
vn 0.6603 -0.7480 -0.0668
vn 0.6603 -0.7479 -0.0668
vn -0.0821 -0.9781 -0.1911
vn -0.8472 -0.5173 -0.1205
vn -0.7586 -0.6360 -0.1413
vn -0.9987 0.0486 -0.0147
vn 0.4573 0.1777 0.8713
vn 0.6041 0.2416 0.7594
vn 0.6218 0.2494 0.7424
vn 0.0009 0.4873 0.8732
vn 0.0006 0.4873 0.8732
vn -0.6036 0.2417 0.7598
vn -0.6212 0.2495 0.7428
vn -0.4571 0.1774 0.8715
vn 0.7207 -0.6913 0.0507
vn 0.5947 -0.8002 0.0768
vn 0.6621 -0.7467 0.0635
vn -0.0003 -0.9944 0.1054
vn 0.0004 -0.9944 0.1054
vn -0.5943 -0.8006 0.0765
vn -0.6619 -0.7469 0.0633
vn -0.7207 -0.6913 0.0505
vn -0.0833 0.8691 0.4876
vn 0.3891 0.7900 0.4737
vn 0.5619 0.7031 0.4357
vn 0.8307 -0.5422 -0.1265
vn 0.7509 -0.6400 -0.1630
vn -0.8412 -0.5383 -0.0519
vn -0.7826 -0.6167 -0.0849
vn -0.9901 0.0043 0.1399
vn -0.1591 -0.7868 -0.5963
vn 0.7955 -0.5463 -0.2619
vn 0.7808 -0.5609 -0.2749
vn 0.6602 0.4548 0.5977
vn 0.5438 0.5291 0.6514
vn -0.3850 0.6140 0.6890
vn -0.3292 0.6303 0.7031
vn -0.9948 0.0319 0.0969
vn 0.9593 -0.2539 -0.1229
vn 0.7984 0.2485 0.5484
vn 0.6747 0.3440 0.6530
vn -0.2913 0.5124 0.8078
vn -0.1489 0.5289 0.8354
vn -0.8870 -0.3238 -0.3292
vn -0.9239 -0.2696 -0.2712
vn -0.3596 -0.6432 -0.6760
vn 0.0325 -0.8132 -0.5810
vn 0.0141 -0.9818 -0.1893
vn 0.0034 -0.9995 0.0297
vn -0.0053 -0.0429 0.9991
vn -0.0029 0.0214 0.9998
vn 0.0524 0.9754 -0.2140
vn 0.0502 0.9987 0.0043
vn 0.0489 0.7750 -0.6301
vn 0.1612 0.9293 0.3324
vn 0.6394 0.7077 0.3004
vn 0.7799 0.5669 0.2651
vn 0.7671 -0.6400 -0.0436
vn 0.6440 -0.7618 -0.0693
vn -0.8268 -0.5587 -0.0651
vn -0.7339 -0.6738 -0.0858
vn -0.9992 -0.0310 0.0227
vn -0.6629 0.7476 -0.0402
vn 0.0489 0.9987 0.0140
vn -0.2771 0.9608 -0.0100
vn 0.9955 -0.0334 0.0884
vn 0.9953 -0.0387 0.0884
vn -0.0067 -1.0000 -0.0030
vn -0.2724 -0.9617 -0.0291
vn -0.6603 -0.7479 -0.0668
vn 0.0775 0.7881 0.6106
vn 0.8311 0.4589 0.3141
vn 0.7961 0.4968 0.3455
vn 0.8469 -0.5179 -0.1206
vn 0.7586 -0.6361 -0.1413
vn 0.0817 -0.9781 -0.1911
vn 0.0844 0.8690 0.4875
vn -0.5599 0.7045 0.4361
vn -0.3888 0.7902 0.4736
vn -0.7521 -0.6387 -0.1624
vn -0.8314 -0.5412 -0.1259
vn 0.7827 -0.6165 -0.0854
vn 0.8413 -0.5380 -0.0524
vn 0.9903 0.0033 0.1391
vn 0.1593 -0.7868 -0.5962
vn -0.7808 -0.5610 -0.2749
vn -0.7955 -0.5464 -0.2619
vn -0.5434 0.5295 0.6514
vn -0.6597 0.4553 0.5979
vn 0.3295 0.6305 0.7028
vn 0.3852 0.6142 0.6887
vn 0.9948 0.0320 0.0970
vn -0.9589 -0.2548 -0.1247
vn -0.6757 0.3435 0.6522
vn -0.7989 0.2483 0.5478
vn 0.1456 0.5292 0.8359
vn 0.2901 0.5126 0.8081
vn 0.9242 -0.2692 -0.2709
vn 0.8872 -0.3234 -0.3289
vn 0.3607 -0.6428 -0.6758
vn -0.0324 -0.8133 -0.5808
vn -0.0031 -0.9995 0.0295
vn -0.0139 -0.9818 -0.1893
vn 0.0033 0.0211 0.9998
vn 0.0058 -0.0433 0.9990
vn -0.0499 0.9987 0.0040
vn -0.0522 0.9754 -0.2142
vn -0.0488 0.7747 -0.6304
vn 0.7988 -0.1984 0.5679
vn 0.8562 -0.2239 0.4656
vn 0.8182 -0.3303 0.4706
vn 0.8774 -0.3279 0.3501
vn 0.7421 -0.4263 0.5172
vn 0.8052 -0.2265 0.5480
vn 0.7848 -0.2603 0.5623
vn 0.7837 -0.2622 0.5631
vn 0.7611 -0.2966 0.5768
vn 0.6934 -0.5636 0.4490
vn 0.5647 -0.3811 0.7320
vn 0.6207 -0.4541 0.6391
vn 0.4136 -0.2045 0.8872
vn 0.3599 -0.5967 0.7172
vn 0.3146 -0.4807 0.8185
vn 0.1641 -0.5243 0.8356
vn 0.0020 -0.4455 0.8953
vn -0.2881 -0.4266 0.8573
vn -0.5744 0.5134 -0.6375
vn -0.5188 0.3816 -0.7649
vn -0.4653 -0.0578 -0.8833
vn -0.3911 -0.0665 -0.9179
vn -0.4169 -0.3937 -0.8192
vn 0.5238 -0.8196 -0.2320
vn 0.6588 -0.5520 -0.5112
vn 0.6271 -0.0408 -0.7778
vn 0.5531 0.1440 -0.8206
vn 0.5100 0.1046 -0.8538
vn -0.4165 0.7097 0.5681
vn -0.1118 0.9934 -0.0256
vn -0.1848 0.9771 0.1052
vn 0.1706 0.8564 -0.4873
vn -0.4968 0.7750 0.3904
vn 0.3710 0.6173 0.6937
vn 0.3686 0.7427 0.5590
vn 0.7980 0.2920 0.5271
vn 0.9907 -0.0966 0.0959
vn 0.3594 -0.8384 -0.4096
vn 0.3472 -0.8689 -0.3528
vn 0.0788 -0.9567 -0.2802
vn 0.0001 -0.9709 -0.2392
vn -0.3160 -0.9212 -0.2269
vn 0.4487 -0.1945 0.8722
vn 0.4479 -0.1968 0.8721
vn 0.4485 -0.1951 0.8722
vn 0.4476 -0.1976 0.8721
vn 0.9089 -0.1070 0.4030
vn 0.9137 -0.1173 0.3891
vn 0.9142 -0.1185 0.3874
vn 0.9194 -0.1303 0.3712
vn -0.1557 0.9590 0.2365
vn -0.0001 0.9709 0.2394
vn -0.0000 0.9709 0.2394
vn 0.1556 0.9591 0.2365
vn 0.0994 -0.8556 -0.5079
vn -0.1595 -0.9832 -0.0885
vn -0.2481 -0.9655 0.0795
vn -0.6398 -0.1426 0.7552
vn -0.6447 -0.0348 0.7636
vn -0.4546 0.7043 0.5452
vn 0.1919 0.9220 0.3361
vn 0.0147 0.9951 0.0977
vn 0.0833 0.9781 0.1909
vn -0.0499 0.9987 0.0089
vn 0.7512 -0.4657 -0.4678
vn 0.7544 -0.5023 -0.4226
vn 0.6355 -0.7252 -0.2652
vn 0.6306 -0.7446 -0.2187
vn 0.5054 -0.8550 -0.1162
vn 0.4935 -0.8663 -0.0764
vn -0.9323 -0.2641 0.2468
vn -0.8562 -0.2239 0.4656
vn -0.8463 -0.2311 0.4798
vn -0.8016 -0.2101 0.5597
vn -0.8052 -0.2265 0.5480
vn -0.7611 -0.2966 0.5768
vn -0.5292 -0.2374 0.8146
vn -0.6897 -0.3837 0.6140
vn -0.5647 -0.3811 0.7320
vn -0.6934 -0.5636 0.4490
vn -0.5104 0.1046 -0.8535
vn -0.5535 0.1439 -0.8203
vn -0.6276 -0.0409 -0.7774
vn -0.6591 -0.5520 -0.5107
vn -0.5240 -0.8196 -0.2316
vn 0.5744 0.5134 -0.6375
vn 0.4601 0.2650 -0.8473
vn 0.5188 0.3816 -0.7649
vn 0.3620 0.0952 -0.9273
vn 0.4268 -0.7530 0.5007
vn 0.6431 -0.0351 0.7649
vn 0.6365 0.0747 0.7677
vn 0.2017 0.9701 0.1350
vn 0.1103 0.9936 -0.0225
vn -0.1741 0.8571 -0.4848
vn -0.3591 -0.8384 -0.4099
vn -0.4462 -0.8689 -0.2143
vn -0.4244 -0.8646 -0.2691
vn -0.4935 -0.8664 -0.0761
vn 0.0497 0.9987 0.0089
vn -0.0148 0.9951 0.0977
vn -0.0833 0.9781 0.1909
vn -0.1919 0.9220 0.3363
vn -0.4477 -0.1964 0.8723
vn -0.4479 -0.1959 0.8723
vn -0.4482 -0.1949 0.8724
vn -0.4483 -0.1945 0.8724
vn -0.9467 -0.2566 0.1945
vn -0.9055 -0.2849 0.3145
vn -0.9328 -0.2680 0.2408
vn -0.8866 -0.2940 0.3571
vn -0.9194 -0.1297 0.3713
vn -0.9138 -0.1169 0.3889
vn -0.9143 -0.1181 0.3872
vn -0.9091 -0.1069 0.4026
vn -0.5313 -0.8191 -0.2159
vn -0.6666 -0.6983 -0.2608
vn -0.6355 -0.7252 -0.2652
vn -0.7544 -0.5023 -0.4226
vn -0.7512 -0.4657 -0.4678
vn -0.0998 -0.8557 -0.5076
vn 0.2335 -0.9711 0.0494
vn 0.1596 -0.9832 -0.0884
vn 0.4346 -0.7517 0.4961
vn 0.4169 -0.3937 -0.8192
vn 0.3601 -0.3808 -0.8516
vn 0.3400 -0.3759 -0.8620
vn 0.2798 -0.3603 -0.8899
vn 0.1940 -0.8079 0.5564
vn 0.0486 -0.9443 0.3253
vn -0.1247 -0.9916 0.0348
vn -0.1312 -0.9686 -0.2111
vn -0.8883 -0.4153 0.1959
vn -0.1937 -0.8083 0.5560
vn -0.0486 -0.9443 0.3253
vn 0.1250 -0.9915 0.0351
vn 0.1331 -0.9680 -0.2128
vn 0.7646 -0.6224 0.1673
vn 0.8470 -0.3632 0.3881
vn 0.4722 -0.2442 0.8469
vn -0.2798 -0.3603 -0.8899
vn -0.7652 -0.6216 0.1674
vn -0.3565 -0.5976 0.7182
vn -0.8470 -0.3632 0.3881
vn -0.7421 -0.4263 0.5172
vn -0.9908 -0.0961 0.0951
vn -0.4697 -0.2475 0.8474
vn -0.0001 -0.2889 0.9574
vn 0.0001 -0.2889 0.9574
vn 0.0000 -1.0000 0.0002
vn -0.3192 -0.1335 0.9382
vn 0.3189 -0.1336 0.9383
vn 0.7576 0.3575 0.5461
vn 0.8671 0.4978 -0.0183
vn 0.8686 0.4953 0.0067
vn 0.4915 0.4701 -0.7330
vn 0.4630 0.4675 -0.7530
vn -0.0227 0.4386 -0.8984
vn -0.0265 0.4386 -0.8983
vn -0.4935 0.4627 -0.7364
vn -0.4711 0.4607 -0.7521
vn -0.8646 0.5013 -0.0340
vn -0.8659 0.4998 -0.0183
vn -0.7576 0.3574 0.5461
vn 0.8678 0.1122 -0.4840
vn 0.8331 -0.1226 -0.5393
vn 0.8512 -0.0396 -0.5232
vn 0.7572 -0.3329 -0.5620
vn -0.8890 -0.0538 -0.4546
vn -0.8388 -0.2001 -0.5063
vn -0.8047 -0.2726 -0.5274
vn -0.6892 -0.4531 -0.5654
vn -0.7844 -0.0993 0.6123
vn -0.0285 -0.0377 0.9989
vn -0.0250 -0.0373 0.9990
vn 0.9871 0.0578 0.1492
vn 0.9799 0.0580 0.1906
vn 0.6077 0.0228 -0.7938
vn 0.6427 0.0252 -0.7657
vn -0.5952 -0.0796 -0.7996
vn -0.5557 -0.0758 -0.8279
vn -0.9421 -0.1075 -0.3175
vn 0.7415 0.0566 0.6685
vn 0.9685 0.0159 0.2483
vn 0.9986 -0.0121 -0.0507
vn 0.0536 -0.2167 -0.9747
vn 0.0036 -0.2204 -0.9754
vn -0.9679 -0.1143 0.2236
vn -0.9777 -0.1578 -0.1385
vn -0.7658 -0.0363 0.6420
vn -0.9796 -0.0278 -0.1986
vn -0.9830 -0.0022 0.1833
vn -0.9954 -0.0083 0.0953
vn -0.0001 0.0390 0.9992
vn 0.9811 0.0077 0.1932
vn 0.9940 0.0043 0.1086
vn 0.9434 -0.0345 -0.3298
vn 0.9347 -0.0387 -0.3533
vn -0.1805 -0.1490 -0.9722
vn 0.1702 -0.1451 -0.9746
vn -0.8841 -0.0802 -0.4604
vn 0.6948 -0.3101 0.6489
vn -0.0123 -0.4902 0.8715
vn 0.0185 -0.4883 0.8725
vn -0.7143 -0.3840 0.5850
vn -0.7418 0.0561 0.6683
vn -0.9986 -0.0125 -0.0515
vn -0.9684 0.0154 0.2486
vn -0.0031 -0.2215 -0.9751
vn -0.0545 -0.2177 -0.9745
vn 0.9774 -0.1586 -0.1393
vn 0.9678 -0.1144 0.2239
vn 0.7659 -0.0359 0.6420
vn 0.9796 -0.0278 -0.1986
vn 0.9954 -0.0083 0.0953
vn 0.9830 -0.0022 0.1833
vn 0.0001 0.0390 0.9992
vn -0.9940 0.0043 0.1086
vn -0.9811 0.0077 0.1932
vn -0.9315 0.0021 -0.3635
vn -0.9528 -0.0009 -0.3035
vn -0.8765 0.0082 -0.4813
vn 0.7143 -0.3843 0.5848
vn 0.0125 -0.4902 0.8715
vn -0.0188 -0.4883 0.8724
vn -0.9145 -0.4045 -0.0109
vn -0.9016 -0.3995 0.1657
vn -0.0204 -0.5731 -0.8192
vn -0.0868 -0.5674 -0.8188
vn 0.6891 -0.4528 -0.5656
vn 0.8841 -0.0802 -0.4604
vn 0.0133 -0.1917 -0.9814
vn 0.0021 -0.1918 -0.9814
vn -0.8751 -0.1021 -0.4730
vn 0.7844 -0.0993 0.6122
vn 0.0251 -0.0373 0.9990
vn 0.0287 -0.0376 0.9989
vn -0.9799 0.0580 0.1907
vn -0.9871 0.0578 0.1494
vn -0.6427 0.0253 -0.7657
vn -0.6076 0.0229 -0.7939
vn 0.5557 -0.0758 -0.8279
vn 0.5952 -0.0795 -0.7996
vn 0.9421 -0.1075 -0.3175
vn 0.4502 0.8137 -0.3676
vn 0.2477 0.9500 -0.1899
vn 0.4235 0.8380 -0.3440
vn 0.1928 0.9709 -0.1422
vn 0.6508 0.5239 0.5495
vn 0.6816 0.5637 0.4665
vn 0.2766 -0.2987 0.9134
vn 0.7320 0.3311 0.5955
vn 0.7333 -0.2258 0.6413
vn 0.8161 -0.0711 0.5735
vn 0.9557 -0.1806 0.2323
vn 0.7318 0.1848 -0.6560
vn 0.4045 0.3141 -0.8589
vn 0.2953 0.4551 -0.8400
vn 0.1917 0.3916 -0.8999
vn 0.2838 0.0982 0.9538
vn 0.2842 0.1218 0.9510
vn 0.2894 0.1213 0.9495
vn 0.3314 0.1340 0.9339
vn 0.3436 0.1304 0.9300
vn -0.0669 -0.9976 -0.0199
vn -0.0832 -0.9962 -0.0242
vn -0.0924 -0.9323 -0.3497
vn 0.0095 -0.7209 -0.6929
vn -0.1202 -0.5036 -0.8555
vn 0.0237 -0.5236 -0.8516
vn -0.1956 -0.4883 -0.8505
vn -0.7063 0.3264 0.6281
vn -0.0578 0.4547 0.8887
vn -0.4234 0.3940 0.8157
vn -0.0718 0.1433 0.9871
vn 0.0332 -0.2429 0.9695
vn 0.2275 -0.4930 0.8397
vn 0.3210 -0.4822 0.8151
vn -0.0337 -0.4775 0.8780
vn -0.0602 -0.4614 0.8851
vn -0.0488 -0.4684 0.8822
vn -0.0750 -0.4522 0.8887
vn 0.6934 0.0731 -0.7168
vn -0.0001 0.1014 -0.9948
vn -0.6935 0.0731 -0.7167
vn 0.0929 0.4496 -0.8884
vn 0.0867 0.7560 -0.6488
vn 0.0728 0.9171 -0.3920
vn 0.0438 0.9990 0.0045
vn 0.9786 -0.2007 -0.0444
vn 0.6489 -0.3399 -0.6807
vn 0.7197 -0.2517 -0.6470
vn 0.0864 -0.1655 -0.9824
vn -0.0173 -0.1779 -0.9839
vn -0.2489 -0.2493 -0.9359
vn -0.0967 -0.4446 -0.8905
vn 0.4602 -0.0844 -0.8838
vn 0.0000 -0.0950 -0.9955
vn -0.0673 -0.1351 -0.9885
vn -0.6093 -0.2790 -0.7422
vn -0.8473 -0.3006 -0.4377
vn -0.9786 -0.2007 -0.0444
vn -0.7943 0.5821 0.1738
vn -0.8853 0.4556 0.0927
vn -0.6146 0.7757 0.1433
vn -0.6115 0.6934 0.3811
vn -0.1449 0.6137 0.7761
vn 0.1687 0.2245 0.9597
vn 0.3383 -0.0973 0.9360
vn 0.3558 -0.4297 0.8299
vn 0.1218 -0.5892 0.7988
vn -0.0856 -0.5726 0.8153
vn 0.0429 -0.5893 0.8068
vn -0.2041 -0.5759 0.7916
vn -0.2639 -0.5818 0.7693
vn 0.8229 0.2829 0.4928
vn 0.8281 0.3306 0.4527
vn 0.8717 0.2250 0.4352
vn 0.8660 0.2843 0.4113
vn 0.9078 0.0974 0.4079
vn 0.7116 0.1293 0.6905
vn 0.7193 0.1089 0.6861
vn 0.3578 0.0232 0.9335
vn -0.4168 -0.1129 0.9019
vn -0.7856 -0.1291 0.6051
vn -0.7855 -0.1297 0.6051
vn -0.7725 -0.0079 0.6350
vn -0.7486 -0.0192 0.6626
vn -0.6180 0.0084 0.7861
vn -0.0563 0.0496 0.9972
vn 0.6539 0.0920 0.7509
vn -0.0622 -0.9521 0.2994
vn -0.2321 -0.8808 0.4127
vn -0.5719 -0.5657 0.5940
vn -0.7758 -0.0832 0.6254
vn -0.2083 -0.9623 -0.1748
vn 0.0000 -0.9839 -0.1786
vn 0.0697 -0.9471 -0.3131
vn 0.2087 -0.9463 -0.2470
vn 0.1974 -0.8139 -0.5465
vn 0.2578 -0.0942 0.9616
vn 0.2459 -0.0661 0.9670
vn 0.2283 -0.0377 0.9728
vn -0.1499 -0.0270 0.9883
vn -0.4486 -0.0320 0.8932
vn 0.9013 0.2167 -0.3750
vn 0.5981 0.4836 -0.6391
vn 0.6775 0.4219 -0.6024
vn 0.3154 0.3888 -0.8657
vn 0.2268 0.2651 -0.9372
vn -0.0228 -0.0133 -0.9996
vn -0.0916 -0.1457 -0.9851
vn -0.1488 -0.2323 -0.9611
vn -0.5598 0.0807 -0.8247
vn -0.6526 0.1459 -0.7435
vn -0.9151 0.1933 -0.3538
vn 0.0001 -0.9198 -0.3923
vn 0.7776 0.0369 0.6276
vn 0.9980 0.0604 -0.0206
vn 0.9980 0.0515 -0.0357
vn 0.3996 0.0591 -0.9148
vn 0.0285 0.0455 -0.9985
vn -0.8761 0.0143 -0.4819
vn -0.7824 0.0392 0.6215
vn -0.9919 0.0375 0.1208
vn -0.9993 0.0354 -0.0067
vn -0.8742 0.0222 -0.4851
vn 0.2094 -0.9774 0.0260
vn 0.1621 -0.9868 -0.0015
vn 0.1142 -0.9930 -0.0289
vn 0.0700 -0.9961 -0.0541
vn 0.5365 -0.8418 0.0598
vn 0.5195 -0.8540 0.0261
vn 0.5340 -0.7993 -0.2756
vn 0.4454 -0.7784 -0.4422
vn 0.0249 -0.3052 -0.9519
vn -0.1367 0.1468 -0.9796
vn -0.8020 0.3128 -0.5088
vn -0.2385 0.4693 -0.8502
vn -0.9550 0.1841 -0.2324
vn 0.4458 -0.4970 -0.7444
vn 0.4702 -0.0551 -0.8808
vn 0.4685 -0.0283 -0.8830
vn 0.3901 0.4111 -0.8239
vn 0.3870 0.4971 0.7766
vn 0.4453 0.6401 0.6261
vn 0.2680 0.9333 0.2387
vn -0.0891 0.9469 -0.3090
vn -0.2873 0.7656 -0.5755
vn -0.1911 0.4356 -0.8796
vn 0.4013 0.3976 -0.8252
vn 0.5015 0.5853 -0.6371
vn 0.5607 0.7238 -0.4022
vn 0.5682 0.8228 -0.0094
vn 0.0926 0.9953 -0.0265
vn 0.0944 0.9435 0.3176
vn 0.0893 0.8458 0.5259
vn 0.0725 0.6120 0.7875
vn 0.0526 -0.5657 -0.8229
vn 0.0381 -0.0609 -0.9974
vn 0.0364 -0.0196 -0.9991
vn 0.0106 0.4955 -0.8685
vn -0.0176 -0.9995 0.0275
vn -0.0024 -0.9993 0.0371
vn 0.0425 -0.9438 -0.3276
vn 0.0615 -0.8877 -0.4563
vn 0.0790 -0.5513 -0.8305
vn 0.5405 0.8004 0.2592
vn 0.4386 0.8824 0.1701
vn 0.4373 0.8833 0.1690
vn 0.3526 0.9305 0.0986
vn 0.5930 -0.5095 0.6235
vn 0.1930 0.2057 0.9594
vn 0.3759 0.1229 0.9185
vn 0.2553 0.4934 0.8315
vn 0.2871 0.1298 0.9490
vn 0.3073 0.0873 0.9476
vn 0.9380 -0.2707 0.2163
vn 0.9896 -0.1022 0.1010
vn 0.9826 -0.1372 0.1250
vn 0.9996 0.0238 0.0139
vn 0.9890 0.0352 -0.1433
vn 0.8575 -0.2846 -0.4285
vn 0.6562 -0.3036 -0.6908
vn 0.2398 -0.3335 -0.9117
vn -0.0000 -0.1585 -0.9873
vn -0.2058 -0.1551 -0.9662
vn -0.9638 0.2640 -0.0356
vn -0.9742 0.2254 -0.0056
vn -0.8877 0.1773 0.4249
vn -0.8920 0.3689 0.2612
vn -0.5401 0.5214 0.6605
vn -0.5178 0.7320 0.4428
vn -0.1463 0.4744 0.8680
vn 0.7553 0.2740 0.5953
vn 0.7545 0.3250 0.5701
vn 0.7552 0.2983 0.5836
vn 0.7537 0.3423 0.5610
vn 0.7313 0.3403 -0.5910
vn 0.7207 0.3554 -0.5951
vn 0.7262 0.3478 -0.5930
vn 0.7153 0.3629 -0.5971
vn -0.1380 -0.9139 -0.3816
vn -0.0001 -0.9228 -0.3853
vn -0.0002 -0.9228 -0.3853
vn 0.1376 -0.9140 -0.3816
vn 0.0085 0.9232 0.3842
vn -0.0273 0.9159 0.4004
vn -0.0739 0.9082 0.4118
vn -0.0969 0.9015 0.4216
vn -0.0954 0.9100 0.4035
vn 0.1418 -0.2405 -0.9602
vn 0.2049 -0.4778 -0.8542
vn 0.1817 -0.3880 -0.9035
vn 0.2269 -0.5665 -0.7922
vn 0.8119 -0.5832 -0.0261
vn 0.8104 -0.5192 0.2715
vn 0.8029 -0.5041 0.3179
vn 0.7301 -0.4028 0.5520
vn 0.7714 0.6225 0.1316
vn 0.7398 0.6103 0.2832
vn 0.7416 0.6111 0.2766
vn 0.7057 0.5922 0.3890
vn -0.7063 0.5913 0.3892
vn -0.7412 0.6097 0.2807
vn -0.7429 0.6105 0.2743
vn -0.7730 0.6218 0.1254
vn 0.0964 -0.4449 -0.8903
vn 0.2756 0.4024 -0.8730
vn 0.2284 0.0691 -0.9711
vn 0.3005 0.7214 -0.6239
vn 0.3130 0.7228 -0.6160
vn 0.3768 -0.4744 -0.7956
vn 0.4279 -0.4530 -0.7821
vn 0.7640 -0.4928 -0.4164
vn 0.7942 -0.5332 -0.2912
vn 0.7610 -0.6442 0.0761
vn 0.7165 -0.6937 0.0729
vn 0.7161 -0.6882 0.1163
vn 0.5189 -0.4044 0.7531
vn 0.5576 -0.1701 0.8125
vn 0.5376 -0.3164 0.7815
vn 0.5636 -0.0762 0.8225
vn 0.7631 -0.0337 0.6454
vn 0.8698 -0.1661 0.4645
vn 0.7679 -0.2845 0.5739
vn 0.6845 -0.3238 0.6531
vn 0.5097 -0.2293 0.8292
vn 0.4678 -0.0776 0.8804
vn 0.7645 0.0163 0.6444
vn 0.7655 0.0181 0.6431
vn 0.7667 0.0201 0.6417
vn 0.7689 0.0240 0.6389
vn 0.1730 -0.0743 0.9821
vn 0.1715 -0.0649 0.9830
vn -0.0973 -0.0302 0.9948
vn -0.2177 -0.0270 0.9756
vn 0.1947 -0.0100 0.9808
vn 0.7248 0.0244 0.6885
vn 0.9676 0.1264 0.2187
vn 0.9764 0.1444 0.1604
vn 0.6367 0.1361 -0.7590
vn 0.6171 0.1400 -0.7743
vn -0.3876 0.1682 -0.9063
vn -0.5271 0.1888 -0.8286
vn -0.9101 0.2172 -0.3528
vn -0.4502 0.8139 -0.3672
vn -0.4235 0.8382 -0.3436
vn -0.2479 0.9500 -0.1899
vn -0.1930 0.9708 -0.1422
vn -0.6508 0.5239 0.5495
vn -0.6664 0.5437 0.5102
vn -0.5076 0.6518 0.5635
vn -0.4906 0.6784 0.5468
vn -0.2080 0.7246 0.6570
vn -0.2836 0.0983 0.9539
vn -0.2895 0.0955 0.9524
vn -0.2833 0.1298 0.9502
vn -0.2870 0.1299 0.9491
vn -0.2474 0.2091 0.9460
vn 0.9550 0.1842 -0.2324
vn 0.2377 0.4695 -0.8503
vn 0.8021 0.3128 -0.5087
vn 0.1369 0.1463 -0.9797
vn -0.0245 -0.3047 -0.9521
vn -0.3035 -0.5581 -0.7722
vn -0.4229 -0.5292 -0.7355
vn 0.7063 0.3264 0.6281
vn 0.5157 0.3930 0.7613
vn -0.0303 -0.0381 0.9988
vn -0.0675 -0.1563 0.9854
vn 0.0854 -0.5728 0.8152
vn 0.1307 -0.5658 0.8141
vn 0.1964 -0.4881 -0.8504
vn -0.0246 -0.5237 -0.8515
vn 0.1209 -0.5036 -0.8554
vn -0.0752 -0.5312 -0.8439
vn -0.0691 -0.5329 -0.8433
vn 0.0323 -0.4780 0.8778
vn 0.0479 -0.4686 0.8821
vn 0.0709 -0.0775 0.9944
vn 0.0808 0.0514 0.9954
vn 0.0649 0.5431 0.8371
vn 0.1940 0.3932 0.8987
vn 0.2029 0.3858 0.9000
vn 0.1977 0.3902 0.8993
vn 0.2086 0.3810 0.9007
vn -0.0907 0.4498 -0.8885
vn -0.0785 0.8463 -0.5268
vn -0.0794 0.8353 -0.5439
vn -0.0448 0.9986 -0.0278
vn -0.2843 0.1473 0.9473
vn -0.2946 0.1444 0.9446
vn -0.3314 0.1340 0.9339
vn -0.3436 0.1304 0.9300
vn -0.4819 -0.1135 -0.8688
vn -0.8546 -0.0962 -0.5103
vn -0.9557 -0.1806 0.2323
vn -0.8161 -0.0711 0.5735
vn -0.7332 -0.2258 0.6413
vn -0.6308 -0.1418 0.7629
vn 0.0165 -0.6131 0.7898
vn -0.8228 0.2829 0.4928
vn -0.8281 0.3311 0.4523
vn -0.9066 0.4163 -0.0692
vn -0.8237 0.5161 -0.2347
vn -0.4938 0.4223 -0.7602
vn -0.3751 0.4546 -0.8078
vn -0.2614 0.3851 -0.8851
vn -0.7117 0.1292 0.6905
vn -0.7282 0.0836 0.6802
vn -0.7238 0.0962 0.6832
vn -0.3258 -0.0367 0.9447
vn 0.0346 -0.0794 0.9962
vn 0.7854 -0.1297 0.6052
vn -0.8819 0.0287 -0.4705
vn -0.0287 0.0450 -0.9986
vn 0.3986 0.0414 -0.9162
vn 0.9982 0.0323 -0.0497
vn 0.9582 0.2821 0.0478
vn 0.7930 0.4529 0.4074
vn 0.7430 0.6104 0.2743
vn 0.7064 0.5911 0.3892
vn -0.0001 -0.9198 -0.3923
vn -0.0001 -0.9746 -0.2240
vn -0.0001 -0.9749 -0.2225
vn -0.0000 -1.0000 0.0000
vn -0.7776 0.0370 0.6277
vn -0.9891 0.0577 0.1351
vn -0.9979 0.0607 -0.0205
vn -0.8732 0.0605 -0.4835
vn -0.5363 -0.8419 0.0593
vn -0.5259 -0.8496 0.0385
vn -0.2570 -0.9664 0.0046
vn -0.1577 -0.9872 -0.0224
vn 0.0193 -0.9991 -0.0373
vn -0.0048 -0.9997 -0.0242
vn -0.1147 -0.9930 -0.0295
vn -0.2108 -0.9772 0.0259
vn -0.4457 -0.4967 -0.7447
vn -0.4686 -0.0281 -0.8829
vn -0.4493 0.1682 -0.8773
vn -0.4950 0.5831 -0.6441
vn -0.2425 0.9488 -0.2022
vn -0.0040 0.9917 0.1281
vn 0.5023 0.8566 0.1184
vn 0.6780 0.7217 0.1393
vn 0.8653 0.4918 0.0970
vn 0.8964 0.4257 0.1232
vn -0.0933 0.9956 0.0052
vn -0.0920 0.8905 0.4455
vn -0.0921 0.8940 0.4384
vn -0.0726 0.6131 0.7866
vn -0.0790 -0.5507 -0.8310
vn -0.0693 -0.5560 -0.8282
vn -0.0482 -0.1861 -0.9813
vn -0.0349 -0.0188 -0.9992
vn -0.0085 0.4955 -0.8685
vn 0.0176 -0.9995 0.0276
vn -0.0116 -0.9989 0.0460
vn 0.0024 -0.9993 0.0372
vn -0.0267 -0.9981 0.0555
vn -0.5405 0.8004 0.2592
vn -0.4373 0.8833 0.1690
vn -0.4093 0.8759 -0.2556
vn -0.3492 0.8790 -0.3247
vn -0.2976 0.7212 -0.6255
vn -0.2915 0.7205 -0.6292
vn -0.1526 -0.1313 0.9795
vn -0.5925 -0.5099 0.6236
vn -0.5926 -0.5100 0.6235
vn -0.9380 -0.2706 0.2163
vn -0.9826 -0.1371 0.1250
vn -0.9986 -0.0521 0.0114
vn -0.9974 0.0297 -0.0652
vn -0.9890 0.0353 -0.1433
vn 0.1464 0.4744 0.8680
vn 0.5179 0.7318 0.4429
vn 0.5404 0.5213 0.6604
vn 0.8920 0.3688 0.2612
vn 0.8878 0.1772 0.4248
vn 0.9742 0.2253 -0.0056
vn 0.9639 0.2639 -0.0356
vn -0.7552 0.2740 0.5954
vn -0.7552 0.2984 0.5836
vn -0.7544 0.3251 0.5701
vn -0.7536 0.3424 0.5610
vn -0.6823 0.3997 -0.6121
vn -0.6980 0.3798 -0.6070
vn -0.7127 0.3603 -0.6018
vn -0.7277 0.3396 -0.5958
vn -0.0083 0.9229 0.3850
vn 0.0629 0.9068 0.4167
vn 0.0274 0.9156 0.4012
vn 0.0975 0.8969 0.4312
vn -0.1419 -0.2405 -0.9602
vn -0.1819 -0.3880 -0.9035
vn -0.2270 -0.4782 -0.8484
vn -0.4994 -0.4284 -0.7530
vn -0.4279 -0.4530 -0.7821
vn -0.6114 -0.3569 -0.7062
vn -0.7161 -0.6882 0.1163
vn -0.7165 -0.6937 0.0729
vn -0.7610 -0.6442 0.0761
vn -0.8084 -0.5839 0.0738
vn -0.8502 -0.5176 0.0960
vn -0.5459 -0.4416 0.7120
vn -0.7368 -0.4010 0.5443
vn -0.7679 -0.2845 0.5739
vn -0.8698 -0.1661 0.4645
vn -0.7631 -0.0337 0.6454
vn 0.3948 -0.0099 0.9187
vn 0.3919 -0.0100 0.9199
vn 0.2520 -0.0128 0.9676
vn 0.2508 -0.0129 0.9679
vn 0.7855 -0.1290 0.6052
vn 0.7799 -0.0640 0.6225
vn 0.7759 -0.0320 0.6300
vn 0.7723 -0.0080 0.6352
vn -0.6539 0.0919 0.7509
vn 0.0565 0.0496 0.9972
vn 0.0480 0.0503 0.9976
vn 0.7427 -0.0219 0.6692
vn 0.8769 0.0563 -0.4772
vn 0.8766 -0.0689 -0.4763
vn 0.8779 0.0342 -0.4776
vn 0.8752 -0.0891 -0.4754
vn -0.7713 0.6227 0.1317
vn -0.7414 0.6113 0.2766
vn -0.7396 0.6105 0.2832
vn -0.7056 0.5923 0.3890
vn -0.7659 0.0078 0.6428
vn -0.7674 0.0137 0.6410
vn -0.8092 0.0984 0.5792
vn -0.7987 0.0803 0.5964
vn -0.8501 0.2125 0.4818
vn -0.4848 0.8745 -0.0130
vn -0.4829 0.7537 0.4457
vn -0.3971 0.6357 0.6619
vn -0.3631 0.0510 0.9303
vn -0.3231 -0.0819 0.9428
vn -0.3376 -0.4570 0.8229
vn -0.3207 -0.4820 0.8153
vn -0.0009 -0.4996 0.8662
vn 0.1964 -0.5650 0.8014
vn 0.0253 -0.5096 0.8600
vn 0.2665 -0.5823 0.7680
vn -0.7301 -0.4028 0.5520
vn -0.8104 -0.5192 0.2715
vn -0.8029 -0.5041 0.3179
vn -0.8119 -0.5832 -0.0261
vn -0.5187 -0.4045 0.7532
vn -0.5374 -0.3165 0.7817
vn -0.5265 -0.1372 0.8390
vn -0.5138 -0.0770 0.8544
vn -0.4678 -0.0776 0.8804
vn -0.2144 -0.0737 0.9739
vn -0.1763 -0.0206 0.9841
vn -0.0965 -0.5521 0.8282
vn 0.3117 -0.3880 0.8673
vn 0.2323 -0.8807 0.4127
vn 0.7760 -0.0832 0.6251
vn 0.2115 -0.2668 -0.9402
vn 0.1459 -0.2526 -0.9565
vn 0.1646 -0.2568 -0.9523
vn 0.0891 -0.2395 -0.9668
vn -0.4923 0.4916 -0.7183
vn -0.4700 0.5181 -0.7146
vn -0.6775 0.4220 -0.6024
vn -0.6400 0.4532 -0.6204
vn -0.9825 0.1766 -0.0587
vn -0.9695 0.1385 0.2019
vn -0.7419 0.1240 0.6589
vn -0.1832 0.0625 -0.9811
vn 0.4279 0.1749 -0.8867
vn 0.5272 0.1888 -0.8285
vn 0.9103 0.2172 -0.3524
vn 0.2124 0.3110 -0.9263
vn 0.2183 0.3209 -0.9216
vn 0.2209 0.3252 -0.9194
vn 0.2278 0.3367 -0.9136
vn -0.2667 0.3160 -0.9105
vn -0.2548 0.3283 -0.9095
vn -0.2491 0.3342 -0.9090
vn -0.2368 0.3467 -0.9076
vn -0.8784 -0.0195 -0.4776
vn -0.0581 0.1216 -0.9908
vn -0.8680 0.1121 -0.4837
vn 0.8889 -0.0537 -0.4549
vn 0.0588 0.1217 -0.9908
vn -0.6930 0.6611 0.2875
vn -0.1976 -0.8138 -0.5464
vn 0.0594 0.9963 0.0612
vn -0.5930 0.5095 -0.6235
vn 0.8016 0.3197 0.5051
vn 0.7807 -0.3206 0.5364
vn 0.8028 -0.3692 -0.4681
vn 0.8210 0.5708 -0.0097
vn 0.8311 0.2295 -0.5065
vn 0.7819 -0.6234 -0.0068
vn 0.8759 -0.1807 -0.4474
vn 0.8740 0.0737 -0.4803
vn -0.0650 0.5419 0.8379
vn 0.8625 0.1587 0.4806
vn 0.6930 0.6611 0.2875
vn -0.9078 0.0974 0.4079
vn -0.2576 -0.0934 0.9617
vn -0.0522 0.9967 0.0612
vn 0.5926 0.5100 -0.6235
vn 0.0952 0.9111 0.4009
vn -0.8015 0.3195 0.5054
vn -0.7809 -0.3205 0.5361
vn -0.8030 -0.3698 -0.4674
vn -0.8208 0.5711 -0.0105
vn -0.8310 0.2306 -0.5062
vn -0.7821 -0.6231 -0.0075
vn 0.1914 0.4357 -0.8795
vn -0.5649 -0.5406 -0.6234
vn 0.7459 0.0289 0.6654
vn 0.9168 0.0652 -0.3939
vn -0.9340 -0.1539 -0.3223
vn -0.0522 0.1928 -0.9798
vn -0.9169 0.0652 -0.3937
vn 0.9338 -0.1540 -0.3229
vn 0.0528 0.1929 -0.9798
vn 0.7421 0.3909 -0.5445
usemtl nose
s 1
f 1/1/1 2/2/2 3/3/3
f 2/2/2 4/4/4 3/3/3
usemtl mouth
f 5/5/5 6/6/6 7/7/7
f 6/6/6 8/8/8 7/7/7
f 9/9/9 10/10/9 11/11/9 12/12/9
f 13/13/10 14/14/10 15/15/10 16/16/10
usemtl hair
f 17/17/11 18/18/12 19/19/13
f 18/18/12 20/20/14 19/19/13
f 19/19/13 20/20/14 21/21/15
f 20/20/14 22/22/16 21/21/15
f 23/23/17 24/24/18 25/25/19
f 24/24/18 26/26/20 25/25/19
f 27/27/21 28/28/22 29/29/23
f 28/28/22 30/30/24 29/29/23
f 31/31/25 32/32/26 33/33/27
f 32/32/26 34/34/28 33/33/27
f 35/35/29 36/36/30 37/37/31
f 36/36/30 38/38/32 37/37/31
f 37/37/31 38/38/32 39/39/33
f 38/38/32 40/40/34 39/39/33
f 41/41/35 42/42/36 43/43/37
f 42/42/36 44/44/38 43/43/37
f 45/45/39 46/46/40 47/47/41
f 46/46/40 48/48/42 47/47/41
f 49/49/43 50/50/44 51/51/45
f 50/50/44 52/52/46 51/51/45
f 53/53/47 54/54/48 55/55/49
f 54/54/48 56/56/50 55/55/49
f 55/55/49 56/56/50 57/57/51
f 58/58/52 59/59/53 60/60/54
f 59/59/53 61/61/55 60/60/54
f 62/62/56 63/63/57 64/64/58
f 63/63/57 65/65/59 64/64/58
f 66/66/60 67/67/61 68/68/62
f 67/67/61 69/69/63 68/68/62
f 70/70/64 71/71/65 72/72/66
f 71/71/65 73/73/67 72/72/66
f 74/74/68 75/75/69 76/76/70
f 75/75/69 77/77/71 76/76/70
f 76/76/70 77/77/71 78/78/72
f 79/79/73 80/80/74 81/81/74
f 80/80/74 82/82/75 81/81/74
f 83/83/76 84/84/77 85/85/78
f 84/84/77 86/86/79 85/85/78
f 87/87/80 88/88/81 89/89/82
f 88/88/81 90/90/83 89/89/82
f 89/89/82 90/90/83 91/91/84
f 92/92/85 93/93/86 94/94/87
f 93/93/86 95/95/88 94/94/87
f 94/94/87 95/95/88 96/96/89
f 97/97/90 98/98/91 99/99/92
f 98/98/91 100/100/93 99/99/92
f 99/99/92 100/100/93 101/101/94
f 102/102/95 103/103/96 104/104/96
f 103/103/96 105/105/97 104/104/96
f 106/106/98 107/107/99 108/108/100
f 107/107/99 109/109/101 108/108/100
f 110/110/102 111/111/103 112/112/104
f 111/111/103 113/113/105 112/112/104
f 112/112/104 113/113/105 114/114/106
f 115/115/107 116/116/108 117/117/109
f 116/116/108 118/118/110 117/117/109
f 117/117/109 118/118/110 119/119/111
f 120/120/112 121/121/113 122/122/114
f 121/121/113 123/123/115 122/122/114
f 124/124/116 125/125/117 126/126/118
f 125/125/117 127/127/119 126/126/118
f 128/128/120 129/129/121 130/130/122
f 129/129/121 131/131/123 130/130/122
f 132/132/124 133/133/125 134/134/126
f 133/133/125 135/135/127 134/134/126
f 134/134/126 135/135/127 136/136/128
f 137/137/129 138/138/130 139/139/131
f 138/138/130 140/140/132 139/139/131
f 139/139/131 140/140/132 141/141/133
f 142/142/134 143/143/135 144/144/136
f 143/143/135 145/145/137 144/144/136
f 144/144/136 145/145/137 146/146/138
f 145/145/137 147/147/139 146/146/138
f 148/148/140 149/149/141 150/150/142
f 149/149/141 151/151/143 150/150/142
f 152/152/144 153/153/145 154/154/146
f 153/153/145 155/155/147 154/154/146
f 156/156/148 157/157/149 158/158/150
f 157/157/149 159/159/151 158/158/150
f 160/160/152 161/161/153 162/162/154
f 161/161/153 163/163/155 162/162/154
f 162/162/154 163/163/155 164/164/156
f 165/165/157 166/166/158 167/167/159
f 166/166/158 168/168/160 167/167/159
f 169/169/161 170/170/162 171/171/163
f 170/170/162 172/172/164 171/171/163
f 173/173/165 174/174/166 175/175/167
f 174/174/166 176/176/168 175/175/167
f 175/175/167 176/176/168 177/177/169
f 176/176/168 178/178/170 177/177/169
f 179/179/171 180/180/172 181/181/173
f 180/180/172 182/182/174 181/181/173
f 183/183/175 184/184/176 185/185/177
f 184/184/176 186/186/178 185/185/177
f 187/187/179 188/188/179 189/189/179
f 190/190/180 191/191/180 192/192/180
f 193/193/181 194/194/181 195/195/181
f 196/196/182 197/197/182 198/198/182
f 199/199/183 200/200/183 201/201/183
f 202/202/184 203/203/184 204/204/184
f 205/205/185 206/206/185 207/207/185
f 208/208/186 209/209/186 210/210/186
f 211/211/187 212/212/187 213/213/187
f 214/214/188 215/215/188 216/216/188
f 217/217/189 218/218/189 219/219/189
f 220/220/107 221/221/107 222/222/190
f 223/223/191 224/224/191 225/225/191
f 226/226/192 227/227/192 228/228/192
f 229/229/193 230/230/193 231/231/193
f 232/232/194 233/233/194 234/234/194
f 235/235/195 236/236/195 237/237/195
f 238/238/196 239/239/196 240/240/196
f 241/241/197 242/242/197 243/243/197
f 244/244/198 245/245/198 246/246/198
f 247/247/199 248/248/199 249/249/199
f 250/250/200 251/251/200 252/252/200
f 253/253/201 254/254/201 255/255/201
f 256/256/202 257/257/202 258/258/202
f 259/259/203 260/260/203 261/261/203
f 262/262/204 263/263/204 264/264/204
f 265/265/205 266/266/205 267/267/205
f 268/268/206 269/269/206 270/270/206
f 271/271/207 272/272/207 273/273/207
f 274/274/208 275/275/208 276/276/208
f 277/277/107 278/278/209 279/279/107
f 280/280/210 281/281/210 282/282/210
f 283/283/211 284/284/211 285/285/211
f 286/286/212 287/287/212 288/288/212
f 289/289/213 290/290/213 291/291/213
f 292/292/214 293/293/214 294/294/214
usemtl item
s off
f 461/295/215 462/296/215 463/297/215
f 467/298/216 468/299/216 469/300/216
s 1
f 295/301/217 296/302/217 298/303/218 297/304/219
f 297/304/219 298/303/218 300/305/220 299/306/221
f 299/306/221 300/305/220 302/307/222 301/308/223
f 301/308/223 302/307/222 304/309/224 303/310/224
f 305/311/225 306/312/225 308/313/226 307/314/227
f 307/314/227 308/313/226 310/315/228 309/316/229
f 309/316/229 310/315/228 312/317/230 311/318/231
f 311/318/231 312/317/230 314/319/232 313/320/232
f 315/321/233 316/322/234 317/323/235
f 316/322/234 318/324/236 317/323/235
f 317/323/235 318/324/236 319/325/237
f 318/324/236 320/326/238 319/325/237
f 321/327/239 322/328/240 323/329/241
f 322/328/240 324/330/242 323/329/241
f 323/329/241 324/330/242 325/331/243
f 324/330/242 326/332/244 325/331/243
f 325/331/243 326/332/244 327/333/245
f 328/334/246 329/335/247 330/336/248
f 329/335/247 331/337/249 330/336/248
f 330/336/248 331/337/249 332/338/250
f 331/337/249 333/339/251 332/338/250
f 332/338/250 333/339/251 334/340/252
f 335/341/253 336/342/254 337/343/255
f 336/342/254 338/344/256 337/343/255
f 339/345/257 340/346/258 341/347/259
f 340/346/258 342/348/260 341/347/259
f 343/349/261 344/350/262 345/351/263
f 344/350/262 346/352/264 345/351/263
f 347/353/265 348/354/266 349/355/267
f 348/354/266 350/356/268 349/355/267
f 349/355/267 350/356/268 351/357/269
f 352/358/270 353/359/271 354/360/272
f 353/359/271 355/361/273 354/360/272
f 356/362/274 357/363/275 358/364/276
f 357/363/275 359/365/277 358/364/276
f 360/366/278 361/367/279 362/368/280
f 361/367/279 363/369/281 362/368/280
f 364/370/282 365/371/283 366/372/284
f 365/371/283 367/373/285 366/372/284
f 368/374/286 369/375/287 370/376/288
f 369/375/287 371/377/289 370/376/288
f 372/378/290 373/379/291 374/380/292
f 373/379/291 375/381/293 374/380/292
f 376/382/294 377/383/295 378/384/296
f 377/383/295 379/385/297 378/384/296
f 378/384/296 379/385/297 380/386/298
f 379/385/297 381/387/299 380/386/298
f 382/388/300 383/389/301 384/390/302
f 383/389/301 385/391/303 384/390/302
f 386/392/304 387/393/305 388/394/306
f 387/393/305 389/395/307 388/394/306
f 390/396/308 391/397/309 392/398/310
f 391/397/309 393/399/311 392/398/310
f 392/398/310 393/399/311 394/400/312
f 393/399/311 395/401/313 394/400/312
f 394/400/312 395/401/313 396/402/314
f 395/401/313 397/403/315 396/402/314
f 396/402/314 397/403/315 398/404/316
f 397/403/315 399/405/317 398/404/316
f 398/404/316 399/405/317 400/406/318
f 401/407/319 402/408/320 403/409/321
f 402/408/320 404/410/322 403/409/321
f 405/411/323 406/412/324 407/413/325
f 406/412/324 408/414/326 407/413/325
f 409/415/327 410/416/328 411/417/329
f 410/416/328 412/418/330 411/417/329
f 413/419/331 414/420/332 415/421/333
f 414/420/332 416/422/334 415/421/333
f 417/423/335 418/424/336 419/425/337
f 418/424/336 420/426/338 419/425/337
f 419/425/337 420/426/338 421/427/339
f 420/426/338 422/428/340 421/427/339
f 423/429/341 424/430/342 425/431/343
f 424/430/342 426/432/344 425/431/343
f 425/431/343 426/432/344 427/433/345
f 426/432/344 428/434/346 427/433/345
f 427/433/345 428/434/346 429/435/347
f 430/436/348 431/437/349 432/438/350
f 431/437/349 433/439/351 432/438/350
f 432/438/350 433/439/351 434/440/352
f 433/439/351 435/441/353 434/440/352
f 434/440/352 435/441/353 436/442/354
f 437/443/355 438/444/356 439/445/357
f 438/444/356 440/446/358 439/445/357
f 441/447/359 442/448/360 443/449/361
f 442/448/360 444/450/362 443/449/361
f 443/449/361 444/450/362 445/451/363
f 446/452/364 447/453/364 448/454/364 449/455/364
f 450/456/365 451/457/365 452/458/365 453/459/365
f 454/460/366 455/461/366 456/462/366 457/463/366
f 458/464/367 459/465/367 460/466/367
f 464/467/368 465/468/368 466/469/368
f 470/470/369 471/471/369 472/472/369
f 473/473/370 474/474/370 475/475/370
usemtl skin
f 476/476/371 477/477/371 479/478/372 478/479/373
f 478/479/373 479/478/372 481/480/374 480/481/374
f 482/482/375 483/483/375 485/484/376 484/485/377
f 484/485/377 485/484/376 487/486/378 486/487/378
f 488/488/379 489/489/379 491/490/380 490/491/381
f 490/491/381 491/490/380 493/492/382 492/493/382
f 494/494/383 495/495/383 497/496/384 496/497/385
f 496/497/385 497/496/384 499/498/386 498/499/387
f 498/499/387 499/498/386 501/500/388 500/501/389
f 500/501/389 501/500/388 503/502/390 502/503/390
f 504/504/391 505/505/391 507/506/392 506/507/393
f 506/507/393 507/506/392 509/508/394 508/509/395
f 508/509/395 509/508/394 511/510/396 510/511/397
f 510/511/397 511/510/396 513/512/398 512/513/399
f 514/514/400 515/515/400 517/516/401 516/517/402
f 516/517/402 517/516/401 519/518/403 518/519/403
f 520/520/404 521/521/404 523/522/405 522/523/406
f 522/523/406 523/522/405 525/524/407 524/525/408
f 524/525/408 525/524/407 527/526/409 526/527/410
f 526/527/410 527/526/409 529/528/411 528/529/411
f 530/530/412 531/531/412 533/532/413 532/533/414
f 532/533/414 533/532/413 535/534/415 534/535/416
f 534/535/416 535/534/415 537/536/417 536/537/418
f 536/537/418 537/536/417 539/538/419 538/539/419
f 540/540/420 541/541/420 543/542/421 542/543/422
f 542/543/422 543/542/421 545/544/423 544/545/424
f 544/545/424 545/544/423 547/546/425 546/547/426
f 546/547/426 547/546/425 549/548/427 548/549/427
f 550/550/428 551/551/428 553/552/429 552/553/430
f 552/553/430 553/552/429 555/554/431 554/555/432
f 554/555/432 555/554/431 557/556/433 556/557/434
f 556/557/434 557/556/433 559/558/435 558/559/435
f 560/560/436 561/561/436 563/562/437 562/563/438
f 562/563/438 563/562/437 565/564/439 564/565/440
f 564/565/440 565/564/439 567/566/441 566/567/442
f 566/567/442 567/566/441 569/568/443 568/569/443
f 570/570/444 571/571/444 573/572/445 572/573/446
f 572/573/446 573/572/445 575/574/447 574/575/448
f 574/575/448 575/574/447 577/576/449 576/577/450
f 576/577/450 577/576/449 579/578/451 578/579/451
f 580/580/452 581/581/452 583/582/453 582/583/454
f 582/583/454 583/582/453 585/584/455 584/585/456
f 584/585/456 585/584/455 587/586/457 586/587/458
f 586/587/458 587/586/457 589/588/459 588/589/459
f 590/590/460 591/591/460 593/592/461 592/593/462
f 592/593/462 593/592/461 595/594/463 594/595/464
f 594/595/464 595/594/463 597/596/465 596/597/466
f 596/597/466 597/596/465 599/598/467 598/599/467
f 600/600/468 601/601/468 603/602/469 602/603/470
f 602/603/470 603/602/469 605/604/471 604/605/472
f 604/605/472 605/604/471 607/606/473 606/607/473
f 608/608/474 609/609/474 611/610/475 610/611/476
f 610/611/476 611/610/475 613/612/477 612/613/478
f 612/613/478 613/612/477 615/614/479 614/615/480
f 614/615/480 615/614/479 617/616/481 616/617/481
f 618/618/482 619/619/482 621/620/483 620/621/484
f 620/621/484 621/620/483 623/622/485 622/623/486
f 622/623/486 623/622/485 625/624/487 624/625/488
f 624/625/488 625/624/487 627/626/489 626/627/489
f 628/628/490 629/629/490 631/630/491 630/631/492
f 630/631/492 631/630/491 633/632/493 632/633/494
f 632/633/494 633/632/493 635/634/495 634/635/496
f 634/635/496 635/634/495 637/636/497 636/637/497
f 638/638/498 639/639/498 641/640/499 640/641/500
f 640/641/500 641/640/499 643/642/501 642/643/502
f 642/643/502 643/642/501 645/644/503 644/645/504
f 644/645/504 645/644/503 647/646/505 646/647/505
f 648/648/506 649/649/507 650/650/508
f 649/649/507 651/651/509 650/650/508
f 650/650/508 651/651/509 652/652/510
f 653/653/511 654/654/512 655/655/513
f 654/654/512 656/656/514 655/655/513
f 657/657/515 658/658/516 659/659/517
f 658/658/516 660/660/518 659/659/517
f 661/661/519 662/662/520 663/663/521
f 662/662/520 664/664/522 663/663/521
f 663/663/521 664/664/522 665/665/523
f 666/666/524 667/667/525 668/668/526
f 667/667/525 669/669/527 668/668/526
f 668/668/526 669/669/527 670/670/528
f 671/671/529 672/672/530 673/673/531
f 672/672/530 674/674/532 673/673/531
f 673/673/531 674/674/532 675/675/533
f 676/676/534 677/677/535 678/678/536
f 677/677/535 679/679/537 678/678/536
f 680/680/538 681/681/539 682/682/540
f 681/681/539 683/683/541 682/682/540
f 682/682/540 683/683/541 684/684/542
f 685/685/543 686/686/544 687/687/545
f 686/686/544 688/688/546 687/687/545
f 687/687/545 688/688/546 689/689/547
f 690/690/548 691/691/549 692/692/550
f 691/691/549 693/693/551 692/692/550
f 694/694/552 695/695/553 696/696/554
f 695/695/553 697/697/555 696/696/554
f 698/698/556 699/699/557 700/700/558
f 699/699/557 701/701/559 700/700/558
f 702/702/560 703/703/561 704/704/562
f 703/703/561 705/705/563 704/704/562
f 704/704/562 705/705/563 706/706/564
f 705/705/563 707/707/565 706/706/564
f 708/708/566 709/709/567 710/710/568
f 709/709/567 711/711/569 710/710/568
f 712/712/570 713/713/571 714/714/572
f 713/713/571 715/715/573 714/714/572
f 714/714/572 715/715/573 716/716/574
f 715/715/573 717/717/575 716/716/574
f 718/718/576 719/719/577 720/720/578
f 719/719/577 721/721/579 720/720/578
f 720/720/578 721/721/579 722/722/580
f 723/723/581 724/724/582 725/725/583
f 724/724/582 726/726/584 725/725/583
f 725/725/583 726/726/584 727/727/585
f 728/728/586 729/729/587 730/730/588
f 729/729/587 731/731/589 730/730/588
f 730/730/588 731/731/589 732/732/590
f 733/733/591 734/734/592 735/735/593
f 734/734/592 736/736/594 735/735/593
f 737/737/595 738/738/596 739/739/597
f 738/738/596 740/740/598 739/739/597
f 739/739/597 740/740/598 741/741/599
f 740/740/598 742/742/600 741/741/599
f 743/743/601 744/744/602 745/745/603
f 744/744/602 746/746/604 745/745/603
f 747/747/605 748/748/606 749/749/607
f 748/748/606 750/750/608 749/749/607
f 751/751/609 752/752/610 753/753/611
f 752/752/610 754/754/612 753/753/611
f 755/755/613 756/756/614 757/757/615
f 756/756/614 758/758/616 757/757/615
f 759/759/617 760/760/618 761/761/619
f 760/760/618 762/762/620 761/761/619
f 763/763/621 764/764/622 765/765/623
f 764/764/622 766/766/624 765/765/623
f 765/765/623 766/766/624 767/767/625
f 768/768/626 769/769/627 770/770/628
f 769/769/627 771/771/629 770/770/628
f 772/772/630 773/773/631 774/774/632
f 773/773/631 775/775/633 774/774/632
f 776/776/634 777/777/634 778/778/634 779/779/634
f 780/780/635 781/781/635 782/782/635 783/783/635
f 784/784/636 785/785/636 786/786/636 787/787/636
f 788/788/637 789/789/637 790/790/637 791/791/637
f 792/792/638 793/793/638 794/794/638 795/795/638
f 796/796/639 797/797/639 798/798/639 799/799/639
f 800/800/640 801/801/640 802/802/640 803/803/640
f 804/804/641 805/805/641 806/806/641 807/807/641
f 808/808/642 809/809/642 810/810/642 811/811/642
f 812/812/643 813/813/643 814/814/643
f 815/815/644 816/816/644 817/817/644
f 818/818/645 819/819/645 820/820/645
f 821/821/646 822/822/646 823/823/646
f 824/824/647 825/825/647 826/826/647
f 827/827/648 828/828/648 829/829/648
f 830/830/649 831/831/649 832/832/649
f 833/833/650 834/834/650 835/835/650
f 836/836/651 837/837/651 838/838/651
f 839/839/652 840/840/652 841/841/652
usemtl wear
s off
f 1077/842/653 1078/843/653 1079/844/653
f 1078/843/653 1080/845/653 1079/844/653
f 1313/846/654 1314/847/654 1315/848/654
f 1314/847/654 1316/849/654 1315/848/654
f 1505/850/655 1506/851/655 1507/852/655
f 1532/853/656 1533/854/656 1534/855/656
f 1556/856/655 1557/857/655 1558/858/655
f 1586/859/657 1587/860/657 1588/861/657
s 1
f 842/862/658 843/863/658 845/864/659 844/865/660
f 844/865/660 845/864/659 847/866/661 846/867/662
f 846/867/662 847/866/661 849/868/663 848/869/664
f 848/869/664 849/868/663 851/870/665 850/871/666
f 850/871/666 851/870/665 853/872/667 852/873/668
f 852/873/668 853/872/667 855/874/669 854/875/669
f 856/876/670 857/877/670 859/878/671 858/879/672
f 858/879/672 859/878/671 861/880/673 860/881/673
f 862/882/674 863/883/674 865/884/675 864/885/676
f 864/885/676 865/884/675 867/886/677 866/887/677
f 868/888/678 869/889/678 871/890/679 870/891/680
f 870/891/680 871/890/679 873/892/681 872/893/682
f 872/893/682 873/892/681 875/894/683 874/895/684
f 874/895/684 875/894/683 877/896/685 876/897/686
f 876/897/686 877/896/685 879/898/687 878/899/687
f 880/900/688 881/901/688 883/902/689 882/903/690
f 882/903/690 883/902/689 885/904/691 884/905/692
f 884/905/692 885/904/691 887/906/693 886/907/694
f 886/907/694 887/906/693 889/908/695 888/909/695
f 890/910/696 891/911/696 893/912/697 892/913/698
f 892/913/698 893/912/697 895/914/699 894/915/699
f 894/915/699 895/914/699 897/916/700 896/917/701
f 896/917/701 897/916/700 899/918/702 898/919/703
f 898/919/703 899/918/702 901/920/704 900/921/705
f 900/921/705 901/920/704 903/922/706 902/923/706
f 904/924/707 905/925/707 907/926/708 906/927/709
f 906/927/709 907/926/708 909/928/710 908/929/710
f 910/930/711 911/931/711 913/932/712 912/933/713
f 912/933/713 913/932/712 915/934/714 914/935/715
f 914/935/715 915/934/714 917/936/716 916/937/717
f 916/937/717 917/936/716 919/938/718 918/939/718
f 920/940/719 921/941/719 923/942/720 922/943/721
f 922/943/721 923/942/720 925/944/722 924/945/722
f 924/945/722 925/944/722 927/946/723 926/947/724
f 926/947/724 927/946/723 929/948/725 928/949/726
f 928/949/726 929/948/725 931/950/727 930/951/727
f 932/952/728 933/953/728 935/954/729 934/955/730
f 934/955/730 935/954/729 937/956/731 936/957/732
f 936/957/732 937/956/731 939/958/733 938/959/734
f 938/959/734 939/958/733 941/960/735 940/961/735
f 942/962/736 943/963/736 945/964/737 944/965/738
f 944/965/738 945/964/737 947/966/739 946/967/739
f 948/968/740 949/969/740 951/970/741 950/971/742
f 950/971/742 951/970/741 953/972/743 952/973/744
f 952/973/744 953/972/743 955/974/745 954/975/746
f 954/975/746 955/974/745 957/976/747 956/977/748
f 956/977/748 957/976/747 959/978/749 958/979/749
f 960/980/750 961/981/751 962/982/752
f 961/981/751 963/983/753 962/982/752
f 964/984/754 965/985/755 966/986/756
f 965/985/755 967/987/757 966/986/756
f 966/986/756 967/987/757 968/988/758
f 967/987/757 969/989/759 968/988/758
f 968/988/758 969/989/759 970/990/760
f 969/989/759 971/991/761 970/990/760
f 970/990/760 971/991/761 972/992/762
f 971/991/761 973/993/763 972/992/762
f 972/992/762 973/993/763 974/994/764
f 975/995/765 976/996/766 977/997/767
f 976/996/766 978/998/768 977/997/767
f 977/997/767 978/998/768 979/999/769
f 980/1000/770 981/1001/771 982/1002/772
f 981/1001/771 983/1003/773 982/1002/772
f 982/1002/772 983/1003/773 984/1004/774
f 983/1003/773 985/1005/775 984/1004/774
f 984/1004/774 985/1005/775 986/1006/776
f 987/1007/777 988/1008/778 989/1009/779
f 988/1008/778 990/1010/780 989/1009/779
f 989/1009/779 990/1010/780 991/1011/781
f 990/1010/780 992/1012/782 991/1011/781
f 991/1011/781 992/1012/782 993/1013/783
f 994/1014/784 995/1015/785 996/1016/786
f 995/1015/785 997/1017/787 996/1016/786
f 998/1018/788 999/1019/789 1000/1020/789
f 999/1019/789 1001/1021/790 1000/1020/789
f 1002/1022/791 1003/1023/792 1004/1024/793
f 1003/1023/792 1005/1025/794 1004/1024/793
f 1006/1026/795 1007/1027/796 1008/1028/797
f 1007/1027/796 1009/1029/798 1008/1028/797
f 1008/1028/797 1009/1029/798 1010/1030/799
f 1009/1029/798 1011/1031/800 1010/1030/799
f 1010/1030/799 1011/1031/800 1012/1032/801
f 1013/1033/802 1014/1034/803 1015/1035/804
f 1014/1034/803 1016/1036/805 1015/1035/804
f 1015/1035/804 1016/1036/805 1017/1037/806
f 1016/1036/805 1018/1038/807 1017/1037/806
f 1019/1039/808 1020/1040/809 1021/1041/810
f 1020/1040/809 1022/1042/811 1021/1041/810
f 1021/1041/810 1022/1042/811 1023/1043/812
f 1022/1042/811 1024/1044/813 1023/1043/812
f 1023/1043/812 1024/1044/813 1025/1045/814
f 1024/1044/813 1026/1046/815 1025/1045/814
f 1027/1047/816 1028/1048/817 1029/1049/818
f 1028/1048/817 1030/1050/819 1029/1049/818
f 1029/1049/818 1030/1050/819 1031/1051/820
f 1032/1052/821 1033/1053/822 1034/1054/823
f 1033/1053/822 1035/1055/824 1034/1054/823
f 1034/1054/823 1035/1055/824 1036/1056/825
f 1037/1057/826 1038/1058/827 1039/1059/828
f 1038/1058/827 1040/1060/829 1039/1059/828
f 1039/1059/828 1040/1060/829 1041/1061/830
f 1040/1060/829 1042/1062/831 1041/1061/830
f 1043/1063/832 1044/1064/833 1045/1065/834
f 1044/1064/833 1046/1066/835 1045/1065/834
f 1045/1065/834 1046/1066/835 1047/1067/836
f 1048/1068/837 1049/1069/838 1050/1070/839
f 1049/1069/838 1051/1071/840 1050/1070/839
f 1052/1072/841 1053/1073/842 1054/1074/843
f 1053/1073/842 1055/1075/844 1054/1074/843
f 1054/1074/843 1055/1075/844 1056/1076/845
f 1057/1077/846 1058/1078/847 1059/1079/848
f 1058/1078/847 1060/1080/849 1059/1079/848
f 1059/1079/848 1060/1080/849 1061/1081/850
f 1062/1082/851 1063/1083/852 1064/1084/853
f 1063/1083/852 1065/1085/854 1064/1084/853
f 1064/1084/853 1065/1085/854 1066/1086/855
f 1065/1085/854 1067/1087/856 1066/1086/855
f 1066/1086/855 1067/1087/856 1068/1088/857
f 1067/1087/856 1069/1089/858 1068/1088/857
f 1068/1088/857 1069/1089/858 1070/1090/859
f 1069/1089/858 1071/1091/860 1070/1090/859
f 1070/1090/859 1071/1091/860 1072/1092/861
f 1073/1093/862 1074/1094/862 1075/1095/862
f 1074/1094/862 1076/1096/862 1075/1095/862
f 1081/1097/863 1082/1098/864 1083/1099/865
f 1082/1098/864 1084/1100/866 1083/1099/865
f 1083/1099/865 1084/1100/866 1085/1101/867
f 1084/1100/866 1086/1102/868 1085/1101/867
f 1087/1103/869 1088/1104/870 1089/1105/871
f 1088/1104/870 1090/1106/872 1089/1105/871
f 1091/1107/873 1092/1108/874 1093/1109/875
f 1092/1108/874 1094/1110/876 1093/1109/875
f 1095/1111/877 1096/1112/878 1097/1113/879
f 1096/1112/878 1098/1114/880 1097/1113/879
f 1097/1113/879 1098/1114/880 1099/1115/881
f 1098/1114/880 1100/1116/882 1099/1115/881
f 1099/1115/881 1100/1116/882 1101/1117/883
f 1100/1116/882 1102/1118/884 1101/1117/883
f 1101/1117/883 1102/1118/884 1103/1119/885
f 1104/1120/886 1105/1121/887 1106/1122/888
f 1105/1121/887 1107/1123/889 1106/1122/888
f 1108/1124/890 1109/1125/891 1110/1126/892
f 1109/1125/891 1111/1127/893 1110/1126/892
f 1110/1126/892 1111/1127/893 1112/1128/894
f 1111/1127/893 1113/1129/895 1112/1128/894
f 1114/1130/896 1115/1131/897 1116/1132/898
f 1115/1131/897 1117/1133/899 1116/1132/898
f 1118/1134/900 1119/1135/901 1120/1136/902
f 1119/1135/901 1121/1137/903 1120/1136/902
f 1122/1138/904 1123/1139/905 1124/1140/906
f 1123/1139/905 1125/1141/907 1124/1140/906
f 1126/1142/908 1127/1143/909 1128/1144/910
f 1127/1143/909 1129/1145/911 1128/1144/910
f 1128/1144/910 1129/1145/911 1130/1146/912
f 1131/1147/913 1132/1148/914 1133/1149/915
f 1132/1148/914 1134/1150/916 1133/1149/915
f 1135/1151/107 1136/1152/917 1137/1153/918
f 1136/1152/917 1138/1154/919 1137/1153/918
f 1137/1153/918 1138/1154/919 1139/1155/920
f 1138/1154/919 1140/1156/921 1139/1155/920
f 1139/1155/920 1140/1156/921 1141/1157/922
f 1142/1158/923 1143/1159/924 1144/1160/925
f 1143/1159/924 1145/1161/926 1144/1160/925
f 1146/1162/927 1147/1163/928 1148/1164/929
f 1147/1163/928 1149/1165/930 1148/1164/929
f 1148/1164/929 1149/1165/930 1150/1166/931
f 1149/1165/930 1151/1167/932 1150/1166/931
f 1152/1168/933 1153/1169/934 1154/1170/935
f 1153/1169/934 1155/1171/936 1154/1170/935
f 1154/1170/935 1155/1171/936 1156/1172/937
f 1155/1171/936 1157/1173/938 1156/1172/937
f 1156/1172/937 1157/1173/938 1158/1174/939
f 1159/1175/940 1160/1176/941 1161/1177/942
f 1160/1176/941 1162/1178/943 1161/1177/942
f 1163/1179/944 1164/1180/945 1165/1181/946
f 1164/1180/945 1166/1182/947 1165/1181/946
f 1167/1183/948 1168/1184/949 1169/1185/950
f 1168/1184/949 1170/1186/951 1169/1185/950
f 1171/1187/952 1172/1188/953 1173/1189/954
f 1172/1188/953 1174/1190/955 1173/1189/954
f 1173/1189/954 1174/1190/955 1175/1191/956
f 1176/1192/957 1177/1193/958 1178/1194/959
f 1177/1193/958 1179/1195/960 1178/1194/959
f 1180/1196/961 1181/1197/962 1182/1198/963
f 1181/1197/962 1183/1199/964 1182/1198/963
f 1184/1200/965 1185/1201/966 1186/1202/967
f 1185/1201/966 1187/1203/968 1186/1202/967
f 1188/1204/969 1189/1205/970 1190/1206/971
f 1189/1205/970 1191/1207/972 1190/1206/971
f 1192/1208/973 1193/1209/974 1194/1210/975
f 1193/1209/974 1195/1211/976 1194/1210/975
f 1194/1210/975 1195/1211/976 1196/1212/977
f 1197/1213/978 1198/1214/979 1199/1215/980
f 1198/1214/979 1200/1216/981 1199/1215/980
f 1199/1215/980 1200/1216/981 1201/1217/982
f 1200/1216/981 1202/1218/983 1201/1217/982
f 1201/1217/982 1202/1218/983 1203/1219/984
f 1204/1220/985 1205/1221/986 1206/1222/987
f 1205/1221/986 1207/1223/988 1206/1222/987
f 1208/1224/989 1209/1225/990 1210/1226/991
f 1209/1225/990 1211/1227/992 1210/1226/991
f 1210/1226/991 1211/1227/992 1212/1228/993
f 1211/1227/992 1213/1229/994 1212/1228/993
f 1214/1230/995 1215/1231/996 1216/1232/997
f 1215/1231/996 1217/1233/998 1216/1232/997
f 1218/1234/999 1219/1235/1000 1220/1236/1001
f 1219/1235/1000 1221/1237/1002 1220/1236/1001
f 1220/1236/1001 1221/1237/1002 1222/1238/1003
f 1221/1237/1002 1223/1239/1004 1222/1238/1003
f 1222/1238/1003 1223/1239/1004 1224/1240/1005
f 1223/1239/1004 1225/1241/1006 1224/1240/1005
f 1224/1240/1005 1225/1241/1006 1226/1242/1007
f 1225/1241/1006 1227/1243/1008 1226/1242/1007
f 1226/1242/1007 1227/1243/1008 1228/1244/1009
f 1227/1243/1008 1229/1245/1010 1228/1244/1009
f 1228/1244/1009 1229/1245/1010 1230/1246/1011
f 1231/1247/1012 1232/1248/1013 1233/1249/1014
f 1232/1248/1013 1234/1250/1015 1233/1249/1014
f 1235/1251/1016 1236/1252/1017 1237/1253/1018
f 1236/1252/1017 1238/1254/1019 1237/1253/1018
f 1237/1253/1018 1238/1254/1019 1239/1255/1020
f 1240/1256/1021 1241/1257/1022 1242/1258/1023
f 1241/1257/1022 1243/1259/1024 1242/1258/1023
f 1242/1258/1023 1243/1259/1024 1244/1260/1025
f 1245/1261/1026 1246/1262/1027 1247/1263/1028
f 1246/1262/1027 1248/1264/1029 1247/1263/1028
f 1247/1263/1028 1248/1264/1029 1249/1265/1030
f 1248/1264/1029 1250/1266/1031 1249/1265/1030
f 1249/1265/1030 1250/1266/1031 1251/1267/1032
f 1252/1268/1033 1253/1269/1034 1254/1270/1035
f 1253/1269/1034 1255/1271/1036 1254/1270/1035
f 1254/1270/1035 1255/1271/1036 1256/1272/1037
f 1255/1271/1036 1257/1273/1038 1256/1272/1037
f 1258/1274/1039 1259/1275/1040 1260/1276/1041
f 1259/1275/1040 1261/1277/1042 1260/1276/1041
f 1260/1276/1041 1261/1277/1042 1262/1278/1043
f 1263/1279/1044 1264/1280/1045 1265/1281/1046
f 1264/1280/1045 1266/1282/1047 1265/1281/1046
f 1265/1281/1046 1266/1282/1047 1267/1283/1048
f 1268/1284/1049 1269/1285/1050 1270/1286/1051
f 1269/1285/1050 1271/1287/1052 1270/1286/1051
f 1272/1288/1053 1273/1289/1054 1274/1290/1055
f 1273/1289/1054 1275/1291/1056 1274/1290/1055
f 1276/1292/1057 1277/1293/1058 1278/1294/1059
f 1277/1293/1058 1279/1295/1060 1278/1294/1059
f 1280/1296/1061 1281/1297/1062 1282/1298/1063
f 1281/1297/1062 1283/1299/1064 1282/1298/1063
f 1282/1298/1063 1283/1299/1064 1284/1300/1065
f 1283/1299/1064 1285/1301/1066 1284/1300/1065
f 1284/1300/1065 1285/1301/1066 1286/1302/1067
f 1287/1303/1068 1288/1304/1069 1289/1305/1070
f 1288/1304/1069 1290/1306/1071 1289/1305/1070
f 1289/1305/1070 1290/1306/1071 1291/1307/1072
f 1290/1306/1071 1292/1308/1073 1291/1307/1072
f 1291/1307/1072 1292/1308/1073 1293/1309/1074
f 1294/1310/1075 1295/1311/1076 1296/1312/1077
f 1295/1311/1076 1297/1313/1078 1296/1312/1077
f 1296/1312/1077 1297/1313/1078 1298/1314/1079
f 1297/1313/1078 1299/1315/1080 1298/1314/1079
f 1300/1316/1081 1301/1317/1082 1302/1318/1083
f 1301/1317/1082 1303/1319/1084 1302/1318/1083
f 1302/1318/1083 1303/1319/1084 1304/1320/1085
f 1303/1319/1084 1305/1321/1086 1304/1320/1085
f 1304/1320/1085 1305/1321/1086 1306/1322/1087
f 1305/1321/1086 1307/1323/1088 1306/1322/1087
f 1308/1324/1089 1309/1325/1089 1310/1326/1090
f 1309/1325/1089 1311/1327/1091 1310/1326/1090
f 1310/1326/1090 1311/1327/1091 1312/1328/1092
f 1317/1329/1093 1318/1330/1094 1319/1331/1095
f 1318/1330/1094 1320/1332/1096 1319/1331/1095
f 1321/1333/1097 1322/1334/1098 1323/1335/1099
f 1322/1334/1098 1324/1336/1100 1323/1335/1099
f 1323/1335/1099 1324/1336/1100 1325/1337/1101
f 1324/1336/1100 1326/1338/1102 1325/1337/1101
f 1325/1337/1101 1326/1338/1102 1327/1339/1103
f 1326/1338/1102 1328/1340/1104 1327/1339/1103
f 1329/1341/1105 1330/1342/1106 1331/1343/1107
f 1330/1342/1106 1332/1344/1108 1331/1343/1107
f 1331/1343/1107 1332/1344/1108 1333/1345/1109
f 1332/1344/1108 1334/1346/1110 1333/1345/1109
f 1333/1345/1109 1334/1346/1110 1335/1347/1111
f 1334/1346/1110 1336/1348/1112 1335/1347/1111
f 1335/1347/1111 1336/1348/1112 1337/1349/1113
f 1336/1348/1112 1338/1350/1114 1337/1349/1113
f 1339/1351/1115 1340/1352/1116 1341/1353/1117
f 1340/1352/1116 1342/1354/1118 1341/1353/1117
f 1343/1355/1119 1344/1356/1120 1345/1357/1121
f 1344/1356/1120 1346/1358/1122 1345/1357/1121
f 1345/1357/1121 1346/1358/1122 1347/1359/1123
f 1348/1360/1124 1349/1361/1125 1350/1362/1126
f 1349/1361/1125 1351/1363/1127 1350/1362/1126
f 1352/1364/1128 1353/1365/1129 1354/1366/1130
f 1353/1365/1129 1355/1367/1131 1354/1366/1130
f 1354/1366/1130 1355/1367/1131 1356/1368/1132
f 1355/1367/1131 1357/1369/1133 1356/1368/1132
f 1358/1370/107 1359/1371/1134 1360/1372/1135
f 1359/1371/1134 1361/1373/1136 1360/1372/1135
f 1362/1374/1137 1363/1375/1138 1364/1376/1139
f 1363/1375/1138 1365/1377/1140 1364/1376/1139
f 1364/1376/1139 1365/1377/1140 1366/1378/1141
f 1367/1379/1142 1368/1380/1143 1369/1381/1144
f 1368/1380/1143 1370/1382/1145 1369/1381/1144
f 1369/1381/1144 1370/1382/1145 1371/1383/1146
f 1370/1382/1145 1372/1384/1147 1371/1383/1146
f 1371/1383/1146 1372/1384/1147 1373/1385/1148
f 1374/1386/1149 1375/1387/1150 1376/1388/1151
f 1375/1387/1150 1377/1389/1152 1376/1388/1151
f 1378/1390/1153 1379/1391/1154 1380/1392/1155
f 1379/1391/1154 1381/1393/1156 1380/1392/1155
f 1382/1394/1157 1383/1395/1158 1384/1396/1159
f 1383/1395/1158 1385/1397/1160 1384/1396/1159
f 1386/1398/1161 1387/1399/1162 1388/1400/1163
f 1387/1399/1162 1389/1401/1164 1388/1400/1163
f 1388/1400/1163 1389/1401/1164 1390/1402/1165
f 1389/1401/1164 1391/1403/1166 1390/1402/1165
f 1392/1404/1167 1393/1405/1168 1394/1406/1169
f 1393/1405/1168 1395/1407/1170 1394/1406/1169
f 1394/1406/1169 1395/1407/1170 1396/1408/1171
f 1397/1409/1172 1398/1410/1173 1399/1411/1174
f 1398/1410/1173 1400/1412/1175 1399/1411/1174
f 1399/1411/1174 1400/1412/1175 1401/1413/1176
f 1402/1414/1177 1403/1415/1178 1404/1416/1179
f 1403/1415/1178 1405/1417/1180 1404/1416/1179
f 1406/1418/1181 1407/1419/1182 1408/1420/1183
f 1407/1419/1182 1409/1421/1184 1408/1420/1183
f 1410/1422/1185 1411/1423/1186 1412/1424/1187
f 1411/1423/1186 1413/1425/1188 1412/1424/1187
f 1414/1426/1189 1415/1427/1190 1416/1428/1191
f 1415/1427/1190 1417/1429/1192 1416/1428/1191
f 1418/1430/1193 1419/1431/1194 1420/1432/1195
f 1419/1431/1194 1421/1433/1196 1420/1432/1195
f 1422/1434/1197 1423/1435/1198 1424/1436/1199
f 1423/1435/1198 1425/1437/1200 1424/1436/1199
f 1424/1436/1199 1425/1437/1200 1426/1438/1201
f 1427/1439/1202 1428/1440/1203 1429/1441/1204
f 1428/1440/1203 1430/1442/1205 1429/1441/1204
f 1429/1441/1204 1430/1442/1205 1431/1443/1206
f 1430/1442/1205 1432/1444/1207 1431/1443/1206
f 1431/1443/1206 1432/1444/1207 1433/1445/1208
f 1434/1446/1209 1435/1447/1210 1436/1448/1211
f 1435/1447/1210 1437/1449/1212 1436/1448/1211
f 1438/1450/1213 1439/1451/1214 1440/1452/1215
f 1439/1451/1214 1441/1453/1216 1440/1452/1215
f 1442/1454/1217 1443/1455/1218 1444/1456/1219
f 1443/1455/1218 1445/1457/1220 1444/1456/1219
f 1444/1456/1219 1445/1457/1220 1446/1458/1221
f 1447/1459/1222 1448/1460/1223 1449/1461/1224
f 1448/1460/1223 1450/1462/1225 1449/1461/1224
f 1449/1461/1224 1450/1462/1225 1451/1463/1226
f 1450/1462/1225 1452/1464/1227 1451/1463/1226
f 1453/1465/1228 1454/1466/1229 1455/1467/1230
f 1454/1466/1229 1456/1468/1231 1455/1467/1230
f 1457/1469/1232 1458/1470/1233 1459/1471/1234
f 1458/1470/1233 1460/1472/1235 1459/1471/1234
f 1459/1471/1234 1460/1472/1235 1461/1473/1236
f 1460/1472/1235 1462/1474/1237 1461/1473/1236
f 1461/1473/1236 1462/1474/1237 1463/1475/1238
f 1464/1476/1239 1465/1477/1240 1466/1478/1241
f 1465/1477/1240 1467/1479/1242 1466/1478/1241
f 1468/1480/1243 1469/1481/1244 1470/1482/1245
f 1469/1481/1244 1471/1483/1246 1470/1482/1245
f 1472/1484/1247 1473/1485/1248 1474/1486/1249
f 1473/1485/1248 1475/1487/1250 1474/1486/1249
f 1476/1488/1251 1477/1489/1251 1478/1490/1251 1479/1491/1251
f 1480/1492/1252 1481/1493/1252 1482/1494/1252 1483/1495/1252
f 1484/1496/1253 1485/1497/1253 1486/1498/1253 1487/1499/1253
f 1488/1500/1254 1489/1501/1254 1490/1502/1254 1491/1503/1254
f 1492/1504/1255 1493/1505/1255 1494/1506/1255 1495/1507/1255
f 1496/1508/1256 1497/1509/1256 1498/1510/1256
f 1499/1511/1257 1500/1512/1257 1501/1513/1257
f 1502/1514/1092 1503/1515/1092 1504/1516/1092
f 1508/1517/107 1509/1518/107 1510/1519/1258
f 1511/1520/1259 1512/1521/1259 1513/1522/1259
f 1514/1523/1260 1515/1524/1260 1516/1525/1260
f 1517/1526/1261 1518/1527/1261 1519/1528/1261
f 1520/1529/1262 1521/1530/1262 1522/1531/1262
f 1523/1532/1263 1524/1533/1263 1525/1534/1263
f 1526/1535/1264 1527/1536/1264 1528/1537/1264
f 1529/1538/1265 1530/1539/1265 1531/1540/1265
f 1535/1541/1266 1536/1542/1266 1537/1543/1266
f 1538/1544/1267 1539/1545/1267 1540/1546/1267
f 1541/1547/1268 1542/1548/1268 1543/1549/1268
f 1544/1550/1269 1545/1551/1269 1546/1552/1269
f 1547/1553/1270 1548/1554/1270 1549/1555/1270
f 1550/1556/1271 1551/1557/1271 1552/1558/1271
f 1553/1559/1272 1554/1560/1272 1555/1561/1272
f 1559/1562/107 1560/1563/1273 1561/1564/107
f 1562/1565/1274 1563/1566/1274 1564/1567/1274
f 1565/1568/1275 1566/1569/1275 1567/1570/1275
f 1568/1571/1276 1569/1572/1276 1570/1573/1276
f 1571/1574/1277 1572/1575/1277 1573/1576/1277
f 1574/1577/1278 1575/1578/1278 1576/1579/1278
f 1577/1580/1279 1578/1581/1279 1579/1582/1279
f 1580/1583/1280 1581/1584/1280 1582/1585/1280
f 1583/1586/1281 1584/1587/1281 1585/1588/1281
f 1589/1589/1282 1590/1590/1282 1591/1591/1282
f 1592/1592/1283 1593/1593/1283 1594/1594/1283
f 1595/1595/1284 1596/1596/1284 1597/1597/1284
f 1598/1598/1285 1599/1599/1285 1600/1600/1285
f 1601/1601/1286 1602/1602/1286 1603/1603/1286
f 1604/1604/1287 1605/1605/1287 1606/1606/1287
f 1607/1607/1288 1608/1608/1288 1609/1609/1288
f 1610/1610/1289 1611/1611/1289 1612/1612/1289
f 1613/1613/1290 1614/1614/1290 1615/1615/1290
f 1616/1616/1291 1617/1617/1291 1618/1618/1291
