<?xml version="1.0" encoding="UTF-8"?>
<COLLADA xmlns="http://www.collada.org/2005/11/COLLADASchema" version="1.4.1">
 <asset>
  <contributor>
   <authoring_tool>ExpCollada for Metasequoia</authoring_tool>
  </contributor>
  <created>2024-08-02T01:37:47Z</created>
  <modified>2024-08-02T01:37:47Z</modified>
  <up_axis>Y_UP</up_axis>
 </asset>
 <library_cameras>
  <camera id="Camera-Camera" name="Camera-Camera">
   <optics>
    <technique_common>
     <perspective>
      <yfov>0.000</yfov>
      <znear>0.1</znear>
      <zfar>10000.0</zfar>
     </perspective>
    </technique_common>
   </optics>
  </camera>
 </library_cameras>
 <library_images>
  <image id="texture1" name="texture1">
   <init_from>mat2.png</init_from>
  </image>
  <image id="texture2" name="texture2">
   <init_from>mat3.png</init_from>
  </image>
  <image id="texture3" name="texture3">
   <init_from>mat4.png</init_from>
  </image>
  <image id="texture4" name="texture4">
   <init_from>mat6.png</init_from>
  </image>
  <image id="texture5" name="texture5">
   <init_from>mat5.png</init_from>
  </image>
  <image id="texture6" name="texture6">
   <init_from>mat7.png</init_from>
  </image>
  <image id="texture7" name="texture7">
   <init_from>mat1.png</init_from>
  </image>
 </library_images>
 <library_effects>
  <effect id="mat2.png-fx" name="mat2.png-fx">
   <profile_COMMON>
    <newparam sid="texture1-surface">
     <surface type="2D">
      <init_from>texture1</init_from>
     </surface>
    </newparam>
    <newparam sid="texture1-sampler">
    <sampler2D>
     <source>texture1-surface</source>
     <minfilter>LINEAR</minfilter>
     <magfilter>LINEAR</magfilter>
    </sampler2D>
   </newparam>
    <technique sid="metaseq">
     <phong>
      <emission>
       <color>0.500 0.500 0.500 1</color>
      </emission>
      <ambient>
       <color>0.000 0.000 0.000 1</color>
      </ambient>
      <diffuse>
       <texture texture="texture1-sampler" texcoord="UVSET0"/>
      </diffuse>
      <specular>
       <color>0.000 0.000 0.000 1</color>
      </specular>
      <shininess>
       <float>0.000</float>
      </shininess>
      <reflective>
       <color>1 1 1 1</color>
      </reflective>
      <reflectivity>
       <float>0.0</float>
      </reflectivity>
      <transparent>
       <color>1 1 1 1</color>
      </transparent>
      <transparency>
       <float>1.000</float>
      </transparency>
     </phong>
    </technique>
   </profile_COMMON>
  </effect>
  <effect id="mat3.png-fx" name="mat3.png-fx">
   <profile_COMMON>
    <newparam sid="texture2-surface">
     <surface type="2D">
      <init_from>texture2</init_from>
     </surface>
    </newparam>
    <newparam sid="texture2-sampler">
    <sampler2D>
     <source>texture2-surface</source>
     <minfilter>LINEAR</minfilter>
     <magfilter>LINEAR</magfilter>
    </sampler2D>
   </newparam>
    <technique sid="metaseq">
     <phong>
      <emission>
       <color>0.500 0.500 0.500 1</color>
      </emission>
      <ambient>
       <color>0.000 0.000 0.000 1</color>
      </ambient>
      <diffuse>
       <texture texture="texture2-sampler" texcoord="UVSET0"/>
      </diffuse>
      <specular>
       <color>0.000 0.000 0.000 1</color>
      </specular>
      <shininess>
       <float>0.000</float>
      </shininess>
      <reflective>
       <color>1 1 1 1</color>
      </reflective>
      <reflectivity>
       <float>0.0</float>
      </reflectivity>
      <transparent>
       <color>1 1 1 1</color>
      </transparent>
      <transparency>
       <float>1.000</float>
      </transparency>
     </phong>
    </technique>
   </profile_COMMON>
  </effect>
  <effect id="mat4.png-fx" name="mat4.png-fx">
   <profile_COMMON>
    <newparam sid="texture3-surface">
     <surface type="2D">
      <init_from>texture3</init_from>
     </surface>
    </newparam>
    <newparam sid="texture3-sampler">
    <sampler2D>
     <source>texture3-surface</source>
     <minfilter>LINEAR</minfilter>
     <magfilter>LINEAR</magfilter>
    </sampler2D>
   </newparam>
    <technique sid="metaseq">
     <phong>
      <emission>
       <color>0.500 0.500 0.500 1</color>
      </emission>
      <ambient>
       <color>0.000 0.000 0.000 1</color>
      </ambient>
      <diffuse>
       <texture texture="texture3-sampler" texcoord="UVSET0"/>
      </diffuse>
      <specular>
       <color>0.000 0.000 0.000 1</color>
      </specular>
      <shininess>
       <float>0.000</float>
      </shininess>
      <reflective>
       <color>1 1 1 1</color>
      </reflective>
      <reflectivity>
       <float>0.0</float>
      </reflectivity>
      <transparent>
       <color>1 1 1 1</color>
      </transparent>
      <transparency>
       <float>1.000</float>
      </transparency>
     </phong>
    </technique>
   </profile_COMMON>
  </effect>
  <effect id="mat6.png-fx" name="mat6.png-fx">
   <profile_COMMON>
    <newparam sid="texture4-surface">
     <surface type="2D">
      <init_from>texture4</init_from>
     </surface>
    </newparam>
    <newparam sid="texture4-sampler">
    <sampler2D>
     <source>texture4-surface</source>
     <minfilter>LINEAR</minfilter>
     <magfilter>LINEAR</magfilter>
    </sampler2D>
   </newparam>
    <technique sid="metaseq">
     <phong>
      <emission>
       <color>0.500 0.500 0.500 1</color>
      </emission>
      <ambient>
       <color>0.000 0.000 0.000 1</color>
      </ambient>
      <diffuse>
       <texture texture="texture4-sampler" texcoord="UVSET0"/>
      </diffuse>
      <specular>
       <color>0.000 0.000 0.000 1</color>
      </specular>
      <shininess>
       <float>0.000</float>
      </shininess>
      <reflective>
       <color>1 1 1 1</color>
      </reflective>
      <reflectivity>
       <float>0.0</float>
      </reflectivity>
      <transparent>
       <color>1 1 1 1</color>
      </transparent>
      <transparency>
       <float>1.000</float>
      </transparency>
     </phong>
    </technique>
   </profile_COMMON>
  </effect>
  <effect id="mat5.png-fx" name="mat5.png-fx">
   <profile_COMMON>
    <newparam sid="texture5-surface">
     <surface type="2D">
      <init_from>texture5</init_from>
     </surface>
    </newparam>
    <newparam sid="texture5-sampler">
    <sampler2D>
     <source>texture5-surface</source>
     <minfilter>LINEAR</minfilter>
     <magfilter>LINEAR</magfilter>
    </sampler2D>
   </newparam>
    <technique sid="metaseq">
     <phong>
      <emission>
       <color>0.500 0.500 0.500 1</color>
      </emission>
      <ambient>
       <color>0.000 0.000 0.000 1</color>
      </ambient>
      <diffuse>
       <texture texture="texture5-sampler" texcoord="UVSET0"/>
      </diffuse>
      <specular>
       <color>0.000 0.000 0.000 1</color>
      </specular>
      <shininess>
       <float>0.000</float>
      </shininess>
      <reflective>
       <color>1 1 1 1</color>
      </reflective>
      <reflectivity>
       <float>0.0</float>
      </reflectivity>
      <transparent>
       <color>1 1 1 1</color>
      </transparent>
      <transparency>
       <float>1.000</float>
      </transparency>
     </phong>
    </technique>
   </profile_COMMON>
  </effect>
  <effect id="mat7.png-fx" name="mat7.png-fx">
   <profile_COMMON>
    <newparam sid="texture6-surface">
     <surface type="2D">
      <init_from>texture6</init_from>
     </surface>
    </newparam>
    <newparam sid="texture6-sampler">
    <sampler2D>
     <source>texture6-surface</source>
     <minfilter>LINEAR</minfilter>
     <magfilter>LINEAR</magfilter>
    </sampler2D>
   </newparam>
    <technique sid="metaseq">
     <phong>
      <emission>
       <color>0.500 0.500 0.500 1</color>
      </emission>
      <ambient>
       <color>0.000 0.000 0.000 1</color>
      </ambient>
      <diffuse>
       <texture texture="texture6-sampler" texcoord="UVSET0"/>
      </diffuse>
      <specular>
       <color>0.000 0.000 0.000 1</color>
      </specular>
      <shininess>
       <float>0.000</float>
      </shininess>
      <reflective>
       <color>1 1 1 1</color>
      </reflective>
      <reflectivity>
       <float>0.0</float>
      </reflectivity>
      <transparent>
       <color>1 1 1 1</color>
      </transparent>
      <transparency>
       <float>1.000</float>
      </transparency>
     </phong>
    </technique>
   </profile_COMMON>
  </effect>
  <effect id="mat1.png-fx" name="mat1.png-fx">
   <profile_COMMON>
    <newparam sid="texture7-surface">
     <surface type="2D">
      <init_from>texture7</init_from>
     </surface>
    </newparam>
    <newparam sid="texture7-sampler">
    <sampler2D>
     <source>texture7-surface</source>
     <minfilter>LINEAR</minfilter>
     <magfilter>LINEAR</magfilter>
    </sampler2D>
   </newparam>
    <technique sid="metaseq">
     <phong>
      <emission>
       <color>0.500 0.500 0.500 1</color>
      </emission>
      <ambient>
       <color>0.000 0.000 0.000 1</color>
      </ambient>
      <diffuse>
       <texture texture="texture7-sampler" texcoord="UVSET0"/>
      </diffuse>
      <specular>
       <color>0.000 0.000 0.000 1</color>
      </specular>
      <shininess>
       <float>0.000</float>
      </shininess>
      <reflective>
       <color>1 1 1 1</color>
      </reflective>
      <reflectivity>
       <float>0.0</float>
      </reflectivity>
      <transparent>
       <color>1 1 1 1</color>
      </transparent>
      <transparency>
       <float>1.000</float>
      </transparency>
     </phong>
    </technique>
   </profile_COMMON>
  </effect>
 </library_effects>
 <library_materials>
  <material id="mat2.png" name="mat2.png">
   <instance_effect url="#mat2.png-fx"/>
  </material>
  <material id="mat3.png" name="mat3.png">
   <instance_effect url="#mat3.png-fx"/>
  </material>
  <material id="mat4.png" name="mat4.png">
   <instance_effect url="#mat4.png-fx"/>
  </material>
  <material id="mat6.png" name="mat6.png">
   <instance_effect url="#mat6.png-fx"/>
  </material>
  <material id="mat5.png" name="mat5.png">
   <instance_effect url="#mat5.png-fx"/>
  </material>
  <material id="mat7.png" name="mat7.png">
   <instance_effect url="#mat7.png-fx"/>
  </material>
  <material id="mat1.png" name="mat1.png">
   <instance_effect url="#mat1.png-fx"/>
  </material>
 </library_materials>
 <library_geometries>
  <geometry id="realb30-lib" name="realb30">
   <mesh>
    <source id="realb30-lib-positions" name="position">
     <float_array id="realb30-lib-positions-array" count="165">0.22168 8.52920 -0.19551 0.18555 8.73851 -0.16992 0.00000 8.40805 -0.06605 0.00000 8.68487 -0.02838 -0.22168 8.52891 -0.19569 -0.18555 8.73851 -0.16992 0.00000 8.78710 -0.43523 0.00000 8.52551 -0.53586 0.63477 7.43242 -0.31732 0.00000 7.12623 -0.44342 0.65527 7.91222 -0.49661 0.00000 7.99772 -0.75724 0.59180 8.43203 -0.33527 0.50000 6.38965 0.14355 0.44434 6.73391 0.29438 0.00000 6.33496 0.53223 0.00000 6.65955 0.49745 -0.50000 6.38965 0.14355 -0.44434 6.73391 0.29438 0.41992 7.95464 0.37592 0.39062 8.29823 0.01849 0.00000 7.98769 0.42529 -0.41992 7.95464 0.37592 -0.39062 8.29823 0.01849 0.53898 5.25641 -0.91558 1.09233 5.34397 -0.19216 0.00000 5.18813 -1.14909 0.00000 5.80859 0.04590 -0.53898 5.25641 -0.91558 -1.09233 5.34397 -0.19216 1.17339 5.23819 0.03554 0.61107 4.96684 0.56987 0.00000 4.83168 0.67627 -1.17339 5.23819 0.03554 -0.61107 4.96684 0.56987 -0.63477 7.43242 -0.31732 -0.65527 7.91222 -0.49661 -0.59180 8.43203 -0.33527 0.60352 8.26702 0.04092 0.57422 7.71639 0.22284 0.40918 7.56165 0.50175 0.47949 7.28143 0.39745 0.00000 7.35047 0.56884 -0.47949 7.28143 0.39745 0.00000 6.52832 -0.34668 0.45020 6.76447 -0.09231 0.64746 7.83936 -0.07197 0.00000 7.73148 0.60081 0.82031 6.01074 0.09863 -0.40918 7.56165 0.50175 -0.45020 6.76447 -0.09231 -0.57422 7.71748 0.22272 -0.60352 8.26702 0.04092 -0.64746 7.83936 -0.07197 -0.82031 6.01074 0.09863</float_array>
     <technique_common>
      <accessor count="55" source="#realb30-lib-positions-array" stride="3">
       <param name="X" type="float"/>
       <param name="Y" type="float"/>
       <param name="Z" type="float"/>
      </accessor>
     </technique_common>
    </source>
    <source id="realb30-lib-normals" name="normal">
     <float_array id="realb30-lib-normals-array" count="744">0.12743 0.61113 0.78120 0.56865 -0.06146 0.82028 0.36760 0.46807 0.80360 0.12743 0.61113 0.78120 0.62224 -0.10556 0.77568 0.56865 -0.06146 0.82028 -0.40251 0.45618 0.79365 -0.57319 -0.06181 0.81708 -0.54673 -0.11291 0.82966 -0.40251 0.45618 0.79365 -0.60531 0.00650 0.79596 -0.57319 -0.06181 0.81708 0.81899 0.20629 -0.53544 0.81905 0.20649 -0.53528 0.81914 0.20682 -0.53501 0.81899 0.20629 -0.53544 0.21868 0.58673 -0.77970 0.81905 0.20649 -0.53528 -0.81891 0.20658 -0.53546 -0.81903 0.20632 -0.53537 -0.81923 0.20590 -0.53523 -0.81891 0.20658 -0.53546 -0.81871 0.20698 -0.53560 -0.81903 0.20632 -0.53537 0.37164 -0.04087 -0.92748 -0.00146 -0.32127 -0.94699 0.34445 -0.35641 -0.86852 0.37164 -0.04087 -0.92748 -0.00777 0.04147 -0.99911 -0.00146 -0.32127 -0.94699 0.35938 0.57354 -0.73614 -0.00777 0.04147 -0.99911 0.37164 -0.04087 -0.92748 0.35938 0.57354 -0.73614 0.21868 0.58673 -0.77970 -0.00777 0.04147 -0.99911 0.49899 -0.03965 0.86570 0.82401 -0.11091 0.55561 0.86529 -0.07709 0.49530 0.49899 -0.03965 0.86570 0.09245 -0.09147 0.99151 0.82401 -0.11091 0.55561 -0.51268 -0.15703 0.84410 -0.60572 0.08476 0.79115 -0.51268 -0.15703 0.84410 -0.80110 -0.16461 0.57544 0.09245 -0.09147 0.99151 -0.00639 0.66184 0.74962 0.12817 0.78337 0.60820 0.48241 0.43978 0.75755 -0.00639 0.66184 0.74962 0.12743 0.61113 0.78120 0.12817 0.78337 0.60820 -0.47664 0.44874 0.75594 0.12743 0.61113 0.78120 -0.00639 0.66184 0.74962 -0.47664 0.44874 0.75594 -0.11488 0.77765 0.61811 0.12743 0.61113 0.78120 -0.04488 -0.91160 0.40863 -0.12474 -0.75581 0.64280 0.11029 -0.99325 0.03587 -0.04488 -0.91160 0.40863 -0.01445 -0.75845 0.65157 -0.12474 -0.75581 0.64280 0.18213 -0.89329 0.41093 -0.01445 -0.75845 0.65157 -0.04488 -0.91160 0.40863 0.18213 -0.89329 0.41093 0.18855 -0.76121 0.62049 -0.01445 -0.75845 0.65157 0.02306 -0.35122 -0.93601 -0.18526 -0.61273 -0.76827 -0.20363 -0.40268 -0.89240 0.02306 -0.35122 -0.93601 0.07433 -0.60451 -0.79312 -0.18526 -0.61273 -0.76827 0.10261 -0.38825 -0.91582 0.07433 -0.60451 -0.79312 0.02306 -0.35122 -0.93601 0.10261 -0.38825 -0.91582 -0.15226 -0.93666 -0.31542 0.07433 -0.60451 -0.79312 -0.00777 0.04147 -0.99911 -0.33261 -0.34859 -0.87627 -0.00146 -0.32127 -0.94699 -0.00777 0.04147 -0.99911 -0.35529 -0.04029 -0.93389 -0.33261 -0.34859 -0.87627 0.21868 0.58673 -0.77970 -0.35529 -0.04029 -0.93389 -0.00777 0.04147 -0.99911 0.21868 0.58673 -0.77970 -0.34897 0.31641 -0.88210 -0.35529 -0.04029 -0.93389 0.06373 0.83146 0.55191 0.12817 0.78337 0.60820 0.28618 0.83097 0.47706 0.06373 0.83146 0.55191 0.48241 0.43978 0.75755 0.12817 0.78337 0.60820 0.92292 0.01157 0.38481 0.48241 0.43978 0.75755 0.90164 0.09166 0.42266 0.92292 0.01157 0.38481 0.55394 0.01532 0.83241 0.48241 0.43978 0.75755 0.77180 -0.15957 0.61552 0.55394 0.01532 0.83241 0.92292 0.01157 0.38481 0.77180 -0.15957 0.61552 0.00000 -0.13189 0.99126 0.55394 0.01532 0.83241 0.09245 -0.09147 0.99151 0.00000 -0.13189 0.99126 0.77180 -0.15957 0.61552 0.09245 -0.09147 0.99151 -0.77183 -0.15952 0.61549 0.00000 -0.13189 0.99126 -0.80110 -0.16461 0.57544 -0.77183 -0.15952 0.61549 0.09245 -0.09147 0.99151 0.51636 -0.31295 -0.79714 0.56468 -0.21959 -0.79556 0.59639 -0.36926 -0.71272 0.51636 -0.31295 -0.79714 -0.00146 -0.32127 -0.94699 0.56468 -0.21959 -0.79556 0.34445 -0.35641 -0.86852 -0.00146 -0.32127 -0.94699 0.51636 -0.31295 -0.79714 0.92292 0.01157 0.38481 0.98836 -0.11102 0.10404 0.77180 -0.15957 0.61552 0.92292 0.01157 0.38481 0.98491 -0.05091 0.16542 0.98836 -0.11102 0.10404 0.90164 0.09166 0.42266 0.98491 -0.05091 0.16542 0.92292 0.01157 0.38481 0.36760 0.46807 0.80360 0.12817 0.78337 0.60820 0.12743 0.61113 0.78120 0.36760 0.46807 0.80360 0.28618 0.83097 0.47706 0.12817 0.78337 0.60820 0.55394 0.01532 0.83241 -0.00000 0.24209 0.97025 0.48241 0.43978 0.75755 0.55394 0.01532 0.83241 0.00000 -0.13189 0.99126 -0.00000 0.24209 0.97025 -0.01445 -0.75845 0.65157 0.03616 -0.38707 0.92134 -0.12474 -0.75581 0.64280 0.02306 -0.35122 -0.93601 -0.20363 -0.40268 -0.89240 0.03946 0.09924 -0.99428 -0.55394 0.01528 0.83242 0.00000 -0.13189 0.99126 -0.77183 -0.15952 0.61549 -0.55394 0.01528 0.83242 -0.00000 0.24209 0.97025 0.00000 -0.13189 0.99126 -0.56468 -0.21959 -0.79556 -0.84911 -0.22575 -0.47755 -0.91564 -0.11981 -0.38374 -0.56468 -0.21959 -0.79556 -0.00146 -0.32127 -0.94699 -0.84911 -0.22575 -0.47755 -0.92280 0.01186 0.38510 -0.77183 -0.15952 0.61549 -0.98835 -0.11098 0.10414 -0.92280 0.01186 0.38510 -0.55394 0.01528 0.83242 -0.77183 -0.15952 0.61549 -0.47664 0.44874 0.75594 -0.55394 0.01528 0.83242 -0.92280 0.01186 0.38510 -0.47664 0.44874 0.75594 -0.00000 0.24209 0.97025 -0.55394 0.01528 0.83242 -0.00639 0.66184 0.74962 -0.00000 0.24209 0.97025 -0.47664 0.44874 0.75594 -0.00639 0.66184 0.74962 0.48241 0.43978 0.75755 -0.00000 0.24209 0.97025 -0.11488 0.77765 0.61811 -0.40251 0.45618 0.79365 0.12743 0.61113 0.78120 -0.11488 0.77765 0.61811 -0.27011 0.91925 0.28640 -0.40251 0.45618 0.79365 -0.06373 0.83146 0.55191 -0.27011 0.91925 0.28640 -0.11488 0.77765 0.61811 -0.98488 -0.05112 0.16554 -0.98835 -0.11098 0.10414 -0.99920 -0.03829 0.01181 -0.98488 -0.05112 0.16554 -0.92280 0.01186 0.38510 -0.98835 -0.11098 0.10414 -0.90165 0.09175 0.42262 -0.92280 0.01186 0.38510 -0.98488 -0.05112 0.16554 -0.90165 0.09175 0.42262 -0.47664 0.44874 0.75594 -0.92280 0.01186 0.38510 -0.11488 0.77765 0.61811 -0.47664 0.44874 0.75594 -0.06373 0.83146 0.55191 -0.03616 -0.38707 0.92134 -0.01445 -0.75845 0.65157 0.18855 -0.76121 0.62049 -0.03946 0.09924 -0.99428 0.10261 -0.38825 -0.91582 0.02306 -0.35122 -0.93601 0.98836 -0.11102 0.10404 0.99653 -0.04681 0.06876 0.82401 -0.11091 0.55561 0.77180 -0.15957 0.61552 -0.98835 -0.11098 0.10414 -0.77183 -0.15952 0.61549 -0.80110 -0.16461 0.57544 -0.84911 -0.22575 -0.47755 0.82401 -0.11091 0.55561 0.99653 -0.04681 0.06876 0.86529 -0.07709 0.49530 0.77180 -0.15957 0.61552 0.82401 -0.11091 0.55561 0.09245 -0.09147 0.99151 0.35938 0.57354 -0.73614 0.20106 0.96931 -0.14145 0.21868 0.58673 -0.77970 0.99920 -0.03829 0.01181 0.98836 -0.11102 0.10404 0.98491 -0.05091 0.16542 -0.84911 -0.22575 -0.47755 -0.80110 -0.16461 0.57544 -0.91564 -0.11981 -0.38374 -0.20078 0.96951 -0.14053 -0.27011 0.91925 0.28640 0.21868 0.58673 -0.77970 -0.33261 -0.34859 -0.87627 -0.84911 -0.22575 -0.47755 -0.00146 -0.32127 -0.94699</float_array>
     <technique_common>
      <accessor count="247" source="#realb30-lib-normals-array" stride="3">
       <param name="X" type="float"/>
       <param name="Y" type="float"/>
       <param name="Z" type="float"/>
      </accessor>
     </technique_common>
    </source>
    <source id="realb30-lib-texcoords">
     <float_array id="realb30-lib-texcoords-array" count="496">0.58008 -0.15527 0.56543 -0.06348 0.49512 -0.08301 0.58008 -0.15527 0.64746 -0.12402 0.56543 -0.06348 0.49512 -0.08301 0.64746 -0.12402 0.58008 -0.15527 0.49512 -0.08301 0.56543 -0.06348 0.64746 -0.12402 0.65234 -0.08984 0.80371 -0.13379 0.77441 -0.04004 0.65234 -0.08984 0.72754 -0.18652 0.80371 -0.13379 0.77441 -0.04004 0.72754 -0.18652 0.65234 -0.08984 0.77441 -0.04004 0.80371 -0.13379 0.72754 -0.18652 0.96094 -0.37598 0.77148 -0.67871 0.94043 -0.56152 0.96094 -0.37598 0.72656 -0.37402 0.77148 -0.67871 0.94824 -0.22461 0.72656 -0.37402 0.96094 -0.37598 0.94824 -0.22461 0.72754 -0.18652 0.72656 -0.37402 0.23730 -0.97070 0.12207 -0.75977 0.02148 -0.88965 0.23730 -0.97070 0.31348 -0.85254 0.12207 -0.75977 0.02148 -0.88965 0.31348 -0.85254 0.23730 -0.97070 0.02148 -0.88965 0.12207 -0.75977 0.31348 -0.85254 0.58691 -0.41602 0.44238 -0.20801 0.43457 -0.39746 0.58691 -0.41602 0.58008 -0.15527 0.44238 -0.20801 0.43457 -0.39746 0.58008 -0.15527 0.58691 -0.41602 0.43457 -0.39746 0.44238 -0.20801 0.58008 -0.15527 0.03320 -0.20215 0.25098 -0.14062 0.17969 -0.20508 0.03320 -0.20215 0.09277 -0.03223 0.25098 -0.14062 0.17969 -0.20508 0.09277 -0.03223 0.03320 -0.20215 0.17969 -0.20508 0.25098 -0.14062 0.09277 -0.03223 0.09277 -0.03223 0.18457 -0.19531 0.25195 -0.14062 0.09277 -0.03223 0.04102 -0.19629 0.18457 -0.19531 0.25195 -0.14062 0.04102 -0.19629 0.09277 -0.03223 0.25195 -0.14062 0.18457 -0.19531 0.04102 -0.19629 0.72656 -0.37402 0.94043 -0.56152 0.77148 -0.67871 0.72656 -0.37402 0.96094 -0.37598 0.94043 -0.56152 0.72754 -0.18652 0.96094 -0.37598 0.72656 -0.37402 0.72754 -0.18652 0.94824 -0.22461 0.96094 -0.37598 0.31738 -0.17871 0.44238 -0.20801 0.30664 -0.02539 0.31738 -0.17871 0.43457 -0.39746 0.44238 -0.20801 0.22363 -0.40430 0.43457 -0.39746 0.31738 -0.17871 0.22363 -0.40430 0.38867 -0.52344 0.43457 -0.39746 0.24414 -0.59570 0.38867 -0.52344 0.22363 -0.40430 0.24414 -0.59570 0.47559 -0.67871 0.38867 -0.52344 0.31348 -0.85254 0.47559 -0.67871 0.24414 -0.59570 0.31348 -0.85254 0.24414 -0.59570 0.47559 -0.67871 0.12207 -0.75977 0.24414 -0.59570 0.31348 -0.85254 0.94238 -0.81543 0.75098 -0.91602 0.97168 -0.97754 0.94238 -0.81543 0.77148 -0.67871 0.75098 -0.91602 0.94043 -0.56152 0.77148 -0.67871 0.94238 -0.81543 0.22363 -0.40430 0.02441 -0.43848 0.24414 -0.59570 0.22363 -0.40430 0.16699 -0.31543 0.02441 -0.43848 0.31738 -0.17871 0.16699 -0.31543 0.22363 -0.40430 0.49512 -0.08301 0.44238 -0.20801 0.58008 -0.15527 0.49512 -0.08301 0.30664 -0.02539 0.44238 -0.20801 0.38867 -0.52344 0.54199 -0.54883 0.43457 -0.39746 0.38867 -0.52344 0.47559 -0.67871 0.54199 -0.54883 0.09277 -0.03223 0.23535 -0.03711 0.25098 -0.14062 0.09277 -0.03223 0.25195 -0.14062 0.23535 -0.03711 0.38867 -0.52344 0.47559 -0.67871 0.24414 -0.59570 0.38867 -0.52344 0.54199 -0.54883 0.47559 -0.67871 0.75098 -0.91602 0.94238 -0.81543 0.97168 -0.97754 0.75098 -0.91602 0.77148 -0.67871 0.94238 -0.81543 0.22363 -0.40430 0.24414 -0.59570 0.02441 -0.43848 0.22363 -0.40430 0.38867 -0.52344 0.24414 -0.59570 0.43457 -0.39746 0.38867 -0.52344 0.22363 -0.40430 0.43457 -0.39746 0.54199 -0.54883 0.38867 -0.52344 0.58691 -0.41602 0.54199 -0.54883 0.43457 -0.39746 0.58691 -0.41602 0.43457 -0.39746 0.54199 -0.54883 0.44238 -0.20801 0.49512 -0.08301 0.58008 -0.15527 0.44238 -0.20801 0.30664 -0.02539 0.49512 -0.08301 0.31738 -0.17871 0.30664 -0.02539 0.44238 -0.20801 0.16699 -0.31543 0.02441 -0.43848 0.03320 -0.25195 0.16699 -0.31543 0.22363 -0.40430 0.02441 -0.43848 0.31738 -0.17871 0.22363 -0.40430 0.16699 -0.31543 0.31738 -0.17871 0.43457 -0.39746 0.22363 -0.40430 0.44238 -0.20801 0.43457 -0.39746 0.31738 -0.17871 0.23535 -0.03711 0.09277 -0.03223 0.25098 -0.14062 0.23535 -0.03711 0.25195 -0.14062 0.09277 -0.03223 0.02441 -0.43848 -0.01074 -0.70020 0.12207 -0.75977 0.24414 -0.59570 0.02441 -0.43848 0.24414 -0.59570 0.12207 -0.75977 -0.01074 -0.70020 0.12207 -0.75977 -0.01074 -0.70020 0.02148 -0.88965 0.24414 -0.59570 0.12207 -0.75977 0.31348 -0.85254 0.94824 -0.22461 0.80371 -0.13379 0.72754 -0.18652 0.03320 -0.25195 0.02441 -0.43848 0.16699 -0.31543 -0.01074 -0.70020 0.12207 -0.75977 0.02148 -0.88965 0.80371 -0.13379 0.94824 -0.22461 0.72754 -0.18652 0.94043 -0.56152 0.94238 -0.81543 0.77148 -0.67871</float_array>
     <technique_common>
      <accessor count="248" offset="0" source="#realb30-lib-texcoords-array" stride="2">
       <param name="U" type="float"/>
       <param name="V" type="float"/>
      </accessor>
     </technique_common>
    </source>
    <vertices id="realb30-lib-vertices">
     <input semantic="POSITION" source="#realb30-lib-positions"/>
    </vertices>
    <polylist count="82" material="mat3.png">
     <input offset="0" semantic="VERTEX" source="#realb30-lib-vertices"/>
     <input offset="1" semantic="NORMAL" source="#realb30-lib-normals"/>
     <input offset="2" semantic="TEXCOORD" source="#realb30-lib-texcoords"/>
     <vcount>3 3 3 3 3 3 3 3 3 3 3 3 3 3 3 3 3 3 3 3 3 3 3 3 3 3 3 3 3 3 3 3 3 3 3 3 3 3 3 3 3 3 3 3 3 3 3 3 3 3 3 3 3 3 3 3 3 3 3 3 3 3 3 3 3 3 3 3 3 3 3 3 3 4 4 3 3 3 3 3 3 3</vcount>
     <p>0 2 2 1 1 1 2 0 0 1 5 5 3 4 4 2 3 3 2 8 8 3 7 7 4 6 6 3 11 11 5 10 10 4 9 9 1 14 14 0 13 13 6 12 12 0 17 17 7 16 16 6 15 15 6 20 20 7 19 19 5 18 18 7 23 23 4 22 22 5 21 21 8 26 26 9 25 25 10 24 24 9 29 29 11 28 28 10 27 27 10 32 32 11 31 31 12 30 30 11 35 35 7 34 34 12 33 33 13 38 38 14 37 37 15 36 36 14 41 41 16 40 40 15 39 39 15 43 44 16 43 43 17 42 42 16 46 47 18 45 46 17 44 45 19 49 50 20 48 49 21 47 48 20 52 53 2 51 52 21 50 51 21 55 56 2 54 55 22 53 54 2 58 59 23 57 58 22 56 57 24 61 62 25 60 61 26 59 60 25 64 65 27 63 64 26 62 63 26 67 68 27 66 67 28 65 66 27 70 71 29 69 70 28 68 69 30 73 74 31 72 73 27 71 72 31 76 77 32 75 76 27 74 75 27 79 80 32 78 79 33 77 78 32 82 83 34 81 82 33 80 81 9 85 86 35 84 85 11 83 84 35 88 89 36 87 88 11 86 87 11 91 92 36 90 91 7 89 90 36 94 95 37 93 94 7 92 93 12 97 98 20 96 97 38 95 96 20 100 101 19 99 100 38 98 99 38 103 104 19 102 103 39 101 102 19 106 107 40 105 106 39 104 105 39 109 110 40 108 109 41 107 108 40 112 113 42 111 112 41 110 111 41 115 116 42 114 115 16 113 114 42 118 119 43 117 118 16 116 117 16 121 122 43 120 121 18 119 120 13 124 125 44 123 124 45 122 123 44 127 128 9 126 127 45 125 126 45 130 131 9 129 130 8 128 129 41 133 134 8 132 133 39 131 132 8 136 137 46 135 136 39 134 135 39 139 140 46 138 139 38 137 138 2 142 143 20 141 142 0 140 141 20 145 146 12 144 145 0 143 144 19 148 149 47 147 148 40 146 147 47 151 152 42 150 151 40 149 150 25 154 155 48 153 154 27 152 153 48 157 158 30 156 157 27 155 156 43 160 161 42 159 160 49 158 159 42 163 164 47 162 163 49 161 162 17 166 167 50 165 166 44 164 165 50 169 170 9 168 169 44 167 168 35 172 173 43 171 172 51 170 171 43 175 176 49 174 175 51 173 174 51 178 179 49 177 178 22 176 177 49 181 182 47 180 181 22 179 180 22 184 185 47 183 184 21 182 183 47 187 188 19 186 187 21 185 186 2 190 191 4 189 190 23 188 189 4 193 194 37 192 193 23 191 192 23 196 197 37 195 196 52 194 195 36 199 200 35 198 199 53 197 198 35 202 203 51 201 202 53 200 201 53 205 206 51 204 205 52 203 204 51 208 209 22 207 208 52 206 207 52 211 212 22 210 211 23 209 210 29 214 215 27 213 214 54 212 213 27 217 218 33 216 217 54 215 216 41 221 222 14 220 221 45 219 220 8 218 219 50 225 226 18 224 225 43 223 224 35 222 223 13 228 229 45 227 228 14 226 227 16 231 232 14 230 231 41 229 230 7 234 235 0 233 234 12 232 233 46 237 238 8 236 237 10 235 236 17 240 241 18 239 240 50 238 239 7 243 244 37 242 243 4 241 242 9 246 247 50 245 246 35 244 245</p>
    </polylist>
   </mesh>
  </geometry>
  <geometry id="realb30_1-lib" name="realb30_1">
   <mesh>
    <source id="realb30_1-lib-positions" name="position">
     <float_array id="realb30_1-lib-positions-array" count="282">0.00000 8.90441 -0.72291 0.65234 9.57702 -0.38547 0.00000 9.59639 -0.86374 0.43066 8.97451 -0.33121 0.00000 8.78710 -0.43523 0.18555 8.73851 -0.16992 0.22266 8.73700 0.35561 0.43066 8.92101 0.12396 0.26465 8.74906 0.14653 0.35938 8.88448 0.37083 0.10254 8.81127 0.42488 0.12695 8.93670 0.47982 0.00000 8.80083 0.48663 0.00000 8.95649 0.52468 -0.10254 8.81127 0.42488 -0.12695 8.93670 0.47982 -0.22266 8.73700 0.35561 -0.35938 8.88448 0.37083 -0.26465 8.74906 0.14653 -0.43066 8.92101 0.12396 -0.18555 8.73851 -0.16992 -0.43066 8.97451 -0.33121 0.00000 9.20122 0.53332 0.28320 9.04394 0.41550 0.32812 9.32236 0.41478 0.00000 9.56631 0.61898 0.27051 9.60891 0.45667 0.50684 9.16788 0.12402 0.00000 8.59951 0.28264 0.00000 8.68487 -0.02838 0.15820 8.66483 0.22462 0.00000 8.59163 0.35993 0.00000 9.00184 0.59049 0.00000 9.09030 0.55148 -0.28320 9.04394 0.41550 0.00000 8.68298 0.44492 0.97636 0.31469 1.09842 1.05153 0.41399 0.02140 1.16974 0.00020 0.93635 0.89918 0.62986 0.22741 0.75953 0.00025 0.97442 0.76731 0.41402 0.03213 0.16864 0.37134 0.89236 0.37472 0.00024 0.84161 0.59737 0.53999 -0.02061 0.10710 0.00022 0.66682 0.69210 0.41003 -0.30474 1.56334 0.34289 0.84749 1.09742 0.43928 -0.33304 1.68444 0.00007 0.59657 1.24393 0.50380 -0.02546 1.35530 0.00016 0.85141 -0.65234 9.57702 -0.38547 -0.32812 9.32236 0.41478 -0.27051 9.60891 0.45667 -0.15820 8.66483 0.22462 -0.89918 0.62986 0.22741 -1.16974 0.00020 0.93635 -1.05153 0.41399 0.02140 -0.97636 0.31469 1.09842 -0.76731 0.41402 0.03213 -0.75953 0.00025 0.97442 -0.59737 0.53999 -0.02061 -0.37472 0.00024 0.84161 -0.16864 0.37134 0.89236 -0.69210 0.41003 -0.30474 -0.10710 0.00022 0.66682 -1.24393 0.50380 -0.02546 -1.68444 0.00007 0.59657 -1.09742 0.43928 -0.33304 -1.56334 0.34289 0.84749 -1.35530 0.00016 0.85141 0.55957 9.57298 0.05994 0.00000 10.09917 -0.17582 1.04551 0.86408 -0.26530 0.90051 0.76382 -0.45292 0.95478 -0.00046 -1.55260 0.92842 0.41271 -1.15423 1.00372 0.00033 1.34841 0.68767 0.84268 -0.13658 0.86240 0.90087 0.02297 0.02019 0.00034 1.07790 1.77626 0.00020 1.11995 -0.50684 9.16788 0.12402 -0.55957 9.57298 0.05994 -1.04551 0.86408 -0.26530 -0.90051 0.76382 -0.45292 -0.92842 0.41271 -1.15423 -0.95478 -0.00046 -1.55260 -1.00372 0.00033 1.34841 -0.68767 0.84268 -0.13658 -0.86240 0.90087 0.02297 -0.02019 0.00034 1.07790 -1.77626 0.00020 1.11995</float_array>
     <technique_common>
      <accessor count="94" source="#realb30_1-lib-positions-array" stride="3">
       <param name="X" type="float"/>
       <param name="Y" type="float"/>
       <param name="Z" type="float"/>
      </accessor>
     </technique_common>
    </source>
    <source id="realb30_1-lib-normals" name="normal">
     <float_array id="realb30_1-lib-normals-array" count="1473">0.59433 -0.48562 -0.64105 0.89491 -0.25872 -0.36360 0.57657 0.25547 -0.77608 0.59433 -0.48562 -0.64105 0.76319 -0.54262 -0.35086 0.89491 -0.25872 -0.36360 0.08626 -0.91298 -0.39878 0.76319 -0.54262 -0.35086 0.59433 -0.48562 -0.64105 0.08626 -0.91298 -0.39878 0.51391 -0.81988 -0.25237 0.76319 -0.54262 -0.35086 0.56764 -0.63096 0.52884 0.86022 -0.50789 0.04559 0.66715 -0.74425 -0.03173 0.56764 -0.63096 0.52884 0.72394 -0.34476 0.59753 0.86022 -0.50789 0.04559 0.41240 -0.33566 0.84691 0.72394 -0.34476 0.59753 0.56764 -0.63096 0.52884 0.41240 -0.33566 0.84691 0.40906 -0.34724 0.84386 0.72394 -0.34476 0.59753 -0.01422 -0.30049 0.95368 0.40906 -0.34724 0.84386 0.41240 -0.33566 0.84691 -0.01422 -0.30049 0.95368 -0.01854 -0.64824 0.76121 0.40906 -0.34724 0.84386 -0.40527 -0.21451 0.88867 -0.01854 -0.64824 0.76121 -0.01422 -0.30049 0.95368 -0.40527 -0.21451 0.88867 -0.36132 -0.27005 0.89248 -0.01854 -0.64824 0.76121 -0.56382 -0.64859 0.51131 -0.36132 -0.27005 0.89248 -0.40527 -0.21451 0.88867 -0.56382 -0.64859 0.51131 -0.72758 -0.34242 0.59445 -0.36132 -0.27005 0.89248 -0.66739 -0.74405 -0.03137 -0.72758 -0.34242 0.59445 -0.56382 -0.64859 0.51131 -0.66739 -0.74405 -0.03137 -0.85671 -0.51350 0.04868 -0.72758 -0.34242 0.59445 -0.50909 -0.83179 -0.22123 -0.85671 -0.51350 0.04868 -0.66739 -0.74405 -0.03137 -0.50909 -0.83179 -0.22123 -0.76917 -0.51175 -0.38275 -0.85671 -0.51350 0.04868 -0.01148 -0.03475 0.99933 0.66734 -0.05943 0.74238 0.58303 -0.00697 0.81242 -0.04164 -0.18500 0.98186 0.66734 -0.05943 0.74238 -0.01148 -0.03475 0.99933 -0.04164 -0.18500 0.98186 0.56331 0.46199 0.68501 0.66734 -0.05943 0.74238 0.76319 -0.54262 -0.35086 0.94205 -0.17595 0.28564 0.89491 -0.25872 -0.36360 0.76319 -0.54262 -0.35086 0.86022 -0.50789 0.04559 0.94205 -0.17595 0.28564 0.51391 -0.81988 -0.25237 0.86022 -0.50789 0.04559 0.76319 -0.54262 -0.35086 0.51391 -0.81988 -0.25237 0.66715 -0.74425 -0.03173 0.86022 -0.50789 0.04559 -0.06679 -0.99111 -0.11507 0.51391 -0.81988 -0.25237 -0.05572 -0.97144 -0.23064 -0.06679 -0.99111 -0.11507 0.50291 -0.86433 -0.00446 0.51391 -0.81988 -0.25237 -0.03594 -0.93944 0.34082 0.50291 -0.86433 -0.00446 -0.06679 -0.99111 -0.11507 -0.03594 -0.93944 0.34082 0.56764 -0.63096 0.52884 0.50291 -0.86433 -0.00446 0.49913 0.17229 0.84922 0.58303 -0.00697 0.81242 0.40906 -0.34724 0.84386 0.49913 0.17229 0.84922 0.08987 0.20353 0.97494 0.58303 -0.00697 0.81242 -0.36132 -0.27005 0.89248 -0.70875 0.28465 0.64549 -0.70875 0.28465 0.64549 -0.36132 -0.27005 0.89248 -0.57150 -0.00963 0.82054 0.08987 0.20353 0.97494 0.01402 -0.50545 0.86274 0.41240 -0.33566 0.84691 0.56764 -0.63096 0.52884 0.01402 -0.50545 0.86274 -0.01422 -0.30049 0.95368 0.41240 -0.33566 0.84691 -0.56382 -0.64859 0.51131 -0.01422 -0.30049 0.95368 0.01402 -0.50545 0.86274 -0.56382 -0.64859 0.51131 -0.40527 -0.21451 0.88867 -0.01422 -0.30049 0.95368 0.87614 0.43179 0.21433 0.87205 0.41984 0.25152 0.87730 0.43556 0.20158 0.87614 0.43179 0.21433 0.88018 0.43054 0.19979 0.87205 0.41984 0.25152 -0.83806 0.42140 0.34653 -0.90454 0.31235 0.29025 -0.82667 0.42431 0.36957 -0.83806 0.42140 0.34653 -0.88680 0.29441 0.35623 -0.90454 0.31235 0.29025 0.66831 0.33135 0.66601 0.42036 0.65909 0.62362 0.68230 0.28694 0.67241 0.66831 0.33135 0.66601 0.22247 0.61640 0.75535 0.42036 0.65909 0.62362 -0.90210 0.31665 -0.29316 -0.89277 0.22623 -0.38959 -0.90402 0.32129 -0.28200 -0.90210 0.31665 -0.29316 -0.88220 0.26736 -0.38760 -0.89277 0.22623 -0.38959 0.86836 0.44029 -0.22823 0.88153 0.27718 -0.38219 0.85024 0.47156 -0.23394 0.86836 0.44029 -0.22823 0.90530 -0.13356 -0.40322 0.88153 0.27718 -0.38219 -0.65028 0.46033 0.60434 -0.23299 0.67935 0.69585 -0.69304 0.42731 0.58060 -0.65028 0.46033 0.60434 -0.17992 0.72972 0.65965 -0.23299 0.67935 0.69585 -0.76917 -0.51175 -0.38275 -0.62071 -0.21564 -0.75380 -0.76986 -0.32099 -0.55162 -0.76917 -0.51175 -0.38275 -0.63027 -0.43361 -0.64400 -0.62071 -0.21564 -0.75380 -0.50909 -0.83179 -0.22123 -0.63027 -0.43361 -0.64400 -0.76917 -0.51175 -0.38275 -0.50909 -0.83179 -0.22123 0.08626 -0.91298 -0.39878 -0.63027 -0.43361 -0.64400 -0.64585 -0.04269 0.76227 -0.01148 -0.03475 0.99933 -0.57150 -0.00963 0.82054 -0.62345 -0.04272 0.78070 -0.01148 -0.03475 0.99933 -0.64585 -0.04269 0.76227 -0.62345 -0.04272 0.78070 -0.04164 -0.18500 0.98186 -0.01148 -0.03475 0.99933 -0.46428 -0.88568 0.00435 -0.05572 -0.97144 -0.23064 -0.50909 -0.83179 -0.22123 -0.46428 -0.88568 0.00435 -0.06679 -0.99111 -0.11507 -0.05572 -0.97144 -0.23064 -0.56382 -0.64859 0.51131 -0.06679 -0.99111 -0.11507 -0.46428 -0.88568 0.00435 -0.56382 -0.64859 0.51131 -0.03594 -0.93944 0.34082 -0.06679 -0.99111 -0.11507 -0.88206 0.42568 0.20191 -0.87582 0.43948 0.19948 -0.87085 0.41995 0.25547 -0.88206 0.42568 0.20191 -0.87743 0.43114 0.21031 -0.87582 0.43948 0.19948 0.87749 0.29542 0.37782 0.83713 0.42079 0.34950 0.91030 0.28166 0.30335 0.87749 0.29542 0.37782 0.83232 0.44210 0.33434 0.83713 0.42079 0.34950 -0.22670 0.53547 0.81356 -0.68970 0.34670 0.63569 -0.26934 0.65785 0.70334 -0.22670 0.53547 0.81356 -0.71681 0.31285 0.62314 -0.68970 0.34670 0.63569 0.88517 0.26741 -0.38074 0.90116 0.31724 -0.29543 0.90906 0.16955 -0.38062 0.88517 0.26741 -0.38074 0.89509 0.33040 -0.29943 0.90116 0.31724 -0.29543 -0.87403 0.22717 -0.42950 -0.87436 0.43338 -0.21833 -0.87396 0.27884 -0.39804 -0.87403 0.22717 -0.42950 -0.87263 0.44895 -0.19224 -0.87436 0.43338 -0.21833 0.31164 0.75059 0.58267 0.63243 0.44825 0.63175 0.20829 0.76457 0.60996 0.31164 0.75059 0.58267 0.64859 0.40109 0.64688 0.63243 0.44825 0.63175 0.50291 -0.86433 -0.00446 0.66715 -0.74425 -0.03173 0.51391 -0.81988 -0.25237 0.50291 -0.86433 -0.00446 0.56764 -0.63096 0.52884 0.66715 -0.74425 -0.03173 0.58303 -0.00697 0.81242 0.72394 -0.34476 0.59753 0.40906 -0.34724 0.84386 0.58303 -0.00697 0.81242 0.94205 -0.17595 0.28564 0.72394 -0.34476 0.59753 0.66734 -0.05943 0.74238 0.94205 -0.17595 0.28564 0.58303 -0.00697 0.81242 0.66734 -0.05943 0.74238 0.86541 0.36542 0.34284 0.94205 -0.17595 0.28564 0.56331 0.46199 0.68501 0.86541 0.36542 0.34284 0.66734 -0.05943 0.74238 0.08987 0.20353 0.97494 -0.01148 -0.03475 0.99933 0.58303 -0.00697 0.81242 0.08987 0.20353 0.97494 -0.57150 -0.00963 0.82054 -0.01148 -0.03475 0.99933 0.45933 0.88686 0.04992 0.86541 0.36542 0.34284 0.56331 0.46199 0.68501 0.45933 0.88686 0.04992 0.57400 0.79534 -0.19484 0.86541 0.36542 0.34284 0.57657 0.25547 -0.77608 0.57400 0.79534 -0.19484 0.45933 0.88686 0.04992 -0.01854 -0.64824 0.76121 -0.00000 -0.82348 0.56735 0.40906 -0.34724 0.84386 -0.01854 -0.64824 0.76121 -0.36132 -0.27005 0.89248 -0.00000 -0.82348 0.56735 -0.03594 -0.93944 0.34082 0.01402 -0.50545 0.86274 0.56764 -0.63096 0.52884 -0.03594 -0.93944 0.34082 -0.56382 -0.64859 0.51131 0.01402 -0.50545 0.86274 0.88153 0.27718 -0.38219 0.79077 0.18945 -0.58205 0.83060 0.34148 -0.43988 0.88153 0.27718 -0.38219 0.90530 -0.13356 -0.40322 0.79077 0.18945 -0.58205 -0.02628 -0.99630 0.08187 0.09078 -0.94017 0.32838 0.13308 -0.98917 0.06185 0.88153 0.27718 -0.38219 0.93503 0.29150 -0.20186 0.94521 0.25582 -0.20280 0.83060 0.34148 -0.43988 0.93503 0.29150 -0.20186 0.88153 0.27718 -0.38219 -0.85334 0.33557 -0.39900 -0.88220 0.26736 -0.38760 -0.93680 0.23426 -0.25987 -0.82667 0.42431 0.36957 -0.78740 0.34026 0.51404 -0.83806 0.42140 0.34653 0.87614 0.43179 0.21433 0.87730 0.43556 0.20158 0.86771 0.35344 0.34950 -0.84899 0.18386 -0.49539 -0.88220 0.26736 -0.38760 -0.85334 0.33557 -0.39900 -0.84899 0.18386 -0.49539 -0.89277 0.22623 -0.38959 -0.88220 0.26736 -0.38760 0.42036 0.65909 0.62362 0.22247 0.61640 0.75535 -0.56290 0.21005 0.79939 0.65716 0.41119 0.63172 0.87205 0.41984 0.25152 0.84737 0.32781 0.41774 0.65716 0.41119 0.63172 -0.23299 0.67935 0.69585 -0.17992 0.72972 0.65965 -0.77981 0.16368 0.60423 -0.88680 0.29441 0.35623 -0.56290 0.21005 0.79939 -0.77981 0.16368 0.60423 -0.90454 0.31235 0.29025 -0.88680 0.29441 0.35623 0.87205 0.41984 0.25152 0.88018 0.43054 0.19979 0.84737 0.32781 0.41774 -0.90402 0.32129 -0.28200 -0.94015 0.27674 -0.19884 -0.90210 0.31665 -0.29316 0.66831 0.33135 0.66601 0.68230 0.28694 0.67241 0.54446 0.19065 0.81684 -0.69304 0.42731 0.58060 -0.50980 0.31859 0.79913 -0.65028 0.46033 0.60434 0.86836 0.44029 -0.22823 0.85024 0.47156 -0.23394 0.88985 0.42868 -0.15623 -0.66739 -0.74405 -0.03137 -0.46428 -0.88568 0.00435 -0.50909 -0.83179 -0.22123 -0.66739 -0.74405 -0.03137 -0.56382 -0.64859 0.51131 -0.46428 -0.88568 0.00435 -0.72758 -0.34242 0.59445 -0.57150 -0.00963 0.82054 -0.36132 -0.27005 0.89248 -0.72758 -0.34242 0.59445 -0.94203 -0.17597 0.28570 -0.57150 -0.00963 0.82054 -0.85671 -0.51350 0.04868 -0.94203 -0.17597 0.28570 -0.72758 -0.34242 0.59445 -0.94203 -0.17597 0.28570 -0.64585 -0.04269 0.76227 -0.57150 -0.00963 0.82054 -0.94203 -0.17597 0.28570 -0.86541 0.36542 0.34284 -0.64585 -0.04269 0.76227 -0.84806 0.49797 0.18115 -0.86541 0.36542 0.34284 -0.94203 -0.17597 0.28570 -0.56600 0.81490 -0.12481 -0.41534 0.73442 -0.53677 -0.56600 0.81490 -0.12481 -0.86541 0.36542 0.34284 -0.84806 0.49797 0.18115 -0.35360 0.80647 0.47389 -0.86541 0.36542 0.34284 -0.56600 0.81490 -0.12481 -0.79077 0.18945 -0.58205 -0.87396 0.27884 -0.39804 -0.83060 0.34148 -0.43988 -0.79077 0.18945 -0.58205 -0.87403 0.22717 -0.42950 -0.87396 0.27884 -0.39804 0.31164 0.75059 0.58267 0.20829 0.76457 0.60996 -0.65716 0.41119 0.63172 -0.93503 0.29150 -0.20186 -0.83060 0.34148 -0.43988 -0.87396 0.27884 -0.39804 0.93680 0.23426 -0.25987 0.88517 0.26741 -0.38074 0.85334 0.33556 -0.39900 0.94551 0.19272 -0.26243 0.88517 0.26741 -0.38074 0.93680 0.23426 -0.25987 -0.09078 -0.94017 0.32838 0.02628 -0.99630 0.08187 -0.13308 -0.98917 0.06185 -0.94521 0.25582 -0.20280 -0.93503 0.29150 -0.20186 -0.87396 0.27884 -0.39804 0.78740 0.34026 0.51404 0.83713 0.42079 0.34950 0.83232 0.44210 0.33434 -0.86771 0.35344 0.34950 -0.87582 0.43948 0.19948 -0.87743 0.43114 0.21031 0.88517 0.26741 -0.38074 0.84899 0.18386 -0.49539 0.85334 0.33556 -0.39900 0.88517 0.26741 -0.38074 0.90906 0.16955 -0.38062 0.84899 0.18386 -0.49539 -0.84737 0.32781 0.41774 -0.87085 0.41995 0.25547 -0.65716 0.41119 0.63172 -0.84737 0.32781 0.41774 -0.88206 0.42568 0.20191 -0.87085 0.41995 0.25547 0.87749 0.29542 0.37782 0.91030 0.28166 0.30335 0.77981 0.16368 0.60423 0.56290 0.21005 0.79939 0.87749 0.29542 0.37782 0.77981 0.16368 0.60423 0.56290 0.21005 0.79939 -0.22670 0.53547 0.81356 -0.26934 0.65785 0.70334 0.94015 0.27674 -0.19884 0.90116 0.31724 -0.29543 0.89509 0.33040 -0.29943 -0.54446 0.19065 0.81684 -0.68970 0.34670 0.63569 -0.71681 0.31285 0.62314 0.50980 0.31859 0.79913 0.63243 0.44825 0.63175 0.64859 0.40109 0.64688 -0.88985 0.42868 -0.15623 -0.87436 0.43338 -0.21833 -0.87263 0.44895 -0.19224 0.00000 0.83060 0.55687 0.45933 0.88686 0.04992 0.56331 0.46199 0.68501 0.00000 0.83060 0.55687 -0.35360 0.80647 0.47389 0.45933 0.88686 0.04992 -0.16137 -0.95994 -0.22909 0.15188 -0.96341 -0.22086 -0.01571 -0.97101 -0.23853 -0.01591 -0.97027 -0.24151 0.15188 -0.96341 -0.22086 0.13308 -0.98917 0.06185 0.20603 -0.96957 -0.13220 0.19996 -0.97137 -0.12830 -0.02628 -0.99630 0.08187 -0.16137 -0.95994 -0.22909 -0.19527 -0.97271 -0.12535 -0.22977 -0.96199 -0.14756 -0.16137 -0.95994 -0.22909 -0.02628 -0.99630 0.08187 0.13308 -0.98917 0.06185 0.15188 -0.96341 -0.22086 -0.76917 -0.51175 -0.38275 -0.76986 -0.32099 -0.55162 -0.94203 -0.17597 0.28570 -0.85671 -0.51350 0.04868 0.16137 -0.95994 -0.22909 0.01591 -0.97027 -0.24151 0.01571 -0.97101 -0.23853 -0.15188 -0.96341 -0.22086 -0.15188 -0.96341 -0.22086 -0.19996 -0.97137 -0.12830 -0.20603 -0.96957 -0.13220 -0.13308 -0.98917 0.06185 0.02628 -0.99630 0.08187 0.22977 -0.96199 -0.14756 0.19527 -0.97271 -0.12535 0.16137 -0.95994 -0.22909 0.16137 -0.95994 -0.22909 -0.15188 -0.96341 -0.22086 -0.13308 -0.98917 0.06185 0.02628 -0.99630 0.08187 0.94205 -0.17595 0.28564 0.86022 -0.50789 0.04559 0.72394 -0.34476 0.59753 0.89491 -0.25872 -0.36360 0.94205 -0.17595 0.28564 0.86541 0.36542 0.34284 -0.01571 -0.97101 -0.23853 -0.00009 -1.00000 0.00027 -0.01591 -0.97027 -0.24151 0.20603 -0.96957 -0.13220 -0.00009 -1.00000 0.00027 0.19996 -0.97137 -0.12830 -0.19527 -0.97271 -0.12535 -0.00009 -1.00000 0.00027 -0.22977 -0.96199 -0.14756 -0.88220 0.26736 -0.38760 -0.94551 0.19272 -0.26243 -0.93680 0.23426 -0.25987 -0.64585 -0.04269 0.76227 -0.86541 0.36542 0.34284 -0.62345 -0.04272 0.78070 0.00009 -1.00000 0.00027 0.01571 -0.97101 -0.23853 0.01591 -0.97027 -0.24151 0.00009 -1.00000 0.00027 -0.20603 -0.96957 -0.13220 -0.19996 -0.97137 -0.12830 0.00009 -1.00000 0.00027 0.19527 -0.97271 -0.12535 0.22977 -0.96199 -0.14756</float_array>
     <technique_common>
      <accessor count="491" source="#realb30_1-lib-normals-array" stride="3">
       <param name="X" type="float"/>
       <param name="Y" type="float"/>
       <param name="Z" type="float"/>
      </accessor>
     </technique_common>
    </source>
    <source id="realb30_1-lib-texcoords">
     <float_array id="realb30_1-lib-texcoords-array" count="984">0.06152 -0.50000 0.27148 -0.26172 0.01855 -0.20801 0.06152 -0.50000 0.26367 -0.45996 0.27148 -0.26172 0.16406 -0.58008 0.26367 -0.45996 0.06152 -0.50000 0.16406 -0.58008 0.30859 -0.58496 0.26367 -0.45996 0.61816 -0.82617 0.74023 -0.68652 0.74414 -0.81543 0.61816 -0.82617 0.60938 -0.71777 0.74023 -0.68652 0.52246 -0.82324 0.60938 -0.71777 0.61816 -0.82617 0.52246 -0.82324 0.47461 -0.74414 0.60938 -0.71777 0.47168 -0.86230 0.47461 -0.74414 0.52246 -0.82324 0.47168 -0.86230 0.40820 -0.77930 0.47461 -0.74414 0.52246 -0.82324 0.40820 -0.77930 0.47168 -0.86230 0.52246 -0.82324 0.47461 -0.74414 0.40820 -0.77930 0.61816 -0.82617 0.47461 -0.74414 0.52246 -0.82324 0.61816 -0.82617 0.60938 -0.71777 0.47461 -0.74414 0.74414 -0.81543 0.60938 -0.71777 0.61816 -0.82617 0.74414 -0.81543 0.74023 -0.68652 0.60938 -0.71777 0.94629 -0.83887 0.74023 -0.68652 0.74414 -0.81543 0.94629 -0.83887 0.97461 -0.64355 0.74023 -0.68652 0.35352 -0.53711 0.53809 -0.45801 0.53711 -0.63672 0.33594 -0.30469 0.53809 -0.45801 0.35352 -0.53711 0.33594 -0.30469 0.52051 -0.27148 0.53809 -0.45801 0.97461 -0.64355 0.72168 -0.54297 0.97559 -0.32910 0.97461 -0.64355 0.74023 -0.68652 0.72168 -0.54297 0.94629 -0.83887 0.74023 -0.68652 0.97461 -0.64355 0.94629 -0.83887 0.74414 -0.81543 0.74023 -0.68652 0.67188 -0.97656 0.94629 -0.83887 0.86230 -0.95117 0.67188 -0.97656 0.70605 -0.88477 0.94629 -0.83887 0.60938 -0.97266 0.70605 -0.88477 0.67188 -0.97656 0.60938 -0.97266 0.61816 -0.82617 0.70605 -0.88477 0.37305 -0.73145 0.53711 -0.63672 0.47461 -0.74414 0.37305 -0.73145 0.36426 -0.66016 0.53711 -0.63672 0.47461 -0.74414 0.36426 -0.66016 0.37305 -0.73145 0.47461 -0.74414 0.53711 -0.63672 0.36426 -0.66016 0.53223 -0.92773 0.52246 -0.82324 0.61816 -0.82617 0.53223 -0.92773 0.47168 -0.86230 0.52246 -0.82324 0.61816 -0.82617 0.47168 -0.86230 0.53223 -0.92773 0.61816 -0.82617 0.52246 -0.82324 0.47168 -0.86230 0.11523 -0.88574 0.38867 -0.98242 0.07812 -0.98242 0.11523 -0.88574 0.37207 -0.89844 0.38867 -0.98242 0.10156 -0.78516 0.37207 -0.89844 0.11523 -0.88574 0.10156 -0.78516 0.38965 -0.82129 0.37207 -0.89844 0.11523 -0.88574 0.38867 -0.98242 0.07812 -0.98242 0.11523 -0.88574 0.37207 -0.89844 0.38867 -0.98242 0.10156 -0.78516 0.37207 -0.89844 0.11523 -0.88574 0.10156 -0.78516 0.38965 -0.82129 0.37207 -0.89844 0.11523 -0.88574 0.38867 -0.98242 0.07812 -0.98242 0.11523 -0.88574 0.37207 -0.89844 0.38867 -0.98242 0.10156 -0.78516 0.37207 -0.89844 0.11523 -0.88574 0.10156 -0.78516 0.38965 -0.82129 0.37207 -0.89844 0.26367 -0.45996 0.01855 -0.20801 0.27148 -0.26172 0.26367 -0.45996 0.06152 -0.50000 0.01855 -0.20801 0.30859 -0.58496 0.06152 -0.50000 0.26367 -0.45996 0.30859 -0.58496 0.16406 -0.58008 0.06152 -0.50000 0.53809 -0.45801 0.35352 -0.57031 0.53711 -0.63672 0.52051 -0.27148 0.35352 -0.53711 0.53809 -0.45801 0.52051 -0.27148 0.33594 -0.30469 0.35352 -0.53711 0.70605 -0.88477 0.86230 -0.95117 0.94629 -0.83887 0.70605 -0.88477 0.67188 -0.97656 0.86230 -0.95117 0.61816 -0.82617 0.67188 -0.97656 0.70605 -0.88477 0.61816 -0.82617 0.60938 -0.97266 0.67188 -0.97656 0.37207 -0.89844 0.07812 -0.98242 0.38867 -0.98242 0.37207 -0.89844 0.11523 -0.88574 0.07812 -0.98242 0.38965 -0.82129 0.11523 -0.88574 0.37207 -0.89844 0.38965 -0.82129 0.10156 -0.78516 0.11523 -0.88574 0.37207 -0.89844 0.07812 -0.98242 0.38867 -0.98242 0.37207 -0.89844 0.11523 -0.88574 0.07812 -0.98242 0.38965 -0.82129 0.11523 -0.88574 0.37207 -0.89844 0.38965 -0.82129 0.10156 -0.78516 0.11523 -0.88574 0.37207 -0.89844 0.07812 -0.98242 0.38867 -0.98242 0.37207 -0.89844 0.11523 -0.88574 0.07812 -0.98242 0.38965 -0.82129 0.11523 -0.88574 0.37207 -0.89844 0.38965 -0.82129 0.10156 -0.78516 0.11523 -0.88574 0.70605 -0.88477 0.74414 -0.81543 0.94629 -0.83887 0.70605 -0.88477 0.61816 -0.82617 0.74414 -0.81543 0.53711 -0.63672 0.60938 -0.71777 0.47461 -0.74414 0.53711 -0.63672 0.72168 -0.54297 0.60938 -0.71777 0.53809 -0.45801 0.72168 -0.54297 0.53711 -0.63672 0.53809 -0.45801 0.77148 -0.32129 0.72168 -0.54297 0.52051 -0.27148 0.77148 -0.32129 0.53809 -0.45801 0.36426 -0.66016 0.35352 -0.57031 0.53711 -0.63672 0.36426 -0.66016 0.53711 -0.63672 0.35352 -0.57031 0.29492 -0.01562 0.40234 -0.25098 0.56055 -0.20312 0.29492 -0.01562 0.27148 -0.26172 0.40234 -0.25098 0.01855 -0.20801 0.27148 -0.26172 0.29492 -0.01562 0.40820 -0.77930 0.37305 -0.73145 0.47461 -0.74414 0.40820 -0.77930 0.47461 -0.74414 0.37305 -0.73145 0.60938 -0.97266 0.53223 -0.92773 0.61816 -0.82617 0.60938 -0.97266 0.61816 -0.82617 0.53223 -0.92773 0.97656 -0.06055 0.81934 -0.09863 0.81934 -0.01562 0.97656 -0.06055 0.97656 -0.24316 0.81934 -0.09863 0.31934 -0.67871 0.07227 -0.67480 0.31738 -0.60254 0.31934 -0.67871 0.17383 -0.75391 0.07227 -0.67480 0.31641 -0.77637 0.17383 -0.75391 0.31934 -0.67871 0.31641 -0.77637 0.31934 -0.67871 0.17383 -0.75391 0.11523 -0.88574 0.01465 -0.87988 0.10156 -0.78516 0.11523 -0.88574 0.07812 -0.98242 0.01465 -0.87988 0.81934 -0.09863 0.97656 -0.06055 0.81934 -0.01562 0.81934 -0.09863 0.97656 -0.24316 0.97656 -0.06055 0.87500 -0.30469 0.97656 -0.24316 0.81934 -0.09863 0.81934 -0.09863 0.87500 -0.30469 0.74805 -0.14355 0.81934 -0.09863 0.97656 -0.24316 0.87500 -0.30469 0.74805 -0.14355 0.87500 -0.30469 0.81934 -0.09863 0.74805 -0.14355 0.70312 -0.27930 0.87500 -0.30469 0.87500 -0.30469 0.70312 -0.27930 0.74805 -0.14355 0.11523 -0.88574 0.01465 -0.87988 0.10156 -0.78516 0.11523 -0.88574 0.07812 -0.98242 0.01465 -0.87988 0.11523 -0.88574 0.01465 -0.87988 0.10156 -0.78516 0.11523 -0.88574 0.07812 -0.98242 0.01465 -0.87988 0.74414 -0.81543 0.70605 -0.88477 0.94629 -0.83887 0.74414 -0.81543 0.61816 -0.82617 0.70605 -0.88477 0.60938 -0.71777 0.53711 -0.63672 0.47461 -0.74414 0.60938 -0.71777 0.72168 -0.54297 0.53711 -0.63672 0.74023 -0.68652 0.72168 -0.54297 0.60938 -0.71777 0.72168 -0.54297 0.53809 -0.45801 0.53711 -0.63672 0.72168 -0.54297 0.77148 -0.32129 0.53809 -0.45801 0.97559 -0.32910 0.77148 -0.32129 0.72168 -0.54297 0.29492 -0.01562 0.27148 -0.26172 0.01855 -0.20801 0.29492 -0.01562 0.40234 -0.25098 0.27148 -0.26172 0.56055 -0.20312 0.40234 -0.25098 0.29492 -0.01562 0.81934 -0.09863 0.97656 -0.06055 0.81934 -0.01562 0.81934 -0.09863 0.97656 -0.24316 0.97656 -0.06055 0.87500 -0.30469 0.97656 -0.24316 0.81934 -0.09863 0.17383 -0.75391 0.31641 -0.77637 0.31934 -0.67871 0.17383 -0.75391 0.31934 -0.67871 0.31641 -0.77637 0.07422 -0.67480 0.31934 -0.67871 0.17383 -0.75391 0.07227 -0.67480 0.31934 -0.67871 0.31738 -0.60254 0.07227 -0.67480 0.17383 -0.75391 0.31934 -0.67871 0.01465 -0.87988 0.11523 -0.88574 0.10156 -0.78516 0.01465 -0.87988 0.07812 -0.98242 0.11523 -0.88574 0.97656 -0.06055 0.81934 -0.09863 0.81934 -0.01562 0.97656 -0.06055 0.97656 -0.24316 0.81934 -0.09863 0.74805 -0.14355 0.87500 -0.30469 0.81934 -0.09863 0.74805 -0.14355 0.70312 -0.27930 0.87500 -0.30469 0.87500 -0.30469 0.70312 -0.27930 0.74805 -0.14355 0.81934 -0.09863 0.87500 -0.30469 0.74805 -0.14355 0.81934 -0.09863 0.97656 -0.24316 0.87500 -0.30469 0.01465 -0.87988 0.11523 -0.88574 0.10156 -0.78516 0.01465 -0.87988 0.07812 -0.98242 0.11523 -0.88574 0.01465 -0.87988 0.11523 -0.88574 0.10156 -0.78516 0.01465 -0.87988 0.07812 -0.98242 0.11523 -0.88574 0.56055 -0.20312 0.29492 -0.01562 0.40234 -0.25098 0.56055 -0.20312 0.40234 -0.25098 0.29492 -0.01562 0.73926 -0.04004 0.73633 -0.10254 0.51172 -0.11230 0.51465 -0.02539 0.73926 -0.04004 0.73633 -0.10254 0.51172 -0.11230 0.51465 -0.02539 0.73926 -0.04004 0.73633 -0.10254 0.51172 -0.11230 0.51465 -0.02539 0.13477 -0.07520 0.06250 -0.13184 0.01953 -0.06934 0.08594 -0.01660 0.97461 -0.64355 0.97559 -0.32910 0.72168 -0.54297 0.74023 -0.68652 0.73926 -0.04004 0.51465 -0.02539 0.51172 -0.11230 0.73633 -0.10254 0.73926 -0.04004 0.51465 -0.02539 0.51172 -0.11230 0.73633 -0.10254 0.73926 -0.04004 0.51465 -0.02539 0.51172 -0.11230 0.73633 -0.10254 0.13477 -0.07520 0.08594 -0.01660 0.01953 -0.06934 0.06250 -0.13184 0.72168 -0.54297 0.74023 -0.68652 0.60938 -0.71777 0.97559 -0.32910 0.72168 -0.54297 0.77148 -0.32129 0.51172 -0.11230 0.42676 -0.06250 0.51465 -0.02539 0.51172 -0.11230 0.42676 -0.06250 0.51465 -0.02539 0.51172 -0.11230 0.42676 -0.06250 0.51465 -0.02539 0.31934 -0.67871 0.07422 -0.67480 0.17383 -0.75391 0.53809 -0.45801 0.77148 -0.32129 0.52051 -0.27148 0.42676 -0.06250 0.51172 -0.11230 0.51465 -0.02539 0.42676 -0.06250 0.51172 -0.11230 0.51465 -0.02539 0.42676 -0.06250 0.51172 -0.11230 0.51465 -0.02539</float_array>
     <technique_common>
      <accessor count="492" offset="0" source="#realb30_1-lib-texcoords-array" stride="2">
       <param name="U" type="float"/>
       <param name="V" type="float"/>
      </accessor>
     </technique_common>
    </source>
    <vertices id="realb30_1-lib-vertices">
     <input semantic="POSITION" source="#realb30_1-lib-positions"/>
    </vertices>
    <polylist count="161" material="mat4.png">
     <input offset="0" semantic="VERTEX" source="#realb30_1-lib-vertices"/>
     <input offset="1" semantic="NORMAL" source="#realb30_1-lib-normals"/>
     <input offset="2" semantic="TEXCOORD" source="#realb30_1-lib-texcoords"/>
     <vcount>3 3 3 3 3 3 3 3 3 3 3 3 3 3 3 3 3 3 3 3 3 3 3 3 3 3 3 3 3 3 3 3 3 3 3 3 3 3 3 3 3 3 3 3 3 3 3 3 3 3 3 3 3 3 3 3 3 3 3 3 3 3 3 3 3 3 3 3 3 3 3 3 3 3 3 3 3 3 3 3 3 3 3 3 3 3 3 3 3 3 3 3 3 3 3 3 3 3 3 3 3 3 3 3 3 3 3 3 3 3 3 3 3 3 3 3 3 3 3 3 3 3 3 3 3 3 3 3 3 3 3 3 3 3 3 3 3 3 3 3 3 3 4 4 4 4 4 4 4 4 4 3 3 3 3 3 3 3 3 3 3</vcount>
     <p>2 2 2 1 1 1 0 0 0 1 5 5 3 4 4 0 3 3 0 8 8 3 7 7 4 6 6 3 11 11 5 10 10 4 9 9 8 14 14 7 13 13 6 12 12 7 17 17 9 16 16 6 15 15 6 20 20 9 19 19 10 18 18 9 23 23 11 22 22 10 21 21 10 26 26 11 25 25 12 24 24 11 29 29 13 28 28 12 27 27 12 32 32 13 31 31 14 30 30 13 35 35 15 34 34 14 33 33 14 38 38 15 37 37 16 36 36 15 41 41 17 40 40 16 39 39 16 44 44 17 43 43 18 42 42 17 47 47 19 46 46 18 45 45 18 50 50 19 49 49 20 48 48 19 53 53 21 52 52 20 51 51 23 56 56 24 55 55 22 54 54 22 59 59 24 58 58 25 57 57 24 62 62 26 61 61 25 60 60 1 65 65 27 64 64 3 63 63 27 68 68 7 67 67 3 66 66 3 71 71 7 70 70 5 69 69 7 74 74 8 73 73 5 72 72 29 77 77 5 76 76 28 75 75 5 80 80 30 79 79 28 78 78 28 83 83 30 82 82 31 81 81 30 86 86 6 85 85 31 84 84 11 89 89 23 88 88 32 87 87 23 92 92 33 91 91 32 90 90 32 95 95 33 94 94 15 93 93 33 98 98 34 97 97 15 96 96 6 101 101 10 100 100 35 99 99 10 104 104 12 103 103 35 102 102 35 107 107 12 106 106 16 105 105 12 110 110 14 109 109 16 108 108 38 113 113 37 112 112 36 111 111 37 116 116 39 115 115 36 114 114 36 119 119 39 118 118 40 117 117 39 122 122 41 121 121 40 120 120 43 125 125 41 124 124 42 123 123 41 128 128 44 127 127 42 126 126 42 131 131 44 130 130 45 129 129 44 134 134 46 133 133 45 132 132 49 137 137 48 136 136 47 135 135 48 140 140 50 139 139 47 138 138 47 143 143 50 142 142 51 141 141 50 146 146 37 145 145 51 144 144 52 149 149 2 148 148 21 147 147 2 152 152 0 151 151 21 150 150 21 155 155 0 154 154 20 153 153 0 158 158 4 157 157 20 156 156 34 161 161 22 160 160 53 159 159 53 164 164 22 163 163 54 162 162 22 167 167 25 166 166 54 165 165 20 170 170 29 169 169 55 168 168 29 173 173 28 172 172 55 171 171 55 176 176 28 175 175 16 174 174 28 179 179 31 178 178 16 177 177 58 182 182 57 181 181 56 180 180 57 185 185 59 184 184 56 183 183 56 188 188 59 187 187 60 186 186 59 191 191 61 190 190 60 189 189 60 194 194 63 193 193 62 192 192 63 197 197 64 196 196 62 195 195 62 200 200 64 199 199 65 198 198 64 203 203 66 202 202 65 201 201 69 206 206 68 205 205 67 204 204 68 209 209 70 208 208 67 207 207 67 212 212 70 211 211 58 210 210 70 215 215 71 214 214 58 213 213 5 218 218 8 217 217 30 216 216 8 221 221 6 220 220 30 219 219 11 224 224 9 223 223 23 222 222 9 227 227 27 226 226 23 225 225 23 230 230 27 229 229 24 228 228 27 233 233 72 232 232 24 231 231 24 236 236 72 235 235 26 234 234 23 239 239 22 238 238 33 237 237 22 242 242 34 241 241 33 240 240 26 245 245 72 244 244 73 243 243 72 248 248 1 247 247 73 246 246 73 251 251 1 250 250 2 249 249 11 254 254 32 253 253 13 252 252 32 257 257 15 256 256 13 255 255 6 260 260 35 259 259 31 258 258 35 263 263 16 262 262 31 261 261 75 266 266 74 265 265 48 264 264 74 269 269 50 268 268 48 267 267 46 272 272 76 271 271 48 270 270 76 275 275 77 274 274 48 273 273 48 278 278 77 277 277 75 276 276 77 281 281 46 280 280 75 279 279 40 284 284 78 283 283 36 282 282 78 287 287 38 286 286 36 285 285 75 290 290 46 289 289 79 288 288 46 293 293 44 292 292 79 291 291 79 296 296 44 295 295 41 294 294 80 299 299 37 298 298 74 297 297 37 302 302 50 301 301 74 300 300 79 305 305 41 304 304 80 303 303 41 308 308 39 307 307 80 306 306 80 311 311 39 310 310 37 309 309 45 314 314 81 313 313 42 312 312 81 317 317 43 316 316 42 315 315 51 320 320 82 319 319 47 318 318 82 323 323 49 322 322 47 321 321 20 326 326 55 325 325 18 324 324 55 329 329 16 328 328 18 327 327 15 332 332 34 331 331 17 330 330 34 335 335 83 334 334 17 333 333 17 338 338 83 337 337 19 336 336 34 341 341 53 340 340 83 339 339 53 344 344 84 343 343 83 342 342 83 347 347 84 346 346 52 345 345 2 349 350 52 349 349 73 348 348 52 352 353 84 351 352 73 350 351 73 355 356 84 354 355 54 353 354 86 358 359 69 357 358 85 356 357 69 361 362 67 360 361 85 359 360 85 364 365 67 363 364 58 362 363 69 367 368 86 366 367 87 365 366 86 370 371 65 369 370 87 368 369 87 373 374 65 372 373 88 371 372 65 376 377 69 375 376 88 374 375 69 379 380 87 378 379 88 377 378 61 382 383 59 381 382 89 380 381 59 385 386 57 384 385 89 383 384 86 388 389 90 387 388 65 386 387 90 391 392 62 390 391 65 389 390 85 394 395 58 393 394 91 392 393 58 397 398 56 396 397 91 395 396 91 400 401 56 399 400 60 398 399 91 403 404 60 402 403 90 401 402 60 406 407 62 405 406 90 404 405 66 409 410 64 408 409 92 407 408 64 412 413 63 411 412 92 410 411 71 415 416 70 414 415 93 413 414 70 418 419 68 417 418 93 416 417 26 421 422 73 420 421 25 419 420 73 424 425 54 423 424 25 422 423 38 428 429 40 427 428 41 426 427 37 425 426 43 432 433 45 431 432 46 430 431 41 429 430 49 436 437 51 435 436 37 434 435 48 433 434 41 440 441 46 439 440 48 438 439 37 437 438 19 444 445 83 443 444 52 442 443 21 441 442 60 448 449 61 447 448 57 446 447 58 445 446 65 452 453 66 451 452 63 450 451 60 449 450 58 456 457 71 455 456 68 454 455 69 453 454 69 460 461 65 459 460 60 458 459 58 457 458 9 463 464 7 462 463 27 461 462 72 466 467 27 465 466 1 464 465 38 469 470 78 468 469 40 467 468 43 472 473 81 471 472 45 470 471 49 475 476 82 474 475 51 473 474 77 478 479 76 477 478 46 476 477 54 481 482 84 480 481 53 479 480 57 484 485 61 483 484 89 482 483 63 487 488 66 486 487 92 485 486 68 490 491 71 489 490 93 488 489</p>
    </polylist>
   </mesh>
  </geometry>
  <geometry id="realb30_2-lib" name="realb30_2">
   <mesh>
    <source id="realb30_2-lib-positions" name="position">
     <float_array id="realb30_2-lib-positions-array" count="165">0.00000 9.65989 -1.90867 1.00391 9.87353 -0.87222 0.00000 10.08690 -1.44925 1.19824 9.36556 -1.20899 0.00000 8.76664 -2.39970 1.24805 8.59001 -1.58990 0.00000 7.01960 -2.25742 0.58301 6.78059 -1.40204 -1.19824 9.36556 -1.20899 -1.00391 9.87353 -0.87222 -1.24805 8.59001 -1.58990 -0.58301 6.78059 -1.40204 -0.04395 10.56029 -0.07948 0.28516 10.65694 -0.32276 0.31445 10.60405 -0.23928 -0.08691 10.60882 -0.17083 -0.37695 10.35637 0.06560 -0.43652 10.42676 -0.01450 -0.56641 10.11311 0.16794 -0.63965 10.13909 0.10363 0.00000 9.87944 0.76034 0.00000 10.26315 0.42579 0.69238 9.85863 0.14630 -0.69238 9.85863 0.14630 -0.41504 9.29090 0.63123 -0.53711 9.37678 0.15060 0.57129 10.33969 -0.38855 0.00000 10.55831 -0.28440 0.00000 10.42089 -0.83134 0.41504 9.29090 0.63123 0.53711 9.37678 0.15060 0.00000 9.20632 0.74669 1.25195 8.97412 -0.59415 1.27148 8.48691 -0.83634 -0.57129 10.33969 -0.38855 -1.23828 8.98783 -0.58162 -0.91016 9.32641 -0.25774 -0.75879 10.08760 0.08241 -1.35156 10.81097 -1.94277 -0.63672 10.81408 -0.32791 -1.10938 9.84590 -0.28764 -0.55469 9.37929 0.14944 -0.72949 9.35298 -0.04889 0.91016 9.32641 -0.25774 0.99121 8.28273 -0.50492 0.41895 8.33701 0.21531 0.00000 8.70583 -0.59217 0.00000 9.32641 -0.25774 -0.41895 8.33701 0.21531 -0.99121 8.28273 -0.50492 -1.27148 8.48691 -0.83634 0.00000 6.18026 -1.27345 0.00000 6.78080 -1.23345 0.72559 10.56278 -0.47026 -0.69141 9.84283 0.17480</float_array>
     <technique_common>
      <accessor count="55" source="#realb30_2-lib-positions-array" stride="3">
       <param name="X" type="float"/>
       <param name="Y" type="float"/>
       <param name="Z" type="float"/>
      </accessor>
     </technique_common>
    </source>
    <source id="realb30_2-lib-normals" name="normal">
     <float_array id="realb30_2-lib-normals-array" count="648">0.51771 0.51267 -0.68494 0.78544 0.60056 -0.14974 -0.00602 0.79681 -0.60420 0.51771 0.51267 -0.68494 0.85564 0.40836 -0.31798 0.78544 0.60056 -0.14974 0.55190 0.17355 -0.81565 0.85564 0.40836 -0.31798 0.51771 0.51267 -0.68494 0.55190 0.17355 -0.81565 0.86680 0.00769 -0.49860 0.85564 0.40836 -0.31798 0.64650 -0.35001 -0.67789 0.86680 0.00769 -0.49860 0.55190 0.17355 -0.81565 0.64650 -0.35001 -0.67789 0.69518 -0.48662 -0.52908 0.86680 0.00769 -0.49860 -0.75392 0.40223 -0.51945 -0.00602 0.79681 -0.60420 -0.81223 0.56210 -0.15596 -0.75392 0.40223 -0.51945 -0.52470 0.51351 -0.67897 -0.00602 0.79681 -0.60420 -0.84992 -0.02159 -0.52648 -0.52470 0.51351 -0.67897 -0.75392 0.40223 -0.51945 -0.84992 -0.02159 -0.52648 -0.60474 0.10661 -0.78926 -0.52470 0.51351 -0.67897 -0.68954 -0.41356 -0.59456 -0.60474 0.10661 -0.78926 -0.84992 -0.02159 -0.52648 -0.68954 -0.41356 -0.59456 -0.77635 -0.22007 -0.59064 -0.60474 0.10661 -0.78926 -0.10186 0.85442 0.50951 0.21694 0.86094 0.46013 0.21465 0.85734 0.46787 -0.10186 0.85442 0.50951 -0.06891 0.85604 0.51230 0.21694 0.86094 0.46013 -0.23478 0.65141 0.72149 -0.06891 0.85604 0.51230 -0.10186 0.85442 0.50951 -0.23478 0.65141 0.72149 -0.18774 0.67027 0.71797 -0.06891 0.85604 0.51230 -0.49020 0.44253 0.75091 -0.18774 0.67027 0.71797 -0.23478 0.65141 0.72149 -0.49020 0.44253 0.75091 -0.49196 0.45320 0.74336 -0.18774 0.67027 0.71797 0.41816 0.28971 0.86094 0.21660 0.79676 0.56414 0.80714 0.29781 0.50974 -0.60581 0.43144 0.66847 -0.80714 0.29781 0.50974 -0.56693 0.54135 0.62091 -0.63526 0.05842 0.77008 -0.80714 0.29781 0.50974 -0.60581 0.43144 0.66847 -0.63526 0.05842 0.77008 -0.84004 -0.20687 0.50153 -0.80714 0.29781 0.50974 0.59024 0.80532 0.05542 0.00000 0.99505 0.09935 0.00000 0.91930 -0.39357 0.59024 0.80532 0.05542 0.21660 0.79676 0.56414 0.00000 0.99505 0.09935 0.78544 0.60056 -0.14974 0.00000 0.91930 -0.39357 -0.00602 0.79681 -0.60420 0.78544 0.60056 -0.14974 0.59024 0.80532 0.05542 0.00000 0.91930 -0.39357 0.80714 0.29781 0.50974 0.59024 0.80532 0.05542 0.78544 0.60056 -0.14974 0.80714 0.29781 0.50974 0.21660 0.79676 0.56414 0.59024 0.80532 0.05542 0.63526 0.05842 0.77008 0.80714 0.29781 0.50974 0.84004 -0.20687 0.50153 0.63526 0.05842 0.77008 0.41816 0.28971 0.86094 0.80714 0.29781 0.50974 -0.00000 -0.02027 0.99979 0.41816 0.28971 0.86094 0.63526 0.05842 0.77008 -0.00000 -0.02027 0.99979 -0.63526 0.05842 0.77008 0.41816 0.28971 0.86094 0.85564 0.40836 -0.31798 0.99243 -0.11093 -0.05262 0.97142 0.20441 0.12064 0.00000 0.91930 -0.39357 -0.81223 0.56210 -0.15596 -0.00602 0.79681 -0.60420 0.00000 0.91930 -0.39357 -0.59024 0.80532 0.05542 -0.81223 0.56210 -0.15596 0.00000 0.99505 0.09935 -0.59024 0.80532 0.05542 0.00000 0.91930 -0.39357 0.00000 0.99505 0.09935 0.21660 0.79676 0.56414 -0.59024 0.80532 0.05542 -0.80714 0.29781 0.50974 -0.59024 0.80532 0.05542 0.21660 0.79676 0.56414 -0.80714 0.29781 0.50974 -0.81223 0.56210 -0.15596 -0.59024 0.80532 0.05542 -0.90624 0.31021 0.28722 -0.87115 0.09212 0.48229 -0.93845 0.31926 0.13183 -0.79648 0.19257 0.57318 -0.82330 0.41361 0.38872 -0.85447 0.35682 0.37756 -0.79648 0.19257 0.57318 -0.78620 0.26160 0.55987 -0.82330 0.41361 0.38872 -0.69730 -0.17870 0.69414 -0.78620 0.26160 0.55987 -0.79648 0.19257 0.57318 -0.69730 -0.17870 0.69414 -0.71456 -0.23082 0.66040 -0.78620 0.26160 0.55987 0.87289 0.08250 0.48089 0.75655 -0.06447 0.65075 0.75655 -0.06447 0.65075 0.84004 -0.20687 0.50153 0.85564 0.40836 -0.31798 0.97142 0.20441 0.12064 0.87289 0.08250 0.48089 0.78544 0.60056 -0.14974 -0.00001 -0.43863 0.89867 -0.00013 -0.54886 0.83591 0.06681 -0.54750 0.83414 0.08314 -0.48831 0.86870 -0.87115 0.09212 0.48229 -0.84004 -0.20687 0.50153 -0.75655 -0.06447 0.65075 -0.75655 -0.06447 0.65075 -0.75392 0.40223 -0.51945 -0.93845 0.31926 0.13183 -0.99322 -0.10728 -0.04485 -0.84992 -0.02159 -0.52648 -0.00001 -0.43863 0.89867 -0.08225 -0.49209 0.86665 -0.06707 -0.54777 0.83394 -0.00013 -0.54886 0.83591 0.84004 -0.20687 0.50153 0.80714 0.29781 0.50974 0.87289 0.08250 0.48089 0.86680 0.00769 -0.49860 0.69518 -0.48662 -0.52908 0.99243 -0.11093 -0.05262 0.80714 0.29781 0.50974 0.78544 0.60056 -0.14974 0.87289 0.08250 0.48089 0.64650 -0.35001 -0.67789 0.53921 -0.64073 -0.54655 0.69518 -0.48662 -0.52908 -0.00000 -0.22941 0.97333 0.26496 -0.29930 0.91663 0.00000 -0.06646 0.99779 -0.00001 -0.43863 0.89867 0.12523 -0.38321 0.91513 -0.00000 -0.22941 0.97333 -0.00000 -0.22941 0.97333 0.12523 -0.38321 0.91513 0.26496 -0.29930 0.91663 -0.80714 0.29781 0.50974 -0.84004 -0.20687 0.50153 -0.87115 0.09212 0.48229 -0.68954 -0.41356 -0.59456 -0.84992 -0.02159 -0.52648 -0.99322 -0.10728 -0.04485 -0.81223 0.56210 -0.15596 -0.80714 0.29781 0.50974 -0.87115 0.09212 0.48229 -0.53921 -0.64073 -0.54655 -0.77635 -0.22007 -0.59064 -0.68954 -0.41356 -0.59456 -0.12474 -0.38577 0.91413 -0.08225 -0.49209 0.86665 -0.00001 -0.43863 0.89867 -0.26496 -0.29930 0.91663 -0.00000 -0.22941 0.97333 0.00000 -0.06646 0.99779 -0.12474 -0.38577 0.91413 -0.00001 -0.43863 0.89867 -0.00000 -0.22941 0.97333 -0.26496 -0.29930 0.91663 -0.12474 -0.38577 0.91413 -0.00000 -0.22941 0.97333 0.08314 -0.48831 0.86870 0.12523 -0.38321 0.91513 -0.00001 -0.43863 0.89867 0.21465 0.85734 0.46787 0.21694 0.86094 0.46013 0.32272 0.84664 0.42316 -0.49020 0.44253 0.75091 -0.57348 0.28474 0.76814 -0.49196 0.45320 0.74336 0.86680 0.00769 -0.49860 0.99243 -0.11093 -0.05262 0.85564 0.40836 -0.31798 -0.81223 0.56210 -0.15596 -0.87115 0.09212 0.48229 -0.90624 0.31021 0.28722</float_array>
     <technique_common>
      <accessor count="216" source="#realb30_2-lib-normals-array" stride="3">
       <param name="X" type="float"/>
       <param name="Y" type="float"/>
       <param name="Z" type="float"/>
      </accessor>
     </technique_common>
    </source>
    <source id="realb30_2-lib-texcoords">
     <float_array id="realb30_2-lib-texcoords-array" count="432">-0.34521 0.50830 -0.12744 0.65576 -0.26709 0.59375 -0.34521 0.50830 -0.14893 0.54443 -0.12744 0.65576 -0.46533 0.36426 -0.14893 0.54443 -0.34521 0.50830 -0.46533 0.36426 -0.26172 0.35010 -0.14893 0.54443 -0.64258 0.16260 -0.26172 0.35010 -0.46533 0.36426 -0.64258 0.16260 -0.55420 0.06982 -0.26172 0.35010 0.84766 0.38135 0.74512 0.55225 0.87109 0.42236 0.84766 0.38135 0.70264 0.50342 0.74512 0.55225 0.77588 0.31055 0.70264 0.50342 0.84766 0.38135 0.77588 0.31055 0.66602 0.45410 0.70264 0.50342 0.66943 0.19531 0.66602 0.45410 0.77588 0.31055 0.66943 0.19531 0.55029 0.32471 0.66602 0.45410 0.82764 -0.25928 0.91113 -0.28516 0.82471 -0.28174 0.82764 -0.25928 0.91064 -0.26172 0.91113 -0.28516 0.83057 -0.23682 0.91064 -0.26172 0.82764 -0.25928 0.83057 -0.23682 0.91016 -0.23828 0.91064 -0.26172 0.83301 -0.21680 0.91016 -0.23828 0.83057 -0.23682 0.83301 -0.21680 0.91016 -0.21729 0.91016 -0.23828 0.57617 -0.22266 0.57568 -0.06445 0.75195 -0.18652 0.57617 -0.22266 0.39941 -0.18701 0.57568 -0.06445 0.47559 -0.35547 0.39941 -0.18701 0.57617 -0.22266 0.47559 -0.35547 0.41553 -0.31738 0.39941 -0.18701 -0.15723 0.67529 -0.18359 0.69531 -0.21582 0.66016 -0.15723 0.67529 -0.13525 0.76514 -0.18359 0.69531 -0.12744 0.65576 -0.21582 0.66016 -0.26709 0.59375 -0.12744 0.65576 -0.15723 0.67529 -0.21582 0.66016 -0.07715 0.68457 -0.15723 0.67529 -0.12744 0.65576 -0.07715 0.68457 -0.13525 0.76514 -0.15723 0.67529 0.67627 -0.35547 0.75195 -0.18652 0.73633 -0.31738 0.67627 -0.35547 0.57617 -0.22266 0.75195 -0.18652 0.57617 -0.38330 0.57617 -0.22266 0.67627 -0.35547 0.57617 -0.38330 0.47559 -0.35547 0.57617 -0.22266 0.80225 -0.62598 0.83545 -0.80859 0.93457 -0.66797 0.78369 0.63965 0.87109 0.42236 0.74512 0.55225 0.78369 0.63965 0.83008 0.63770 0.87109 0.42236 0.85352 0.73682 0.83008 0.63770 0.78369 0.63965 0.85352 0.73682 0.95850 0.64551 0.83008 0.63770 0.92090 0.57422 0.83008 0.63770 0.95850 0.64551 0.92090 0.57422 0.87109 0.42236 0.83008 0.63770 0.80225 -0.62598 1.00244 -0.57080 0.93701 -0.66406 0.04004 -0.08789 0.23926 -0.36133 0.02832 -0.31738 0.04004 -0.08789 0.19678 -0.11719 0.23926 -0.36133 0.04541 -0.00439 0.19678 -0.11719 0.04004 -0.08789 0.04541 -0.00439 0.18018 -0.03174 0.19678 -0.11719 0.18018 -0.03174 0.23926 -0.36133 0.02832 -0.31738 0.04541 -0.00439 0.80225 -0.62598 0.93457 -0.66797 1.00244 -0.57080 0.89502 -0.52734 0.00977 -0.49658 0.01074 -0.38574 0.12207 -0.38428 0.17822 -0.45703 0.18018 -0.03174 0.04541 -0.00439 0.02832 -0.31738 0.23926 -0.36133 0.80225 -0.62598 0.93701 -0.66406 0.83545 -0.80859 0.72559 -0.74707 0.00977 -0.49658 0.18213 -0.45703 0.13037 -0.38672 0.01074 -0.38574 0.03369 -0.58984 0.15576 -0.60059 0.03076 -0.73877 0.72559 -0.74707 0.51953 -0.94873 0.83545 -0.80859 0.97852 -0.39111 0.89502 -0.52734 1.00244 -0.57080 -0.64258 0.16260 -0.78467 0.00684 -0.55420 0.06982 0.00537 -0.81445 0.18213 -0.82471 0.00586 -0.99170 0.00977 -0.49658 0.25928 -0.56152 0.00537 -0.81445 0.00537 -0.81445 0.25928 -0.56152 0.18213 -0.82471 0.15576 -0.60059 0.03369 -0.58984 0.03076 -0.73877 0.51953 -0.94873 0.72559 -0.74707 0.83545 -0.80859 0.86328 -0.50439 0.96875 -0.38721 1.00244 -0.57080 0.43457 0.08008 0.55029 0.32471 0.66943 0.19531 0.26221 -0.56641 0.18213 -0.45703 0.00977 -0.49658 0.17871 -0.82812 0.00537 -0.81445 0.00586 -0.99170 0.26221 -0.56641 0.00977 -0.49658 0.00537 -0.81445 0.17871 -0.82812 0.26221 -0.56641 0.00537 -0.81445 0.17822 -0.45703 0.25928 -0.56152 0.00977 -0.49658 0.82471 -0.28174 0.91113 -0.28516 0.86865 -0.31592 0.83301 -0.21680 0.87158 -0.21484 0.91016 -0.21729 0.72559 -0.74707 0.83545 -0.80859 0.80225 -0.62598 0.86328 -0.50439 1.00244 -0.57080 0.80225 -0.62598</float_array>
     <technique_common>
      <accessor count="216" offset="0" source="#realb30_2-lib-texcoords-array" stride="2">
       <param name="U" type="float"/>
       <param name="V" type="float"/>
      </accessor>
     </technique_common>
    </source>
    <vertices id="realb30_2-lib-vertices">
     <input semantic="POSITION" source="#realb30_2-lib-positions"/>
    </vertices>
    <polylist count="70" material="mat6.png">
     <input offset="0" semantic="VERTEX" source="#realb30_2-lib-vertices"/>
     <input offset="1" semantic="NORMAL" source="#realb30_2-lib-normals"/>
     <input offset="2" semantic="TEXCOORD" source="#realb30_2-lib-texcoords"/>
     <vcount>3 3 3 3 3 3 3 3 3 3 3 3 3 3 3 3 3 3 3 3 3 3 3 3 3 3 3 3 3 3 3 3 3 3 3 3 3 3 3 3 3 3 3 3 4 4 4 4 4 4 3 3 3 3 3 3 3 3 3 3 3 3 3 3 3 3 3 3 3 3</vcount>
     <p>2 2 2 1 1 1 0 0 0 1 5 5 3 4 4 0 3 3 0 8 8 3 7 7 4 6 6 3 11 11 5 10 10 4 9 9 4 14 14 5 13 13 6 12 12 5 17 17 7 16 16 6 15 15 9 20 20 2 19 19 8 18 18 2 23 23 0 22 22 8 21 21 8 26 26 0 25 25 10 24 24 0 29 29 4 28 28 10 27 27 10 32 32 4 31 31 11 30 30 4 35 35 6 34 34 11 33 33 14 38 38 13 37 37 12 36 36 13 41 41 15 40 40 12 39 39 12 44 44 15 43 43 16 42 42 15 47 47 17 46 46 16 45 45 16 50 50 17 49 49 18 48 48 17 53 53 19 52 52 18 51 51 22 56 56 21 55 55 20 54 54 21 59 59 23 58 58 20 57 57 20 62 62 23 61 61 24 60 60 23 65 65 25 64 64 24 63 63 28 68 68 27 67 67 26 66 66 27 71 71 21 70 70 26 69 69 2 74 74 28 73 73 1 72 72 28 77 77 26 76 76 1 75 75 1 80 80 26 79 79 22 78 78 26 83 83 21 82 82 22 81 81 30 86 86 22 85 85 29 84 84 22 89 89 20 88 88 29 87 87 29 92 92 20 91 91 31 90 90 20 95 95 24 94 94 31 93 93 32 98 98 33 97 97 3 96 96 2 101 101 9 100 100 28 99 99 9 104 104 34 103 103 28 102 102 28 107 107 34 106 106 27 105 105 34 110 110 21 109 109 27 108 108 21 113 113 34 112 112 23 111 111 34 116 116 9 115 115 23 114 114 35 119 119 36 118 118 8 117 117 39 122 122 38 121 121 37 120 120 38 125 125 40 124 124 37 123 123 37 128 128 40 127 127 41 126 126 40 131 131 42 130 130 41 129 129 30 135 135 45 134 134 44 133 133 43 132 132 1 139 139 43 138 138 32 137 137 3 136 136 32 143 143 43 142 142 47 141 141 46 140 140 49 147 147 48 146 146 25 145 145 36 144 144 10 151 151 50 150 150 35 149 149 8 148 148 47 155 155 36 154 154 35 153 153 46 152 152 43 158 158 22 157 157 30 156 156 33 161 161 7 160 160 5 159 159 43 164 164 1 163 163 22 162 162 7 167 167 51 166 166 6 165 165 51 170 170 7 169 169 52 168 168 52 173 173 33 172 172 46 171 171 7 176 176 33 175 175 52 174 174 36 179 179 25 178 178 23 177 177 50 182 182 10 181 181 11 180 180 36 185 185 23 184 184 9 183 183 11 188 188 6 187 187 51 186 186 46 191 191 35 190 190 50 189 189 51 194 194 52 193 193 11 192 192 52 197 197 46 196 196 50 195 195 52 200 200 50 199 199 11 198 198 46 203 203 33 202 202 32 201 201 53 206 206 13 205 205 14 204 204 19 209 209 54 208 208 18 207 207 3 212 212 33 211 211 5 210 210 8 215 215 36 214 214 9 213 213</p>
    </polylist>
   </mesh>
  </geometry>
  <geometry id="realb30_3-lib" name="realb30_3">
   <mesh>
    <source id="realb30_3-lib-positions" name="position">
     <float_array id="realb30_3-lib-positions-array" count="228">2.20181 8.38523 -0.38439 1.25418 8.21200 -0.47266 2.09371 8.23684 -0.50092 1.25440 8.46815 -0.25812 2.11150 8.25159 -0.20050 1.22132 8.20786 -0.02954 2.20034 8.06538 -0.39506 1.22673 8.01059 -0.25409 2.64360 8.02208 -0.36942 2.23933 8.23568 -0.50056 2.77470 8.23823 -0.53761 3.70884 8.08870 -0.40101 3.72482 8.22914 -0.48104 2.70727 8.42743 -0.35484 3.72038 8.35341 -0.30164 2.27944 8.23687 -0.18418 2.78912 8.22752 -0.14987 3.72308 8.24078 -0.18732 0.92651 8.01352 -0.21156 0.65527 7.91222 -0.49661 0.64746 7.83936 -0.07197 0.91346 8.20743 -0.57655 0.59668 6.39844 0.14453 0.00000 6.26367 -0.60938 0.82031 6.01074 0.09863 0.00000 6.55859 -0.48145 0.50000 6.38965 0.14355 0.00000 6.52832 -0.34668 0.00000 6.32324 0.62305 0.00000 6.33496 0.53223 -0.59668 6.39844 0.14453 -0.50000 6.38965 0.14355 -1.25440 8.46815 -0.25812 -2.09371 8.23684 -0.50092 -1.25418 8.21200 -0.47266 -2.20181 8.38523 -0.38439 -1.22132 8.20786 -0.02954 -2.11150 8.25159 -0.20050 -1.22673 8.01059 -0.25409 -2.20034 8.06538 -0.39506 -2.77470 8.23823 -0.53761 -2.23933 8.23568 -0.50056 -2.64360 8.02208 -0.36942 -3.72482 8.22914 -0.48104 -3.70884 8.08870 -0.40101 -2.70727 8.42743 -0.35484 -3.72038 8.35341 -0.30164 -2.78912 8.22752 -0.14987 -2.27944 8.23687 -0.18418 -3.72308 8.24078 -0.18732 -0.91346 8.20743 -0.57655 -0.64746 7.83936 -0.07197 -0.65527 7.91222 -0.49661 -0.92651 8.01352 -0.21156 -0.82031 6.01074 0.09863 0.00000 5.18603 -1.14909 0.53898 5.25641 -0.91558 -0.53898 5.25641 -0.91558 -1.09233 5.34397 -0.19216 0.54341 5.44797 0.53680 0.00000 4.82958 0.67627 0.00000 5.84766 0.64941 0.61107 4.96684 0.56987 1.17339 5.23819 0.03554 0.60352 8.26702 0.04092 0.98858 8.27874 0.05434 0.91494 8.55679 -0.29368 0.59180 8.43203 -0.33527 1.09233 5.34397 -0.19216 -0.54341 5.44797 0.53680 -1.17339 5.23819 0.03554 -0.59180 8.43203 -0.33527 -0.91494 8.55679 -0.29368 -0.98858 8.27874 0.05434 -0.60352 8.26702 0.04092 -0.61107 4.96684 0.56987</float_array>
     <technique_common>
      <accessor count="76" source="#realb30_3-lib-positions-array" stride="3">
       <param name="X" type="float"/>
       <param name="Y" type="float"/>
       <param name="Z" type="float"/>
      </accessor>
     </technique_common>
    </source>
    <source id="realb30_3-lib-normals" name="normal">
     <float_array id="realb30_3-lib-normals-array" count="1056">-0.03409 0.63052 -0.77542 0.10160 0.63447 -0.76624 -0.02747 0.62969 -0.77636 -0.03409 0.63052 -0.77542 0.11131 0.63807 -0.76189 0.10160 0.63447 -0.76624 0.09416 0.76971 0.63142 0.18272 0.69776 0.69264 0.01686 0.78451 0.61988 0.09416 0.76971 0.63142 0.29207 0.60985 0.73673 0.18272 0.69776 0.69264 0.00534 -0.72665 0.68699 0.09511 -0.73105 0.67567 0.05533 -0.70858 0.70346 0.00534 -0.72665 0.68699 0.10165 -0.73738 0.66778 0.09511 -0.73105 0.67567 -0.02091 -0.59339 -0.80464 -0.01164 -0.53915 -0.84213 -0.01007 -0.54769 -0.83662 -0.02091 -0.59339 -0.80464 -0.00688 -0.60436 -0.79668 -0.01164 -0.53915 -0.84213 0.04179 -0.51889 -0.85382 -0.00688 -0.60436 -0.79668 -0.02091 -0.59339 -0.80464 0.04179 -0.51889 -0.85382 0.04676 -0.49858 -0.86558 -0.00688 -0.60436 -0.79668 0.01778 0.69031 -0.72329 -0.03409 0.63052 -0.77542 -0.02999 0.60849 -0.79299 0.01778 0.69031 -0.72329 0.01516 0.70610 -0.70795 -0.03409 0.63052 -0.77542 0.08327 0.80295 -0.59020 0.01516 0.70610 -0.70795 0.01778 0.69031 -0.72329 0.08327 0.80295 -0.59020 0.08960 0.81977 -0.56565 0.01516 0.70610 -0.70795 -0.02601 0.72625 0.68694 -0.04614 0.77788 0.62672 0.01686 0.78451 0.61988 -0.02601 0.72625 0.68694 -0.00429 0.71463 0.69949 -0.04614 0.77788 0.62672 0.01767 0.71361 0.70032 -0.00429 0.71463 0.69949 -0.02601 0.72625 0.68694 0.01767 0.71361 0.70032 0.01801 0.71244 0.70150 -0.00429 0.71463 0.69949 -0.00704 -0.73530 0.67771 0.00534 -0.72665 0.68699 -0.08608 -0.75690 0.64784 -0.00704 -0.73530 0.67771 -0.05463 -0.71634 0.69561 0.00534 -0.72665 0.68699 0.06263 -0.80283 0.59292 -0.05463 -0.71634 0.69561 -0.00704 -0.73530 0.67771 0.06263 -0.80283 0.59292 0.06803 -0.81498 0.57549 -0.05463 -0.71634 0.69561 0.32162 -0.87583 -0.35983 0.57626 -0.76968 -0.27479 0.47265 -0.86996 -0.14057 0.32162 -0.87583 -0.35983 0.34211 -0.79148 -0.50649 0.57626 -0.76968 -0.27479 0.00523 -0.79021 -0.61282 0.34211 -0.79148 -0.50649 0.32162 -0.87583 -0.35983 0.00523 -0.79021 -0.61282 0.07771 -0.72659 -0.68266 0.34211 -0.79148 -0.50649 -0.01007 -0.54769 -0.83662 0.07771 -0.72659 -0.68266 0.00523 -0.79021 -0.61282 -0.01007 -0.54769 -0.83662 -0.00908 -0.52938 -0.84834 0.07771 -0.72659 -0.68266 0.67244 0.42249 -0.60772 0.53881 0.44405 -0.71589 0.65251 0.49101 -0.57718 0.67244 0.42249 -0.60772 0.73037 0.27182 -0.62664 0.53881 0.44405 -0.71589 -0.08545 0.97974 0.18110 0.00332 0.97421 0.22563 -0.09071 0.97537 0.20105 -0.08545 0.97974 0.18110 0.01413 0.97499 0.22178 0.00332 0.97421 0.22563 0.00262 0.99230 0.12381 -0.08545 0.97974 0.18110 -0.09071 0.97537 0.20105 0.00262 0.99230 0.12381 0.00797 0.99200 0.12602 -0.08545 0.97974 0.18110 0.07645 0.97586 0.20458 0.00797 0.99200 0.12602 0.00262 0.99230 0.12381 0.07645 0.97586 0.20458 0.09083 0.97834 0.18603 0.00797 0.99200 0.12602 -0.11171 0.63777 -0.76208 0.02852 0.63068 -0.77552 -0.10208 0.63471 -0.76598 -0.11171 0.63777 -0.76208 0.01723 0.62217 -0.78269 0.02852 0.63068 -0.77552 -0.30576 0.61609 0.72591 -0.01887 0.76927 0.63865 -0.20118 0.68499 0.70022 -0.30576 0.61609 0.72591 -0.05357 0.79507 0.60415 -0.01887 0.76927 0.63865 -0.11336 -0.73081 0.67310 -0.03924 -0.71944 0.69344 -0.10308 -0.73497 0.67022 -0.11336 -0.73081 0.67310 0.01750 -0.72958 0.68367 -0.03924 -0.71944 0.69344 -0.01657 -0.61262 -0.79020 0.05062 -0.54866 -0.83451 0.03296 -0.52087 -0.85300 -0.01657 -0.61262 -0.79020 -0.00391 -0.60995 -0.79243 0.05062 -0.54866 -0.83451 -0.01116 -0.51901 -0.85469 -0.00391 -0.60995 -0.79243 -0.01657 -0.61262 -0.79020 -0.01116 -0.51901 -0.85469 -0.00524 -0.49556 -0.86856 -0.00391 -0.60995 -0.79243 -0.01368 0.68766 -0.72590 0.00779 0.62555 -0.78014 0.01723 0.62217 -0.78269 -0.01368 0.68766 -0.72590 -0.02607 0.70900 -0.70472 0.00779 0.62555 -0.78014 -0.04975 0.80439 -0.59202 -0.02607 0.70900 -0.70472 -0.01368 0.68766 -0.72590 -0.04975 0.80439 -0.59202 -0.04170 0.82180 -0.56824 -0.02607 0.70900 -0.70472 0.02070 0.72336 0.69016 -0.01887 0.76927 0.63865 0.01145 0.80127 0.59820 0.02070 0.72336 0.69016 0.05330 0.70381 0.70838 -0.01887 0.76927 0.63865 -0.01564 0.71365 0.70033 0.05330 0.70381 0.70838 0.02070 0.72336 0.69016 -0.01564 0.71365 0.70033 -0.01521 0.71244 0.70156 0.05330 0.70381 0.70838 0.02574 -0.73409 0.67857 0.10713 -0.73957 0.66449 0.01750 -0.72958 0.68367 0.02574 -0.73409 0.67857 -0.01913 -0.74347 0.66850 0.10713 -0.73957 0.66449 -0.04086 -0.80356 0.59382 -0.01913 -0.74347 0.66850 0.02574 -0.73409 0.67857 -0.04086 -0.80356 0.59382 -0.03475 -0.81533 0.57796 -0.01913 -0.74347 0.66850 -0.35487 -0.85167 -0.38565 -0.55047 -0.78550 -0.28279 -0.73506 -0.67036 -0.10149 -0.35487 -0.85167 -0.38565 -0.19220 -0.83879 -0.50940 -0.55047 -0.78550 -0.28279 -0.02487 -0.78223 -0.62249 -0.19220 -0.83879 -0.50940 -0.35487 -0.85167 -0.38565 -0.02487 -0.78223 -0.62249 0.06586 -0.71853 -0.69237 -0.19220 -0.83879 -0.50940 0.04900 -0.56998 -0.82019 0.06586 -0.71853 -0.69237 -0.02487 -0.78223 -0.62249 0.04900 -0.56998 -0.82019 0.05062 -0.54866 -0.83451 0.06586 -0.71853 -0.69237 -0.68234 0.33215 -0.65122 -0.66605 0.48043 -0.57058 -0.66706 0.39469 -0.63187 -0.68234 0.33215 -0.65122 -0.69682 0.46645 -0.54486 -0.66605 0.48043 -0.57058 0.01413 0.97499 0.22178 0.07645 0.97586 0.20458 0.00332 0.97421 0.22563 0.01413 0.97499 0.22178 0.09083 0.97834 0.18603 0.07645 0.97586 0.20458 0.53881 0.44405 -0.71589 0.00000 0.44780 -0.89413 0.50478 0.48519 -0.71399 0.53881 0.44405 -0.71589 -0.50478 0.48519 -0.71399 0.00000 0.44780 -0.89413 -0.66605 0.48043 -0.57058 -0.50478 0.48519 -0.71399 -0.66706 0.39469 -0.63187 -0.66605 0.48043 -0.57058 -0.65206 0.51049 -0.56055 -0.50478 0.48519 -0.71399 0.44826 0.19414 0.87256 -0.00000 0.05581 0.99844 0.00000 0.19256 0.98128 0.44826 0.19414 0.87256 0.38163 0.11669 0.91692 -0.00000 0.05581 0.99844 0.65010 0.20190 0.73253 0.38163 0.11669 0.91692 0.44826 0.19414 0.87256 0.26491 -0.48977 0.83063 0.19976 -0.58703 0.78453 0.52249 -0.16704 0.83612 0.26491 -0.48977 0.83063 0.02823 -0.71908 0.69436 0.19976 -0.58703 0.78453 -0.07031 0.82693 0.55789 0.14137 0.73787 0.65997 -0.18827 0.82234 0.53694 -0.07031 0.82693 0.55789 0.18272 0.69776 0.69264 0.14137 0.73787 0.65997 0.10160 0.63447 -0.76624 0.11131 0.63807 -0.76189 0.06258 0.63137 -0.77295 0.06258 0.63137 -0.77295 -0.14766 0.49186 -0.85806 0.10160 0.63447 -0.76624 0.06258 0.63137 -0.77295 -0.29714 0.46834 -0.83208 -0.14766 0.49186 -0.85806 0.44826 0.19414 0.87256 0.57750 0.23253 0.78257 0.65010 0.20190 0.73253 0.44826 0.19414 0.87256 0.00000 0.19256 0.98128 0.57750 0.23253 0.78257 0.65251 0.49101 -0.57718 0.50478 0.48519 -0.71399 0.65206 0.51049 -0.56055 0.65251 0.49101 -0.57718 0.53881 0.44405 -0.71589 0.50478 0.48519 -0.71399 -0.44826 0.19414 0.87256 0.00000 0.19256 0.98128 -0.00000 0.05581 0.99844 -0.44826 0.19414 0.87256 -0.57750 0.23253 0.78257 0.00000 0.19256 0.98128 -0.65010 0.20190 0.73253 -0.57750 0.23253 0.78257 -0.44826 0.19414 0.87256 0.14766 0.49186 -0.85806 0.29714 0.46834 -0.83208 -0.06258 0.63137 -0.77295 0.14766 0.49186 -0.85806 0.49331 0.20235 -0.84599 0.29714 0.46834 -0.83208 -0.20118 0.68499 0.70022 -0.14137 0.73787 0.65997 -0.30576 0.61609 0.72591 -0.20118 0.68499 0.70022 0.07031 0.82693 0.55789 -0.14137 0.73787 0.65997 -0.10208 0.63471 -0.76598 -0.06258 0.63137 -0.77295 -0.11171 0.63777 -0.76208 -0.10208 0.63471 -0.76598 0.14766 0.49186 -0.85806 -0.06258 0.63137 -0.77295 0.18827 0.82234 0.53694 0.07031 0.82693 0.55789 0.37522 0.84450 0.38214 0.18827 0.82234 0.53694 -0.14137 0.73787 0.65997 0.07031 0.82693 0.55789 -0.19976 -0.58703 0.78453 -0.02823 -0.71908 0.69436 -0.26491 -0.48977 0.83063 -0.44826 0.19414 0.87256 -0.38163 0.11669 0.91692 -0.65010 0.20190 0.73253 -0.44826 0.19414 0.87256 -0.00000 0.05581 0.99844 -0.38163 0.11669 0.91692 0.00000 0.19256 0.98128 0.57273 0.12254 0.81054 0.57273 0.12254 0.81054 0.57750 0.23253 0.78257 0.19976 -0.58703 0.78453 0.02823 -0.71908 0.69436 0.09511 -0.73105 0.67567 0.10165 -0.73738 0.66778 0.00000 0.19256 0.98128 -0.57750 0.23253 0.78257 -0.57273 0.12254 0.81054 -0.57273 0.12254 0.81054 -0.19976 -0.58703 0.78453 -0.11336 -0.73081 0.67310 -0.10308 -0.73497 0.67022 -0.02823 -0.71908 0.69436 -0.01164 -0.53915 -0.84213 -0.00908 -0.52938 -0.84834 -0.01007 -0.54769 -0.83662 -0.04614 0.77788 0.62672 0.09416 0.76971 0.63142 0.01686 0.78451 0.61988 0.29207 0.60985 0.73673 0.14137 0.73787 0.65997 0.18272 0.69776 0.69264 -0.02747 0.62969 -0.77636 -0.02999 0.60849 -0.79299 -0.03409 0.63052 -0.77542 0.05533 -0.70858 0.70346 -0.08608 -0.75690 0.64784 0.00534 -0.72665 0.68699 -0.29714 0.46834 -0.83208 -0.49331 0.20235 -0.84599 -0.14766 0.49186 -0.85806 0.04900 -0.56998 -0.82019 0.03296 -0.52087 -0.85300 0.05062 -0.54866 -0.83451 -0.05357 0.79507 0.60415 0.01145 0.80127 0.59820 -0.01887 0.76927 0.63865 0.00779 0.62555 -0.78014 0.02852 0.63068 -0.77552 0.01723 0.62217 -0.78269 0.10713 -0.73957 0.66449 -0.03924 -0.71944 0.69344 0.01750 -0.72958 0.68367 -0.18827 0.82234 0.53694 -0.37522 0.84450 0.38214 -0.07031 0.82693 0.55789 -0.26491 -0.48977 0.83063 -0.52249 -0.16703 0.83612 -0.19976 -0.58703 0.78453</float_array>
     <technique_common>
      <accessor count="352" source="#realb30_3-lib-normals-array" stride="3">
       <param name="X" type="float"/>
       <param name="Y" type="float"/>
       <param name="Z" type="float"/>
      </accessor>
     </technique_common>
    </source>
    <source id="realb30_3-lib-texcoords">
     <float_array id="realb30_3-lib-texcoords-array" count="704">0.68945 -1.52344 0.70898 -1.19141 0.77051 -1.50781 0.68945 -1.52344 0.62109 -1.19336 0.70898 -1.19141 0.59277 -1.53223 0.62109 -1.19336 0.68945 -1.52344 0.59277 -1.53223 0.52246 -1.21094 0.62109 -1.19336 0.68945 -1.52344 0.52246 -1.21094 0.59277 -1.53223 0.68945 -1.52344 0.62109 -1.19336 0.52246 -1.21094 0.97363 -1.19727 0.86328 -1.08301 0.97852 -1.08203 0.97363 -1.19727 0.87598 -1.19531 0.86328 -1.08301 0.98047 -1.51269 0.87598 -1.19531 0.97363 -1.19727 0.98047 -1.51269 0.90332 -1.51465 0.87598 -1.19531 0.87305 -1.19336 0.98145 -1.07910 0.86230 -1.08398 0.87305 -1.19336 1.00586 -1.20019 0.98145 -1.07910 0.90039 -1.51660 1.00586 -1.20019 0.87305 -1.19336 0.90039 -1.51660 0.98242 -1.51465 1.00586 -1.20019 0.75391 -1.21973 0.84180 -1.08594 0.71094 -1.03809 0.75391 -1.21973 0.86719 -1.19629 0.84180 -1.08594 0.82227 -1.52832 0.86719 -1.19629 0.75391 -1.21973 0.82227 -1.52832 0.89746 -1.51562 0.86719 -1.19629 0.86621 -1.19434 0.71094 -1.03809 0.84180 -1.08496 0.86621 -1.19434 0.75195 -1.22168 0.71094 -1.03809 0.89746 -1.51562 0.75195 -1.22168 0.86621 -1.19434 0.89746 -1.51562 0.82227 -1.52930 0.75195 -1.22168 0.51855 -1.17871 0.55664 -1.04590 0.46582 -1.11231 0.51855 -1.17871 0.59180 -1.11035 0.55664 -1.04590 0.62109 -1.19336 0.59180 -1.11035 0.51855 -1.17871 0.62109 -1.19336 0.70898 -1.19141 0.59180 -1.11035 0.68945 -1.52344 0.70898 -1.19141 0.62109 -1.19336 0.68945 -1.52344 0.77051 -1.50781 0.70898 -1.19141 0.04395 -1.06250 0.42285 -1.20019 0.02051 -1.26172 0.04395 -1.06250 0.33691 -1.06250 0.42285 -1.20019 0.04102 -1.02832 0.33691 -1.06250 0.04395 -1.06250 0.04102 -1.02832 0.30566 -1.02832 0.33691 -1.06250 0.46191 -1.60156 0.20508 -1.54394 0.16113 -1.57617 0.46191 -1.60156 0.48438 -1.57031 0.20508 -1.54394 0.16113 -1.57617 0.48438 -1.57031 0.46191 -1.60156 0.16113 -1.57617 0.20508 -1.54394 0.48438 -1.57031 0.62109 -1.19336 0.77051 -1.50781 0.70898 -1.19141 0.62109 -1.19336 0.68945 -1.52344 0.77051 -1.50781 0.52246 -1.21094 0.68945 -1.52344 0.62109 -1.19336 0.52246 -1.21094 0.59277 -1.53223 0.68945 -1.52344 0.62109 -1.19336 0.59277 -1.53223 0.52246 -1.21094 0.62109 -1.19336 0.68945 -1.52344 0.59277 -1.53223 0.87598 -1.19531 0.97852 -1.08203 0.86328 -1.08301 0.87598 -1.19531 0.97363 -1.19727 0.97852 -1.08203 0.90332 -1.51465 0.97363 -1.19727 0.87598 -1.19531 0.90332 -1.51465 0.98047 -1.51269 0.97363 -1.19727 1.00586 -1.20019 0.86230 -1.08398 0.98145 -1.07910 1.00586 -1.20019 0.87305 -1.19336 0.86230 -1.08398 0.98242 -1.51465 0.87305 -1.19336 1.00586 -1.20019 0.98242 -1.51465 0.90039 -1.51660 0.87305 -1.19336 0.86719 -1.19629 0.71094 -1.03809 0.84180 -1.08594 0.86719 -1.19629 0.75391 -1.21973 0.71094 -1.03809 0.89746 -1.51562 0.75391 -1.21973 0.86719 -1.19629 0.89746 -1.51562 0.82227 -1.52832 0.75391 -1.21973 0.75195 -1.22168 0.84180 -1.08496 0.71094 -1.03809 0.75195 -1.22168 0.86621 -1.19434 0.84180 -1.08496 0.82227 -1.52930 0.86621 -1.19434 0.75195 -1.22168 0.82227 -1.52930 0.89746 -1.51562 0.86621 -1.19434 0.59180 -1.11035 0.46582 -1.11231 0.55664 -1.04590 0.59180 -1.11035 0.51855 -1.17871 0.46582 -1.11231 0.70898 -1.19141 0.51855 -1.17871 0.59180 -1.11035 0.70898 -1.19141 0.62109 -1.19336 0.51855 -1.17871 0.77051 -1.50781 0.62109 -1.19336 0.70898 -1.19141 0.77051 -1.50781 0.68945 -1.52344 0.62109 -1.19336 0.33691 -1.06250 0.02051 -1.26172 0.42285 -1.20019 0.33691 -1.06250 0.04395 -1.06250 0.02051 -1.26172 0.30566 -1.02832 0.04395 -1.06250 0.33691 -1.06250 0.30566 -1.02832 0.04102 -1.02832 0.04395 -1.06250 0.42285 -1.20019 0.53809 -1.44824 0.28125 -1.46777 0.42285 -1.20019 0.28125 -1.46777 0.53809 -1.44824 0.02051 -1.26172 0.28125 -1.46777 0.42285 -1.20019 0.02051 -1.26172 0.02441 -1.46191 0.28125 -1.46777 0.25977 -0.87988 0.50391 -0.99902 0.49414 -0.77246 0.25977 -0.87988 0.24414 -0.98242 0.50391 -0.99902 0.01367 -0.97461 0.24414 -0.98242 0.25977 -0.87988 0.55664 -1.04590 0.51855 -1.17871 0.46582 -1.11231 0.55664 -1.04590 0.59180 -1.11035 0.51855 -1.17871 0.69531 -1.09473 0.59180 -1.11035 0.55664 -1.04590 0.69531 -1.09473 0.62109 -1.19336 0.59180 -1.11035 0.70898 -1.19141 0.62109 -1.19336 0.69531 -1.09473 0.69531 -1.09473 0.59180 -1.11035 0.70898 -1.19141 0.69531 -1.09473 0.65527 -0.99609 0.59180 -1.11035 0.25977 -0.87988 0.05664 -0.78418 0.01367 -0.97461 0.25977 -0.87988 0.49414 -0.77246 0.05664 -0.78418 0.02051 -1.26172 0.28125 -1.46777 0.02441 -1.46191 0.02051 -1.26172 0.42285 -1.20019 0.28125 -1.46777 0.73438 -0.87988 0.49707 -0.77246 0.50879 -0.99902 0.73438 -0.87988 0.92969 -0.78418 0.49707 -0.77246 0.99121 -0.96777 0.92969 -0.78418 0.73438 -0.87988 0.59180 -1.11035 0.65527 -0.99609 0.69531 -1.09473 0.59180 -1.11035 0.55664 -1.04590 0.65527 -0.99609 0.62109 -1.19336 0.59180 -1.11035 0.52246 -1.21094 0.62109 -1.19336 0.69531 -1.09473 0.59180 -1.11035 0.70898 -1.19141 0.69531 -1.09473 0.62109 -1.19336 0.70898 -1.19141 0.59180 -1.11035 0.69531 -1.09473 0.55664 -1.04590 0.69531 -1.09473 0.69043 -1.00391 0.55664 -1.04590 0.59180 -1.11035 0.69531 -1.09473 0.51855 -1.17871 0.59180 -1.11035 0.55664 -1.04590 0.73438 -0.87988 0.75488 -0.98242 0.99121 -0.96777 0.73438 -0.87988 0.50879 -0.99902 0.75488 -0.98242 0.49414 -0.77246 0.49316 -0.59375 0.14941 -0.58984 0.05664 -0.78418 0.51855 -1.17871 0.59180 -1.11035 0.52246 -1.21094 0.62109 -1.19336 0.49707 -0.77246 0.92969 -0.78418 0.84668 -0.58984 0.49902 -0.59180 0.51855 -1.17871 0.62109 -1.19336 0.52246 -1.21094 0.59180 -1.11035 0.86328 -1.08301 0.85547 -1.01758 0.97852 -1.08203 0.84180 -1.08594 0.83203 -1.00586 0.71094 -1.03809 0.52246 -1.21094 0.59180 -1.11035 0.62109 -1.19336 0.85449 -1.01856 0.86230 -1.08398 0.98145 -1.07910 0.83203 -1.00586 0.84180 -1.08496 0.71094 -1.03809 0.65527 -0.99609 0.55664 -1.04590 0.59180 -1.11035 0.85547 -1.01758 0.86328 -1.08301 0.97852 -1.08203 0.83203 -1.00586 0.84180 -1.08594 0.71094 -1.03809 0.86230 -1.08398 0.85449 -1.01856 0.98145 -1.07910 0.84180 -1.08496 0.83203 -1.00586 0.71094 -1.03809 0.55664 -1.04590 0.69043 -1.00391 0.69531 -1.09473 0.55664 -1.04590 0.46582 -1.11231 0.51855 -1.17871</float_array>
     <technique_common>
      <accessor count="352" offset="0" source="#realb30_3-lib-texcoords-array" stride="2">
       <param name="U" type="float"/>
       <param name="V" type="float"/>
      </accessor>
     </technique_common>
    </source>
    <vertices id="realb30_3-lib-vertices">
     <input semantic="POSITION" source="#realb30_3-lib-positions"/>
    </vertices>
    <polylist count="116" material="mat2.png">
     <input offset="0" semantic="VERTEX" source="#realb30_3-lib-vertices"/>
     <input offset="1" semantic="NORMAL" source="#realb30_3-lib-normals"/>
     <input offset="2" semantic="TEXCOORD" source="#realb30_3-lib-texcoords"/>
     <vcount>3 3 3 3 3 3 3 3 3 3 3 3 3 3 3 3 3 3 3 3 3 3 3 3 3 3 3 3 3 3 3 3 3 3 3 3 3 3 3 3 3 3 3 3 3 3 3 3 3 3 3 3 3 3 3 3 3 3 3 3 3 3 3 3 3 3 3 3 3 3 3 3 3 3 3 3 3 3 3 3 3 3 3 3 3 3 3 3 3 3 3 3 3 3 3 3 3 3 3 3 4 4 4 4 3 3 3 3 3 3 3 3 3 3 3 3</vcount>
     <p>2 2 2 1 1 1 0 0 0 1 5 5 3 4 4 0 3 3 0 8 8 3 7 7 4 6 6 3 11 11 5 10 10 4 9 9 4 14 14 5 13 13 6 12 12 5 17 17 7 16 16 6 15 15 6 20 20 9 19 19 8 18 18 9 23 23 10 22 22 8 21 21 8 26 26 10 25 25 11 24 24 10 29 29 12 28 28 11 27 27 9 32 32 0 31 31 10 30 30 0 35 35 13 34 34 10 33 33 10 38 38 13 37 37 12 36 36 13 41 41 14 40 40 12 39 39 0 44 44 15 43 43 13 42 42 15 47 47 16 46 46 13 45 45 13 50 50 16 49 49 14 48 48 16 53 53 17 52 52 14 51 51 15 56 56 6 55 55 16 54 54 6 59 59 8 58 58 16 57 57 16 62 62 8 61 61 17 60 60 8 65 65 11 64 64 17 63 63 20 68 68 19 67 67 18 66 66 19 71 71 21 70 70 18 69 69 18 74 74 21 73 73 7 72 72 21 77 77 1 76 76 7 75 75 7 80 80 1 79 79 6 78 78 1 83 83 2 82 82 6 81 81 24 86 86 23 85 85 22 84 84 23 89 89 25 88 88 22 87 87 22 92 92 25 91 91 26 90 90 25 95 95 27 94 94 26 93 93 22 98 98 26 97 97 28 96 96 26 101 101 29 100 100 28 99 99 28 104 104 29 103 103 30 102 102 29 107 107 31 106 106 30 105 105 34 110 110 33 109 109 32 108 108 33 113 113 35 112 112 32 111 111 32 116 116 35 115 115 36 114 114 35 119 119 37 118 118 36 117 117 36 122 122 37 121 121 38 120 120 37 125 125 39 124 124 38 123 123 41 128 128 39 127 127 40 126 126 39 131 131 42 130 130 40 129 129 40 134 134 42 133 133 43 132 132 42 137 137 44 136 136 43 135 135 35 140 140 41 139 139 45 138 138 41 143 143 40 142 142 45 141 141 45 146 146 40 145 145 46 144 144 40 149 149 43 148 148 46 147 147 48 152 152 35 151 151 47 150 150 35 155 155 45 154 154 47 153 153 47 158 158 45 157 157 49 156 156 45 161 161 46 160 160 49 159 159 39 164 164 48 163 163 42 162 162 48 167 167 47 166 166 42 165 165 42 170 170 47 169 169 44 168 168 47 173 173 49 172 172 44 171 171 52 176 176 51 175 175 50 174 174 51 179 179 53 178 178 50 177 177 50 182 182 53 181 181 34 180 180 53 185 185 38 184 184 34 183 183 34 188 188 38 187 187 33 186 186 38 191 191 39 190 190 33 189 189 23 194 194 54 193 193 25 192 192 54 197 197 30 196 196 25 195 195 25 200 200 30 199 199 27 198 198 30 203 203 31 202 202 27 201 201 56 206 206 55 205 205 23 204 204 55 209 209 57 208 208 23 207 207 23 212 212 57 211 211 54 210 210 57 215 215 58 214 214 54 213 213 61 218 218 60 217 217 59 216 216 60 221 221 62 220 220 59 219 219 59 224 224 62 223 223 63 222 222 20 227 227 18 226 226 64 225 225 18 230 230 65 229 229 64 228 228 64 233 233 65 232 232 66 231 231 65 236 236 3 235 235 66 234 234 66 239 239 3 238 238 1 237 237 1 242 242 21 241 241 66 240 240 21 245 245 67 244 244 66 243 243 63 248 248 24 247 247 59 246 246 24 251 251 61 250 250 59 249 249 68 254 254 56 253 253 24 252 252 56 257 257 23 256 256 24 255 255 60 260 260 61 259 259 69 258 258 61 263 263 54 262 262 69 261 261 69 266 266 54 265 265 70 264 264 72 269 269 71 268 268 50 267 267 71 272 272 52 271 271 50 270 270 36 275 275 73 274 274 32 273 273 73 278 278 72 277 277 32 276 276 32 281 281 72 280 280 34 279 279 72 284 284 50 283 283 34 282 282 71 287 287 72 286 286 74 285 285 72 290 290 73 289 289 74 288 288 74 293 293 73 292 292 53 291 291 70 296 296 75 295 295 69 294 294 75 299 299 60 298 298 69 297 297 24 303 303 22 302 302 28 301 301 61 300 300 7 307 307 5 306 306 65 305 305 18 304 304 28 311 311 30 310 310 54 309 309 61 308 308 73 315 315 36 314 314 38 313 313 53 312 312 6 318 318 2 317 317 9 316 316 0 321 321 4 320 320 15 319 319 3 324 324 65 323 323 5 322 322 0 327 327 9 326 326 2 325 325 6 330 330 15 329 329 4 328 328 21 333 333 19 332 332 67 331 331 39 336 336 41 335 335 33 334 334 35 339 339 48 338 338 37 337 337 35 342 342 33 341 341 41 340 340 39 345 345 37 344 344 48 343 343 66 348 348 67 347 347 64 346 346 53 351 351 51 350 350 74 349 349</p>
    </polylist>
   </mesh>
  </geometry>
  <geometry id="realb30_4-lib" name="realb30_4">
   <mesh>
    <source id="realb30_4-lib-positions" name="position">
     <float_array id="realb30_4-lib-positions-array" count="96">2.72325 8.19811 -2.43929 3.92569 8.19787 -0.44910 2.39531 8.19810 -0.49985 5.91726 8.19730 -3.26355 3.05168 8.19740 -4.53481 6.29890 8.19656 -6.92879 -5.91726 8.19730 -3.26355 -2.39531 8.19810 -0.49985 -3.92569 8.19787 -0.44910 -2.72325 8.19811 -2.43929 -6.29890 8.19656 -6.92879 -3.05168 8.19740 -4.53481 0.81738 9.55145 -0.10640 0.90784 9.18846 -0.25115 0.79883 8.87137 -0.26952 1.09089 9.35073 -0.37341 1.23113 9.52788 -0.47738 -1.23113 9.52783 -0.47725 -0.81738 9.55145 -0.10640 -1.09089 9.35070 -0.37334 -1.22668 9.66057 -0.44746 -0.90784 9.18846 -0.25113 -0.79883 8.87137 -0.26952 0.94834 8.25264 -0.40446 1.09721 8.25295 -2.28431 3.22768 8.25169 -2.76711 2.39354 8.25224 -0.39420 -0.94834 8.25264 -0.40446 -2.39354 8.25224 -0.39420 -3.22768 8.25169 -2.76711 -1.09721 8.25295 -2.28431 1.22668 9.66063 -0.44761</float_array>
     <technique_common>
      <accessor count="32" source="#realb30_4-lib-positions-array" stride="3">
       <param name="X" type="float"/>
       <param name="Y" type="float"/>
       <param name="Z" type="float"/>
      </accessor>
     </technique_common>
    </source>
    <source id="realb30_4-lib-normals" name="normal">
     <float_array id="realb30_4-lib-normals-array" count="165">0.00020 1.00000 -0.00012 0.00020 1.00000 -0.00000 0.00015 1.00000 0.00003 0.00020 1.00000 -0.00012 0.00017 1.00000 -0.00018 0.00020 1.00000 -0.00000 0.00015 1.00000 -0.00026 0.00017 1.00000 -0.00018 0.00020 1.00000 -0.00012 0.00015 1.00000 -0.00026 0.00012 1.00000 -0.00019 0.00017 1.00000 -0.00018 -0.00021 1.00000 -0.00013 -0.00021 1.00000 -0.00002 -0.00015 1.00000 -0.00010 -0.00021 1.00000 -0.00013 -0.00021 1.00000 -0.00006 -0.00021 1.00000 -0.00002 -0.00014 1.00000 -0.00023 -0.00021 1.00000 -0.00006 -0.00021 1.00000 -0.00013 -0.00014 1.00000 -0.00023 -0.00001 1.00000 -0.00034 -0.00021 1.00000 -0.00006 0.62138 -0.14229 0.77048 0.54054 -0.19192 0.81913 0.48648 -0.21631 0.84649 0.62138 -0.14229 0.77048 0.65223 -0.10911 0.75013 0.54054 -0.19192 0.81913 0.65866 -0.12257 0.74239 0.65223 -0.10911 0.75013 0.62138 -0.14229 0.77048 -0.65851 -0.12265 0.74251 -0.62124 -0.14235 0.77058 -0.65209 -0.10916 0.75025 -0.65851 -0.12265 0.74251 -0.65588 -0.14425 0.74095 -0.62124 -0.14235 0.77058 -0.54042 -0.19195 0.81921 -0.62124 -0.14235 0.77058 -0.48637 -0.21632 0.84655 -0.54042 -0.19195 0.81921 -0.65209 -0.10916 0.75025 -0.62124 -0.14235 0.77058 0.00043 1.00000 0.00008 0.00043 1.00000 0.00008 -0.00043 1.00000 0.00008 -0.00043 1.00000 0.00008 -0.00043 1.00000 0.00008 0.62138 -0.14229 0.77048 0.65604 -0.14415 0.74084 0.65866 -0.12257 0.74239</float_array>
     <technique_common>
      <accessor count="53" source="#realb30_4-lib-normals-array" stride="3">
       <param name="X" type="float"/>
       <param name="Y" type="float"/>
       <param name="Z" type="float"/>
      </accessor>
     </technique_common>
    </source>
    <source id="realb30_4-lib-texcoords">
     <float_array id="realb30_4-lib-texcoords-array" count="112">0.37891 -0.33691 0.66650 -0.01172 0.28467 -0.00684 0.37891 -0.33691 0.99219 -0.49170 0.66650 -0.01172 0.47363 -0.66699 0.99219 -0.49170 0.37891 -0.33691 0.47363 -0.66699 0.99219 -0.97607 0.99219 -0.49170 0.99219 -0.49170 0.28467 -0.00684 0.66650 -0.01172 0.99219 -0.49170 0.37891 -0.33691 0.28467 -0.00684 0.99219 -0.97607 0.37891 -0.33691 0.99219 -0.49170 0.99219 -0.97607 0.47363 -0.66699 0.37891 -0.33691 0.12695 -0.93311 0.39746 -0.89502 0.33691 -0.95703 0.12695 -0.93311 0.38086 -0.71436 0.39746 -0.89502 0.30518 -0.43506 0.38086 -0.71436 0.12695 -0.93311 0.30518 -0.43506 0.12695 -0.93311 0.38086 -0.71436 0.30518 -0.43506 0.03076 -0.36230 0.12695 -0.93311 0.39746 -0.89502 0.12695 -0.93311 0.33691 -0.95703 0.39746 -0.89502 0.38086 -0.71436 0.12695 -0.93311 0.00293 -0.00830 0.06641 -0.35156 0.40332 -0.40039 0.27588 -0.00732 0.00293 -0.00830 0.27588 -0.00732 0.40332 -0.40039 0.06641 -0.35156 0.12695 -0.93311 0.03076 -0.36230 0.30518 -0.43506</float_array>
     <technique_common>
      <accessor count="56" offset="0" source="#realb30_4-lib-texcoords-array" stride="2">
       <param name="U" type="float"/>
       <param name="V" type="float"/>
      </accessor>
     </technique_common>
    </source>
    <vertices id="realb30_4-lib-vertices">
     <input semantic="POSITION" source="#realb30_4-lib-positions"/>
    </vertices>
    <polylist count="18" material="mat1.png">
     <input offset="0" semantic="VERTEX" source="#realb30_4-lib-vertices"/>
     <input offset="1" semantic="NORMAL" source="#realb30_4-lib-normals"/>
     <input offset="2" semantic="TEXCOORD" source="#realb30_4-lib-texcoords"/>
     <vcount>3 3 3 3 3 3 3 3 3 3 3 3 3 3 3 4 4 3</vcount>
     <p>2 2 2 1 1 1 0 0 0 1 5 5 3 4 4 0 3 3 0 8 8 3 7 7 4 6 6 3 11 11 5 10 10 4 9 9 8 14 14 7 13 13 6 12 12 7 17 17 9 16 16 6 15 15 6 20 20 9 19 19 10 18 18 9 23 23 11 22 22 10 21 21 14 26 26 13 25 25 12 24 24 13 29 29 15 28 28 12 27 27 12 32 32 15 31 31 16 30 30 19 35 35 18 34 34 17 33 33 18 38 38 20 37 37 17 36 36 22 41 41 18 40 40 21 39 39 18 44 44 19 43 43 21 42 42 26 46 48 25 45 47 24 45 46 23 45 45 30 49 52 29 49 51 28 48 50 27 47 49 16 52 55 31 51 54 12 50 53</p>
    </polylist>
   </mesh>
  </geometry>
  <geometry id="realb30_5-lib" name="realb30_5">
   <mesh>
    <source id="realb30_5-lib-positions" name="position">
     <float_array id="realb30_5-lib-positions-array" count="318">4.28409 8.15702 -0.56396 3.72482 8.22914 -0.48104 3.93262 8.12570 -0.55170 4.23918 8.32615 -0.53909 4.46301 8.18855 -0.57967 4.47658 8.29578 -0.57765 4.47855 8.26713 -0.06022 4.28539 8.35308 -0.05021 4.45866 8.37309 -0.04076 4.23911 8.14703 -0.11449 4.50607 8.26840 -0.15129 4.25012 8.18255 -0.21197 4.48653 8.37775 -0.15604 4.25921 8.41087 -0.20250 4.50849 8.21236 -0.38077 4.25627 8.40906 -0.33720 4.49944 8.33649 -0.38007 4.23260 8.16420 -0.32484 4.50258 8.22013 -0.46051 4.25548 8.16639 -0.44726 4.49496 8.31806 -0.46735 4.25364 8.36684 -0.45539 4.48032 8.18784 -0.49133 4.49211 8.31170 -0.50727 4.48678 8.25336 -0.21963 4.49129 8.37875 -0.21974 4.48399 8.24917 -0.32118 4.49157 8.36112 -0.32852 0.87171 2.49037 -0.68287 0.55572 3.05426 -0.23491 0.48182 2.42697 -0.24476 0.83762 3.08762 -0.43890 1.28331 2.48996 -0.22103 1.04640 3.11310 -0.19103 0.86276 2.48648 0.13704 0.68767 0.84268 -0.13658 0.86240 0.90087 0.02297 1.04551 0.86408 -0.26530 0.90051 0.76382 -0.45292 -4.23918 8.32615 -0.53909 -3.93262 8.12570 -0.55170 -3.72482 8.22914 -0.48104 -4.28409 8.15702 -0.56396 -4.47658 8.29578 -0.57765 -4.46301 8.18855 -0.57967 -4.23911 8.14703 -0.11449 -4.45866 8.37309 -0.04076 -4.28539 8.35308 -0.05021 -4.47828 8.26619 -0.06031 -4.25012 8.18255 -0.21197 -4.50607 8.26840 -0.15129 -4.25921 8.41087 -0.20250 -4.48653 8.37775 -0.15604 -4.23260 8.16420 -0.32484 -4.49944 8.33649 -0.38007 -4.25627 8.40906 -0.33720 -4.50849 8.21236 -0.38077 -4.25548 8.16639 -0.44726 -4.50258 8.22013 -0.46051 -4.25364 8.36684 -0.45539 -4.49496 8.31806 -0.46735 -4.49211 8.31170 -0.50727 -4.48032 8.18784 -0.49133 -4.49129 8.37875 -0.21974 -4.48678 8.25336 -0.21963 -4.48399 8.24917 -0.32118 -4.49157 8.36112 -0.32852 -0.83762 3.08762 -0.43890 -0.48182 2.42697 -0.24476 -0.55572 3.05426 -0.23491 -0.87171 2.49037 -0.68287 -1.04640 3.11310 -0.19103 -1.28331 2.48996 -0.22103 -0.86240 0.90087 0.02297 -0.68767 0.84268 -0.13658 -0.86276 2.48648 0.13704 -1.04551 0.86408 -0.26530 -0.90051 0.76382 -0.45292 3.72038 8.35341 -0.30164 4.10469 8.16712 -0.04027 4.02446 8.00980 -0.09089 3.70884 8.08870 -0.40101 3.72308 8.24078 -0.18732 4.28375 7.97553 -0.05713 4.91906 8.26784 -0.05769 4.81602 8.12966 -0.58540 4.97583 8.16726 -0.28558 4.91988 8.08943 -0.44578 4.24311 7.92554 0.05645 4.37920 7.90350 0.06353 0.79442 3.15733 0.06666 -3.70884 8.08870 -0.40101 -4.02446 8.00980 -0.09089 -3.72308 8.24078 -0.18732 -4.91906 8.26784 -0.05769 -4.81602 8.12966 -0.58540 -4.10469 8.16712 -0.04027 -3.72038 8.35341 -0.30164 -4.97583 8.16726 -0.28558 -4.91988 8.08943 -0.44578 -4.28375 7.97553 -0.05713 -4.24311 7.92554 0.05645 -4.37920 7.90350 0.06353 -4.28677 8.00687 0.03148 -0.79442 3.15733 0.06666 4.28677 8.00687 0.03148</float_array>
     <technique_common>
      <accessor count="106" source="#realb30_5-lib-positions-array" stride="3">
       <param name="X" type="float"/>
       <param name="Y" type="float"/>
       <param name="Z" type="float"/>
      </accessor>
     </technique_common>
    </source>
    <source id="realb30_5-lib-normals" name="normal">
     <float_array id="realb30_5-lib-normals-array" count="1569">-0.11438 0.14188 -0.98325 -0.18925 0.68313 -0.70535 -0.16257 0.31265 -0.93585 -0.11438 0.14188 -0.98325 -0.09048 0.62259 -0.77730 -0.18925 0.68313 -0.70535 -0.07967 0.04644 -0.99574 -0.09048 0.62259 -0.77730 -0.11438 0.14188 -0.98325 -0.07967 0.04644 -0.99574 -0.09281 0.03049 -0.99522 -0.09048 0.62259 -0.77730 -0.03017 -0.20818 0.97762 -0.06149 -0.10974 0.99206 -0.02092 -0.18431 0.98265 -0.03017 -0.20818 0.97762 0.24003 -0.33784 0.91008 -0.06149 -0.10974 0.99206 0.20528 -0.97870 0.00383 0.30289 -0.79041 -0.53245 0.24507 -0.96762 0.06048 0.20528 -0.97870 0.00383 0.28532 -0.95190 -0.11168 0.30289 -0.79041 -0.53245 0.22018 0.00730 -0.97543 0.21257 0.02242 -0.97689 0.22594 -0.00194 -0.97414 0.22018 0.00730 -0.97543 0.20466 0.03241 -0.97830 0.21257 0.02242 -0.97689 0.17019 0.01193 0.98534 0.18872 0.02455 0.98172 0.16970 0.00679 0.98547 0.17019 0.01193 0.98534 0.19343 0.03083 0.98063 0.18872 0.02455 0.98172 -0.05593 -0.99565 -0.07447 0.18709 -0.97993 0.06885 -0.06131 -0.99384 -0.09237 -0.05593 -0.99565 -0.07447 0.15694 -0.98708 0.03223 0.18709 -0.97993 0.06885 -0.02502 -0.06275 -0.99772 -0.05259 -0.04910 -0.99741 -0.01027 -0.07050 -0.99746 -0.02502 -0.06275 -0.99772 -0.05774 -0.04098 -0.99749 -0.05259 -0.04910 -0.99741 0.24779 0.08569 0.96502 0.20347 0.06148 0.97715 0.25488 0.09952 0.96184 0.24779 0.08569 0.96502 0.18836 0.04152 0.98122 0.20347 0.06148 0.97715 -0.01084 -0.99973 0.02053 0.15694 -0.98708 0.03223 -0.03415 -0.99942 -0.00143 -0.01084 -0.99973 0.02053 0.15518 -0.98416 0.08575 0.15694 -0.98708 0.03223 0.09481 -0.01311 0.99541 0.05433 -0.03006 0.99807 0.09855 -0.00270 0.99513 0.09481 -0.01311 0.99541 0.04524 -0.04318 0.99804 0.05433 -0.03006 0.99807 0.07706 -0.99578 0.04975 0.28532 -0.95190 -0.11168 0.06980 -0.99679 0.03926 0.07706 -0.99578 0.04975 0.18709 -0.97993 0.06885 0.28532 -0.95190 -0.11168 0.04394 -0.06423 -0.99697 0.02926 -0.05716 -0.99794 0.04807 -0.06859 -0.99649 0.04394 -0.06423 -0.99697 0.02603 -0.05293 -0.99826 0.02926 -0.05716 -0.99794 -0.72490 0.02823 -0.68827 -0.66826 0.19570 -0.71772 -0.75469 -0.01279 -0.65595 -0.72490 0.02823 -0.68827 -0.58452 0.27801 -0.76226 -0.66826 0.19570 -0.71772 0.74307 0.10070 -0.66159 0.71305 0.30089 -0.63326 0.74645 0.09810 -0.65817 0.74307 0.10070 -0.66159 0.71368 0.30178 -0.63213 0.71305 0.30089 -0.63326 -0.72108 0.00043 0.69285 -0.67278 -0.05120 0.73807 -0.70875 0.01146 0.70537 -0.72108 0.00043 0.69285 -0.66356 -0.05353 0.74621 -0.67278 -0.05120 0.73807 0.66284 0.05988 0.74637 0.79879 -0.12110 0.58929 0.66024 0.06754 0.74801 0.66284 0.05988 0.74637 0.82832 -0.13595 0.54351 0.79879 -0.12110 0.58929 0.74645 0.09810 -0.65817 0.79543 -0.06957 -0.60204 0.74307 0.10070 -0.66159 0.74645 0.09810 -0.65817 0.80605 -0.06490 -0.58828 0.79543 -0.06957 -0.60204 -0.75469 -0.01279 -0.65595 -0.81613 -0.13513 -0.56185 -0.72490 0.02823 -0.68827 -0.75469 -0.01279 -0.65595 -0.83730 -0.14479 -0.52723 -0.81613 -0.13513 -0.56185 0.07680 0.63937 -0.76506 0.21670 0.15006 -0.96464 0.20790 0.68366 -0.69956 0.07680 0.63937 -0.76506 0.09304 0.10742 -0.98985 0.21670 0.15006 -0.96464 0.07201 0.04631 -0.99633 0.09304 0.10742 -0.98985 0.07680 0.63937 -0.76506 0.07201 0.04631 -0.99633 0.05580 0.02586 -0.99811 0.09304 0.10742 -0.98985 -0.24620 -0.32870 0.91178 0.04703 -0.21604 0.97525 0.03427 -0.13405 0.99038 -0.24620 -0.32870 0.91178 0.06515 -0.19105 0.97942 0.04703 -0.21604 0.97525 -0.30028 -0.95048 -0.08012 -0.19938 -0.97985 -0.01164 -0.33466 -0.76600 -0.54887 -0.30028 -0.95048 -0.08012 -0.14833 -0.98871 0.02128 -0.19938 -0.97985 -0.01164 -0.21517 0.02190 -0.97633 -0.21544 0.00438 -0.97651 -0.22048 0.03164 -0.97488 -0.21517 0.02190 -0.97633 -0.20748 -0.00542 -0.97822 -0.21544 0.00438 -0.97651 -0.18716 0.02493 0.98201 -0.17981 0.01463 0.98359 -0.18275 0.03196 0.98264 -0.18716 0.02493 0.98201 -0.17610 0.00726 0.98434 -0.17981 0.01463 0.98359 -0.14004 -0.98970 0.02984 0.03540 -0.99642 -0.07671 -0.17734 -0.98169 0.06955 -0.14004 -0.98970 0.02984 0.03526 -0.99491 -0.09440 0.03540 -0.99642 -0.07671 0.04948 -0.04914 -0.99757 0.01875 -0.06458 -0.99774 0.04463 -0.04089 -0.99817 0.04948 -0.04914 -0.99757 0.03699 -0.07253 -0.99668 0.01875 -0.06458 -0.99774 -0.20953 0.06181 0.97585 -0.23502 0.08559 0.96821 -0.22157 0.04155 0.97426 -0.20953 0.06181 0.97585 -0.23033 0.10261 0.96769 -0.23502 0.08559 0.96821 -0.12281 -0.99084 0.05616 0.00231 -0.99985 0.01727 -0.14004 -0.98970 0.02984 -0.12281 -0.99084 0.05616 -0.01834 -0.99976 -0.01172 0.00231 -0.99985 0.01727 -0.05676 -0.03025 0.99793 -0.08464 -0.01434 0.99631 -0.06794 -0.04403 0.99672 -0.05676 -0.03025 0.99793 -0.08017 -0.00204 0.99678 -0.08464 -0.01434 0.99631 -0.17734 -0.98169 0.06955 -0.08297 -0.99531 0.04971 -0.30028 -0.95048 -0.08012 -0.17734 -0.98169 0.06955 -0.09025 -0.99517 0.03863 -0.08297 -0.99531 0.04971 -0.02995 -0.05732 -0.99791 -0.04279 -0.06463 -0.99699 -0.03261 -0.05355 -0.99803 -0.02995 -0.05732 -0.99791 -0.03899 -0.06801 -0.99692 -0.04279 -0.06463 -0.99699 0.66960 0.14666 -0.72810 0.72494 0.00397 -0.68880 0.59064 0.08219 -0.80274 0.66960 0.14666 -0.72810 0.75813 0.04093 -0.65082 0.72494 0.00397 -0.68880 -0.71323 0.30019 -0.63339 -0.74275 0.10487 -0.66130 -0.71445 0.29915 -0.63251 -0.71323 0.30019 -0.63339 -0.74569 0.10745 -0.65757 -0.74275 0.10487 -0.66130 0.67402 -0.03867 0.73770 0.70660 0.00809 0.70756 0.66732 -0.03591 0.74390 0.67402 -0.03867 0.73770 0.72260 -0.00282 0.69126 0.70660 0.00809 0.70756 -0.80476 -0.05590 0.59096 -0.67555 0.04251 0.73609 -0.84120 -0.03899 0.53931 -0.80476 -0.05590 0.59096 -0.64774 0.03389 0.76111 -0.67555 0.04251 0.73609 -0.79528 -0.09595 -0.59859 -0.74569 0.10745 -0.65757 -0.81295 -0.10330 -0.57310 -0.79528 -0.09595 -0.59859 -0.74275 0.10487 -0.66130 -0.74569 0.10745 -0.65757 0.81787 -0.09671 -0.56722 0.75813 0.04093 -0.65082 0.83642 -0.08604 -0.54129 0.81787 -0.09671 -0.56722 0.72494 0.00397 -0.68880 0.75813 0.04093 -0.65082 -0.20515 0.85491 0.47648 -0.06149 -0.10974 0.99206 -0.25853 0.14221 0.95548 -0.20515 0.85491 0.47648 -0.03876 0.99040 0.13268 -0.07794 0.96381 0.25496 0.03043 0.98364 -0.17754 -0.03876 0.99040 0.13268 -0.20515 0.85491 0.47648 -0.46312 -0.08585 0.88213 -0.31264 -0.89595 0.31547 -0.59461 -0.51977 0.61342 0.26858 -0.68475 -0.67748 0.30289 -0.79041 -0.53245 -0.20940 -0.59336 -0.77722 -0.03260 -0.75800 -0.65144 0.30289 -0.79041 -0.53245 0.26858 -0.68475 -0.67748 -0.00535 -0.18152 0.98337 -0.03017 -0.20818 0.97762 -0.02092 -0.18431 0.98265 0.00170 -0.99991 -0.01351 0.20528 -0.97870 0.00383 0.24507 -0.96762 0.06048 0.22018 0.00730 -0.97543 0.22594 -0.00194 -0.97414 0.22105 -0.00286 -0.97526 -0.01283 0.02045 -0.99971 -0.09281 0.03049 -0.99522 -0.07967 0.04644 -0.99574 0.41577 0.86299 -0.28704 0.25118 0.91263 -0.32252 0.25457 0.91191 -0.32190 -0.59461 -0.51977 0.61342 -0.25853 0.14221 0.95548 -0.46312 -0.08585 0.88213 -0.13268 0.70448 0.69721 -0.20515 0.85491 0.47648 -0.25853 0.14221 0.95548 -0.20515 0.85491 0.47648 0.01280 0.93837 -0.34539 0.03043 0.98364 -0.17754 -0.20515 0.85491 0.47648 -0.09048 0.62259 -0.77730 0.01280 0.93837 -0.34539 -0.18925 0.68313 -0.70535 -0.09048 0.62259 -0.77730 -0.21416 0.80048 -0.55980 0.28532 -0.95190 -0.11168 -0.20940 -0.59336 -0.77722 0.30289 -0.79041 -0.53245 0.28532 -0.95190 -0.11168 0.18709 -0.97993 0.06885 -0.31264 -0.89595 0.31547 0.28395 0.09575 0.95405 0.24779 0.08569 0.96502 0.25488 0.09952 0.96184 -0.16412 -0.98614 0.02414 -0.01084 -0.99973 0.02053 -0.03415 -0.99942 -0.00143 0.04807 -0.06859 -0.99649 0.06053 -0.06939 -0.99575 0.04394 -0.06423 -0.99697 0.07706 -0.99578 0.04975 0.06980 -0.99679 0.03926 -0.16728 -0.98487 0.04528 -0.01027 -0.07050 -0.99746 0.01371 -0.06864 -0.99755 -0.02502 -0.06275 -0.99772 -0.05593 -0.99565 -0.07447 -0.06131 -0.99384 -0.09237 -0.29586 -0.95259 -0.07097 -0.09480 -0.89821 -0.42923 -0.03260 -0.75800 -0.65144 0.26858 -0.68475 -0.67748 -0.09480 -0.89821 -0.42923 -0.12178 -0.89167 -0.43600 -0.03260 -0.75800 -0.65144 0.68588 0.16951 0.70770 0.66024 0.06754 0.74801 0.71977 0.14456 0.67900 0.68588 0.16951 0.70770 0.66284 0.05988 0.74637 0.66024 0.06754 0.74801 -0.75441 0.02181 0.65605 -0.72108 0.00043 0.69285 -0.70875 0.01146 0.70537 -0.75441 0.02181 0.65605 -0.78165 -0.01421 0.62355 -0.72108 0.00043 0.69285 0.31264 -0.89595 0.31547 0.46312 -0.08585 0.88213 0.59461 -0.51977 0.61342 0.20940 -0.59336 -0.77722 -0.33466 -0.76600 -0.54887 -0.26858 -0.68475 -0.67748 -0.30028 -0.95048 -0.08012 -0.33466 -0.76600 -0.54887 0.20940 -0.59336 -0.77722 0.06515 -0.19105 0.97942 0.00518 -0.18079 0.98351 0.04703 -0.21604 0.97525 -0.19938 -0.97985 -0.01164 -0.14833 -0.98871 0.02128 -0.00388 -0.99973 -0.02311 0.07201 0.04631 -0.99633 0.01283 0.02045 -0.99971 0.05580 0.02586 -0.99811 -0.25457 0.91191 -0.32190 -0.25118 0.91263 -0.32252 -0.41577 0.86299 -0.28704 0.13268 0.70448 0.69721 0.25853 0.14221 0.95548 0.20239 0.75325 0.62582 0.59461 -0.51977 0.61342 0.46312 -0.08585 0.88213 0.25853 0.14221 0.95548 -0.23033 0.10261 0.96769 -0.28395 0.09575 0.95405 -0.23502 0.08559 0.96821 0.00231 -0.99985 0.01727 -0.01834 -0.99976 -0.01172 0.16412 -0.98614 0.02414 -0.06053 -0.06939 -0.99575 -0.04279 -0.06463 -0.99699 -0.03899 -0.06801 -0.99692 0.16728 -0.98487 0.04528 -0.08297 -0.99531 0.04971 -0.09025 -0.99517 0.03863 -0.08464 -0.01434 0.99631 -0.08017 -0.00204 0.99678 -0.13295 -0.00394 0.99111 -0.01371 -0.06864 -0.99755 0.01875 -0.06458 -0.99774 0.03699 -0.07253 -0.99668 0.29586 -0.95259 -0.07097 0.03540 -0.99642 -0.07671 0.03526 -0.99491 -0.09440 -0.17981 0.01463 0.98359 -0.17610 0.00726 0.98434 -0.15781 0.00591 0.98745 -0.26858 -0.68475 -0.67748 0.03260 -0.75800 -0.65144 0.09480 -0.89821 -0.42923 -0.26858 -0.68475 -0.67748 -0.33466 -0.76600 -0.54887 0.03260 -0.75800 -0.65144 -0.75948 0.60474 -0.23975 -0.80925 0.58367 0.06666 -0.80541 0.59271 0.00362 0.12178 -0.89167 -0.43600 0.09480 -0.89821 -0.42923 0.03260 -0.75800 -0.65144 -0.68588 0.16951 0.70770 -0.67555 0.04251 0.73609 -0.64774 0.03389 0.76111 -0.68588 0.16951 0.70770 -0.71977 0.14456 0.67900 -0.67555 0.04251 0.73609 0.75441 0.02181 0.65605 0.72260 -0.00282 0.69126 0.78165 -0.01421 0.62355 0.75441 0.02181 0.65605 0.70660 0.00809 0.70756 0.72260 -0.00282 0.69126 -0.17734 -0.98169 0.06955 0.31264 -0.89595 0.31547 -0.14004 -0.98970 0.02984 -0.17734 -0.98169 0.06955 -0.30028 -0.95048 -0.08012 0.31264 -0.89595 0.31547 0.19383 0.83554 -0.51411 0.07680 0.63937 -0.76506 0.20790 0.68366 -0.69956 0.19383 0.83554 -0.51411 -0.01280 0.93837 -0.34539 0.07680 0.63937 -0.76506 -0.03043 0.98364 -0.17754 -0.01280 0.93837 -0.34539 0.19383 0.83554 -0.51411 0.20239 0.75325 0.62582 0.03876 0.99040 0.13268 -0.03043 0.98364 -0.17754 0.20239 0.75325 0.62582 0.07794 0.96381 0.25496 0.03876 0.99040 0.13268 0.25853 0.14221 0.95548 0.03427 -0.13405 0.99038 0.20239 0.75325 0.62582 -0.03876 0.99040 0.13268 0.10229 0.98509 0.13830 0.08267 0.98595 0.14516 -0.07794 0.96381 0.25496 -0.03876 0.99040 0.13268 0.03043 0.98364 -0.17754 0.27542 0.95413 -0.11737 0.26624 0.95706 -0.11471 0.32327 0.91384 -0.24577 0.03043 0.98364 -0.17754 0.01280 0.93837 -0.34539 0.34162 0.90835 -0.24125 0.25457 0.91191 -0.32190 0.25118 0.91263 -0.32252 0.01280 0.93837 -0.34539 -0.09048 0.62259 -0.77730 -0.25853 0.14221 0.95548 -0.25903 0.23842 0.93598 -0.23252 0.24518 0.94118 -0.46312 -0.08585 0.88213 0.80039 0.54103 0.25819 0.80925 0.58367 0.06666 0.80541 0.59271 0.00362 0.80039 0.54103 0.25819 -0.31264 -0.89595 0.31547 0.15694 -0.98708 0.03223 0.15518 -0.98416 0.08575 0.11492 -0.99287 0.03160 0.03876 0.99040 0.13268 0.07794 0.96381 0.25496 -0.08267 0.98595 0.14516 -0.10229 0.98509 0.13830 0.03876 0.99040 0.13268 -0.26624 0.95706 -0.11471 -0.27542 0.95413 -0.11737 -0.03043 0.98364 -0.17754 -0.32327 0.91384 -0.24577 -0.34162 0.90835 -0.24125 -0.01280 0.93837 -0.34539 -0.03043 0.98364 -0.17754 -0.25457 0.91191 -0.32190 0.07680 0.63937 -0.76506 -0.01280 0.93837 -0.34539 -0.25118 0.91263 -0.32252 0.25853 0.14221 0.95548 0.46312 -0.08585 0.88213 0.23252 0.24518 0.94118 0.25903 0.23842 0.93598 -0.80039 0.54103 0.25819 -0.80541 0.59271 0.00362 -0.80925 0.58367 0.06666 0.31264 -0.89595 0.31547 -0.11492 -0.99287 0.03160 -0.12281 -0.99084 0.05616 -0.14004 -0.98970 0.02984 0.13295 -0.00394 0.99111 0.09481 -0.01311 0.99541 0.09855 -0.00270 0.99513 0.15781 0.00591 0.98745 0.17019 0.01193 0.98534 0.16970 0.00679 0.98547 0.22514 0.96982 0.09360 0.08267 0.98595 0.14516 0.10229 0.98509 0.13830 0.37882 0.91370 -0.14711 0.26624 0.95706 -0.11471 0.27542 0.95413 -0.11737 0.47178 0.85747 -0.20532 0.32327 0.91384 -0.24577 0.34162 0.90835 -0.24125 0.24003 -0.33784 0.91008 -0.25853 0.14221 0.95548 -0.06149 -0.10974 0.99206 0.80541 0.59271 0.00362 0.80925 0.58367 0.06666 0.75948 0.60474 -0.23975 -0.00202 0.29448 0.95566 -0.23252 0.24518 0.94118 -0.25903 0.23842 0.93598 -0.46646 -0.39730 -0.79030 -0.20940 -0.59336 -0.77722 -0.16257 0.31265 -0.93585 0.18709 -0.97993 0.06885 0.15694 -0.98708 0.03223 -0.31264 -0.89595 0.31547 -0.20748 -0.00542 -0.97822 -0.22105 -0.00286 -0.97526 -0.21544 0.00438 -0.97651 -0.08267 0.98595 0.14516 -0.22514 0.96982 0.09360 -0.10229 0.98509 0.13830 -0.26624 0.95706 -0.11471 -0.37882 0.91370 -0.14711 -0.27542 0.95413 -0.11737 -0.32327 0.91384 -0.24577 -0.47178 0.85747 -0.20532 -0.34162 0.90835 -0.24125 0.25853 0.14221 0.95548 -0.24620 -0.32870 0.91178 0.03427 -0.13405 0.99038 0.23252 0.24518 0.94118 0.00202 0.29448 0.95566 0.25903 0.23842 0.93598 0.20940 -0.59336 -0.77722 0.46646 -0.39730 -0.79030 0.21670 0.15006 -0.96464</float_array>
     <technique_common>
      <accessor count="523" source="#realb30_5-lib-normals-array" stride="3">
       <param name="X" type="float"/>
       <param name="Y" type="float"/>
       <param name="Z" type="float"/>
      </accessor>
     </technique_common>
    </source>
    <source id="realb30_5-lib-texcoords">
     <float_array id="realb30_5-lib-texcoords-array" count="1048">3.49023 -0.78711 3.33887 -0.95215 3.46289 -0.85449 3.49023 -0.78711 3.43164 -0.77344 3.33887 -0.95215 3.52344 -0.70996 3.43164 -0.77344 3.49023 -0.78711 3.52344 -0.70996 3.48926 -0.69629 3.43164 -0.77344 3.83203 -0.81934 3.86816 -0.76367 3.85254 -0.82227 3.83203 -0.81934 3.84473 -0.69434 3.86816 -0.76367 3.79980 -0.81934 3.84473 -0.69434 3.83203 -0.81934 3.79980 -0.81934 3.77051 -0.71191 3.84473 -0.69434 3.78613 -0.81738 3.77051 -0.71191 3.79980 -0.81934 3.78613 -0.81738 3.77246 -0.73438 3.77051 -0.71191 3.65918 -0.84668 3.69727 -0.72949 3.66992 -0.84766 3.65918 -0.84668 3.70020 -0.70605 3.69727 -0.72949 3.62305 -0.84766 3.70020 -0.70605 3.65918 -0.84668 3.62305 -0.84766 3.62988 -0.71484 3.70020 -0.70605 3.60938 -0.84863 3.62988 -0.71484 3.62305 -0.84766 3.60938 -0.84863 3.62402 -0.74414 3.62988 -0.71484 3.57715 -0.80371 3.62402 -0.74414 3.59570 -0.80566 3.57715 -0.80371 3.62988 -0.71484 3.62402 -0.74414 3.53223 -0.78223 3.62988 -0.71484 3.57715 -0.80371 3.53223 -0.78223 3.56543 -0.69141 3.62988 -0.71484 3.75000 -0.84863 3.77246 -0.73438 3.76660 -0.85449 3.75000 -0.84863 3.77051 -0.71191 3.77246 -0.73438 3.71094 -0.84082 3.77051 -0.71191 3.75000 -0.84863 3.71094 -0.84082 3.70020 -0.70605 3.77051 -0.71191 3.69043 -0.84473 3.70020 -0.70605 3.71094 -0.84082 3.69043 -0.84473 3.69727 -0.72949 3.70020 -0.70605 3.75098 -0.26562 4.04297 -0.32129 3.74805 -0.36328 3.75098 -0.26562 4.01367 -0.26758 4.04297 -0.32129 3.75488 -0.18652 4.01367 -0.26758 3.75098 -0.26562 3.75488 -0.18652 4.03223 -0.20312 4.01367 -0.26758 3.75098 -0.10156 2.96680 -0.10840 3.74414 -0.01367 3.75098 -0.10156 2.99512 -0.14648 2.96680 -0.10840 3.75488 -0.18652 2.99512 -0.14648 3.75098 -0.10156 3.75488 -0.18652 2.96484 -0.19238 2.99512 -0.14648 3.75098 -0.26562 2.96484 -0.19238 3.75488 -0.18652 3.75098 -0.26562 2.95312 -0.23535 2.96484 -0.19238 3.74805 -0.36328 2.95312 -0.23535 3.75098 -0.26562 3.74805 -0.36328 2.96289 -0.29590 2.95312 -0.23535 3.43164 -0.77344 3.46289 -0.85449 3.33887 -0.95215 3.43164 -0.77344 3.49023 -0.78711 3.46289 -0.85449 3.48926 -0.69629 3.49023 -0.78711 3.43164 -0.77344 3.48926 -0.69629 3.52344 -0.70996 3.49023 -0.78711 3.84473 -0.69434 3.85254 -0.82227 3.86816 -0.76367 3.84473 -0.69434 3.83203 -0.81934 3.85254 -0.82227 3.77051 -0.71191 3.83203 -0.81934 3.84473 -0.69434 3.77051 -0.71191 3.79980 -0.81934 3.83203 -0.81934 3.77246 -0.73438 3.79980 -0.81934 3.77051 -0.71191 3.77246 -0.73438 3.78613 -0.81738 3.79980 -0.81934 3.70020 -0.70605 3.66992 -0.84766 3.69727 -0.72949 3.70020 -0.70605 3.65918 -0.84668 3.66992 -0.84766 3.62988 -0.71484 3.65918 -0.84668 3.70020 -0.70605 3.62988 -0.71484 3.62305 -0.84766 3.65918 -0.84668 3.62402 -0.74414 3.62305 -0.84766 3.62988 -0.71484 3.62402 -0.74414 3.60938 -0.84863 3.62305 -0.84766 3.62988 -0.71484 3.59570 -0.80566 3.62402 -0.74414 3.62988 -0.71484 3.57715 -0.80371 3.59570 -0.80566 3.56543 -0.69141 3.57715 -0.80371 3.62988 -0.71484 3.56543 -0.69141 3.53223 -0.78223 3.57715 -0.80371 3.77051 -0.71191 3.76660 -0.85449 3.77246 -0.73438 3.77051 -0.71191 3.75000 -0.84863 3.76660 -0.85449 3.70020 -0.70605 3.75000 -0.84863 3.77051 -0.71191 3.70020 -0.70605 3.71094 -0.84082 3.75000 -0.84863 3.69727 -0.72949 3.71094 -0.84082 3.70020 -0.70605 3.69727 -0.72949 3.69043 -0.84473 3.71094 -0.84082 4.01367 -0.26758 3.74805 -0.36328 4.04297 -0.32129 4.01367 -0.26758 3.75098 -0.26562 3.74805 -0.36328 4.03223 -0.20312 3.75098 -0.26562 4.01367 -0.26758 4.03223 -0.20312 3.75488 -0.18652 3.75098 -0.26562 2.99512 -0.14648 3.74414 -0.01367 2.96680 -0.10840 2.99512 -0.14648 3.75098 -0.10156 3.74414 -0.01367 2.96484 -0.19238 3.75098 -0.10156 2.99512 -0.14648 2.96484 -0.19238 3.75488 -0.18652 3.75098 -0.10156 2.95312 -0.23535 3.75488 -0.18652 2.96484 -0.19238 2.95312 -0.23535 3.75098 -0.26562 3.75488 -0.18652 2.96289 -0.29590 3.75098 -0.26562 2.95312 -0.23535 2.96289 -0.29590 3.74805 -0.36328 3.75098 -0.26562 3.20020 -0.95215 3.16992 -0.71680 3.15332 -0.78906 3.20020 -0.95215 3.25098 -0.71387 3.16992 -0.71680 3.33496 -0.70898 3.25098 -0.71387 3.20020 -0.95215 3.84180 -0.59082 3.64746 -0.48047 3.76953 -0.49219 3.84180 -0.59082 3.84473 -0.69434 3.64746 -0.48047 3.90625 -0.67969 3.84473 -0.69434 3.84180 -0.59082 3.81836 -0.94531 3.83203 -0.81934 3.85254 -0.82227 3.81836 -0.94531 3.79980 -0.81934 3.83203 -0.81934 3.78613 -0.81738 3.79980 -0.81934 3.81836 -0.94531 3.56250 -0.56934 3.48926 -0.69629 3.52344 -0.70996 3.56250 -0.56934 3.46289 -0.66797 3.48926 -0.69629 3.07715 -0.96484 3.15332 -0.78906 3.04492 -0.82422 3.07715 -0.96484 3.20020 -0.95215 3.15332 -0.78906 3.20020 -0.95215 3.40820 -0.71094 3.33496 -0.70898 3.20020 -0.95215 3.43164 -0.77344 3.40820 -0.71094 3.33887 -0.95215 3.43164 -0.77344 3.20020 -0.95215 3.77051 -0.71191 3.64746 -0.48047 3.84473 -0.69434 3.77051 -0.71191 3.70020 -0.70605 3.64746 -0.48047 3.52246 -0.95508 3.57715 -0.80371 3.59570 -0.80566 3.52246 -0.95508 3.53223 -0.78223 3.57715 -0.80371 3.71094 -0.84082 3.71777 -0.96875 3.69043 -0.84473 3.71094 -0.84082 3.75000 -0.84863 3.71777 -0.96875 3.62305 -0.84766 3.62695 -0.96484 3.60938 -0.84863 3.62305 -0.84766 3.65918 -0.84668 3.62695 -0.96484 3.93750 -0.63477 3.90625 -0.67969 3.84180 -0.59082 3.93750 -0.63477 3.96973 -0.67871 3.90625 -0.67969 4.03223 -0.20312 3.75098 -0.10156 4.06055 -0.12109 4.03223 -0.20312 3.75488 -0.18652 3.75098 -0.10156 4.04590 -0.01367 3.75098 -0.10156 3.74414 -0.01367 4.04590 -0.01367 4.06055 -0.12109 3.75098 -0.10156 3.64746 -0.48047 3.84180 -0.59082 3.76953 -0.49219 3.64746 -0.48047 3.84473 -0.69434 3.84180 -0.59082 3.77051 -0.71191 3.84473 -0.69434 3.64746 -0.48047 3.83203 -0.81934 3.81836 -0.94531 3.85254 -0.82227 3.83203 -0.81934 3.79980 -0.81934 3.81836 -0.94531 3.48926 -0.69629 3.56250 -0.56934 3.52344 -0.70996 3.48926 -0.69629 3.46289 -0.66797 3.56250 -0.56934 3.07715 -0.96484 3.15332 -0.78906 3.20020 -0.95215 3.07715 -0.96484 3.04492 -0.82422 3.15332 -0.78906 3.57715 -0.80371 3.52246 -0.95508 3.59570 -0.80566 3.57715 -0.80371 3.53223 -0.78223 3.52246 -0.95508 3.71777 -0.96875 3.71094 -0.84082 3.69043 -0.84473 3.71777 -0.96875 3.75000 -0.84863 3.71094 -0.84082 3.76660 -0.85449 3.75000 -0.84863 3.71777 -0.96875 3.62695 -0.96484 3.62305 -0.84766 3.60938 -0.84863 3.62695 -0.96484 3.65918 -0.84668 3.62305 -0.84766 3.66992 -0.84766 3.65918 -0.84668 3.62695 -0.96484 3.84180 -0.59082 3.90625 -0.67969 3.93750 -0.63477 3.84180 -0.59082 3.84473 -0.69434 3.90625 -0.67969 3.96973 -0.67871 3.90625 -0.67969 3.93945 -0.72461 3.96973 -0.67871 3.93750 -0.63477 3.90625 -0.67969 4.03223 -0.20312 3.75098 -0.10156 3.75488 -0.18652 4.03223 -0.20312 4.06055 -0.12109 3.75098 -0.10156 4.04590 -0.01367 3.75098 -0.10156 4.06055 -0.12109 4.04590 -0.01367 3.74414 -0.01367 3.75098 -0.10156 3.70020 -0.70605 3.64746 -0.48047 3.62988 -0.71484 3.70020 -0.70605 3.77051 -0.71191 3.64746 -0.48047 3.20020 -0.95215 3.43164 -0.77344 3.33887 -0.95215 3.20020 -0.95215 3.40820 -0.71094 3.43164 -0.77344 3.33496 -0.70898 3.40820 -0.71094 3.20020 -0.95215 3.20020 -0.95215 3.25098 -0.71387 3.33496 -0.70898 3.20020 -0.95215 3.16992 -0.71680 3.25098 -0.71387 3.15332 -0.78906 3.16992 -0.71680 3.20020 -0.95215 3.25098 -0.71387 3.23340 -0.64160 3.17969 -0.65625 3.16992 -0.71680 3.25098 -0.71387 3.33496 -0.70898 3.32031 -0.61914 3.25781 -0.61816 3.35449 -0.61523 3.33496 -0.70898 3.40820 -0.71094 3.41016 -0.62500 3.48926 -0.69629 3.46289 -0.66797 3.40820 -0.71094 3.43164 -0.77344 3.15332 -0.78906 3.07910 -0.67188 3.03027 -0.69434 3.04492 -0.82422 3.84473 -0.69434 3.90625 -0.67969 3.93945 -0.72461 3.90430 -0.76465 3.64746 -0.48047 3.62988 -0.71484 3.56543 -0.69141 3.59473 -0.61230 3.25098 -0.71387 3.16992 -0.71680 3.17969 -0.65625 3.23340 -0.64160 3.25098 -0.71387 3.25781 -0.61816 3.32031 -0.61914 3.33496 -0.70898 3.35449 -0.61523 3.41016 -0.62500 3.40820 -0.71094 3.33496 -0.70898 3.48926 -0.69629 3.43164 -0.77344 3.40820 -0.71094 3.46289 -0.66797 3.15332 -0.78906 3.04492 -0.82422 3.03027 -0.69434 3.07910 -0.67188 3.84473 -0.69434 3.90430 -0.76465 3.93945 -0.72461 3.90625 -0.67969 3.64746 -0.48047 3.59473 -0.61230 3.56543 -0.69141 3.62988 -0.71484 3.71777 -0.96875 3.75000 -0.84863 3.76660 -0.85449 3.62695 -0.96484 3.65918 -0.84668 3.66992 -0.84766 3.19434 -0.50488 3.17969 -0.65625 3.23340 -0.64160 3.29199 -0.45410 3.25781 -0.61816 3.32031 -0.61914 3.40430 -0.48535 3.35449 -0.61523 3.41016 -0.62500 3.84473 -0.69434 3.90430 -0.76465 3.86816 -0.76367 3.93945 -0.72461 3.90625 -0.67969 3.96973 -0.67871 3.03516 -0.59570 3.03027 -0.69434 3.07910 -0.67188 3.33887 -0.95215 3.41895 -0.96973 3.46289 -0.85449 3.70020 -0.70605 3.62988 -0.71484 3.64746 -0.48047 3.78613 -0.81738 3.81836 -0.94531 3.79980 -0.81934 3.17969 -0.65625 3.19434 -0.50488 3.23340 -0.64160 3.25781 -0.61816 3.29199 -0.45410 3.32031 -0.61914 3.35449 -0.61523 3.40430 -0.48535 3.41016 -0.62500 3.90430 -0.76465 3.84473 -0.69434 3.86816 -0.76367 3.03027 -0.69434 3.03516 -0.59570 3.07910 -0.67188 3.41895 -0.96973 3.33887 -0.95215 3.46289 -0.85449</float_array>
     <technique_common>
      <accessor count="524" offset="0" source="#realb30_5-lib-texcoords-array" stride="2">
       <param name="U" type="float"/>
       <param name="V" type="float"/>
      </accessor>
     </technique_common>
    </source>
    <vertices id="realb30_5-lib-vertices">
     <input semantic="POSITION" source="#realb30_5-lib-positions"/>
    </vertices>
    <polylist count="170" material="mat5.png">
     <input offset="0" semantic="VERTEX" source="#realb30_5-lib-vertices"/>
     <input offset="1" semantic="NORMAL" source="#realb30_5-lib-normals"/>
     <input offset="2" semantic="TEXCOORD" source="#realb30_5-lib-texcoords"/>
     <vcount>3 3 3 3 3 3 3 3 3 3 3 3 3 3 3 3 3 3 3 3 3 3 3 3 3 3 3 3 3 3 3 3 3 3 3 3 3 3 3 3 3 3 3 3 3 3 3 3 3 3 3 3 3 3 3 3 3 3 3 3 3 3 3 3 3 3 3 3 3 3 3 3 3 3 3 3 3 3 3 3 3 3 3 3 3 3 3 3 3 3 3 3 3 3 3 3 3 3 3 3 3 3 3 3 3 3 3 3 3 3 3 3 3 3 3 3 3 3 3 3 3 3 3 3 3 3 3 3 3 3 3 3 3 3 3 3 3 3 3 4 4 4 4 4 4 4 4 4 4 4 4 4 4 3 3 3 3 3 3 3 3 3 3 3 3 3 3 3 3 3</vcount>
     <p>2 2 2 1 1 1 0 0 0 1 5 5 3 4 4 0 3 3 0 8 8 3 7 7 4 6 6 3 11 11 5 10 10 4 9 9 8 14 14 7 13 13 6 12 12 7 17 17 9 16 16 6 15 15 6 20 20 9 19 19 10 18 18 9 23 23 11 22 22 10 21 21 10 26 26 11 25 25 12 24 24 11 29 29 13 28 28 12 27 27 16 32 32 15 31 31 14 30 30 15 35 35 17 34 34 14 33 33 14 38 38 17 37 37 18 36 36 17 41 41 19 40 40 18 39 39 18 44 44 19 43 43 20 42 42 19 47 47 21 46 46 20 45 45 23 50 50 21 49 49 22 48 48 21 53 53 19 52 52 22 51 51 22 56 56 19 55 55 4 54 54 19 59 59 0 58 58 4 57 57 25 62 62 13 61 61 24 60 60 13 65 65 11 64 64 24 63 63 24 68 68 11 67 67 26 66 66 11 71 71 17 70 70 26 69 69 26 74 74 17 73 73 27 72 72 17 77 77 15 76 76 27 75 75 30 80 80 29 79 79 28 78 78 29 83 83 31 82 82 28 81 81 28 86 86 31 85 85 32 84 84 31 89 89 33 88 88 32 87 87 30 92 92 35 91 91 34 90 90 35 95 95 36 94 94 34 93 93 34 98 98 36 97 97 32 96 96 36 101 101 37 100 100 32 99 99 32 104 104 37 103 103 28 102 102 37 107 107 38 106 106 28 105 105 28 110 110 38 109 109 30 108 108 38 113 113 35 112 112 30 111 111 41 116 116 40 115 115 39 114 114 40 119 119 42 118 118 39 117 117 39 122 122 42 121 121 43 120 120 42 125 125 44 124 124 43 123 123 47 128 128 46 127 127 45 126 126 46 131 131 48 130 130 45 129 129 45 134 134 48 133 133 49 132 132 48 137 137 50 136 136 49 135 135 49 140 140 50 139 139 51 138 138 50 143 143 52 142 142 51 141 141 55 146 146 54 145 145 53 144 144 54 149 149 56 148 148 53 147 147 53 152 152 56 151 151 57 150 150 56 155 155 58 154 154 57 153 153 57 158 158 58 157 157 59 156 156 58 161 161 60 160 160 59 159 159 59 164 164 61 163 163 57 162 162 61 167 167 62 166 166 57 165 165 57 170 170 62 169 169 42 168 168 62 173 173 44 172 172 42 171 171 51 176 176 63 175 175 49 174 174 63 179 179 64 178 178 49 177 177 49 182 182 64 181 181 53 180 180 64 185 185 65 184 184 53 183 183 53 188 188 65 187 187 55 186 186 65 191 191 66 190 190 55 189 189 69 194 194 68 193 193 67 192 192 68 197 197 70 196 196 67 195 195 67 200 200 70 199 199 71 198 198 70 203 203 72 202 202 71 201 201 74 206 206 68 205 205 73 204 204 68 209 209 75 208 208 73 207 207 73 212 212 75 211 211 76 210 210 75 215 215 72 214 214 76 213 213 76 218 218 72 217 217 77 216 216 72 221 221 70 220 220 77 219 219 77 224 224 70 223 223 74 222 222 70 227 227 68 226 226 74 225 225 79 230 230 7 229 229 78 228 228 7 233 233 13 232 232 78 231 231 78 236 236 13 235 235 15 234 234 82 239 239 81 238 238 80 237 237 81 242 242 9 241 241 80 240 240 80 245 245 9 244 244 83 243 243 8 248 248 6 247 247 84 246 246 6 251 251 10 250 250 84 249 249 84 254 254 10 253 253 12 252 252 4 257 257 5 256 256 85 255 255 5 260 260 23 259 259 85 258 258 80 263 263 79 262 262 82 261 261 79 266 266 78 265 265 82 264 264 15 269 269 21 268 268 78 267 267 21 272 272 3 271 271 78 270 270 78 275 275 3 274 274 1 273 273 9 278 278 81 277 277 11 276 276 81 281 281 17 280 280 11 279 279 23 284 284 22 283 283 85 282 282 22 287 287 4 286 286 85 285 285 27 290 290 86 289 289 26 288 288 86 293 293 24 292 292 26 291 291 20 296 296 87 295 295 18 294 294 87 299 299 14 298 298 18 297 297 80 302 302 83 301 301 88 300 300 83 305 305 89 304 304 88 303 303 90 308 308 34 307 307 33 306 306 34 311 311 32 310 310 33 309 309 30 314 314 34 313 313 29 312 312 34 317 317 90 316 316 29 315 315 93 320 320 92 319 319 91 318 318 92 323 323 45 322 322 91 321 321 91 326 326 45 325 325 49 324 324 46 329 329 94 328 328 48 327 327 94 332 332 50 331 331 48 330 330 44 335 335 95 334 334 43 333 333 95 338 338 61 337 337 43 336 336 97 341 341 96 340 340 93 339 339 96 344 344 92 343 343 93 342 342 61 347 347 95 346 346 62 345 345 95 350 350 44 349 349 62 348 348 66 353 353 65 352 352 98 351 351 65 356 356 64 355 355 98 354 354 98 359 359 64 358 358 63 357 357 60 362 362 58 361 361 99 360 360 58 365 365 56 364 364 99 363 363 99 368 368 56 367 367 54 366 366 101 371 371 100 370 370 92 369 369 100 374 374 45 373 373 92 372 372 103 377 377 100 376 376 102 375 375 100 380 380 101 379 379 102 378 378 72 383 383 75 382 382 71 381 381 75 386 386 104 385 385 71 384 384 104 389 389 75 388 388 69 387 387 75 392 392 68 391 391 69 390 390 57 395 395 91 394 394 53 393 393 91 398 398 49 397 397 53 396 396 41 401 401 39 400 400 97 399 399 39 404 404 59 403 403 97 402 402 97 407 407 59 406 406 55 405 405 55 410 410 51 409 409 97 408 408 51 413 413 47 412 412 97 411 411 97 416 416 47 415 415 96 414 414 7 420 420 8 419 419 12 418 418 13 417 417 25 424 424 27 423 423 15 422 422 13 421 421 20 428 428 21 427 427 15 426 426 16 425 425 3 432 432 21 431 431 23 430 430 5 429 429 80 436 436 88 435 435 105 434 434 79 433 433 79 440 440 105 439 439 83 438 438 9 437 437 2 444 444 0 443 443 19 442 442 81 441 441 52 448 448 46 447 447 47 446 446 51 445 445 55 452 452 66 451 451 63 450 450 51 449 449 55 456 456 59 455 455 60 454 454 54 453 453 61 460 460 59 459 459 39 458 458 43 457 457 103 464 464 101 463 463 92 462 462 96 461 461 100 467 468 103 466 467 96 465 466 45 465 465 57 471 472 42 470 471 40 469 470 91 468 469 25 474 475 24 473 474 86 472 473 16 477 478 14 476 477 87 475 476 12 480 481 8 479 480 84 478 479 27 483 484 25 482 483 86 481 482 20 486 487 16 485 486 87 484 485 7 489 490 79 488 489 9 487 488 89 492 493 83 491 492 105 490 491 105 495 496 88 494 495 89 493 494 2 498 499 81 497 498 1 496 497 81 501 502 19 500 501 17 499 500 50 504 505 94 503 504 52 502 503 52 507 508 94 506 507 46 505 506 66 510 511 98 509 510 63 508 509 60 513 514 99 512 513 54 511 512 47 516 517 45 515 516 96 514 515 103 519 520 102 518 519 101 517 518 40 522 523 41 521 522 91 520 521</p>
    </polylist>
   </mesh>
  </geometry>
  <geometry id="realb30_6-lib" name="realb30_6">
   <mesh>
    <source id="realb30_6-lib-positions" name="position">
     <float_array id="realb30_6-lib-positions-array" count="153">0.75588 3.19835 0.26297 1.15272 5.09949 -0.02662 1.23242 3.92379 -0.16649 0.52388 4.72184 0.51650 0.18190 3.73058 -0.28386 0.01784 4.96345 -0.12315 0.65496 4.23662 -0.82253 0.50976 5.11100 -0.71593 1.13940 3.14679 -0.17270 0.87923 2.73674 0.18737 0.81826 3.04376 0.17754 1.31856 2.79021 -0.21756 0.84905 2.98804 -0.58319 0.87391 2.75188 -0.75003 0.45013 3.07103 -0.22346 0.42020 2.79882 -0.27474 -0.52388 4.72184 0.51650 -1.23242 3.92379 -0.16649 -1.15272 5.09949 -0.02662 -0.75588 3.19835 0.26297 -0.01784 4.96345 -0.12315 -0.18190 3.73058 -0.28386 -0.50976 5.11100 -0.71593 -0.65496 4.23662 -0.82253 -1.31856 2.79021 -0.21756 -0.81826 3.04376 0.17754 -0.87923 2.73674 0.18737 -1.13940 3.14679 -0.17270 -0.87391 2.75188 -0.75003 -0.84905 2.98804 -0.58319 -0.42020 2.79882 -0.27474 -0.45013 3.07103 -0.22346 0.00000 5.83068 -2.03502 0.33105 5.85742 -0.65820 0.00000 6.26758 -0.63672 0.00000 5.73253 -1.77270 -0.33105 5.85742 -0.65820 -0.91504 5.41479 -1.32532 0.75781 6.01953 0.09863 0.50926 5.35845 0.47904 0.46131 5.31588 -0.79708 0.80051 3.44177 -0.60076 0.00000 5.78320 0.05957 0.91504 5.41479 -1.32532 1.12793 4.44703 -2.39168 0.00000 3.82558 -3.77341 -0.75781 6.01953 0.09863 -0.50926 5.35845 0.47904 -0.46131 5.31588 -0.79708 -0.80051 3.44177 -0.60076 -1.12793 4.44703 -2.39168</float_array>
     <technique_common>
      <accessor count="51" source="#realb30_6-lib-positions-array" stride="3">
       <param name="X" type="float"/>
       <param name="Y" type="float"/>
       <param name="Z" type="float"/>
      </accessor>
     </technique_common>
    </source>
    <source id="realb30_6-lib-normals" name="normal">
     <float_array id="realb30_6-lib-normals-array" count="702">0.72301 -0.06363 0.68790 0.65876 0.05755 0.75015 0.70949 -0.04993 0.70294 0.72301 -0.06363 0.68790 0.65066 0.00858 0.75932 0.65876 0.05755 0.75015 -0.78219 -0.22028 0.58280 -0.79205 -0.10900 0.60064 -0.73090 -0.36796 0.57479 -0.78219 -0.22028 0.58280 -0.77163 -0.12753 0.62315 -0.79205 -0.10900 0.60064 -0.69785 -0.11834 -0.70640 -0.79942 -0.00656 -0.60073 -0.62786 -0.20103 -0.75191 -0.69785 -0.11834 -0.70640 -0.71423 -0.24812 -0.65446 -0.79942 -0.00656 -0.60073 0.75254 0.02768 -0.65796 0.74303 0.01401 -0.66911 0.77302 0.12100 -0.62273 0.75254 0.02768 -0.65796 0.74059 0.22512 -0.63313 0.74303 0.01401 -0.66911 0.71252 0.05710 0.69932 0.67890 0.19164 0.70878 0.73071 0.03926 0.68156 0.71252 0.05710 0.69932 0.64387 0.23178 0.72918 0.67890 0.19164 0.70878 0.72771 0.31807 -0.60767 0.66033 0.43256 -0.61388 0.74553 0.16629 -0.64540 0.72771 0.31807 -0.60767 0.65588 0.48040 -0.58228 0.66033 0.43256 -0.61388 -0.64681 -0.01847 -0.76243 -0.60888 0.35879 -0.70749 -0.62128 0.24287 -0.74500 -0.64681 -0.01847 -0.76243 -0.69758 0.20599 -0.68626 -0.60888 0.35879 -0.70749 -0.69767 -0.32859 0.63662 -0.72962 -0.07034 0.68023 -0.75946 -0.19124 0.62182 -0.69767 -0.32859 0.63662 -0.71237 -0.11935 0.69158 -0.72962 -0.07034 0.68023 -0.65839 0.00277 0.75267 -0.69323 -0.04093 0.71955 -0.65667 0.05086 0.75246 -0.65839 0.00277 0.75267 -0.72403 -0.05906 0.68724 -0.69323 -0.04093 0.71955 0.76636 -0.13787 0.62744 0.73493 -0.36154 0.57373 0.80028 -0.12166 0.58716 0.76636 -0.13787 0.62744 0.76737 -0.20247 0.60840 0.73493 -0.36154 0.57373 0.71194 -0.23827 -0.66059 0.62893 -0.20703 -0.74939 0.80495 -0.00003 -0.59335 0.71194 -0.23827 -0.66059 0.68278 -0.12750 -0.71941 0.62893 -0.20703 -0.74939 -0.74983 0.24269 -0.61551 -0.75006 0.09113 -0.65507 -0.73116 0.03220 -0.68145 -0.74983 0.24269 -0.61551 -0.75978 0.01228 -0.65006 -0.75006 0.09113 -0.65507 -0.67008 0.21518 0.71042 -0.71533 0.05271 0.69679 -0.65936 0.15451 0.73578 -0.67008 0.21518 0.71042 -0.72074 0.07776 0.68883 -0.71533 0.05271 0.69679 -0.64327 0.46110 -0.61122 -0.74982 0.17758 -0.63737 -0.68219 0.41820 -0.59977 -0.64327 0.46110 -0.61122 -0.69708 0.34719 -0.62733 -0.74982 0.17758 -0.63737 0.63681 0.26014 -0.72581 0.67390 0.18279 -0.71586 0.64488 0.39454 -0.65457 0.63681 0.26014 -0.72581 0.62643 -0.04111 -0.77839 0.67390 0.18279 -0.71586 0.72832 -0.10219 0.67757 0.74976 -0.20382 0.62954 0.71204 -0.05362 0.70009 0.72832 -0.10219 0.67757 0.70417 -0.34006 0.62331 0.74976 -0.20382 0.62954 0.75830 0.62224 -0.19442 0.63245 0.74544 -0.21053 0.75830 0.62224 -0.19442 0.83758 -0.51167 -0.19146 0.83758 -0.51167 -0.19146 0.83758 -0.51167 -0.19146 -0.83758 -0.51167 -0.19146 -0.83758 -0.51167 -0.19146 -0.83758 -0.51167 -0.19146 -0.63245 0.74544 -0.21053 -0.46949 0.78615 -0.40193 -0.00000 0.85784 -0.51391 0.65147 0.17927 0.73719 0.65876 0.05755 0.75015 0.64289 0.12036 0.75644 0.73683 0.39132 -0.55132 0.75642 0.15051 -0.63653 0.74059 0.22512 -0.63313 0.76354 -0.03038 -0.64504 0.75254 0.02768 -0.65796 0.77302 0.12100 -0.62273 0.76354 -0.03038 -0.64504 0.74553 0.16629 -0.64540 0.75254 0.02768 -0.65796 0.72771 0.31807 -0.60767 0.74553 0.16629 -0.64540 0.76354 -0.03038 -0.64504 0.71252 0.05710 0.69932 0.72301 -0.06363 0.68790 0.70949 -0.04993 0.70294 0.71252 0.05710 0.69932 0.73071 0.03926 0.68156 0.72301 -0.06363 0.68790 -0.73090 -0.36796 0.57479 -0.75946 -0.19124 0.62182 -0.78219 -0.22028 0.58280 -0.73090 -0.36796 0.57479 -0.69767 -0.32859 0.63662 -0.75946 -0.19124 0.62182 -0.58853 -0.24357 -0.77092 -0.64681 -0.01847 -0.76243 -0.62128 0.24287 -0.74500 -0.58853 -0.24357 -0.77092 -0.62786 -0.20103 -0.75191 -0.64681 -0.01847 -0.76243 -0.69785 -0.11834 -0.70640 -0.62786 -0.20103 -0.75191 -0.58853 -0.24357 -0.77092 -0.74951 -0.07097 0.65818 -0.79205 -0.10900 0.60064 -0.77163 -0.12753 0.62315 0.64289 0.12036 0.75644 0.65876 0.05755 0.75015 0.65066 0.00858 0.75932 0.75642 0.15051 -0.63653 0.74303 0.01401 -0.66911 0.74059 0.22512 -0.63313 -0.77455 -0.18312 -0.60543 -0.79942 -0.00656 -0.60073 -0.71423 -0.24812 -0.65446 -0.85375 0.09550 -0.51185 -0.79942 -0.00656 -0.60073 -0.77455 -0.18312 -0.60543 -0.70663 -0.16856 0.68721 -0.74951 -0.07097 0.65818 -0.77163 -0.12753 0.62315 -0.00000 0.85784 -0.51391 0.46949 0.78615 -0.40193 0.63245 0.74544 -0.21053 -0.00000 0.85784 -0.51391 0.43270 0.67008 -0.60313 0.46949 0.78615 -0.40193 0.00000 0.72386 -0.68994 0.43270 0.67008 -0.60313 -0.00000 0.85784 -0.51391 -0.65667 0.05086 0.75246 -0.65147 0.17927 0.73719 -0.64289 0.12036 0.75644 -0.74983 0.24269 -0.61551 -0.75642 0.15051 -0.63653 -0.73683 0.39132 -0.55132 -0.73116 0.03220 -0.68145 -0.75642 0.15051 -0.63653 -0.74983 0.24269 -0.61551 0.71194 -0.23827 -0.66059 0.80495 -0.00003 -0.59335 0.77455 -0.18312 -0.60543 -0.76354 -0.03038 -0.64504 -0.75006 0.09113 -0.65507 -0.75978 0.01228 -0.65006 0.58853 -0.24357 -0.77092 0.62893 -0.20703 -0.74939 0.68278 -0.12750 -0.71941 0.62643 -0.04111 -0.77839 0.62893 -0.20703 -0.74939 0.58853 -0.24357 -0.77092 0.74976 -0.20382 0.62954 0.73493 -0.36154 0.57373 0.76737 -0.20247 0.60840 0.70417 -0.34006 0.62331 0.73493 -0.36154 0.57373 0.74976 -0.20382 0.62954 -0.71533 0.05271 0.69679 -0.72074 0.07776 0.68883 -0.72403 -0.05906 0.68724 -0.72074 0.07776 0.68883 -0.69323 -0.04093 0.71955 -0.72403 -0.05906 0.68724 -0.74982 0.17758 -0.63737 -0.76354 -0.03038 -0.64504 -0.75978 0.01228 -0.65006 -0.69708 0.34719 -0.62733 -0.76354 -0.03038 -0.64504 -0.74982 0.17758 -0.63737 0.67390 0.18279 -0.71586 0.62643 -0.04111 -0.77839 0.58853 -0.24357 -0.77092 -0.64289 0.12036 0.75644 -0.65839 0.00277 0.75267 -0.65667 0.05086 0.75246 0.74951 -0.07097 0.65818 0.76636 -0.13787 0.62744 0.80028 -0.12166 0.58716 0.70663 -0.16856 0.68721 0.76636 -0.13787 0.62744 0.74951 -0.07097 0.65818 0.85375 0.09550 -0.51185 0.77455 -0.18312 -0.60543 0.80495 -0.00003 -0.59335 -0.00000 0.85784 -0.51391 -0.43270 0.67008 -0.60313 0.00000 0.72386 -0.68994 -0.00000 0.85784 -0.51391 -0.46949 0.78615 -0.40193 -0.43270 0.67008 -0.60313 -0.75830 0.62224 -0.19442 -0.63245 0.74544 -0.21053</float_array>
     <technique_common>
      <accessor count="233" source="#realb30_6-lib-normals-array" stride="3">
       <param name="X" type="float"/>
       <param name="Y" type="float"/>
       <param name="Z" type="float"/>
      </accessor>
     </technique_common>
    </source>
    <source id="realb30_6-lib-texcoords">
     <float_array id="realb30_6-lib-texcoords-array" count="468">0.27148 -0.70996 0.02734 -0.32910 0.02832 -0.58008 0.27148 -0.70996 0.29199 -0.21875 0.02734 -0.32910 0.54785 -0.59668 0.29199 -0.21875 0.27148 -0.70996 0.54785 -0.59668 0.56250 -0.30176 0.29199 -0.21875 0.28125 -0.49023 0.56250 -0.30176 0.54785 -0.59668 0.28125 -0.49023 0.29199 -0.21875 0.56250 -0.30176 0.02832 -0.58008 0.29199 -0.21875 0.28125 -0.49023 0.02832 -0.58008 0.02734 -0.32910 0.29199 -0.21875 0.04297 -0.82031 0.26562 -0.96777 0.26855 -0.83887 0.04297 -0.82031 0.05273 -0.96777 0.26562 -0.96777 0.26855 -0.83887 0.05273 -0.96777 0.04297 -0.82031 0.26855 -0.83887 0.26562 -0.96777 0.05273 -0.96777 0.48730 -0.81934 0.26562 -0.96777 0.26855 -0.83887 0.48730 -0.81934 0.48730 -0.96777 0.26562 -0.96777 0.26855 -0.83887 0.48730 -0.96777 0.48730 -0.81934 0.26855 -0.83887 0.26562 -0.96777 0.48730 -0.96777 0.29199 -0.21875 0.02832 -0.58008 0.02734 -0.32910 0.29199 -0.21875 0.27148 -0.70996 0.02832 -0.58008 0.56250 -0.30176 0.27148 -0.70996 0.29199 -0.21875 0.56250 -0.30176 0.54785 -0.59668 0.27148 -0.70996 0.29199 -0.21875 0.54785 -0.59668 0.56250 -0.30176 0.29199 -0.21875 0.28125 -0.49023 0.54785 -0.59668 0.02734 -0.32910 0.28125 -0.49023 0.29199 -0.21875 0.02734 -0.32910 0.02832 -0.58008 0.28125 -0.49023 0.05273 -0.96777 0.26855 -0.83887 0.26562 -0.96777 0.05273 -0.96777 0.04297 -0.82031 0.26855 -0.83887 0.26562 -0.96777 0.04297 -0.82031 0.05273 -0.96777 0.26562 -0.96777 0.26855 -0.83887 0.04297 -0.82031 0.48730 -0.96777 0.26855 -0.83887 0.26562 -0.96777 0.48730 -0.96777 0.48730 -0.81934 0.26855 -0.83887 0.26562 -0.96777 0.48730 -0.81934 0.48730 -0.96777 0.26562 -0.96777 0.26855 -0.83887 0.48730 -0.81934 0.62109 -0.48340 0.96094 -0.24512 0.77441 -0.00488 0.62109 -0.48340 0.61816 -0.49609 0.96094 -0.24512 0.96094 -0.24512 0.61816 -0.49609 0.62109 -0.48340 0.96094 -0.24512 0.90918 -0.72168 0.61816 -0.49609 0.02441 -0.02344 0.02734 -0.32910 0.27441 -0.15039 0.02441 -0.02344 0.27441 -0.15039 0.02734 -0.32910 0.27148 -0.70996 0.02832 -0.58008 0.28125 -0.49023 0.27148 -0.70996 0.04297 -0.82031 0.02832 -0.58008 0.26855 -0.83887 0.04297 -0.82031 0.27148 -0.70996 0.04297 -0.82031 0.27148 -0.70996 0.02832 -0.58008 0.04297 -0.82031 0.26855 -0.83887 0.27148 -0.70996 0.27148 -0.70996 0.48730 -0.81934 0.54785 -0.59668 0.27148 -0.70996 0.26855 -0.83887 0.48730 -0.81934 0.27148 -0.70996 0.48730 -0.81934 0.26855 -0.83887 0.27148 -0.70996 0.54785 -0.59668 0.48730 -0.81934 0.28125 -0.49023 0.54785 -0.59668 0.27148 -0.70996 0.27441 -0.15039 0.29199 -0.21875 0.56250 -0.30176 0.27441 -0.15039 0.02734 -0.32910 0.29199 -0.21875 0.27441 -0.15039 0.29199 -0.21875 0.02734 -0.32910 0.27441 -0.15039 0.56250 -0.30176 0.29199 -0.21875 0.53613 -0.02832 0.56250 -0.30176 0.27441 -0.15039 0.53613 -0.02832 0.27441 -0.15039 0.56250 -0.30176 0.61816 -0.49609 0.90918 -0.72168 0.96094 -0.24512 0.61816 -0.49609 0.78809 -0.78711 0.90918 -0.72168 0.55273 -0.94824 0.78809 -0.78711 0.61816 -0.49609 0.02734 -0.32910 0.02441 -0.02344 0.27441 -0.15039 0.02734 -0.32910 0.27441 -0.15039 0.02441 -0.02344 0.29199 -0.21875 0.27441 -0.15039 0.02734 -0.32910 0.29199 -0.21875 0.56250 -0.30176 0.27441 -0.15039 0.27148 -0.70996 0.28125 -0.49023 0.02832 -0.58008 0.27148 -0.70996 0.54785 -0.59668 0.28125 -0.49023 0.48730 -0.81934 0.54785 -0.59668 0.27148 -0.70996 0.48730 -0.81934 0.27148 -0.70996 0.54785 -0.59668 0.26855 -0.83887 0.27148 -0.70996 0.48730 -0.81934 0.26855 -0.83887 0.04297 -0.82031 0.27148 -0.70996 0.04297 -0.82031 0.02832 -0.58008 0.27148 -0.70996 0.04297 -0.82031 0.27148 -0.70996 0.02832 -0.58008 0.26855 -0.83887 0.27148 -0.70996 0.04297 -0.82031 0.26855 -0.83887 0.48730 -0.81934 0.27148 -0.70996 0.27441 -0.15039 0.29199 -0.21875 0.02734 -0.32910 0.27441 -0.15039 0.56250 -0.30176 0.29199 -0.21875 0.53613 -0.02832 0.56250 -0.30176 0.27441 -0.15039 0.53613 -0.02832 0.27441 -0.15039 0.56250 -0.30176 0.61816 -0.49609 0.78809 -0.78711 0.55273 -0.94824 0.61816 -0.49609 0.90918 -0.72168 0.78809 -0.78711 0.62109 -0.48340 0.77441 -0.00488 0.96094 -0.24512</float_array>
     <technique_common>
      <accessor count="234" offset="0" source="#realb30_6-lib-texcoords-array" stride="2">
       <param name="U" type="float"/>
       <param name="V" type="float"/>
      </accessor>
     </technique_common>
    </source>
    <vertices id="realb30_6-lib-vertices">
     <input semantic="POSITION" source="#realb30_6-lib-positions"/>
    </vertices>
    <polylist count="78" material="mat7.png">
     <input offset="0" semantic="VERTEX" source="#realb30_6-lib-vertices"/>
     <input offset="1" semantic="NORMAL" source="#realb30_6-lib-normals"/>
     <input offset="2" semantic="TEXCOORD" source="#realb30_6-lib-texcoords"/>
     <vcount>3 3 3 3 3 3 3 3 3 3 3 3 3 3 3 3 3 3 3 3 3 3 3 3 3 3 3 3 3 3 3 3 3 3 3 3 3 3 3 3 3 3 3 3 3 3 3 3 3 3 3 3 3 3 3 3 3 3 3 3 3 3 3 3 3 3 3 3 3 3 3 3 3 3 3 3 3 3</vcount>
     <p>2 2 2 1 1 1 0 0 0 1 5 5 3 4 4 0 3 3 0 8 8 3 7 7 4 6 6 3 11 11 5 10 10 4 9 9 4 14 14 5 13 13 6 12 12 5 17 17 7 16 16 6 15 15 6 20 20 7 19 19 2 18 18 7 23 23 1 22 22 2 21 21 10 26 26 9 25 25 8 24 24 9 29 29 11 28 28 8 27 27 8 32 32 11 31 31 12 30 30 11 35 35 13 34 34 12 33 33 12 38 38 13 37 37 14 36 36 13 41 41 15 40 40 14 39 39 14 44 44 15 43 43 10 42 42 15 47 47 9 46 46 10 45 45 18 50 50 17 49 49 16 48 48 17 53 53 19 52 52 16 51 51 16 56 56 19 55 55 20 54 54 19 59 59 21 58 58 20 57 57 20 62 62 21 61 61 22 60 60 21 65 65 23 64 64 22 63 63 22 68 68 23 67 67 18 66 66 23 71 71 17 70 70 18 69 69 26 74 74 25 73 73 24 72 72 25 77 77 27 76 76 24 75 75 24 80 80 27 79 79 28 78 78 27 83 83 29 82 82 28 81 81 28 86 86 29 85 85 30 84 84 29 89 89 31 88 88 30 87 87 30 92 92 31 91 91 26 90 90 31 95 95 25 94 94 26 93 93 34 98 98 33 97 97 32 96 96 33 101 101 35 100 100 32 99 99 32 104 104 35 103 103 36 102 102 35 107 107 37 106 106 36 105 105 39 110 110 1 109 109 38 108 108 1 113 113 40 112 112 38 111 111 6 116 116 2 115 115 41 114 114 2 119 119 8 118 118 41 117 117 41 122 122 8 121 121 12 120 120 2 125 125 0 124 124 8 123 123 0 128 128 10 127 127 8 126 126 4 131 131 14 130 130 0 129 129 14 134 134 10 133 133 0 132 132 12 137 137 14 136 136 41 135 135 14 140 140 4 139 139 41 138 138 41 143 143 4 142 142 6 141 141 5 146 146 3 145 145 39 144 144 3 149 149 1 148 148 39 147 147 1 152 152 7 151 151 40 150 150 7 155 155 5 154 154 40 153 153 40 158 158 5 157 157 42 156 156 5 161 161 39 160 160 42 159 159 33 164 164 43 163 163 35 162 162 43 167 167 44 166 166 35 165 165 35 170 170 44 169 169 45 168 168 47 173 173 46 172 172 18 171 171 46 176 176 48 175 175 18 174 174 18 179 179 48 178 178 22 177 177 48 182 182 20 181 181 22 180 180 17 185 185 23 184 184 49 183 183 23 188 188 21 187 187 49 186 186 49 191 191 21 190 190 31 189 189 21 194 194 19 193 193 31 192 192 31 197 197 19 196 196 25 195 195 19 200 200 27 199 199 25 198 198 19 203 203 17 202 202 27 201 201 17 206 206 49 205 205 27 204 204 27 209 209 49 208 208 29 207 207 49 212 212 31 211 211 29 210 210 18 215 215 16 214 214 47 213 213 16 218 218 20 217 217 47 216 216 47 221 221 20 220 220 42 219 219 20 224 224 48 223 223 42 222 222 45 227 227 50 226 226 35 225 225 50 230 230 37 229 229 35 228 228 36 232 233 34 231 232 32 231 231</p>
    </polylist>
   </mesh>
  </geometry>
 </library_geometries>
 <library_visual_scenes>
  <visual_scene id="Scene" name="Scene">
   <node id="Camera" name="Camera">
    <rotate sid="rotateY">0 1 0 25.21014</rotate>
    <rotate sid="rotateX">1 0 0 -21.19943</rotate>
    <rotate sid="rotateZ">0 0 1 -0.00000</rotate>
    <translate sid="translate">0.00000 0.00000 43.14296</translate>
    <instance_camera url="#Camera-Camera"/>
   </node>
   <node id="realb30" name="realb30">
    <translate sid="translate">0.00000 0.00000 0.00000</translate>
    <rotate sid="head">0 1 0 0.00000</rotate>
    <rotate sid="pitch">1 0 0 0.00000</rotate>
    <rotate sid="bank">0 0 1 0.00000</rotate>
    <scale sid="scale">1.00000 1.00000 1.00000</scale>
    <instance_geometry url="#realb30-lib">
     <bind_material>
      <technique_common>
       <instance_material symbol="mat3.png" target="#mat3.png">
        <bind_vertex_input semantic="UVSET0" input_semantic="TEXCOORD"/>
       </instance_material>
      </technique_common>
     </bind_material>
    </instance_geometry>
   </node>
   <node id="realb30_1" name="realb30_1">
    <translate sid="translate">0.00000 0.00000 0.00000</translate>
    <rotate sid="head">0 1 0 0.00000</rotate>
    <rotate sid="pitch">1 0 0 0.00000</rotate>
    <rotate sid="bank">0 0 1 0.00000</rotate>
    <scale sid="scale">1.00000 1.00000 1.00000</scale>
    <instance_geometry url="#realb30_1-lib">
     <bind_material>
      <technique_common>
       <instance_material symbol="mat4.png" target="#mat4.png">
        <bind_vertex_input semantic="UVSET0" input_semantic="TEXCOORD"/>
       </instance_material>
      </technique_common>
     </bind_material>
    </instance_geometry>
   </node>
   <node id="realb30_2" name="realb30_2">
    <translate sid="translate">0.00000 0.00000 0.00000</translate>
    <rotate sid="head">0 1 0 0.00000</rotate>
    <rotate sid="pitch">1 0 0 0.00000</rotate>
    <rotate sid="bank">0 0 1 0.00000</rotate>
    <scale sid="scale">1.00000 1.00000 1.00000</scale>
    <instance_geometry url="#realb30_2-lib">
     <bind_material>
      <technique_common>
       <instance_material symbol="mat6.png" target="#mat6.png">
        <bind_vertex_input semantic="UVSET0" input_semantic="TEXCOORD"/>
       </instance_material>
      </technique_common>
     </bind_material>
    </instance_geometry>
   </node>
   <node id="realb30_3" name="realb30_3">
    <translate sid="translate">0.00000 0.00000 0.00000</translate>
    <rotate sid="head">0 1 0 0.00000</rotate>
    <rotate sid="pitch">1 0 0 0.00000</rotate>
    <rotate sid="bank">0 0 1 0.00000</rotate>
    <scale sid="scale">1.00000 1.00000 1.00000</scale>
    <instance_geometry url="#realb30_3-lib">
     <bind_material>
      <technique_common>
       <instance_material symbol="mat2.png" target="#mat2.png">
        <bind_vertex_input semantic="UVSET0" input_semantic="TEXCOORD"/>
       </instance_material>
      </technique_common>
     </bind_material>
    </instance_geometry>
   </node>
   <node id="realb30_4" name="realb30_4">
    <translate sid="translate">0.00000 0.00000 0.00000</translate>
    <rotate sid="head">0 1 0 0.00000</rotate>
    <rotate sid="pitch">1 0 0 0.00000</rotate>
    <rotate sid="bank">0 0 1 0.00000</rotate>
    <scale sid="scale">1.00000 1.00000 1.00000</scale>
    <instance_geometry url="#realb30_4-lib">
     <bind_material>
      <technique_common>
       <instance_material symbol="mat1.png" target="#mat1.png">
        <bind_vertex_input semantic="UVSET0" input_semantic="TEXCOORD"/>
       </instance_material>
      </technique_common>
     </bind_material>
    </instance_geometry>
   </node>
   <node id="realb30_5" name="realb30_5">
    <translate sid="translate">0.00000 0.00000 0.00000</translate>
    <rotate sid="head">0 1 0 0.00000</rotate>
    <rotate sid="pitch">1 0 0 0.00000</rotate>
    <rotate sid="bank">0 0 1 0.00000</rotate>
    <scale sid="scale">1.00000 1.00000 1.00000</scale>
    <instance_geometry url="#realb30_5-lib">
     <bind_material>
      <technique_common>
       <instance_material symbol="mat5.png" target="#mat5.png">
        <bind_vertex_input semantic="UVSET0" input_semantic="TEXCOORD"/>
       </instance_material>
      </technique_common>
     </bind_material>
    </instance_geometry>
   </node>
   <node id="realb30_6" name="realb30_6">
    <translate sid="translate">0.00000 0.00000 0.00000</translate>
    <rotate sid="head">0 1 0 0.00000</rotate>
    <rotate sid="pitch">1 0 0 0.00000</rotate>
    <rotate sid="bank">0 0 1 0.00000</rotate>
    <scale sid="scale">1.00000 1.00000 1.00000</scale>
    <instance_geometry url="#realb30_6-lib">
     <bind_material>
      <technique_common>
       <instance_material symbol="mat7.png" target="#mat7.png">
        <bind_vertex_input semantic="UVSET0" input_semantic="TEXCOORD"/>
       </instance_material>
      </technique_common>
     </bind_material>
    </instance_geometry>
   </node>
  </visual_scene>
 </library_visual_scenes>
 <scene>
  <instance_visual_scene url="#Scene"/>
 </scene>
</COLLADA>
