<?xml version="1.0" encoding="utf-8"?>
<COLLADA xmlns="http://www.collada.org/2005/11/COLLADASchema" version="1.4.1">
  <asset>
    <created>2020-09-19T17:43:09Z</created>
    <modified>2020-09-19T17:43:09Z</modified>
  </asset>
  <library_images>
    <image id="image-02_Maru_mouth">
      <init_from>02_Maru_mouth.png</init_from>
    </image>
    <image id="image-02_Maru_wear">
      <init_from>02_Maru_wear.png</init_from>
    </image>
    <image id="image-02_Maru_face">
      <init_from>02_Maru_face.png</init_from>
    </image>
    <image id="image-02_Maru_hair">
      <init_from>02_Maru_hair.png</init_from>
    </image>
    <image id="image-02_Maru_item">
      <init_from>02_Maru_item.png</init_from>
    </image>
    <image id="image-02_Maru_skin">
      <init_from>02_Maru_skin.png</init_from>
    </image>
  </library_images>
  <library_materials>
    <material id="material0" name="face_eye_">
      <instance_effect url="#effect0"/>
    </material>
    <material id="material1" name="hair">
      <instance_effect url="#effect1"/>
    </material>
    <material id="material2" name="item">
      <instance_effect url="#effect2"/>
    </material>
    <material id="material3" name="mouth">
      <instance_effect url="#effect3"/>
    </material>
    <material id="material4" name="skin">
      <instance_effect url="#effect4"/>
    </material>
    <material id="material5" name="wear">
      <instance_effect url="#effect5"/>
    </material>
  </library_materials>
  <library_effects>
    <effect id="effect0" name="face_eye_">
      <profile_COMMON>
        <newparam sid="Image-surface">
          <surface type="2D">
            <init_from>image-02_Maru_face</init_from>
            <format>A8R8G8B8</format>
          </surface>
        </newparam>
        <newparam sid="Image-sampler">
          <sampler2D>
            <source>Image-surface</source>
            <wrap_s>WRAP</wrap_s>
            <wrap_t>WRAP</wrap_t>
            <minfilter>NEAREST</minfilter>
            <magfilter>NEAREST</magfilter>
            <mipfilter>NEAREST</mipfilter>
          </sampler2D>
        </newparam>
        <technique sid="common">
          <phong>
            <emission>
              <color>0 0 0 1</color>
            </emission>
            <ambient>
              <color>0.58064514 0.58064514 0.58064514 1</color>
            </ambient>
            <diffuse>
              <texture texture="Image-sampler" texcoord="tc"/>
            </diffuse>
            <specular>
              <color>0.9032258 0.9032258 0.9032258 1</color>
            </specular>
            <transparent>
              <texture texture="Image-sampler" texcoord="tc"/>
            </transparent>
          </phong>
        </technique>
      </profile_COMMON>
    </effect>
    <effect id="effect1" name="hair">
      <profile_COMMON>
        <newparam sid="Image-surface">
          <surface type="2D">
            <init_from>image-02_Maru_hair</init_from>
            <format>A8R8G8B8</format>
          </surface>
        </newparam>
        <newparam sid="Image-sampler">
          <sampler2D>
            <source>Image-surface</source>
            <wrap_s>WRAP</wrap_s>
            <wrap_t>WRAP</wrap_t>
            <minfilter>NEAREST</minfilter>
            <magfilter>NEAREST</magfilter>
            <mipfilter>NEAREST</mipfilter>
          </sampler2D>
        </newparam>
        <technique sid="common">
          <phong>
            <emission>
              <color>0 0 0 1</color>
            </emission>
            <ambient>
              <color>0.58064514 0.58064514 0.58064514 1</color>
            </ambient>
            <diffuse>
              <texture texture="Image-sampler" texcoord="tc"/>
            </diffuse>
            <specular>
              <color>0.9032258 0.9032258 0.9032258 1</color>
            </specular>
            <transparent>
              <texture texture="Image-sampler" texcoord="tc"/>
            </transparent>
          </phong>
        </technique>
      </profile_COMMON>
    </effect>
    <effect id="effect2" name="item">
      <profile_COMMON>
        <newparam sid="Image-surface">
          <surface type="2D">
            <init_from>image-02_Maru_item</init_from>
            <format>A8R8G8B8</format>
          </surface>
        </newparam>
        <newparam sid="Image-sampler">
          <sampler2D>
            <source>Image-surface</source>
            <wrap_s>WRAP</wrap_s>
            <wrap_t>WRAP</wrap_t>
            <minfilter>NEAREST</minfilter>
            <magfilter>NEAREST</magfilter>
            <mipfilter>NEAREST</mipfilter>
          </sampler2D>
        </newparam>
        <technique sid="common">
          <phong>
            <emission>
              <color>0 0 0 1</color>
            </emission>
            <ambient>
              <color>0.58064514 0.58064514 0.58064514 1</color>
            </ambient>
            <diffuse>
              <texture texture="Image-sampler" texcoord="tc"/>
            </diffuse>
            <specular>
              <color>0.9032258 0.9032258 0.9032258 1</color>
            </specular>
            <transparent>
              <texture texture="Image-sampler" texcoord="tc"/>
            </transparent>
          </phong>
        </technique>
      </profile_COMMON>
    </effect>
    <effect id="effect3" name="mouth">
      <profile_COMMON>
        <newparam sid="Image-surface">
          <surface type="2D">
            <init_from>image-02_Maru_mouth</init_from>
            <format>A8R8G8B8</format>
          </surface>
        </newparam>
        <newparam sid="Image-sampler">
          <sampler2D>
            <source>Image-surface</source>
            <wrap_s>WRAP</wrap_s>
            <wrap_t>WRAP</wrap_t>
            <minfilter>NEAREST</minfilter>
            <magfilter>NEAREST</magfilter>
            <mipfilter>NEAREST</mipfilter>
          </sampler2D>
        </newparam>
        <technique sid="common">
          <phong>
            <emission>
              <color>0 0 0 1</color>
            </emission>
            <ambient>
              <color>0.58064514 0.58064514 0.58064514 1</color>
            </ambient>
            <diffuse>
              <texture texture="Image-sampler" texcoord="tc"/>
            </diffuse>
            <specular>
              <color>0.9032258 0.9032258 0.9032258 1</color>
            </specular>
            <transparent>
              <texture texture="Image-sampler" texcoord="tc"/>
            </transparent>
          </phong>
        </technique>
      </profile_COMMON>
    </effect>
    <effect id="effect4" name="skin">
      <profile_COMMON>
        <newparam sid="Image-surface">
          <surface type="2D">
            <init_from>image-02_Maru_skin</init_from>
            <format>A8R8G8B8</format>
          </surface>
        </newparam>
        <newparam sid="Image-sampler">
          <sampler2D>
            <source>Image-surface</source>
            <wrap_s>WRAP</wrap_s>
            <wrap_t>WRAP</wrap_t>
            <minfilter>NEAREST</minfilter>
            <magfilter>NEAREST</magfilter>
            <mipfilter>NEAREST</mipfilter>
          </sampler2D>
        </newparam>
        <technique sid="common">
          <phong>
            <emission>
              <color>0 0 0 1</color>
            </emission>
            <ambient>
              <color>0.58064514 0.58064514 0.58064514 1</color>
            </ambient>
            <diffuse>
              <texture texture="Image-sampler" texcoord="tc"/>
            </diffuse>
            <specular>
              <color>0.9032258 0.9032258 0.9032258 1</color>
            </specular>
            <transparent>
              <texture texture="Image-sampler" texcoord="tc"/>
            </transparent>
          </phong>
        </technique>
      </profile_COMMON>
    </effect>
    <effect id="effect5" name="wear">
      <profile_COMMON>
        <newparam sid="Image-surface">
          <surface type="2D">
            <init_from>image-02_Maru_wear</init_from>
            <format>A8R8G8B8</format>
          </surface>
        </newparam>
        <newparam sid="Image-sampler">
          <sampler2D>
            <source>Image-surface</source>
            <wrap_s>WRAP</wrap_s>
            <wrap_t>WRAP</wrap_t>
            <minfilter>NEAREST</minfilter>
            <magfilter>NEAREST</magfilter>
            <mipfilter>NEAREST</mipfilter>
          </sampler2D>
        </newparam>
        <technique sid="common">
          <phong>
            <emission>
              <color>0 0 0 1</color>
            </emission>
            <ambient>
              <color>0.58064514 0.58064514 0.58064514 1</color>
            </ambient>
            <diffuse>
              <texture texture="Image-sampler" texcoord="tc"/>
            </diffuse>
            <specular>
              <color>0.9032258 0.9032258 0.9032258 1</color>
            </specular>
            <transparent>
              <texture texture="Image-sampler" texcoord="tc"/>
            </transparent>
          </phong>
        </technique>
      </profile_COMMON>
    </effect>
  </library_effects>
  <library_geometries>
    <geometry id="geometry" name="chara02">
      <mesh>
        <source id="positions">
          <float_array id="positions-array" count="5040">1.1503906 77.62202 13.509321 0 77.81147 13.911667 0 72.993095 13.067905 -1.1503906 77.62202 13.509321 -4.546875 73.24505 12.171418 -9.546875 76.00678 10.077663 9.546875 76.00678 10.077663 1.1503906 77.62202 13.509321 4.546875 73.24505 12.171418 0 72.993095 13.067905 9.8671875 88.52247 8.71635 1.6269531 87.79394 11.751517 9.712891 78.0693 9.134303 1.4023438 79.84469 11.2436905 9.546875 76.00678 10.077663 1.1503906 77.62202 13.509321 1.4023438 79.84469 11.2436905 1.6269531 87.79394 11.751517 0 80.3193 11.870646 0 87.79003 12.064019 -1.6269531 87.79394 11.751517 -9.8671875 88.52247 8.71635 -9.712891 78.0693 9.134303 -1.6269531 87.79394 11.751517 -1.4023438 79.84469 11.2436905 0 80.3193 11.870646 -1.1503906 77.62202 13.509321 -1.4023438 79.84469 11.2436905 -9.546875 76.00678 10.077663 -9.712891 78.0693 9.134303 11.595703 78.40134 2.8510735 9.8671875 88.52247 8.71635 9.712891 78.0693 9.134303 -11.595703 78.40134 2.8510735 -9.712891 78.0693 9.134303 -9.8671875 88.52247 8.71635 11.712891 78.36228 -0.084485956 9.755859 74.68844 -0.53957194 15.925781 80.065414 -3.9497342 16.542969 76.1826 -12.033759 20.169922 82.942406 -17.008379 10.529297 81.46388 -18.582607 13.291016 84.43848 1.2592796 11.958984 80.846664 0.35301992 14.316406 88.002945 -0.7934578 15.925781 80.065414 -3.9497342 16.207031 85.52052 -8.518105 20.169922 82.942406 -17.008379 13.558594 86.19046 -12.6548395 10.529297 81.46388 -18.582607 0 86.151405 -17.145094 0 83.731476 -21.707617 -10.529297 81.46388 -18.582607 16.542969 76.1826 -12.033759 9.755859 74.68844 -0.53957194 10.404297 72.87399 -13.481036 0 70.29975 -3.2388093 13.291016 84.43848 1.2592796 11.080078 93.26468 6.2515025 13.171875 82.5576 4.179211 10.380859 88.83106 7.024936 11.158203 81.827126 5.3921056 13.291016 84.43848 1.2592796 13.171875 82.5576 4.179211 11.4921875 73.71772 4.7905273 11.158203 81.827126 5.3921056 14.316406 88.002945 -0.7934578 14.84375 87.67482 1.0893623 15.275391 80.340805 -0.49268764 13.291016 84.43848 1.2592796 9.982422 84.2744 9.171423 10.380859 88.83106 7.024936 9.966797 89.80958 8.774945 11.080078 93.26468 6.2515025 7.6484375 94.229515 10.243709 11.595703 78.40134 2.8510735 11.958984 80.846664 0.35301992 11.03125 85.399414 3.5464003 13.291016 84.43848 1.2592796 2.2695313 84.77635 12.526907 0 92.540054 13.267157 3.3242188 89.25879 12.626524 3.2578125 91.90529 12.405824 3.3242188 89.25879 12.626524 3.2578125 91.90529 12.405824 1.9609375 90.58692 14.185126 3.3046875 95.05178 12.374578 0 92.540054 13.267157 0 94.98733 12.474189 -3.3046875 95.05178 12.374578 0 99.39361 5.7671356 -7.6484375 94.229515 10.243709 0 92.540054 13.267157 2.2695313 84.77635 12.526907 1.9609375 90.58692 14.185126 3.3242188 89.25879 12.626524 5.4609375 85.10643 11.4937 3.2578125 91.90529 12.405824 6.1601563 91.11036 11.78082 0 92.21388 11.622618 10.380859 88.83106 7.024936 3.2578125 91.90529 12.405824 5.4609375 85.10643 11.4937 5.2265625 90.782234 13.124575 6.1601563 91.11036 11.78082 3.3046875 95.05178 12.374578 7.6484375 94.229515 10.243709 8.1328125 85.30174 10.204632 8.714844 90.18067 9.610888 7.7226563 90.35645 11.278863 7.6484375 94.229515 10.243709 6.1601563 91.11036 11.78082 9.982422 84.2744 9.171423 9.966797 89.80958 8.774945 8.714844 90.18067 9.610888 7.6484375 94.229515 10.243709 11.080078 93.26468 6.2515025 8.671875 97.58306 0.42531285 7.6484375 94.229515 10.243709 0 99.39361 5.7671356 8.671875 97.58306 0.42531285 0 100.05574 -4.5434546 0 99.39361 5.7671356 -8.671875 97.58306 0.42531285 -7.6484375 94.229515 10.243709 -11.080078 93.26468 6.2515025 3.2578125 91.90529 12.405824 0 92.540054 13.267157 0 92.21388 11.622618 -3.2578125 91.90529 12.405824 -6.1601563 91.11036 11.78082 -5.4609375 85.10643 11.4937 0 94.98733 12.474189 3.3046875 95.05178 12.374578 0 99.39361 5.7671356 7.6484375 94.229515 10.243709 13.291016 84.43848 1.2592796 14.84375 87.67482 1.0893623 11.080078 93.26468 6.2515025 14.316406 88.002945 -0.7934578 13.316406 92.89946 -6.2798014 16.207031 85.52052 -8.518105 13.558594 86.19046 -12.6548395 0 86.151405 -17.145094 7.1484375 92.71588 -13.133347 13.558594 86.19046 -12.6548395 13.316406 92.89946 -6.2798014 11.080078 93.26468 6.2515025 13.316406 92.89946 -6.2798014 8.671875 97.58306 0.42531285 7.216797 97.907295 -7.22511 0 100.05574 -4.5434546 0 95.39948 -12.928264 -7.216797 97.907295 -7.22511 -7.1484375 92.71588 -13.133347 -13.316406 92.89946 -6.2798014 -13.558594 86.19046 -12.6548395 -16.207031 85.52052 -8.518105 -20.171875 82.942406 -17.008379 -15.925781 80.065414 -3.9497342 -11.712891 78.36228 -0.084485956 -15.925781 80.065414 -3.9497342 -9.755859 74.68844 -0.53957194 -16.542969 76.1826 -12.033759 -10.404297 72.87399 -13.481036 -10.529297 81.46388 -18.582607 0 75.08885 -16.781828 0 83.731476 -21.707617 10.529297 81.46388 -18.582607 -15.925781 80.065414 -3.9497342 -20.171875 82.942406 -17.008379 -16.542969 76.1826 -12.033759 -10.529297 81.46388 -18.582607 -11.080078 93.26468 6.2515025 -13.291016 84.43848 1.2592796 -13.171875 82.5576 4.179211 -11.4921875 73.71772 4.7905273 -11.158203 81.827126 5.3921056 -14.316406 88.002945 -0.7934578 -15.275391 80.340805 -0.49268764 -14.84375 87.67482 1.0893623 -13.291016 84.43848 1.2592796 -11.080078 93.26468 6.2515025 -10.380859 88.83106 7.024936 -9.982422 84.2744 9.171423 -9.966797 89.80958 8.774945 -8.714844 90.18067 9.610888 -7.6484375 94.229515 10.243709 -11.595703 78.40134 2.8510735 -11.03125 85.399414 3.5483534 -11.958984 80.846664 0.35301992 -13.291016 84.43848 1.2592796 -14.316406 88.002945 -0.7934578 -10.380859 88.83106 7.024936 -9.966797 89.80958 8.774945 -11.080078 93.26468 6.2515025 -7.6484375 94.229515 10.243709 -2.2695313 84.77635 12.526907 -3.3242188 89.25879 12.626524 0 92.540054 13.267157 -3.2578125 91.90529 12.405824 -3.2578125 91.90529 12.405824 -3.3242188 89.25879 12.626524 -1.9609375 90.58692 14.185126 -2.2695313 84.77635 12.526907 0 92.540054 13.267157 -5.4609375 85.10643 11.4937 -3.2578125 91.90529 12.405824 -5.2265625 90.782234 13.124575 -3.3046875 95.05178 12.374578 -6.1601563 91.11036 11.78082 -7.6484375 94.229515 10.243709 -7.7226563 90.35645 11.278863 -8.714844 90.18067 9.610888 -8.1328125 85.30174 10.204632 -11.080078 93.26468 6.2515025 -13.171875 82.5576 4.179211 -10.380859 88.83106 7.024936 -11.158203 81.827126 5.3921056 -8.714844 90.18067 9.610888 -10.380859 88.83106 7.024936 -6.1601563 91.11036 11.78082 0 92.21388 11.622618 0 100.05574 -4.5434546 -7.216797 97.907295 -7.22511 -8.671875 97.58306 0.42531285 -13.316406 92.89946 -6.2798014 -11.080078 93.26468 6.2515025 -14.316406 88.002945 -0.7934578 -14.84375 87.67482 1.0893623 0 92.540054 13.267157 -3.3046875 95.05178 12.374578 -1.9609375 90.58692 14.185126 -3.2578125 91.90529 12.405824 -9.755859 74.68844 -0.53957194 -10.404297 72.87399 -13.481036 0 70.29975 -3.2388093 0 75.08885 -16.781828 10.404297 72.87399 -13.481036 10.529297 81.46388 -18.582607 16.542969 76.1826 -12.033759 -13.558594 86.19046 -12.6548395 -7.1484375 92.71588 -13.133347 0 86.151405 -17.145094 0 95.39948 -12.928264 7.1484375 92.71588 -13.133347 7.216797 97.907295 -7.22511 13.316406 92.89946 -6.2798014 -20.171875 82.942406 -17.008379 -13.558594 86.19046 -12.6548395 -10.529297 81.46388 -18.582607 0 86.151405 -17.145094 -11.712891 78.36228 -0.084485956 -11.958984 80.846664 0.35301992 -15.925781 80.065414 -3.9497342 -14.316406 88.002945 -0.7934578 -16.207031 85.52052 -8.518105 -13.316406 92.89946 -6.2798014 0 101.68269 -2.365708 0 99.194405 -1.8578975 3.6972656 106.34092 -3.5375807 6.8378906 99.82332 -3.7016544 10.865234 105.71787 -6.500485 0 101.68269 -2.365708 -3.7480469 106.626076 -2.1625743 0 99.194405 -1.8578975 -6.9453125 100.27058 -0.85984457 13.291016 84.43848 1.2592796 14.316406 88.002945 -0.7934578 15.275391 80.340805 -0.49268764 6.1601563 91.11036 11.78082 8.714844 90.18067 9.610888 8.1328125 85.30174 10.204632 3.2578125 91.90529 12.405824 5.2265625 90.782234 13.124575 3.3046875 95.05178 12.374578 7.7226563 90.35645 11.278863 6.1601563 91.11036 11.78082 8.1328125 85.30174 10.204632 8.714844 90.18067 9.610888 10.380859 88.83106 7.024936 9.982422 84.2744 9.171423 8.714844 90.18067 9.610888 6.1601563 91.11036 11.78082 10.380859 88.83106 7.024936 11.958984 80.846664 0.35301992 11.712891 78.36228 -0.084485956 15.925781 80.065414 -3.9497342 -13.291016 84.43848 1.2592796 -15.275391 80.340805 -0.49268764 -14.316406 88.002945 -0.7934578 -6.1601563 91.11036 11.78082 -8.1328125 85.30174 10.204632 -8.714844 90.18067 9.610888 -6.1601563 91.11036 11.78082 -5.4609375 85.10643 11.4937 -5.2265625 90.782234 13.124575 -7.7226563 90.35645 11.278863 -8.1328125 85.30174 10.204632 -6.1601563 91.11036 11.78082 -8.714844 90.18067 9.610888 -9.982422 84.2744 9.171423 -10.380859 88.83106 7.024936 -3.7480469 106.626076 -2.1625743 -10.970703 106.69833 0.9487673 -6.9453125 100.27058 -0.85984457 4.1289063 27.024174 -2.845067 4.171875 24.787754 -2.4058034 2.6953125 27.02412 0.3757555 2.8710938 23.30515 0.3744356 2.6953125 27.02412 0.3757555 2.8710938 23.30515 0.3744356 5.5039063 27.025051 3.2874694 5.5039063 23.612213 3.1895907 8.310547 27.02412 0.3757555 8.136719 23.30515 0.3744356 9.109375 44.548733 0.79436576 10.544922 39.532715 0.9926758 6.5058594 44.335842 -4.510323 8.443359 38.74951 -3.4780273 3.8710938 37.970215 -5.11084 8.447266 36.753685 -3.045533 3.6582031 36.341545 -4.422589 9.300781 28.671143 -3.810458 3.3066406 28.168295 -4.9169283 3.3378906 22.678488 -5.6065297 1.0117188 21.511347 0.79302424 4.169922 43.792873 7.970149 0 38.10498 8.494629 4.84375 37.84165 8.217023 0 36.77881 1.5024414 8.447266 36.753685 -3.045533 10.990234 37.07988 1.0446148 9.300781 28.671143 -3.810458 12.068359 27.940971 1.0081599 12.521484 21.880499 0.7618238 5.810547 27.062891 7.7648544 8.447266 36.753685 -3.045533 8.443359 38.74951 -3.4780273 10.990234 37.07988 1.0446148 10.544922 39.532715 0.9926758 4.9941406 35.956337 8.090535 3.8710938 37.970215 -5.11084 3.6582031 36.341545 -4.422589 0 36.77881 1.5024414 3.3066406 28.168295 -4.9169283 0.66015625 26.788342 1.2049338 1.0117188 21.511347 0.79302424 3.3378906 22.678488 -5.6065297 9.300781 28.671143 -3.810458 9.890625 22.677786 -4.816495 12.521484 21.880499 0.7618238 0.66015625 26.788342 1.2049338 1.0117188 21.511347 0.79302424 5.810547 27.062891 7.7648544 6.3007813 21.081219 7.5614386 12.521484 21.880499 0.7618238 5.9023438 66.84404 -0.2993226 7.982422 66.697395 -0.08653927 6.1777344 66.86031 -3.854 8.298828 63.257877 -2.6613255 0 62.74874 -8.857014 0 59.677814 -8.017466 -8.298828 63.257877 -2.6613255 0 57.32076 -5.8531756 7.982422 66.697395 -0.08653927 5.9023438 66.84404 -0.2993226 5.220703 63.15872 4.7233715 3.9648438 65.98545 3.9598165 0 62.419254 6.336112 6.1777344 66.86031 -3.854 4.767578 68.099945 -0.36480904 5.9023438 66.84404 -0.2993226 3.9648438 65.98545 3.9598165 2.0546875 64.7521 2.5643811 0 62.419254 6.336112 3.7304688 66.660934 -0.9713321 4.767578 68.099945 -0.36480904 0 68.84947 -5.0517626 6.1777344 66.86031 -3.854 0 64.69635 -6.6544147 0 62.74874 -8.857014 -6.1777344 66.86031 -3.854 3.7304688 66.660934 -0.9713321 0 68.84947 -5.0517626 0 66.90289 -3.3168592 -3.7304688 66.660934 -0.9713321 8.564453 5.443842 -4.993814 10.146484 3.0276225 2.494831 8.634766 0.22285809 -4.0856185 10.183594 0.43569186 2.3951893 0.46679688 3.0276225 2.494831 2.6992188 5.443842 -4.993814 2.6308594 0.22285809 -4.0856185 8.634766 0.22285809 -4.0856185 5.6328125 4.2448654 12.562506 0.7050781 5.061362 7.9763384 0.6308594 0.32478595 8.1501255 0.46679688 3.0276225 2.494831 0.47070313 0.43569186 2.3951893 2.6308594 0.22285809 -4.0856185 8.707031 8.340426 -0.19079968 8.564453 5.443842 -4.993814 7.5683594 8.34046 -3.3901846 2.6992188 5.443842 -4.993814 3.5195313 8.34046 -3.3901846 2.3359375 8.340426 -0.19079968 8.564453 5.443842 -4.993814 8.707031 8.340426 -0.19079968 10.146484 3.0276225 2.494831 5.544922 8.340389 3.3543065 9.8828125 5.1433973 7.9763393 5.6328125 8.506826 10.597605 2.6992188 5.443842 -4.993814 0.46679688 3.0276225 2.494831 2.3359375 8.340426 -0.19079968 5.544922 8.340389 3.3543065 2.6308594 0.22285809 -4.0856185 8.634766 0.22285809 -4.0856185 0.47070313 0.43569186 2.3951893 10.183594 0.43569186 2.3951893 0.6308594 0.32478595 8.1501255 9.886719 0.32478595 8.1501255 5.6328125 4.2448654 12.562506 7.5683594 8.34046 -3.3901846 8.220703 11.37717 -4.059499 8.707031 8.340426 -0.19079968 9.3046875 11.377019 0.14702126 7.5683594 8.34046 -3.3901846 3.5195313 8.34046 -3.3901846 8.220703 11.37717 -4.059499 2.7832031 11.37717 -4.059499 4.2070313 11.735602 -2.4387183 3.0722656 11.735484 -0.19172275 2.3359375 8.340426 -0.19079968 1.8652344 11.377567 0.17638178 3.5195313 8.34046 -3.3901846 2.7832031 11.37717 -4.059499 2.3359375 8.340426 -0.19079968 5.544922 8.340389 3.3543065 1.8652344 11.377567 0.17638178 5.501953 11.3765 4.0347586 5.5039063 11.735909 2.4112208 7.9335938 11.736176 -0.32858264 8.707031 8.340426 -0.19079968 9.3046875 11.377019 0.14702126 5.544922 8.340389 3.3543065 5.501953 11.3765 4.0347586 6.798828 11.736033 -2.325272 7.9335938 11.736176 -0.32858264 9.3046875 11.377019 0.14702126 5.501953 11.3765 4.0347586 4.2070313 11.735602 -2.4387183 6.798828 11.736033 -2.325272 8.220703 11.37717 -4.059499 9.3046875 11.377019 0.14702126 2.7832031 11.37717 -4.059499 1.8652344 11.377567 0.17638178 3.0722656 11.735484 -0.19172275 5.5039063 11.735909 2.4112208 10.183594 0.43569186 2.3951893 10.146484 3.0276225 2.494831 9.886719 0.32478595 8.1501255 9.8828125 5.1433973 7.9763393 5.6328125 4.2448654 12.562506 5.6328125 8.506826 10.597605 0.7050781 5.061362 7.9763384 0.46679688 3.0276225 2.494831 0.7050781 5.061362 7.9763384 5.544922 8.340389 3.3543065 5.6328125 8.506826 10.597605 15.984063 58.793205 14.899709 15.789135 60.396587 15.236562 15.545224 58.154213 14.091175 14.356048 57.73538 12.827127 14.303793 56.247055 12.274618 16.808083 59.301155 9.895758 15.590914 55.853462 12.629985 19.142555 57.336304 9.990397 18.842705 57.69179 12.448884 20.65504 59.304443 14.764758 18.887451 59.250412 15.183125 20.65504 59.304443 14.764758 19.142555 57.336304 9.990397 21.624876 58.86179 14.924325 21.411697 59.375374 9.895888 21.99823 60.21363 15.2019 20.804855 60.67174 15.697683 15.984063 58.793205 14.899709 15.545224 58.154213 14.091175 17.232548 59.04998 15.028687 16.687769 57.274193 13.097568 18.887451 59.250412 15.183125 18.842705 57.69179 12.448884 14.303793 56.247055 12.274618 14.356048 57.73538 12.827127 16.808083 59.301155 9.895758 15.789135 60.396587 15.236562 17.200203 60.786293 15.487836 12.068359 27.940971 1.0081599 10.990234 37.07988 1.0446148 5.810547 27.062891 7.7648544 4.9941406 35.956337 8.090535 0.66015625 26.788342 1.2049338 5.810547 27.062891 7.7648544 0 36.77881 1.5024414 4.9941406 35.956337 8.090535 4.84375 37.84165 8.217023 10.544922 39.532715 0.9926758 4.169922 43.792873 7.970149 9.109375 44.548733 0.79436576 6.5058594 44.335842 -4.510323 3.8710938 37.970215 -5.11084 0 44.201077 -5.63923 0 38.532715 -5.5600586 -3.8710938 37.970215 -5.11084 0 36.77881 1.5024414 5.220703 63.15872 4.7233715 0 62.419254 6.336112 0 61.04206 6.6651816 -5.220703 63.15872 4.7233715 8.298828 63.257877 -2.6613255 7.982422 66.697395 -0.08653927 8.8203125 64.43547 0.19891357 5.220703 63.15872 4.7233715 16.808083 59.301155 9.895758 17.200203 60.786293 15.487836 19.077225 61.338276 9.801249 18.9635 60.896957 15.837088 20.804855 60.67174 15.697683 -2.8710938 23.30515 0.3744356 -4.171875 24.787754 -2.4058034 -2.6953125 27.02412 0.3757555 -4.1289063 27.024174 -2.845067 -2.6953125 27.02412 0.3757555 -5.5039063 27.025051 3.2874694 -2.8710938 23.30515 0.3744356 -5.5039063 23.612213 3.1895907 -4.169922 43.792873 7.970149 -9.109375 44.548733 0.79436576 -10.544922 39.532715 0.9926758 -6.5058594 44.335842 -4.510323 -8.443359 38.74951 -3.4780273 -8.447266 36.753685 -3.045533 -3.6582031 36.341545 -4.422589 -9.300781 28.671143 -3.810458 -3.3066406 28.168295 -4.9169283 -3.3378906 22.678488 -5.6065297 -1.0117188 21.511347 0.79302424 -8.447266 36.753685 -3.045533 -3.8710938 37.970215 -5.11084 -3.6582031 36.341545 -4.422589 0 36.77881 1.5024414 -3.3066406 28.168295 -4.9169283 -0.66015625 26.788342 1.2049338 -1.0117188 21.511347 0.79302424 -4.84375 37.84165 8.217023 -4.9941406 35.956337 8.090535 0 36.77881 1.5024414 -5.810547 27.062891 7.7648544 -0.66015625 26.788342 1.2049338 -12.521484 21.880499 0.7618238 -9.300781 28.671143 -3.810458 -9.890625 22.677786 -4.816495 -3.3378906 22.678488 -5.6065297 -0.66015625 26.788342 1.2049338 -5.810547 27.062891 7.7648544 -1.0117188 21.511347 0.79302424 -6.3007813 21.081219 7.5614386 -5.220703 63.15872 4.7233715 -7.982422 66.697395 -0.08653927 -8.8203125 64.43547 0.19891357 -8.298828 63.257877 -2.6613255 -5.9023438 66.84404 -0.2993226 -4.767578 68.099945 -0.36480904 -6.1777344 66.86031 -3.854 0 68.84947 -5.0517626 0 64.69635 -6.6544147 -2.0546875 64.7521 2.5643811 -3.7304688 66.660934 -0.9713321 0 62.419254 6.336112 -4.767578 68.099945 -0.36480904 -3.9648438 65.98545 3.9598165 -5.9023438 66.84404 -0.2993226 -8.634766 0.22285809 -4.0856185 -10.183594 0.43569186 2.3951893 -10.146484 3.0276225 2.494831 -9.886719 0.32478595 8.1501255 -9.8828125 5.1433973 7.9763393 -5.6328125 4.2448654 12.562506 -5.6328125 8.506826 10.597605 -0.7050781 5.061362 7.9763384 -10.146484 3.0276225 2.494831 -8.564453 5.443842 -4.993814 -8.634766 0.22285809 -4.0856185 -2.6992188 5.443842 -4.993814 -2.6308594 0.22285809 -4.0856185 -0.46679688 3.0276225 2.494831 -0.47070313 0.43569186 2.3951893 -0.6308594 0.32478595 8.1501255 -5.6328125 4.2448654 12.562506 -0.6308594 0.32478595 8.1501255 -0.7050781 5.061362 7.9763384 -0.46679688 3.0276225 2.494831 -10.146484 3.0276225 2.494831 -8.707031 8.340426 -0.19079968 -8.564453 5.443842 -4.993814 -7.5683594 8.34046 -3.3901846 -2.6992188 5.443842 -4.993814 -3.5195313 8.34046 -3.3901846 -2.3359375 8.340426 -0.19079968 -2.6992188 5.443842 -4.993814 -2.3359375 8.340426 -0.19079968 -0.46679688 3.0276225 2.494831 -5.544922 8.340389 3.3543065 -0.7050781 5.061362 7.9763384 -5.6328125 8.506826 10.597605 -8.707031 8.340426 -0.19079968 -10.146484 3.0276225 2.494831 -5.544922 8.340389 3.3543065 -9.8828125 5.1433973 7.9763393 -5.6328125 8.506826 10.597605 -2.6308594 0.22285809 -4.0856185 -0.47070313 0.43569186 2.3951893 -8.634766 0.22285809 -4.0856185 -10.183594 0.43569186 2.3951893 -7.5683594 8.34046 -3.3901846 -8.707031 8.340426 -0.19079968 -8.220703 11.37717 -4.059499 -9.3046875 11.377019 0.14702126 -6.798828 11.736033 -2.325272 -7.9335938 11.736176 -0.32858264 -7.5683594 8.34046 -3.3901846 -8.220703 11.37717 -4.059499 -3.5195313 8.34046 -3.3901846 -2.7832031 11.37717 -4.059499 -2.3359375 8.340426 -0.19079968 -3.5195313 8.34046 -3.3901846 -1.8652344 11.377567 0.17638178 -2.7832031 11.37717 -4.059499 -3.0722656 11.735484 -0.19172275 -4.2070313 11.735602 -2.4387183 -2.3359375 8.340426 -0.19079968 -1.8652344 11.377567 0.17638178 -5.544922 8.340389 3.3543065 -5.501953 11.3765 4.0347586 -8.707031 8.340426 -0.19079968 -5.544922 8.340389 3.3543065 -9.3046875 11.377019 0.14702126 -5.501953 11.3765 4.0347586 -7.9335938 11.736176 -0.32858264 -5.5039063 11.735909 2.4112208 -2.7832031 11.37717 -4.059499 -8.220703 11.37717 -4.059499 -4.2070313 11.735602 -2.4387183 -6.798828 11.736033 -2.325272 -5.501953 11.3765 4.0347586 -1.8652344 11.377567 0.17638178 -5.5039063 11.735909 2.4112208 -3.0722656 11.735484 -0.19172275 -0.47070313 0.43569186 2.3951893 -0.6308594 0.32478595 8.1501255 -10.183594 0.43569186 2.3951893 -9.886719 0.32478595 8.1501255 -15.984063 58.793205 14.899709 -15.545224 58.154213 14.091175 -15.789135 60.396587 15.236562 -14.356048 57.73538 12.827127 -16.808083 59.301155 9.895758 -14.303793 56.247055 12.274618 -21.624876 58.86179 14.924325 -21.99823 60.21363 15.2019 -21.411697 59.375374 9.895888 -20.804855 60.67174 15.697683 -19.077225 61.338276 9.801249 -18.9635 60.896957 15.837088 -17.200203 60.786293 15.487836 -14.303793 56.247055 12.274618 -15.590914 55.853462 12.629985 -16.808083 59.301155 9.895758 -19.142555 57.336304 9.990397 -20.65504 59.304443 14.764758 -21.624876 58.86179 14.924325 -19.142555 57.336304 9.990397 -21.411697 59.375374 9.895888 -17.232548 59.04998 15.028687 -18.887451 59.250412 15.183125 -16.687769 57.274193 13.097568 -18.842705 57.69179 12.448884 -15.590914 55.853462 12.629985 -19.142555 57.336304 9.990397 -15.984063 58.793205 14.899709 -17.232548 59.04998 15.028687 -15.545224 58.154213 14.091175 -16.687769 57.274193 13.097568 -18.887451 59.250412 15.183125 -20.65504 59.304443 14.764758 -18.842705 57.69179 12.448884 -19.142555 57.336304 9.990397 -19.077225 61.338276 9.801249 -19.016827 61.56875 7.3073244 -21.411697 59.375374 9.895888 -21.665237 59.250378 7.289176 -16.808083 59.301155 9.895758 -16.446632 59.19569 7.3446345 -19.077225 61.338276 9.801249 -19.016827 61.56875 7.3073244 -21.411697 59.375374 9.895888 -21.665237 59.250378 7.289176 -19.142555 57.336304 9.990397 -19.093098 56.88709 7.3284483 -19.093098 56.88709 7.3284483 -16.446632 59.19569 7.3446345 -19.142555 57.336304 9.990397 -16.808083 59.301155 9.895758 -12.068359 27.940971 1.0081599 -5.810547 27.062891 7.7648544 -10.990234 37.07988 1.0446148 -4.9941406 35.956337 8.090535 -10.544922 39.532715 0.9926758 -4.84375 37.84165 8.217023 -4.169922 43.792873 7.970149 0 38.10498 8.494629 0 43.630764 8.997493 4.169922 43.792873 7.970149 -6.3007813 21.081219 7.5614386 -5.810547 27.062891 7.7648544 -12.521484 21.880499 0.7618238 -12.068359 27.940971 1.0081599 -9.300781 28.671143 -3.810458 -10.990234 37.07988 1.0446148 -8.447266 36.753685 -3.045533 -8.443359 38.74951 -3.4780273 -3.8710938 37.970215 -5.11084 -6.5058594 44.335842 -4.510323 0 44.201077 -5.63923 -5.5039063 27.025051 3.2874694 -8.310547 27.02412 0.3757555 -5.5039063 23.612213 3.1895907 -8.136719 23.30515 0.3744356 0 62.419254 6.336112 -3.9648438 65.98545 3.9598165 -5.220703 63.15872 4.7233715 -5.9023438 66.84404 -0.2993226 -7.982422 66.697395 -0.08653927 -6.1777344 66.86031 -3.854 -8.298828 63.257877 -2.6613255 0 62.74874 -8.857014 -19.077225 61.338276 9.801249 -17.200203 60.786293 15.487836 -16.808083 59.301155 9.895758 -15.789135 60.396587 15.236562 2.8710938 23.30515 0.3744356 4.171875 24.787754 -2.4058034 4.1796875 22.849106 -2.3109655 5.8066406 23.033613 1.1436694 6.3007813 21.081219 7.5614386 1.0117188 21.511347 0.79302424 9.890625 22.677786 -4.816495 12.521484 21.880499 0.7618238 5.8066406 23.033613 1.1436694 5.8066406 23.033613 1.1436694 3.3378906 22.678488 -5.6065297 9.890625 22.677786 -4.816495 5.8066406 23.033613 1.1436694 1.0117188 21.511347 0.79302424 3.3378906 22.678488 -5.6065297 3.8710938 37.970215 -5.11084 0 36.77881 1.5024414 0 38.532715 -5.5600586 3.9648438 65.98545 3.9598165 4.767578 68.099945 -0.36480904 0 62.419254 6.336112 18.842705 57.69179 12.448884 16.687769 57.274193 13.097568 15.590914 55.853462 12.629985 5.8066406 23.033613 1.1436694 12.521484 21.880499 0.7618238 6.3007813 21.081219 7.5614386 8.634766 0.22285809 -4.0856185 2.6992188 5.443842 -4.993814 8.564453 5.443842 -4.993814 8.298828 63.257877 -2.6613255 0 57.32076 -5.8531756 0 59.677814 -8.017466 -2.8710938 23.30515 0.3744356 -4.1796875 22.849106 -2.3109655 -4.171875 24.787754 -2.4058034 -5.8066406 23.033613 1.1436694 -1.0117188 21.511347 0.79302424 -6.3007813 21.081219 7.5614386 -4.84375 37.84165 8.217023 0 36.77881 1.5024414 0 38.10498 8.494629 -10.990234 37.07988 1.0446148 -10.544922 39.532715 0.9926758 -8.443359 38.74951 -3.4780273 -9.890625 22.677786 -4.816495 -5.8066406 23.033613 1.1436694 -12.521484 21.880499 0.7618238 -5.8066406 23.033613 1.1436694 -9.890625 22.677786 -4.816495 -3.3378906 22.678488 -5.6065297 -5.8066406 23.033613 1.1436694 -3.3378906 22.678488 -5.6065297 -1.0117188 21.511347 0.79302424 -4.767578 68.099945 -0.36480904 -3.7304688 66.660934 -0.9713321 0 68.84947 -5.0517626 -5.6328125 4.2448654 12.562506 -9.886719 0.32478595 8.1501255 -0.6308594 0.32478595 8.1501255 -5.8066406 23.033613 1.1436694 -6.3007813 21.081219 7.5614386 -12.521484 21.880499 0.7618238 21.411697 59.375374 9.895888 19.077225 61.338276 9.801249 20.804855 60.67174 15.697683 10.074219 44.268944 0.881165 6.5058594 44.335842 -4.510323 8.060547 54.092358 -3.34382 0 54.361702 -5.7576866 0 57.32076 -5.8531756 -8.060547 54.092358 -3.34382 -8.298828 63.257877 -2.6613255 16.230469 54.605835 2.179445 14.246094 59.18203 -0.0705572 15.599609 59.293354 4.3571963 15.181641 63.455482 2.2458658 10.599121 62.4008 -1.988529 10.679199 62.215244 2.4060209 15.109375 63.639084 -1.8225106 15.181641 63.455482 2.2458658 15.181641 63.455482 2.2458658 10.679199 62.215244 2.4060209 15.599609 59.293354 4.3571963 10.542969 58.945694 4.0642257 10.542969 58.945694 4.0642257 10.587891 54.930054 2.5271034 15.599609 59.293354 4.3571963 16.230469 54.605835 2.179445 16.09375 54.674202 -2.160417 10.337891 54.998425 -2.6858096 15.589844 59.142975 -3.9826834 10.380859 58.93594 -3.3674467 10.380859 58.93594 -3.3674467 10.599121 62.4008 -1.988529 15.589844 59.142975 -3.9826834 15.109375 63.639084 -1.8225106 16.230469 54.605835 2.179445 10.587891 54.930054 2.5271034 16.09375 54.674202 -2.160417 10.337891 54.998425 -2.6858096 16.09375 54.674202 -2.160417 15.589844 59.142975 -3.9826834 14.246094 59.18203 -0.0705572 15.109375 63.639084 -1.8225106 10.542969 58.945694 4.0642257 10.679199 62.215244 2.4060209 9.691406 63.097576 2.867857 10.091797 64.07999 0.22209072 9.125 54.02536 2.7928529 10.542969 58.945694 4.0642257 8.607422 58.527725 4.345476 9.691406 63.097576 2.867857 8.060547 54.092358 -3.34382 10.337891 54.998425 -2.6858096 9.125 54.02536 2.7928529 10.587891 54.930054 2.5271034 10.542969 58.945694 4.0642257 10.091797 64.07999 0.22209072 8.8203125 64.43547 0.19891357 9.691406 63.097576 2.867857 5.220703 63.15872 4.7233715 8.607422 58.527725 4.345476 6.376953 53.35097 6.2240014 9.125 54.02536 2.7928529 10.074219 44.268944 0.881165 10.091797 64.07999 0.22209072 9.71875 63.1837 -2.7199736 8.8203125 64.43547 0.19891357 8.298828 63.257877 -2.6613255 4.169922 43.792873 7.970149 9.109375 44.548733 0.79436576 10.074219 44.268944 0.881165 6.5058594 44.335842 -4.510323 10.679199 62.215244 2.4060209 10.599121 62.4008 -1.988529 10.091797 64.07999 0.22209072 9.71875 63.1837 -2.7199736 10.074219 44.268944 0.881165 6.376953 53.35097 6.2240014 4.169922 43.792873 7.970149 0 53.64066 8.036715 0 43.630764 8.997493 -4.169922 43.792873 7.970149 5.220703 63.15872 4.7233715 0 61.04206 6.6651816 6.376953 53.35097 6.2240014 0 53.64066 8.036715 6.5058594 44.335842 -4.510323 0 44.201077 -5.63923 0 54.361702 -5.7576866 -6.5058594 44.335842 -4.510323 -8.060547 54.092358 -3.34382 -10.074219 44.268944 0.881165 -16.230469 54.605835 2.179445 -15.599609 59.293354 4.3571963 -14.246094 59.18203 -0.0705572 -15.181641 63.455482 2.2458658 -15.181641 63.455482 2.2458658 -10.679199 62.215244 2.4060209 -15.109375 63.639084 -1.8225106 -10.599121 62.4008 -1.988529 -10.542969 58.945694 4.0642257 -10.679199 62.215244 2.4060209 -15.599609 59.293354 4.3571963 -15.181641 63.455482 2.2458658 -16.230469 54.605835 2.179445 -10.587891 54.930054 2.5271034 -15.599609 59.293354 4.3571963 -10.542969 58.945694 4.0642257 -10.380859 58.93594 -3.3674467 -10.337891 54.998425 -2.6858096 -15.589844 59.142975 -3.9826834 -16.09375 54.674202 -2.160417 -15.109375 63.639084 -1.8225106 -10.599121 62.4008 -1.988529 -15.589844 59.142975 -3.9826834 -10.380859 58.93594 -3.3674467 -10.337891 54.998425 -2.6858096 -10.587891 54.930054 2.5271034 -16.09375 54.674202 -2.160417 -16.230469 54.605835 2.179445 -16.09375 54.674202 -2.160417 -14.246094 59.18203 -0.0705572 -15.589844 59.142975 -3.9826834 -15.109375 63.639084 -1.8225106 -10.542969 58.945694 4.0642257 -9.691406 63.097576 2.867857 -10.679199 62.215244 2.4060209 -10.091797 64.07999 0.22209072 -10.599121 62.4008 -1.988529 -9.71875 63.1837 -2.7199736 -10.380859 58.93594 -3.3674467 -10.587891 54.930054 2.5271034 -9.125 54.02536 2.7928529 -10.542969 58.945694 4.0642257 -8.607422 58.527725 4.345476 -9.691406 63.097576 2.867857 -8.060547 54.092358 -3.34382 -9.125 54.02536 2.7928529 -10.337891 54.998425 -2.6858096 -10.587891 54.930054 2.5271034 -8.607422 58.527725 4.345476 -9.125 54.02536 2.7928529 -6.376953 53.35097 6.2240014 -10.074219 44.268944 0.881165 -4.169922 43.792873 7.970149 -10.091797 64.07999 0.22209072 -9.691406 63.097576 2.867857 -8.8203125 64.43547 0.19891357 -5.220703 63.15872 4.7233715 -10.091797 64.07999 0.22209072 -8.8203125 64.43547 0.19891357 -9.71875 63.1837 -2.7199736 -8.298828 63.257877 -2.6613255 -10.380859 58.93594 -3.3674467 -4.169922 43.792873 7.970149 -10.074219 44.268944 0.881165 -9.109375 44.548733 0.79436576 -6.5058594 44.335842 -4.510323 -9.691406 63.097576 2.867857 -8.607422 58.527725 4.345476 -5.220703 63.15872 4.7233715 -6.376953 53.35097 6.2240014 0 61.04206 6.6651816 0 53.64066 8.036715 16.230469 54.605835 2.179445 16.09375 54.674202 -2.160417 14.246094 59.18203 -0.0705572 8.060547 54.092358 -3.34382 8.298828 63.257877 -2.6613255 10.380859 58.93594 -3.3674467 14.246094 59.18203 -0.0705572 15.109375 63.639084 -1.8225106 15.181641 63.455482 2.2458658 8.060547 54.092358 -3.34382 9.125 54.02536 2.7928529 10.074219 44.268944 0.881165 20.65504 59.304443 14.764758 20.804855 60.67174 15.697683 20.364746 59.011257 15.7173 9.71875 63.1837 -2.7199736 10.599121 62.4008 -1.988529 10.380859 58.93594 -3.3674467 10.380859 58.93594 -3.3674467 10.337891 54.998425 -2.6858096 8.060547 54.092358 -3.34382 8.060547 54.092358 -3.34382 0 57.32076 -5.8531756 8.298828 63.257877 -2.6613255 8.298828 63.257877 -2.6613255 9.71875 63.1837 -2.7199736 10.380859 58.93594 -3.3674467 -16.230469 54.605835 2.179445 -14.246094 59.18203 -0.0705572 -16.09375 54.674202 -2.160417 -8.060547 54.092358 -3.34382 -10.380859 58.93594 -3.3674467 -8.298828 63.257877 -2.6613255 -14.246094 59.18203 -0.0705572 -15.181641 63.455482 2.2458658 -15.109375 63.639084 -1.8225106 -8.060547 54.092358 -3.34382 -10.074219 44.268944 0.881165 -9.125 54.02536 2.7928529 -20.65504 59.304443 14.764758 -20.364452 59.010128 15.715593 -20.804855 60.67174 15.697683 0 53.64066 8.036715 -6.376953 53.35097 6.2240014 -4.169922 43.792873 7.970149 -10.380859 58.93594 -3.3674467 -8.060547 54.092358 -3.34382 -10.337891 54.998425 -2.6858096 1.65625 82.143524 12.315964 1.0507813 81.163055 12.554245 2.6835938 78.51265 12.638226 2.09375 77.9814 12.845257 6.3066406 76.81147 11.833531 6.3066406 76.077095 11.858921 10.183594 78.541954 10.608919 10.740234 77.92085 10.376495 10.669922 81.926735 9.890172 11.251953 80.92673 9.5347 1.0507813 81.163055 12.554245 1.0742188 82.143524 12.427293 0 81.163055 12.5620575 0 82.143524 12.440965 -1.0507813 81.163055 12.554245 -1.0742188 82.143524 12.427293 1.4882813 82.15329 12.2964325 1.7402344 82.17087 12.407762 3.953125 83.920876 12.228076 4.033203 83.770485 12.341357 8.623047 83.776344 10.550334 8.603516 83.60642 10.661662 10.875 81.952126 9.671421 10.669922 81.95408 9.892125 -1.0507813 81.163055 12.554245 -1.65625 82.143524 12.315964 -2.09375 77.9814 12.845257 -2.6835938 78.51265 12.638226 -6.3066406 76.077095 11.858921 -6.3066406 76.81147 11.833531 -10.740234 77.92085 10.376495 -10.183594 78.541954 10.608919 -11.251953 80.92673 9.5347 -10.669922 81.926735 9.890172 -1.7402344 82.17087 12.407762 -1.4882813 82.15329 12.2964325 -4.033203 83.770485 12.341357 -3.953125 83.920876 12.228076 -8.603516 83.60642 10.661662 -8.623047 83.776344 10.550334 -10.669922 81.95408 9.892125 -10.875 81.952126 9.671421 6.4921875 92.065445 10.315971 9.8671875 88.52247 8.71635 9.638672 90.28615 7.0249386 11.595703 78.40134 2.8510735 11.03125 85.399414 3.5464003 10.699219 74.6689 2.7885673 12.767578 74.93258 -0.561056 12.876953 78.15329 0.75926733 15.144531 78.31931 -2.3930898 15.119141 82.08105 -0.611826 15.119141 82.08105 -0.611826 12.865234 81.221664 1.6323229 12.876953 78.15329 0.75926733 11.595703 78.40134 2.8510735 10.699219 74.6689 2.7885673 6.2539063 71.39153 6.6909227 0 69.87981 9.1460085 0 69.77044 2.9194193 -6.2539063 71.39153 6.6909227 -2.6035156 71.17475 -0.69973457 -10.699219 74.6689 2.7885673 -9.755859 74.68844 -0.53957194 -11.712891 78.36228 -0.084485956 0 70.29975 -3.2388093 2.6035156 71.17475 -0.69973457 0 66.90289 -3.3168592 2.5546875 67.28193 -0.8322053 10.699219 74.6689 2.7885673 11.712891 78.36228 -0.084485956 12.767578 74.93258 -0.561056 15.144531 78.31931 -2.3930898 2.6035156 71.17475 -0.69973457 0 69.77044 2.9194193 2.5546875 67.28193 -0.8322053 0 64.7266 2.7069407 11.595703 78.40134 2.8510735 12.865234 81.221664 1.6323229 11.958984 80.846664 0.35301992 15.119141 82.08105 -0.611826 11.712891 78.36228 -0.084485956 15.144531 78.31931 -2.3930898 10.699219 74.6689 2.7885673 6.2539063 71.39153 6.6909227 2.6035156 71.17475 -0.69973457 0 69.77044 2.9194193 0 64.7266 2.7069407 2.0546875 64.7521 2.5643811 2.5546875 67.28193 -0.8322053 3.7304688 66.660934 -0.9713321 0 66.90289 -3.3168592 4.546875 73.24505 12.171418 0 72.993095 13.067905 0 70.36418 10.915548 -4.546875 73.24505 12.171418 -6.4179688 71.8388 9.300309 -9.546875 76.00678 10.077663 0 77.81147 13.911667 1.1503906 77.62202 13.509321 0 79.25679 13.8062 1.4023438 79.84469 11.2436905 0 80.3193 11.870646 9.712891 78.0693 9.134303 9.546875 76.00678 10.077663 11.595703 78.40134 2.8510735 10.699219 74.6689 2.7885673 9.546875 76.00678 10.077663 4.546875 73.24505 12.171418 6.4179688 71.8388 9.300309 0 70.36418 10.915548 6.2539063 71.39153 6.6909227 0 69.87981 9.1460085 11.712891 78.36228 -0.084485956 10.699219 74.6689 2.7885673 9.755859 74.68844 -0.53957194 2.6035156 71.17475 -0.69973457 0 70.29975 -3.2388093 2.0546875 64.7521 2.5643811 0 64.7266 2.7069407 0 62.419254 6.336112 -2.0546875 64.7521 2.5643811 6.798828 11.736033 -2.325272 7.158203 19.712597 -2.7252767 7.9335938 11.736176 -0.32858264 8.369141 20.32429 -0.10477457 5.5039063 21.28214 2.9234388 8.136719 23.30515 0.3744356 5.5039063 23.612213 3.1895907 6.798828 11.736033 -2.325272 4.2070313 11.735602 -2.4387183 7.158203 19.712597 -2.7252767 3.8476563 19.712597 -2.7252767 6.826172 22.849106 -2.3109655 4.1796875 22.849106 -2.3109655 4.171875 24.787754 -2.4058034 4.2070313 11.735602 -2.4387183 3.0722656 11.735484 -0.19172275 3.8476563 19.712597 -2.7252767 2.6367188 20.32429 -0.10477457 2.8710938 23.30515 0.3744356 3.0722656 11.735484 -0.19172275 5.5039063 21.28214 2.9234388 2.6367188 20.32429 -0.10477457 2.8710938 23.30515 0.3744356 8.369141 20.32429 -0.10477457 7.158203 19.712597 -2.7252767 8.136719 23.30515 0.3744356 6.826172 22.849106 -2.3109655 6.8339844 24.787754 -2.4058034 4.171875 24.787754 -2.4058034 4.1289063 27.024174 -2.845067 8.136719 23.30515 0.3744356 6.8339844 24.787754 -2.4058034 8.310547 27.02412 0.3757555 6.876953 27.024174 -2.845067 7.9335938 11.736176 -0.32858264 5.5039063 21.28214 2.9234388 5.5039063 11.735909 2.4112208 3.0722656 11.735484 -0.19172275 15.986598 58.180042 19.331696 17.203642 57.974964 18.536966 17.150896 58.37145 19.377077 17.200203 60.786293 15.487836 16.09789 57.80309 18.481546 15.984063 58.793205 14.899709 17.203642 57.974964 18.536966 17.232548 59.04998 15.028687 14.294922 61.76212 0.19116683 16.973368 61.28165 0.05294373 14.544922 59.0668 -2.3713486 18.783276 58.951565 -2.619587 14.544922 59.06679 2.8298457 14.808594 56.521862 -0.013920616 16.277414 58.935684 2.7706265 18.84269 56.789444 0.08332878 16.571617 58.869526 2.709169 16.44468 59.19569 7.3446436 19.016827 61.56875 7.3073244 21.665237 59.250378 7.289176 20.93742 58.894924 -1.3990788 19.016827 61.56875 7.3073244 18.749943 61.504303 1.1423876 16.571617 58.869526 2.709169 16.973368 61.28165 0.05294373 16.277414 58.935684 2.7706265 14.294922 61.76212 0.19116683 14.544922 59.06679 2.8298457 16.44468 59.19569 7.3446436 18.84269 56.789444 0.08332878 19.093098 56.88709 7.3284483 21.665237 59.250378 7.289176 21.665237 59.250378 7.289176 18.84269 56.789444 0.08332878 20.93742 58.894924 -1.3990788 18.783276 58.951565 -2.619587 18.749943 61.504303 1.1423876 20.93742 58.894924 -1.3990788 16.973368 61.28165 0.05294373 18.783276 58.951565 -2.619587 13.867168 55.024055 16.061895 14.303793 56.247055 12.274618 14.799888 55.16146 15.469664 15.590914 55.853462 12.629985 13.85585 56.221317 16.337347 14.356048 57.73538 12.827127 13.867168 55.024055 16.061895 14.303793 56.247055 12.274618 18.742748 57.232773 19.38141 18.9635 60.896957 15.837088 17.58072 57.260117 19.404379 17.200203 60.786293 15.487836 17.200203 60.786293 15.487836 17.232548 59.04998 15.028687 17.58072 57.260117 19.404379 17.568495 57.06871 18.45324 18.783304 57.041367 18.43979 18.887451 59.250412 15.183125 18.9635 60.896957 15.837088 18.783304 57.041367 18.43979 18.742748 57.232773 19.38141 17.58072 57.260117 19.404379 17.568495 57.06871 18.45324 17.232548 59.04998 15.028687 18.783304 57.041367 18.43979 18.887451 59.250412 15.183125 18.9635 60.896957 15.837088 18.887451 59.250412 15.183125 19.162777 56.392925 18.139194 18.947908 56.56871 17.292513 20.173502 56.428085 17.077837 19.162777 56.392925 18.139194 20.173502 56.428085 17.077837 20.218548 56.30113 17.946793 20.804855 60.67174 15.697683 20.804855 60.67174 15.697683 20.65504 59.304443 14.764758 20.661648 56.976913 17.046276 20.447203 57.0277 16.291393 21.479502 56.898792 16.091286 20.661648 56.976913 17.046276 21.479502 56.898792 16.091286 21.55342 56.890976 16.868307 21.99823 60.21363 15.2019 17.150896 58.37145 19.377077 17.200203 60.786293 15.487836 15.986598 58.180042 19.331696 15.789135 60.396587 15.236562 15.789135 60.396587 15.236562 15.984063 58.793205 14.899709 15.986598 58.180042 19.331696 16.09789 57.80309 18.481546 17.203642 57.974964 18.536966 20.218548 56.30113 17.946793 20.804855 60.67174 15.697683 19.162777 56.392925 18.139194 18.9635 60.896957 15.837088 18.947908 56.56871 17.292513 18.887451 59.250412 15.183125 20.173502 56.428085 17.077837 20.364746 59.011257 15.7173 21.55342 56.890976 16.868307 21.99823 60.21363 15.2019 20.661648 56.976913 17.046276 20.804855 60.67174 15.697683 20.447203 57.0277 16.291393 20.65504 59.304443 14.764758 21.479502 56.898792 16.091286 21.624876 58.86179 14.924325 14.799888 55.16146 15.469664 15.545224 58.154213 14.091175 13.85585 56.221317 16.337347 14.356048 57.73538 12.827127 21.665237 59.250378 7.289176 19.016827 61.56875 7.3073244 21.411697 59.375374 9.895888 19.077225 61.338276 9.801249 19.016827 61.56875 7.3073244 16.44468 59.19569 7.3446436 19.077225 61.338276 9.801249 16.808083 59.301155 9.895758 21.411697 59.375374 9.895888 19.142555 57.336304 9.990397 21.665237 59.250378 7.289176 19.093098 56.88709 7.3284483 16.808083 59.301155 9.895758 16.44468 59.19569 7.3446436 19.142555 57.336304 9.990397 19.093098 56.88709 7.3284483 6.2539063 71.39153 6.6909227 10.699219 74.6689 2.7885673 6.4179688 71.8388 9.300309 9.546875 76.00678 10.077663 3.2460938 92.13966 10.968318 0 92.21388 11.622618 1.6269531 87.79394 11.751517 0 87.79003 12.064019 18.783276 58.951565 -2.619587 18.84269 56.789444 0.08332878 14.544922 59.0668 -2.3713486 14.808594 56.521862 -0.013920616 0 87.79003 12.064019 0 92.21388 11.622618 -1.6269531 87.79394 11.751517 -3.2460938 92.13966 10.968318 -12.767578 74.93258 -0.561056 -10.699219 74.6689 2.7885673 -12.876953 78.15329 0.75926733 -11.595703 78.40134 2.8510735 -12.865234 81.221664 1.6323229 -12.865234 81.221664 1.6323229 -15.119141 82.08105 -0.611826 -12.876953 78.15329 0.75926733 -15.144531 78.31931 -2.3911366 -12.767578 74.93258 -0.561056 -11.712891 78.36228 -0.084485956 -15.119141 82.08105 -0.611826 -11.958984 80.846664 0.35301992 -12.865234 81.221664 1.6323229 -11.595703 78.40134 2.8510735 0 69.87981 9.1460085 0 70.36418 10.915548 -6.2539063 71.39153 6.6909227 -6.4179688 71.8388 9.300309 -10.699219 74.6689 2.7885673 0 70.29975 -3.2388093 0 66.90289 -3.3168592 -2.6035156 71.17475 -0.69973457 -2.5546875 67.28193 -0.8322053 0 69.77044 2.9194193 0 64.7266 2.7069407 -10.699219 74.6689 2.7885673 -12.767578 74.93258 -0.561056 -11.712891 78.36228 -0.084485956 -15.144531 78.31931 -2.3911366 -15.119141 82.08105 -0.611826 0 64.7266 2.7069407 -2.5546875 67.28193 -0.8322053 -2.0546875 64.7521 2.5643811 -3.7304688 66.660934 -0.9713321 -11.03125 85.399414 3.5483534 -11.595703 78.40134 2.8510735 -9.638672 90.28615 7.0249386 -9.8671875 88.52247 8.71635 0 77.81147 13.911667 0 79.25679 13.8062 -1.1503906 77.62202 13.509321 -1.4023438 79.84469 11.2436905 -9.712891 78.0693 9.134303 -11.595703 78.40134 2.8510735 -9.546875 76.00678 10.077663 -10.699219 74.6689 2.7885673 -6.4179688 71.8388 9.300309 -6.798828 11.736033 -2.325272 -7.9335938 11.736176 -0.32858264 -7.158203 19.712597 -2.7252767 -8.369141 20.32429 -0.10477457 -8.136719 23.30515 0.3744356 -5.5039063 21.28214 2.9234388 -5.5039063 23.612213 3.1895907 -2.8710938 23.30515 0.3744356 -6.798828 11.736033 -2.325272 -7.158203 19.712597 -2.7252767 -4.2070313 11.735602 -2.4387183 -3.8476563 19.712597 -2.7252767 -3.0722656 11.735484 -0.19172275 -2.6367188 20.32429 -0.10477457 -3.0722656 11.735484 -0.19172275 -5.5039063 21.28214 2.9234388 -5.5039063 11.735909 2.4112208 -7.9335938 11.736176 -0.32858264 -7.158203 19.712597 -2.7252767 -8.136719 23.30515 0.3744356 -6.826172 22.849106 -2.3109655 -6.8339844 24.787754 -2.4058034 -4.171875 24.787754 -2.4058034 -4.1289063 27.024174 -2.845067 -7.158203 19.712597 -2.7252767 -6.826172 22.849106 -2.3109655 -3.8476563 19.712597 -2.7252767 -4.1796875 22.849106 -2.3109655 -2.6367188 20.32429 -0.10477457 -3.8476563 19.712597 -2.7252767 -2.8710938 23.30515 0.3744356 -4.1796875 22.849106 -2.3109655 -2.8710938 23.30515 0.3744356 -5.5039063 21.28214 2.9234388 -2.6367188 20.32429 -0.10477457 -3.0722656 11.735484 -0.19172275 -8.136719 23.30515 0.3744356 -8.310547 27.02412 0.3757555 -6.8339844 24.787754 -2.4058034 -6.876953 27.024174 -2.845067 -4.1289063 27.024174 -2.845067 -16.09789 57.80309 18.481546 -15.986598 58.180042 19.331696 -17.203642 57.974964 18.536966 -17.150896 58.37145 19.377077 -17.200203 60.786293 15.487836 -17.232548 59.04998 15.028687 -15.984063 58.793205 14.899709 -17.203642 57.974964 18.536966 -16.09789 57.80309 18.481546 -14.808594 56.521862 -0.013920616 -14.544922 59.06679 2.8298457 -16.276966 58.935932 2.769131 -14.294922 61.76212 0.19116683 -16.973368 61.28165 0.05294373 -14.544922 59.0668 -2.3713486 -18.783276 58.951565 -2.619587 -21.665237 59.250378 7.289176 -19.016827 61.56875 7.3073244 -20.93742 58.894924 -1.3990788 -18.749943 61.504303 1.1423876 -16.973368 61.28165 0.05294373 -16.571617 58.869526 2.709169 -16.276966 58.935932 2.769131 -18.84269 56.789444 0.08332878 -14.808594 56.521862 -0.013920616 -14.544922 59.0668 -2.3713486 -18.749943 61.504303 1.1423876 -19.016827 61.56875 7.3073244 -16.571617 58.869526 2.709169 -16.446632 59.19569 7.3446345 -18.84269 56.789444 0.08332878 -19.093098 56.88709 7.3284483 -21.665237 59.250378 7.289176 -21.665237 59.250378 7.289176 -20.93742 58.894924 -1.3990788 -18.84269 56.789444 0.08332878 -18.783276 58.951565 -2.619587 -14.544922 59.0668 -2.3713486 -15.590914 55.853462 12.629985 -14.303793 56.247055 12.274618 -14.799888 55.16146 15.469664 -13.867168 55.024055 16.061895 -14.303793 56.247055 12.274618 -14.356048 57.73538 12.827127 -13.867168 55.024055 16.061895 -13.85585 56.221317 16.337347 -17.200203 60.786293 15.487836 -18.9635 60.896957 15.837088 -17.58072 57.260117 19.404379 -18.742748 57.232773 19.38141 -17.200203 60.786293 15.487836 -17.58072 57.260117 19.404379 -17.232548 59.04998 15.028687 -17.568495 57.06871 18.45324 -18.887451 59.250412 15.183125 -18.783304 57.041367 18.43979 -18.9635 60.896957 15.837088 -18.742748 57.232773 19.38141 -18.742748 57.232773 19.38141 -18.783304 57.041367 18.43979 -17.58072 57.260117 19.404379 -17.568495 57.06871 18.45324 -18.887451 59.250412 15.183125 -17.232548 59.04998 15.028687 -18.783304 57.041367 18.43979 -17.568495 57.06871 18.45324 -18.9635 60.896957 15.837088 -19.162777 56.392925 18.139194 -18.887451 59.250412 15.183125 -18.947908 56.56871 17.292513 -18.947908 56.56871 17.292513 -19.162777 56.392925 18.139194 -20.173502 56.428085 17.077837 -20.218548 56.30113 17.946793 -20.804855 60.67174 15.697683 -20.804855 60.67174 15.697683 -20.661648 56.976913 17.046276 -20.65504 59.304443 14.764758 -20.447203 57.0277 16.291393 -20.447203 57.0277 16.291393 -20.661648 56.976913 17.046276 -21.479502 56.898792 16.091286 -21.55342 56.890976 16.868307 -21.99823 60.21363 15.2019 -15.789135 60.396587 15.236562 -17.200203 60.786293 15.487836 -15.986598 58.180042 19.331696 -17.150896 58.37145 19.377077 -15.789135 60.396587 15.236562 -15.986598 58.180042 19.331696 -15.984063 58.793205 14.899709 -16.09789 57.80309 18.481546 -18.9635 60.896957 15.837088 -20.804855 60.67174 15.697683 -19.162777 56.392925 18.139194 -20.218548 56.30113 17.946793 -20.65504 59.304443 14.764758 -18.887451 59.250412 15.183125 -20.364452 59.010128 15.715593 -20.173502 56.428085 17.077837 -20.804855 60.67174 15.697683 -21.99823 60.21363 15.2019 -20.661648 56.976913 17.046276 -21.55342 56.890976 16.868307 -21.624876 58.86179 14.924325 -20.65504 59.304443 14.764758 -21.479502 56.898792 16.091286 -20.447203 57.0277 16.291393 -14.799888 55.16146 15.469664 -13.85585 56.221317 16.337347 -15.545224 58.154213 14.091175 -14.356048 57.73538 12.827127 -5.5546875 55.742847 9.852465 -9.582031 54.07071 7.5445976 -3.2871094 48.220264 11.346955 -7.3164063 46.548126 9.039089 -5.826172 46.026627 6.390268 -1.4707031 47.833397 8.885733 -7.3164063 46.548126 9.039089 -3.2871094 48.220264 11.346955 -5.5546875 55.742847 9.852465 -3.2871094 48.220264 11.346955 -3.9296875 56.192112 7.122323 -1.4707031 47.833397 8.885733 -3.9296875 56.192112 7.122323 -8.285156 54.38535 4.6249046 -5.5546875 55.742847 9.852465 -9.582031 54.07071 7.5445976 -7.3164063 46.548126 9.039089 -9.582031 54.07071 7.5445976 -5.826172 46.026627 6.390268 -8.285156 54.38535 4.6249046 -10.134766 53.50846 7.202389 -14.1796875 51.739 4.4393725 -8.191406 46.8062 8.685762 -12.236328 45.036736 5.924699 -10.560547 44.536865 3.0805812 -6.1875 46.450695 6.0663595 -12.236328 45.036736 5.924699 -8.191406 46.8062 8.685762 -10.134766 53.50846 7.202389 -8.191406 46.8062 8.685762 -8.277344 53.895348 4.306186 -6.1875 46.450695 6.0663595 -8.277344 53.895348 4.306186 -12.650391 51.981518 1.3204079 -10.134766 53.50846 7.202389 -14.1796875 51.739 4.4393725 -12.236328 45.036736 5.924699 -14.1796875 51.739 4.4393725 -10.560547 44.536865 3.0805812 -12.650391 51.981518 1.3204079 -12.650391 51.981518 1.3204079 -8.277344 53.895348 4.306186 -10.560547 44.536865 3.0805812 -6.1875 46.450695 6.0663595 11.783203 81.53221 0.40770876 11.4140625 81.926735 9.450717 11.251953 80.92673 9.5347 11.615234 80.534164 0.4916919 -11.251953 80.92673 9.5347 -11.4140625 81.926735 9.450717 -11.783203 81.53221 0.40770876 -11.615234 80.534164 0.4916919 2.8710938 23.30515 0.3744356 4.1796875 22.849106 -2.3109655 3.8476563 19.712597 -2.7252767 4.1289063 27.024174 -2.845067 6.876953 27.024174 -2.845067 6.8339844 24.787754 -2.4058034 5.5039063 21.28214 2.9234388 5.5039063 23.612213 3.1895907 2.8710938 23.30515 0.3744356 14.799888 55.16146 15.469664 13.85585 56.221317 16.337347 13.867168 55.024055 16.061895 20.364746 59.011257 15.7173 18.887451 59.250412 15.183125 20.65504 59.304443 14.764758 21.479502 56.898792 16.091286 21.624876 58.86179 14.924325 21.99823 60.21363 15.2019 20.173502 56.428085 17.077837 20.364746 59.011257 15.7173 20.804855 60.67174 15.697683 17.203642 57.974964 18.536966 17.232548 59.04998 15.028687 17.200203 60.786293 15.487836 15.590914 55.853462 12.629985 16.687769 57.274193 13.097568 14.799888 55.16146 15.469664 16.687769 57.274193 13.097568 15.545224 58.154213 14.091175 14.799888 55.16146 15.469664 6.4921875 92.065445 10.315971 3.2460938 92.13966 10.968318 1.6269531 87.79394 11.751517 6.4921875 92.065445 10.315971 1.6269531 87.79394 11.751517 9.8671875 88.52247 8.71635 -6.4921875 92.065445 10.315971 -9.638672 90.28615 7.0249386 -9.8671875 88.52247 8.71635 0 66.90289 -3.3168592 -3.7304688 66.660934 -0.9713321 -2.5546875 67.28193 -0.8322053 -5.5039063 21.28214 2.9234388 -8.369141 20.32429 -0.10477457 -7.9335938 11.736176 -0.32858264 -4.171875 24.787754 -2.4058034 -4.1796875 22.849106 -2.3109655 -6.826172 22.849106 -2.3109655 -14.799888 55.16146 15.469664 -13.867168 55.024055 16.061895 -13.85585 56.221317 16.337347 -18.887451 59.250412 15.183125 -18.947908 56.56871 17.292513 -20.173502 56.428085 17.077837 -21.99823 60.21363 15.2019 -21.624876 58.86179 14.924325 -21.479502 56.898792 16.091286 -20.804855 60.67174 15.697683 -20.364452 59.010128 15.715593 -20.173502 56.428085 17.077837 -17.200203 60.786293 15.487836 -17.232548 59.04998 15.028687 -17.203642 57.974964 18.536966 -15.590914 55.853462 12.629985 -14.799888 55.16146 15.469664 -16.687769 57.274193 13.097568 -16.687769 57.274193 13.097568 -14.799888 55.16146 15.469664 -15.545224 58.154213 14.091175 0 79.25679 13.8062 0 80.3193 11.870646 -1.4023438 79.84469 11.2436905 -6.4921875 92.065445 10.315971 -1.6269531 87.79394 11.751517 -3.2460938 92.13966 10.968318 -6.4921875 92.065445 10.315971 -9.8671875 88.52247 8.71635 -1.6269531 87.79394 11.751517 -16.973368 61.28165 0.05294373 -18.783276 58.951565 -2.619587 -20.93742 58.894924 -1.3990788 0 70.29975 -3.2388093 -2.6035156 71.17475 -0.69973457 -9.755859 74.68844 -0.53957194 1.0742188 82.143524 12.427293 1.0507813 81.163055 12.554245 1.65625 82.143524 12.315964 11.251953 80.92673 9.5347 11.4140625 81.926735 9.450717 10.669922 81.926735 9.890172 -1.0742188 82.143524 12.427293 -1.65625 82.143524 12.315964 -1.0507813 81.163055 12.554245 -11.251953 80.92673 9.5347 -10.669922 81.926735 9.890172 -11.4140625 81.926735 9.450717 </float_array>
          <technique_common>
            <accessor source="#positions-array" count="1680" stride="3">
              <param name="X" type="float"/>
              <param name="Y" type="float"/>
              <param name="Z" type="float"/>
            </accessor>
          </technique_common>
        </source>
        <source id="texcoords">
          <float_array id="texcoords-array" count="3360">0.78808594 0.96875 0.74609375 0.97558594 0.74609375 0.8310547 0.70410156 0.96875 0.5810547 0.83496094 0.3984375 0.91015625 1.0947266 0.91015625 0.78808594 0.96875 0.9121094 0.83496094 0.74609375 0.8310547 0.93310547 0.98291016 0.7631836 0.95458984 0.9291992 0.79248047 0.7739258 0.8144531 0.9370117 0.74658203 0.78271484 0.75927734 0.7739258 0.8144531 0.7631836 0.95458984 0.7446289 0.8120117 0.7416992 0.9511719 0.7192383 0.9536133 0.5498047 0.98535156 0.5595703 0.7939453 0.7192383 0.9536133 0.71533203 0.81640625 0.7446289 0.8120117 0.70654297 0.7597656 0.71533203 0.81640625 0.5449219 0.74902344 0.5595703 0.7939453 1.0209961 0.828125 0.93408203 0.98291016 0.92871094 0.79345703 0.45898438 0.8354492 0.5595703 0.7939453 0.5498047 0.9848633 0.5263672 0.20214844 0.5341797 0.1328125 0.5908203 0.25390625 0.7783203 0.22949219 0.87597656 0.26171875 0.9003906 0.14160156 0.4453125 0.54296875 0.5029297 0.5214844 0.2734375 0.59375 0.52441406 0.47070313 0.4873047 0.4921875 0.7314453 0.34570313 0.5996094 0.49121094 0.84277344 0.36132813 0.93066406 0.4580078 0.984375 0.3310547 0.84277344 0.36132813 0.7783203 0.22949219 0.5341797 0.1328125 0.82128906 0.13378906 0.5810547 0.01171875 0.19433594 0.640625 0.28320313 0.70410156 0.20410156 0.6777344 0.20996094 0.74316406 0.16210938 0.71484375 0.19433594 0.640625 0.20410156 0.6777344 0.10644531 0.65527344 0.16210938 0.71484375 0.27246094 0.5908203 0.2548828 0.61035156 0.19433594 0.5253906 0.21582031 0.6142578 0.095703125 0.7832031 0.20996094 0.7529297 0.21289063 0.78515625 0.28320313 0.70410156 0.28808594 0.8261719 0.3955078 0.49121094 0.5029297 0.5214844 0.26757813 0.5966797 0.4453125 0.54296875 0.90527344 0.19238281 0.88964844 0.24121094 0.9091797 0.21777344 0.9091797 0.23242188 0.19238281 0.9423828 0.21484375 0.9316406 0.19433594 0.96191406 0.2861328 0.9121094 0.2265625 0.9785156 0.2919922 0.9765625 0.2861328 0.9121094 0.38085938 0.9482422 0.28808594 0.8261719 0.2265625 0.9785156 0.12207031 0.9707031 0.19433594 0.96191406 0.19238281 0.9423828 0.92285156 0.19140625 0.9091797 0.23242188 0.9296875 0.22949219 0.8925781 0.24414063 0.9609375 0.24121094 0.21582031 0.9326172 0.123046875 0.90234375 0.22070313 0.8984375 0.2109375 0.8691406 0.2861328 0.9121094 0.28808594 0.8261719 0.12597656 0.8417969 0.18554688 0.82421875 0.18847656 0.83984375 0.28808594 0.8261719 0.2109375 0.8691406 0.095703125 0.7832031 0.21289063 0.78515625 0.22949219 0.81152344 0.28808594 0.8261719 0.5078125 0.8378906 0.58203125 0.8261719 0.4814453 0.9189453 0.5732422 0.9941406 0.58203125 0.8261719 0.6777344 0.96484375 0.5732422 0.9941406 0.58203125 0.8261719 0.4814453 0.9189453 0.5078125 0.8378906 0.9091797 0.23242188 0.88964844 0.24121094 0.8925781 0.24414063 0.9091797 0.23242188 0.9296875 0.22949219 0.92285156 0.19140625 0.2919922 0.9765625 0.2861328 0.9121094 0.38085938 0.9482422 0.28808594 0.8261719 0.21582031 0.6142578 0.2548828 0.61035156 0.28320313 0.70410156 0.2734375 0.59375 0.4482422 0.6533203 0.4873047 0.4921875 0.5996094 0.49121094 0.93066406 0.4580078 0.7529297 0.6074219 0.5996094 0.49121094 0.4482422 0.6533203 0.28320313 0.70410156 0.4482422 0.6533203 0.58203125 0.8261719 0.75 0.81152344 0.6972656 0.9560547 0.89453125 0.65527344 0.75 0.81152344 0.7529297 0.6074219 0.4482422 0.6533203 0.5996094 0.49121094 0.4873047 0.4921875 0.7314453 0.34570313 0.52441406 0.47070313 0.5263672 0.20214844 0.5908203 0.25390625 0.5341797 0.1328125 0.7783203 0.22949219 0.82128906 0.13378906 0.9003906 0.14160156 0.7265625 0.01171875 0.94921875 0.01171875 0.9003906 0.14160156 0.5908203 0.25390625 0.87597656 0.26171875 0.7783203 0.22949219 0.9003906 0.14160156 0.28320313 0.70410156 0.19433594 0.640625 0.20410156 0.6777344 0.10644531 0.65527344 0.16210938 0.71484375 0.27246094 0.5908203 0.19433594 0.5253906 0.2548828 0.61035156 0.21582031 0.6142578 0.28320313 0.70410156 0.20996094 0.7529297 0.095703125 0.7832031 0.21289063 0.78515625 0.22949219 0.81152344 0.28808594 0.8261719 0.3955078 0.49121094 0.26757813 0.5966797 0.5029297 0.5214844 0.4453125 0.54296875 0.2734375 0.59375 0.20996094 0.7529297 0.21289063 0.78515625 0.28320313 0.70410156 0.28808594 0.8261719 0.90527344 0.19238281 0.9091797 0.21777344 0.88964844 0.24121094 0.9091797 0.23242188 0.21484375 0.9316406 0.19238281 0.9423828 0.19433594 0.96191406 0.12207031 0.9707031 0.2265625 0.9785156 0.123046875 0.90234375 0.21582031 0.9326172 0.22070313 0.8984375 0.2861328 0.9121094 0.2109375 0.8701172 0.28808594 0.8261719 0.18847656 0.83984375 0.18554688 0.82421875 0.12597656 0.8417969 0.28320313 0.70410156 0.20410156 0.6777344 0.20996094 0.74316406 0.16210938 0.71484375 0.94433594 0.23242188 0.9609375 0.24121094 0.9296875 0.22949219 0.8925781 0.24414063 0.6972656 0.9560547 0.75 0.81152344 0.58203125 0.8261719 0.4482422 0.6533203 0.28320313 0.70410156 0.2734375 0.59375 0.2548828 0.61035156 0.2265625 0.9785156 0.2861328 0.9121094 0.19433594 0.96191406 0.21484375 0.9316406 0.5341797 0.1328125 0.82128906 0.13378906 0.5810547 0.01171875 0.7265625 0.01171875 0.82128906 0.13378906 0.9003906 0.14160156 0.7783203 0.22949219 0.5996094 0.49121094 0.7529297 0.6074219 0.93066406 0.4580078 0.89453125 0.65527344 0.7529297 0.6074219 0.75 0.81152344 0.4482422 0.6533203 0.7314453 0.34570313 0.5996094 0.49121094 0.84277344 0.36132813 0.93066406 0.4580078 0.5253906 0.5097656 0.5029297 0.5214844 0.52441406 0.47070313 0.2734375 0.59375 0.4873047 0.4921875 0.4482422 0.6533203 0.9511719 0.95996094 0.89160156 0.9238281 0.97558594 0.85058594 0.87597656 0.8466797 0.92871094 0.7285156 0.9511719 0.95996094 0.9765625 0.8515625 0.89160156 0.9248047 0.875 0.84765625 0.96875 0.24121094 0.9873047 0.24707031 0.9658203 0.18164063 0.9296875 0.22949219 0.9433594 0.22070313 0.93652344 0.19140625 0.21582031 0.9326172 0.22070313 0.8984375 0.2861328 0.9121094 0.18847656 0.83984375 0.2109375 0.8691406 0.12597656 0.8417969 0.9433594 0.22070313 0.9609375 0.24121094 0.9501953 0.19140625 0.94433594 0.23242188 0.9296875 0.22949219 0.9609375 0.24121094 0.5029297 0.5214844 0.5253906 0.5097656 0.52441406 0.47070313 0.96875 0.24121094 0.9658203 0.18164063 0.9873047 0.24707031 0.9296875 0.22949219 0.93652344 0.19140625 0.9433594 0.22070313 0.2109375 0.8701172 0.123046875 0.90234375 0.22070313 0.8984375 0.18847656 0.83984375 0.12597656 0.8417969 0.2109375 0.8701172 0.9433594 0.22070313 0.9501953 0.19140625 0.9609375 0.24121094 0.9765625 0.8515625 0.92871094 0.7285156 0.875 0.84765625 0.95996094 0.19238281 0.94140625 0.19238281 0.95996094 0.20800781 0.9199219 0.20800781 0.98535156 0.0625 0.9199219 0.0625 0.98535156 0.09765625 0.9199219 0.09765625 0.98535156 0.13378906 0.9199219 0.13378906 0.40039063 0.5839844 0.53027344 0.5830078 0.40039063 0.7714844 0.52246094 0.7294922 0.53515625 0.8251953 0.6035156 0.73339844 0.6171875 0.7988281 0.8339844 0.7158203 0.8466797 0.8017578 0.9951172 0.8105469 0.9951172 0.94140625 0.40039063 0.42089844 0.54296875 0.27734375 0.5419922 0.42382813 0.61621094 0.27734375 0.6035156 0.73339844 0.6357422 0.5917969 0.8339844 0.7158203 0.8486328 0.59765625 0.9951172 0.6035156 0.859375 0.42089844 0.6035156 0.73339844 0.52246094 0.7294922 0.6357422 0.5917969 0.53027344 0.5830078 0.65625 0.41308594 0.53515625 0.8251953 0.6171875 0.7988281 0.6767578 0.9140625 0.8466797 0.8017578 0.8623047 0.93359375 0.9951172 0.94140625 0.9951172 0.8105469 0.8339844 0.7158203 0.9951172 0.7246094 0.9951172 0.6035156 0.8613281 0.25097656 0.99316406 0.2529297 0.859375 0.42089844 0.9951172 0.4248047 0.9951172 0.6035156 0.25097656 0.75878906 0.28222656 0.76660156 0.15039063 0.8076172 0.28222656 0.89453125 0.0087890625 0.88378906 0.0087890625 0.94140625 0.28222656 0.89453125 0.009765625 0.9951172 0.28222656 0.76660156 0.25097656 0.75878906 0.2265625 0.5800781 0.15625 0.75390625 0.043945313 0.6503906 0.15039063 0.8076172 0.103515625 0.7392578 0.25097656 0.75878906 0.15625 0.75390625 0.028320313 0.671875 0.043945313 0.6503906 0.03125 0.7001953 0.103515625 0.7392578 0.0087890625 0.7138672 0.15039063 0.8076172 0.0087890625 0.8378906 0.0087890625 0.88378906 0.15039063 0.8076172 0.03125 0.7001953 0.0087890625 0.7138672 0.0068359375 0.70410156 0.03125 0.7001953 0.3310547 0.31835938 0.22265625 0.25585938 0.38378906 0.20117188 0.20898438 0.20214844 0.22363281 0.2548828 0.3310547 0.31835938 0.38378906 0.20117188 0.38378906 0.20117188 0.0029296875 0.3095703 0.15136719 0.25683594 0.037109375 0.20214844 0.22363281 0.2548828 0.20898438 0.20214844 0.38378906 0.20117188 0.24414063 0.3544922 0.33007813 0.32226563 0.3203125 0.3515625 0.33007813 0.32226563 0.3203125 0.3515625 0.24414063 0.3544922 0.33007813 0.32226563 0.24414063 0.3544922 0.2265625 0.26171875 0.203125 0.38378906 0.15234375 0.26367188 0.13085938 0.34765625 0.33007813 0.32226563 0.2265625 0.26171875 0.24414063 0.3544922 0.203125 0.38378906 0.3203125 0.022460938 0.3203125 0.16699219 0.22851563 0.015625 0.22949219 0.16699219 0.080078125 0.0087890625 0.0703125 0.171875 0.0029296875 0.095703125 0.21777344 0.4423828 0.2265625 0.49609375 0.18847656 0.44140625 0.17675781 0.49609375 0.2265625 0.4423828 0.2265625 0.4423828 0.2265625 0.49609375 0.2265625 0.49609375 0.2265625 0.51171875 0.15429688 0.51171875 0.1875 0.44140625 0.17675781 0.49609375 0.21777344 0.44140625 0.2265625 0.49609375 0.17578125 0.4423828 0.08886719 0.44140625 0.17675781 0.49609375 0.078125 0.49609375 0.08886719 0.51171875 0.15136719 0.51171875 0.17578125 0.44140625 0.17675781 0.49609375 0.09082031 0.44140625 0.078125 0.49609375 0.2265625 0.51171875 0.15136719 0.51171875 0.17675781 0.49609375 0.078125 0.49609375 0.2265625 0.51171875 0.2265625 0.51171875 0.2265625 0.49609375 0.17675781 0.49609375 0.2265625 0.49609375 0.17675781 0.49609375 0.15429688 0.51171875 0.08886719 0.51171875 0.20898438 0.20214844 0.22265625 0.25585938 0.037109375 0.20214844 0.15136719 0.25683594 0.0029296875 0.3095703 0.12695313 0.34570313 0.15136719 0.25683594 0.2265625 0.26171875 0.15234375 0.26367188 0.203125 0.38378906 0.13085938 0.34765625 0.9589844 0.22070313 0.94921875 0.22070313 0.9580078 0.19140625 0.9736328 0.16308594 0.640625 0.11621094 0.68066406 0.0625 0.6738281 0.1171875 0.7861328 0.14453125 0.7236328 0.14257813 0.7636719 0.22070313 0.72558594 0.22070313 0.7636719 0.22070313 0.7861328 0.14453125 0.7949219 0.22070313 0.8066406 0.0625 0.82421875 0.21972656 0.85839844 0.21972656 0.6972656 0.16601563 0.6953125 0.15820313 0.703125 0.20507813 0.703125 0.15527344 0.72558594 0.22070313 0.7236328 0.14257813 0.97265625 0.11621094 0.9736328 0.16308594 0.9316406 0.0625 0.94921875 0.22070313 0.93359375 0.21875 0.8486328 0.59765625 0.6357422 0.5917969 0.859375 0.42089844 0.65625 0.41308594 0.86035156 0.24902344 0.859375 0.42089844 0.6767578 0.23828125 0.65625 0.41308594 0.5419922 0.42382813 0.53027344 0.5830078 0.40039063 0.42089844 0.40039063 0.5839844 0.40039063 0.7714844 0.53515625 0.8251953 0.40039063 0.91015625 0.5126953 0.91015625 0.53515625 0.8251953 0.6386719 0.91015625 0.2265625 0.5800781 0.043945313 0.6503906 0.051757813 0.5683594 0.2265625 0.5800781 0.28222656 0.89453125 0.28222656 0.76660156 0.3642578 0.76660156 0.2265625 0.5800781 0.9316406 0.0625 0.93359375 0.21875 0.88671875 0.0625 0.8955078 0.21972656 0.85839844 0.21972656 0.9199219 0.20800781 0.94140625 0.19238281 0.95996094 0.20800781 0.95996094 0.19238281 0.98535156 0.0625 0.98535156 0.09765625 0.9199219 0.0625 0.9199219 0.09765625 0.40039063 0.42089844 0.40039063 0.5839844 0.53027344 0.5830078 0.40039063 0.7714844 0.52246094 0.7294922 0.6035156 0.73339844 0.6171875 0.7988281 0.8339844 0.7158203 0.8466797 0.8017578 0.9951172 0.8105469 0.9951172 0.94140625 0.6035156 0.73339844 0.53515625 0.8251953 0.6171875 0.7988281 0.6767578 0.9140625 0.8466797 0.8017578 0.8623047 0.93359375 0.9951172 0.94140625 0.5419922 0.42382813 0.65625 0.41308594 0.6767578 0.23828125 0.859375 0.42089844 0.86035156 0.24902344 0.9951172 0.6035156 0.8339844 0.7158203 0.9951172 0.7246094 0.9951172 0.8105469 0.8613281 0.25097656 0.859375 0.42089844 0.99316406 0.2529297 0.9951172 0.4248047 0.2265625 0.5800781 0.28222656 0.76660156 0.3642578 0.76660156 0.28222656 0.89453125 0.25097656 0.75878906 0.103515625 0.7392578 0.15039063 0.8076172 0.0087890625 0.7138672 0.0087890625 0.8378906 0.028320313 0.671875 0.03125 0.7001953 0.043945313 0.6503906 0.103515625 0.7392578 0.15625 0.75390625 0.25097656 0.75878906 0.38378906 0.20117188 0.20898438 0.20214844 0.22265625 0.25585938 0.037109375 0.20214844 0.15136719 0.25683594 0.0029296875 0.3095703 0.12695313 0.34570313 0.15136719 0.25683594 0.22265625 0.25585938 0.3310547 0.31835938 0.38378906 0.20117188 0.3310547 0.31835938 0.38378906 0.20117188 0.22363281 0.2548828 0.20898438 0.20214844 0.037109375 0.20214844 0.0029296875 0.3095703 0.037109375 0.20214844 0.15136719 0.25683594 0.22363281 0.2548828 0.2265625 0.26171875 0.24414063 0.3544922 0.33007813 0.32226563 0.3203125 0.3515625 0.33007813 0.32226563 0.3203125 0.3515625 0.24414063 0.3544922 0.33007813 0.32226563 0.24414063 0.3544922 0.2265625 0.26171875 0.203125 0.38378906 0.15234375 0.26367188 0.13085938 0.34765625 0.24414063 0.3544922 0.2265625 0.26171875 0.203125 0.38378906 0.15234375 0.26367188 0.13085938 0.34765625 0.3203125 0.022460938 0.22851563 0.015625 0.3203125 0.16699219 0.22949219 0.16699219 0.21777344 0.4423828 0.18847656 0.44140625 0.2265625 0.49609375 0.17675781 0.49609375 0.2265625 0.51171875 0.15136719 0.51171875 0.2265625 0.4423828 0.2265625 0.49609375 0.2265625 0.4423828 0.2265625 0.49609375 0.1875 0.44140625 0.21777344 0.44140625 0.17675781 0.49609375 0.2265625 0.49609375 0.15429688 0.51171875 0.2265625 0.51171875 0.17578125 0.4423828 0.17675781 0.49609375 0.08886719 0.44140625 0.078125 0.49609375 0.17578125 0.44140625 0.09082031 0.44140625 0.17675781 0.49609375 0.078125 0.49609375 0.15136719 0.51171875 0.08886719 0.51171875 0.2265625 0.49609375 0.2265625 0.49609375 0.2265625 0.51171875 0.2265625 0.51171875 0.078125 0.49609375 0.17675781 0.49609375 0.08886719 0.51171875 0.15429688 0.51171875 0.22851563 0.015625 0.080078125 0.0087890625 0.22949219 0.16699219 0.0703125 0.171875 0.9589844 0.22070313 0.9580078 0.19140625 0.9550781 0.18164063 0.9736328 0.16308594 0.9316406 0.0625 0.97265625 0.11621094 0.7949219 0.22070313 0.82421875 0.21972656 0.8066406 0.0625 0.85839844 0.21972656 0.88671875 0.0625 0.8955078 0.21972656 0.93359375 0.21875 0.640625 0.11621094 0.6738281 0.1171875 0.68066406 0.0625 0.7861328 0.14453125 0.7636719 0.22070313 0.7949219 0.22070313 0.7861328 0.14453125 0.8066406 0.0625 0.703125 0.20507813 0.72558594 0.22070313 0.703125 0.15527344 0.7236328 0.14257813 0.6738281 0.1171875 0.7861328 0.14453125 0.6972656 0.16601563 0.703125 0.20507813 0.6953125 0.15820313 0.703125 0.15527344 0.72558594 0.22070313 0.7636719 0.22070313 0.7236328 0.14257813 0.7861328 0.14453125 0.5371094 0.016601563 0.5371094 0.21386719 0.46679688 0.016601563 0.4658203 0.21289063 0.46679688 0.015625 0.4658203 0.21386719 0.5371094 0.015625 0.5371094 0.21484375 0.53808594 0.015625 0.53808594 0.21386719 0.46679688 0.016601563 0.4658203 0.21386719 0.4658203 0.21191406 0.53808594 0.21484375 0.46679688 0.017578125 0.53808594 0.016601563 0.8486328 0.59765625 0.859375 0.42089844 0.6357422 0.5917969 0.65625 0.41308594 0.53027344 0.5830078 0.5419922 0.42382813 0.40039063 0.42089844 0.54296875 0.27734375 0.40039063 0.27734375 0.40039063 0.42089844 0.9951172 0.4248047 0.859375 0.42089844 0.9951172 0.6035156 0.8486328 0.59765625 0.8339844 0.7158203 0.6357422 0.5917969 0.6035156 0.73339844 0.52246094 0.7294922 0.53515625 0.8251953 0.40039063 0.7714844 0.40039063 0.91015625 0.98535156 0.09765625 0.98535156 0.13378906 0.9199219 0.09765625 0.9199219 0.13378906 0.043945313 0.6503906 0.15625 0.75390625 0.2265625 0.5800781 0.25097656 0.75878906 0.28222656 0.76660156 0.15039063 0.8076172 0.28222656 0.89453125 0.0087890625 0.88378906 0.88671875 0.0625 0.93359375 0.21875 0.9316406 0.0625 0.9550781 0.18164063 0.9199219 0.20800781 0.9550781 0.1796875 0.9140625 0.18359375 0.68652344 0.95703125 0.64746094 0.9160156 0.63964844 0.9902344 0.62890625 0.9277344 0.6376953 0.9941406 0.68652344 0.95703125 0.68652344 0.95703125 0.62890625 0.9277344 0.62890625 0.9814453 0.68652344 0.95703125 0.6386719 0.9189453 0.62890625 0.9814453 0.53515625 0.8251953 0.6386719 0.91015625 0.5126953 0.91015625 0.15625 0.75390625 0.103515625 0.7392578 0.043945313 0.6503906 0.7236328 0.14257813 0.703125 0.15527344 0.6738281 0.1171875 0.68652344 0.95703125 0.63671875 0.9169922 0.6386719 0.9980469 0.38378906 0.20117188 0.3310547 0.31835938 0.3310547 0.31835938 0.28222656 0.89453125 0.009765625 0.9951172 0.0087890625 0.94140625 0.9199219 0.20800781 0.9140625 0.18359375 0.9550781 0.1796875 0.68652344 0.95703125 0.63964844 0.9902344 0.64746094 0.9160156 0.5419922 0.42382813 0.61621094 0.27734375 0.54296875 0.27734375 0.6357422 0.5917969 0.53027344 0.5830078 0.52246094 0.7294922 0.62890625 0.9277344 0.68652344 0.95703125 0.6376953 0.9941406 0.68652344 0.95703125 0.62890625 0.9814453 0.62890625 0.9277344 0.68652344 0.95703125 0.62890625 0.9814453 0.6386719 0.9189453 0.103515625 0.7392578 0.03125 0.7001953 0.0087890625 0.7138672 0.0029296875 0.095703125 0.0703125 0.171875 0.080078125 0.0087890625 0.68652344 0.95703125 0.6386719 0.9980469 0.63671875 0.9169922 0.8066406 0.0625 0.88671875 0.0625 0.85839844 0.21972656 0.515625 0.390625 0.5576172 0.39160156 0.5341797 0.7246094 0.7363281 0.7285156 0.7363281 0.8222656 0.9580078 0.7207031 0.9628906 0.9980469 0.04296875 0.061523438 0.041015625 0.06738281 0.038085938 0.06347656 0.036132813 0.06933594 0.5498047 0.17480469 0.69628906 0.17675781 0.57910156 0.32421875 0.6855469 0.32421875 0.6855469 0.32421875 0.70703125 0.17578125 0.8027344 0.32421875 0.8066406 0.16308594 0.8105469 0.16699219 0.9169922 0.15722656 0.8027344 0.32421875 0.9238281 0.32421875 0.328125 0.32421875 0.3388672 0.14453125 0.45214844 0.32421875 0.45117188 0.15625 0.45214844 0.15722656 0.5576172 0.17285156 0.45214844 0.32421875 0.57910156 0.32421875 0.9238281 0.32421875 0.9248047 0.15429688 0.9873047 0.32421875 0.9873047 0.14746094 0.043945313 0.072265625 0.038085938 0.07128906 0.041015625 0.06738281 0.036132813 0.064453125 0.8076172 0.16210938 0.70703125 0.1796875 0.7207031 0.038085938 0.6298828 0.057617188 0.89160156 0.11035156 0.8076172 0.16210938 0.83984375 0.11328125 0.7207031 0.038085938 0.9658203 0.11035156 0.9746094 0.17480469 0.89160156 0.11035156 0.8955078 0.1640625 0.8076172 0.16210938 0.50097656 0.9902344 0.4716797 1 0.47558594 0.9501953 0.36621094 0.96191406 0.44628906 0.8203125 0.39746094 0.67285156 0.43945313 0.70214844 0.46875 0.38964844 0.49121094 0.92578125 0.4794922 0.9238281 0.49902344 0.92285156 0.5 0.88671875 0.6298828 0.36816406 0.5703125 0.36816406 0.5839844 0.37695313 0.54589844 0.37695313 0.70703125 0.1796875 0.5566406 0.17675781 0.6298828 0.057617188 0.54785156 0.08984375 0.46875 0.38964844 0.39746094 0.67285156 0.34570313 0.390625 0.24804688 0.67089844 0.24804688 0.3876953 0.15039063 0.390625 0.36621094 0.96191406 0.24804688 0.89941406 0.39746094 0.67285156 0.24804688 0.67089844 0.5576172 0.39160156 0.7363281 0.3876953 0.7363281 0.7285156 0.91503906 0.39160156 0.9580078 0.7207031 0.9628906 0.39257813 0.044921875 0.061523438 0.038085938 0.064453125 0.041992188 0.068359375 0.037109375 0.07128906 0.6855469 0.32421875 0.69628906 0.17675781 0.57910156 0.32421875 0.5498047 0.17480469 0.8066406 0.16308594 0.70703125 0.17578125 0.8027344 0.32421875 0.6855469 0.32421875 0.9238281 0.32421875 0.9169922 0.15722656 0.8027344 0.32421875 0.8105469 0.16699219 0.45117188 0.15625 0.3388672 0.14453125 0.45214844 0.32421875 0.328125 0.32421875 0.57910156 0.32421875 0.5576172 0.17285156 0.45214844 0.32421875 0.45214844 0.15722656 0.9873047 0.14746094 0.9248047 0.15429688 0.9873047 0.32421875 0.9238281 0.32421875 0.044921875 0.07421875 0.041992188 0.068359375 0.038085938 0.07324219 0.037109375 0.06542969 0.8076172 0.16210938 0.7207031 0.038085938 0.70703125 0.1796875 0.6298828 0.057617188 0.5566406 0.17675781 0.54785156 0.08984375 0.453125 0.14648438 0.8955078 0.1640625 0.89160156 0.11035156 0.8076172 0.16210938 0.83984375 0.11328125 0.7207031 0.038085938 0.9658203 0.11035156 0.89160156 0.11035156 0.9746094 0.17480469 0.8955078 0.1640625 0.059570313 0.8203125 0.056640625 0.7158203 0.09863281 0.67285156 0.0126953125 0.38964844 0.15039063 0.390625 0.0126953125 0.99121094 0.021484375 0.9501953 0.041992188 1 0.12792969 0.953125 0.48242188 0.95214844 0.48535156 0.95214844 0.48535156 0.9404297 0.5029297 0.9277344 0.48828125 0.9394531 0.6298828 0.36816406 0.5839844 0.37695313 0.5703125 0.36816406 0.54589844 0.37695313 0.021484375 0.9501953 0.059570313 0.8203125 0.12792969 0.953125 0.09863281 0.67285156 0.24804688 0.89941406 0.24804688 0.67089844 0.036132813 0.06933594 0.036132813 0.064453125 0.041015625 0.06738281 0.34277344 0.11816406 0.3408203 0.1328125 0.3251953 0.15039063 0.041015625 0.06738281 0.037109375 0.07324219 0.036132813 0.064453125 0.5341797 0.7246094 0.43652344 0.7216797 0.49804688 0.40039063 0.609375 0.4345703 0.609375 0.3955078 0.609375 0.44921875 0.54785156 0.08984375 0.5566406 0.17675781 0.453125 0.14648438 0.453125 0.14648438 0.33789063 0.14355469 0.34277344 0.1171875 0.5341797 0.7246094 0.7363281 0.8222656 0.50683594 0.9980469 0.5029297 0.9277344 0.48535156 0.9404297 0.48828125 0.9394531 0.037109375 0.07128906 0.041992188 0.068359375 0.037109375 0.06542969 0.34277344 0.11816406 0.3251953 0.15039063 0.3408203 0.1328125 0.041992188 0.068359375 0.037109375 0.06542969 0.038085938 0.07519531 0.96191406 0.7158203 0.9794922 0.38671875 0.98828125 0.7167969 0.609375 0.4345703 0.609375 0.44921875 0.609375 0.3955078 0.24804688 0.67089844 0.09863281 0.67285156 0.15039063 0.390625 0.453125 0.14648438 0.34277344 0.1171875 0.33789063 0.14355469 0.09277344 0.92089844 0.078125 0.9316406 0.041015625 0.8964844 0.033203125 0.90527344 0.02734375 0.859375 0.0126953125 0.86035156 0.038085938 0.8222656 0.029296875 0.8144531 0.08984375 0.7998047 0.072265625 0.7910156 0.078125 0.9316406 0.09277344 0.93066406 0.078125 0.95214844 0.09277344 0.95214844 0.078125 0.9316406 0.09277344 0.93066406 0.7871094 0.71875 0.7734375 0.71875 0.7871094 0.69628906 0.7734375 0.69628906 0.7871094 0.6484375 0.7734375 0.6484375 0.7871094 0.6298828 0.7734375 0.6298828 0.078125 0.9316406 0.09277344 0.92089844 0.033203125 0.90527344 0.041015625 0.8964844 0.0126953125 0.86035156 0.02734375 0.859375 0.029296875 0.8144531 0.038085938 0.8222656 0.072265625 0.7910156 0.08984375 0.7998047 0.7734375 0.71875 0.7871094 0.71875 0.7734375 0.69628906 0.7871094 0.69628906 0.7734375 0.6484375 0.7871094 0.6484375 0.7734375 0.6298828 0.7871094 0.6298828 0.15039063 0.54785156 0.17089844 0.5214844 0.171875 0.5410156 0.17675781 0.50390625 0.18847656 0.51464844 0.10644531 0.034179688 0.19726563 0.037109375 0.15722656 0.15039063 0.24902344 0.1640625 0.22265625 0.29003906 0.22265625 0.29003906 0.1171875 0.296875 0.15722656 0.15039063 0.08691406 0.14453125 0.10644531 0.034179688 0.05859375 0.2109375 0.048828125 0.1796875 0.06542969 0.18457031 0.05859375 0.2109375 0.07910156 0.2109375 0.06738281 0.23632813 0.07910156 0.26464844 0.07714844 0.27246094 0.98535156 0.31640625 0.9902344 0.43164063 0.8125 0.31347656 0.796875 0.42578125 0.53808594 0.26464844 0.5800781 0.29101563 0.54589844 0.25976563 0.5878906 0.29101563 0.9902344 0.43164063 0.99121094 0.57128906 0.796875 0.42578125 0.75390625 0.5625 0.5683594 0.3251953 0.59472656 0.3466797 0.59375 0.3310547 0.6015625 0.31445313 0.5800781 0.29101563 0.5878906 0.29101563 0.06738281 0.23632813 0.05859375 0.2109375 0.07910156 0.2109375 0.06542969 0.18457031 0.25 0.32910156 0.29296875 0.3095703 0.3330078 0.39648438 0.34472656 0.3515625 0.38476563 0.39160156 0.63671875 0.2626953 0.5 0.22167969 0.5 0.140625 0.63671875 0.2626953 0.6923828 0.19042969 0.83203125 0.39746094 0.5 0.40722656 0.53808594 0.40527344 0.5 0.4638672 0.55859375 0.5107422 0.5 0.50097656 0.16699219 0.46191406 0.17089844 0.44921875 0.18164063 0.5 0.18945313 0.4296875 0.83203125 0.39746094 0.63671875 0.2626953 0.6923828 0.19042969 0.5 0.140625 0.7421875 0.16699219 0.5 0.095703125 0.07714844 0.27246094 0.06738281 0.23632813 0.07910156 0.26464844 0.07910156 0.2109375 0.08496094 0.23144531 0.38671875 0.5332031 0.49902344 0.5361328 0.46484375 0.36328125 0.38671875 0.5332031 0.6972656 0.12402344 0.85839844 0.12402344 0.6972656 0.099609375 0.8671875 0.099609375 0.88671875 0.07519531 0.9199219 0.13378906 0.9199219 0.09765625 0.6972656 0.12402344 0.6972656 0.1484375 0.85839844 0.12402344 0.85839844 0.1484375 0.9140625 0.12402344 0.9140625 0.18359375 0.9550781 0.1796875 0.6972656 0.1484375 0.6972656 0.17285156 0.85839844 0.1484375 0.8671875 0.17285156 0.9199219 0.20800781 0.6972656 0.026367188 0.88671875 0.07519531 0.8671875 0.026367188 0.9199219 0.0625 0.8671875 0.099609375 0.85839844 0.12402344 0.9199219 0.13378906 0.9140625 0.12402344 0.94628906 0.12402344 0.9550781 0.1796875 0.96972656 0.18359375 0.9199219 0.13378906 0.94628906 0.12402344 0.98535156 0.13378906 0.98535156 0.12402344 0.6972656 0.099609375 0.88671875 0.07519531 0.6972656 0.0625 0.6972656 0.026367188 0.52441406 0.20019531 0.5029297 0.14550781 0.52441406 0.15722656 0.67578125 0.15722656 0.3203125 0.15234375 0.32128906 0.23046875 0.25585938 0.15234375 0.2548828 0.22949219 0.6269531 0.45117188 0.7109375 0.45117188 0.7109375 0.58691406 0.7558594 0.58691406 0.6269531 0.3779297 0.6269531 0.3076172 0.7109375 0.3779297 0.7861328 0.27148438 0.7636719 0.37597656 0.87890625 0.37695313 0.87890625 0.48339844 0.87890625 0.58496094 0.7714844 0.58496094 0.87890625 0.48339844 0.79296875 0.4501953 0.7636719 0.37597656 0.7109375 0.45117188 0.7109375 0.3779297 0.6269531 0.45117188 0.6269531 0.3779297 0.87890625 0.37695313 0.7861328 0.27148438 0.87890625 0.27441406 0.87890625 0.171875 0.87890625 0.171875 0.7861328 0.27148438 0.7714844 0.171875 0.7558594 0.171875 0.79296875 0.4501953 0.7714844 0.58496094 0.7109375 0.45117188 0.7558594 0.58691406 0.41210938 0.20800781 0.2939453 0.20507813 0.41210938 0.18457031 0.29589844 0.1796875 0.4248047 0.2109375 0.68847656 0.24804688 0.4248047 0.14355469 0.6953125 0.16894531 0.4248047 0.14355469 0.6953125 0.12792969 0.4248047 0.2109375 0.7060547 0.2109375 0.66503906 0.20605469 0.6533203 0.22070313 0.52441406 0.20019531 0.5029297 0.21484375 0.5029297 0.14550781 0.6621094 0.14355469 0.6699219 0.15625 0.5029297 0.14550781 0.52441406 0.15722656 0.52441406 0.20019531 0.3203125 0.15234375 0.3310547 0.21972656 0.25585938 0.15234375 0.24902344 0.21972656 0.66796875 0.20800781 0.6464844 0.22265625 0.52441406 0.20019531 0.5029297 0.21484375 0.5029297 0.14550781 0.52441406 0.20019531 0.5029297 0.14550781 0.52441406 0.15722656 0.68359375 0.15234375 0.671875 0.203125 0.6591797 0.21972656 0.52441406 0.20019531 0.5029297 0.21484375 0.5029297 0.14550781 0.52441406 0.20019531 0.5029297 0.14550781 0.52441406 0.15722656 0.69628906 0.15234375 0.4248047 0.14355469 0.7216797 0.13183594 0.4248047 0.2109375 0.7265625 0.20605469 0.66503906 0.20410156 0.67089844 0.22265625 0.52441406 0.20019531 0.5029297 0.21484375 0.5029297 0.14550781 0.5214844 0.16308594 0.65722656 0.15136719 0.5214844 0.19628906 0.6611328 0.20703125 0.3203125 0.15234375 0.3251953 0.21386719 0.25585938 0.15234375 0.25585938 0.20703125 0.4248047 0.14355469 0.734375 0.12207031 0.4248047 0.2109375 0.7480469 0.19433594 0.3203125 0.15234375 0.31054688 0.22363281 0.25585938 0.15234375 0.2529297 0.21289063 0.58984375 0.14648438 0.60058594 0.13671875 0.54589844 0.17285156 0.6142578 0.16699219 0.75390625 0.99316406 0.7529297 0.86035156 0.9326172 0.99316406 0.9326172 0.859375 0.7558594 0.859375 0.7558594 0.7558594 0.9316406 0.85839844 0.9316406 0.75683594 0.9902344 0.9951172 0.99316406 0.7578125 0.9296875 0.9951172 0.93066406 0.7578125 0.9902344 0.9951172 0.93066406 0.9951172 0.99316406 0.7578125 0.93066406 0.7578125 0.15429688 0.41015625 0.18945313 0.4296875 0.14550781 0.4140625 0.17089844 0.44921875 0.13183594 0.54785156 0.111328125 0.54785156 0.119140625 0.51953125 0.111328125 0.5185547 0.7558594 0.171875 0.7861328 0.27148438 0.7109375 0.171875 0.6269531 0.3076172 0.111328125 0.5185547 0.111328125 0.54785156 0.119140625 0.51953125 0.13183594 0.54785156 0.19726563 0.037109375 0.10644531 0.034179688 0.15722656 0.15039063 0.08691406 0.14453125 0.1171875 0.296875 0.1171875 0.296875 0.22265625 0.29003906 0.15722656 0.15039063 0.24902344 0.1640625 0.19726563 0.037109375 0.5800781 0.29101563 0.6015625 0.31445313 0.59375 0.3310547 0.59472656 0.3466797 0.5683594 0.3251953 0.5 0.095703125 0.5 0.140625 0.7421875 0.16699219 0.6923828 0.19042969 0.9316406 0.28222656 0.98535156 0.31640625 0.8125 0.31347656 0.9902344 0.43164063 0.796875 0.42578125 0.99121094 0.57128906 0.75390625 0.5625 0.53808594 0.26464844 0.54589844 0.25976563 0.5800781 0.29101563 0.5878906 0.29101563 0.6015625 0.31445313 0.25 0.32910156 0.3330078 0.39648438 0.29296875 0.3095703 0.34472656 0.3515625 0.19433594 0.51171875 0.18164063 0.5 0.17578125 0.5390625 0.17480469 0.51953125 0.5 0.40722656 0.5 0.4638672 0.53808594 0.40527344 0.55859375 0.5107422 0.16699219 0.46191406 0.18164063 0.5 0.17089844 0.44921875 0.18945313 0.4296875 0.14550781 0.4140625 0.6972656 0.12402344 0.6972656 0.099609375 0.85839844 0.12402344 0.8671875 0.099609375 0.9199219 0.13378906 0.88671875 0.07519531 0.9199219 0.09765625 0.9199219 0.0625 0.6972656 0.12402344 0.85839844 0.12402344 0.6972656 0.1484375 0.85839844 0.1484375 0.6972656 0.17285156 0.8671875 0.17285156 0.6972656 0.026367188 0.88671875 0.07519531 0.6972656 0.0625 0.6972656 0.099609375 0.85839844 0.12402344 0.9199219 0.13378906 0.9140625 0.12402344 0.94628906 0.12402344 0.9550781 0.1796875 0.96972656 0.18359375 0.85839844 0.12402344 0.9140625 0.12402344 0.85839844 0.1484375 0.9140625 0.18359375 0.8671875 0.17285156 0.85839844 0.1484375 0.9199219 0.20800781 0.9140625 0.18359375 0.9199219 0.0625 0.88671875 0.07519531 0.8671875 0.026367188 0.6972656 0.026367188 0.9199219 0.13378906 0.98535156 0.13378906 0.94628906 0.12402344 0.98535156 0.12402344 0.96972656 0.18359375 0.5029297 0.21484375 0.52441406 0.20019531 0.5029297 0.14550781 0.52441406 0.15722656 0.67578125 0.15722656 0.2548828 0.22949219 0.32128906 0.23046875 0.25585938 0.15234375 0.3203125 0.15234375 0.6269531 0.3076172 0.6269531 0.3779297 0.7109375 0.3779297 0.6269531 0.45117188 0.7109375 0.45117188 0.7109375 0.58691406 0.7558594 0.58691406 0.87890625 0.58496094 0.87890625 0.48339844 0.7714844 0.58496094 0.79296875 0.4501953 0.7109375 0.45117188 0.7636719 0.37597656 0.7109375 0.3779297 0.7861328 0.27148438 0.6269531 0.3076172 0.7109375 0.171875 0.79296875 0.4501953 0.87890625 0.48339844 0.7636719 0.37597656 0.87890625 0.37695313 0.7861328 0.27148438 0.87890625 0.27441406 0.87890625 0.171875 0.87890625 0.171875 0.7714844 0.171875 0.7861328 0.27148438 0.7558594 0.171875 0.7109375 0.171875 0.29589844 0.1796875 0.2939453 0.20507813 0.41210938 0.18457031 0.41210938 0.20800781 0.6953125 0.16894531 0.68847656 0.24804688 0.4248047 0.14355469 0.4248047 0.2109375 0.7060547 0.2109375 0.6953125 0.12792969 0.4248047 0.2109375 0.4248047 0.14355469 0.66503906 0.20605469 0.52441406 0.20019531 0.6533203 0.22070313 0.5029297 0.21484375 0.6621094 0.14355469 0.5029297 0.14550781 0.6699219 0.15625 0.52441406 0.15722656 0.52441406 0.15722656 0.5029297 0.14550781 0.52441406 0.20019531 0.5029297 0.21484375 0.24902344 0.21972656 0.3310547 0.21972656 0.25585938 0.15234375 0.3203125 0.15234375 0.66796875 0.20800781 0.52441406 0.20019531 0.6464844 0.22265625 0.5029297 0.21484375 0.5029297 0.21484375 0.52441406 0.20019531 0.5029297 0.14550781 0.52441406 0.15722656 0.68359375 0.15234375 0.671875 0.203125 0.52441406 0.20019531 0.6591797 0.21972656 0.5029297 0.21484375 0.5029297 0.21484375 0.52441406 0.20019531 0.5029297 0.14550781 0.52441406 0.15722656 0.69628906 0.15234375 0.7265625 0.20605469 0.7216797 0.13183594 0.4248047 0.2109375 0.4248047 0.14355469 0.66503906 0.20410156 0.52441406 0.20019531 0.67089844 0.22265625 0.5029297 0.21484375 0.6611328 0.20703125 0.65722656 0.15136719 0.5214844 0.19628906 0.5214844 0.16308594 0.23828125 0.21972656 0.3251953 0.21386719 0.25585938 0.20703125 0.25585938 0.15234375 0.7480469 0.19433594 0.734375 0.12207031 0.4248047 0.2109375 0.4248047 0.14355469 0.2529297 0.21289063 0.31054688 0.22363281 0.25585938 0.15234375 0.3203125 0.15234375 0.58984375 0.14648438 0.54589844 0.17285156 0.60058594 0.13671875 0.6142578 0.16699219 0.65722656 0.9248047 0.43359375 0.9248047 0.65722656 0.703125 0.43359375 0.703125 0.65234375 0.6328125 0.65234375 0.70214844 0.43164063 0.6328125 0.43164063 0.70214844 0.61816406 0.92089844 0.61816406 0.7050781 0.6386719 0.92871094 0.6386719 0.69921875 0.43359375 0.9902344 0.43359375 0.921875 0.64941406 0.9902344 0.64941406 0.921875 0.61816406 0.7050781 0.61816406 0.92089844 0.6386719 0.69921875 0.6386719 0.92871094 0.36621094 0.95214844 0.15722656 0.95214844 0.36621094 0.6738281 0.15722656 0.6738281 0.2265625 0.64746094 0.2265625 0.65527344 0.17871094 0.64746094 0.17871094 0.65527344 0.3154297 0.9511719 0.3154297 0.6738281 0.38671875 0.9511719 0.38671875 0.6738281 0.17382813 0.98535156 0.17382813 0.9716797 0.29101563 0.98535156 0.29101563 0.9716797 0.3154297 0.6738281 0.3154297 0.9511719 0.38671875 0.6738281 0.38671875 0.9511719 0.26464844 0.6425781 0.2685547 0.65722656 0.2841797 0.6425781 0.2841797 0.65234375 0.08984375 0.64941406 0.08984375 0.7890625 0.072265625 0.7910156 0.072265625 0.6513672 0.072265625 0.7910156 0.08984375 0.7890625 0.08984375 0.64941406 0.072265625 0.6513672 0.9199219 0.20800781 0.9140625 0.18359375 0.85839844 0.1484375 0.96972656 0.18359375 0.98535156 0.12402344 0.94628906 0.12402344 0.88671875 0.07519531 0.9199219 0.09765625 0.9199219 0.0625 0.50390625 0.21191406 0.54589844 0.17285156 0.54589844 0.21191406 0.25585938 0.20703125 0.3251953 0.21386719 0.23828125 0.21972656 0.5029297 0.14550781 0.6484375 0.14453125 0.69628906 0.15234375 0.5029297 0.14550781 0.6298828 0.14550781 0.68359375 0.15234375 0.5029297 0.14550781 0.6904297 0.14257813 0.67578125 0.15722656 0.29296875 0.1875 0.2705078 0.16113281 0.41210938 0.18457031 0.80566406 0.25390625 0.76953125 0.29101563 0.76660156 0.27734375 0.15039063 0.54785156 0.13183594 0.5488281 0.12109375 0.5214844 0.15234375 0.546875 0.119140625 0.51953125 0.17480469 0.51953125 0.15039063 0.54785156 0.17285156 0.54003906 0.171875 0.5214844 0.38476563 0.39160156 0.34472656 0.3515625 0.3330078 0.39648438 0.88671875 0.07519531 0.8671875 0.099609375 0.6972656 0.099609375 0.9550781 0.1796875 0.9140625 0.18359375 0.9140625 0.12402344 0.50390625 0.21191406 0.54589844 0.21191406 0.54589844 0.17285156 0.3251953 0.21386719 0.3203125 0.15234375 0.25585938 0.15234375 0.69628906 0.15234375 0.6484375 0.14453125 0.5029297 0.14550781 0.68359375 0.15234375 0.6298828 0.14550781 0.5029297 0.14550781 0.67578125 0.15722656 0.6904297 0.14257813 0.5029297 0.14550781 0.29296875 0.1875 0.41210938 0.18457031 0.2705078 0.16113281 0.80566406 0.25390625 0.76660156 0.27734375 0.76953125 0.29101563 0.5 0.4638672 0.5 0.50097656 0.55859375 0.5107422 0.15039063 0.54785156 0.12109375 0.5214844 0.13183594 0.5488281 0.15234375 0.546875 0.17480469 0.51953125 0.119140625 0.51953125 0.7109375 0.45117188 0.7558594 0.58691406 0.7714844 0.58496094 0.08496094 0.23144531 0.07910156 0.2109375 0.07910156 0.26464844 0.09277344 0.93066406 0.078125 0.9316406 0.09277344 0.92089844 0.072265625 0.7910156 0.08984375 0.7890625 0.08984375 0.7998047 0.09277344 0.93066406 0.09277344 0.92089844 0.078125 0.9316406 0.072265625 0.7910156 0.08984375 0.7998047 0.08984375 0.7890625 </float_array>
          <technique_common>
            <accessor source="#texcoords-array" count="1680" stride="2">
              <param name="S" type="float"/>
              <param name="T" type="float"/>
            </accessor>
          </technique_common>
        </source>
        <source id="colors">
          <float_array id="colors-array" count="5040">1 1 1 1 1 1 1 1 1 1 1 1 1 1 1 1 1 1 1 1 1 1 1 1 1 1 1 1 1 1 1 1 1 1 1 1 1 1 1 1 1 1 1 1 1 1 1 1 1 1 1 1 1 1 1 1 1 1 1 1 1 1 1 1 1 1 1 1 1 1 1 1 1 1 1 1 1 1 1 1 1 1 1 1 1 1 1 1 1 1 1 1 1 1 1 1 1 1 1 1 1 1 1 1 1 1 1 1 1 1 1 1 1 1 1 1 1 1 1 1 1 1 1 1 1 1 1 1 1 1 1 1 1 1 1 1 1 1 1 1 1 1 1 1 1 1 1 1 1 1 1 1 1 1 1 1 1 1 1 1 1 1 1 1 1 1 1 1 1 1 1 1 1 1 1 1 1 1 1 1 1 1 1 1 1 1 1 1 1 1 1 1 1 1 1 1 1 1 1 1 1 1 1 1 1 1 1 1 1 1 1 1 1 1 1 1 1 1 1 1 1 1 1 1 1 1 1 1 1 1 1 1 1 1 1 1 1 1 1 1 1 1 1 1 1 1 1 1 1 1 1 1 1 1 1 1 1 1 1 1 1 1 1 1 1 1 1 1 1 1 1 1 1 1 1 1 1 1 1 1 1 1 1 1 1 1 1 1 1 1 1 1 1 1 1 1 1 1 1 1 1 1 1 1 1 1 1 1 1 1 1 1 1 1 1 1 1 1 1 1 1 1 1 1 1 1 1 1 1 1 1 1 1 1 1 1 1 1 1 1 1 1 1 1 1 1 1 1 1 1 1 1 1 1 1 1 1 1 1 1 1 1 1 1 1 1 1 1 1 1 1 1 1 1 1 1 1 1 1 1 1 1 1 1 1 1 1 1 1 1 1 1 1 1 1 1 1 1 1 1 1 1 1 1 1 1 1 1 1 1 1 1 1 1 1 1 1 1 1 1 1 1 1 1 1 1 1 1 1 1 1 1 1 1 1 1 1 1 1 1 1 1 1 1 1 1 1 1 1 1 1 1 1 1 1 1 1 1 1 1 1 1 1 1 1 1 1 1 1 1 1 1 1 1 1 1 1 1 1 1 1 1 1 1 1 1 1 1 1 1 1 1 1 1 1 1 1 1 1 1 1 1 1 1 1 1 1 1 1 1 1 1 1 1 1 1 1 1 1 1 1 1 1 1 1 1 1 1 1 1 1 1 1 1 1 1 1 1 1 1 1 1 1 1 1 1 1 1 1 1 1 1 1 1 1 1 1 1 1 1 1 1 1 1 1 1 1 1 1 1 1 1 1 1 1 1 1 1 1 1 1 1 1 1 1 1 1 1 1 1 1 1 1 1 1 1 1 1 1 1 1 1 1 1 1 1 1 1 1 1 1 1 1 1 1 1 1 1 1 1 1 1 1 1 1 1 1 1 1 1 1 1 1 1 1 1 1 1 1 1 1 1 1 1 1 1 1 1 1 1 1 1 1 1 1 1 1 1 1 1 1 1 1 1 1 1 1 1 1 1 1 1 1 1 1 1 1 1 1 1 1 1 1 1 1 1 1 1 1 1 1 1 1 1 1 1 1 1 1 1 1 1 1 1 1 1 1 1 1 1 1 1 1 1 1 1 1 1 1 1 1 1 1 1 1 1 1 1 1 1 1 1 1 1 1 1 1 1 1 1 1 1 1 1 1 1 1 1 1 1 1 1 1 1 1 1 1 1 1 1 1 1 1 1 1 1 1 1 1 1 1 1 1 1 1 1 1 1 1 1 1 1 1 1 1 1 1 1 1 1 1 1 1 1 1 1 1 1 1 1 1 1 1 1 1 1 1 1 1 1 1 1 1 1 1 1 1 1 1 1 1 1 1 1 1 1 1 1 1 1 1 1 1 1 1 1 1 1 1 1 1 1 1 1 1 1 1 1 1 1 1 1 1 1 1 1 1 1 1 1 1 1 1 1 1 1 1 1 1 1 1 1 1 1 1 1 1 1 1 1 1 1 1 1 1 1 1 1 1 1 1 1 1 1 1 1 1 1 1 1 1 1 1 1 1 1 1 1 1 1 1 1 1 1 1 1 1 1 1 1 1 1 1 1 1 1 1 1 1 1 1 1 1 1 1 1 1 1 1 1 1 1 1 1 1 1 1 1 1 1 1 1 1 1 1 1 1 1 1 1 1 1 1 1 1 1 1 1 1 1 1 1 1 1 1 1 1 1 1 1 1 1 1 1 1 1 1 1 1 1 1 1 1 1 1 1 1 1 1 1 1 1 1 1 1 1 1 1 1 1 1 1 1 1 1 1 1 1 1 1 1 1 1 1 1 1 1 1 1 1 1 1 1 1 1 1 1 1 1 1 1 1 1 1 1 1 1 1 1 1 1 1 1 1 1 1 1 1 1 1 1 1 1 1 1 1 1 1 1 1 1 1 1 1 1 1 1 1 1 1 1 1 1 1 1 1 1 1 1 1 1 1 1 1 1 1 1 1 1 1 1 1 1 1 1 1 1 1 1 1 1 1 1 1 1 1 1 1 1 1 1 1 1 1 1 1 1 1 1 1 1 1 1 1 1 1 1 1 1 1 1 1 1 1 1 1 1 1 1 1 1 1 1 1 1 1 1 1 1 1 1 1 1 1 1 1 1 1 1 1 1 1 1 1 1 1 1 1 1 1 1 1 1 1 1 1 1 1 1 1 1 1 1 1 1 1 1 1 1 1 1 1 1 1 1 1 1 1 1 1 1 1 1 1 1 1 1 1 1 1 1 1 1 1 1 1 1 1 1 1 1 1 1 1 1 1 1 1 1 1 1 1 1 1 1 1 1 1 1 1 1 1 1 1 1 1 1 1 1 1 1 1 1 1 1 1 1 1 1 1 1 1 1 1 1 1 1 1 1 1 1 1 1 1 1 1 1 1 1 1 1 1 1 1 1 1 1 1 1 1 1 1 1 1 1 1 1 1 1 1 1 1 1 1 1 1 1 1 1 1 1 1 1 1 1 1 1 1 1 1 1 1 1 1 1 1 1 1 1 1 1 1 1 1 1 1 1 1 1 1 1 1 1 1 1 1 1 1 1 1 1 1 1 1 1 1 1 1 1 1 1 1 1 1 1 1 1 1 1 1 1 1 1 1 1 1 1 1 1 1 1 1 1 1 1 1 1 1 1 1 1 1 1 1 1 1 1 1 1 1 1 1 1 1 1 1 1 1 1 1 1 1 1 1 1 1 1 1 1 1 1 1 1 1 1 1 1 1 1 1 1 1 1 1 1 1 1 1 1 1 1 1 1 1 1 1 1 1 1 1 1 1 1 1 1 1 1 1 1 1 1 1 1 1 1 1 1 1 1 1 1 1 1 1 1 1 1 1 1 1 1 1 1 1 1 1 1 1 1 1 1 1 1 1 1 1 1 1 1 1 1 1 1 1 1 1 1 1 1 1 1 1 1 1 1 1 1 1 1 1 1 1 1 1 1 1 1 1 1 1 1 1 1 1 1 1 1 1 1 1 1 1 1 1 1 1 1 1 1 1 1 1 1 1 1 1 1 1 1 1 1 1 1 1 1 1 1 1 1 1 1 1 1 1 1 1 1 1 1 1 1 1 1 1 1 1 1 1 1 1 1 1 1 1 1 1 1 1 1 1 1 1 1 1 1 1 1 1 1 1 1 1 1 1 1 1 1 1 1 1 1 1 1 1 1 1 1 1 1 1 1 1 1 1 1 1 1 1 1 1 1 1 1 1 1 1 1 1 1 1 1 1 1 1 1 1 1 1 1 1 1 1 1 1 1 1 1 1 1 1 1 1 1 1 1 1 1 1 1 1 1 1 1 1 1 1 1 1 1 1 1 1 1 1 1 1 1 1 1 1 1 1 1 1 1 1 1 1 1 1 1 1 1 1 1 1 1 1 1 1 1 1 1 1 1 1 1 1 1 1 1 1 1 1 1 1 1 1 1 1 1 1 1 1 1 1 1 1 1 1 1 1 1 1 1 1 1 1 1 1 1 1 1 1 1 1 1 1 1 1 1 1 1 1 1 1 1 1 1 1 1 1 1 1 1 1 1 1 1 1 1 1 1 1 1 1 1 1 1 1 1 1 1 1 1 1 1 1 1 1 1 1 1 1 1 1 1 1 1 1 1 1 1 1 1 1 1 1 1 1 1 1 1 1 1 1 1 1 1 1 1 1 1 1 1 1 1 1 1 1 1 1 1 1 1 1 1 1 1 1 1 1 1 1 1 1 1 1 1 1 1 1 1 1 1 1 1 1 1 1 1 1 1 1 1 1 1 1 1 1 1 1 1 1 1 1 1 1 1 1 1 1 1 1 1 1 1 1 1 1 1 1 1 1 1 1 1 1 1 1 1 1 1 1 1 1 1 1 1 1 1 1 1 1 1 1 1 1 1 1 1 1 1 1 1 1 1 1 1 1 1 1 1 1 1 1 1 1 1 1 1 1 1 1 1 1 1 1 1 1 1 1 1 1 1 1 1 1 1 1 1 1 1 1 1 1 1 1 1 1 1 1 1 1 1 1 1 1 1 1 1 1 1 1 1 1 1 1 1 1 1 1 1 1 1 1 1 1 1 1 1 1 1 1 1 1 1 1 1 1 1 1 1 1 1 1 1 1 1 1 1 1 1 1 1 1 1 1 1 1 1 1 1 1 1 1 1 1 1 1 1 1 1 1 1 1 1 1 1 1 1 1 1 1 1 1 1 1 1 1 1 1 1 1 1 1 1 1 1 1 1 1 1 1 1 1 1 1 1 1 1 1 1 1 1 1 1 1 1 1 1 1 1 1 1 1 1 1 1 1 1 1 1 1 1 1 1 1 1 1 1 1 1 1 1 1 1 1 1 1 1 1 1 1 1 1 1 1 1 1 1 1 1 1 1 1 1 1 1 1 1 1 1 1 1 1 1 1 1 1 1 1 1 1 1 1 1 1 1 1 1 1 1 1 1 1 1 1 1 1 1 1 1 1 1 1 1 1 1 1 1 1 1 1 1 1 1 1 1 1 1 1 1 1 1 1 1 1 1 1 1 1 1 1 1 1 1 1 1 1 1 1 1 1 1 1 1 1 1 1 1 1 1 1 1 1 1 1 1 1 1 1 1 1 1 1 1 1 1 1 1 1 1 1 1 1 1 1 1 1 1 1 1 1 1 1 1 1 1 1 1 1 1 1 1 1 1 1 1 1 1 1 1 1 1 1 1 1 1 1 1 1 1 1 1 1 1 1 1 1 1 1 1 1 1 1 1 1 1 1 1 1 1 1 1 1 1 1 1 1 1 1 1 1 1 1 1 1 1 1 1 1 1 1 1 1 1 1 1 1 1 1 1 1 1 1 1 1 1 1 1 1 1 1 1 1 1 1 1 1 1 1 1 1 1 1 1 1 1 1 1 1 1 1 1 1 1 1 1 1 1 1 1 1 1 1 1 1 1 1 1 1 1 1 1 1 1 1 1 1 1 1 1 1 1 1 1 1 1 1 1 1 1 1 1 1 1 1 1 1 1 1 1 1 1 1 1 1 1 1 1 1 1 1 1 1 1 1 1 1 1 1 1 1 1 1 1 1 1 1 1 1 1 1 1 1 1 1 1 1 1 1 1 1 1 1 1 1 1 1 1 1 1 1 1 1 1 1 1 1 1 1 1 1 1 1 1 1 1 1 1 1 1 1 1 1 1 1 1 1 1 1 1 1 1 1 1 1 1 1 1 1 1 1 1 1 1 1 1 1 1 1 1 1 1 1 1 1 1 1 1 1 1 1 1 1 1 1 1 1 1 1 1 1 1 1 1 1 1 1 1 1 1 1 1 1 1 1 1 1 1 1 1 1 1 1 1 1 1 1 1 1 1 1 1 1 1 1 1 1 1 1 1 1 1 1 1 1 1 1 1 1 1 1 1 1 1 1 1 1 1 1 1 1 1 1 1 1 1 1 1 1 1 1 1 1 1 1 1 1 1 1 1 1 1 1 1 1 1 1 1 1 1 1 1 1 1 1 1 1 1 1 1 1 1 1 1 1 1 1 1 1 1 1 1 1 1 1 1 1 1 1 1 1 1 1 1 1 1 1 1 1 1 1 1 1 1 1 1 1 1 1 1 1 1 1 1 1 1 1 1 1 1 1 1 1 1 1 1 1 1 1 1 1 1 1 1 1 1 1 1 1 1 1 1 1 1 1 1 1 1 1 1 1 1 1 1 1 1 1 1 1 1 1 1 1 1 1 1 1 1 1 1 1 1 1 1 1 1 1 1 1 1 1 1 1 1 1 1 1 1 1 1 1 1 1 1 1 1 1 1 1 1 1 1 1 1 1 1 1 1 1 1 1 1 1 1 1 1 1 1 1 1 1 1 1 1 1 1 1 1 1 1 1 1 1 1 1 1 1 1 1 1 1 1 1 1 1 1 1 1 1 1 1 1 1 1 1 1 1 1 1 1 1 1 1 1 1 1 1 1 1 1 1 1 1 1 1 1 1 1 1 1 1 1 1 1 1 1 1 1 1 1 1 1 1 1 1 1 1 1 1 1 1 1 1 1 1 1 1 1 1 1 1 1 1 1 1 1 1 1 1 1 1 1 1 1 1 1 1 1 1 1 1 1 1 1 1 1 1 1 1 1 1 1 1 1 1 1 1 1 1 1 1 1 1 1 1 1 1 1 1 1 1 1 1 1 1 1 1 1 1 1 1 1 1 1 1 1 1 1 1 1 1 1 1 1 1 1 1 1 1 1 1 1 1 1 1 1 1 1 1 1 1 1 1 1 1 1 1 1 1 1 1 1 1 1 1 1 1 1 1 1 1 1 1 1 1 1 1 1 1 1 1 1 1 1 1 1 1 1 1 1 1 1 1 1 1 1 1 1 1 1 1 1 1 1 1 1 1 1 1 1 1 1 1 1 1 1 1 1 1 1 1 1 1 1 1 1 1 1 1 1 1 1 1 1 1 1 1 1 1 1 1 1 1 1 1 1 1 1 1 1 1 1 1 1 1 1 1 1 1 1 1 1 1 1 1 1 1 1 1 1 1 1 1 1 1 1 1 1 1 1 1 1 1 1 1 1 1 1 1 1 1 1 1 1 1 1 1 1 1 1 1 1 1 1 1 1 1 1 1 1 1 1 1 1 1 1 1 1 1 1 1 1 1 1 1 1 1 1 1 1 1 1 1 1 1 1 1 1 1 1 1 1 1 1 1 1 1 1 1 1 1 1 1 1 1 1 1 1 1 1 1 1 1 1 1 1 1 1 1 1 1 1 1 1 1 1 1 1 1 1 1 1 1 1 1 1 1 1 1 1 1 1 1 1 1 1 1 1 1 1 1 1 1 1 1 1 1 1 1 1 1 1 1 1 1 1 1 1 1 1 1 1 1 1 1 1 1 1 1 1 1 1 1 1 1 1 1 1 1 1 1 1 1 1 1 1 1 1 1 1 1 1 1 1 1 1 1 1 1 1 1 1 1 1 1 1 1 1 1 1 1 1 1 1 1 1 1 1 1 1 1 1 1 1 1 1 1 1 1 1 1 1 1 1 1 1 1 1 1 1 1 1 1 1 1 1 1 1 1 1 1 1 1 1 1 1 1 1 1 1 1 1 1 1 1 1 1 1 1 1 1 1 1 1 1 1 1 1 1 1 1 1 1 1 1 1 1 1 1 1 1 1 1 1 1 1 1 1 1 1 1 1 1 1 1 1 1 1 1 1 1 1 1 1 1 1 1 1 1 1 1 1 1 1 1 1 1 1 1 1 1 1 1 1 1 1 1 1 1 1 1 1 1 1 1 1 1 1 1 1 1 1 1 1 1 1 1 1 1 1 1 1 1 1 1 1 1 1 1 1 1 1 1 1 1 1 1 1 1 1 1 1 1 1 1 1 1 1 1 1 1 1 1 1 1 1 1 1 1 1 1 1 1 1 1 1 1 1 1 1 1 1 1 1 1 1 1 1 1 1 1 1 1 1 1 1 1 1 1 1 1 1 1 1 1 1 1 1 1 1 1 1 1 1 1 1 1 1 1 1 1 1 1 1 1 1 1 1 1 1 1 1 1 1 1 1 1 1 1 1 1 1 1 1 1 1 1 1 1 1 1 1 1 1 1 1 1 1 1 1 1 1 1 1 1 1 1 1 1 1 1 1 1 1 1 1 1 1 1 1 1 1 1 1 1 1 1 1 1 1 1 1 1 1 1 1 1 1 1 1 1 1 1 1 1 1 1 1 1 1 1 1 1 1 1 1 1 1 1 1 1 1 1 1 1 1 1 1 1 1 1 1 1 1 1 1 1 1 1 1 1 1 1 1 1 1 1 1 1 1 1 1 1 1 1 1 1 1 1 1 1 1 1 1 1 1 1 1 1 1 1 1 1 1 1 1 1 1 1 1 1 1 1 1 1 1 1 1 1 1 1 1 1 1 1 1 1 1 1 1 1 1 1 1 1 1 1 1 1 1 1 1 1 1 1 1 1 1 1 1 1 1 1 1 1 1 1 1 1 1 1 1 1 1 1 1 1 1 1 1 1 1 1 1 1 1 1 1 1 1 1 1 1 1 1 1 1 1 1 1 1 1 1 1 1 1 1 1 1 1 1 1 1 1 1 1 1 1 1 1 1 1 1 1 1 1 1 1 1 1 1 1 1 1 1 1 1 1 1 1 1 1 1 1 1 1 1 1 1 1 1 1 1 1 1 1 1 1 1 1 1 1 1 1 1 1 1 1 1 1 1 1 1 1 1 1 1 1 1 1 1 1 1 1 1 1 1 1 1 1 1 1 1 1 1 1 1 1 1 1 1 1 1 1 1 1 1 1 1 1 1 1 1 1 1 1 1 1 1 1 1 1 1 1 1 1 1 1 1 1 1 1 1 1 1 1 1 1 1 1 1 1 1 1 1 1 1 1 1 1 1 1 1 1 1 1 1 1 1 1 1 1 1 1 1 1 1 1 1 1 1 1 1 1 1 1 1 1 1 1 1 1 1 1 1 1 1 1 1 1 1 1 1 1 1 1 1 1 1 1 1 1 1 1 1 1 1 1 1 1 1 1 1 1 1 1 1 1 1 1 1 1 1 1 1 1 1 1 1 1 1 1 1 1 1 1 1 1 1 1 1 1 1 1 1 1 1 1 1 1 1 1 1 1 1 1 1 1 1 1 1 1 1 1 1 1 1 1 1 1 1 1 1 1 1 1 1 1 1 1 1 1 1 1 1 1 1 1 1 1 1 1 1 1 1 1 1 1 1 1 1 1 1 1 1 1 1 1 1 1 1 1 1 1 1 1 1 1 1 1 1 1 1 1 1 1 1 1 1 1 1 1 1 1 1 1 1 1 1 1 1 1 1 1 1 1 1 1 1 1 1 1 1 1 1 1 1 1 1 1 1 1 1 1 1 1 1 1 1 1 1 1 1 1 1 1 1 1 1 1 1 1 1 1 1 1 1 1 1 1 1 1 1 1 1 1 1 1 1 1 1 1 1 1 1 1 1 1 1 1 1 1 1 1 1 1 1 1 1 1 1 1 1 1 1 1 1 1 1 1 1 1 1 1 1 1 1 1 1 1 1 1 1 1 1 1 1 1 1 1 1 1 1 1 1 1 1 1 1 1 1 1 1 1 1 1 1 1 1 1 1 1 1 1 1 1 1 1 1 1 1 1 1 1 1 1 1 1 1 1 1 1 1 1 1 1 1 1 1 1 1 1 1 1 1 1 1 1 1 1 1 1 1 1 1 1 1 1 1 1 1 1 1 1 1 1 1 1 1 1 1 1 1 1 1 1 1 1 1 1 1 1 1 1 1 1 1 1 1 1 1 1 1 1 1 1 1 1 1 1 1 1 1 1 1 1 1 1 1 1 1 1 1 1 1 1 1 1 1 1 1 1 1 1 1 1 1 1 1 1 1 1 1 1 1 1 1 1 1 1 1 1 1 1 1 1 1 1 1 1 1 1 1 1 1 1 1 1 1 1 1 1 1 1 1 1 1 1 1 1 1 1 1 1 1 1 1 1 1 1 1 1 1 1 1 1 1 1 1 1 1 1 1 1 1 1 1 1 1 1 1 1 1 1 1 1 1 1 1 1 1 1 1 1 1 1 1 1 1 1 1 1 1 1 1 1 1 1 1 1 1 1 1 1 1 1 1 1 1 1 1 1 1 1 1 1 1 1 1 1 1 1 1 1 1 1 1 1 1 1 1 1 1 1 1 1 1 1 1 1 1 1 1 1 1 1 1 1 1 1 1 1 1 1 1 1 1 1 1 1 1 1 1 1 1 1 1 1 1 1 1 1 1 1 1 1 1 1 1 1 1 1 1 1 1 1 1 1 1 1 1 1 1 1 1 1 1 1 1 1 1 1 1 1 1 1 1 1 1 1 1 1 1 1 1 1 1 1 1 1 1 1 1 1 1 1 1 1 1 1 1 1 1 1 1 1 1 1 1 1 1 1 1 1 1 1 1 1 1 1 1 1 1 1 1 1 1 1 1 1 1 1 1 1 1 1 1 1 1 1 1 1 1 1 1 1 1 1 1 1 1 1 1 1 1 1 1 1 1 1 1 1 1 1 1 1 1 1 1 1 1 1 1 1 1 1 1 1 1 1 1 1 1 1 1 1 1 1 1 1 1 1 1 1 1 1 1 1 1 1 1 1 1 1 1 1 1 1 1 1 1 1 1 1 1 1 1 1 1 1 1 1 1 1 1 1 1 1 1 1 1 1 1 1 1 1 1 1 1 1 1 1 1 1 1 1 1 1 1 1 1 1 1 1 1 1 1 1 1 1 1 1 1 1 1 1 1 1 1 1 1 1 1 1 1 1 1 1 1 1 1 1 1 1 1 1 1 1 1 1 1 1 1 1 1 1 1 1 1 1 1 1 1 1 1 1 1 1 1 1 1 1 1 1 1 1 1 1 1 1 1 1 1 1 1 1 1 1 1 1 1 1 1 1 1 1 1 1 1 1 1 1 1 1 1 1 1 1 1 1 1 1 1 1 1 1 1 1 1 1 1 1 1 1 1 1 1 1 1 1 1 1 1 1 1 1 1 1 1 1 1 1 1 1 1 1 1 1 1 1 1 1 1 1 1 1 1 1 1 1 1 1 1 1 1 1 1 1 1 1 1 1 1 1 1 1 1 1 1 1 1 1 1 1 1 1 1 1 1 1 1 1 1 1 1 1 1 1 1 1 1 1 1 1 1 1 1 1 1 1 1 1 1 1 1 1 1 1 1 1 1 1 1 1 1 1 1 1 1 1 1 1 1 1 1 1 1 1 1 1 1 1 1 1 1 1 1 1 1 1 1 1 1 1 1 1 1 1 1 1 1 1 1 1 1 1 1 1 1 1 1 1 1 1 1 1 1 1 1 1 1 1 1 1 1 1 1 </float_array>
          <technique_common>
            <accessor source="#colors-array" count="1680" stride="3">
              <param name="R" type="float"/>
              <param name="G" type="float"/>
              <param name="B" type="float"/>
            </accessor>
          </technique_common>
        </source>
        <source id="normals">
          <float_array id="normals-array" count="5040">0.4355545 0.17578366 0.88283205 0 -0.037085462 0.9993121 0 -0.4021512 0.91557324 -0.4355545 0.17578366 0.88283205 -0.3731074 -0.41022593 0.8321692 -0.7456999 -0.117127195 0.6559062 0.7456999 -0.117127195 0.6559062 0.4355545 0.17578366 0.88283205 0.3731074 -0.41022593 0.8321692 0 -0.4021512 0.91557324 0.8043764 0.17376076 0.56814235 0.24202916 0.019517 0.9700727 0.7463073 0.12112787 0.65448713 0.43188468 0.30681396 0.84813964 0.7456999 -0.117127195 0.6559062 0.4355545 0.17578366 0.88283205 0.43188468 0.30681396 0.84813964 0.24202916 0.019517 0.9700727 0 0.44955614 0.8932521 0 0.03708224 0.9993122 -0.24202916 0.019517 0.9700727 -0.8043764 0.17376076 0.56814235 -0.7463073 0.12112787 0.65448713 -0.24202916 0.019517 0.9700727 -0.43188468 0.30681396 0.84813964 0 0.44955614 0.8932521 -0.4355545 0.17578366 0.88283205 -0.43188468 0.30681396 0.84813964 -0.7456999 -0.117127195 0.6559062 -0.7463073 0.12112787 0.65448713 0.9119522 -0.07030134 0.4042288 0.8043764 0.17376076 0.56814235 0.7463073 0.12112787 0.65448713 -0.9119522 -0.07030134 0.4042288 -0.7463073 0.12112787 0.65448713 -0.8043764 0.17376076 0.56814235 0.48431337 -0.70108485 -0.52337426 0.6152632 -0.7871498 0.04296968 0.8681724 -0.24050896 0.4340877 0.7053121 -0.6877308 -0.17193387 0.7889153 0.185514 -0.5858304 0.26148787 0.07805797 -0.96204525 0.8558008 -0.23446773 0.461118 0.7637783 0.47272345 0.43951702 0.9641229 0.24981414 0.08977741 0.8681724 -0.24050896 0.4340877 0.9018684 0.4294629 0.0468512 0.7889153 0.185514 -0.5858304 0.41798562 0.71487653 -0.5605707 0.26148787 0.07805797 -0.96204525 0 0.65031 -0.75966895 0 0.3203281 -0.9473067 -0.26148787 0.07805797 -0.96204525 0.7053121 -0.6877308 -0.17193387 0.6152632 -0.7871498 0.04296968 0.3085896 -0.85155404 -0.42382562 0 -0.81452364 -0.58013034 0.8558008 -0.23446773 0.461118 0.8182443 0.42181686 0.39057243 0.9063444 -0.08399415 0.41410726 0.8725319 -0.023424562 0.48799527 0.53556746 -0.08209599 0.84049255 0.8558008 -0.23446773 0.461118 0.9063444 -0.08399415 0.41410726 0.8711593 -0.13282382 0.47269365 0.53556746 -0.08209599 0.84049255 0.9641229 0.24981414 0.08977741 0.9444406 0.16391142 0.28489473 0.8221673 -0.0742111 0.5643879 0.8558008 -0.23446773 0.461118 0.8687239 0.037090946 0.49390587 0.8725319 -0.023424562 0.48799527 0.80980307 0.039025877 0.58540237 0.8182443 0.42181686 0.39057243 0.57637584 0.535347 0.61740947 0.9119522 -0.07030134 0.4042288 0.7637783 0.47272345 0.43951702 0.9162352 -0.041026276 0.39853466 0.8558008 -0.23446773 0.461118 -0.13682887 0.05473338 -0.98908144 0 -0.8421286 -0.53927684 -0.17387484 0.015630852 -0.9846437 -0.3299347 -0.8355771 -0.43926537 0.71104854 -0.0898593 0.6973774 0.29670072 -0.02928134 0.9545215 0.109430484 -0.050808832 0.99269503 0.25973436 0.59367985 0.7616313 0 0.24804483 0.96874857 0 0.60156006 0.7988276 -0.25973436 0.59367985 0.7616313 0 0.9554823 0.2950484 -0.57637584 0.535347 0.61740947 0 0.24804483 0.96874857 0.14269897 -0.26389802 0.9539365 0.109430484 -0.050808832 0.99269503 0.71104854 -0.0898593 0.6973774 -0.1915202 0.06840194 -0.97910225 -0.3299347 -0.8355771 -0.43926537 -0.42396656 -0.7639238 -0.48649028 0 -0.9711686 0.23839384 -0.8336939 -0.44711125 -0.32410794 0.29670072 -0.02928134 0.9545215 0.20689745 -0.26155224 0.9427533 0.28137073 -0.019541265 0.9594002 0.58380127 0.14643778 0.7985813 0.25973436 0.59367985 0.7616313 0.57637584 0.535347 0.61740947 0.66006655 -0.1035032 0.7440425 0.7153049 0.039086744 0.6977185 0.5902194 0.011724961 0.80715775 0.57637584 0.535347 0.61740947 0.58380127 0.14643778 0.7985813 0.8687239 0.037090946 0.49390587 0.80980307 0.039025877 0.58540237 0.7153049 0.039086744 0.6977185 0.57637584 0.535347 0.61740947 0.8182443 0.42181686 0.39057243 0.53544474 0.8363915 0.11725252 0.57637584 0.535347 0.61740947 0 0.9554823 0.2950484 0.53544474 0.8363915 0.11725252 0 0.98509705 -0.17199944 0 0.9554823 0.2950484 -0.53544474 0.8363915 0.11725252 -0.57637584 0.535347 0.61740947 -0.8182443 0.42181686 0.39057243 -0.3299347 -0.8355771 -0.43926537 0 -0.8421286 -0.53927684 0 -0.9711686 0.23839384 0.3299347 -0.8355771 -0.43926537 0.42396656 -0.7639238 -0.48649028 0.1915202 0.06840194 -0.97910225 0 0.60156006 0.7988276 0.25973436 0.59367985 0.7616313 0 0.9554823 0.2950484 0.57637584 0.535347 0.61740947 0.8558008 -0.23446773 0.461118 0.9444406 0.16391142 0.28489473 0.8182443 0.42181686 0.39057243 0.9641229 0.24981414 0.08977741 0.80534244 0.56100583 -0.19156195 0.9018684 0.4294629 0.0468512 0.41798562 0.71487653 -0.5605707 0 0.65031 -0.75966895 0.37486994 0.5115447 -0.7731717 0.41798562 0.71487653 -0.5605707 0.80534244 0.56100583 -0.19156195 0.8182443 0.42181686 0.39057243 0.80534244 0.56100583 -0.19156195 0.53544474 0.8363915 0.11725252 0.403995 0.84702754 -0.34544513 0 0.98509705 -0.17199944 0 0.6720903 -0.7404692 -0.403995 0.84702754 -0.34544513 -0.37486994 0.5115447 -0.7731717 -0.80534244 0.56100583 -0.19156195 -0.41798562 0.71487653 -0.5605707 -0.9018684 0.4294629 0.0468512 -0.7889153 0.185514 -0.5858304 -0.8681724 -0.24050896 0.4340877 -0.48431337 -0.70108485 -0.52337426 -0.8681724 -0.24050896 0.4340877 -0.6152632 -0.7871498 0.04296968 -0.7053121 -0.6877308 -0.17193387 -0.3085896 -0.85155404 -0.42382562 -0.26148787 0.07805797 -0.96204525 0 -0.71680397 -0.69727474 0 0.3203281 -0.9473067 0.26148787 0.07805797 -0.96204525 -0.8681724 -0.24050896 0.4340877 -0.7889153 0.185514 -0.5858304 -0.7053121 -0.6877308 -0.17193387 -0.26148787 0.07805797 -0.96204525 -0.8182443 0.42181686 0.39057243 -0.8558008 -0.23446773 0.461118 -0.9063444 -0.08399415 0.41410726 -0.8711593 -0.13282382 0.47269365 -0.53556746 -0.08209599 0.84049255 -0.9641229 0.24981414 0.08977741 -0.8221673 -0.0742111 0.5643879 -0.9444406 0.16391142 0.28489473 -0.8558008 -0.23446773 0.461118 -0.8182443 0.42181686 0.39057243 -0.8725319 -0.023424562 0.48799527 -0.8687239 0.037090946 0.49390587 -0.80980307 0.039025877 0.58540237 -0.7153049 0.039086744 0.6977185 -0.57637584 0.535347 0.61740947 -0.9119522 -0.07030134 0.4042288 -0.9162352 -0.041026276 0.39853466 -0.7637783 0.47272345 0.43951702 -0.8558008 -0.23446773 0.461118 -0.9641229 0.24981414 0.08977741 -0.8725319 -0.023424562 0.48799527 -0.80980307 0.039025877 0.58540237 -0.8182443 0.42181686 0.39057243 -0.57637584 0.535347 0.61740947 0.13682887 0.05473338 -0.98908144 0.17387484 0.015630852 -0.9846437 0 -0.8421286 -0.53927684 0.3299347 -0.8355771 -0.43926537 -0.29670072 -0.02928134 0.9545215 -0.71104854 -0.0898593 0.6973774 -0.109430484 -0.050808832 0.99269503 -0.14269897 -0.26389802 0.9539365 0 0.24804483 0.96874857 -0.20689745 -0.26155224 0.9427533 -0.29670072 -0.02928134 0.9545215 -0.28137073 -0.019541265 0.9594002 -0.25973436 0.59367985 0.7616313 -0.58380127 0.14643778 0.7985813 -0.57637584 0.535347 0.61740947 -0.5902194 0.011724961 0.80715775 -0.7153049 0.039086744 0.6977185 -0.66006655 -0.1035032 0.7440425 -0.8182443 0.42181686 0.39057243 -0.9063444 -0.08399415 0.41410726 -0.8725319 -0.023424562 0.48799527 -0.53556746 -0.08209599 0.84049255 0.5139075 -0.8539107 -0.08207061 0.8336939 -0.44711125 -0.32410794 0.42396656 -0.7639238 -0.48649028 0 -0.9711686 0.23839384 0 0.98509705 -0.17199944 -0.403995 0.84702754 -0.34544513 -0.53544474 0.8363915 0.11725252 -0.80534244 0.56100583 -0.19156195 -0.8182443 0.42181686 0.39057243 -0.9641229 0.24981414 0.08977741 -0.9444406 0.16391142 0.28489473 0 0.24804483 0.96874857 -0.25973436 0.59367985 0.7616313 -0.109430484 -0.050808832 0.99269503 -0.29670072 -0.02928134 0.9545215 -0.6152632 -0.7871498 0.04296968 -0.3085896 -0.85155404 -0.42382562 0 -0.81452364 -0.58013034 0 -0.71680397 -0.69727474 0.3085896 -0.85155404 -0.42382562 0.26148787 0.07805797 -0.96204525 0.7053121 -0.6877308 -0.17193387 -0.41798562 0.71487653 -0.5605707 -0.37486994 0.5115447 -0.7731717 0 0.65031 -0.75966895 0 0.6720903 -0.7404692 0.37486994 0.5115447 -0.7731717 0.403995 0.84702754 -0.34544513 0.80534244 0.56100583 -0.19156195 -0.7889153 0.185514 -0.5858304 -0.41798562 0.71487653 -0.5605707 -0.26148787 0.07805797 -0.96204525 0 0.65031 -0.75966895 -0.48431337 -0.70108485 -0.52337426 -0.7637783 0.47272345 0.43951702 -0.8681724 -0.24050896 0.4340877 -0.9641229 0.24981414 0.08977741 -0.9018684 0.4294629 0.0468512 -0.80534244 0.56100583 -0.19156195 0.18172482 0.19735634 0.96334136 0.19915375 0.13667317 0.97039074 0.30261144 0.13861464 0.9429805 0.31827196 0.12886989 0.9391994 0.38881212 0.16412094 0.90658116 0.18172482 0.19735634 0.96334136 0.29090244 0.06247442 0.9547108 0.19915375 0.13667317 0.97039074 0.27321762 0.05854534 0.960169 -0.7867945 -0.12104485 -0.6052293 -0.7867945 -0.12104485 -0.6052293 -0.7867945 -0.12104485 -0.6052293 -0.42396656 -0.7639238 -0.48649028 -0.5139075 -0.8539107 -0.08207061 -0.6502278 -0.015619931 -0.7595787 0.29670072 -0.02928134 0.9545215 0.28137073 -0.019541265 0.9594002 0.25973436 0.59367985 0.7616313 0.5902194 0.011724961 0.80715775 0.58380127 0.14643778 0.7985813 0.66006655 -0.1035032 0.7440425 -0.5139075 -0.8539107 -0.08207061 -0.8336939 -0.44711125 -0.32410794 -0.8651361 -0.15037341 -0.47846356 -0.5139075 -0.8539107 -0.08207061 -0.42396656 -0.7639238 -0.48649028 -0.8336939 -0.44711125 -0.32410794 0.7637783 0.47272345 0.43951702 0.48431337 -0.70108485 -0.52337426 0.8681724 -0.24050896 0.4340877 0.7867945 -0.12104485 -0.6052293 0.7867945 -0.12104485 -0.6052293 0.7867945 -0.12104485 -0.6052293 0.42396656 -0.7639238 -0.48649028 0.6502278 -0.015619931 -0.7595787 0.5139075 -0.8539107 -0.08207061 -0.58380127 0.14643778 0.7985813 -0.20689745 -0.26155224 0.9427533 -0.28137073 -0.019541265 0.9594002 -0.5902194 0.011724961 0.80715775 -0.66006655 -0.1035032 0.7440425 -0.58380127 0.14643778 0.7985813 0.5139075 -0.8539107 -0.08207061 0.8651361 -0.15037341 -0.47846356 0.8336939 -0.44711125 -0.32410794 0.29090244 0.06247442 0.9547108 0.3948342 -0.0117292795 0.9186775 0.27321762 0.05854534 0.960169 -0.51218665 -0.17464031 -0.8409314 -0.54266655 -0.10273183 -0.8336421 -0.98548865 -0.060376685 0.15864037 -0.9829709 -0.004889408 0.18369621 -0.98548865 -0.060376685 0.15864037 -0.9829709 -0.004889408 0.18369621 -0.0039045557 -0.0327473 0.99945605 -0.0019524227 -0.06930924 0.9975933 0.98629284 -0.0562921 0.15510514 0.9833278 -0.006750531 0.1817164 0.95887095 0.27731103 0.06053973 0.9720372 0.20885137 0.10735351 0.54673624 0.095678866 -0.8318203 0.6761463 -0.007816721 -0.7367259 0.025397116 -0.35165238 -0.93578607 0.6266058 -0.025377914 -0.77892303 -0.41583544 -0.09957301 -0.9039724 0.58579886 0.1283521 -0.80022836 -0.47896147 0.058571104 -0.87587976 -0.52745134 0.1185548 -0.8412727 -0.98589224 -0.05642036 0.15758584 0.50225776 0.07035519 0.8618511 0 -0.6170451 0.78692776 0.27554786 -0.19153039 0.9420135 0 -0.98707205 0.16027705 0.6266058 -0.025377914 -0.77892303 0.98537546 0.13074261 0.10927756 0.58579886 0.1283521 -0.80022836 0.9876453 0.092102945 0.12678218 0.98073155 0.09149141 0.17261226 -0.037136197 -0.028765582 0.9988961 0.6266058 -0.025377914 -0.77892303 0.6761463 -0.007816721 -0.7367259 0.98537546 0.13074261 0.10927756 0.9720372 0.20885137 0.10735351 -0.029279202 -0.044432905 0.9985832 0.025397116 -0.35165238 -0.93578607 -0.41583544 -0.09957301 -0.9039724 0 -0.98707205 0.16027705 -0.47896147 0.058571104 -0.87587976 -0.98850447 -0.07256752 0.13263823 -0.98589224 -0.05642036 0.15758584 -0.52745134 0.1185548 -0.8412727 0.58579886 0.1283521 -0.80022836 0.59762454 0.18985866 -0.7789728 0.98073155 0.09149141 0.17261226 -0.98850447 -0.07256752 0.13263823 -0.98589224 -0.05642036 0.15758584 -0.037136197 -0.028765582 0.9988961 -0.015642392 -0.035204824 0.9992577 0.98073155 0.09149141 0.17261226 0.15225661 0.9249972 0.34813508 0.6149927 0.7612694 0.20555525 0.685963 0.3756842 -0.6231502 0.7872745 0.13523458 -0.60159 0 -0.18297854 -0.9831169 0 -0.48980835 -0.8718301 -0.7872745 0.13523458 -0.60159 0 -0.6766865 -0.7362712 0.6149927 0.7612694 0.20555525 0.15225661 0.9249972 0.34813508 0.43777218 0.44697276 0.7801095 0.5918137 0.44483304 0.6722203 0 0.26290646 0.96482134 0.4023406 0.8128026 -0.4212766 0.08989089 0.9534147 0.28795847 0.7131912 0.65830463 0.24081796 -0.4234494 0.84275305 0.33235198 0.7394294 -0.6730854 -0.014149997 0 0.97200245 0.23497084 -0.7868497 0.46439293 0.40645632 0.08989089 0.9534147 0.28795847 0 0.92739874 -0.37407434 0.4023406 0.8128026 -0.4212766 0 0.63167536 -0.77523303 0 0.7492952 -0.66223615 -0.4023406 0.8128026 -0.4212766 -0.7868497 0.46439293 0.40645632 0 0.92739874 -0.37407434 0 0.66539156 0.74649453 0.7868497 0.46439293 0.40645632 0.50563055 -0.14055978 -0.85122305 0.9964336 0.0078164525 -0.084017314 0.5116201 -0.6444345 -0.56828606 0.74434775 -0.66428113 -0.06838892 -0.99086297 -0.0019530533 -0.1348582 -0.48186067 -0.14436157 -0.86427426 -0.48051554 -0.65243506 -0.58603185 0.5116201 -0.6444345 -0.56828606 0.031233072 -0.062479842 0.9975574 -0.8506069 0.099726096 0.51625824 -0.6522136 -0.64248747 0.40227762 -0.99086297 -0.0019530533 -0.1348582 -0.7406876 -0.662548 -0.11140902 -0.48051554 -0.65243506 -0.58603185 0.9124966 0.38690165 0.13287984 0.6055251 0.47468486 -0.6387595 0.49466687 0.54553765 -0.67653036 -0.57850677 0.47299993 -0.66453063 -0.5115772 0.523327 -0.68148196 -0.9019411 0.41975525 0.10152686 0.6055251 0.47468486 -0.6387595 0.9124966 0.38690165 0.13287984 0.85391086 0.5197986 0.02540915 0.027368391 0.97749114 0.20919381 0.6697762 0.73230195 -0.12301884 0.019521153 0.9995352 -0.023416126 -0.57850677 0.47299993 -0.66453063 -0.8256371 0.5641172 -0.0097539 -0.9019411 0.41975525 0.10152686 0.027368391 0.97749114 0.20919381 -0.48051554 -0.65243506 -0.58603185 0.5116201 -0.6444345 -0.56828606 -0.7406876 -0.662548 -0.11140902 0.74434775 -0.66428113 -0.06838892 -0.6522136 -0.64248747 0.40227762 0.64690673 -0.65476245 0.39089364 0.031233072 -0.062479842 0.9975574 0.53516805 -0.29102886 -0.7930305 0.5467554 0.4369938 -0.7142093 0.9516938 -0.2384264 0.19347303 0.85876834 0.4601743 0.22529216 0.53516805 -0.29102886 -0.7930305 -0.56648135 -0.26175886 -0.7813969 0.5467554 0.4369938 -0.7142093 -0.5780673 0.41307357 -0.7037105 -0.072307676 0.98567724 -0.15235458 -0.24799365 0.9669005 0.06002077 -0.97297096 -0.16998732 0.1563069 -0.8666544 0.4445234 0.22651511 -0.56648135 -0.26175886 -0.7813969 -0.5780673 0.41307357 -0.7037105 -0.97297096 -0.16998732 0.1563069 0.001951197 -0.24392247 0.9697928 -0.8666544 0.4445234 0.22651511 -0.00977627 0.4285217 0.9034786 0.007807146 0.97661203 0.21486738 0.26001522 0.96554744 -0.0104977535 0.9516938 -0.2384264 0.19347303 0.85876834 0.4601743 0.22529216 0.001951197 -0.24392247 0.9697928 -0.00977627 0.4285217 0.9034786 0.10147292 0.9854373 -0.13644296 0.26001522 0.96554744 -0.0104977535 0.85876834 0.4601743 0.22529216 -0.00977627 0.4285217 0.9034786 -0.072307676 0.98567724 -0.15235458 0.10147292 0.9854373 -0.13644296 0.5467554 0.4369938 -0.7142093 0.85876834 0.4601743 0.22529216 -0.5780673 0.41307357 -0.7037105 -0.8666544 0.4445234 0.22651511 -0.24799365 0.9669005 0.06002077 0.007807146 0.97661203 0.21486738 0.74434775 -0.66428113 -0.06838892 0.9964336 0.0078164525 -0.084017314 0.64690673 -0.65476245 0.39089364 0.87140536 0.087921575 0.48262045 0.031233072 -0.062479842 0.9975574 0.029289655 0.41787797 0.9080309 -0.8506069 0.099726096 0.51625824 -0.8256371 0.5641172 -0.0097539 -0.6351374 0.7622057 -0.12507172 0.027368391 0.97749114 0.20919381 0.019521153 0.9995352 -0.023416126 -0.5406645 -0.7330061 0.4127759 -0.72864443 0.6734793 0.12451067 -0.22969496 -0.15049084 0.96155745 -0.9069048 0.39371753 -0.15003386 -0.67758584 -0.4591138 -0.5745363 -0.7277323 0.32435718 -0.60431623 0.23972449 -0.9206663 -0.30806774 0.2974932 -0.92317533 -0.24340315 0.42781594 -0.84523815 0.3202281 -0.2838719 -0.95126754 0.12044425 0.09621737 -0.9931081 -0.06692192 -0.2838719 -0.95126754 0.12044425 0.2974932 -0.92317533 -0.24340315 0.692309 -0.6226935 -0.3646383 0.98676085 0.03317647 -0.15875237 0.83337414 0.50491244 0.22483549 0.3709232 0.7656855 0.52549183 -0.5406645 -0.7330061 0.4127759 -0.22969496 -0.15049084 0.96155745 0.07970656 -0.9808959 0.17745464 0.44702896 -0.5837795 0.67776585 0.09621737 -0.9931081 -0.06692192 0.42781594 -0.84523815 0.3202281 -0.67758584 -0.4591138 -0.5745363 -0.9069048 0.39371753 -0.15003386 -0.7277323 0.32435718 -0.60431623 -0.72864443 0.6734793 0.12451067 -0.22205749 0.93898576 0.2626713 0.9876453 0.092102945 0.12678218 0.98537546 0.13074261 0.10927756 -0.037136197 -0.028765582 0.9988961 -0.029279202 -0.044432905 0.9985832 -0.98850447 -0.07256752 0.13263823 -0.037136197 -0.028765582 0.9988961 0 -0.98707205 0.16027705 -0.029279202 -0.044432905 0.9985832 0.27554786 -0.19153039 0.9420135 0.9720372 0.20885137 0.10735351 0.50225776 0.07035519 0.8618511 0.95887095 0.27731103 0.06053973 0.54673624 0.095678866 -0.8318203 0.025397116 -0.35165238 -0.93578607 0 0.009765159 -0.9999523 0 -0.564124 -0.8256901 -0.025397116 -0.35165238 -0.93578607 0 -0.98707205 0.16027705 0.43777218 0.44697276 0.7801095 0 0.26290646 0.96482134 0 0.23170014 0.97278726 -0.43777218 0.44697276 0.7801095 0.7872745 0.13523458 -0.60159 0.6149927 0.7612694 0.20555525 0.9138359 0.36110267 0.18576546 0.43777218 0.44697276 0.7801095 -0.7277323 0.32435718 -0.60431623 -0.22205749 0.93898576 0.2626713 -0.0024601216 0.9940004 -0.10934889 0.058272276 0.8644782 0.49928135 0.3709232 0.7656855 0.52549183 0.9829709 -0.004889408 0.18369621 0.54266655 -0.10273183 -0.8336421 0.98548865 -0.060376685 0.15864037 0.51218665 -0.17464031 -0.8409314 0.98548865 -0.060376685 0.15864037 0.0039045557 -0.0327473 0.99945605 0.9829709 -0.004889408 0.18369621 0.0019524227 -0.06930924 0.9975933 -0.50225776 0.07035519 0.8618511 -0.95887095 0.27731103 0.06053973 -0.9720372 0.20885137 0.10735351 -0.54673624 0.095678866 -0.8318203 -0.6761463 -0.007816721 -0.7367259 -0.6266058 -0.025377914 -0.77892303 0.41583544 -0.09957301 -0.9039724 -0.58579886 0.1283521 -0.80022836 0.47896147 0.058571104 -0.87587976 0.52745134 0.1185548 -0.8412727 0.98589224 -0.05642036 0.15758584 -0.6266058 -0.025377914 -0.77892303 -0.025397116 -0.35165238 -0.93578607 0.41583544 -0.09957301 -0.9039724 0 -0.98707205 0.16027705 0.47896147 0.058571104 -0.87587976 0.98850447 -0.07256752 0.13263823 0.98589224 -0.05642036 0.15758584 -0.27554786 -0.19153039 0.9420135 0.029279202 -0.044432905 0.9985832 0 -0.98707205 0.16027705 0.037136197 -0.028765582 0.9988961 0.98850447 -0.07256752 0.13263823 -0.98073155 0.09149141 0.17261226 -0.58579886 0.1283521 -0.80022836 -0.59762454 0.18985866 -0.7789728 0.52745134 0.1185548 -0.8412727 0.98850447 -0.07256752 0.13263823 0.037136197 -0.028765582 0.9988961 0.98589224 -0.05642036 0.15758584 0.015642392 -0.035204824 0.9992577 -0.43777218 0.44697276 0.7801095 -0.6149927 0.7612694 0.20555525 -0.9138359 0.36110267 0.18576546 -0.7872745 0.13523458 -0.60159 -0.7131912 0.65830463 0.24081796 -0.08989089 0.9534147 0.28795847 -0.4023406 0.8128026 -0.4212766 0 0.92739874 -0.37407434 0 0.63167536 -0.77523303 -0.7394294 -0.6730854 -0.014149997 0.7868497 0.46439293 0.40645632 0 0.97200245 0.23497084 -0.08989089 0.9534147 0.28795847 0.4234494 0.84275305 0.33235198 -0.7131912 0.65830463 0.24081796 -0.5116201 -0.6444345 -0.56828606 -0.74434775 -0.66428113 -0.06838892 -0.9964336 0.0078164525 -0.084017314 -0.64690673 -0.65476245 0.39089364 -0.87140536 0.087921575 0.48262045 -0.031233072 -0.062479842 0.9975574 -0.029289655 0.41787797 0.9080309 0.8506069 0.099726096 0.51625824 -0.9964336 0.0078164525 -0.084017314 -0.50563055 -0.14055978 -0.85122305 -0.5116201 -0.6444345 -0.56828606 0.48186067 -0.14436157 -0.86427426 0.48051554 -0.65243506 -0.58603185 0.99086297 -0.0019530533 -0.1348582 0.7406876 -0.662548 -0.11140902 0.6522136 -0.64248747 0.40227762 -0.031233072 -0.062479842 0.9975574 0.6522136 -0.64248747 0.40227762 0.8506069 0.099726096 0.51625824 0.99086297 -0.0019530533 -0.1348582 -0.85391086 0.5197986 0.02540915 -0.9124966 0.38690165 0.13287984 -0.6055251 0.47468486 -0.6387595 -0.49466687 0.54553765 -0.67653036 0.57850677 0.47299993 -0.66453063 0.5115772 0.523327 -0.68148196 0.9019411 0.41975525 0.10152686 0.57850677 0.47299993 -0.66453063 0.9019411 0.41975525 0.10152686 0.8256371 0.5641172 -0.0097539 -0.027368391 0.97749114 0.20919381 0.6351374 0.7622057 -0.12507172 -0.019521153 0.9995352 -0.023416126 -0.9124966 0.38690165 0.13287984 -0.85391086 0.5197986 0.02540915 -0.027368391 0.97749114 0.20919381 -0.6697762 0.73230195 -0.12301884 -0.019521153 0.9995352 -0.023416126 0.48051554 -0.65243506 -0.58603185 0.7406876 -0.662548 -0.11140902 -0.5116201 -0.6444345 -0.56828606 -0.74434775 -0.66428113 -0.06838892 -0.53516805 -0.29102886 -0.7930305 -0.9516938 -0.2384264 0.19347303 -0.5467554 0.4369938 -0.7142093 -0.85876834 0.4601743 0.22529216 -0.10147292 0.9854373 -0.13644296 -0.26001522 0.96554744 -0.0104977535 -0.53516805 -0.29102886 -0.7930305 -0.5467554 0.4369938 -0.7142093 0.56648135 -0.26175886 -0.7813969 0.5780673 0.41307357 -0.7037105 0.97297096 -0.16998732 0.1563069 0.56648135 -0.26175886 -0.7813969 0.8666544 0.4445234 0.22651511 0.5780673 0.41307357 -0.7037105 0.24799365 0.9669005 0.06002077 0.072307676 0.98567724 -0.15235458 0.97297096 -0.16998732 0.1563069 0.8666544 0.4445234 0.22651511 -0.001951197 -0.24392247 0.9697928 0.00977627 0.4285217 0.9034786 -0.9516938 -0.2384264 0.19347303 -0.001951197 -0.24392247 0.9697928 -0.85876834 0.4601743 0.22529216 0.00977627 0.4285217 0.9034786 -0.26001522 0.96554744 -0.0104977535 -0.007807146 0.97661203 0.21486738 0.5780673 0.41307357 -0.7037105 -0.5467554 0.4369938 -0.7142093 0.072307676 0.98567724 -0.15235458 -0.10147292 0.9854373 -0.13644296 0.00977627 0.4285217 0.9034786 0.8666544 0.4445234 0.22651511 -0.007807146 0.97661203 0.21486738 0.24799365 0.9669005 0.06002077 0.7406876 -0.662548 -0.11140902 0.6522136 -0.64248747 0.40227762 -0.74434775 -0.66428113 -0.06838892 -0.64690673 -0.65476245 0.39089364 0.5406645 -0.7330061 0.4127759 0.22969496 -0.15049084 0.96155745 0.72864443 0.6734793 0.12451067 0.9069048 0.39371753 -0.15003386 0.7277323 0.32435718 -0.60431623 0.67758584 -0.4591138 -0.5745363 -0.692309 -0.6226935 -0.3646383 -0.83337414 0.50491244 0.22483549 -0.98676085 0.03317647 -0.15875237 -0.3709232 0.7656855 0.52549183 0.0024601216 0.9940004 -0.10934889 -0.058272276 0.8644782 0.49928135 0.22205749 0.93898576 0.2626713 0.67758584 -0.4591138 -0.5745363 -0.23972449 -0.9206663 -0.30806774 0.7277323 0.32435718 -0.60431623 -0.2974932 -0.92317533 -0.24340315 0.2838719 -0.95126754 0.12044425 -0.692309 -0.6226935 -0.3646383 -0.2974932 -0.92317533 -0.24340315 -0.98676085 0.03317647 -0.15875237 -0.07970656 -0.9808959 0.17745464 -0.09621737 -0.9931081 -0.06692192 -0.44702896 -0.5837795 0.67776585 -0.42781594 -0.84523815 0.3202281 -0.23972449 -0.9206663 -0.30806774 -0.2974932 -0.92317533 -0.24340315 0.5406645 -0.7330061 0.4127759 -0.07970656 -0.9808959 0.17745464 0.22969496 -0.15049084 0.96155745 -0.44702896 -0.5837795 0.67776585 -0.09621737 -0.9931081 -0.06692192 0.2838719 -0.95126754 0.12044425 -0.42781594 -0.84523815 0.3202281 -0.2974932 -0.92317533 -0.24340315 0.011310638 0.9960612 0.08794373 0.023050066 0.9961904 0.08410288 -0.99437743 0.015620648 0.104735486 -0.99485064 -0.009767997 0.100880064 0.9898651 -0.013675822 0.14135054 0.98783827 -0.027350914 0.15306047 0.011310638 0.9960612 0.08794373 0.023050066 0.9961904 0.08410288 -0.99437743 0.015620648 0.104735486 -0.99485064 -0.009767997 0.100880064 -0.024190351 -0.9871079 0.15821776 -0.010533038 -0.9860817 0.16592723 -0.010533038 -0.9860817 0.16592723 0.98783827 -0.027350914 0.15306047 -0.024190351 -0.9871079 0.15821776 0.9898651 -0.013675822 0.14135054 -0.9876453 0.092102945 0.12678218 0.037136197 -0.028765582 0.9988961 -0.98537546 0.13074261 0.10927756 0.029279202 -0.044432905 0.9985832 -0.9720372 0.20885137 0.10735351 -0.27554786 -0.19153039 0.9420135 -0.50225776 0.07035519 0.8618511 0 -0.6170451 0.78692776 0 -0.08983141 0.99595696 0.50225776 0.07035519 0.8618511 0.015642392 -0.035204824 0.9992577 0.037136197 -0.028765582 0.9988961 -0.98073155 0.09149141 0.17261226 -0.9876453 0.092102945 0.12678218 -0.58579886 0.1283521 -0.80022836 -0.98537546 0.13074261 0.10927756 -0.6266058 -0.025377914 -0.77892303 -0.6761463 -0.007816721 -0.7367259 -0.025397116 -0.35165238 -0.93578607 -0.54673624 0.095678866 -0.8318203 0 0.009765159 -0.9999523 0.0039045557 -0.0327473 0.99945605 -0.98629284 -0.0562921 0.15510514 0.0019524227 -0.06930924 0.9975933 -0.9833278 -0.006750531 0.1817164 0 0.26290646 0.96482134 -0.5918137 0.44483304 0.6722203 -0.43777218 0.44697276 0.7801095 -0.15225661 0.9249972 0.34813508 -0.6149927 0.7612694 0.20555525 -0.685963 0.3756842 -0.6231502 -0.7872745 0.13523458 -0.60159 0 -0.18297854 -0.9831169 0.0024601216 0.9940004 -0.10934889 0.22205749 0.93898576 0.2626713 0.7277323 0.32435718 -0.60431623 0.72864443 0.6734793 0.12451067 -0.9829709 -0.004889408 0.18369621 -0.54266655 -0.10273183 -0.8336421 -0.5233882 0.07002617 -0.84921205 0.070330314 -0.98386425 -0.16451392 0.03321463 -0.95550305 -0.29310527 0.30872968 -0.9372005 -0.16229974 -0.08795709 -0.99612397 -0.0007645627 -0.17587337 -0.9731659 -0.1483799 0.070330314 -0.98386425 -0.16451392 0.070330314 -0.98386425 -0.16451392 0.11901634 -0.99285084 0.009075708 -0.08795709 -0.99612397 -0.0007645627 0.070330314 -0.98386425 -0.16451392 0.30872968 -0.9372005 -0.16229974 0.11901634 -0.99285084 0.009075708 0.025397116 -0.35165238 -0.93578607 0 -0.98707205 0.16027705 0 -0.564124 -0.8256901 -0.4234494 0.84275305 0.33235198 0.08989089 0.9534147 0.28795847 0 0.97200245 0.23497084 0.42781594 -0.84523815 0.3202281 0.44702896 -0.5837795 0.67776585 0.23972449 -0.9206663 -0.30806774 0.070330314 -0.98386425 -0.16451392 -0.17587337 -0.9731659 -0.1483799 0.03321463 -0.95550305 -0.29310527 0.5116201 -0.6444345 -0.56828606 -0.48186067 -0.14436157 -0.86427426 0.50563055 -0.14055978 -0.85122305 0.7872745 0.13523458 -0.60159 0 -0.6766865 -0.7362712 0 -0.48980835 -0.8718301 0.9829709 -0.004889408 0.18369621 0.5233882 0.07002617 -0.84921205 0.54266655 -0.10273183 -0.8336421 -0.070330314 -0.98386425 -0.16451392 -0.30872968 -0.9372005 -0.16229974 -0.03321463 -0.95550305 -0.29310527 -0.27554786 -0.19153039 0.9420135 0 -0.98707205 0.16027705 0 -0.6170451 0.78692776 -0.98537546 0.13074261 0.10927756 -0.9720372 0.20885137 0.10735351 -0.6761463 -0.007816721 -0.7367259 0.08795709 -0.99612397 -0.0007645627 -0.070330314 -0.98386425 -0.16451392 0.17587337 -0.9731659 -0.1483799 -0.070330314 -0.98386425 -0.16451392 0.08795709 -0.99612397 -0.0007645627 -0.11901634 -0.99285084 0.009075708 -0.070330314 -0.98386425 -0.16451392 -0.11901634 -0.99285084 0.009075708 -0.30872968 -0.9372005 -0.16229974 -0.08989089 0.9534147 0.28795847 0.7868497 0.46439293 0.40645632 0 0.92739874 -0.37407434 -0.031233072 -0.062479842 0.9975574 -0.64690673 -0.65476245 0.39089364 0.6522136 -0.64248747 0.40227762 -0.070330314 -0.98386425 -0.16451392 -0.03321463 -0.95550305 -0.29310527 0.17587337 -0.9731659 -0.1483799 0.98676085 0.03317647 -0.15875237 -0.0024601216 0.9940004 -0.10934889 0.3709232 0.7656855 0.52549183 0.9973661 -0.029325495 0.06633951 0.5295655 -0.01758705 -0.8480867 0.5573106 -0.15584083 -0.815548 0 0.0026893632 -0.99999636 0 0.010516652 -0.9999447 -0.5573106 -0.15584083 -0.815548 -0.06834046 0.473169 -0.87831694 0.9317201 0.3340145 -0.14259036 0.9951603 0.09756513 0.0117079755 0.94998515 0.10750954 -0.29320636 0.97965986 -0.13075173 -0.15221892 0.46261913 0.6656288 -0.5855953 0.3849155 0.6877697 0.61547774 -0.2167154 0.8531993 -0.47443166 -0.21108162 0.8326025 0.5120719 -0.21108162 0.8326025 0.5120719 0.3849155 0.6877697 0.61547774 -0.043006152 0.01759189 0.9989199 0.08007809 0.03710791 0.9960976 0.08007809 0.03710791 0.9960976 0.2734797 -0.7716077 0.57430863 -0.043006152 0.01759189 0.9989199 -0.0195359 -0.87130564 0.49035177 -0.003906673 -0.86142427 -0.50787103 0.23834212 -0.72284293 -0.6486071 -0.05271937 0.041005738 -0.9977671 -0.06254245 0.08013447 -0.99482006 -0.06254245 0.08013447 -0.99482006 0.46261913 0.6656288 -0.5855953 -0.05271937 0.041005738 -0.9977671 -0.2167154 0.8531993 -0.47443166 -0.0195359 -0.87130564 0.49035177 0.2734797 -0.7716077 0.57430863 -0.003906673 -0.86142427 -0.50787103 0.23834212 -0.72284293 -0.6486071 0.93675476 0.32981697 0.11709537 0.9415764 0.0976738 0.3223254 0.9951603 0.09756513 0.0117079755 0.98215014 -0.14058691 0.124965735 0.08007809 0.03710791 0.9960976 0.3849155 0.6877697 0.61547774 0.4507198 0.6278117 0.6345898 0.62877065 0.77715755 0.025954371 0.8370305 -0.3105582 0.4504815 0.08007809 0.03710791 0.9960976 0.34556344 0.048807092 0.93712527 0.4507198 0.6278117 0.6345898 0.5573106 -0.15584083 -0.815548 0.23834212 -0.72284293 -0.6486071 0.8370305 -0.3105582 0.4504815 0.2734797 -0.7716077 0.57430863 0.08007809 0.03710791 0.9960976 0.62877065 0.77715755 0.025954371 0.2225607 0.97218597 0.072946705 0.4507198 0.6278117 0.6345898 0.3224735 0.3237766 0.88948274 0.34556344 0.048807092 0.93712527 0.5468071 0.04820988 0.8358695 0.8370305 -0.3105582 0.4504815 0.9973661 -0.029325495 0.06633951 0.62877065 0.77715755 0.025954371 0.36353087 0.5829637 -0.72663516 0.2225607 0.97218597 0.072946705 0.06834046 0.473169 -0.87831694 0.47815996 0.0058550215 0.8782532 -0.27526352 -0.9604943 -0.040996708 -0.273279 -0.96034056 -0.055359207 -0.2892915 -0.94019765 0.17982991 0.3849155 0.6877697 0.61547774 0.46261913 0.6656288 -0.5855953 0.62877065 0.77715755 0.025954371 0.36353087 0.5829637 -0.72663516 0.9973661 -0.029325495 0.06633951 0.5468071 0.04820988 0.8358695 0.47815996 0.0058550215 0.8782532 0 0.14589496 0.9893001 0 0.09563802 0.99541616 -0.47815996 0.0058550215 0.8782532 0.3224735 0.3237766 0.88948274 0 0.18297854 0.9831169 0.5468071 0.04820988 0.8358695 0 0.14589496 0.9893001 0.5295655 -0.01758705 -0.8480867 0 -0.011717945 -0.99993134 0 0.0026893632 -0.99999636 -0.5295655 -0.01758705 -0.8480867 -0.5573106 -0.15584083 -0.815548 -0.9973661 -0.029325495 0.06633951 -0.9317201 0.3340145 -0.14259036 -0.94998515 0.10750954 -0.29320636 -0.9951603 0.09756513 0.0117079755 -0.97965986 -0.13075173 -0.15221892 0.21108162 0.8326025 0.5120719 -0.3849155 0.6877697 0.61547774 0.2167154 0.8531993 -0.47443166 -0.46261913 0.6656288 -0.5855953 -0.08007809 0.03710791 0.9960976 -0.3849155 0.6877697 0.61547774 0.043006152 0.01759189 0.9989199 0.21108162 0.8326025 0.5120719 0.0195359 -0.87130564 0.49035177 -0.2734797 -0.7716077 0.57430863 0.043006152 0.01759189 0.9989199 -0.08007809 0.03710791 0.9960976 0.06254245 0.08013447 -0.99482006 -0.23834212 -0.72284293 -0.6486071 0.05271937 0.041005738 -0.9977671 0.003906673 -0.86142427 -0.50787103 0.2167154 0.8531993 -0.47443166 -0.46261913 0.6656288 -0.5855953 0.05271937 0.041005738 -0.9977671 0.06254245 0.08013447 -0.99482006 -0.23834212 -0.72284293 -0.6486071 -0.2734797 -0.7716077 0.57430863 0.003906673 -0.86142427 -0.50787103 0.0195359 -0.87130564 0.49035177 -0.93675476 0.32981697 0.11709537 -0.9951603 0.09756513 0.0117079755 -0.9415764 0.0976738 0.3223254 -0.98215014 -0.14058691 0.124965735 -0.08007809 0.03710791 0.9960976 -0.4507198 0.6278117 0.6345898 -0.3849155 0.6877697 0.61547774 -0.62877065 0.77715755 0.025954371 -0.46261913 0.6656288 -0.5855953 -0.36353087 0.5829637 -0.72663516 0.06254245 0.08013447 -0.99482006 -0.2734797 -0.7716077 0.57430863 -0.8370305 -0.3105582 0.4504815 -0.08007809 0.03710791 0.9960976 -0.34556344 0.048807092 0.93712527 -0.4507198 0.6278117 0.6345898 -0.5573106 -0.15584083 -0.815548 -0.8370305 -0.3105582 0.4504815 -0.23834212 -0.72284293 -0.6486071 -0.2734797 -0.7716077 0.57430863 -0.34556344 0.048807092 0.93712527 -0.8370305 -0.3105582 0.4504815 -0.5468071 0.04820988 0.8358695 -0.9973661 -0.029325495 0.06633951 -0.47815996 0.0058550215 0.8782532 -0.62877065 0.77715755 0.025954371 -0.4507198 0.6278117 0.6345898 -0.2225607 0.97218597 0.072946705 -0.3224735 0.3237766 0.88948274 -0.62877065 0.77715755 0.025954371 -0.2225607 0.97218597 0.072946705 -0.36353087 0.5829637 -0.72663516 -0.06834046 0.473169 -0.87831694 0.06254245 0.08013447 -0.99482006 -0.47815996 0.0058550215 0.8782532 0.273279 -0.96034056 -0.055359207 0.27526352 -0.9604943 -0.040996708 0.2892915 -0.94019765 0.17982991 -0.4507198 0.6278117 0.6345898 -0.34556344 0.048807092 0.93712527 -0.3224735 0.3237766 0.88948274 -0.5468071 0.04820988 0.8358695 0 0.18297854 0.9831169 0 0.14589496 0.9893001 0.9317201 0.3340145 -0.14259036 0.93675476 0.32981697 0.11709537 0.9951603 0.09756513 0.0117079755 0.5573106 -0.15584083 -0.815548 0.06834046 0.473169 -0.87831694 -0.06254245 0.08013447 -0.99482006 0.9951603 0.09756513 0.0117079755 0.98215014 -0.14058691 0.124965735 0.97965986 -0.13075173 -0.15221892 0.5573106 -0.15584083 -0.815548 0.8370305 -0.3105582 0.4504815 0.9973661 -0.029325495 0.06633951 -0.2838719 -0.95126754 0.12044425 0.3709232 0.7656855 0.52549183 0.68586904 -0.5620687 -0.46223632 0.36353087 0.5829637 -0.72663516 0.46261913 0.6656288 -0.5855953 -0.06254245 0.08013447 -0.99482006 -0.06254245 0.08013447 -0.99482006 0.23834212 -0.72284293 -0.6486071 0.5573106 -0.15584083 -0.815548 0.5573106 -0.15584083 -0.815548 0 0.010516652 -0.9999447 0.06834046 0.473169 -0.87831694 0.06834046 0.473169 -0.87831694 0.36353087 0.5829637 -0.72663516 -0.06254245 0.08013447 -0.99482006 -0.9317201 0.3340145 -0.14259036 -0.9951603 0.09756513 0.0117079755 -0.93675476 0.32981697 0.11709537 -0.5573106 -0.15584083 -0.815548 0.06254245 0.08013447 -0.99482006 -0.06834046 0.473169 -0.87831694 -0.9951603 0.09756513 0.0117079755 -0.97965986 -0.13075173 -0.15221892 -0.98215014 -0.14058691 0.124965735 -0.5573106 -0.15584083 -0.815548 -0.9973661 -0.029325495 0.06633951 -0.8370305 -0.3105582 0.4504815 0.2838719 -0.95126754 0.12044425 -0.6854572 -0.5625725 -0.46223432 -0.3709232 0.7656855 0.52549183 0 0.14589496 0.9893001 -0.5468071 0.04820988 0.8358695 -0.47815996 0.0058550215 0.8782532 0.06254245 0.08013447 -0.99482006 -0.5573106 -0.15584083 -0.815548 -0.23834212 -0.72284293 -0.6486071 0.1797519 0.13090527 0.9749631 0.10751969 0.13293242 0.98527586 0.23452798 0.113354124 0.9654778 0.23218943 0.115118064 0.9658343 0.26944077 0.029285613 0.96257156 0.27117985 0.03706636 0.9618147 0.43971083 0.044946965 0.897014 0.4176798 0.042937763 0.9075792 0.5589291 0.031267557 0.82862574 0.7902415 -0.011708319 0.61268365 0.10751969 0.13293242 0.98527586 0.10355746 0.12504947 0.98673123 0 0.121146694 0.9926346 0 0.12499458 0.9921574 -0.10751969 0.13293242 0.98527586 -0.10355746 0.12504947 0.98673123 -0.36328197 0.55273664 0.7500056 -0.3694304 0.56098807 0.7408195 -0.02147601 0.5857106 0.81023574 -0.0078119896 0.59371245 0.80463934 0.45148304 0.45734718 0.76615703 0.45080763 0.45666298 0.76696247 0.63659936 0.50381297 0.58387816 0.63460547 0.50182766 0.5877456 -0.10751969 0.13293242 0.98527586 -0.1797519 0.13090527 0.9749631 -0.23218943 0.115118064 0.9658343 -0.23452798 0.113354124 0.9654778 -0.27117985 0.03706636 0.9618147 -0.26944077 0.029285613 0.96257156 -0.4176798 0.042937763 0.9075792 -0.43971083 0.044946965 0.897014 -0.7902415 -0.011708319 0.61268365 -0.5589291 0.031267557 0.82862574 0.3694304 0.56098807 0.7408195 0.36328197 0.55273664 0.7500056 0.0078119896 0.59371245 0.80463934 0.02147601 0.5857106 0.81023574 -0.45080763 0.45666298 0.76696247 -0.45148304 0.45734718 0.76615703 -0.63460547 0.50182766 0.5877456 -0.63659936 0.50381297 0.58387816 0.40269807 0.066463545 0.91291666 0.8043764 0.17376076 0.56814235 0.8994742 0.33949888 0.27511206 0.9119522 -0.07030134 0.4042288 0.9162352 -0.041026276 0.39853466 0.76745236 -0.64052284 0.027338354 0.17368501 -0.90160406 -0.3961611 0.80656403 -0.21482517 0.55073094 0.65471375 -0.140714 -0.7426638 0.6389262 0.7307632 -0.2403299 0.6389262 0.7307632 -0.2403299 0.07034642 0.6389815 0.7659987 0.80656403 -0.21482517 0.55073094 0.9119522 -0.07030134 0.4042288 0.76745236 -0.64052284 0.027338354 0.4456264 -0.8951657 0.009771108 0 -0.98612905 0.16598047 0 -0.9376079 0.34769455 -0.4456264 -0.8951657 0.009771108 -0.6717786 -0.7245083 -0.15427656 -0.76745236 -0.64052284 0.027338354 -0.6152632 -0.7871498 0.04296968 -0.48431337 -0.70108485 -0.52337426 0 -0.81452364 -0.58013034 0.6717786 -0.7245083 -0.15427656 0 0.19608293 -0.9805873 0.8210394 0.5708121 0.008237503 0.76745236 -0.64052284 0.027338354 0.48431337 -0.70108485 -0.52337426 0.17368501 -0.90160406 -0.3961611 0.65471375 -0.140714 -0.7426638 0.6717786 -0.7245083 -0.15427656 0 -0.9376079 0.34769455 0.8210394 0.5708121 0.008237503 0 0.71629417 0.69779843 0.9119522 -0.07030134 0.4042288 0.07034642 0.6389815 0.7659987 0.7637783 0.47272345 0.43951702 0.6389262 0.7307632 -0.2403299 0.48431337 -0.70108485 -0.52337426 0.65471375 -0.140714 -0.7426638 0.76745236 -0.64052284 0.027338354 0.4456264 -0.8951657 0.009771108 0.6717786 -0.7245083 -0.15427656 0 -0.9376079 0.34769455 0 0.71629417 0.69779843 0.07036807 0.8107623 0.5811307 0.8210394 0.5708121 0.008237503 0.4750217 0.852142 0.21956429 0 0.19608293 -0.9805873 0.3731074 -0.41022593 0.8321692 0 -0.4021512 0.91557324 0 -0.859212 0.5116198 -0.3731074 -0.41022593 0.8321692 -0.51215005 -0.77995765 0.35967818 -0.7456999 -0.117127195 0.6559062 0 -0.037085462 0.9993121 0.4355545 0.17578366 0.88283205 0 0.5699189 0.82170093 0.43188468 0.30681396 0.84813964 0 0.44955614 0.8932521 0.7463073 0.12112787 0.65448713 0.7456999 -0.117127195 0.6559062 0.9119522 -0.07030134 0.4042288 0.76745236 -0.64052284 0.027338354 0.7456999 -0.117127195 0.6559062 0.3731074 -0.41022593 0.8321692 0.51215005 -0.77995765 0.35967818 0 -0.859212 0.5116198 0.4456264 -0.8951657 0.009771108 0 -0.98612905 0.16598047 0.48431337 -0.70108485 -0.52337426 0.76745236 -0.64052284 0.027338354 0.6152632 -0.7871498 0.04296968 0.6717786 -0.7245083 -0.15427656 0 -0.81452364 -0.58013034 0.07036807 0.8107623 0.5811307 0 0.71629417 0.69779843 0 0.84407294 0.5362284 -0.07036807 0.8107623 0.5811307 0.51720357 -0.0665919 -0.85326785 0.5355451 0.048231307 -0.8431282 0.99183553 -0.060126886 0.11245903 0.99071026 0.011114086 0.13553485 0.0019513849 -0.086816974 0.9962224 0.9833278 -0.006750531 0.1817164 -0.0019524227 -0.06930924 0.9975933 0.51720357 -0.0665919 -0.85326785 -0.50390655 -0.062363904 -0.8615039 0.5355451 0.048231307 -0.8431282 -0.53693694 0.04818081 -0.8422454 0.5233882 0.07002617 -0.84921205 -0.5233882 0.07002617 -0.84921205 -0.54266655 -0.10273183 -0.8336421 -0.50390655 -0.062363904 -0.8615039 -0.9874385 -0.055930074 0.14777373 -0.53693694 0.04818081 -0.8422454 -0.99118924 0.013259654 0.13178794 -0.9829709 -0.004889408 0.18369621 -0.9874385 -0.055930074 0.14777373 0.0019513849 -0.086816974 0.9962224 -0.99118924 0.013259654 0.13178794 -0.9829709 -0.004889408 0.18369621 0.99071026 0.011114086 0.13553485 0.5355451 0.048231307 -0.8431282 0.9833278 -0.006750531 0.1817164 0.5233882 0.07002617 -0.84921205 0.54266655 -0.10273183 -0.8336421 -0.54266655 -0.10273183 -0.8336421 -0.51218665 -0.17464031 -0.8409314 0.9833278 -0.006750531 0.1817164 0.54266655 -0.10273183 -0.8336421 0.98629284 -0.0562921 0.15510514 0.51218665 -0.17464031 -0.8409314 0.99183553 -0.060126886 0.11245903 0.0019513849 -0.086816974 0.9962224 0.013668627 -0.053712342 0.9984629 -0.9874385 -0.055930074 0.14777373 -0.5718873 -0.13854228 0.8085487 0.7076955 -0.7014293 0.08464081 0.51764023 0.031248216 0.85502756 -0.22205749 0.93898576 0.2626713 -0.483808 -0.8742903 0.03932288 -0.5406645 -0.7330061 0.4127759 0.7076955 -0.7014293 0.08464081 0.07970656 -0.9808959 0.17745464 0.16027638 0.98707217 0.0000015912283 0.036538787 0.99195105 -0.12123537 0.025385335 0.06053613 -0.99784315 0.23201229 0.015639234 -0.9725871 0.039062183 0.04882633 0.9980432 0.05468351 -0.99602526 -0.07030928 0.13675235 -0.015630385 0.990482 0.22165386 -0.9582581 -0.18058506 -0.68197495 -0.2049814 0.70206326 -0.9994682 0.01564495 -0.028609887 -0.010101268 0.997199 -0.074108824 0.99654454 0.031274926 -0.076947145 0.82702595 0.0058570416 -0.56213325 -0.010101268 0.997199 -0.074108824 0.14241394 0.9873927 -0.069093645 -0.68197495 -0.2049814 0.70206326 0.036538787 0.99195105 -0.12123537 0.13675235 -0.015630385 0.990482 0.16027638 0.98707217 0.0000015912283 0.039062183 0.04882633 0.9980432 -0.9994682 0.01564495 -0.028609887 0.22165386 -0.9582581 -0.18058506 0.023492172 -0.9996321 0.013556555 0.99654454 0.031274926 -0.076947145 0.99654454 0.031274926 -0.076947145 0.22165386 -0.9582581 -0.18058506 0.82702595 0.0058570416 -0.56213325 0.23201229 0.015639234 -0.9725871 0.14241394 0.9873927 -0.069093645 0.82702595 0.0058570416 -0.56213325 0.036538787 0.99195105 -0.12123537 0.23201229 0.015639234 -0.9725871 -0.44054067 -0.71163726 0.5472626 -0.67758584 -0.4591138 -0.5745363 0.58067805 -0.73640555 0.3471598 0.23972449 -0.9206663 -0.30806774 -0.4064675 0.2810378 0.8693687 -0.9069048 0.39371753 -0.15003386 -0.44054067 -0.71163726 0.5472626 -0.67758584 -0.4591138 -0.5745363 0.53517085 -0.26376706 0.802508 0.058272276 0.8644782 0.49928135 -0.5251967 -0.24008942 0.8164101 -0.22205749 0.93898576 0.2626713 -0.22205749 0.93898576 0.2626713 0.07970656 -0.9808959 0.17745464 -0.5251967 -0.24008942 0.8164101 -0.603446 -0.79026324 -0.10647535 0.6250398 -0.77217466 -0.11433072 0.09621737 -0.9931081 -0.06692192 0.058272276 0.8644782 0.49928135 0.6250398 -0.77217466 -0.11433072 0.53517085 -0.26376706 0.802508 -0.5251967 -0.24008942 0.8164101 -0.603446 -0.79026324 -0.10647535 0.07970656 -0.9808959 0.17745464 0.6250398 -0.77217466 -0.11433072 0.09621737 -0.9931081 -0.06692192 0.058272276 0.8644782 0.49928135 0.09621737 -0.9931081 -0.06692192 -0.45367223 -0.45526537 0.76610374 -0.8041509 -0.55103374 -0.22294195 0.4840369 -0.74003047 -0.4669724 -0.45367223 -0.45526537 0.76610374 0.4840369 -0.74003047 -0.4669724 0.56147903 -0.5625621 0.60684854 0.3709232 0.7656855 0.52549183 0.3709232 0.7656855 0.52549183 -0.2838719 -0.95126754 0.12044425 -0.4534478 -0.40243095 0.79525745 -0.8159324 -0.5374233 -0.21314429 0.4468649 -0.76911575 -0.4569165 -0.4534478 -0.40243095 0.79525745 0.4468649 -0.76911575 -0.4569165 0.5832449 -0.521727 0.6225964 0.83337414 0.50491244 0.22483549 0.51764023 0.031248216 0.85502756 -0.22205749 0.93898576 0.2626713 -0.5718873 -0.13854228 0.8085487 -0.72864443 0.6734793 0.12451067 -0.72864443 0.6734793 0.12451067 -0.5406645 -0.7330061 0.4127759 -0.5718873 -0.13854228 0.8085487 -0.483808 -0.8742903 0.03932288 0.7076955 -0.7014293 0.08464081 0.56147903 -0.5625621 0.60684854 0.3709232 0.7656855 0.52549183 -0.45367223 -0.45526537 0.76610374 0.058272276 0.8644782 0.49928135 -0.8041509 -0.55103374 -0.22294195 0.09621737 -0.9931081 -0.06692192 0.4840369 -0.74003047 -0.4669724 0.68586904 -0.5620687 -0.46223632 0.5832449 -0.521727 0.6225964 0.83337414 0.50491244 0.22483549 -0.4534478 -0.40243095 0.79525745 0.3709232 0.7656855 0.52549183 -0.8159324 -0.5374233 -0.21314429 -0.2838719 -0.95126754 0.12044425 0.4468649 -0.76911575 -0.4569165 0.692309 -0.6226935 -0.3646383 0.58067805 -0.73640555 0.3471598 -0.22969496 -0.15049084 0.96155745 -0.4064675 0.2810378 0.8693687 -0.9069048 0.39371753 -0.15003386 0.99485064 -0.009767997 0.100880064 -0.023050066 0.9961904 0.08410288 0.99437743 0.015620648 0.104735486 -0.011310638 0.9960612 0.08794373 -0.023050066 0.9961904 0.08410288 -0.98783827 -0.027350914 0.15306047 -0.011310638 0.9960612 0.08794373 -0.9898651 -0.013675822 0.14135054 0.99437743 0.015620648 0.104735486 0.024190351 -0.9871079 0.15821776 0.99485064 -0.009767997 0.100880064 0.010533038 -0.9860817 0.16592723 -0.9898651 -0.013675822 0.14135054 -0.98783827 -0.027350914 0.15306047 0.024190351 -0.9871079 0.15821776 0.010533038 -0.9860817 0.16592723 0.4456264 -0.8951657 0.009771108 0.76745236 -0.64052284 0.027338354 0.51215005 -0.77995765 0.35967818 0.7456999 -0.117127195 0.6559062 0.19923124 0.10156773 0.97467476 0 0.10356421 0.99462277 0.24202916 0.019517 0.9700727 0 0.03708224 0.9993122 0.23201229 0.015639234 -0.9725871 0.22165386 -0.9582581 -0.18058506 0.025385335 0.06053613 -0.99784315 0.05468351 -0.99602526 -0.07030928 0 0.03708224 0.9993122 0 0.10356421 0.99462277 -0.24202916 0.019517 0.9700727 -0.19923124 0.10156773 0.97467476 -0.17368501 -0.90160406 -0.3961611 -0.76745236 -0.64052284 0.027338354 -0.80656403 -0.21482517 0.55073094 -0.9119522 -0.07030134 0.4042288 -0.07034642 0.6389815 0.7659987 -0.07034642 0.6389815 0.7659987 -0.6389262 0.7307632 -0.2403299 -0.80656403 -0.21482517 0.55073094 -0.65471375 -0.140714 -0.7426638 -0.17368501 -0.90160406 -0.3961611 -0.48431337 -0.70108485 -0.52337426 -0.6389262 0.7307632 -0.2403299 -0.7637783 0.47272345 0.43951702 -0.07034642 0.6389815 0.7659987 -0.9119522 -0.07030134 0.4042288 0 -0.98612905 0.16598047 0 -0.859212 0.5116198 -0.4456264 -0.8951657 0.009771108 -0.51215005 -0.77995765 0.35967818 -0.76745236 -0.64052284 0.027338354 0 -0.81452364 -0.58013034 0 0.19608293 -0.9805873 -0.6717786 -0.7245083 -0.15427656 -0.8210394 0.5708121 0.008237503 0 -0.9376079 0.34769455 0 0.71629417 0.69779843 -0.76745236 -0.64052284 0.027338354 -0.17368501 -0.90160406 -0.3961611 -0.48431337 -0.70108485 -0.52337426 -0.65471375 -0.140714 -0.7426638 -0.6389262 0.7307632 -0.2403299 0 0.71629417 0.69779843 -0.8210394 0.5708121 0.008237503 -0.07036807 0.8107623 0.5811307 -0.4750217 0.852142 0.21956429 -0.9162352 -0.041026276 0.39853466 -0.9119522 -0.07030134 0.4042288 -0.8994742 0.33949888 0.27511206 -0.8043764 0.17376076 0.56814235 0 -0.037085462 0.9993121 0 0.5699189 0.82170093 -0.4355545 0.17578366 0.88283205 -0.43188468 0.30681396 0.84813964 -0.7463073 0.12112787 0.65448713 -0.9119522 -0.07030134 0.4042288 -0.7456999 -0.117127195 0.6559062 -0.76745236 -0.64052284 0.027338354 -0.51215005 -0.77995765 0.35967818 -0.51720357 -0.0665919 -0.85326785 -0.99183553 -0.060126886 0.11245903 -0.5355451 0.048231307 -0.8431282 -0.99071026 0.011114086 0.13553485 -0.9833278 -0.006750531 0.1817164 -0.0019513849 -0.086816974 0.9962224 0.0019524227 -0.06930924 0.9975933 0.9829709 -0.004889408 0.18369621 -0.51720357 -0.0665919 -0.85326785 -0.5355451 0.048231307 -0.8431282 0.50390655 -0.062363904 -0.8615039 0.53693694 0.04818081 -0.8422454 0.9874385 -0.055930074 0.14777373 0.99118924 0.013259654 0.13178794 0.9874385 -0.055930074 0.14777373 -0.0019513849 -0.086816974 0.9962224 -0.013668627 -0.053712342 0.9984629 -0.99183553 -0.060126886 0.11245903 -0.5355451 0.048231307 -0.8431282 -0.9833278 -0.006750531 0.1817164 -0.5233882 0.07002617 -0.84921205 -0.54266655 -0.10273183 -0.8336421 0.54266655 -0.10273183 -0.8336421 0.51218665 -0.17464031 -0.8409314 -0.5355451 0.048231307 -0.8431282 -0.5233882 0.07002617 -0.84921205 0.53693694 0.04818081 -0.8422454 0.5233882 0.07002617 -0.84921205 0.99118924 0.013259654 0.13178794 0.53693694 0.04818081 -0.8422454 0.9829709 -0.004889408 0.18369621 0.5233882 0.07002617 -0.84921205 0.9829709 -0.004889408 0.18369621 -0.0019513849 -0.086816974 0.9962224 0.99118924 0.013259654 0.13178794 0.9874385 -0.055930074 0.14777373 -0.9833278 -0.006750531 0.1817164 -0.98629284 -0.0562921 0.15510514 -0.54266655 -0.10273183 -0.8336421 -0.51218665 -0.17464031 -0.8409314 0.51218665 -0.17464031 -0.8409314 0.483808 -0.8742903 0.03932288 0.5718873 -0.13854228 0.8085487 -0.7076955 -0.7014293 0.08464081 -0.51764023 0.031248216 0.85502756 0.22205749 0.93898576 0.2626713 -0.07970656 -0.9808959 0.17745464 0.5406645 -0.7330061 0.4127759 -0.7076955 -0.7014293 0.08464081 0.483808 -0.8742903 0.03932288 -0.05468351 -0.99602526 -0.07030928 -0.039062183 0.04882633 0.9980432 -0.13533774 -0.015612353 0.9906765 -0.16027638 0.98707217 0.0000015912283 -0.036538787 0.99195105 -0.12123537 -0.025385335 0.06053613 -0.99784315 -0.23201229 0.015639234 -0.9725871 -0.99654454 0.031274926 -0.076947145 0.010101268 0.997199 -0.074108824 -0.82702595 0.0058570416 -0.56213325 -0.14241394 0.9873927 -0.069093645 -0.036538787 0.99195105 -0.12123537 0.68197495 -0.2049814 0.70206326 -0.13533774 -0.015612353 0.9906765 -0.22165386 -0.9582581 -0.18058506 -0.05468351 -0.99602526 -0.07030928 -0.025385335 0.06053613 -0.99784315 -0.14241394 0.9873927 -0.069093645 0.010101268 0.997199 -0.074108824 0.68197495 -0.2049814 0.70206326 0.9994682 0.01564495 -0.028609887 -0.22165386 -0.9582581 -0.18058506 -0.02353811 -0.9996307 0.013583068 -0.99654454 0.031274926 -0.076947145 -0.99654454 0.031274926 -0.076947145 -0.82702595 0.0058570416 -0.56213325 -0.22165386 -0.9582581 -0.18058506 -0.23201229 0.015639234 -0.9725871 -0.025385335 0.06053613 -0.99784315 -0.23972449 -0.9206663 -0.30806774 0.67758584 -0.4591138 -0.5745363 -0.58067805 -0.73640555 0.3471598 0.44054067 -0.71163726 0.5472626 0.67758584 -0.4591138 -0.5745363 0.9069048 0.39371753 -0.15003386 0.44054067 -0.71163726 0.5472626 0.4064675 0.2810378 0.8693687 0.22205749 0.93898576 0.2626713 -0.058272276 0.8644782 0.49928135 0.5251967 -0.24008942 0.8164101 -0.53517085 -0.26376706 0.802508 0.22205749 0.93898576 0.2626713 0.5251967 -0.24008942 0.8164101 -0.07970656 -0.9808959 0.17745464 0.603446 -0.79026324 -0.10647535 -0.09621737 -0.9931081 -0.06692192 -0.6250398 -0.77217466 -0.11433072 -0.058272276 0.8644782 0.49928135 -0.53517085 -0.26376706 0.802508 -0.53517085 -0.26376706 0.802508 -0.6250398 -0.77217466 -0.11433072 0.5251967 -0.24008942 0.8164101 0.603446 -0.79026324 -0.10647535 -0.09621737 -0.9931081 -0.06692192 -0.07970656 -0.9808959 0.17745464 -0.6250398 -0.77217466 -0.11433072 0.603446 -0.79026324 -0.10647535 -0.058272276 0.8644782 0.49928135 0.45367223 -0.45526537 0.76610374 -0.09621737 -0.9931081 -0.06692192 0.8041509 -0.55103374 -0.22294195 0.8041509 -0.55103374 -0.22294195 0.45367223 -0.45526537 0.76610374 -0.4840369 -0.74003047 -0.4669724 -0.56147903 -0.5625621 0.60684854 -0.3709232 0.7656855 0.52549183 -0.3709232 0.7656855 0.52549183 0.4534478 -0.40243095 0.79525745 0.2838719 -0.95126754 0.12044425 0.8159324 -0.5374233 -0.21314429 0.8159324 -0.5374233 -0.21314429 0.4534478 -0.40243095 0.79525745 -0.4468649 -0.76911575 -0.4569165 -0.5832449 -0.521727 0.6225964 -0.83337414 0.50491244 0.22483549 0.72864443 0.6734793 0.12451067 0.22205749 0.93898576 0.2626713 0.5718873 -0.13854228 0.8085487 -0.51764023 0.031248216 0.85502756 0.72864443 0.6734793 0.12451067 0.5718873 -0.13854228 0.8085487 0.5406645 -0.7330061 0.4127759 0.483808 -0.8742903 0.03932288 -0.058272276 0.8644782 0.49928135 -0.3709232 0.7656855 0.52549183 0.45367223 -0.45526537 0.76610374 -0.56147903 -0.5625621 0.60684854 0.2838719 -0.95126754 0.12044425 -0.09621737 -0.9931081 -0.06692192 -0.6854572 -0.5625725 -0.46223432 -0.4840369 -0.74003047 -0.4669724 -0.3709232 0.7656855 0.52549183 -0.83337414 0.50491244 0.22483549 0.4534478 -0.40243095 0.79525745 -0.5832449 -0.521727 0.6225964 -0.692309 -0.6226935 -0.3646383 0.2838719 -0.95126754 0.12044425 -0.4468649 -0.76911575 -0.4569165 0.8159324 -0.5374233 -0.21314429 -0.58067805 -0.73640555 0.3471598 0.4064675 0.2810378 0.8693687 0.22969496 -0.15049084 0.96155745 0.9069048 0.39371753 -0.15003386 -0.007813064 0.70460975 0.70955205 -0.92914534 0.3219447 0.1817706 0.29475826 -0.29932714 0.9074805 -0.6249022 -0.6818128 0.38030058 -0.43209156 -0.89932746 -0.06713435 0.6918959 -0.43237007 0.5782181 -0.6249022 -0.6818128 0.38030058 0.29475826 -0.29932714 0.9074805 -0.007813064 0.70460975 0.70955205 0.29475826 -0.29932714 0.9074805 0.27332693 0.9095594 0.31304 0.6918959 -0.43237007 0.5782181 0.27332693 0.9095594 0.31304 -0.83289427 0.44992098 -0.3222705 -0.007813064 0.70460975 0.70955205 -0.92914534 0.3219447 0.1817706 -0.6249022 -0.6818128 0.38030058 -0.92914534 0.3219447 0.1817706 -0.43209156 -0.89932746 -0.06713435 -0.83289427 0.44992098 -0.3222705 -0.04299195 0.71080756 0.7020715 -0.93562895 0.3300155 0.12525274 0.25208148 -0.30551538 0.91821307 -0.63461304 -0.69149315 0.34511372 -0.44549853 -0.88896585 -0.10616396 0.683681 -0.43798363 0.58373845 -0.63461304 -0.69149315 0.34511372 0.25208148 -0.30551538 0.91821307 -0.04299195 0.71080756 0.7020715 0.25208148 -0.30551538 0.91821307 0.26360998 0.9194928 0.2916209 0.683681 -0.43798363 0.58373845 0.26360998 0.9194928 0.2916209 -0.8228009 0.43219215 -0.36906457 -0.04299195 0.71080756 0.7020715 -0.93562895 0.3300155 0.12525274 -0.63461304 -0.69149315 0.34511372 -0.93562895 0.3300155 0.12525274 -0.44549853 -0.88896585 -0.10616396 -0.8228009 0.43219215 -0.36906457 0.5740632 -0.032594908 -0.81816196 0.5740632 -0.032594908 -0.81816196 0.5740632 -0.032594908 -0.81816196 0.5740632 -0.032594908 -0.81816196 0.9856777 -0.16200325 0.04684403 0.87127733 -0.09963157 0.4805719 0.7902415 -0.011708319 0.61268365 0.9856777 -0.16200325 0.04684403 -0.7902415 -0.011708319 0.61268365 -0.87127733 -0.09963157 0.4805719 -0.9856777 -0.16200325 0.04684403 -0.9856777 -0.16200325 0.04684403 -0.9829709 -0.004889408 0.18369621 -0.5233882 0.07002617 -0.84921205 -0.53693694 0.04818081 -0.8422454 -0.51218665 -0.17464031 -0.8409314 0.51218665 -0.17464031 -0.8409314 0.54266655 -0.10273183 -0.8336421 0.0019513849 -0.086816974 0.9962224 -0.0019524227 -0.06930924 0.9975933 -0.9829709 -0.004889408 0.18369621 0.58067805 -0.73640555 0.3471598 -0.4064675 0.2810378 0.8693687 -0.44054067 -0.71163726 0.5472626 0.68586904 -0.5620687 -0.46223632 0.09621737 -0.9931081 -0.06692192 -0.2838719 -0.95126754 0.12044425 0.4468649 -0.76911575 -0.4569165 0.692309 -0.6226935 -0.3646383 0.83337414 0.50491244 0.22483549 0.4840369 -0.74003047 -0.4669724 0.68586904 -0.5620687 -0.46223632 0.3709232 0.7656855 0.52549183 0.7076955 -0.7014293 0.08464081 0.07970656 -0.9808959 0.17745464 -0.22205749 0.93898576 0.2626713 0.23972449 -0.9206663 -0.30806774 0.44702896 -0.5837795 0.67776585 0.58067805 -0.73640555 0.3471598 0.44702896 -0.5837795 0.67776585 -0.22969496 -0.15049084 0.96155745 0.58067805 -0.73640555 0.3471598 0.40269807 0.066463545 0.91291666 0.19923124 0.10156773 0.97467476 0.24202916 0.019517 0.9700727 0.40269807 0.066463545 0.91291666 0.24202916 0.019517 0.9700727 0.8043764 0.17376076 0.56814235 -0.40269807 0.066463545 0.91291666 -0.8994742 0.33949888 0.27511206 -0.8043764 0.17376076 0.56814235 0 0.19608293 -0.9805873 -0.4750217 0.852142 0.21956429 -0.8210394 0.5708121 0.008237503 -0.0019513849 -0.086816974 0.9962224 -0.99071026 0.011114086 0.13553485 -0.99183553 -0.060126886 0.11245903 0.54266655 -0.10273183 -0.8336421 0.5233882 0.07002617 -0.84921205 -0.5233882 0.07002617 -0.84921205 -0.58067805 -0.73640555 0.3471598 0.44054067 -0.71163726 0.5472626 0.4064675 0.2810378 0.8693687 -0.09621737 -0.9931081 -0.06692192 0.8041509 -0.55103374 -0.22294195 -0.4840369 -0.74003047 -0.4669724 -0.83337414 0.50491244 0.22483549 -0.692309 -0.6226935 -0.3646383 -0.4468649 -0.76911575 -0.4569165 -0.3709232 0.7656855 0.52549183 -0.6854572 -0.5625725 -0.46223432 -0.4840369 -0.74003047 -0.4669724 0.22205749 0.93898576 0.2626713 -0.07970656 -0.9808959 0.17745464 -0.7076955 -0.7014293 0.08464081 -0.23972449 -0.9206663 -0.30806774 -0.58067805 -0.73640555 0.3471598 -0.44702896 -0.5837795 0.67776585 -0.44702896 -0.5837795 0.67776585 -0.58067805 -0.73640555 0.3471598 0.22969496 -0.15049084 0.96155745 0 0.5699189 0.82170093 0 0.44955614 0.8932521 -0.43188468 0.30681396 0.84813964 -0.40269807 0.066463545 0.91291666 -0.24202916 0.019517 0.9700727 -0.19923124 0.10156773 0.97467476 -0.40269807 0.066463545 0.91291666 -0.8043764 0.17376076 0.56814235 -0.24202916 0.019517 0.9700727 -0.036538787 0.99195105 -0.12123537 -0.23201229 0.015639234 -0.9725871 -0.82702595 0.0058570416 -0.56213325 0 -0.81452364 -0.58013034 -0.6717786 -0.7245083 -0.15427656 -0.6152632 -0.7871498 0.04296968 0.10355746 0.12504947 0.98673123 0.10751969 0.13293242 0.98527586 0.1797519 0.13090527 0.9749631 0.7902415 -0.011708319 0.61268365 0.87127733 -0.09963157 0.4805719 0.5589291 0.031267557 0.82862574 -0.10355746 0.12504947 0.98673123 -0.1797519 0.13090527 0.9749631 -0.10751969 0.13293242 0.98527586 -0.7902415 -0.011708319 0.61268365 -0.5589291 0.031267557 0.82862574 -0.87127733 -0.09963157 0.4805719 </float_array>
          <technique_common>
            <accessor source="#normals-array" count="1680" stride="3">
              <param name="X" type="float"/>
              <param name="Y" type="float"/>
              <param name="Z" type="float"/>
            </accessor>
          </technique_common>
        </source>
        <vertices id="vertices">
          <input semantic="POSITION" source="#positions"/>
          <input semantic="TEXCOORD" source="#texcoords"/>
          <input semantic="COLOR" source="#colors"/>
          <input semantic="NORMAL" source="#normals"/>
        </vertices>
        <polylist material="material3" count="6">
          <input semantic="VERTEX" source="#vertices" offset="0"/>
          <vcount>3 3 3 3 3 3 </vcount>
          <p>0 1 2 1 3 2 2 3 4 3 5 4 6 7 8 7 9 8 </p>
        </polylist>
        <polylist material="material0" count="14">
          <input semantic="VERTEX" source="#vertices" offset="0"/>
          <vcount>3 3 3 3 3 3 3 3 3 3 3 3 3 3 </vcount>
          <p>10 11 12 11 13 12 12 13 14 13 15 14 16 17 18 17 19 18 18 19 20 21 22 23 22 24 23 23 24 25 26 27 28 27 29 28 30 31 32 33 34 35 </p>
        </polylist>
        <polylist material="material1" count="160">
          <input semantic="VERTEX" source="#vertices" offset="0"/>
          <vcount>3 3 3 3 3 3 3 3 3 3 3 3 3 3 3 3 3 3 3 3 3 3 3 3 3 3 3 3 3 3 3 3 3 3 3 3 3 3 3 3 3 3 3 3 3 3 3 3 3 3 3 3 3 3 3 3 3 3 3 3 3 3 3 3 3 3 3 3 3 3 3 3 3 3 3 3 3 3 3 3 3 3 3 3 3 3 3 3 3 3 3 3 3 3 3 3 3 3 3 3 3 3 3 3 3 3 3 3 3 3 3 3 3 3 3 3 3 3 3 3 3 3 3 3 3 3 3 3 3 3 3 3 3 3 3 3 3 3 3 3 3 3 3 3 3 3 3 3 3 3 3 3 3 3 3 3 3 3 3 3 </vcount>
          <p>36 37 38 37 39 38 38 39 40 39 41 40 42 43 44 43 45 44 44 45 46 45 47 46 46 47 48 47 49 48 48 49 50 49 51 50 50 51 52 53 54 55 54 56 55 57 58 59 58 60 59 59 60 61 62 63 64 63 65 64 66 67 68 67 69 68 70 71 72 71 73 72 72 73 74 75 76 77 76 78 77 79 80 81 80 82 81 83 84 85 84 86 85 85 86 87 86 88 87 87 88 89 88 90 89 89 90 91 92 93 94 93 95 94 96 97 98 97 99 98 98 99 100 101 102 103 102 104 103 103 104 105 104 106 105 107 108 109 108 110 109 109 110 111 112 113 114 113 115 114 116 117 118 117 119 118 120 121 122 121 123 122 122 123 124 123 125 124 126 127 128 127 129 128 128 129 130 129 131 130 132 133 134 133 135 134 136 137 138 137 139 138 138 139 140 139 141 140 140 141 142 143 144 145 144 146 145 147 148 149 148 150 149 149 150 151 150 152 151 151 152 153 152 154 153 153 154 155 154 156 155 155 156 157 156 158 157 157 158 159 160 161 162 161 163 162 162 163 164 163 165 164 164 165 166 165 167 166 166 167 168 169 170 171 170 172 171 173 174 175 174 176 175 175 176 177 178 179 180 179 181 180 180 181 182 183 184 185 184 186 185 185 186 187 188 189 190 189 191 190 190 191 192 193 194 195 194 196 195 197 198 199 198 200 199 201 202 203 202 204 203 203 204 205 206 207 208 207 209 208 208 209 210 209 211 210 210 211 212 211 213 212 212 213 214 215 216 217 216 218 217 219 220 221 220 222 221 223 224 225 224 226 225 225 226 227 226 228 227 227 228 229 230 231 232 231 233 232 234 235 236 235 237 236 236 237 238 237 239 238 238 239 240 241 242 243 242 244 243 243 244 245 244 246 245 245 246 247 248 249 250 249 251 250 252 253 254 253 255 254 254 255 256 255 257 256 258 259 260 259 261 260 260 261 262 263 264 265 264 266 265 267 268 269 270 271 272 273 274 275 276 277 278 279 280 281 282 283 284 285 286 287 288 289 290 291 292 293 294 295 296 297 298 299 300 301 302 303 304 305 </p>
        </polylist>
        <polylist material="material2" count="300">
          <input semantic="VERTEX" source="#vertices" offset="0"/>
          <vcount>3 3 3 3 3 3 3 3 3 3 3 3 3 3 3 3 3 3 3 3 3 3 3 3 3 3 3 3 3 3 3 3 3 3 3 3 3 3 3 3 3 3 3 3 3 3 3 3 3 3 3 3 3 3 3 3 3 3 3 3 3 3 3 3 3 3 3 3 3 3 3 3 3 3 3 3 3 3 3 3 3 3 3 3 3 3 3 3 3 3 3 3 3 3 3 3 3 3 3 3 3 3 3 3 3 3 3 3 3 3 3 3 3 3 3 3 3 3 3 3 3 3 3 3 3 3 3 3 3 3 3 3 3 3 3 3 3 3 3 3 3 3 3 3 3 3 3 3 3 3 3 3 3 3 3 3 3 3 3 3 3 3 3 3 3 3 3 3 3 3 3 3 3 3 3 3 3 3 3 3 3 3 3 3 3 3 3 3 3 3 3 3 3 3 3 3 3 3 3 3 3 3 3 3 3 3 3 3 3 3 3 3 3 3 3 3 3 3 3 3 3 3 3 3 3 3 3 3 3 3 3 3 3 3 3 3 3 3 3 3 3 3 3 3 3 3 3 3 3 3 3 3 3 3 3 3 3 3 3 3 3 3 3 3 3 3 3 3 3 3 3 3 3 3 3 3 3 3 3 3 3 3 3 3 3 3 3 3 3 3 3 3 3 3 3 3 3 3 3 3 </vcount>
          <p>306 307 308 307 309 308 310 311 312 311 313 312 312 313 314 313 315 314 316 317 318 317 319 318 318 319 320 319 321 320 320 321 322 321 323 322 322 323 324 323 325 324 324 325 326 327 328 329 328 330 329 331 332 333 332 334 333 333 334 335 334 336 335 337 338 339 338 340 339 339 340 341 342 343 344 343 345 344 344 345 346 345 347 346 348 349 350 349 351 350 352 353 354 353 355 354 354 355 356 357 358 359 358 360 359 359 360 361 360 362 361 361 362 363 362 364 363 365 366 367 366 368 367 367 368 369 370 371 372 371 373 372 374 375 376 375 377 376 376 377 378 377 379 378 378 379 380 379 381 380 380 381 382 383 384 385 384 386 385 387 388 389 388 390 389 391 392 393 392 394 393 395 396 397 396 398 397 397 398 399 398 400 399 401 402 403 402 404 403 403 404 405 404 406 405 407 408 409 408 410 409 409 410 411 410 412 411 413 414 415 414 416 415 417 418 419 418 420 419 419 420 421 420 422 421 421 422 423 424 425 426 425 427 426 428 429 430 429 431 430 430 431 432 431 433 432 434 435 436 435 437 436 438 439 440 439 441 440 440 441 442 441 443 442 444 445 446 445 447 446 448 449 450 449 451 450 452 453 454 453 455 454 456 457 458 457 459 458 460 461 462 461 463 462 462 463 464 463 465 464 464 465 466 467 468 469 468 470 469 471 472 473 472 474 473 475 476 477 476 478 477 477 478 479 478 480 479 479 480 481 482 483 484 483 485 484 484 485 486 485 487 486 488 489 490 489 491 490 490 491 492 491 493 492 494 495 496 495 497 496 496 497 498 499 500 501 500 502 501 503 504 505 504 506 505 505 506 507 506 508 507 507 508 509 508 510 509 511 512 513 512 514 513 513 514 515 514 516 515 517 518 519 518 520 519 521 522 523 522 524 523 525 526 527 526 528 527 527 528 529 530 531 532 531 533 532 534 535 536 535 537 536 538 539 540 539 541 540 540 541 542 543 544 545 544 546 545 545 546 547 546 548 547 549 550 551 550 552 551 551 552 553 552 554 553 553 554 555 556 557 558 557 559 558 558 559 560 561 562 563 562 564 563 565 566 567 566 568 567 569 570 571 570 572 571 573 574 575 574 576 575 575 576 577 578 579 580 579 581 580 580 581 582 581 583 582 584 585 586 585 587 586 586 587 588 587 589 588 588 589 590 589 591 590 592 593 594 593 595 594 594 595 596 595 597 596 596 597 598 597 599 598 600 601 602 601 603 602 604 605 606 605 607 606 606 607 608 607 609 608 608 609 610 611 612 613 612 614 613 613 614 615 614 616 615 617 618 619 618 620 619 619 620 621 622 623 624 623 625 624 626 627 628 627 629 628 628 629 630 629 631 630 632 633 634 633 635 634 636 637 638 637 639 638 638 639 640 639 641 640 642 643 644 643 645 644 646 647 648 647 649 648 648 649 650 649 651 650 652 653 654 653 655 654 656 657 658 657 659 658 660 661 662 661 663 662 664 665 666 665 667 666 666 667 668 667 669 668 670 671 672 671 673 672 672 673 674 673 675 674 674 675 676 677 678 679 678 680 679 681 682 683 682 684 683 685 686 687 686 688 687 687 688 689 688 690 689 691 692 693 692 694 693 695 696 697 696 698 697 699 700 701 700 702 701 703 704 705 704 706 705 707 708 709 708 710 709 711 712 713 712 714 713 715 716 717 716 718 717 717 718 719 718 720 719 719 720 721 720 722 721 721 722 723 722 724 723 725 726 727 726 728 727 727 728 729 728 730 729 729 730 731 730 732 731 731 732 733 732 734 733 733 734 735 736 737 738 737 739 738 740 741 742 741 743 742 742 743 744 743 745 744 744 745 746 745 747 746 748 749 750 749 751 750 752 753 754 755 756 757 758 759 760 761 762 763 764 765 766 767 768 769 770 771 772 773 774 775 776 777 778 779 780 781 782 783 784 785 786 787 788 789 790 791 792 793 794 795 796 797 798 799 800 801 802 803 804 805 806 807 808 809 810 811 812 813 814 815 816 817 </p>
        </polylist>
        <polylist material="material5" count="106">
          <input semantic="VERTEX" source="#vertices" offset="0"/>
          <vcount>3 3 3 3 3 3 3 3 3 3 3 3 3 3 3 3 3 3 3 3 3 3 3 3 3 3 3 3 3 3 3 3 3 3 3 3 3 3 3 3 3 3 3 3 3 3 3 3 3 3 3 3 3 3 3 3 3 3 3 3 3 3 3 3 3 3 3 3 3 3 3 3 3 3 3 3 3 3 3 3 3 3 3 3 3 3 3 3 3 3 3 3 3 3 3 3 3 3 3 3 3 3 3 3 3 3 </vcount>
          <p>818 819 820 819 821 820 820 821 822 821 823 822 822 823 824 825 826 827 826 828 827 829 830 831 830 832 831 833 834 835 834 836 835 837 838 839 838 840 839 841 842 843 842 844 843 845 846 847 846 848 847 849 850 851 850 852 851 853 854 855 854 856 855 857 858 859 858 860 859 861 862 863 862 864 863 865 866 867 866 868 867 867 868 869 870 871 872 871 873 872 872 873 874 873 875 874 874 875 876 875 877 876 878 879 880 879 881 880 882 883 884 883 885 884 886 887 888 887 889 888 890 891 892 891 893 892 892 893 894 893 895 894 896 897 898 897 899 898 900 901 902 901 903 902 902 903 904 903 905 904 906 907 908 907 909 908 910 911 912 911 913 912 914 915 916 915 917 916 918 919 920 919 921 920 922 923 924 923 925 924 926 927 928 927 929 928 930 931 932 931 933 932 934 935 936 935 937 936 938 939 940 939 941 940 940 941 942 941 943 942 942 943 944 945 946 947 946 948 947 947 948 949 950 951 952 951 953 952 954 955 956 955 957 956 956 957 958 959 960 961 960 962 961 963 964 965 964 966 965 965 966 967 968 969 970 969 971 970 972 973 974 973 975 974 974 975 976 975 977 976 978 979 980 981 982 983 984 985 986 987 988 989 990 991 992 993 994 995 996 997 998 999 1000 1001 1002 1003 1004 1005 1006 1007 1008 1009 1010 1011 1012 1013 1014 1015 1016 1017 1018 1019 1020 1021 1022 1023 1024 1025 </p>
        </polylist>
        <polylist material="material4" count="340">
          <input semantic="VERTEX" source="#vertices" offset="0"/>
          <vcount>4 4 4 4 4 4 4 4 4 4 4 4 4 4 4 4 3 3 3 3 3 3 3 3 3 3 3 3 3 3 3 3 3 3 3 3 3 3 3 3 3 3 3 3 3 3 3 3 3 3 3 3 3 3 3 3 3 3 3 3 3 3 3 3 3 3 3 3 3 3 3 3 3 3 3 3 3 3 3 3 3 3 3 3 3 3 3 3 3 3 3 3 3 3 3 3 3 3 3 3 3 3 3 3 3 3 3 3 3 3 3 3 3 3 3 3 3 3 3 3 3 3 3 3 3 3 3 3 3 3 3 3 3 3 3 3 3 3 3 3 3 3 3 3 3 3 3 3 3 3 3 3 3 3 3 3 3 3 3 3 3 3 3 3 3 3 3 3 3 3 3 3 3 3 3 3 3 3 3 3 3 3 3 3 3 3 3 3 3 3 3 3 3 3 3 3 3 3 3 3 3 3 3 3 3 3 3 3 3 3 3 3 3 3 3 3 3 3 3 3 3 3 3 3 3 3 3 3 3 3 3 3 3 3 3 3 3 3 3 3 3 3 3 3 3 3 3 3 3 3 3 3 3 3 3 3 3 3 3 3 3 3 3 3 3 3 3 3 3 3 3 3 3 3 3 3 3 3 3 3 3 3 3 3 3 3 3 3 3 3 3 3 3 3 3 3 3 3 3 3 3 3 3 3 3 3 4 4 3 3 3 3 3 3 3 3 3 3 3 3 3 3 3 3 3 3 3 3 3 3 3 3 3 3 3 3 3 3 3 3 </vcount>
          <p>1026 1027 1029 1028 1028 1029 1031 1030 1030 1031 1033 1032 1032 1033 1035 1034 1036 1037 1039 1038 1038 1039 1041 1040 1042 1043 1045 1044 1044 1045 1047 1046 1046 1047 1049 1048 1050 1051 1053 1052 1052 1053 1055 1054 1054 1055 1057 1056 1056 1057 1059 1058 1060 1061 1063 1062 1062 1063 1065 1064 1064 1065 1067 1066 1068 1069 1070 1069 1071 1070 1070 1071 1072 1073 1074 1075 1074 1076 1075 1075 1076 1077 1078 1079 1080 1079 1081 1080 1080 1081 1082 1083 1084 1085 1084 1086 1085 1085 1086 1087 1086 1088 1087 1087 1088 1089 1088 1090 1089 1091 1092 1093 1092 1094 1093 1095 1096 1097 1096 1098 1097 1099 1100 1101 1100 1102 1101 1103 1104 1105 1104 1106 1105 1105 1106 1107 1106 1108 1107 1109 1110 1111 1110 1112 1111 1113 1114 1115 1114 1116 1115 1115 1116 1117 1118 1119 1120 1119 1121 1120 1120 1121 1122 1121 1123 1122 1124 1125 1126 1125 1127 1126 1126 1127 1128 1129 1130 1131 1130 1132 1131 1133 1134 1135 1134 1136 1135 1135 1136 1137 1136 1138 1137 1139 1140 1141 1140 1142 1141 1141 1142 1143 1144 1145 1146 1145 1147 1146 1148 1149 1150 1149 1151 1150 1150 1151 1152 1151 1153 1152 1152 1153 1154 1155 1156 1157 1156 1158 1157 1157 1158 1159 1158 1160 1159 1159 1160 1161 1162 1163 1164 1163 1165 1164 1164 1165 1166 1167 1168 1169 1168 1170 1169 1171 1172 1173 1172 1174 1173 1173 1174 1175 1174 1176 1175 1175 1176 1177 1178 1179 1180 1179 1181 1180 1182 1183 1184 1183 1185 1184 1186 1187 1188 1187 1189 1188 1190 1191 1192 1191 1193 1192 1194 1195 1196 1195 1197 1196 1198 1199 1200 1199 1201 1200 1200 1201 1202 1201 1203 1202 1202 1203 1204 1205 1206 1207 1206 1208 1207 1207 1208 1209 1208 1210 1209 1209 1210 1211 1210 1212 1211 1211 1212 1213 1214 1215 1216 1215 1217 1216 1218 1219 1220 1219 1221 1220 1222 1223 1224 1223 1225 1224 1226 1227 1228 1227 1229 1228 1230 1231 1232 1231 1233 1232 1234 1235 1236 1235 1237 1236 1238 1239 1240 1239 1241 1240 1240 1241 1242 1243 1244 1245 1244 1246 1245 1245 1246 1247 1248 1249 1250 1249 1251 1250 1252 1253 1254 1253 1255 1254 1254 1255 1256 1257 1258 1259 1258 1260 1259 1261 1262 1263 1262 1264 1263 1263 1264 1265 1266 1267 1268 1267 1269 1268 1270 1271 1272 1271 1273 1272 1274 1275 1276 1275 1277 1276 1276 1277 1278 1279 1280 1281 1280 1282 1281 1283 1284 1285 1284 1286 1285 1287 1288 1289 1288 1290 1289 1291 1292 1293 1292 1294 1293 1295 1296 1297 1296 1298 1297 1299 1300 1301 1300 1302 1301 1303 1304 1305 1304 1306 1305 1307 1308 1309 1308 1310 1309 1311 1312 1313 1312 1314 1313 1315 1316 1317 1316 1318 1317 1319 1320 1321 1320 1322 1321 1323 1324 1325 1324 1326 1325 1327 1328 1329 1328 1330 1329 1331 1332 1333 1332 1334 1333 1333 1334 1335 1336 1337 1338 1337 1339 1338 1338 1339 1340 1341 1342 1343 1342 1344 1343 1343 1344 1345 1346 1347 1348 1347 1349 1348 1348 1349 1350 1351 1352 1353 1352 1354 1353 1353 1354 1355 1354 1356 1355 1357 1358 1359 1358 1360 1359 1359 1360 1361 1362 1363 1364 1363 1365 1364 1366 1367 1368 1367 1369 1368 1370 1371 1372 1371 1373 1372 1374 1375 1376 1375 1377 1376 1376 1377 1378 1379 1380 1381 1380 1382 1381 1381 1382 1383 1382 1384 1383 1383 1384 1385 1384 1386 1385 1387 1388 1389 1388 1390 1389 1389 1390 1391 1390 1392 1391 1393 1394 1395 1394 1396 1395 1397 1398 1399 1398 1400 1399 1399 1400 1401 1400 1402 1401 1403 1404 1405 1404 1406 1405 1407 1408 1409 1408 1410 1409 1411 1412 1413 1412 1414 1413 1415 1416 1417 1416 1418 1417 1417 1418 1419 1420 1421 1422 1421 1423 1422 1422 1423 1424 1425 1426 1427 1426 1428 1427 1429 1430 1431 1430 1432 1431 1431 1432 1433 1432 1434 1433 1433 1434 1435 1436 1437 1438 1437 1439 1438 1438 1439 1440 1439 1441 1440 1440 1441 1442 1441 1443 1442 1442 1443 1444 1443 1445 1444 1446 1447 1448 1447 1449 1448 1448 1449 1450 1449 1451 1450 1450 1451 1452 1453 1454 1455 1454 1456 1455 1455 1456 1457 1458 1459 1460 1459 1461 1460 1462 1463 1464 1463 1465 1464 1466 1467 1468 1467 1469 1468 1470 1471 1472 1471 1473 1472 1474 1475 1476 1475 1477 1476 1478 1479 1480 1479 1481 1480 1482 1483 1484 1483 1485 1484 1486 1487 1488 1487 1489 1488 1490 1491 1492 1491 1493 1492 1492 1493 1494 1495 1496 1497 1496 1498 1497 1499 1500 1501 1500 1502 1501 1501 1502 1503 1504 1505 1506 1505 1507 1506 1508 1509 1510 1509 1511 1510 1512 1513 1514 1513 1515 1514 1516 1517 1518 1517 1519 1518 1520 1521 1522 1521 1523 1522 1524 1525 1526 1525 1527 1526 1528 1529 1530 1529 1531 1530 1532 1533 1534 1533 1535 1534 1536 1537 1538 1537 1539 1538 1540 1541 1542 1541 1543 1542 1544 1545 1546 1545 1547 1546 1548 1549 1550 1549 1551 1550 1552 1553 1554 1553 1555 1554 1556 1557 1558 1557 1559 1558 1560 1561 1562 1561 1563 1562 1564 1565 1566 1565 1567 1566 1568 1569 1570 1569 1571 1570 1572 1573 1574 1573 1575 1574 1576 1577 1578 1579 1580 1581 1582 1583 1584 1585 1586 1587 1588 1589 1590 1591 1592 1593 1594 1595 1596 1597 1598 1599 1600 1601 1602 1603 1604 1605 1606 1607 1608 1609 1610 1611 1612 1613 1614 1615 1616 1617 1618 1619 1620 1621 1622 1623 1624 1625 1626 1627 1628 1629 1630 1631 1632 1633 1634 1635 1636 1637 1638 1639 1640 1641 1642 1643 1644 1645 1646 1647 1648 1649 1650 1651 1652 1653 1654 1655 1656 1657 1658 1659 1660 1661 1662 1663 1664 1665 1666 1667 1668 1669 1670 1671 1672 1673 1674 1675 1676 1677 1678 1679 </p>
        </polylist>
      </mesh>
    </geometry>
  </library_geometries>
  <library_controllers>
    <controller id="controller">
      <skin source="#geometry">
        <source id="controller-joints">
          <Name_array id="controller-joints-array" count="26">joint0 joint1 joint2 joint3 joint4 joint5 joint6 joint7 joint8 joint9 joint10 joint11 joint12 joint13 joint14 joint15 joint16 joint17 joint18 joint19 joint20 joint21 joint22 joint23 joint24 joint25 </Name_array>
          <technique_common>
            <accessor source="#controller-joints-array" count="26">
              <param name="JOINT" type="Name"/>
            </accessor>
          </technique_common>
        </source>
        <source id="controller-bind-poses">
          <float_array id="controller-bind-poses-array" count="416">1 0 0 0 0 1 0 0 0 0 1 0 0 0 0 1 1 0 0 0 0 1 0 -0.248046875 0 0 1 0 0 0 0 1 0 0 1 -1.41845703125 0 1 0 -36.97802734375 -1 0 0 0 0 0 0 1 0 1 0 -36.97802734375 1 0 0 0 0 0 -1 1.41845703125 0 0 0 1 0 0.9999994635584848 0.0007324214820984996 -42.185581048117314 1 0 0 0 0 0.0007324214820984996 -0.9999994635584848 1.3799910295057733 0 0 0 1 0 0.9999994635584848 0.0007324214820984996 -51.759799798117314 1 0 0 0 0 0.0007324214820984996 -0.9999994635584848 1.3724226701307733 0 0 0 1 0 0.9977983460175515 0.06665171319192913 -66.03588059855525 1 0 0 0 0 0.06665171319192913 -0.9977983460175515 -2.8055406177524524 0 0 0 1 0 0.9999957096600897 0.0000016120618882419632 -70.70959931291864 1 0 0 0 0 0.0000016120618882419632 -0.9999957096600897 1.911481830710238 0 0 0 1 0 -0.9981426759674012 -0.06005103170720322 36.994538643395565 -1 0 0 5.591796875 0 0.06005103170720322 -0.9981426759674012 -0.8044093014158655 0 0 0 1 0 -0.9987268988829571 -0.047859541242323375 23.080508672824045 -1 0 0 5.591796875000001 0 0.047859541242323375 -0.9987268988829571 -0.5226648107808066 0 0 0 1 0 -0.9999480399641435 -0.0000104779016339196 8.365381815776143 -1 0 0 5.591796874999999 0 0.0000104779016339196 -0.9999480399641435 -0.12251777782108503 0 0 0 1 0 -0.0000104779016339196 0.9999480399641435 -6.327433394053914 -1 0 0 5.591796874999999 0 -0.9999480399641435 -0.0000104779016339196 0.5240732220261439 0 0 0 1 1 0 0 -4.39990234375 0 0.9999957096600897 0.0000016120618882419632 -59.40052709269439 0 -0.0000016120618882419632 0.9999957096600897 -1.417628951796311 0 0 0 1 1 0 0 -8.917968750000002 0 0.9999957096600897 0.0000016120618882419632 -59.40052709269439 0 -0.0000016120618882419632 0.9999957096600897 -1.417628951796311 0 0 0 1 0.004638572065561076 -0.000001612027201806511 0.9999741929386234 -1.504622636042159 0 0.9999957096600897 0.0000016120618882419632 -59.40052709269438 -0.9999784831862193 -0.000000007477665242754812 0.004638552164510216 18.754006877420704 0 0 0 0.9999999999999998 0.004638572065561077 -0.000001612027201806511 0.9999741929386234 -11.07102888604216 0.9999779467562466 0.0007324258174226153 -0.004638548495489507 -18.7975030390835 -0.0007324057227218603 0.9999951732153993 0.0000050094362745868176 -59.386759390273184 0 0 0 1.0000000000000002 0 -0.9981426759674012 -0.06005103170720322 36.994538643395565 -1 0 0 -5.591796875 0 0.06005103170720322 -0.9981426759674012 -0.8044093014158655 0 0 0 1 0 -0.9987268988829571 -0.047859541242323375 23.080508672824045 -1 0 0 -5.591796875000001 0 0.047859541242323375 -0.9987268988829571 -0.5226648107808066 0 0 0 1 0 -0.9999480399641435 -0.0000104779016339196 8.365381815776143 -1 0 0 -5.591796874999999 0 0.0000104779016339196 -0.9999480399641435 -0.12251777782108503 0 0 0 1 0 -0.0000104779016339196 0.9999480399641435 -6.327433394053914 -1 0 0 -5.591796874999999 0 -0.9999480399641435 -0.0000104779016339196 0.5240732220261439 0 0 0 1 -1 0 0 -4.39990234375 0 -0.9999957096600897 -0.0000016120618882419632 59.40052709269439 0 -0.0000016120618882419632 0.9999957096600897 -1.417628951796311 0 0 0 1 -1 0 0 -8.917968750000002 0 -0.9999957096600897 -0.0000016120618882419632 59.40052709269439 0 -0.0000016120618882419632 0.9999957096600897 -1.417628951796311 0 0 0 1 -0.004638572065561076 -0.000001612027201806511 0.9999741929386234 -1.504622636042159 0 -0.9999957096600897 -0.0000016120618882419632 59.40052709269438 0.9999784831862193 -0.000000007477665242754812 0.004638552164510216 18.754006877420704 0 0 0 0.9999999999999998 -0.004638572065561077 -0.000001612027201806511 0.9999741929386234 -11.07102888604216 0.9999779467562466 -0.0007324258174226153 0.004638548495489507 18.7975030390835 0.0007324057227218603 0.9999951732153993 0.0000050094362745868176 -59.386759390273184 0 0 0 1.0000000000000002 -0.004638572065561075 -0.0000016120272018065108 0.9999741929386232 -16.749007401667154 0.9999779467562466 -0.000000007477661231424737 0.004638549676198264 18.75399681699283 -0.000000000000000000013342007395299837 0.9999951732208758 0.000001612061023465041 -59.40049522778563 0 0 0 0.9999999999999998 0.004638572065561075 -0.0000016120272018065108 0.9999741929386232 -16.749007401667154 0.9999779467562466 0.000000007477661231424737 -0.004638549676198264 -18.75399681699283 0.000000000000000000013342007395299837 0.9999951732208758 0.000001612061023465041 -59.40049522778563 0 0 0 0.9999999999999998 </float_array>
          <technique_common>
            <accessor source="#controller-bind-poses-array" count="26" stride="16">
              <param name="TRANSFORM" type="float4x4"/>
            </accessor>
          </technique_common>
        </source>
        <source id="controller-weights">
          <float_array id="controller-weights-array" count="6">1 0.5 0.58984375 0.3515625 0.05078125 0.01171875 </float_array>
          <technique_common>
            <accessor source="#controller-weights-array" count="6">
              <param name="WEIGHT" type="float"/>
            </accessor>
          </technique_common>
        </source>
        <joints>
          <input semantic="JOINT" source="#controller-joints"/>
          <input semantic="INV_BIND_MATRIX" source="#controller-bind-poses"/>
        </joints>
        <vertex_weights count="1680">
          <input semantic="JOINT" source="#controller-joints" offset="0"/>
          <input semantic="WEIGHT" source="#controller-weights" offset="1"/>
          <vcount>1 1 1 1 1 1 1 1 1 1 1 1 1 1 1 1 1 1 1 1 1 1 1 1 1 1 1 1 1 1 1 1 1 1 1 1 1 1 1 1 1 1 1 1 1 1 1 1 1 1 1 1 1 1 1 1 1 1 1 1 1 1 1 1 1 1 1 1 1 1 1 1 1 1 1 1 1 1 1 1 1 1 1 1 1 1 1 1 1 1 1 1 1 1 1 1 1 1 1 1 1 1 1 1 1 1 1 1 1 1 1 1 1 1 1 1 1 1 1 1 1 1 1 1 1 1 1 1 1 1 1 1 1 1 1 1 1 1 1 1 1 1 1 1 1 1 1 1 1 1 1 1 1 1 1 1 1 1 1 1 1 1 1 1 1 1 1 1 1 1 1 1 1 1 1 1 1 1 1 1 1 1 1 1 1 1 1 1 1 1 1 1 1 1 1 1 1 1 1 1 1 1 1 1 1 1 1 1 1 1 1 1 1 1 1 1 1 1 1 1 1 1 1 1 1 1 1 1 1 1 1 1 1 1 1 1 1 1 1 1 1 1 1 1 1 1 1 1 1 1 1 1 1 1 1 1 1 1 1 1 1 1 1 1 1 1 1 1 1 1 1 1 1 1 1 1 1 1 1 1 1 1 1 1 1 1 1 1 1 1 1 1 1 1 1 1 1 1 1 1 1 1 1 1 1 1 1 1 1 1 1 1 1 1 1 1 2 1 2 1 1 2 2 1 1 1 1 2 1 2 1 2 2 1 1 1 1 2 1 2 1 1 1 2 1 1 1 1 1 1 1 1 1 1 1 2 1 1 1 1 1 1 1 1 1 1 1 1 1 1 1 1 1 1 1 1 1 1 1 1 1 1 1 1 1 1 1 1 1 1 1 1 1 1 1 1 1 1 1 1 1 1 1 1 1 1 1 1 1 1 1 1 1 1 1 1 1 1 1 1 1 1 1 1 1 1 1 1 1 1 1 1 1 1 1 1 1 1 1 1 1 1 1 1 1 1 1 1 1 1 1 1 1 1 1 1 1 1 1 1 1 1 1 1 1 1 1 1 1 1 1 1 1 1 1 1 1 1 1 1 1 1 1 1 1 1 1 1 1 1 1 1 1 1 1 1 1 1 1 1 2 1 1 1 1 1 1 2 1 2 2 2 1 2 1 1 1 1 1 1 1 1 1 1 1 1 1 1 1 1 1 1 1 1 1 1 1 1 2 2 1 2 1 2 2 1 1 1 1 2 1 2 1 1 1 1 2 1 1 1 1 1 1 1 1 1 1 1 2 1 1 1 1 1 1 1 1 1 1 1 1 1 1 1 1 1 1 1 1 1 1 1 1 1 1 1 1 1 1 1 1 1 1 1 1 1 1 1 1 1 1 1 1 1 1 1 1 1 1 1 1 1 1 1 1 1 1 1 1 1 1 1 1 1 1 1 1 1 1 1 1 1 1 1 1 1 1 1 1 1 1 1 1 1 1 1 1 1 1 1 1 1 1 1 1 1 1 1 1 1 1 1 1 1 1 1 1 1 1 1 1 1 1 1 1 1 1 1 1 1 1 1 1 1 1 1 1 1 1 1 1 1 1 1 1 1 1 1 1 1 1 1 1 1 1 1 1 2 1 1 2 2 1 2 2 2 1 1 1 1 2 2 1 1 2 2 1 1 1 1 1 1 1 1 1 1 1 1 1 1 1 1 1 1 1 1 2 1 1 1 1 1 1 1 1 1 1 1 1 1 1 1 1 1 1 1 1 1 2 1 1 1 1 1 1 1 1 1 1 1 2 2 1 1 2 1 1 1 1 1 1 1 1 1 1 1 1 1 1 1 1 1 1 2 1 1 1 1 1 2 1 1 1 1 1 1 1 1 1 1 1 1 1 1 1 1 1 1 1 1 1 1 1 1 1 1 1 1 1 1 1 1 1 1 1 1 1 1 1 1 1 1 1 1 1 1 1 1 1 1 1 1 1 1 1 1 1 1 1 1 1 1 2 2 1 2 1 1 1 1 1 1 2 1 2 2 1 1 1 1 2 2 1 2 1 1 1 1 1 1 1 1 1 1 1 1 1 1 1 1 1 1 1 1 1 1 1 1 1 1 1 1 1 1 1 1 1 1 1 1 1 1 1 1 1 1 1 1 1 1 1 1 1 1 1 1 1 1 2 1 1 1 1 1 1 1 1 1 2 1 2 2 1 1 1 1 1 1 1 1 1 1 1 1 1 1 1 1 1 1 1 1 1 1 1 1 1 1 1 1 1 1 1 1 1 1 1 1 1 1 1 1 1 1 1 1 1 1 1 1 1 1 2 1 1 1 1 1 1 1 1 1 1 1 1 1 1 1 1 1 1 1 1 1 1 1 1 1 1 1 1 1 1 1 1 1 1 1 1 1 1 1 1 1 1 1 1 1 1 1 1 1 1 1 1 1 1 1 1 1 1 1 1 1 1 1 1 1 1 1 1 1 1 1 1 1 1 1 1 1 1 1 1 1 1 1 1 1 1 1 1 1 1 1 1 1 1 1 1 1 1 1 1 1 1 1 1 1 1 1 1 1 1 1 1 1 1 1 1 1 1 1 1 1 1 1 1 1 1 1 1 1 1 1 1 1 1 1 1 1 1 1 1 1 1 1 1 1 1 1 1 1 1 1 1 1 1 1 1 1 1 1 1 1 1 1 1 1 1 1 1 1 1 1 1 1 1 1 1 1 4 1 1 1 1 1 1 1 1 1 1 4 1 1 1 1 1 1 1 1 1 1 1 1 1 1 1 1 1 1 1 1 1 1 1 1 1 1 1 1 1 1 1 1 1 1 1 1 1 1 1 1 1 1 1 1 1 1 1 1 1 1 1 1 1 1 1 1 1 1 1 1 1 1 1 1 1 1 1 1 1 1 1 1 1 1 1 1 1 1 1 1 1 1 1 1 1 1 1 1 1 1 1 1 1 1 1 1 1 1 1 1 1 1 1 1 1 1 1 1 1 1 1 1 1 1 1 1 1 1 1 1 1 1 1 1 1 1 1 1 1 1 1 1 1 1 1 1 1 1 1 1 1 1 1 1 1 1 1 1 1 1 1 1 1 1 1 1 1 1 1 1 1 1 1 1 1 1 1 1 1 1 1 1 1 1 1 1 1 1 1 1 1 1 1 1 1 1 1 1 1 1 1 1 1 1 1 1 1 1 1 1 1 1 1 1 1 1 1 1 1 1 1 1 1 1 1 1 1 1 1 1 1 1 1 1 1 1 1 1 1 1 1 1 1 1 1 1 1 1 1 1 1 1 1 1 1 1 1 1 1 1 1 1 1 1 1 1 1 1 1 1 1 1 1 1 1 1 1 1 1 1 1 1 1 1 1 1 1 1 1 1 1 1 1 1 1 1 1 1 1 1 1 1 1 1 1 1 1 1 1 1 1 1 1 1 1 1 1 1 1 1 1 1 1 1 1 1 1 1 1 1 1 1 1 1 1 1 1 1 1 1 1 1 1 1 1 1 1 1 1 1 1 1 1 1 1 1 1 1 1 1 1 1 1 1 1 1 1 1 1 1 1 1 1 1 1 1 1 1 1 1 1 1 1 1 1 1 1 1 1 1 1 1 1 1 1 1 1 1 1 1 1 1 1 1 1 1 1 1 1 1 1 1 1 1 1 1 1 1 1 1 1 1 1 1 1 1 1 1 1 1 1 1 1 1 1 1 1 1 1 1 1 1 1 1 1 1 1 1 1 1 1 1 1 1 1 1 1 1 1 1 1 1 1 1 1 1 1 1 1 1 1 1 1 1 1 1 1 1 </vcount>
          <v>7 0 7 0 7 0 7 0 7 0 7 0 7 0 7 0 7 0 7 0 7 0 7 0 7 0 7 0 7 0 7 0 7 0 7 0 7 0 7 0 7 0 7 0 7 0 7 0 7 0 7 0 7 0 7 0 7 0 7 0 7 0 7 0 7 0 7 0 7 0 7 0 7 0 7 0 7 0 7 0 7 0 7 0 7 0 7 0 7 0 7 0 7 0 7 0 7 0 7 0 7 0 7 0 7 0 7 0 7 0 7 0 7 0 7 0 7 0 7 0 7 0 7 0 7 0 7 0 7 0 7 0 7 0 7 0 7 0 7 0 7 0 7 0 7 0 7 0 7 0 7 0 7 0 7 0 7 0 7 0 7 0 7 0 7 0 7 0 7 0 7 0 7 0 7 0 7 0 7 0 7 0 7 0 7 0 7 0 7 0 7 0 7 0 7 0 7 0 7 0 7 0 7 0 7 0 7 0 7 0 7 0 7 0 7 0 7 0 7 0 7 0 7 0 7 0 7 0 7 0 7 0 7 0 7 0 7 0 7 0 7 0 7 0 7 0 7 0 7 0 7 0 7 0 7 0 7 0 7 0 7 0 7 0 7 0 7 0 7 0 7 0 7 0 7 0 7 0 7 0 7 0 7 0 7 0 7 0 7 0 7 0 7 0 7 0 7 0 7 0 7 0 7 0 7 0 7 0 7 0 7 0 7 0 7 0 7 0 7 0 7 0 7 0 7 0 7 0 7 0 7 0 7 0 7 0 7 0 7 0 7 0 7 0 7 0 7 0 7 0 7 0 7 0 7 0 7 0 7 0 7 0 7 0 7 0 7 0 7 0 7 0 7 0 7 0 7 0 7 0 7 0 7 0 7 0 7 0 7 0 7 0 7 0 7 0 7 0 7 0 7 0 7 0 7 0 7 0 7 0 7 0 7 0 7 0 7 0 7 0 7 0 7 0 7 0 7 0 7 0 7 0 7 0 7 0 7 0 7 0 7 0 7 0 7 0 7 0 7 0 7 0 7 0 7 0 7 0 7 0 7 0 7 0 7 0 7 0 7 0 7 0 7 0 7 0 7 0 7 0 7 0 7 0 7 0 7 0 7 0 7 0 7 0 7 0 7 0 7 0 7 0 7 0 7 0 7 0 7 0 7 0 7 0 7 0 7 0 7 0 7 0 7 0 7 0 7 0 7 0 7 0 7 0 7 0 7 0 7 0 7 0 7 0 7 0 7 0 7 0 7 0 7 0 7 0 7 0 7 0 7 0 7 0 7 0 7 0 7 0 7 0 7 0 7 0 7 0 7 0 7 0 7 0 7 0 7 0 7 0 7 0 7 0 7 0 7 0 7 0 7 0 7 0 7 0 7 0 7 0 7 0 8 0 9 0 8 0 9 0 8 0 9 0 8 0 9 0 8 0 9 0 4 1 3 1 3 0 4 1 3 1 3 0 3 0 3 1 8 1 3 1 8 1 8 0 8 0 9 0 9 0 4 1 3 1 3 0 3 1 8 1 3 0 3 1 8 1 3 1 8 1 8 0 8 0 9 0 8 0 3 1 8 1 3 0 3 1 8 1 3 0 8 0 3 0 3 1 8 1 3 0 8 0 8 0 9 0 9 0 8 0 9 0 9 0 8 0 9 0 8 0 9 1 8 1 9 0 5 0 5 0 5 0 5 0 5 0 5 0 5 0 5 0 5 0 5 0 5 0 5 0 5 0 5 0 5 0 5 0 5 0 5 0 5 0 5 0 5 0 5 0 5 0 5 0 5 0 5 0 5 0 5 0 5 0 5 0 10 0 10 0 10 0 10 0 10 0 10 0 10 0 10 0 11 0 11 0 11 0 10 0 10 0 10 0 10 0 10 0 10 0 10 0 10 0 10 0 10 0 10 0 10 0 10 0 11 0 11 0 10 0 10 0 10 0 10 0 10 0 10 0 10 0 10 0 11 0 11 0 11 0 10 0 9 0 10 0 9 0 10 0 10 0 9 0 9 0 9 0 9 0 10 0 9 0 10 0 9 0 10 0 10 0 9 0 9 0 9 0 9 0 10 0 9 0 10 0 9 0 9 0 9 0 9 0 9 0 9 0 9 0 9 0 9 0 9 0 9 0 9 0 9 0 10 0 10 0 11 0 11 0 11 0 11 0 11 0 10 0 11 0 10 0 11 0 15 0 15 0 15 0 15 0 15 0 14 0 15 0 14 0 15 0 15 0 15 0 15 0 14 0 15 0 14 0 15 0 15 0 15 0 15 0 15 0 15 0 15 0 15 0 15 0 15 0 14 0 15 0 15 0 8 0 3 1 8 1 8 0 8 0 8 0 8 0 3 0 8 0 3 1 8 1 3 0 4 1 3 1 4 1 3 1 4 1 3 1 3 0 4 1 3 1 3 0 3 0 3 0 5 0 5 0 5 0 5 0 5 0 5 0 5 0 5 0 14 0 15 0 14 0 15 0 15 0 17 0 17 0 16 0 16 0 16 0 16 0 17 0 17 0 4 1 3 1 4 1 3 1 3 0 4 1 3 1 3 0 3 1 16 1 3 1 16 1 16 0 16 0 17 0 17 0 3 1 16 1 3 0 3 1 16 1 3 0 16 0 16 0 17 0 3 1 16 1 16 0 3 0 16 0 16 0 17 0 16 0 17 0 17 0 16 0 16 0 17 0 17 1 16 1 5 0 5 0 5 0 5 0 5 0 5 0 5 0 5 0 5 0 5 0 5 0 5 0 5 0 5 0 5 0 18 0 18 0 18 0 19 0 19 0 19 0 19 0 19 0 18 0 18 0 18 0 18 0 18 0 18 0 18 0 19 0 19 0 19 0 19 0 18 0 18 0 18 0 18 0 18 0 18 0 18 0 18 0 18 0 18 0 18 0 18 0 19 0 19 0 18 0 18 0 18 0 19 0 19 0 18 0 18 0 18 0 18 0 18 0 18 0 17 0 17 0 17 0 17 0 18 0 17 0 18 0 17 0 18 0 18 0 17 0 17 0 17 0 17 0 18 0 17 0 18 0 17 0 18 0 18 0 17 0 17 0 17 0 17 0 17 0 17 0 17 0 17 0 17 0 17 0 17 0 17 0 18 0 19 0 18 0 19 0 23 0 23 0 23 0 23 0 22 0 23 0 23 0 23 0 22 0 23 0 22 0 23 0 23 0 23 0 23 0 22 0 22 0 23 0 23 0 22 0 22 0 23 0 23 0 23 0 23 0 23 0 22 0 23 0 23 0 23 0 23 0 23 0 23 0 23 0 22 0 22 0 22 0 22 0 22 0 22 0 22 0 22 0 22 0 22 0 22 0 22 0 22 0 22 0 22 0 22 0 22 0 16 0 16 0 3 1 16 1 16 0 3 0 3 1 16 1 4 1 3 1 3 0 4 1 3 1 4 1 3 1 17 1 16 1 16 0 17 0 16 0 16 0 3 1 16 1 3 1 16 1 3 0 3 0 4 1 3 1 4 1 3 1 16 0 16 0 17 0 17 0 5 0 5 0 5 0 5 0 5 0 5 0 5 0 5 0 22 0 23 0 22 0 23 0 9 0 9 0 9 0 9 0 9 1 8 1 9 0 9 0 9 0 9 0 9 0 9 0 9 0 9 0 9 0 9 0 3 0 3 0 3 0 5 0 5 0 5 0 15 0 15 0 15 0 9 0 9 0 9 1 8 1 10 0 10 0 10 0 5 0 5 0 5 0 17 0 17 0 17 0 17 0 17 0 17 1 16 1 3 1 16 1 3 0 3 0 3 1 16 1 3 0 3 0 17 0 17 0 17 0 17 0 17 0 17 0 17 0 17 0 17 0 5 0 5 0 5 0 19 0 19 0 19 0 17 0 17 1 16 1 17 0 14 0 14 0 15 0 4 0 4 1 3 1 5 0 5 0 5 0 5 0 5 0 13 0 13 0 13 0 13 0 12 0 12 0 13 0 13 0 13 0 12 0 13 0 13 0 13 0 13 0 13 0 13 0 13 0 13 0 13 0 13 0 13 0 12 0 13 0 13 0 13 0 13 0 13 0 13 0 13 0 13 0 13 0 13 0 13 0 12 0 5 0 5 0 5 0 13 0 13 0 5 0 5 0 13 0 5 0 13 0 13 0 5 0 5 0 5 0 5 0 13 0 5 0 5 0 4 0 5 0 5 0 5 0 5 0 4 1 3 1 4 1 3 1 4 0 4 1 3 1 12 0 12 0 5 0 5 0 4 0 5 0 4 1 3 1 5 0 4 1 3 1 4 1 3 1 5 0 5 0 5 0 5 0 4 1 3 1 4 1 3 1 5 0 4 1 3 1 5 0 4 0 21 0 21 0 21 0 21 0 21 0 20 0 21 0 20 0 21 0 20 0 21 0 21 0 21 0 21 0 21 0 21 0 21 0 21 0 21 0 21 0 21 0 20 0 21 0 21 0 21 0 21 0 21 0 21 0 21 0 21 0 21 0 21 0 21 0 5 0 20 0 5 0 20 0 5 0 21 0 21 0 5 0 21 0 21 0 5 0 5 0 5 0 21 0 21 0 21 0 5 0 5 0 4 0 4 1 3 1 5 0 5 0 5 0 5 0 5 0 5 0 5 0 5 0 21 0 4 1 3 1 4 0 4 1 3 1 4 1 3 1 5 0 21 0 5 0 5 0 5 0 5 0 13 0 13 0 13 0 5 0 5 0 13 0 13 0 13 0 13 0 5 0 5 0 4 0 15 0 15 0 15 0 5 0 12 0 13 0 13 0 13 0 5 0 5 0 5 0 5 0 5 0 5 0 13 0 21 0 21 0 21 0 5 0 21 0 5 0 21 0 21 0 21 0 5 0 4 0 5 0 23 0 24 0 23 0 5 0 5 0 4 1 3 1 21 0 5 0 21 0 7 0 7 0 7 0 7 0 7 0 7 0 7 0 7 0 7 0 7 0 7 0 7 0 7 0 7 0 7 0 7 0 7 0 7 0 7 0 7 0 7 0 7 0 7 0 7 0 7 0 7 0 7 0 7 0 7 0 7 0 7 0 7 0 7 0 7 0 7 0 7 0 7 0 7 0 7 0 7 0 7 0 7 0 7 0 7 0 7 0 7 0 7 0 7 0 7 0 7 0 7 0 7 0 7 0 7 0 7 0 7 0 7 0 7 0 7 0 7 0 7 0 7 0 7 0 7 0 7 0 7 0 7 0 5 0 5 0 7 0 7 0 7 0 7 0 7 0 7 0 5 0 5 0 7 0 7 0 7 0 7 0 7 0 7 0 7 0 7 0 7 0 7 0 5 0 5 0 5 0 5 0 5 0 7 0 7 0 7 0 7 0 7 0 7 0 7 0 7 0 7 0 7 0 7 0 7 0 7 0 7 0 7 0 7 0 7 0 7 0 7 0 7 0 7 0 7 0 7 0 7 0 7 0 7 0 5 0 5 0 5 0 5 0 9 0 9 0 9 0 9 0 9 0 9 0 9 0 9 0 9 0 9 0 9 0 9 0 9 0 9 0 9 0 9 0 9 0 9 0 9 0 9 0 9 0 9 0 9 0 9 0 9 0 9 0 9 0 9 0 9 0 8 0 9 0 9 0 8 0 8 0 9 0 9 0 9 0 9 0 25 0 25 0 25 0 15 0 25 0 15 0 25 0 15 0 13 0 14 0 13 0 14 0 13 0 13 0 13 2 14 3 12 4 7 5 14 0 14 0 14 0 14 0 14 0 14 0 14 0 14 0 14 0 14 0 13 2 14 3 12 4 7 5 13 0 13 0 14 0 14 0 14 0 14 0 14 0 14 0 14 0 14 0 14 0 14 0 14 0 14 0 15 0 15 0 15 0 15 0 15 0 15 0 15 0 15 0 25 0 15 0 25 0 15 0 15 0 15 0 25 0 25 0 25 0 15 0 15 0 25 0 25 0 25 0 25 0 15 0 25 0 15 0 15 0 15 0 25 0 25 0 25 0 25 0 25 0 25 0 15 0 15 0 15 0 25 0 25 0 25 0 25 0 25 0 25 0 15 0 25 0 15 0 25 0 15 0 15 0 15 0 25 0 25 0 25 0 25 0 15 0 25 0 15 0 25 0 15 0 25 0 15 0 25 0 15 0 25 0 15 0 25 0 15 0 25 0 15 0 15 0 15 0 15 0 15 0 14 0 14 0 14 0 14 0 14 0 14 0 14 0 14 0 14 0 14 0 14 0 14 0 14 0 14 0 14 0 14 0 7 0 7 0 7 0 7 0 7 0 7 0 7 0 7 0 14 0 14 0 13 0 13 0 7 0 7 0 7 0 7 0 7 0 7 0 7 0 7 0 7 0 7 0 7 0 7 0 7 0 7 0 7 0 7 0 7 0 7 0 7 0 7 0 7 0 7 0 7 0 7 0 7 0 5 0 7 0 5 0 7 0 5 0 7 0 7 0 7 0 7 0 7 0 5 0 5 0 5 0 5 0 7 0 7 0 7 0 7 0 7 0 7 0 7 0 7 0 7 0 7 0 7 0 7 0 7 0 17 0 17 0 17 0 17 0 17 0 17 0 17 0 17 0 17 0 17 0 17 0 17 0 17 0 17 0 17 0 17 0 17 0 17 0 17 0 17 0 17 0 17 0 17 0 16 0 17 0 17 0 17 0 17 0 17 0 17 0 17 0 17 0 17 0 17 0 17 0 17 0 17 0 16 0 17 0 16 0 16 0 24 0 24 0 24 0 24 0 23 0 23 0 23 0 24 0 24 0 21 0 21 0 22 0 21 0 22 0 21 0 22 0 22 0 22 0 22 0 22 0 22 0 22 0 22 0 22 0 21 0 21 0 22 0 22 0 22 0 22 0 22 0 22 0 22 0 22 0 22 0 22 0 22 0 21 0 23 0 23 0 23 0 23 0 23 0 23 0 23 0 23 0 23 0 23 0 24 0 24 0 23 0 24 0 23 0 24 0 23 0 24 0 23 0 24 0 24 0 24 0 24 0 24 0 23 0 23 0 24 0 24 0 23 0 24 0 23 0 24 0 24 0 24 0 24 0 24 0 23 0 23 0 24 0 23 0 24 0 24 0 24 0 24 0 24 0 23 0 23 0 23 0 24 0 24 0 23 0 24 0 23 0 24 0 23 0 23 0 24 0 24 0 23 0 23 0 24 0 24 0 23 0 23 0 24 0 24 0 23 0 23 0 24 0 24 0 23 0 23 0 23 0 23 0 4 0 4 0 4 0 4 0 4 0 4 0 4 0 4 0 4 0 4 0 4 0 4 0 4 0 4 0 4 0 4 0 4 0 4 0 4 0 4 0 4 0 4 0 4 0 4 0 4 0 4 0 4 0 4 0 4 0 4 0 4 0 4 0 4 0 4 0 4 0 4 0 4 0 4 0 4 0 4 0 4 0 4 0 4 0 4 0 7 0 7 0 7 0 7 0 7 0 7 0 7 0 7 0 9 0 9 0 9 0 8 0 8 0 9 0 9 0 9 0 9 0 15 0 15 0 15 0 15 0 15 0 15 0 25 0 15 0 15 0 25 0 15 0 15 0 25 0 15 0 15 0 15 0 15 0 15 0 15 0 15 0 15 0 7 0 7 0 7 0 7 0 7 0 7 0 7 0 7 0 7 0 5 0 5 0 5 0 17 0 17 0 17 0 17 0 17 0 17 0 23 0 23 0 23 0 23 0 24 0 24 0 23 0 23 0 24 0 23 0 24 0 24 0 23 0 23 0 24 0 23 0 23 0 23 0 23 0 23 0 23 0 7 0 7 0 7 0 7 0 7 0 7 0 7 0 7 0 7 0 22 0 22 0 22 0 7 0 7 0 7 0 7 0 7 0 7 0 7 0 7 0 7 0 7 0 7 0 7 0 7 0 7 0 7 0 </v>
        </vertex_weights>
      </skin>
    </controller>
  </library_controllers>
  <library_visual_scenes>
    <visual_scene id="scene0" name="chara02">
      <node id="joint0" sid="joint0" name="world_root" type="JOINT">
        <matrix sid="transform">1 0 0 0 0 1 0 0 0 0 1 0 0 0 0 1</matrix>
        <node id="joint1" sid="joint1" name="world" type="JOINT">
          <matrix sid="transform">1 0 0 0 0 1 0 0.248046875 0 0 1 0 0 0 0 1</matrix>
          <node id="joint2" sid="joint2" name="Bip01" type="JOINT">
            <matrix sid="transform">0 0 -1 0 0 1 0 36.72998046875 1 0 0 1.41845703125 0 0 0 1</matrix>
            <node id="joint3" sid="joint3" name="Bip01_Pelvis" type="JOINT">
              <matrix sid="transform">0 0 -1 0 1 0 0 0 0 -1 0 0 0 0 0 1</matrix>
              <node id="joint4" sid="joint4" name="Bip01_Spine" type="JOINT">
                <matrix sid="transform">1 0 0.000732421875 5.20654296875 0 1 0 0 -0.000732421875 0 1 0.007568359375 0 0 0 1</matrix>
                <node id="joint5" sid="joint5" name="Bip01_Spine1" type="JOINT">
                  <matrix sid="transform">1 0 0 9.57421875 0 1 0 0 0 0 1 0.007568359375 0 0 0 1</matrix>
                  <node id="joint6" sid="joint6" name="Bip01_Neck" type="JOINT">
                    <matrix sid="transform">0.997802734375 0 0.06591796875 14.31591796875 0 1 0 0 -0.06591796875 0 0.997802734375 -0.18115234375 0 0 0 1</matrix>
                    <node id="joint7" sid="joint7" name="Bip01_Head" type="JOINT">
                      <matrix sid="transform">0.997802734375 0 -0.066650390625 4.645751953125 0 1 0 0 0.066650390625 0 0.997802734375 0 0 0 0 1</matrix>
                    </node>
                    <node id="joint12" sid="joint12" name="Bip01_L_Clavicle" type="JOINT">
                      <matrix sid="transform">0 0.997802734375 0.066650390625 -6.67138671875 1 0 0 4.39990234375 0 0.066650390625 -0.997802734375 -0.260986328125 0 0 0 1</matrix>
                      <node id="joint13" sid="joint13" name="Bip01_L_UpperArm" type="JOINT">
                        <matrix sid="transform">1 0 0 4.51806640625 0 1 0 0 0 0 1 0 0 0 0 1</matrix>
                        <node id="joint14" sid="joint14" name="Bip01_L_Forearm" type="JOINT">
                          <matrix sid="transform">0.004638671875 0 -1 9.843017578125 0 1 0 0 1 0 0.004638671875 0 0 0 0 1</matrix>
                          <node id="joint15" sid="joint15" name="Bip01_L_Hand" type="JOINT">
                            <matrix sid="transform">1 0 0 9.56640625 0 0.000732421875 1 0 0 -1 0.000732421875 0 0 0 0 1</matrix>
                            <node id="joint25" sid="joint25" name="Bip01_L_Finger0" type="JOINT">
                              <matrix sid="transform">1 0 0 5.677978515625 0 1 0.000732421875 0 0 -0.000732421875 1 0 0 0 0 1</matrix>
                            </node>
                          </node>
                        </node>
                      </node>
                    </node>
                    <node id="joint20" sid="joint20" name="Bip01_R_Clavicle" type="JOINT">
                      <matrix sid="transform">0 -0.997802734375 0.066650390625 -6.67138671875 -1 0 0 -4.39990234375 0 -0.066650390625 -0.997802734375 -0.260986328125 0 0 0 1</matrix>
                      <node id="joint21" sid="joint21" name="Bip01_R_UpperArm" type="JOINT">
                        <matrix sid="transform">1 0 0 4.51806640625 0 1 0 0 0 0 1 0 0 0 0 1</matrix>
                        <node id="joint22" sid="joint22" name="Bip01_R_Forearm" type="JOINT">
                          <matrix sid="transform">0.004638671875 0 -1 9.843017578125 0 1 0 0 1 0 0.004638671875 0 0 0 0 1</matrix>
                          <node id="joint23" sid="joint23" name="Bip01_R_Hand" type="JOINT">
                            <matrix sid="transform">1 0 0 9.56640625 0 0.000732421875 -1 0 0 1 0.000732421875 0 0 0 0 1</matrix>
                            <node id="joint24" sid="joint24" name="Bip01_R_Finger0" type="JOINT">
                              <matrix sid="transform">1 0 0 5.677978515625 0 1 -0.000732421875 0 0 0.000732421875 1 0 0 0 0 1</matrix>
                            </node>
                          </node>
                        </node>
                      </node>
                    </node>
                  </node>
                </node>
                <node id="joint8" sid="joint8" name="Bip01_L_Thigh" type="JOINT">
                  <matrix sid="transform">-0.998291015625 0 0.059326171875 -5.20654296875 0 -1 0 5.591796875 0.059326171875 0 0.998291015625 -0.01171875 0 0 0 1</matrix>
                  <node id="joint9" sid="joint9" name="Bip01_L_Calf" type="JOINT">
                    <matrix sid="transform">1 0 0.01220703125 13.92041015625 0 1 0 0 -0.01220703125 0 1 0 0 0 0 1</matrix>
                    <node id="joint10" sid="joint10" name="Bip01_L_Foot" type="JOINT">
                      <matrix sid="transform">0.998779296875 0 0.0478515625 14.731201171875 0 1 0 0 -0.0478515625 0 0.998779296875 0 0 0 0 1</matrix>
                      <node id="joint11" sid="joint11" name="Bip01_L_Toe0" type="JOINT">
                        <matrix sid="transform">0 0 1 7.84130859375 0 1 0 0 -1 0 0 -6.449951171875 0 0 0 1</matrix>
                      </node>
                    </node>
                  </node>
                </node>
                <node id="joint16" sid="joint16" name="Bip01_R_Thigh" type="JOINT">
                  <matrix sid="transform">-0.998291015625 0 0.059326171875 -5.20654296875 0 -1 0 -5.591796875 0.059326171875 0 0.998291015625 -0.01171875 0 0 0 1</matrix>
                  <node id="joint17" sid="joint17" name="Bip01_R_Calf" type="JOINT">
                    <matrix sid="transform">1 0 0.01220703125 13.92041015625 0 1 0 0 -0.01220703125 0 1 0 0 0 0 1</matrix>
                    <node id="joint18" sid="joint18" name="Bip01_R_Foot" type="JOINT">
                      <matrix sid="transform">0.998779296875 0 0.0478515625 14.731201171875 0 1 0 0 -0.0478515625 0 0.998779296875 0 0 0 0 1</matrix>
                      <node id="joint19" sid="joint19" name="Bip01_R_Toe0" type="JOINT">
                        <matrix sid="transform">0 0 1 7.84130859375 0 1 0 0 -1 0 0 -6.449951171875 0 0 0 1</matrix>
                      </node>
                    </node>
                  </node>
                </node>
              </node>
            </node>
          </node>
        </node>
      </node>
      <node id="node" name="chara02" type="NODE">
        <instance_controller url="#controller">
          <skeleton>#joint0</skeleton>
          <bind_material>
            <technique_common>
              <instance_material symbol="material0" target="#material0">
                <bind_vertex_input semantic="tc" input_semantic="TEXCOORD"/>
              </instance_material>
              <instance_material symbol="material1" target="#material1">
                <bind_vertex_input semantic="tc" input_semantic="TEXCOORD"/>
              </instance_material>
              <instance_material symbol="material2" target="#material2">
                <bind_vertex_input semantic="tc" input_semantic="TEXCOORD"/>
              </instance_material>
              <instance_material symbol="material3" target="#material3">
                <bind_vertex_input semantic="tc" input_semantic="TEXCOORD"/>
              </instance_material>
              <instance_material symbol="material4" target="#material4">
                <bind_vertex_input semantic="tc" input_semantic="TEXCOORD"/>
              </instance_material>
              <instance_material symbol="material5" target="#material5">
                <bind_vertex_input semantic="tc" input_semantic="TEXCOORD"/>
              </instance_material>
            </technique_common>
          </bind_material>
        </instance_controller>
      </node>
    </visual_scene>
  </library_visual_scenes>
  <scene>
    <instance_visual_scene url="#scene0"/>
  </scene>
</COLLADA>
