# Blender v2.81 (sub 16) OBJ File: ''
# www.blender.org
mtllib Julie.mtl
o chara04
v 1.351562 128.475739 11.947847
v 1.382812 129.913315 11.421841
v -0.066406 129.435333 13.808095
v -0.066406 131.737930 12.134054
v -1.488281 128.475739 11.947847
v -1.519531 129.913315 11.421841
v 1.351562 128.475739 11.947847
v -0.066406 129.435333 13.808095
v -0.066406 128.471054 11.975074
v -1.488281 128.475739 11.947847
v 1.351562 128.475739 11.947847
v 6.421875 127.809837 9.239966
v 1.382812 129.913315 11.421841
v 7.593750 129.796646 7.951734
v 7.558594 136.921158 8.524843
v 9.324219 133.944275 4.336641
v 7.511718 100.743347 2.442966
v 7.511718 100.743347 2.442966
v 8.878906 98.504883 2.542900
v 7.511718 100.743347 2.442966
v -1.488281 128.475739 11.947847
v -1.519531 129.913315 11.421841
v -6.558594 127.809837 9.239966
v -7.738282 129.797562 8.057288
v -1.339844 136.863174 12.365215
v -7.839844 136.919754 9.126705
v -1.519531 129.913315 11.421841
v -7.738282 129.797562 8.057288
v -7.535156 100.743347 2.442966
v -9.035156 98.504883 2.542900
v -7.535156 100.743347 2.442966
v -7.535156 100.743347 2.442966
v -0.066406 101.383118 9.014099
v -0.066406 101.383118 9.014099
v 7.511718 100.743347 2.442966
v -0.066406 101.383118 9.014099
v 7.558594 136.921158 8.524843
v 1.203125 136.863174 12.365215
v 1.382812 129.913315 11.421841
v -7.535156 100.743347 2.442966
v -0.066406 101.383118 9.014099
v -0.066406 101.383118 9.014099
v -7.738282 129.797562 8.057288
v -7.839844 136.919754 9.126705
v -9.460938 133.944275 4.336641
v 1.351562 128.475739 11.947847
v -0.066406 128.471054 11.975074
v -0.066406 125.853592 11.381108
v -1.488281 128.475739 11.947847
v 5.796875 126.794502 8.933706
v -0.066406 125.853592 11.381108
v -0.066406 124.640999 10.725315
v -5.933594 126.794502 8.933706
v 30.963905 110.280075 26.973354
v 31.499187 110.116379 26.981131
v 31.379738 109.424721 27.398693
v 30.844219 109.585022 27.382868
v 1.351562 128.475739 11.947847
v -0.066406 125.853592 11.381108
v 5.796875 126.794502 8.933706
v 6.421875 127.809837 9.239966
v -5.933594 126.794502 8.933706
v -0.066406 125.853592 11.381108
v -1.488281 128.475739 11.947847
v -6.558594 127.809837 9.239966
v 8.769385 33.065090 -4.257917
v 9.907405 28.806278 -1.923105
v 15.364656 33.080170 1.566583
v 13.306237 28.799759 2.407379
v 9.143984 31.853233 7.909503
v 8.736397 27.874096 5.554218
v 6.963694 9.375250 1.894393
v 6.391873 3.042663 5.386662
v 10.333344 10.779256 6.344128
v 10.582355 7.840904 8.198668
v 13.340109 9.682387 2.011714
v 14.436141 3.025838 6.093282
v 11.121095 88.443054 1.701656
v 10.324219 90.608566 2.085512
v -0.070312 88.222031 9.787377
v -0.070312 90.600754 9.308784
v -11.621095 88.446945 1.701992
v -10.824219 90.608566 2.085512
v 6.391873 3.042663 5.386662
v 6.963694 9.375250 1.894393
v 10.283524 3.903835 -3.273456
v 10.006226 9.255968 -1.738051
v 14.436141 3.025838 6.093282
v 13.340109 9.682387 2.011714
v 14.572841 0.988262 5.694768
v 15.100003 0.613583 11.947491
v 10.931622 0.989473 5.511490
v 10.841478 0.613086 12.166738
v 6.579344 0.988213 5.422095
v 6.582953 0.616554 12.389831
v 2.322555 31.802441 1.677825
v 6.963694 9.375250 1.894393
v 9.143984 31.853233 7.909503
v 10.333344 10.779256 6.344128
v 15.364656 33.080170 1.566583
v 13.340109 9.682387 2.011714
v 8.769385 33.065090 -4.257917
v 10.006226 9.255968 -1.738051
v 2.322555 31.802441 1.677825
v 6.963694 9.375250 1.894393
v -0.070312 76.219498 2.173550
v 1.132550 66.932457 2.443238
v 6.123069 77.519157 9.069984
v 6.685959 67.421577 9.044039
v 13.309464 76.183029 1.975235
v 13.305580 68.054459 2.549624
v 7.113282 124.640060 2.321399
v 3.445312 122.539009 1.404102
v -0.066406 122.340820 8.507971
v -0.066406 121.557999 4.691555
v -7.207031 124.640060 2.321399
v -3.582031 122.539009 1.404102
v -0.066406 116.727013 5.943833
v -0.066406 122.340820 8.507971
v -6.910156 119.551895 1.302868
v -7.207031 124.640060 2.321399
v -0.070312 120.272835 -3.336168
v -0.070312 125.723991 -2.585203
v 6.773063 119.552109 1.304203
v 7.113282 124.640060 2.321399
v 1.132550 66.932457 2.443238
v -0.070312 76.219498 2.173550
v 4.536729 67.384758 -2.656390
v 5.019532 75.841492 -4.517115
v 10.625275 67.943787 -2.605041
v 10.738282 76.167519 -3.481201
v 13.305580 68.054459 2.549624
v 13.309464 76.183029 1.975235
v 15.100003 0.613583 11.947491
v 14.744514 2.550084 12.378836
v 11.052211 0.614712 17.953159
v 11.017114 2.541095 17.716509
v 6.582953 0.616554 12.389831
v 6.895544 2.548542 12.782104
v 6.579344 0.988213 5.422095
v 6.391873 3.042663 5.386662
v 10.443589 0.706071 -2.630488
v 10.283524 3.903835 -3.273456
v 14.572841 0.988262 5.694768
v 14.436141 3.025838 6.093282
v 9.143984 31.853233 7.909503
v 8.736397 27.874096 5.554218
v 2.322555 31.802441 1.677825
v 5.377224 28.460339 1.442322
v 8.769385 33.065090 -4.257917
v 9.907405 28.806278 -1.923105
v -10.044335 28.803997 -1.923712
v -8.906158 33.066708 -4.258366
v -13.443167 28.797482 2.406771
v -15.501588 33.077888 1.565976
v -8.873170 27.875717 5.553768
v -9.280757 31.854856 7.909053
v -6.528615 3.042660 5.386648
v -7.100625 9.372972 1.893786
v -10.718853 7.840898 8.198652
v -10.470119 10.780878 6.343678
v -14.572883 3.025835 6.093267
v -13.476882 9.684011 2.011264
v -7.100625 9.372972 1.893786
v -6.528615 3.042660 5.386648
v -10.142966 9.255964 -1.738065
v -10.420266 3.903831 -3.273469
v -13.476882 9.684011 2.011264
v -14.572883 3.025835 6.093267
v -15.236743 0.613576 11.947233
v -14.709582 0.988259 5.694754
v -10.978218 0.613079 12.166480
v -11.068363 0.989470 5.511476
v -6.719693 0.616547 12.389573
v -6.716086 0.988210 5.422081
v -7.100625 9.372972 1.893786
v -2.459329 31.804060 1.677376
v -10.470119 10.780878 6.343678
v -9.280757 31.854856 7.909053
v -13.476882 9.684011 2.011264
v -15.501588 33.077888 1.565976
v -10.142966 9.255964 -1.738065
v -8.906158 33.066708 -4.258366
v -7.100625 9.372972 1.893786
v -2.459329 31.804060 1.677376
v -1.269325 66.934082 2.443166
v -0.070312 76.219498 2.173550
v -6.822892 67.419319 9.044188
v -6.260003 77.516678 9.066232
v -13.540255 68.052238 2.549784
v -13.508852 76.183289 1.975250
v -0.070312 76.219498 2.173550
v -1.269325 66.934082 2.443166
v -4.632813 76.180565 -4.538759
v -4.673805 67.381905 -2.597521
v -11.175782 76.167435 -3.661577
v -10.809192 67.942825 -2.546273
v -13.508852 76.183289 1.975250
v -13.540255 68.052238 2.549784
v -14.881253 2.550077 12.378578
v -15.236743 0.613576 11.947233
v -11.153853 2.541088 17.716251
v -11.188951 0.614705 17.952904
v -7.032284 2.548535 12.781847
v -6.719693 0.616547 12.389573
v -6.528615 3.042660 5.386648
v -6.716086 0.988210 5.422081
v -10.420266 3.903831 -3.273469
v -10.580331 0.706068 -2.630502
v -14.572883 3.025835 6.093267
v -14.709582 0.988259 5.694754
v -8.873170 27.875717 5.553768
v -9.280757 31.854856 7.909053
v -5.513999 28.461962 1.441872
v -2.459329 31.804060 1.677376
v -10.044335 28.803997 -1.923712
v -8.906158 33.066708 -4.258366
v 5.019532 75.841492 -4.517115
v 5.015625 78.213326 -5.147141
v 10.738282 76.167519 -3.481201
v 10.335938 77.190201 -3.518214
v 13.309464 76.183029 1.975235
v 13.288162 77.389000 1.918585
v -4.703125 78.333984 -5.136704
v -4.632813 76.180565 -4.538759
v -11.007813 77.659058 -3.544317
v -11.175782 76.167435 -3.661577
v -13.487550 77.389259 1.918600
v -13.508852 76.183289 1.975250
v 15.100003 0.613583 11.947491
v 11.052211 0.614712 17.953159
v 10.841478 0.613086 12.166738
v 6.582953 0.616554 12.389831
v 10.668690 118.177238 1.402207
v 10.234936 113.914192 -2.812865
v 8.422825 118.578766 1.366853
v 8.914062 113.948402 -3.226658
v 11.121095 88.443054 1.701656
v 13.224382 81.100601 1.743323
v 8.968751 81.850815 -3.636579
v 10.335938 77.190201 -3.518214
v 5.015625 78.213326 -5.147141
v 14.436141 3.025838 6.093282
v 10.582355 7.840904 8.198668
v 14.744514 2.550084 12.378836
v 11.017114 2.541095 17.716509
v 9.343750 129.054626 1.997677
v 8.800781 128.576721 2.449247
v 8.800781 127.521408 2.450622
v 8.191406 129.052505 2.900471
v 13.224382 81.100601 1.743323
v 11.121095 88.443054 1.701656
v 6.065464 78.463463 9.051641
v -0.070312 88.222031 9.787377
v -0.070312 77.560707 9.378847
v -6.202396 78.461197 9.051790
v -0.070312 76.219498 2.173550
v -6.260003 77.516678 9.066232
v 11.017114 2.541095 17.716509
v 10.582355 7.840904 8.198668
v 6.895544 2.548542 12.782104
v 6.391873 3.042663 5.386662
v 14.572841 0.988262 5.694768
v 10.931622 0.989473 5.511490
v 10.443589 0.706071 -2.630488
v 6.579344 0.988213 5.422095
v -0.070312 77.560707 9.378847
v -0.070312 76.219498 2.173550
v 6.065464 78.463463 9.051641
v 6.123069 77.519157 9.069984
v 5.019532 75.841492 -4.517115
v -0.070312 76.219498 2.173550
v 5.015625 78.213326 -5.147141
v -0.066406 80.791824 -5.673028
v 8.968751 81.850815 -3.636579
v -0.066406 88.208755 -4.882473
v 6.742188 88.352509 -2.827165
v -0.070312 90.608551 -4.129862
v 10.324219 90.608566 2.085512
v 8.878906 98.504883 2.542900
v 7.511718 100.743347 2.442966
v 4.058594 99.161560 7.352232
v -0.066406 101.383118 9.014099
v 10.324219 90.608566 2.085512
v 11.121095 88.443054 1.701656
v 6.742188 88.352509 -2.827165
v 8.968751 81.850815 -3.636579
v -15.236743 0.613576 11.947233
v -10.978218 0.613079 12.166480
v -11.188951 0.614705 17.952904
v -6.719693 0.616547 12.389573
v -13.423770 81.100861 1.743338
v -11.621095 88.446945 1.701992
v -9.105470 81.850815 -3.636579
v -8.250001 88.374466 -2.174369
v -0.066406 88.208755 -4.882473
v -0.070312 90.608551 -4.129862
v -14.572883 3.025835 6.093267
v -14.881253 2.550077 12.378578
v -10.718853 7.840898 8.198652
v -11.153853 2.541088 17.716251
v -7.032284 2.548535 12.781847
v -8.351562 129.052948 2.884849
v -8.937500 128.576721 2.449247
v -8.937500 127.521408 2.450622
v -9.460938 129.054184 2.013298
v -13.423770 81.100861 1.743338
v -6.202396 78.461197 9.051790
v -11.621095 88.446945 1.701992
v -0.070312 88.222031 9.787377
v -14.709582 0.988259 5.694754
v -10.580331 0.706068 -2.630502
v -11.068363 0.989470 5.511476
v -6.716086 0.988210 5.422081
v -4.632813 76.180565 -4.538759
v -4.703125 78.333984 -5.136704
v -0.070312 76.219498 2.173550
v -0.066406 80.791824 -5.673028
v -10.808111 118.178909 1.402219
v -8.558409 118.581146 1.366865
v -10.373638 113.912018 -2.812852
v -9.050781 113.948402 -3.226658
v -0.066406 101.383118 9.014099
v -7.535156 100.743347 2.442966
v -3.785156 99.321503 7.664866
v -9.035156 98.504883 2.542900
v -13.487550 77.389259 1.918600
v -13.423770 81.100861 1.743338
v -11.007813 77.659058 -3.544317
v -9.105470 81.850815 -3.636579
v -4.703125 78.333984 -5.136704
v -0.066406 80.791824 -5.673028
v -11.621095 88.446945 1.701992
v -10.824219 90.608566 2.085512
v -8.250001 88.374466 -2.174369
v -0.070312 90.608551 -4.129862
v 7.113282 124.640060 2.321399
v -0.070312 125.723991 -2.585203
v -0.070312 123.386093 -2.273939
v 3.445312 122.539009 1.404102
v 8.324219 117.670181 3.600645
v 10.672506 117.413399 3.484344
v 10.668690 118.177238 1.402207
v 8.422825 118.578766 1.366853
v 8.914062 113.948402 -3.226658
v 10.234936 113.914192 -2.812865
v 10.227903 111.439262 -0.722909
v 9.433594 110.301941 -0.865910
v 9.355469 110.302437 3.817936
v 9.433594 110.301941 -0.865910
v 10.227903 111.439262 -0.722909
v 10.124475 111.438828 3.644485
v 7.902344 113.950142 5.090198
v 9.355469 110.302437 3.817936
v 10.124475 111.438828 3.644485
v 10.207340 113.915466 4.914076
v 8.324219 117.670181 3.600645
v 7.902344 113.950142 5.090198
v 10.207340 113.915466 4.914076
v 10.672506 117.413399 3.484344
v 14.744514 2.550084 12.378836
v 15.100003 0.613583 11.947491
v 14.572841 0.988262 5.694768
v 14.436141 3.025838 6.093282
v 3.718750 118.799278 8.773623
v 5.300781 117.544518 4.502946
v 4.710938 112.914200 6.089496
v 3.128906 113.844757 10.320871
v 13.224382 81.100601 1.743323
v 6.065464 78.463463 9.051641
v 6.123069 77.519157 9.069984
v 13.288162 77.389000 1.918585
v -0.070312 100.582710 -2.252717
v 7.511718 100.743347 2.442966
v 8.878906 98.504883 2.542900
v -0.070312 98.552727 -4.141019
v -0.070312 123.386093 -2.273939
v -0.070312 125.723991 -2.585203
v -7.207031 124.640060 2.321399
v -3.582031 122.539009 1.404102
v -10.808111 118.178909 1.402219
v -10.811209 117.411217 3.484356
v -8.460938 117.670181 3.600645
v -8.558409 118.581146 1.366865
v -10.362766 111.437798 -0.722897
v -10.373638 113.912018 -2.812852
v -9.050781 113.948402 -3.226658
v -9.570312 110.301941 -0.865910
v -10.362766 111.437798 -0.722897
v -9.570312 110.301941 -0.865910
v -9.492188 110.302437 3.817936
v -10.263178 111.436661 3.644497
v -10.263178 111.436661 3.644497
v -9.492188 110.302437 3.817936
v -8.039062 113.950142 5.090198
v -10.342203 113.914009 4.914088
v -10.342203 113.914009 4.914088
v -8.039062 113.950142 5.090198
v -8.460938 117.670181 3.600645
v -10.811209 117.411217 3.484356
v -14.709582 0.988259 5.694754
v -15.236743 0.613576 11.947233
v -14.881253 2.550077 12.378578
v -14.572883 3.025835 6.093267
v -6.260003 77.516678 9.066232
v -6.202396 78.461197 9.051790
v -13.423770 81.100861 1.743338
v -13.487550 77.389259 1.918600
v -0.070312 98.552727 -4.141019
v -9.035156 98.504883 2.542900
v -7.535156 100.743347 2.442966
v -0.070312 100.582710 -2.252717
v 7.113282 124.640060 2.321399
v -0.066406 122.340820 8.507971
v -0.066406 116.727013 5.943833
v 6.773063 119.552109 1.304203
v 13.309464 76.183029 1.975235
v 13.288162 77.389000 1.918585
v 6.123069 77.519157 9.069984
v -10.718853 7.840898 8.198652
v -7.032284 2.548535 12.781847
v -6.528615 3.042660 5.386648
v -13.508852 76.183289 1.975250
v -6.260003 77.516678 9.066232
v -13.487550 77.389259 1.918600
v -9.105470 81.850815 -3.636579
v -0.066406 88.208755 -4.882473
v -0.066406 80.791824 -5.673028
v 13.224382 81.100601 1.743323
v 13.288162 77.389000 1.918585
v 10.335938 77.190201 -3.518214
v 23.291925 102.457474 -14.759657
v 18.502447 117.086723 -20.744686
v 18.657860 117.206505 -15.199631
v 16.372766 128.396194 -13.712775
v 19.317490 131.061569 -19.093721
v 19.892647 143.428528 -19.527588
v 14.426571 140.193909 -10.954233
v 17.565388 149.828156 -15.565307
v 8.609375 144.374619 -6.792336
v 4.878906 144.268784 -9.679775
v 11.102091 144.593246 -8.036531
v 6.959271 144.595413 -15.158821
v 6.983906 140.396744 -16.316425
v 4.878906 144.268784 -9.679775
v 2.894531 147.840744 -7.182714
v 6.959271 144.595413 -15.158821
v 6.271330 152.722076 -15.287803
v 8.312116 148.813049 -21.858425
v 6.503906 147.946457 -4.291369
v 11.909986 152.720459 -11.863667
v 2.894531 147.840744 -7.182714
v 6.271330 152.722076 -15.287803
v 8.609375 144.374619 -6.792336
v 11.102091 144.593246 -8.036531
v 6.503906 147.946457 -4.291369
v 11.909986 152.720459 -11.863667
v 6.271330 152.722076 -15.287803
v 11.909986 152.720459 -11.863667
v 8.312116 148.813049 -21.858425
v 17.565388 149.828156 -15.565307
v 12.018838 141.912720 -23.709509
v 19.892647 143.428528 -19.527588
v 16.062252 128.154007 -23.250999
v 19.317490 131.061569 -19.093721
v 8.312116 148.813049 -21.858425
v 12.018838 141.912720 -23.709509
v 6.983906 140.396744 -16.316425
v 10.690955 128.587509 -16.619328
v 8.609375 144.374619 -6.792336
v 6.503906 147.946457 -4.291369
v 10.402344 142.953644 -5.886739
v 7.015625 148.698654 -1.870269
v 9.652344 141.725876 -4.764614
v 6.265625 147.470886 -0.748143
v 8.609375 144.374619 -6.792336
v 10.402344 142.953644 -5.886739
v 4.878906 144.268784 -9.679775
v 3.757812 142.778061 -11.140772
v 0.253906 148.520554 -6.897682
v 2.871094 141.545578 -10.128216
v -0.632812 147.291992 -5.885016
v 3.757812 142.778061 -11.140772
v 10.402344 142.953644 -5.886739
v 2.871094 141.545578 -10.128216
v 9.652344 141.725876 -4.764614
v 6.503906 147.946457 -4.291369
v 2.894531 147.840744 -7.182714
v 7.015625 148.698654 -1.870269
v 0.253906 148.520554 -6.897682
v 6.265625 147.470886 -0.748143
v -0.632812 147.291992 -5.885016
v 9.535156 131.010620 4.695199
v 10.566406 138.627304 7.072323
v 7.652344 135.991425 9.198122
v 7.082031 144.185760 9.258259
v 2.953125 141.148132 11.630636
v -1.339844 146.524307 10.868340
v 1.109375 139.807953 14.375497
v -4.375000 146.141754 12.921170
v -3.906250 142.344467 11.066528
v -4.789062 144.784714 10.604100
v -7.886718 137.063507 10.674619
v -9.878906 140.779495 7.672653
v -9.839844 131.599442 4.328849
v -10.921875 137.570694 3.255099
v 9.535156 131.010620 4.695199
v 11.128906 139.407684 2.978822
v 10.566406 138.627304 7.072323
v 8.429688 144.985992 5.567891
v 7.082031 144.185760 9.258259
v -1.339844 146.524307 10.868340
v -4.570312 147.540756 9.755861
v -10.316406 142.523422 5.576307
v -4.789062 144.784714 10.604100
v -9.878906 140.779495 7.672653
v 8.429688 144.985992 5.567891
v -0.070312 147.876205 8.123812
v -1.339844 146.524307 10.868340
v -4.570312 147.540756 9.755861
v -4.375000 146.141754 12.921170
v -4.789062 144.784714 10.604100
v 2.953125 141.148132 11.630636
v 1.109375 139.807953 14.375497
v 5.292969 135.015121 11.101246
v -0.808594 138.381317 13.135191
v 22.018488 107.671509 -12.017255
v 21.156185 118.653214 -12.966481
v 21.156563 118.653160 -17.240377
v 16.372766 128.396194 -13.712775
v 16.062252 128.154007 -23.250999
v 22.018488 107.671509 -12.017255
v 21.156563 118.653160 -17.240377
v 24.236670 120.325096 -15.183975
v 19.317490 131.061569 -19.093721
v 22.018488 107.671509 -12.017255
v 24.236670 120.325096 -15.183975
v 21.156185 118.653214 -12.966481
v 16.372766 128.396194 -13.712775
v 14.426571 140.193909 -10.954233
v 17.565388 149.828156 -15.565307
v 11.102091 144.593246 -8.036531
v 11.909986 152.720459 -11.863667
v 9.046875 131.559998 0.477901
v 6.082031 127.585098 0.064358
v 7.148438 129.035004 -2.001231
v -0.070312 125.713966 -1.489491
v 6.644531 132.385513 -6.588659
v -0.070312 132.129745 -9.425627
v 12.910156 128.105057 4.198601
v 8.472656 123.470177 5.697142
v 9.644531 123.191048 4.927086
v 10.621094 120.460197 4.333817
v 11.312500 120.460327 3.915616
v 7.351562 116.734802 5.978997
v 8.984375 132.524521 2.854205
v 8.312500 130.350784 3.566507
v 12.910156 128.105057 4.198601
v 11.308594 128.038177 4.904138
v 8.472656 123.470177 5.697142
v 4.675781 147.831177 -1.187410
v -0.070312 146.005066 -7.504394
v -0.070312 149.293884 0.159446
v -5.203125 147.831177 -1.187410
v 7.761718 140.877136 7.675418
v 9.324219 133.944275 4.336641
v 8.699219 144.736374 5.134799
v 10.441406 139.039795 -0.729000
v 7.519531 144.867371 -4.456755
v 9.324219 133.944275 4.336641
v 9.402344 133.338028 1.868866
v 10.441406 139.039795 -0.729000
v 7.148438 129.035004 -2.001231
v 6.644531 132.385513 -6.588659
v 7.761718 140.877136 7.675418
v 8.699219 144.736374 5.134799
v 1.253906 142.771164 11.180235
v -0.066406 147.619034 7.819485
v -0.066406 143.024902 11.605627
v -1.390625 142.771164 11.180235
v 5.707031 140.667511 -8.519352
v -0.070312 138.584473 -11.009416
v -0.070312 146.005066 -7.504394
v -6.054688 140.667511 -8.519352
v -7.957031 144.867477 -4.460660
v 5.707031 140.667511 -8.519352
v 7.519531 144.867371 -4.456755
v 6.644531 132.385513 -6.588659
v 10.441406 139.039795 -0.729000
v 8.699219 144.736374 5.134799
v 4.675781 147.831177 -1.187410
v -0.066406 147.619034 7.819485
v -0.070312 149.293884 0.159446
v 6.644531 132.385513 -6.588659
v -0.070312 132.129745 -9.425627
v 5.707031 140.667511 -8.519352
v -0.070312 138.584473 -11.009416
v -32.356663 112.828911 26.964960
v -31.263756 113.115395 27.488352
v -31.636099 110.118546 26.983831
v -31.100668 110.282486 26.972158
v -9.183594 131.559998 0.477901
v -6.785156 129.035004 -2.001231
v -5.722656 127.585098 0.064358
v -0.070312 125.713966 -1.489491
v -9.625000 123.234001 4.928303
v -11.148438 120.323517 3.915650
v -8.410156 123.513252 5.694454
v -10.457031 120.323410 4.333851
v -13.046875 128.105057 4.198601
v -9.625000 123.234001 4.928303
v -11.445312 128.038177 4.904138
v -8.410156 123.513252 5.694454
v -9.121094 132.524521 2.854205
v -13.046875 128.105057 4.198601
v -8.449219 130.350784 3.566507
v -11.445312 128.038177 4.904138
v -7.898438 140.877136 7.675418
v -8.703125 144.736374 5.134799
v -9.460938 133.944275 4.336641
v -10.578125 139.039795 -0.729000
v -9.183594 131.559998 0.477901
v -9.539062 133.338028 1.868866
v -6.785156 129.035004 -2.001231
v -9.460938 133.944275 4.336641
v -6.781250 132.385513 -6.588659
v -10.578125 139.039795 -0.729000
v -0.066406 147.619034 7.819485
v -8.703125 144.736374 5.134799
v -1.390625 142.771164 11.180235
v -7.898438 140.877136 7.675418
v -5.203125 147.831177 -1.187410
v -7.957031 144.867477 -4.460660
v -8.703125 144.736374 5.134799
v -10.578125 139.039795 -0.729000
v -10.578125 139.039795 -0.729000
v -7.957031 144.867477 -4.460660
v -6.781250 132.385513 -6.588659
v -6.054688 140.667511 -8.519352
v -0.070312 132.129745 -9.425627
v -0.070312 138.584473 -11.009416
v -0.070312 149.293884 0.159446
v -5.203125 147.831177 -1.187410
v -0.066406 147.619034 7.819485
v -8.703125 144.736374 5.134799
v -0.070312 132.129745 -9.425627
v -0.070312 125.713966 -1.489491
v -6.781250 132.385513 -6.588659
v -6.785156 129.035004 -2.001231
v 19.737417 143.342010 -19.535492
v 20.531500 132.165802 -24.395634
v 17.758829 143.254272 -19.963219
v 19.533379 131.803864 -24.820400
v 10.690955 128.587509 -16.619328
v 16.062252 128.154007 -23.250999
v 14.753415 116.750748 -16.780903
v 18.502447 117.086723 -20.744686
v 23.291925 102.457474 -14.759657
v 10.690955 128.587509 -16.619328
v 14.753415 116.750748 -16.780903
v 16.372766 128.396194 -13.712775
v 18.657860 117.206505 -15.199631
v 11.113143 128.625580 -16.546799
v 12.053126 116.793007 -13.863535
v 15.175189 129.783264 -15.109594
v 14.077807 116.788475 -12.963040
v 10.690955 128.587509 -16.619328
v 14.426571 140.193909 -10.954233
v 6.983906 140.396744 -16.316425
v 6.983906 140.396744 -16.316425
v 14.426571 140.193909 -10.954233
v 11.102091 144.593246 -8.036531
v 0.253906 148.520554 -6.897682
v 2.894531 147.840744 -7.182714
v 4.878906 144.268784 -9.679775
v -3.906250 142.344467 11.066528
v -0.808594 138.381317 13.135191
v 1.109375 139.807953 14.375497
v 10.690955 128.587509 -16.619328
v 16.372766 128.396194 -13.712775
v 14.426571 140.193909 -10.954233
v 12.018838 141.912720 -23.709509
v 16.062252 128.154007 -23.250999
v 10.690955 128.587509 -16.619328
v -0.070312 146.005066 -7.504394
v 4.675781 147.831177 -1.187410
v 7.519531 144.867371 -4.456755
v -0.070312 146.005066 -7.504394
v 7.519531 144.867371 -4.456755
v 5.707031 140.667511 -8.519352
v 9.402344 133.338028 1.868866
v 9.046875 131.559998 0.477901
v 7.148438 129.035004 -2.001231
v 4.675781 147.831177 -1.187410
v 8.699219 144.736374 5.134799
v 7.519531 144.867371 -4.456755
v -0.070312 146.005066 -7.504394
v -7.957031 144.867477 -4.460660
v -5.203125 147.831177 -1.187410
v -10.457031 120.323410 4.333851
v -11.148438 120.323517 3.915650
v -7.488282 116.734802 5.978997
v -0.066406 101.383118 9.014099
v -0.066406 101.383118 9.014099
v -0.066406 101.383118 9.014099
v 19.533379 131.803864 -24.820400
v 20.531500 132.165802 -24.395634
v 26.110870 124.848053 -29.393879
v 24.236670 120.325096 -15.183975
v 19.317490 131.061569 -19.093721
v 16.372766 128.396194 -13.712775
v 21.156563 118.653160 -17.240377
v 16.062252 128.154007 -23.250999
v 19.317490 131.061569 -19.093721
v 18.502447 117.086723 -20.744686
v 16.062252 128.154007 -23.250999
v 16.372766 128.396194 -13.712775
v 14.753415 116.750748 -16.780903
v 23.291925 102.457474 -14.759657
v 18.657860 117.206505 -15.199631
v 6.983906 140.396744 -16.316425
v 6.959271 144.595413 -15.158821
v 8.312116 148.813049 -21.858425
v 14.426571 140.193909 -10.954233
v 16.372766 128.396194 -13.712775
v 19.317490 131.061569 -19.093721
v 14.077807 116.788475 -12.963040
v 12.053126 116.793007 -13.863535
v 16.380892 107.234314 -13.905564
v -9.878906 140.779495 7.672653
v -10.316406 142.523422 5.576307
v -10.921875 137.570694 3.255099
v 1.132550 66.932457 2.443238
v 3.498845 47.864674 2.192670
v 6.685959 67.421577 9.044039
v 7.731344 50.423832 7.770108
v 13.305580 68.054459 2.549624
v 11.766793 49.000771 2.953836
v 5.796875 126.794502 8.933706
v 4.859375 125.352303 5.207179
v 6.421875 127.809837 9.239966
v 7.167969 127.623108 3.137483
v 7.593750 129.796646 7.951734
v 7.820313 129.028854 2.907618
v 31.488567 113.893059 20.687248
v 32.487938 114.033051 27.681797
v 29.268888 111.849380 20.688368
v 32.219826 112.830299 26.966400
v 29.010632 112.107185 23.664684
v 31.126989 113.112885 27.489532
v 26.979481 111.490250 31.905060
v 27.288816 114.740601 27.897469
v 26.375809 111.366379 31.904509
v 25.642183 114.463509 27.735033
v 26.410774 111.279839 31.329266
v 25.836395 112.954659 27.506762
v 26.983654 111.394791 31.338255
v 27.259214 113.082924 27.668034
v 26.979481 111.490250 31.905060
v 27.288816 114.740601 27.897469
v 28.554523 110.417580 31.950073
v 29.213858 114.912361 28.128448
v 27.909233 110.418449 31.947578
v 27.288816 114.740601 27.897469
v 27.914452 110.539032 31.312658
v 27.259214 113.082924 27.668034
v 25.836395 112.954659 27.506762
v 25.442047 112.428680 25.767071
v 27.259214 113.082924 27.668034
v 27.276064 111.635689 24.813419
v 29.193964 113.164673 27.900553
v 29.010632 112.107185 23.664684
v 3.498845 47.864674 2.192670
v 1.132550 66.932457 2.443238
v 5.717779 48.788963 -1.543062
v 4.536729 67.384758 -2.656390
v 9.851873 49.354141 -1.159787
v 10.625275 67.943787 -2.605041
v 11.766793 49.000771 2.953836
v 13.305580 68.054459 2.549624
v 31.328810 113.835983 17.456608
v 30.592220 113.575699 2.904863
v 29.067659 115.801262 17.504793
v 28.121492 116.228180 2.720522
v 26.573086 113.327187 17.969854
v 24.642361 113.580688 5.728498
v 29.005035 111.693878 17.664036
v 27.809616 110.992188 4.049044
v 31.328810 113.835983 17.456608
v 30.592220 113.575699 2.904863
v 9.722656 133.648346 2.780509
v 8.605469 131.321548 3.652631
v 10.476562 132.639877 1.403526
v 9.687500 130.865631 1.810559
v 11.632812 132.143600 -0.255992
v 10.714844 130.430115 -0.062203
v 29.010632 112.107185 23.664684
v 27.276064 111.635689 24.813419
v 29.268888 111.849380 20.688368
v 26.798679 110.786087 22.557962
v 27.000803 113.268700 20.688858
v 25.710499 111.609230 23.081224
v 26.364059 111.035767 3.539051
v 15.607352 111.305656 0.698356
v 26.441109 113.711441 -0.783026
v 17.306273 113.810768 -1.838465
v 26.392509 116.229637 2.013374
v 16.337599 116.729111 1.600415
v 24.263884 113.711006 4.967708
v 16.198921 113.811256 4.891522
v 26.364059 111.035767 3.539051
v 15.538804 111.302132 3.607931
v 10.207340 113.915466 4.914076
v 12.170118 113.861389 4.855788
v 12.028345 117.755196 1.437485
v 13.373236 116.976768 1.394194
v 10.234936 113.914192 -2.812865
v 12.740554 113.862350 -2.363972
v -0.066406 123.782097 5.448019
v -0.066406 121.557999 4.691555
v 3.453125 125.596230 2.528978
v 3.445312 122.539009 1.404102
v -0.070312 125.713966 -1.489491
v -0.070312 123.386093 -2.273939
v -3.589844 125.596230 2.528978
v -3.582031 122.539009 1.404102
v -0.066406 123.782097 5.448019
v -0.066406 121.557999 4.691555
v 3.498845 47.864674 2.192670
v 5.377224 28.460339 1.442322
v 7.735460 46.504105 7.169402
v 8.736397 27.874096 5.554218
v 11.766793 49.000771 2.953836
v 13.306237 28.799759 2.407379
v 5.457031 117.148758 6.139464
v 6.027344 116.711166 6.244619
v 7.379230 119.668907 1.480045
v 8.004820 119.317009 1.359001
v -0.070312 121.209030 -3.842100
v -0.070312 121.017372 -4.550845
v -7.515625 119.668159 1.481924
v -8.140625 119.319771 1.359053
v -5.593750 117.148758 6.139464
v -6.164062 116.711166 6.244619
v 4.710938 112.914200 6.089496
v 5.570312 113.597282 6.840034
v 3.128906 113.844757 10.320871
v 4.437500 114.368561 9.856385
v 3.718750 118.799278 8.773623
v 4.859375 118.115646 8.765311
v 5.300781 117.544518 4.502946
v 5.992188 117.020172 5.705753
v 4.710938 112.914200 6.089496
v 5.570312 113.597282 6.840034
v 10.324219 90.608566 2.085512
v 7.632813 96.915009 2.467517
v -0.070312 90.600754 9.308784
v -0.066406 96.304657 9.104147
v -10.824219 90.608566 2.085512
v -7.816407 96.915009 2.467517
v 28.121492 116.228180 2.720522
v 26.392509 116.229637 2.013374
v 24.642361 113.580688 5.728498
v 24.263884 113.711006 4.967708
v 27.809616 110.992188 4.049044
v 26.364059 111.035767 3.539051
v 24.415115 110.348404 28.448053
v 24.214352 112.113403 24.759136
v 23.957272 109.421371 28.247948
v 25.710499 111.609230 23.081224
v 25.043625 109.303520 27.955353
v 26.798679 110.786087 22.557962
v 24.415115 110.348404 28.448053
v 25.442047 112.428680 25.767071
v 31.488567 113.893059 20.687248
v 29.268888 111.849380 20.688368
v 31.408571 113.863350 19.355736
v 29.136808 111.772408 19.460073
v 31.328810 113.835983 17.456608
v 29.005035 111.693878 17.664036
v 29.268888 111.849380 20.688368
v 27.000803 113.268700 20.688858
v 29.136808 111.772408 19.460073
v 26.784842 113.298683 19.613335
v 29.005035 111.693878 17.664036
v 26.573086 113.327187 17.969854
v 31.488567 113.893059 20.687248
v 31.408571 113.863350 19.355736
v 29.271063 115.708153 20.689262
v 29.165962 115.756157 19.357611
v 27.000803 113.268700 20.688858
v 26.784842 113.298683 19.613335
v 31.408571 113.863350 19.355736
v 31.328810 113.835983 17.456608
v 29.165962 115.756157 19.357611
v 29.067659 115.801262 17.504793
v 26.784842 113.298683 19.613335
v 26.573086 113.327187 17.969854
v 7.691407 108.973427 10.278252
v 7.902344 113.950142 5.090198
v -0.066406 108.894547 11.313406
v -0.066406 113.761047 7.262052
v -7.828125 108.973427 10.278252
v -8.039062 113.950142 5.090198
v 7.558594 136.921158 8.524843
v 7.761718 140.877136 7.675418
v 1.203125 136.863174 12.365215
v 1.253906 142.771164 11.180235
v -0.066406 136.856339 12.607346
v -0.066406 143.024902 11.605627
v -1.339844 136.863174 12.365215
v -1.390625 142.771164 11.180235
v -7.839844 136.919754 9.126705
v -7.898438 140.877136 7.675418
v 1.382812 129.913315 11.421841
v 1.203125 136.863174 12.365215
v -0.066406 131.737930 12.134054
v -0.066406 136.856339 12.607346
v -1.519531 129.913315 11.421841
v -1.339844 136.863174 12.365215
v -13.540255 68.052238 2.549784
v -11.903643 49.000515 2.953010
v -6.822892 67.419319 9.044188
v -7.868278 50.421558 7.770258
v -1.269325 66.934082 2.443166
v -3.635766 47.862583 2.190801
v -4.996094 125.352303 5.207179
v -5.933594 126.794502 8.933706
v -7.164062 127.623108 3.137483
v -6.558594 127.809837 9.239966
v -7.851562 129.028854 2.907618
v -7.738282 129.797562 8.057288
v -32.624779 114.031662 27.680357
v -31.624018 113.890793 20.687489
v -32.356663 112.828911 26.964960
v -29.405905 111.848053 20.688591
v -31.263756 113.115395 27.488352
v -29.147469 112.105797 23.663242
v -32.624779 114.031662 27.680357
v -32.356663 112.828911 26.964960
v -31.516502 109.427132 27.397499
v -31.636099 110.118546 26.983831
v -30.981052 109.583534 27.381411
v -31.100668 110.282486 26.972158
v -31.291563 114.748398 27.970945
v -31.263756 113.115395 27.488352
v -30.162731 109.565742 29.857016
v -30.230841 110.067368 29.221237
v -29.534325 109.669891 29.837154
v -29.606195 110.179382 29.201752
v -29.350843 114.910713 28.130907
v -29.330950 113.163025 27.903009
v -28.691502 110.415833 31.952515
v -28.697006 110.528351 31.320971
v -28.046211 110.416702 31.950024
v -28.051279 110.537544 31.311205
v -27.425652 114.739212 27.896030
v -27.396051 113.081535 27.666594
v -27.116394 111.492401 31.907763
v -27.120483 111.393303 31.336802
v -26.512789 111.364632 31.906948
v -26.547689 111.281998 31.331964
v -25.779022 114.462128 27.733593
v -25.973232 112.953278 27.505322
v -25.578882 112.427307 25.765631
v -25.973232 112.953278 27.505322
v -27.412832 111.638191 24.812239
v -27.396051 113.081535 27.666594
v -29.147469 112.105797 23.663242
v -29.330950 113.163025 27.903009
v -1.269325 66.934082 2.443166
v -3.635766 47.862583 2.190801
v -4.673805 67.381905 -2.597521
v -5.856428 48.747135 -1.481983
v -10.809192 67.942825 -2.546273
v -9.990367 49.315990 -1.102829
v -13.540255 68.052238 2.549784
v -11.903643 49.000515 2.953010
v -25.578882 112.427307 25.765631
v -24.351189 112.112015 24.757696
v -27.137749 113.271271 20.689205
v -25.847338 111.607849 23.079782
v -29.405905 111.848053 20.688591
v -26.935667 110.784439 22.560415
v -8.742188 131.321548 3.652631
v -9.859375 133.648346 2.780509
v -9.824219 130.865631 1.810559
v -10.613281 132.639877 1.403526
v -10.851562 130.430115 -0.062203
v -11.738281 132.143600 -0.255992
v -16.463894 111.306168 0.699491
v -21.670809 111.113297 2.118252
v -16.284456 113.810982 -1.837583
v -21.785229 113.761368 -1.310363
v -16.738476 116.728882 1.600003
v -22.190071 116.481216 1.808637
v -16.391384 113.810966 4.892423
v -21.897669 113.761368 4.928822
v -16.332298 111.305321 3.610281
v -21.640379 111.113541 3.573519
v -16.463894 111.306168 0.699491
v -21.670809 111.113297 2.118252
v -12.303906 113.860046 4.854315
v -10.342203 113.914009 4.914088
v -13.510493 116.975357 1.397020
v -12.163208 117.753731 1.437496
v -12.874342 113.861008 -2.365445
v -10.373638 113.912018 -2.812852
v -5.513999 28.461962 1.441872
v -3.635766 47.862583 2.190801
v -8.873170 27.875717 5.553768
v -7.872186 46.507023 7.170611
v -13.443167 28.797482 2.406771
v -11.903643 49.000515 2.953010
v -5.707031 113.597282 6.840034
v -4.847656 112.914200 6.089496
v -4.574219 114.368561 9.856385
v -3.265625 113.844757 10.320871
v -4.996094 118.115646 8.765311
v -3.855469 118.799278 8.773623
v -6.128906 117.020172 5.705753
v -5.437500 117.544518 4.502946
v -5.707031 113.597282 6.840034
v -4.847656 112.914200 6.089496
v -26.526222 116.232208 2.012024
v -28.258291 116.226959 2.716843
v -24.401556 113.709740 4.966651
v -24.779160 113.579460 5.724818
v -26.502296 111.034447 3.540056
v -27.946634 110.990860 4.049264
v -24.351189 112.112015 24.757696
v -24.551952 110.347015 28.446611
v -25.847338 111.607849 23.079782
v -24.094109 109.419983 28.246508
v -26.935667 110.784439 22.560415
v -25.180613 109.301888 27.957808
v -25.578882 112.427307 25.765631
v -24.551952 110.347015 28.446611
v -26.921858 113.297340 19.613560
v -27.137749 113.271271 20.689205
v -29.273825 111.771080 19.460293
v -29.405905 111.848053 20.688591
v -31.545589 113.862015 19.355957
v -31.624018 113.890793 20.687489
v -29.302982 115.754829 19.357830
v -29.408079 115.706810 20.689487
v -25.779022 114.462128 27.733593
v -25.973232 112.953278 27.505322
v -29.408079 115.706810 20.689487
v -27.137749 113.271271 20.689205
v -29.302982 115.754829 19.357830
v -26.921858 113.297340 19.613560
v -7.164062 127.623108 3.137483
v -5.722656 127.585098 0.064358
v -4.996094 125.352303 5.207179
v -3.589844 125.596230 2.528978
v -0.066406 123.074547 9.867986
v -0.066406 123.782097 5.448019
v 4.859375 125.352303 5.207179
v 3.453125 125.596230 2.528978
v 7.167969 127.623108 3.137483
v 6.082031 127.585098 0.064358
v -10.362766 111.437798 -0.722897
v -16.463894 111.306168 0.699491
v -12.874342 113.861008 -2.365445
v -16.284456 113.810982 -1.837583
v -13.510493 116.975357 1.397020
v -16.738476 116.728882 1.600003
v -12.303906 113.860046 4.854315
v -16.391384 113.810966 4.892423
v -10.263178 111.436661 3.644497
v -16.332298 111.305321 3.610281
v -10.362766 111.437798 -0.722897
v -16.463894 111.306168 0.699491
v -21.670809 111.113297 2.118252
v -26.502296 111.034447 3.540056
v -21.785229 113.761368 -1.310363
v -26.578363 113.710030 -0.780200
v -22.190071 116.481216 1.808637
v -26.526222 116.232208 2.012024
v -21.897669 113.761368 4.928822
v -24.401556 113.709740 4.966651
v -21.640379 111.113541 3.573519
v -26.502296 111.034447 3.540056
v 15.607352 111.305656 0.698356
v 10.227903 111.439262 -0.722909
v 17.306273 113.810768 -1.838465
v 12.740554 113.862350 -2.363972
v 16.337599 116.729111 1.600415
v 13.373236 116.976768 1.394194
v 16.198921 113.811256 4.891522
v 12.170118 113.861389 4.855788
v 15.538804 111.302132 3.607931
v 10.124475 111.438828 3.644485
v 15.607352 111.305656 0.698356
v 10.227903 111.439262 -0.722909
v 11.766793 49.000771 2.953836
v 7.731344 50.423832 7.770108
v 7.717602 48.268829 7.260249
v 3.498845 47.864674 2.192670
v 10.714844 130.430115 -0.062203
v 9.687500 130.865631 1.810559
v 7.820313 129.028854 2.907618
v 8.605469 131.321548 3.652631
v 11.632812 132.143600 -0.255992
v 10.714844 130.430115 -0.062203
v 9.046875 131.559998 0.477901
v 7.820313 129.028854 2.907618
v 6.082031 127.585098 0.064358
v 7.167969 127.623108 3.137483
v 7.820313 129.028854 2.907618
v 8.605469 131.321548 3.652631
v 7.593750 129.796646 7.951734
v 9.324219 133.944275 4.336641
v 11.632812 132.143600 -0.255992
v 11.187500 133.868530 0.664453
v 10.476562 132.639877 1.403526
v 9.722656 133.648346 2.780509
v 31.488567 113.893059 20.687248
v 29.271063 115.708153 20.689262
v 32.487938 114.033051 27.681797
v 31.154728 114.749779 27.972385
v 31.154728 114.749779 27.972385
v 29.271063 115.708153 20.689262
v 29.213858 114.912361 28.128448
v 27.288816 114.740601 27.897469
v 8.914062 113.948402 -3.226658
v 9.433594 110.301941 -0.865910
v -0.070312 114.039467 -4.906369
v -0.070312 100.582710 -2.252717
v 8.422825 118.578766 1.366853
v 8.914062 113.948402 -3.226658
v 6.773063 119.552109 1.304203
v -0.070312 114.039467 -4.906369
v -0.070312 120.272835 -3.336168
v 10.234936 113.914192 -2.812865
v 10.668690 118.177238 1.402207
v 12.028345 117.755196 1.437485
v 10.672506 117.413399 3.484344
v 10.207340 113.915466 4.914076
v 3.498845 47.864674 2.192670
v 7.735460 46.504105 7.169402
v 7.717602 48.268829 7.260249
v 11.766793 49.000771 2.953836
v 26.392509 116.229637 2.013374
v 28.121492 116.228180 2.720522
v 26.441109 113.711441 -0.783026
v 30.592220 113.575699 2.904863
v 27.809616 110.992188 4.049044
v 7.632813 96.915009 2.467517
v 10.324219 90.608566 2.085512
v 4.773438 96.803299 0.303256
v -0.070312 90.608551 -4.129862
v -0.070312 96.616951 -1.286809
v -5.519531 96.826530 0.584538
v -0.066406 124.640999 10.725315
v -0.066406 123.074547 9.867986
v 5.796875 126.794502 8.933706
v 4.859375 125.352303 5.207179
v 7.632813 96.915009 2.467517
v 4.773438 96.803299 0.303256
v 7.511718 100.743347 2.442966
v -0.070312 100.582710 -2.252717
v 7.902344 113.950142 5.090198
v 8.324219 117.670181 3.600645
v -0.066406 113.761047 7.262052
v -0.066406 116.727013 5.943833
v -8.460938 117.670181 3.600645
v -8.742188 131.321548 3.652631
v -9.824219 130.865631 1.810559
v -7.851562 129.028854 2.907618
v -10.851562 130.430115 -0.062203
v -11.738281 132.143600 -0.255992
v -9.183594 131.559998 0.477901
v -10.851562 130.430115 -0.062203
v -7.851562 129.028854 2.907618
v -7.851562 129.028854 2.907618
v -7.738282 129.797562 8.057288
v -8.742188 131.321548 3.652631
v -9.460938 133.944275 4.336641
v -11.738281 132.143600 -0.255992
v -10.613281 132.639877 1.403526
v -11.324219 133.868530 0.664453
v -9.859375 133.648346 2.780509
v -31.624018 113.890793 20.687489
v -32.624779 114.031662 27.680357
v -29.408079 115.706810 20.689487
v -31.291563 114.748398 27.970945
v -29.350843 114.910713 28.130907
v -7.535156 100.743347 2.442966
v -9.570312 110.301941 -0.865910
v -0.070312 100.582710 -2.252717
v -0.070312 114.039467 -4.906369
v -10.342203 113.914009 4.914088
v -10.811209 117.411217 3.484356
v -12.163208 117.753731 1.437496
v -10.808111 118.178909 1.402219
v -10.373638 113.912018 -2.812852
v -7.535156 100.743347 2.442966
v -7.136718 104.883331 4.982013
v -7.535156 100.743347 2.442966
v -9.492188 110.302437 3.817936
v -0.066406 104.439087 8.837365
v -7.136718 104.883331 4.982013
v -0.066406 101.383118 9.014099
v -7.535156 100.743347 2.442966
v -30.738140 113.578171 2.901812
v -26.578363 113.710030 -0.780200
v -27.946634 110.990860 4.049264
v -26.502296 111.034447 3.540056
v -26.526222 116.232208 2.012024
v -26.578363 113.710030 -0.780200
v -28.258291 116.226959 2.716843
v -30.738140 113.578171 2.901812
v -29.350843 114.910713 28.130907
v -27.425652 114.739212 27.896030
v -29.408079 115.706810 20.689487
v -25.779022 114.462128 27.733593
v -11.903643 49.000515 2.953010
v -7.872186 46.507023 7.170611
v -7.852073 48.273582 7.262147
v -3.635766 47.862583 2.190801
v -4.996094 125.352303 5.207179
v -0.066406 123.074547 9.867986
v -5.933594 126.794502 8.933706
v -0.066406 124.640999 10.725315
v -0.070312 120.272835 -3.336168
v -0.070312 114.039467 -4.906369
v -6.910156 119.551895 1.302868
v -9.050781 113.948402 -3.226658
v -8.558409 118.581146 1.366865
v -9.183594 131.559998 0.477901
v -5.722656 127.585098 0.064358
v -7.851562 129.028854 2.907618
v -7.164062 127.623108 3.137483
v -11.903643 49.000515 2.953010
v -7.852073 48.273582 7.262147
v -7.868278 50.421558 7.770258
v -3.635766 47.862583 2.190801
v -7.816407 96.915009 2.467517
v -5.519531 96.826530 0.584538
v -10.824219 90.608566 2.085512
v -0.070312 90.608551 -4.129862
v 4.773438 96.803299 0.303256
v -0.070312 96.616951 -1.286809
v -0.070312 100.582710 -2.252717
v -5.519531 96.826530 0.584538
v -7.535156 100.743347 2.442966
v -7.816407 96.915009 2.467517
v -1.000000 87.430145 -5.083139
v -8.125001 89.417717 -4.217188
v -10.859376 80.295494 -5.782619
v -3.734375 78.307915 -6.648570
v -10.980470 81.639359 -9.850152
v -8.617188 89.441574 -8.300874
v -1.492188 87.450111 -9.167161
v -3.855469 79.651779 -10.716103
v -10.859376 80.295494 -5.782619
v -10.980470 81.639359 -9.850152
v -3.855469 79.651779 -10.716103
v -3.734375 78.307915 -6.648570
v -8.125001 89.417717 -4.217188
v -8.617188 89.441574 -8.300874
v -10.980470 81.639359 -9.850152
v -10.859376 80.295494 -5.782619
v -1.000000 87.430145 -5.083139
v -1.492188 87.450111 -9.167161
v -8.617188 89.441574 -8.300874
v -8.125001 89.417717 -4.217188
v -3.734375 78.307915 -6.648570
v -3.855469 79.651779 -10.716103
v -1.492188 87.450111 -9.167161
v -1.000000 87.430145 -5.083139
v 9.926914 48.072113 -1.177642
v 11.766793 49.000771 2.953836
v 13.306237 28.799759 2.407379
v 9.907405 28.806278 -1.923105
v 26.410774 111.279839 31.329266
v 26.983654 111.394791 31.338255
v 26.979481 111.490250 31.905060
v 26.375809 111.366379 31.904509
v 28.560177 110.529839 31.322428
v 29.193964 113.164673 27.900553
v 29.213858 114.912361 28.128448
v 28.554523 110.417580 31.950073
v 27.914452 110.539032 31.312658
v 28.560177 110.529839 31.322428
v 28.554523 110.417580 31.950073
v 27.909233 110.418449 31.947578
v 27.259214 113.082924 27.668034
v 29.193964 113.164673 27.900553
v 28.560177 110.529839 31.322428
v 27.914452 110.539032 31.312658
v 30.025906 109.567230 29.858471
v 31.154728 114.749779 27.972385
v 29.213858 114.912361 28.128448
v 29.397491 109.671379 29.838612
v 29.193964 113.164673 27.900553
v 29.469215 110.181122 29.199310
v 29.397491 109.671379 29.838612
v 29.213858 114.912361 28.128448
v 29.469215 110.181122 29.199310
v 30.093857 110.069099 29.218796
v 30.025906 109.567230 29.858471
v 29.397491 109.671379 29.838612
v 29.193964 113.164673 27.900553
v 31.126989 113.112885 27.489532
v 30.093857 110.069099 29.218796
v 29.469215 110.181122 29.199310
v 31.379738 109.424721 27.398693
v 32.487938 114.033051 27.681797
v 31.154728 114.749779 27.972385
v 30.844219 109.585022 27.382868
v 32.219826 112.830299 26.966400
v 32.487938 114.033051 27.681797
v 31.379738 109.424721 27.398693
v 31.499187 110.116379 26.981131
v 31.154728 114.749779 27.972385
v 31.126989 113.112885 27.489532
v 30.963905 110.280075 26.973354
v 30.844219 109.585022 27.382868
v 30.963905 110.280075 26.973354
v 31.126989 113.112885 27.489532
v 32.219826 112.830299 26.966400
v 31.499187 110.116379 26.981131
v 30.093857 110.069099 29.218796
v 31.126989 113.112885 27.489532
v 31.154728 114.749779 27.972385
v 30.025906 109.567230 29.858471
v 25.442047 112.428680 25.767071
v 27.000803 113.268700 20.688858
v 25.710499 111.609230 23.081224
v 24.214352 112.113403 24.759136
v -0.066406 96.304657 9.104147
v 7.632813 96.915009 2.467517
v 7.511718 100.743347 2.442966
v -0.066406 101.383118 9.014099
v 5.793011 47.502193 -1.560256
v 5.717779 48.788963 -1.543062
v 9.851873 49.354141 -1.159787
v 9.926914 48.072113 -1.177642
v 5.992188 117.020172 5.705753
v 4.859375 118.115646 8.765311
v 4.437500 114.368561 9.856385
v 5.570312 113.597282 6.840034
v 9.433594 110.301941 -0.865910
v 9.355469 110.302437 3.817936
v 7.511718 100.743347 2.442966
v 7.511718 100.743347 2.442966
v 9.355469 110.302437 3.817936
v 7.000000 104.883331 4.982013
v 7.511718 100.743347 2.442966
v 7.511718 100.743347 2.442966
v 29.271063 115.708153 20.689262
v 27.000803 113.268700 20.688858
v 25.836395 112.954659 27.506762
v 25.642183 114.463509 27.735033
v 7.000000 104.883331 4.982013
v 7.691407 108.973427 10.278252
v -0.066406 108.894547 11.313406
v -0.066406 104.439087 8.837365
v 8.422825 118.578766 1.366853
v 6.773063 119.552109 1.304203
v -0.066406 116.727013 5.943833
v 8.324219 117.670181 3.600645
v 9.046875 131.559998 0.477901
v 9.402344 133.338028 1.868866
v 11.187500 133.868530 0.664453
v 11.632812 132.143600 -0.255992
v -11.903643 49.000515 2.953010
v -10.005664 48.061211 -1.119732
v -10.044335 28.803997 -1.923712
v -13.443167 28.797482 2.406771
v -25.779022 114.462128 27.733593
v -27.425652 114.739212 27.896030
v -27.116394 111.492401 31.907763
v -26.512789 111.364632 31.906948
v -27.396051 113.081535 27.666594
v -25.973232 112.953278 27.505322
v -26.547689 111.281998 31.331964
v -27.120483 111.393303 31.336802
v -27.425652 114.739212 27.896030
v -29.350843 114.910713 28.130907
v -28.691502 110.415833 31.952515
v -28.046211 110.416702 31.950024
v -28.697006 110.528351 31.320971
v -29.330950 113.163025 27.903009
v -27.396051 113.081535 27.666594
v -28.051279 110.537544 31.311205
v -29.350843 114.910713 28.130907
v -31.291563 114.748398 27.970945
v -30.162731 109.565742 29.857016
v -29.534325 109.669891 29.837154
v -29.330950 113.163025 27.903009
v -29.606195 110.179382 29.201752
v -30.230841 110.067368 29.221237
v -31.263756 113.115395 27.488352
v -31.291563 114.748398 27.970945
v -32.624779 114.031662 27.680357
v -31.516502 109.427132 27.397499
v -30.981052 109.583534 27.381411
v -31.545589 113.862015 19.355957
v -29.302982 115.754829 19.357830
v -28.258291 116.226959 2.716843
v -30.738140 113.578171 2.901812
v -26.921858 113.297340 19.613560
v -24.779160 113.579460 5.724818
v -28.258291 116.226959 2.716843
v -29.302982 115.754829 19.357830
v -29.273825 111.771080 19.460293
v -31.545589 113.862015 19.355957
v -30.738140 113.578171 2.901812
v -27.946634 110.990860 4.049264
v -29.405905 111.848053 20.688591
v -26.935667 110.784439 22.560415
v -27.412832 111.638191 24.812239
v -29.147469 112.105797 23.663242
v -7.535156 100.743347 2.442966
v -7.816407 96.915009 2.467517
v -0.066406 96.304657 9.104147
v -0.066406 101.383118 9.014099
v -10.005664 48.061211 -1.119732
v -9.990367 49.315990 -1.102829
v -5.856428 48.747135 -1.481983
v -5.871762 47.491287 -1.502345
v -4.847656 112.914200 6.089496
v -5.437500 117.544518 4.502946
v -3.855469 118.799278 8.773623
v -3.265625 113.844757 10.320871
v -4.574219 114.368561 9.856385
v -4.996094 118.115646 8.765311
v -6.128906 117.020172 5.705753
v -5.707031 113.597282 6.840034
v -7.535156 100.743347 2.442966
v -9.492188 110.302437 3.817936
v -9.570312 110.301941 -0.865910
v -7.535156 100.743347 2.442966
v -26.921858 113.297340 19.613560
v -29.273825 111.771080 19.460293
v -27.946634 110.990860 4.049264
v -24.779160 113.579460 5.724818
v -7.136718 104.883331 4.982013
v -0.066406 104.439087 8.837365
v -0.066406 108.894547 11.313406
v -7.828125 108.973427 10.278252
v -0.066406 116.727013 5.943833
v -6.910156 119.551895 1.302868
v -8.558409 118.581146 1.366865
v -8.460938 117.670181 3.600645
v -11.324219 133.868530 0.664453
v -9.539062 133.338028 1.868866
v -9.183594 131.559998 0.477901
v -11.738281 132.143600 -0.255992
v 7.511718 100.743347 2.442966
v 7.000000 104.883331 4.982013
v -0.066406 104.439087 8.837365
v -0.066406 101.383118 9.014099
v -26.036499 116.859016 -0.912569
v -16.406729 116.984062 -1.717322
v -15.842271 117.049156 4.778019
v -25.475851 116.928078 5.583313
v -15.860582 118.750656 4.762762
v -25.494236 118.625679 5.567932
v -25.475851 116.928078 5.583313
v -15.842271 117.049156 4.778019
v -25.494236 118.625679 5.567932
v -26.058697 118.560577 -0.927409
v -26.036499 116.859016 -0.912569
v -25.475851 116.928078 5.583313
v -15.860582 118.750656 4.762762
v -16.425531 118.681778 -1.736586
v -26.058697 118.560577 -0.927409
v -25.494236 118.625679 5.567932
v -15.842271 117.049156 4.778019
v -16.406729 116.984062 -1.717322
v -16.425531 118.681778 -1.736586
v -15.860582 118.750656 4.762762
v -26.058697 118.560577 -0.927409
v -16.425531 118.681778 -1.736586
v -16.406729 116.984062 -1.717322
v -26.036499 116.859016 -0.912569
v -10.044335 28.803997 -1.923712
v -5.871762 47.491287 -1.502345
v -3.635766 47.862583 2.190801
v -5.513999 28.461962 1.441872
v 5.377224 28.460339 1.442322
v 3.498845 47.864674 2.192670
v 5.793011 47.502193 -1.560256
v 9.907405 28.806278 -1.923105
v 6.082031 127.585098 0.064358
v 3.453125 125.596230 2.528978
v -0.070312 125.713966 -1.489491
v 9.402344 133.338028 1.868866
v 8.605469 131.321548 3.652631
v 9.722656 133.648346 2.780509
v 31.126989 113.112885 27.489532
v 29.193964 113.164673 27.900553
v 29.010632 112.107185 23.664684
v 7.558594 136.921158 8.524843
v 9.324219 133.944275 4.336641
v 7.761718 140.877136 7.675418
v 12.740554 113.862350 -2.363972
v 10.227903 111.439262 -0.722909
v 10.234936 113.914192 -2.812865
v 9.402344 133.338028 1.868866
v 9.722656 133.648346 2.780509
v 11.187500 133.868530 0.664453
v 9.324219 133.944275 4.336641
v 8.605469 131.321548 3.652631
v 9.402344 133.338028 1.868866
v 27.809616 110.992188 4.049044
v 26.364059 111.035767 3.539051
v 26.441109 113.711441 -0.783026
v 25.642183 114.463509 27.735033
v 27.288816 114.740601 27.897469
v 29.271063 115.708153 20.689262
v 24.415115 110.348404 28.448053
v 23.957272 109.421371 28.247948
v 25.043625 109.303520 27.955353
v 25.442047 112.428680 25.767071
v 24.214352 112.113403 24.759136
v 24.415115 110.348404 28.448053
v 26.798679 110.786087 22.557962
v 27.276064 111.635689 24.813419
v 25.442047 112.428680 25.767071
v 25.442047 112.428680 25.767071
v 25.836395 112.954659 27.506762
v 27.000803 113.268700 20.688858
v 9.355469 110.302437 3.817936
v 7.691407 108.973427 10.278252
v 7.000000 104.883331 4.982013
v 7.691407 108.973427 10.278252
v 9.355469 110.302437 3.817936
v 7.902344 113.950142 5.090198
v 15.538804 111.302132 3.607931
v 15.607352 111.305656 0.698356
v 26.364059 111.035767 3.539051
v 12.170118 113.861389 4.855788
v 10.207340 113.915466 4.914076
v 10.124475 111.438828 3.644485
v -5.722656 127.585098 0.064358
v -0.070312 125.713966 -1.489491
v -3.589844 125.596230 2.528978
v -9.539062 133.338028 1.868866
v -9.859375 133.648346 2.780509
v -8.742188 131.321548 3.652631
v -31.263756 113.115395 27.488352
v -29.147469 112.105797 23.663242
v -29.330950 113.163025 27.903009
v -7.839844 136.919754 9.126705
v -7.898438 140.877136 7.675418
v -9.460938 133.944275 4.336641
v -12.874342 113.861008 -2.365445
v -10.373638 113.912018 -2.812852
v -10.362766 111.437798 -0.722897
v -9.050781 113.948402 -3.226658
v -0.070312 114.039467 -4.906369
v -9.570312 110.301941 -0.865910
v -9.539062 133.338028 1.868866
v -11.324219 133.868530 0.664453
v -9.859375 133.648346 2.780509
v -9.460938 133.944275 4.336641
v -9.539062 133.338028 1.868866
v -8.742188 131.321548 3.652631
v -24.551952 110.347015 28.446611
v -25.180613 109.301888 27.957808
v -24.094109 109.419983 28.246508
v -25.578882 112.427307 25.765631
v -24.551952 110.347015 28.446611
v -24.351189 112.112015 24.757696
v -26.935667 110.784439 22.560415
v -25.578882 112.427307 25.765631
v -27.412832 111.638191 24.812239
v -25.578882 112.427307 25.765631
v -27.137749 113.271271 20.689205
v -25.973232 112.953278 27.505322
v -9.492188 110.302437 3.817936
v -7.136718 104.883331 4.982013
v -7.828125 108.973427 10.278252
v -7.828125 108.973427 10.278252
v -8.039062 113.950142 5.090198
v -9.492188 110.302437 3.817936
v -12.303906 113.860046 4.854315
v -10.263178 111.436661 3.644497
v -10.342203 113.914009 4.914088
v -0.066406 113.761047 7.262052
v -8.460938 117.670181 3.600645
v -8.039062 113.950142 5.090198
v -0.070312 100.582710 -2.252717
v 9.433594 110.301941 -0.865910
v 7.511718 100.743347 2.442966
v -21.640379 111.113541 3.573519
v -26.502296 111.034447 3.540056
v -21.670809 111.113297 2.118252
v 9.926914 48.072113 -1.177642
v 9.907405 28.806278 -1.923105
v 5.793011 47.502193 -1.560256
v 9.851873 49.354141 -1.159787
v 11.766793 49.000771 2.953836
v 9.926914 48.072113 -1.177642
v 5.793011 47.502193 -1.560256
v 3.498845 47.864674 2.192670
v 5.717779 48.788963 -1.543062
v -5.856428 48.747135 -1.481983
v -3.635766 47.862583 2.190801
v -5.871762 47.491287 -1.502345
v -10.005664 48.061211 -1.119732
v -11.903643 49.000515 2.953010
v -9.990367 49.315990 -1.102829
v -10.005664 48.061211 -1.119732
v -5.871762 47.491287 -1.502345
v -10.044335 28.803997 -1.923712
vt 0.079590 0.928223
vt 0.080078 0.950684
vt 0.052246 0.979492
vt 0.052246 0.947754
vt 0.024902 0.950684
vt 0.025391 0.928223
vt 0.079590 0.928223
vt 0.052246 0.947754
vt 0.052246 0.921875
vt 0.025391 0.928223
vt 1.706543 0.007812
vt 1.586426 0.001465
vt 0.715332 0.478516
vt 1.772949 -0.077148
vt 1.707520 0.004395
vt 0.715332 0.478516
vt 0.688965 0.552734
vt 0.816406 0.496094
vt 0.773438 0.747559
vt 0.916016 0.739258
vt 0.770996 0.767578
vt 0.936035 0.768555
vt 0.933105 0.967773
vt 1.032227 0.850098
vt 0.713379 0.747559
vt 0.717285 0.765137
vt 0.568848 0.739258
vt 0.555664 0.771973
vt 0.749023 0.968262
vt 0.556641 0.970215
vt 0.717285 0.765137
vt 0.555664 0.771973
vt 0.775879 0.791504
vt 0.613770 0.495605
vt 1.772949 -0.077148
vt 0.613770 0.495605
vt 0.933105 0.967773
vt 0.744141 0.970215
vt 0.770996 0.767578
vt 0.816406 0.496094
vt 0.613770 0.495605
vt 0.772461 0.783203
vt 0.555664 0.771973
vt 0.556641 0.970215
vt 0.478516 0.860840
vt 0.824219 0.969727
vt 0.746094 0.971680
vt 0.744141 0.825195
vt 0.668945 0.973633
vt 1.054688 0.830078
vt 0.744141 0.825195
vt 0.741211 0.750977
vt 0.413086 0.843750
vt 0.063477 0.760742
vt 0.044922 0.793945
vt 0.204102 0.832031
vt 0.214844 0.564453
vt 0.824219 0.969727
vt 0.744141 0.825195
vt 1.054688 0.830078
vt 1.090820 0.887695
vt 0.413086 0.843750
vt 0.744141 0.825195
vt 0.668945 0.973633
vt 0.379883 0.902344
vt 0.011719 0.465820
vt 0.011719 0.465820
vt 0.011719 0.465820
vt 0.011719 0.465820
vt 0.011719 0.465820
vt 0.011719 0.465820
vt 0.105469 0.741211
vt 0.020508 0.682617
vt 0.100586 0.666992
vt 0.136719 0.737305
vt 0.176758 0.684570
vt 0.204102 0.741211
vt 0.986328 -0.578125
vt 0.986328 -0.520508
vt 0.578125 -0.520508
vt 0.573242 -0.578125
vt 0.221680 -0.520508
vt 0.220703 -0.575195
vt 0.191406 0.681641
vt 0.196289 0.736328
vt 0.138672 0.726562
vt 0.145508 0.684570
vt 0.104492 0.732422
vt 0.114258 0.685547
vt 0.015625 0.469727
vt 0.015625 0.469727
vt 0.015625 0.470703
vt 0.015625 0.470703
vt 0.015625 0.471680
vt 0.015625 0.471680
vt 0.005859 0.993164
vt 0.000977 0.754883
vt 0.051758 0.763672
vt 0.047852 0.993164
vt 0.104492 0.755859
vt 0.093750 0.993164
vt 0.140625 0.743164
vt 0.146484 0.993164
vt 0.200195 0.742188
vt 0.199219 0.993164
vt 0.571289 -0.801758
vt 0.569336 -0.996094
vt 0.680664 -0.996094
vt 0.679688 -0.782227
vt 0.976562 -0.996094
vt 0.991211 -0.825195
vt 0.212891 0.335938
vt 0.002930 0.225586
vt 0.002930 0.068359
vt 0.212891 0.004883
vt 0.002930 0.229492
vt 0.212891 0.332031
vt 0.002930 0.004883
vt 0.212891 0.004883
vt 0.212891 0.339844
vt 0.002930 0.339844
vt 0.212891 0.112305
vt 0.002930 0.114258
vt 0.212891 0.449219
vt 0.002930 0.449219
vt 0.536133 -0.495117
vt 0.539062 -0.309570
vt 0.641602 -0.322266
vt 0.644531 -0.495117
vt 0.843750 -0.326172
vt 0.821289 -0.495117
vt 0.977539 -0.324219
vt 0.977539 -0.495117
vt 0.015625 0.468750
vt 0.015625 0.470703
vt 0.015625 0.470703
vt 0.015625 0.468750
vt 0.015625 0.470703
vt 0.015625 0.468750
vt 0.014648 0.470703
vt 0.014648 0.468750
vt 0.013672 0.471680
vt 0.013672 0.468750
vt 0.014648 0.470703
vt 0.014648 0.468750
vt 0.011719 0.465820
vt 0.012695 0.467773
vt 0.011719 0.465820
vt 0.011719 0.465820
vt 0.011719 0.465820
vt 0.011719 0.465820
vt 0.011719 0.465820
vt 0.011719 0.465820
vt 0.011719 0.465820
vt 0.011719 0.465820
vt 0.011719 0.465820
vt 0.011719 0.465820
vt 0.019531 0.682617
vt 0.009766 0.744141
vt 0.054688 0.753906
vt 0.097656 0.666016
vt 0.113281 0.732422
vt 0.175781 0.681641
vt 0.096680 0.732422
vt 0.093750 0.681641
vt 0.047852 0.684570
vt 0.048828 0.746094
vt 0.015625 0.684570
vt 0.007812 0.736328
vt 0.015625 0.469727
vt 0.015625 0.469727
vt 0.015625 0.470703
vt 0.015625 0.470703
vt 0.015625 0.471680
vt 0.015625 0.471680
vt 0.006836 0.750977
vt 0.006836 0.993164
vt 0.047852 0.993164
vt 0.049805 0.760742
vt 0.092773 0.993164
vt 0.086914 0.757812
vt 0.143555 0.993164
vt 0.136719 0.741211
vt 0.195312 0.993164
vt 0.196289 0.749023
vt 0.571289 -0.996094
vt 0.571289 -0.801758
vt 0.425781 -0.788086
vt 0.424805 -0.996094
vt 0.219727 -0.812500
vt 0.219727 -0.996094
vt 0.539062 -0.309570
vt 0.565430 -0.495117
vt 0.497070 -0.495117
vt 0.496094 -0.325195
vt 0.335938 -0.495117
vt 0.341797 -0.322266
vt 0.234375 -0.495117
vt 0.237305 -0.314453
vt 0.015625 0.470703
vt 0.015625 0.468750
vt 0.015625 0.468750
vt 0.015625 0.470703
vt 0.015625 0.468750
vt 0.015625 0.470703
vt 0.014648 0.469727
vt 0.014648 0.471680
vt 0.013672 0.468750
vt 0.013672 0.472656
vt 0.014648 0.469727
vt 0.014648 0.471680
vt 0.012695 0.467773
vt 0.011719 0.465820
vt 0.011719 0.465820
vt 0.011719 0.465820
vt 0.011719 0.465820
vt 0.011719 0.465820
vt 0.641602 -0.322266
vt 0.662109 -0.263672
vt 0.856445 -0.296875
vt 0.843750 -0.326172
vt 0.980469 -0.265625
vt 0.977539 -0.324219
vt 0.494141 -0.260742
vt 0.496094 -0.325195
vt 0.341797 -0.322266
vt 0.346680 -0.269531
vt 0.237305 -0.314453
vt 0.234375 -0.258789
vt 0.015625 0.469727
vt 0.015625 0.470703
vt 0.015625 0.470703
vt 0.015625 0.471680
vt 0.212891 0.450195
vt 0.212891 0.112305
vt 0.002930 0.448242
vt 0.002930 0.112305
vt 0.977539 -0.063477
vt 0.980469 -0.206055
vt 0.849609 -0.188477
vt 0.856445 -0.296875
vt 0.662109 -0.263672
vt 0.176758 0.684570
vt 0.100586 0.666992
vt 0.180664 0.521484
vt 0.100586 0.458984
vt 0.082031 0.860352
vt 0.068359 0.856445
vt 0.068359 0.825195
vt 0.053711 0.860352
vt 0.986328 -0.720703
vt 0.986328 -0.578125
vt 0.678711 -0.763672
vt 0.573242 -0.578125
vt 0.573242 -0.764648
vt 0.428711 -0.750000
vt 0.571289 -0.801758
vt 0.425781 -0.788086
vt 0.100586 0.458984
vt 0.100586 0.666992
vt 0.019531 0.515625
vt 0.020508 0.682617
vt 0.015625 0.469727
vt 0.015625 0.470703
vt 0.013672 0.470703
vt 0.015625 0.471680
vt 0.573242 -0.764648
vt 0.571289 -0.801758
vt 0.678711 -0.763672
vt 0.679688 -0.782227
vt 0.641602 -0.322266
vt 0.539062 -0.309570
vt 0.662109 -0.263672
vt 0.543945 -0.207031
vt 0.849609 -0.188477
vt 0.553711 -0.063477
vt 0.781250 -0.063477
vt 0.549805 -0.004883
vt 0.977539 -0.004883
vt 0.002930 -0.974609
vt 0.216797 -0.975586
vt 0.002930 -0.740234
vt 0.216797 -0.548828
vt 0.977539 -0.004883
vt 0.977539 -0.063477
vt 0.781250 -0.063477
vt 0.849609 -0.188477
vt 0.015625 0.469727
vt 0.015625 0.470703
vt 0.015625 0.470703
vt 0.015625 0.471680
vt 0.236328 -0.208984
vt 0.254883 -0.063477
vt 0.391602 -0.184570
vt 0.341797 -0.063477
vt 0.553711 -0.063477
vt 0.549805 -0.004883
vt 0.175781 0.681641
vt 0.179688 0.519531
vt 0.097656 0.666016
vt 0.098633 0.457031
vt 0.020508 0.522461
vt 0.053711 0.860352
vt 0.068359 0.856445
vt 0.068359 0.825195
vt 0.082031 0.860352
vt 0.222656 -0.707031
vt 0.428711 -0.750000
vt 0.220703 -0.575195
vt 0.573242 -0.578125
vt 0.015625 0.469727
vt 0.013672 0.470703
vt 0.015625 0.470703
vt 0.015625 0.471680
vt 0.496094 -0.325195
vt 0.494141 -0.260742
vt 0.539062 -0.309570
vt 0.543945 -0.207031
vt 0.002930 0.446289
vt 0.212891 0.449219
vt 0.002930 0.111328
vt 0.212891 0.113281
vt 0.214844 -0.552734
vt 0.214844 -0.976562
vt 0.004883 -0.738281
vt 0.002930 -0.975586
vt 0.234375 -0.258789
vt 0.236328 -0.208984
vt 0.346680 -0.269531
vt 0.391602 -0.184570
vt 0.494141 -0.260742
vt 0.543945 -0.207031
vt 0.254883 -0.063477
vt 0.254883 -0.004883
vt 0.341797 -0.063477
vt 0.549805 -0.004883
vt 0.212891 0.119141
vt 0.212891 0.444336
vt 0.002930 0.429688
vt 0.002930 0.224609
vt 0.002930 0.231445
vt 0.212891 0.231445
vt 0.212891 0.117188
vt 0.002930 0.117188
vt 0.002930 0.339844
vt 0.212891 0.339844
vt 0.212891 0.112305
vt 0.002930 0.112305
vt 0.002930 0.339844
vt 0.002930 0.112305
vt 0.212891 0.112305
vt 0.212891 0.339844
vt 0.002930 0.230469
vt 0.002930 0.015625
vt 0.212891 0.015625
vt 0.212891 0.230469
vt 0.002930 0.339844
vt 0.002930 0.112305
vt 0.212891 0.112305
vt 0.212891 0.339844
vt 0.015625 0.470703
vt 0.015625 0.468750
vt 0.014648 0.468750
vt 0.014648 0.470703
vt 1.212891 0.567383
vt 1.204102 0.554688
vt 1.207031 0.505859
vt 1.215820 0.515625
vt 0.986328 -0.720703
vt 0.678711 -0.763672
vt 0.679688 -0.782227
vt 0.988281 -0.787109
vt 0.217773 -0.974609
vt 0.217773 -0.619141
vt 0.000977 -0.583008
vt 0.000977 -0.974609
vt 0.002930 0.428711
vt 0.212891 0.447266
vt 0.212891 0.121094
vt 0.002930 0.227539
vt 0.212891 0.117188
vt 0.212891 0.231445
vt 0.002930 0.231445
vt 0.002930 0.117188
vt 0.212891 0.112305
vt 0.212891 0.339844
vt 0.002930 0.339844
vt 0.002930 0.112305
vt 0.212891 0.112305
vt 0.002930 0.112305
vt 0.002930 0.339844
vt 0.212891 0.339844
vt 0.212891 0.233398
vt 0.002930 0.233398
vt 0.002930 0.015625
vt 0.212891 0.016602
vt 0.212891 0.112305
vt 0.002930 0.112305
vt 0.002930 0.339844
vt 0.212891 0.339844
vt 0.014648 0.469727
vt 0.015625 0.468750
vt 0.015625 0.470703
vt 0.014648 0.471680
vt 0.425781 -0.788086
vt 0.428711 -0.750000
vt 0.222656 -0.707031
vt 0.219727 -0.787109
vt 0.001953 -0.971680
vt 0.000977 -0.581055
vt 0.218750 -0.614258
vt 0.218750 -0.971680
vt 0.212891 0.336914
vt 0.212891 0.004883
vt 0.002930 0.004883
vt 0.002930 0.336914
vt 0.991211 -0.825195
vt 0.988281 -0.787109
vt 0.679688 -0.782227
vt 0.097656 0.666016
vt 0.020508 0.522461
vt 0.019531 0.682617
vt 0.219727 -0.812500
vt 0.425781 -0.788086
vt 0.219727 -0.787109
vt 0.391602 -0.184570
vt 0.553711 -0.063477
vt 0.543945 -0.207031
vt 0.980469 -0.206055
vt 0.980469 -0.265625
vt 0.856445 -0.296875
vt 0.846680 0.705078
vt 0.913086 0.704102
vt 0.913086 0.674805
vt 0.613281 0.495117
vt 0.631836 0.848633
vt 0.772461 0.783203
vt -0.097656 0.007812
vt -0.057617 0.223633
vt -0.105469 0.234375
vt -0.101562 0.410156
vt 1.221680 -0.014648
vt 1.248047 0.378906
vt 0.999023 0.375000
vt 1.239258 0.584961
vt 0.775391 0.429688
vt 0.737305 0.423828
vt 0.791992 0.418945
vt 0.721680 0.418945
vt 0.704102 0.306641
vt 0.894531 0.392578
vt 0.994141 0.536133
vt 0.930664 0.295898
vt 1.142578 0.320312
vt 1.141602 0.135742
vt -0.033203 0.076172
vt -0.033203 0.045898
vt -0.028320 0.072266
vt -0.029297 0.044922
vt 0.899414 0.389648
vt 0.937500 0.288086
vt 0.989258 0.476562
vt 1.119141 0.356445
vt 1.376953 0.624023
vt 1.300781 0.621094
vt 1.451172 0.583984
vt 1.239258 0.584961
vt 1.434570 0.373047
vt 1.248047 0.378906
vt 1.427734 -0.005859
vt 1.221680 -0.014648
vt 1.451172 0.583984
vt 1.434570 0.373047
vt 1.697266 0.378906
vt 1.506836 0.178711
vt 0.995117 0.676758
vt 0.995117 0.839844
vt 0.958008 0.676758
vt 0.958008 0.839844
vt 0.922852 0.676758
vt 0.922852 0.839844
vt 0.995117 1.000000
vt 0.958008 1.000000
vt 0.995117 0.839844
vt 0.958008 0.839844
vt 0.958008 0.677734
vt 0.922852 0.839844
vt 0.922852 0.677734
vt 0.958008 0.839844
vt 0.958008 1.000000
vt 0.922852 0.839844
vt 0.922852 1.001953
vt 0.995117 0.839844
vt 0.995117 0.999023
vt 0.958008 0.839844
vt 0.958008 0.999023
vt 0.922852 0.839844
vt 0.922852 1.001953
vt -0.314453 0.499023
vt -0.270508 0.728516
vt -0.377930 0.676758
vt -0.390625 0.964844
vt -0.543945 0.853516
vt -0.642578 1.014648
vt -0.606445 0.811523
vt -0.721680 1.012695
vt -0.750000 0.867188
vt -0.762695 0.963867
vt -0.869141 0.784180
vt -0.938477 0.830078
vt -0.956055 0.532227
vt -0.998047 0.760742
vt -0.314453 0.499023
vt -0.185547 0.708984
vt -0.270508 0.728516
vt -0.271484 0.954102
vt -0.390625 0.964844
vt -0.642578 1.014648
vt -0.749023 1.055664
vt -0.981445 0.926758
vt -0.762695 0.963867
vt -0.938477 0.830078
vt -0.271484 0.954102
vt -0.596680 1.056641
vt -0.642578 1.014648
vt -0.749023 1.055664
vt -0.721680 1.012695
vt -0.762695 0.963867
vt -0.543945 0.853516
vt -0.606445 0.811523
vt -0.445312 0.611328
vt -0.676758 0.728516
vt -0.093750 0.157227
vt -0.084961 0.242188
vt -0.103516 0.245117
vt -0.086914 0.323242
vt -0.109375 0.324219
vt -0.104492 0.073242
vt -0.106445 0.297852
vt -0.179688 0.298828
vt -0.200195 0.528320
vt -0.103516 0.049805
vt -0.007812 0.206055
vt -0.076172 0.211914
vt -0.100586 0.522461
vt 1.025391 0.289062
vt 1.108398 0.229492
vt 0.937500 0.288086
vt 1.119141 0.356445
vt 0.953125 0.564453
vt 0.879883 0.625977
vt 0.962891 0.448242
vt 0.811523 0.639648
vt 0.935547 0.476562
vt 0.802734 0.446289
vt 0.913086 0.796875
vt 0.846680 0.790039
vt 0.913086 0.790039
vt 0.846680 0.705078
vt 0.913086 0.704102
vt 0.913086 0.674805
vt 0.913086 0.994141
vt 0.846680 0.992188
vt 0.913086 0.796875
vt 0.846680 0.865234
vt 0.846680 0.790039
vt 0.350586 0.081055
vt 0.398438 0.121094
vt 0.332031 0.111328
vt 0.350586 0.081055
vt 0.819336 0.208008
vt 0.745117 0.019531
vt 0.741211 0.291016
vt 0.597656 0.121094
vt 0.402344 0.270508
vt 0.632812 0.403320
vt 0.634766 0.403320
vt 0.634766 0.400391
vt 0.641602 0.404297
vt 0.641602 0.400391
vt 0.666992 0.030273
vt 0.664062 0.062500
vt 0.707031 0.190430
vt 0.714844 0.152344
vt 0.715820 0.190430
vt 0.723633 0.190430
vt 0.586914 0.378906
vt 0.620117 0.370117
vt 0.616211 0.406250
vt 0.649414 0.382812
vt 0.671875 0.408203
vt 0.637695 0.399414
vt 0.636719 0.401367
vt 0.632812 0.396484
vt 0.628906 0.400391
vt 0.611328 0.389648
vt 0.622070 0.393555
vt 0.631836 0.466797
vt 0.632812 0.458984
vt 0.615234 0.421875
vt 0.632812 0.422852
vt 0.619141 0.414062
vt 0.632812 0.431641
vt 0.149414 0.386719
vt 0.150391 0.386719
vt 0.150391 0.383789
vt 0.150391 0.383789
vt 0.953125 0.564453
vt 0.959961 0.447266
vt 0.881836 0.625000
vt 0.811523 0.639648
vt 0.913086 0.790039
vt 0.913086 0.704102
vt 0.846680 0.790039
vt 0.846680 0.705078
vt 0.913086 0.796875
vt 0.913086 0.790039
vt 0.846680 0.865234
vt 0.846680 0.790039
vt 0.913086 0.994141
vt 0.913086 0.796875
vt 0.846680 0.992188
vt 0.846680 0.865234
vt 0.793945 0.224609
vt 0.703125 0.294922
vt 0.717773 0.032227
vt 0.596680 0.176758
vt 0.644531 0.433594
vt 0.636719 0.427734
vt 0.664062 0.429688
vt 0.624023 0.426758
vt 0.665039 0.473633
vt 0.636719 0.458008
vt 0.714844 0.152344
vt 0.763672 0.153320
vt 0.723633 0.190430
vt 0.761719 0.184570
vt 0.543945 0.410156
vt 0.529297 0.358398
vt 0.703125 0.294922
vt 0.596680 0.176758
vt 0.660156 0.444336
vt 0.668945 0.447266
vt 0.644531 0.423828
vt 0.646484 0.435547
vt 0.632812 0.422852
vt 0.632812 0.431641
vt 0.606445 0.499023
vt 0.628906 0.492188
vt 0.605469 0.519531
vt 0.651367 0.502930
vt 0.802734 0.446289
vt 0.811523 0.639648
vt 0.942383 0.476562
vt 0.959961 0.447266
vt -0.176758 0.419922
vt -0.176758 0.268555
vt -0.127930 0.423828
vt -0.099609 0.266602
vt 0.822266 0.548828
vt 0.843750 0.551758
vt 0.843750 0.539062
vt 0.856445 0.537109
vt 0.866211 0.528320
vt 1.027344 0.481445
vt 1.008789 0.305664
vt 0.907227 0.471680
vt 0.900391 0.261719
vt -0.098633 0.507812
vt -0.085938 0.315430
vt 0.002930 0.517578
vt -0.021484 0.308594
vt 0.050781 0.054688
vt 0.158203 0.232422
vt 0.219727 0.175781
vt 0.704102 0.306641
vt 0.818359 0.303711
vt 0.791992 0.418945
vt 0.958008 0.677734
vt 0.995117 0.677734
vt 0.995117 0.839844
vt -0.750000 0.867188
vt -0.676758 0.728516
vt -0.606445 0.811523
vt 0.102539 0.221680
vt 0.121094 0.354492
vt 0.102539 0.386719
vt 1.434570 0.373047
vt 1.427734 -0.005859
vt 1.506836 0.178711
vt 0.398438 0.121094
vt 0.350586 0.084961
vt 0.373047 0.066406
vt 0.873047 0.185547
vt 0.787109 0.171875
vt 0.811523 0.117188
vt 0.634766 0.403320
vt 0.637695 0.395508
vt 0.641602 0.404297
vt 0.665039 0.440430
vt 0.692383 0.427734
vt 0.643555 0.427734
vt 0.398438 0.121094
vt 0.415039 0.072266
vt 0.350586 0.084961
vt -0.099609 0.266602
vt -0.176758 0.268555
vt -0.107422 0.043945
vt -0.007812 0.206055
vt 0.065430 0.399414
vt -0.100586 0.522461
vt -0.106445 0.297852
vt -0.100586 0.521484
vt -0.200195 0.528320
vt -0.057617 0.223633
vt -0.028320 0.416016
vt -0.101562 0.410156
vt 1.008789 0.305664
vt 0.904297 0.064453
vt 0.900391 0.261719
vt 0.993164 0.206055
vt 0.930664 0.295898
vt 1.141602 0.135742
vt 0.252930 0.258789
vt 0.394531 0.208984
vt 0.333984 0.149414
vt -0.021484 0.308594
vt -0.085938 0.315430
vt -0.097656 0.070312
vt -0.938477 0.830078
vt -0.981445 0.926758
vt -0.998047 0.760742
vt 0.198242 0.710938
vt 0.229492 0.710938
vt 0.229492 0.599609
vt 0.198242 0.599609
vt 0.177734 0.953125
vt 0.182617 0.581055
vt 0.244141 0.581055
vt 0.239258 0.954102
vt 0.134766 0.599609
vt 0.043945 0.599609
vt 0.043945 0.601562
vt 0.134766 0.601562
vt 0.002930 0.917969
vt 0.164062 0.917969
vt 0.163086 0.586914
vt 0.006836 0.586914
vt 0.007812 0.916992
vt 0.149414 0.916992
vt 0.149414 0.991211
vt 0.007812 0.991211
vt 0.174805 0.576172
vt 0.170898 0.970703
vt 0.229492 0.971680
vt 0.233398 0.576172
vt 1.555664 0.232422
vt 1.675781 0.259766
vt 1.630859 0.409180
vt -0.084961 0.405273
vt -0.349609 0.385742
vt -0.059570 0.407227
vt 0.187500 0.512695
vt 0.183594 0.279297
vt 0.178711 0.309570
vt 0.180664 0.511719
vt 0.173828 0.292969
vt 0.173828 0.513672
vt 0.176758 0.366211
vt 0.176758 0.365234
vt 0.178711 0.367188
vt 0.177734 0.367188
vt 0.178711 0.368164
vt 0.177734 0.368164
vt 0.634766 0.622070
vt 0.530273 0.750000
vt 0.528320 0.758789
vt 0.679688 0.661133
vt 0.542969 0.791016
vt 0.641602 0.736328
vt 0.145508 0.385742
vt 0.145508 0.389648
vt 0.144531 0.388672
vt 0.145508 0.384766
vt 0.144531 0.386719
vt 0.145508 0.384766
vt 0.145508 0.386719
vt 0.145508 0.384766
vt 0.145508 0.389648
vt 0.145508 0.385742
vt 0.146484 0.383789
vt 0.147461 0.389648
vt 0.145508 0.389648
vt 0.146484 0.383789
vt 0.145508 0.386719
vt 0.146484 0.383789
vt 0.650391 0.883789
vt 0.683594 0.849609
vt 0.660156 0.794922
vt 0.619141 0.863281
vt 0.641602 0.736328
vt 0.576172 0.834961
vt 0.183594 0.262695
vt 0.187500 0.517578
vt 0.183594 0.517578
vt 0.180664 0.269531
vt 0.175781 0.517578
vt 0.175781 0.263672
vt 0.172852 0.516602
vt 0.172852 0.251953
vt 0.600586 0.835938
vt 0.594727 0.923828
vt 0.657227 0.924805
vt 0.649414 0.835938
vt 0.594727 0.924805
vt 0.587891 0.833008
vt 0.539062 0.923828
vt 0.547852 0.834961
vt 0.594727 0.923828
vt 0.600586 0.835938
vt 0.008789 0.463867
vt 0.008789 0.398438
vt 0.053711 0.404297
vt 0.050781 0.453125
vt 0.095703 0.410156
vt 0.086914 0.455078
vt 0.641602 0.736328
vt 0.660156 0.794922
vt 0.703125 0.749023
vt 0.679688 0.661133
vt 0.718750 0.745117
vt 0.726562 0.680664
vt 0.131836 0.357422
vt 0.146484 0.362305
vt 0.149414 0.365234
vt 0.138672 0.360352
vt 0.142578 0.370117
vt 0.133789 0.365234
vt 0.138672 0.367188
vt 0.130859 0.363281
vt 0.140625 0.363281
vt 0.131836 0.357422
vt 0.143555 0.370117
vt 0.141602 0.369141
vt 0.146484 0.372070
vt 0.148438 0.374023
vt 0.154297 0.367188
vt 0.157227 0.368164
vt 0.177734 0.534180
vt 0.177734 0.534180
vt 0.177734 0.533203
vt 0.178711 0.533203
vt 0.177734 0.534180
vt 0.178711 0.534180
vt 0.177734 0.536133
vt 0.178711 0.536133
vt 0.177734 0.534180
vt 0.177734 0.534180
vt 0.104492 0.288086
vt 0.099609 0.062500
vt 0.024414 0.075195
vt 0.014648 0.284180
vt 0.099609 0.061523
vt 0.103516 0.289062
vt 0.946289 0.673828
vt 0.954102 0.673828
vt 0.953125 0.685547
vt 0.945312 0.685547
vt 0.951172 0.720703
vt 0.944336 0.720703
vt 0.953125 0.685547
vt 0.945312 0.685547
vt 0.954102 0.673828
vt 0.946289 0.673828
vt 0.956055 0.707031
vt 0.946289 0.699219
vt 0.946289 0.669922
vt 0.956055 0.666016
vt 0.946289 0.680664
vt 0.956055 0.680664
vt 0.946289 0.710938
vt 0.956055 0.722656
vt 0.946289 0.699219
vt 0.956055 0.707031
vt 0.237305 0.214844
vt 0.191406 0.299805
vt 0.042969 0.292969
vt 0.042969 0.214844
vt 0.194336 0.300781
vt 0.237305 0.215820
vt 0.130859 0.364258
vt 0.133789 0.365234
vt 0.130859 0.363281
vt 0.128906 0.363281
vt 0.131836 0.357422
vt 0.128906 0.357422
vt 0.143555 0.383789
vt 0.143555 0.385742
vt 0.144531 0.385742
vt 0.143555 0.382812
vt 0.145508 0.384766
vt 0.144531 0.382812
vt 0.144531 0.386719
vt 0.143555 0.383789
vt 0.985352 0.989258
vt 0.985352 0.761719
vt 0.962891 0.761719
vt 0.961914 0.989258
vt 0.938477 0.761719
vt 0.938477 0.989258
vt 0.985352 0.989258
vt 0.985352 0.761719
vt 0.962891 0.761719
vt 0.962891 0.989258
vt 0.938477 0.761719
vt 0.938477 0.989258
vt 0.926758 0.992188
vt 0.846680 0.992188
vt 0.847656 0.885742
vt 0.926758 0.885742
vt 0.847656 0.758789
vt 0.926758 0.758789
vt 0.846680 0.992188
vt 0.758789 0.992188
vt 0.758789 0.885742
vt 0.847656 0.885742
vt 0.758789 0.758789
vt 0.847656 0.758789
vt 1.553711 0.230469
vt 1.629883 0.415039
vt 1.257812 0.387695
vt 1.257812 0.207031
vt 1.633789 0.419922
vt 1.549805 0.226562
vt 0.177734 0.373047
vt 0.178711 0.375000
vt 0.173828 0.375977
vt 0.173828 0.373047
vt 0.172852 0.375977
vt 0.172852 0.373047
vt 0.172852 0.375977
vt 0.172852 0.373047
vt 0.167969 0.375000
vt 0.168945 0.373047
vt 0.170898 0.371094
vt 0.174805 0.369141
vt 0.173828 0.369141
vt 0.169922 0.372070
vt 0.173828 0.369141
vt 0.169922 0.371094
vt 0.187500 0.513672
vt 0.184570 0.292969
vt 0.180664 0.309570
vt 0.180664 0.511719
vt 0.174805 0.279297
vt 0.173828 0.512695
vt 0.169922 0.365234
vt 0.169922 0.366211
vt 0.168945 0.367188
vt 0.167969 0.367188
vt 0.168945 0.368164
vt 0.167969 0.368164
vt 0.540039 0.782227
vt 0.620117 0.599609
vt 0.695312 0.619141
vt 0.546875 0.779297
vt 0.668945 0.715820
vt 0.567383 0.811523
vt 0.149414 0.388672
vt 0.149414 0.386719
vt 0.150391 0.383789
vt 0.150391 0.382812
vt 0.150391 0.383789
vt 0.150391 0.382812
vt 0.150391 0.386719
vt 0.150391 0.389648
vt 0.151367 0.383789
vt 0.151367 0.382812
vt 0.151367 0.383789
vt 0.151367 0.382812
vt 0.151367 0.387695
vt 0.151367 0.389648
vt 0.152344 0.383789
vt 0.152344 0.383789
vt 0.152344 0.383789
vt 0.152344 0.383789
vt 0.153320 0.387695
vt 0.153320 0.389648
vt 0.153320 0.384766
vt 0.153320 0.385742
vt 0.153320 0.384766
vt 0.153320 0.384766
vt 0.154297 0.386719
vt 0.154297 0.388672
vt 0.737305 0.829102
vt 0.704102 0.880859
vt 0.665039 0.867188
vt 0.706055 0.772461
vt 0.612305 0.849609
vt 0.668945 0.715820
vt 0.172852 0.518555
vt 0.173828 0.252930
vt 0.177734 0.234375
vt 0.177734 0.518555
vt 0.181641 0.269531
vt 0.183594 0.518555
vt 0.184570 0.269531
vt 0.187500 0.517578
vt 0.549805 0.624023
vt 0.549805 0.621094
vt 0.553711 0.621094
vt 0.561523 0.632812
vt 0.556641 0.621094
vt 0.561523 0.632812
vt 0.007812 0.396484
vt 0.010742 0.463867
vt 0.050781 0.454102
vt 0.055664 0.405273
vt 0.084961 0.458984
vt 0.094727 0.410156
vt 0.773438 0.634766
vt 0.773438 0.741211
vt 0.805664 0.741211
vt 0.805664 0.634766
vt 0.773438 0.741211
vt 0.773438 0.634766
vt 0.805664 0.741211
vt 0.805664 0.634766
vt 0.773438 0.741211
vt 0.773438 0.634766
vt 0.805664 0.741211
vt 0.805664 0.634766
vt 0.172852 0.381836
vt 0.174805 0.381836
vt 0.172852 0.386719
vt 0.171875 0.385742
vt 0.174805 0.381836
vt 0.171875 0.381836
vt 0.099609 0.062500
vt 0.104492 0.288086
vt 0.014648 0.284180
vt 0.024414 0.075195
vt 0.103516 0.289062
vt 0.099609 0.061523
vt 0.946289 0.699219
vt 0.956055 0.707031
vt 0.956055 0.666016
vt 0.946289 0.669922
vt 0.956055 0.680664
vt 0.946289 0.680664
vt 0.956055 0.722656
vt 0.946289 0.710938
vt 0.956055 0.707031
vt 0.946289 0.699219
vt 0.124023 0.374023
vt 0.122070 0.374023
vt 0.125977 0.370117
vt 0.125977 0.370117
vt 0.123047 0.367188
vt 0.124023 0.367188
vt 0.155273 0.385742
vt 0.155273 0.383789
vt 0.155273 0.382812
vt 0.154297 0.385742
vt 0.154297 0.382812
vt 0.153320 0.384766
vt 0.155273 0.383789
vt 0.154297 0.386719
vt 0.561523 0.632812
vt 0.561523 0.632812
vt 0.561523 0.632812
vt 0.557617 0.640625
vt 0.562500 0.633789
vt 0.562500 0.633789
vt 0.562500 0.625977
vt 0.565430 0.624023
vt 0.546875 0.628906
vt 0.546875 0.627930
vt 0.561523 0.632812
vt 0.562500 0.625977
vt 0.561523 0.632812
vt 0.565430 0.624023
vt 0.179688 0.537109
vt 0.179688 0.537109
vt 0.178711 0.536133
vt 0.178711 0.536133
vt 0.177734 0.534180
vt 0.177734 0.534180
vt 0.178711 0.533203
vt 0.178711 0.532227
vt 0.179688 0.532227
vt 0.179688 0.531250
vt 0.174805 0.378906
vt 0.168945 0.378906
vt 0.167969 0.381836
vt 0.171875 0.381836
vt 0.166992 0.385742
vt 0.171875 0.385742
vt 0.168945 0.381836
vt 0.172852 0.381836
vt 0.167969 0.378906
vt 0.174805 0.378906
vt 0.168945 0.378906
vt 0.174805 0.378906
vt 0.129883 0.366211
vt 0.124023 0.367188
vt 0.124023 0.370117
vt 0.128906 0.370117
vt 0.124023 0.374023
vt 0.128906 0.374023
vt 0.125977 0.370117
vt 0.130859 0.370117
vt 0.124023 0.367188
vt 0.129883 0.366211
vt 0.146484 0.362305
vt 0.153320 0.364258
vt 0.154297 0.367188
vt 0.149414 0.365234
vt 0.146484 0.372070
vt 0.142578 0.370117
vt 0.141602 0.369141
vt 0.138672 0.367188
vt 0.145508 0.365234
vt 0.140625 0.363281
vt 0.153320 0.364258
vt 0.146484 0.362305
vt 0.174805 0.383789
vt 0.172852 0.385742
vt 0.172852 0.382812
vt 0.170898 0.382812
vt 0.095703 0.410156
vt 0.053711 0.404297
vt 0.054688 0.300781
vt 0.008789 0.398438
vt 0.177734 0.536133
vt 0.178711 0.535156
vt 0.178711 0.535156
vt 0.179688 0.534180
vt 0.180664 0.534180
vt 0.179688 0.534180
vt 0.153320 0.381836
vt 0.154297 0.387695
vt 0.152344 0.382812
vt 0.155273 0.393555
vt 0.086914 0.455078
vt 0.048828 0.498047
vt 0.050781 0.453125
vt 0.008789 0.463867
vt 0.549805 0.628906
vt 0.549805 0.636719
vt 0.563477 0.629883
vt 0.563477 0.632812
vt 0.563477 0.632812
vt 0.549805 0.636719
vt 0.564453 0.632812
vt 0.563477 0.632812
vt 1.718750 0.350586
vt 1.718750 0.237305
vt 1.994141 0.340820
vt 1.995117 0.005859
vt 1.699219 0.574219
vt 1.718750 0.350586
vt 1.788086 0.577148
vt 1.994141 0.340820
vt 1.994141 0.574219
vt 0.157227 0.368164
vt 0.149414 0.375977
vt 0.148438 0.374023
vt 0.145508 0.375000
vt 0.143555 0.370117
vt 0.104492 0.288086
vt 0.014648 0.284180
vt 0.002930 0.326172
vt 0.103516 0.289062
vt 0.133789 0.365234
vt 0.130859 0.364258
vt 0.138672 0.360352
vt 0.128906 0.359375
vt 0.128906 0.357422
vt 0.236328 0.335938
vt 0.205078 0.291016
vt 0.236328 0.375977
vt 0.193359 0.441406
vt 0.230469 0.446289
vt 0.236328 0.371094
vt 0.172852 0.365234
vt 0.172852 0.364258
vt 0.176758 0.366211
vt 0.176758 0.365234
vt 0.231445 0.482422
vt 0.231445 0.477539
vt 0.206055 0.483398
vt 0.204102 0.469727
vt 1.635742 0.423828
vt 1.547852 0.546875
vt 1.257812 0.387695
vt 1.257812 0.538086
vt 1.546875 0.546875
vt 0.007812 0.396484
vt 0.055664 0.405273
vt 0.053711 0.300781
vt 0.094727 0.410156
vt 0.180664 0.539062
vt 0.180664 0.538086
vt 0.180664 0.539062
vt 0.179688 0.538086
vt 0.135742 0.386719
vt 0.137695 0.386719
vt 0.130859 0.392578
vt 0.127930 0.398438
vt 0.084961 0.458984
vt 0.050781 0.454102
vt 0.049805 0.499023
vt 0.010742 0.463867
vt 0.562500 0.633789
vt 0.555664 0.638672
vt 0.562500 0.625977
vt 0.553711 0.637695
vt 0.550781 0.634766
vt 1.708008 0.003906
vt 1.718750 0.237305
vt 1.996094 0.005859
vt 1.994141 0.340820
vt 0.174805 0.381836
vt 0.173828 0.385742
vt 0.172852 0.386719
vt 0.173828 0.386719
vt 0.174805 0.381836
vt 1.672852 0.486328
vt 1.632812 0.508789
vt 1.672852 0.486328
vt 1.651367 0.539062
vt 1.257812 0.092773
vt 1.560547 0.101562
vt 1.257812 0.032227
vt 1.578125 0.019531
vt 0.119141 0.370117
vt 0.124023 0.370117
vt 0.123047 0.367188
vt 0.124023 0.367188
vt 0.124023 0.374023
vt 0.124023 0.370117
vt 0.122070 0.374023
vt 0.119141 0.370117
vt 0.550781 0.634766
vt 0.548828 0.631836
vt 0.562500 0.625977
vt 0.546875 0.628906
vt 0.103516 0.289062
vt 0.014648 0.284180
vt 0.002930 0.326172
vt 0.104492 0.288086
vt 0.169922 0.365234
vt 0.172852 0.364258
vt 0.169922 0.366211
vt 0.172852 0.365234
vt 1.993164 0.575195
vt 1.994141 0.340820
vt 1.786133 0.576172
vt 1.727539 0.395508
vt 1.699219 0.574219
vt 0.180664 0.538086
vt 0.179688 0.537109
vt 0.179688 0.538086
vt 0.179688 0.537109
vt 0.169922 0.383789
vt 0.171875 0.382812
vt 0.171875 0.385742
vt 0.174805 0.382812
vt 0.236328 0.337891
vt 0.236328 0.371094
vt 0.205078 0.291992
vt 0.193359 0.441406
vt 0.231445 0.477539
vt 0.231445 0.469727
vt 0.204102 0.469727
vt 0.231445 0.460938
vt 0.206055 0.456055
vt 0.232422 0.457031
vt 0.368164 0.953125
vt 0.368164 0.962891
vt 0.353516 0.965820
vt 0.354492 0.956055
vt 0.489258 0.721680
vt 0.489258 0.936523
vt 0.291016 0.936523
vt 0.291016 0.721680
vt 0.496094 0.590820
vt 0.496094 0.696289
vt 0.294922 0.696289
vt 0.294922 0.590820
vt 0.368164 0.970703
vt 0.355469 0.972656
vt 0.353516 0.933594
vt 0.366211 0.933594
vt 0.285156 0.996094
vt 0.284180 0.936523
vt 0.492188 0.936523
vt 0.493164 0.996094
vt 0.351562 0.932617
vt 0.370117 0.932617
vt 0.370117 0.973633
vt 0.352539 0.964844
vt 0.125977 0.388672
vt 0.124023 0.388672
vt 0.125977 0.376953
vt 0.131836 0.375977
vt 0.145508 0.384766
vt 0.145508 0.384766
vt 0.145508 0.385742
vt 0.145508 0.384766
vt 0.143555 0.404297
vt 0.142578 0.399414
vt 0.143555 0.407227
vt 0.143555 0.404297
vt 0.146484 0.383789
vt 0.147461 0.389648
vt 0.146484 0.383789
vt 0.146484 0.383789
vt 0.143555 0.396484
vt 0.142578 0.393555
vt 0.143555 0.395508
vt 0.143555 0.395508
vt 0.147461 0.382812
vt 0.148438 0.389648
vt 0.147461 0.389648
vt 0.147461 0.382812
vt 0.142578 0.395508
vt 0.142578 0.402344
vt 0.142578 0.397461
vt 0.142578 0.398438
vt 0.146484 0.386719
vt 0.146484 0.386719
vt 0.147461 0.382812
vt 0.147461 0.382812
vt 0.142578 0.393555
vt 0.142578 0.393555
vt 0.142578 0.402344
vt 0.142578 0.401367
vt 0.176758 0.372070
vt 0.178711 0.368164
vt 0.178711 0.368164
vt 0.176758 0.370117
vt 0.178711 0.369141
vt 0.178711 0.369141
vt 0.175781 0.372070
vt 0.175781 0.372070
vt 0.160156 0.401367
vt 0.157227 0.402344
vt 0.152344 0.402344
vt 0.153320 0.401367
vt 0.142578 0.403320
vt 0.142578 0.393555
vt 0.143555 0.396484
vt 0.142578 0.403320
vt 0.175781 0.372070
vt 0.176758 0.371094
vt 0.178711 0.368164
vt 0.178711 0.367188
vt 0.559570 0.623047
vt 0.549805 0.625977
vt 0.554688 0.619141
vt 0.557617 0.621094
vt 0.093750 0.408203
vt 0.163086 0.493164
vt 0.151367 0.546875
vt 0.116211 0.542969
vt 0.067383 0.297852
vt 0.031250 0.294922
vt 0.032227 0.258789
vt 0.068359 0.261719
vt 0.875977 0.664062
vt 0.853516 0.718750
vt 0.924805 0.734375
vt 0.938477 0.676758
vt 1.681641 0.539062
vt 1.628906 0.539062
vt 1.685547 0.487305
vt 1.683594 0.488281
vt 1.629883 0.546875
vt 1.610352 0.512695
vt 1.667969 0.465820
vt 1.628906 0.485352
vt 0.549805 0.636719
vt 0.549805 0.625977
vt 0.562500 0.625000
vt 0.563477 0.630859
vt 1.583984 0.118164
vt 1.550781 0.229492
vt 1.257812 0.196289
vt 1.257812 0.068359
vt 1.523438 0.543945
vt 1.487305 0.542969
vt 1.257812 0.538086
vt 1.547852 0.546875
vt 0.178711 0.535156
vt 0.178711 0.536133
vt 0.177734 0.536133
vt 0.177734 0.536133
vt 0.125977 0.387695
vt 0.128906 0.388672
vt 0.132812 0.375977
vt 0.126953 0.375977
vt 0.154297 0.388672
vt 0.153320 0.389648
vt 0.153320 0.385742
vt 0.153320 0.384766
vt 0.153320 0.387695
vt 0.154297 0.386719
vt 0.153320 0.384766
vt 0.153320 0.384766
vt 0.153320 0.389648
vt 0.151367 0.389648
vt 0.152344 0.383789
vt 0.152344 0.383789
vt 0.152344 0.383789
vt 0.151367 0.387695
vt 0.153320 0.387695
vt 0.152344 0.383789
vt 0.151367 0.389648
vt 0.150391 0.389648
vt 0.151367 0.382812
vt 0.151367 0.382812
vt 0.151367 0.387695
vt 0.151367 0.383789
vt 0.151367 0.383789
vt 0.150391 0.386719
vt 0.150391 0.389648
vt 0.149414 0.388672
vt 0.150391 0.382812
vt 0.150391 0.382812
vt 0.539062 0.830078
vt 0.587891 0.830078
vt 0.597656 0.924805
vt 0.534180 0.924805
vt 0.643555 0.827148
vt 0.659180 0.924805
vt 0.597656 0.924805
vt 0.588867 0.828125
vt 0.589844 0.829102
vt 0.540039 0.829102
vt 0.534180 0.924805
vt 0.596680 0.924805
vt 0.695312 0.619141
vt 0.737305 0.706055
vt 0.706055 0.772461
vt 0.668945 0.715820
vt 0.150391 0.546875
vt 0.164062 0.492188
vt 0.091797 0.407227
vt 0.117188 0.540039
vt 0.068359 0.263672
vt 0.032227 0.259766
vt 0.031250 0.295898
vt 0.067383 0.299805
vt 0.957031 0.667969
vt 0.957031 0.709961
vt 0.957031 0.721680
vt 0.957031 0.676758
vt 0.925781 0.736328
vt 0.853516 0.718750
vt 0.873047 0.663086
vt 0.938477 0.676758
vt 1.653320 0.495117
vt 1.639648 0.536133
vt 1.676758 0.527344
vt 1.652344 0.494141
vt 0.643555 0.827148
vt 0.591797 0.827148
vt 0.596680 0.924805
vt 0.659180 0.924805
vt 1.579102 0.111328
vt 1.257812 0.065430
vt 1.257812 0.192383
vt 1.552734 0.226562
vt 1.257812 0.538086
vt 1.485352 0.542969
vt 1.522461 0.543945
vt 1.546875 0.546875
vt 0.181641 0.539062
vt 0.181641 0.538086
vt 0.180664 0.538086
vt 0.180664 0.539062
vt 1.581055 0.019531
vt 1.559570 0.101562
vt 1.257812 0.092773
vt 1.257812 0.032227
vt 0.132812 0.375977
vt 0.135742 0.388672
vt 0.137695 0.388672
vt 0.136719 0.376953
vt 0.136719 0.376953
vt 0.139648 0.388672
vt 0.137695 0.388672
vt 0.131836 0.375977
vt 0.179688 0.532227
vt 0.178711 0.533203
vt 0.178711 0.534180
vt 0.182617 0.534180
vt 0.183594 0.537109
vt 0.182617 0.530273
vt 0.542969 0.791016
vt 0.576172 0.834961
vt 0.641602 0.736328
vt 0.163086 0.371094
vt 0.167969 0.366211
vt 0.164062 0.377930
vt 0.154297 0.367188
vt 0.153320 0.364258
vt 0.157227 0.368164
vt 0.178711 0.536133
vt 0.178711 0.536133
vt 0.178711 0.535156
vt 0.149414 0.396484
vt 0.150391 0.376953
vt 0.151367 0.395508
vt 0.128906 0.357422
vt 0.131836 0.357422
vt 0.138672 0.360352
vt 0.563477 0.630859
vt 0.563477 0.632812
vt 0.549805 0.636719
vt 0.143555 0.383789
vt 0.143555 0.382812
vt 0.144531 0.382812
vt 0.144531 0.386719
vt 0.143555 0.385742
vt 0.143555 0.383789
vt 0.703125 0.749023
vt 0.660156 0.794922
vt 0.683594 0.849609
vt 0.559570 0.623047
vt 0.562500 0.625000
vt 0.549805 0.625977
vt 1.675781 0.258789
vt 1.550781 0.229492
vt 1.583984 0.118164
vt 0.140625 0.363281
vt 0.146484 0.362305
vt 0.131836 0.357422
vt 0.141602 0.369141
vt 0.143555 0.370117
vt 0.145508 0.365234
vt 0.179688 0.537109
vt 0.178711 0.534180
vt 0.178711 0.536133
vt 0.182617 0.534180
vt 0.182617 0.530273
vt 0.183594 0.537109
vt 0.567383 0.811523
vt 0.668945 0.715820
vt 0.612305 0.849609
vt 0.168945 0.373047
vt 0.167969 0.375000
vt 0.166992 0.371094
vt 0.171875 0.381836
vt 0.174805 0.381836
vt 0.174805 0.378906
vt 1.718750 0.350586
vt 1.994141 0.340820
vt 1.718750 0.237305
vt 0.181641 0.538086
vt 0.181641 0.539062
vt 0.181641 0.538086
vt 0.165039 0.384766
vt 0.167969 0.384766
vt 0.166992 0.381836
vt 0.155273 0.383789
vt 0.154297 0.382812
vt 0.155273 0.382812
vt 0.154297 0.386719
vt 0.155273 0.383789
vt 0.155273 0.385742
vt 0.737305 0.706055
vt 0.737305 0.829102
vt 0.706055 0.772461
vt 0.549805 0.624023
vt 0.561523 0.632812
vt 0.546875 0.627930
vt 1.675781 0.258789
vt 1.579102 0.111328
vt 1.552734 0.226562
vt 0.172852 0.381836
vt 0.174805 0.378906
vt 0.174805 0.381836
vt 1.257812 0.387695
vt 1.546875 0.546875
vt 1.633789 0.423828
vt 1.995117 0.005859
vt 1.718750 0.237305
vt 1.706055 0.007812
vt 0.129883 0.366211
vt 0.124023 0.367188
vt 0.129883 0.366211
vt 0.068359 0.261719
vt 0.134766 0.286133
vt 0.067383 0.297852
vt 0.032227 0.258789
vt 0.042969 0.247070
vt 0.068359 0.261719
vt 0.067383 0.297852
vt 0.041016 0.308594
vt 0.031250 0.294922
vt 0.031250 0.295898
vt 0.041016 0.310547
vt 0.067383 0.299805
vt 0.068359 0.260742
vt 0.042969 0.245117
vt 0.031250 0.260742
vt 0.068359 0.263672
vt 0.067383 0.299805
vt 0.134766 0.285156
vn 0.7838 0.3100 0.5381
vn 0.0004 0.4992 0.8665
vn 0.0006 0.4992 0.8665
vn -0.7830 0.3105 0.5390
vn 0.0118 -0.8849 0.4655
vn 0.0000 -0.8850 0.4656
vn -0.0118 -0.8849 0.4655
vn 0.0000 0.0000 1.0000
vn 0.4801 0.2922 0.8271
vn 0.4749 0.2682 0.8382
vn 0.4878 0.1758 0.8550
vn 0.6237 0.0371 0.7807
vn 0.7510 -0.0493 0.6584
vn 0.9138 -0.0281 0.4052
vn -0.4801 0.2922 0.8271
vn -0.4774 0.2797 0.8329
vn -0.4681 0.2389 0.8508
vn -0.4663 0.2313 0.8538
vn -0.4440 -0.1092 0.8893
vn -0.4568 -0.1235 0.8809
vn -0.4567 -0.1234 0.8810
vn -0.4693 -0.1376 0.8722
vn 0.0743 0.9969 0.0242
vn 0.5151 -0.1022 0.8510
vn -0.9317 -0.0669 0.3569
vn 0.0194 -0.2212 0.9750
vn 0.0000 -0.2213 0.9752
vn -0.0194 -0.2212 0.9750
vn 0.4054 -0.4348 0.8041
vn 0.0001 -0.4757 0.8796
vn -0.4052 -0.4349 0.8041
vn -0.1297 -0.4913 -0.8613
vn 0.3959 -0.4185 0.8173
vn -0.3957 -0.4188 0.8173
vn -0.6754 0.3199 0.6644
vn -0.8940 0.4300 -0.1259
vn -0.8943 0.4285 0.1289
vn -0.6607 0.3216 -0.6783
vn -0.7808 0.3323 0.5290
vn 0.0637 0.5932 0.8025
vn -0.0067 0.5912 0.8065
vn 0.7864 0.4009 0.4699
vn 0.5737 0.1175 0.8106
vn 0.0081 0.1416 0.9899
vn 0.0069 0.1416 0.9899
vn -0.5612 0.1157 0.8195
vn -0.8678 -0.0607 -0.4932
vn -0.0062 -0.0673 -0.9977
vn 0.0227 -0.0664 -0.9975
vn 0.8684 -0.0058 -0.4958
vn -0.0003 -0.9983 -0.0580
vn -0.0007 -0.9984 -0.0564
vn -0.0011 -0.9985 -0.0548
vn -0.7106 -0.1167 0.6938
vn 0.0418 -0.1082 0.9932
vn 0.0538 -0.1075 0.9927
vn 0.9904 -0.0613 -0.1242
vn 0.9936 -0.0609 -0.0954
vn 0.0005 -0.1301 -0.9915
vn 0.0220 -0.1289 -0.9914
vn -0.6961 -0.1303 -0.7060
vn -0.7490 -0.0599 0.6598
vn -0.0509 -0.0136 0.9986
vn -0.0598 -0.0142 0.9981
vn 0.7019 0.0429 0.7109
vn -0.4402 0.8769 -0.1931
vn 0.0012 0.9764 -0.2160
vn 0.0007 0.9764 -0.2160
vn 0.4424 0.8754 -0.1945
vn -0.6488 -0.2577 0.7160
vn -0.9870 -0.0996 -0.1261
vn -0.9917 -0.1279 -0.0110
vn -0.0008 0.1451 -0.9894
vn 0.5690 0.1181 -0.8137
vn -0.8068 -0.1026 -0.5819
vn -0.3656 -0.1566 -0.9175
vn -0.4728 -0.1490 -0.8685
vn 0.5643 -0.1209 -0.8166
vn 0.5651 -0.1208 -0.8161
vn 0.8955 -0.0457 -0.4426
vn 0.8236 0.0548 0.5645
vn 0.0355 0.0706 0.9969
vn 0.0488 0.0708 0.9963
vn -0.9197 0.0308 0.3913
vn -0.9496 0.0305 0.3117
vn -0.9764 -0.0480 -0.2102
vn -0.9794 -0.0439 -0.1972
vn -0.0229 -0.0995 -0.9948
vn 0.0340 -0.0949 -0.9949
vn 0.9056 0.0316 -0.4229
vn 0.6475 0.4514 -0.6139
vn 0.7790 0.6227 0.0732
vn 0.7788 0.6227 0.0751
vn 0.5239 0.4828 0.7017
vn 0.6753 0.3197 0.6645
vn 0.8943 0.4284 0.1288
vn 0.8940 0.4300 -0.1259
vn 0.6605 0.3216 -0.6784
vn 0.7809 0.3323 0.5289
vn 0.0065 0.5912 0.8065
vn -0.0636 0.5933 0.8025
vn -0.7864 0.4009 0.4700
vn 0.8678 -0.0607 -0.4932
vn -0.0227 -0.0664 -0.9975
vn 0.0058 -0.0674 -0.9977
vn -0.8684 -0.0058 -0.4958
vn 0.0003 -0.9983 -0.0581
vn 0.0007 -0.9984 -0.0564
vn 0.0011 -0.9985 -0.0548
vn 0.7106 -0.1167 0.6939
vn -0.0537 -0.1075 0.9927
vn -0.0416 -0.1082 0.9932
vn -0.9936 -0.0609 -0.0954
vn -0.9903 -0.0613 -0.1243
vn -0.0218 -0.1289 -0.9914
vn -0.0002 -0.1301 -0.9915
vn 0.6961 -0.1303 -0.7060
vn 0.7491 -0.0597 0.6598
vn 0.0624 -0.0129 0.9980
vn 0.0534 -0.0122 0.9985
vn -0.6977 0.0444 0.7150
vn 0.8193 -0.1246 -0.5597
vn 0.4775 -0.1708 -0.8618
vn 0.4020 -0.1755 -0.8986
vn -0.5594 -0.1397 -0.8170
vn -0.5543 -0.1404 -0.8203
vn -0.9029 -0.0624 -0.4253
vn -0.8236 0.0548 0.5645
vn -0.0488 0.0708 0.9963
vn -0.0355 0.0706 0.9969
vn 0.9496 0.0305 0.3117
vn 0.9197 0.0308 0.3913
vn 0.9794 -0.0439 -0.1972
vn 0.9764 -0.0480 -0.2102
vn -0.0340 -0.0949 -0.9949
vn 0.0229 -0.0995 -0.9948
vn -0.9056 0.0316 -0.4229
vn -0.6475 0.4514 -0.6139
vn -0.7789 0.6226 0.0751
vn -0.7791 0.6226 0.0733
vn -0.5240 0.4826 0.7017
vn 0.2218 -0.1624 -0.9615
vn 0.5371 -0.0432 -0.8424
vn 0.6750 0.0213 -0.7374
vn 0.8808 0.1485 -0.4495
vn -0.1809 -0.1238 -0.9756
vn -0.6341 -0.0262 -0.7728
vn -0.5972 -0.0360 -0.8012
vn -0.9156 0.0731 -0.3953
vn 0.0001 -1.0000 0.0003
vn -0.0003 -1.0000 0.0003
vn -0.0008 -1.0000 0.0003
vn 0.1345 0.6897 -0.7114
vn 0.2121 0.6966 -0.6854
vn 0.1494 0.6914 -0.7068
vn 0.2306 0.6975 -0.6784
vn 0.7797 0.2200 -0.5861
vn 0.7800 0.2179 -0.5866
vn 0.6489 0.1734 -0.7408
vn 0.5762 0.1486 -0.8036
vn 0.3035 0.0649 -0.9506
vn 0.7826 0.6225 0.0087
vn 0.7044 0.6890 0.1707
vn 0.6485 0.7154 0.2597
vn 0.5516 0.7392 0.3864
vn 0.6389 0.0010 0.7693
vn 0.6177 0.0010 0.7864
vn 0.6168 0.0010 0.7871
vn 0.5956 0.0010 0.8032
vn 0.6647 0.1945 0.7213
vn 0.6134 0.2427 0.7515
vn 0.4047 0.1494 0.9021
vn 0.2933 0.1329 0.9467
vn -0.0668 -0.4569 0.8870
vn 0.3202 -0.3700 0.8721
vn -0.0482 -0.9615 0.2704
vn 0.7403 -0.0349 0.6713
vn -0.5183 0.7369 0.4340
vn -0.6959 0.6814 0.2270
vn -0.6237 0.7126 0.3211
vn -0.7766 0.6229 0.0945
vn -0.0021 -0.9994 0.0349
vn -0.0013 -0.9994 0.0349
vn -0.0012 -0.9994 0.0349
vn -0.0004 -0.9994 0.0348
vn 0.1526 -0.9716 0.1809
vn 0.0485 -0.9615 0.2704
vn -0.5335 -0.5391 0.6518
vn -0.7406 -0.0321 0.6712
vn -0.7901 -0.1586 -0.5921
vn -0.5222 -0.6583 -0.5421
vn -0.2879 -0.2424 -0.9265
vn -0.0155 -0.2832 -0.9589
vn 0.2275 0.1657 -0.9596
vn 0.2533 0.2147 -0.9432
vn 0.3308 0.4969 -0.8023
vn 0.3015 0.4145 -0.8586
vn 0.3532 0.7255 -0.5907
vn 0.6654 0.4335 0.6077
vn 0.6453 0.4671 0.6044
vn 0.5727 0.5720 0.5871
vn 0.5547 0.5947 0.5818
vn 0.6668 0.3609 -0.6520
vn 0.6717 0.3436 -0.6563
vn 0.6767 0.3244 -0.6608
vn 0.6791 0.3151 -0.6629
vn -0.0001 -1.0000 0.0003
vn 0.0003 -1.0000 0.0003
vn 0.0008 -1.0000 0.0003
vn -0.7786 0.1877 -0.5988
vn -0.7551 0.2136 -0.6198
vn -0.6177 0.2297 -0.7521
vn -0.5183 0.2545 -0.8164
vn -0.2972 0.2733 -0.9149
vn -0.2959 0.2854 -0.9116
vn -0.7825 0.6225 0.0087
vn -0.6485 0.7154 0.2597
vn -0.4168 0.8569 0.3031
vn -0.0211 0.8739 0.4856
vn 0.5183 0.7369 0.4340
vn -0.5972 0.0010 0.8021
vn -0.6187 0.0010 0.7856
vn -0.6178 0.0010 0.7863
vn -0.6394 0.0010 0.7689
vn -0.6700 0.1685 0.7229
vn -0.5895 0.2463 0.7692
vn -0.6119 0.2259 0.7580
vn -0.5462 0.2837 0.7881
vn 0.0021 -0.9994 0.0349
vn 0.0012 -0.9994 0.0349
vn 0.0013 -0.9994 0.0349
vn 0.0004 -0.9994 0.0348
vn 0.8206 -0.1279 -0.5570
vn 0.6298 -0.5423 -0.5560
vn 0.5416 -0.6512 -0.5316
vn 0.3712 -0.8023 -0.4673
vn -0.1344 0.6894 -0.7118
vn -0.1494 0.6911 -0.7071
vn -0.2127 0.6963 -0.6855
vn -0.2314 0.6973 -0.6784
vn -0.5476 0.6199 0.5620
vn -0.6370 0.4937 0.5919
vn -0.5640 0.5991 0.5682
vn -0.6542 0.4650 0.5964
vn -0.9105 -0.0039 -0.4135
vn -0.8678 0.1283 -0.4800
vn -0.6537 0.1924 -0.7319
vn -0.4669 0.2108 -0.8588
vn -0.2137 0.1446 -0.9661
vn -0.1985 0.1637 -0.9663
vn -0.6986 0.3666 -0.6144
vn -0.5926 0.5084 -0.6247
vn -0.4105 0.6817 -0.6056
vn -0.3409 0.7320 -0.5899
vn -0.5475 0.3485 0.7607
vn 0.1385 0.9224 0.3605
vn 0.4544 -0.4986 -0.7382
vn 0.8240 -0.5663 0.0165
vn 0.2228 -0.3307 0.9170
vn 0.0811 0.3651 0.9274
vn 0.9893 0.1344 -0.0568
vn -0.9371 0.0012 -0.3490
vn 0.7055 0.0478 0.7071
vn 0.4995 0.4660 -0.7303
vn 0.5502 0.3455 0.7602
vn -0.1389 0.9219 0.3616
vn -0.4537 -0.4991 -0.7382
vn -0.8235 -0.5670 0.0161
vn -0.2224 -0.3307 0.9171
vn -0.0814 0.3651 0.9274
vn -0.9893 0.1344 -0.0568
vn -0.7024 0.0472 0.7102
vn -0.4978 0.4781 -0.7235
vn 0.6479 -0.2601 0.7159
vn 0.7061 0.0457 0.7066
vn 0.7766 0.6228 0.0945
vn -0.7028 0.0457 0.7099
vn -0.2070 0.1037 -0.9728
vn 0.8789 -0.0074 -0.4769
vn -0.5172 -0.0359 0.8551
vn 0.9538 0.2987 -0.0332
vn 0.9661 0.2560 -0.0326
vn 0.9677 0.2498 -0.0325
vn 0.9784 0.2040 -0.0318
vn 0.8465 -0.0207 0.5319
vn 0.8466 -0.0210 0.5318
vn 0.8466 -0.0209 0.5318
vn 0.8466 -0.0213 0.5317
vn 0.0642 -0.9968 -0.0464
vn 0.0621 -0.9973 -0.0383
vn -0.1718 -0.9805 0.0956
vn -0.7194 -0.5545 0.4183
vn -0.8556 -0.1422 0.4976
vn -0.9000 -0.2506 -0.3566
vn -0.9042 -0.1468 -0.4010
vn -0.9308 -0.1111 -0.3481
vn -0.9366 -0.0847 -0.3401
vn -0.9648 -0.0856 -0.2487
vn -0.3021 0.8888 0.3446
vn -0.2679 0.8772 0.3985
vn -0.2860 0.8837 0.3705
vn -0.2542 0.8716 0.4190
vn 0.4452 -0.3224 0.8353
vn 0.6603 0.0703 0.7477
vn 0.6717 0.1014 0.7338
vn 0.7122 0.2398 0.6597
vn 0.2625 0.8629 -0.4318
vn 0.2141 0.8811 -0.4216
vn 0.3664 0.6870 -0.6274
vn 0.2983 0.7199 -0.6266
vn 0.4342 0.3271 -0.8393
vn 0.4251 0.3625 -0.8293
vn 0.6677 0.0140 -0.7443
vn 0.8053 -0.0581 -0.5899
vn -0.7726 -0.2596 -0.5794
vn -0.7766 -0.2471 -0.5795
vn -0.7785 -0.2409 -0.5796
vn -0.7816 -0.2305 -0.5796
vn 0.6837 0.6437 -0.3437
vn 0.6835 0.6437 -0.3443
vn 0.8998 0.3358 0.2785
vn 0.8989 0.3223 0.2969
vn 0.8010 0.0555 0.5961
vn 0.5878 0.2518 -0.7687
vn 0.5879 0.2669 -0.7636
vn 0.4060 0.4634 -0.7877
vn -0.2571 0.3386 -0.9051
vn -0.6800 0.1196 -0.7234
vn -0.7611 0.0148 -0.6485
vn 0.4308 -0.7374 -0.5202
vn 0.4306 -0.7379 -0.5197
vn 0.4308 -0.7374 -0.5201
vn 0.4306 -0.7379 -0.5196
vn 0.2409 0.9113 -0.3340
vn 0.2095 0.9266 -0.3122
vn -0.2400 0.9248 0.2952
vn -0.2467 0.9218 0.2989
vn -0.4146 0.7387 0.5314
vn -0.4152 0.7381 0.5318
vn 0.7222 -0.2933 0.6264
vn 0.6435 -0.0993 0.7590
vn 0.6363 -0.1229 0.7615
vn 0.4347 0.1419 0.8893
vn 0.4519 0.3300 0.8288
vn 0.4125 0.4911 0.7672
vn 0.2951 0.3913 0.8716
vn -0.3477 0.0762 0.9345
vn -0.5355 -0.1631 0.8286
vn -0.7794 -0.0848 0.6207
vn -0.7842 0.0224 0.6200
vn -0.8220 0.0471 0.5674
vn -0.9237 -0.1346 0.3586
vn -0.9445 -0.1159 0.3072
vn 0.9808 -0.1650 0.1033
vn 0.9814 0.1115 0.1561
vn 0.9720 0.1298 0.1961
vn 0.7530 0.5617 0.3426
vn 0.5526 0.7496 0.3643
vn 0.3087 0.8999 0.3079
vn -0.7057 0.2589 0.6594
vn -0.6972 0.4316 0.5724
vn -0.7061 0.2987 0.6420
vn -0.6897 0.4793 0.5427
vn 0.4123 0.7271 0.5489
vn 0.3280 0.7785 0.5351
vn 0.1989 0.8563 0.4765
vn -0.2932 0.8527 0.4323
vn -0.5526 0.7491 0.3652
vn -0.9875 0.1124 0.1106
vn 0.7508 0.2331 0.6181
vn 0.3708 -0.2810 0.8852
vn 0.5017 -0.1447 0.8528
vn -0.0668 -0.6019 0.7957
vn -0.9969 -0.0783 -0.0001
vn -0.9669 -0.2552 -0.0001
vn -0.9468 -0.3216 0.0105
vn -0.8927 -0.4495 0.0309
vn -0.8910 -0.4521 0.0405
vn 0.6353 -0.2904 -0.7155
vn 0.6118 -0.1795 -0.7703
vn 0.6043 -0.1511 -0.7823
vn 0.5691 -0.0383 -0.8213
vn 0.5387 0.1144 0.8347
vn 0.4899 0.2172 0.8443
vn 0.5036 0.1898 0.8428
vn 0.4523 0.2867 0.8445
vn 0.7229 0.0922 0.6847
vn 0.6641 0.2114 0.7171
vn 0.6907 0.1611 0.7050
vn 0.6222 0.2820 0.7302
vn 0.8018 -0.5975 -0.0054
vn 0.5290 -0.7985 -0.2874
vn 0.5396 -0.7645 -0.3526
vn 0.3075 -0.7712 -0.5573
vn 0.2922 -0.7488 -0.5949
vn 0.2832 -0.7458 -0.6029
vn 0.5018 -0.2090 0.8394
vn 0.5252 -0.1194 0.8425
vn 0.5311 -0.0860 0.8429
vn 0.5195 -0.0380 0.8536
vn 0.5173 -0.0327 0.8552
vn 0.5160 -0.0761 0.8531
vn 0.0186 0.3061 0.9518
vn 0.0540 0.3713 0.9269
vn 0.2909 0.3327 0.8970
vn 0.3677 0.3373 0.8666
vn 0.4046 -0.0933 0.9097
vn 0.1688 0.9058 -0.3887
vn 0.0016 0.9189 -0.3943
vn 0.0046 0.9189 -0.3943
vn -0.1564 0.9076 -0.3895
vn 0.9247 0.0255 0.3799
vn 0.9559 0.0338 0.2917
vn 0.9715 0.1711 0.1638
vn 0.9744 0.2066 0.0888
vn 0.9145 0.3900 -0.1072
vn 0.9865 -0.1489 0.0678
vn 0.9708 -0.2202 -0.0949
vn 0.9512 -0.2447 -0.1878
vn 0.9232 -0.2690 -0.2744
vn 0.9183 -0.2648 -0.2943
vn 0.5218 0.3770 0.7652
vn 0.4773 0.4718 0.7413
vn 0.4010 0.5632 0.7225
vn 0.3084 0.6140 0.7266
vn 0.0005 0.6360 0.7717
vn -0.3468 0.5965 0.7238
vn 0.2294 0.4157 -0.8801
vn 0.0025 0.4271 -0.9042
vn -0.1160 0.4761 -0.8717
vn -0.3003 0.4921 -0.8171
vn -0.3680 0.5545 -0.7463
vn 0.9106 0.0067 -0.4132
vn 0.8602 0.0266 -0.5092
vn 0.8588 0.0272 -0.5116
vn 0.8166 0.0411 -0.5758
vn 0.3634 0.9070 0.2127
vn 0.3532 0.9123 0.2074
vn 0.3546 0.9116 0.2081
vn 0.3401 0.9187 0.2007
vn 0.3891 -0.1671 -0.9059
vn 0.4148 -0.1862 -0.8906
vn 0.4182 -0.1886 -0.8885
vn 0.4504 -0.2127 -0.8671
vn 0.4078 0.1021 -0.9073
vn 0.3481 0.1134 -0.9305
vn 0.0545 0.1592 -0.9857
vn -0.0748 0.1746 -0.9818
vn -0.7559 -0.6511 -0.0682
vn -0.6474 -0.7392 -0.1858
vn -0.5229 -0.8005 -0.2929
vn -0.3842 -0.8369 -0.3898
vn -0.5305 -0.0172 0.8475
vn -0.5204 -0.0292 0.8534
vn -0.5279 -0.0202 0.8490
vn -0.5173 -0.0328 0.8552
vn -0.4039 -0.1485 0.9027
vn -0.4817 -0.1782 0.8580
vn -0.4150 -0.1527 0.8969
vn -0.4940 -0.1829 0.8500
vn -0.0186 0.3061 0.9518
vn -0.1797 0.5896 0.7875
vn -0.0540 0.3713 0.9269
vn -0.2580 0.7120 0.6531
vn -0.9338 0.0393 0.3554
vn -0.9505 0.0440 0.3075
vn -0.9557 0.0456 0.2906
vn -0.9640 0.0484 0.2613
vn -0.2102 0.5760 -0.7900
vn 0.6861 0.6775 -0.2651
vn -0.9410 -0.1538 -0.3013
vn -0.9268 -0.1479 -0.3450
vn -0.9315 -0.3139 -0.1837
vn -0.9130 -0.3703 -0.1711
vn -0.4128 0.5924 0.6919
vn -0.4794 0.4787 0.7355
vn -0.4469 0.5372 0.7153
vn -0.5220 0.3904 0.7583
vn -0.7064 0.7064 -0.0453
vn -0.8351 0.5470 -0.0574
vn -0.8530 0.5185 -0.0592
vn -0.9253 0.3733 -0.0668
vn -0.8303 0.0167 -0.5570
vn -0.8677 0.0030 -0.4970
vn -0.6239 -0.1064 -0.7743
vn -0.7562 -0.0946 -0.6475
vn -0.4099 -0.1926 -0.8915
vn -0.4378 -0.2142 -0.8731
vn -0.3172 0.9264 0.2027
vn -0.3482 0.9112 0.2201
vn -0.3503 0.9101 0.2212
vn -0.3724 0.8982 0.2335
vn -0.2833 -0.7458 -0.6029
vn -0.3051 -0.7527 -0.5833
vn -0.3031 -0.7521 -0.5851
vn -0.3340 -0.7610 -0.5561
vn 0.1762 0.4030 -0.8980
vn 0.2230 0.4094 -0.8847
vn 0.1792 0.4035 -0.8972
vn 0.2273 0.4099 -0.8833
vn -0.7599 -0.2526 -0.5990
vn -0.7393 -0.2661 -0.6185
vn -0.6770 -0.3631 -0.6402
vn -0.6563 -0.3782 -0.6528
vn -0.6244 -0.4621 -0.6297
vn -0.4534 -0.1675 0.8754
vn -0.3803 -0.1858 0.9060
vn -0.4323 -0.1730 0.8850
vn -0.3489 -0.1931 0.9171
vn -0.3727 0.1769 0.9109
vn -0.3941 0.1811 0.9010
vn -0.3761 0.1776 0.9094
vn -0.3992 0.1821 0.8986
vn -0.5762 -0.2012 0.7921
vn -0.4290 -0.7016 0.5690
vn 0.0672 0.5965 -0.7998
vn -0.5476 0.0087 0.8367
vn -0.4454 -0.2728 0.8527
vn -0.7613 -0.2438 -0.6007
vn 0.3135 0.8231 -0.4735
vn 0.3805 0.5528 -0.7413
vn 0.2827 0.5553 -0.7821
vn 0.6779 0.7314 -0.0734
vn -0.3054 0.8194 -0.4850
vn 0.1087 0.6159 -0.7803
vn 0.6280 0.5037 0.5932
vn 0.7796 0.0220 -0.6259
vn 0.9776 0.2071 -0.0371
vn -0.3652 -0.0871 0.9268
vn -0.9841 0.0417 -0.1724
vn 0.8708 0.0289 0.4908
vn -0.3997 -0.1849 0.8978
vn -0.9758 0.0172 0.2179
vn 0.0135 -0.9999 0.0092
vn 0.0832 0.0099 0.9965
vn -0.9962 -0.0111 0.0864
vn -0.0135 0.9999 -0.0091
vn 0.9962 0.0100 -0.0867
vn -0.0833 -0.0110 -0.9965
vn 0.9193 0.2646 0.2912
vn -0.9193 0.2646 0.2912
vn -0.7634 -0.0992 0.6383
vn -0.0427 -0.0952 0.9945
vn -0.0106 -0.0936 0.9955
vn 0.7267 -0.0265 0.6864
vn 0.7665 -0.6358 0.0904
vn 0.8560 -0.5057 0.1071
vn 0.8282 -0.5511 0.1017
vn 0.8954 -0.4300 0.1150
vn 0.7990 -0.5706 -0.1896
vn 0.5484 -0.8350 -0.0457
vn 0.6250 -0.7759 -0.0855
vn 0.0468 -0.9843 0.1700
vn -0.1817 0.7722 0.6088
vn -0.7026 0.5008 0.5055
vn -0.5895 0.5907 0.5510
vn -0.7084 -0.6775 -0.1979
vn -0.7528 -0.6349 -0.1734
vn 0.7974 -0.5662 -0.2087
vn 0.8494 -0.4984 -0.1734
vn 0.9979 -0.0379 0.0516
vn -0.1113 0.6621 0.7411
vn -0.5754 0.5006 0.6467
vn -0.4337 0.5702 0.6977
vn -0.9916 -0.0511 0.1188
vn -0.0891 -0.9125 0.3992
vn 0.1172 -0.9291 0.3507
vn 0.0785 -0.9292 0.3612
vn 0.2189 -0.9216 0.3204
vn -0.8336 -0.0910 -0.5447
vn -0.4322 -0.0910 -0.8971
vn -0.4961 -0.0926 -0.8633
vn 0.5619 -0.0839 -0.8229
vn 0.5399 -0.0837 -0.8375
vn 0.8925 -0.0766 -0.4445
vn 0.6985 0.7147 -0.0360
vn 0.2120 0.9771 0.0179
vn 0.0381 0.9987 0.0344
vn -0.9887 0.0542 0.1397
vn -0.9886 -0.0540 0.1400
vn 0.2076 -0.9778 0.0279
vn 0.0550 -0.9976 0.0412
vn 0.6760 -0.7366 -0.0212
vn 0.8079 -0.2030 0.5531
vn 0.7962 -0.2396 0.5555
vn 0.7945 -0.2445 0.5557
vn 0.7796 -0.2856 0.5573
vn 0.4422 -0.8810 0.1679
vn -0.0612 -0.9033 -0.4246
vn -0.0569 -0.9055 -0.4205
vn -0.4555 -0.5115 -0.7286
vn 0.0992 -0.8062 -0.5832
vn 0.1395 -0.1162 -0.9834
vn 0.1387 -0.0478 -0.9892
vn 0.0504 0.9969 0.0598
vn 0.0598 0.9888 -0.1365
vn -0.0021 0.1274 0.9919
vn -0.0017 0.1600 0.9871
vn -0.0094 -0.4656 0.8849
vn 0.1867 0.6519 0.7349
vn 0.2899 0.9570 0.0004
vn 0.2888 0.9559 0.0530
vn 0.2226 0.7017 -0.6768
vn 0.6944 -0.2424 0.6775
vn 0.9999 0.0028 -0.0142
vn 0.9980 -0.0230 0.0584
vn -0.0002 0.3328 -0.9430
vn -0.0003 0.3328 -0.9430
vn -0.9999 0.0026 -0.0137
vn -0.9980 -0.0232 0.0590
vn -0.6940 -0.2425 0.6779
vn -0.7738 -0.0975 0.6258
vn -0.0871 -0.0696 0.9937
vn -0.0515 -0.0671 0.9964
vn 0.6502 0.0002 0.7597
vn 0.4621 0.6887 0.5586
vn 0.4779 0.8386 0.2613
vn 0.4651 0.8803 0.0933
vn 0.0007 0.9523 -0.3052
vn 0.0006 0.9523 -0.3052
vn -0.4767 0.8394 0.2610
vn -0.4638 0.8807 0.0955
vn -0.4614 0.6891 0.5588
vn 0.4190 -0.8364 0.3533
vn 0.3991 -0.3677 0.8399
vn 0.4003 -0.3741 0.8365
vn 0.4855 0.6806 0.5487
vn 0.4775 0.6686 0.5700
vn 0.8537 0.3212 -0.4098
vn 0.8474 0.3579 -0.3922
vn 0.7606 -0.2915 -0.5801
vn 0.6008 0.1228 0.7898
vn 0.0064 0.1614 0.9868
vn 0.0057 0.1614 0.9868
vn -0.5910 0.1364 0.7951
vn -0.2743 0.8394 0.4692
vn -0.5525 0.2589 0.7922
vn -0.5878 -0.0761 0.8054
vn -0.4316 -0.7381 0.5185
vn -0.9141 -0.2856 -0.2877
vn -0.6331 -0.6589 -0.4062
vn -0.7611 -0.5317 -0.3715
vn 0.0968 -0.9557 -0.2779
vn 0.4536 -0.8824 -0.1243
vn 0.9125 0.1500 0.3804
vn 0.6767 -0.7358 -0.0254
vn 0.6767 -0.7359 -0.0213
vn 0.6767 -0.7359 -0.0215
vn 0.6767 -0.7360 -0.0176
vn -0.5327 -0.8406 0.0976
vn -0.5395 -0.8380 0.0812
vn -0.5392 -0.8382 0.0821
vn -0.5454 -0.8355 0.0666
vn 0.6388 0.7684 -0.0391
vn -0.0650 0.9963 0.0553
vn -0.0215 0.9985 0.0502
vn -0.7169 0.6871 0.1179
vn 0.6501 0.7593 -0.0273
vn -0.0143 0.9994 0.0323
vn -0.0361 0.9987 0.0340
vn -0.7033 0.7066 0.0772
vn 0.1361 0.6765 0.7238
vn 0.0000 0.6828 0.7306
vn -0.1360 0.6765 0.7238
vn 0.5066 0.1616 0.8469
vn 0.3771 0.1681 0.9108
vn 0.3806 0.1680 0.9093
vn 0.0003 0.1771 0.9842
vn 0.0004 0.1771 0.9842
vn -0.3607 0.1960 0.9118
vn -0.3642 0.1969 0.9102
vn -0.4733 0.2225 0.8523
vn 0.2638 -0.1086 0.9584
vn 0.0003 -0.1126 0.9936
vn 0.0004 -0.1126 0.9936
vn -0.2631 -0.1086 0.9586
vn -0.7235 -0.0285 0.6897
vn 0.0451 -0.0964 0.9943
vn 0.0133 -0.0949 0.9954
vn 0.7635 -0.0992 0.6382
vn -0.7796 -0.6215 0.0767
vn -0.8322 -0.5478 0.0852
vn -0.8540 -0.5125 0.0889
vn -0.8883 -0.4493 0.0949
vn -0.7991 -0.5704 -0.1897
vn -0.6249 -0.7760 -0.0853
vn -0.5482 -0.8351 -0.0454
vn -0.0460 -0.9842 0.1709
vn -0.9701 -0.2419 -0.0180
vn -0.7422 -0.4662 -0.4814
vn -0.2506 -0.5420 -0.8021
vn 0.8203 -0.1621 -0.5485
vn 0.4321 -0.3961 -0.8101
vn 0.9759 -0.1665 -0.1412
vn -0.9590 -0.1947 0.2061
vn -0.8102 -0.5650 -0.1558
vn -0.2342 -0.8100 -0.5376
vn 0.8680 -0.4063 -0.2854
vn 0.4314 -0.7092 -0.5576
vn 0.8034 -0.4260 0.4159
vn -0.9500 -0.1948 0.2439
vn -0.8336 -0.5524 0.0026
vn -0.3895 -0.9133 -0.1187
vn 0.8482 -0.5296 0.0118
vn 0.3755 -0.9189 -0.1210
vn 0.3798 -0.4258 0.8212
vn -0.5998 -0.3763 0.7061
vn -0.8592 -0.4979 0.1171
vn -0.5968 -0.7882 0.1504
vn 0.7364 -0.6628 0.1357
vn 0.2831 -0.9438 0.1703
vn 0.9835 -0.1712 0.0587
vn 0.0883 -0.9129 0.3986
vn -0.0782 -0.9295 0.3605
vn -0.1166 -0.9294 0.3501
vn -0.2175 -0.9221 0.3199
vn 0.8303 -0.0907 -0.5499
vn 0.4926 -0.0922 -0.8653
vn 0.4301 -0.0907 -0.8982
vn -0.5340 -0.0853 -0.8412
vn -0.5582 -0.0857 -0.8252
vn -0.8881 -0.0801 -0.4525
vn 0.6828 0.6769 -0.2748
vn 0.7661 0.3233 -0.5555
vn 0.5910 -0.3091 -0.7451
vn 0.4552 -0.5114 -0.7288
vn -0.8079 -0.2030 0.5531
vn -0.7969 -0.2425 0.5532
vn -0.7983 -0.2380 0.5533
vn -0.7845 -0.2818 0.5524
vn -0.1013 -0.7523 -0.6509
vn -0.1249 0.0370 -0.9915
vn -0.1262 -0.0170 -0.9919
vn -0.0454 0.9986 0.0277
vn -0.0475 0.9987 -0.0180
vn 0.0024 0.2216 0.9751
vn 0.0031 0.1665 0.9860
vn 0.0271 -0.8506 0.5250
vn 0.0269 -0.8460 0.5324
vn 0.0363 -0.9993 -0.0015
vn -0.1862 0.6518 0.7351
vn -0.2887 0.9560 0.0526
vn -0.2898 0.9571 0.0015
vn -0.2228 0.7017 -0.6767
vn 0.7739 -0.0975 0.6257
vn 0.0513 -0.0671 0.9964
vn 0.0869 -0.0696 0.9938
vn -0.6503 0.0002 0.7596
vn -0.4190 -0.8364 0.3533
vn -0.4003 -0.3741 0.8365
vn -0.3991 -0.3677 0.8399
vn -0.4775 0.6686 0.5700
vn -0.4855 0.6806 0.5487
vn -0.8474 0.3579 -0.3922
vn -0.8537 0.3212 -0.4098
vn -0.7606 -0.2915 -0.5801
vn 0.2727 0.8389 0.4710
vn 0.5862 -0.0765 0.8065
vn 0.5504 0.2591 0.7936
vn 0.4315 -0.7378 0.5191
vn 0.9141 -0.2856 -0.2877
vn 0.7604 -0.5326 -0.3716
vn 0.6325 -0.6595 -0.4062
vn -0.4548 -0.8820 -0.1237
vn -0.0971 -0.9557 -0.2777
vn -0.9123 0.1507 0.3807
vn 0.5331 -0.8402 0.0991
vn -0.1329 -0.9902 0.0422
vn -0.0685 -0.9964 0.0489
vn -0.9982 0.0345 -0.0484
vn -0.9984 0.0269 -0.0484
vn -0.6390 0.7682 -0.0385
vn 0.8526 0.4628 -0.2427
vn 0.8055 0.5889 -0.0663
vn 0.7938 0.6071 -0.0365
vn 0.7168 0.6875 0.1167
vn -0.5091 -0.8134 -0.2812
vn -0.4229 -0.8729 -0.2432
vn -0.3838 -0.8954 -0.2257
vn 0.0001 -0.9814 -0.1917
vn 0.0000 -0.9814 -0.1917
vn 0.4115 -0.8844 -0.2202
vn 0.3782 -0.9015 -0.2102
vn 0.4950 -0.8338 -0.2443
vn -0.1353 -0.6773 -0.7231
vn -0.1722 0.0663 -0.9828
vn -0.1724 -0.1858 -0.9673
vn -0.0727 0.9962 0.0464
vn -0.0747 0.9970 0.0200
vn -0.0001 0.2048 0.9788
vn 0.0026 0.0004 1.0000
vn 0.0176 -0.8563 0.5162
vn 0.0191 -0.9186 0.3947
vn 0.0215 -0.9998 -0.0009
vn -0.1028 -0.8210 -0.5615
vn -0.1456 -0.0714 -0.9868
vn -0.1461 -0.1082 -0.9833
vn -0.0652 0.9869 -0.1474
vn -0.0599 0.9977 -0.0321
vn -0.0004 0.1586 0.9873
vn -0.0003 0.1550 0.9879
vn 0.0088 -0.4655 0.8850
vn 0.1243 -0.7013 -0.7019
vn 0.1600 -0.2016 -0.9663
vn 0.1569 0.1372 -0.9780
vn 0.0664 0.9975 0.0242
vn 0.0688 0.9975 -0.0142
vn -0.0027 0.0012 1.0000
vn 0.0008 0.2478 0.9688
vn -0.0218 -0.9180 0.3959
vn -0.0193 -0.8336 0.5519
vn -0.0249 -0.9997 -0.0011
vn 0.7325 -0.1611 0.6614
vn 0.0547 -0.2302 0.9716
vn -0.0811 -0.2290 0.9700
vn -0.7544 -0.1465 0.6398
vn 0.7370 -0.4458 0.5080
vn 0.7352 -0.4387 0.5167
vn 0.7333 -0.4317 0.5253
vn 0.7311 -0.4240 0.5344
vn -0.2816 0.0425 -0.9586
vn -0.3995 -0.1581 -0.9030
vn -0.1819 -0.4725 -0.8623
vn 0.7113 -0.5958 -0.3729
vn 0.8165 -0.5293 -0.2304
vn 0.8477 -0.4415 -0.2941
vn 0.9319 -0.3500 0.0951
vn 0.9416 -0.3188 0.1085
vn 0.9409 -0.3213 0.1074
vn 0.9490 -0.2914 0.1200
vn 0.8002 -0.1082 0.5899
vn 0.8086 -0.1217 0.5755
vn 0.8128 -0.1285 0.5682
vn 0.8207 -0.1420 0.5534
vn 0.6298 0.7696 -0.1054
vn 0.6079 0.7888 -0.0907
vn 0.5098 0.8598 -0.0286
vn 0.4724 0.8813 -0.0062
vn 0.0915 0.9901 0.1066
vn -0.0047 0.9943 0.1063
vn -0.0039 0.9943 0.1063
vn -0.1009 0.9893 0.1050
vn 0.1516 -0.5218 -0.8394
vn 0.2507 -0.3416 -0.9058
vn 0.2829 -0.2741 -0.9191
vn 0.3228 -0.1831 -0.9286
vn 0.4146 0.6626 -0.6236
vn 0.1852 0.6597 -0.7284
vn 0.3611 0.5654 -0.7415
vn 0.3892 0.4328 -0.8131
vn 0.5641 0.2017 -0.8007
vn 0.2271 0.6729 -0.7039
vn 0.2944 0.9299 -0.2206
vn 0.4872 0.8638 -0.1282
vn 0.7626 0.3249 0.5594
vn 0.8181 0.1209 0.5621
vn -0.7663 -0.0407 0.6412
vn -0.1078 -0.0522 0.9928
vn 0.0355 -0.0510 0.9980
vn 0.7306 -0.0277 0.6822
vn 0.2636 0.7191 -0.6430
vn 0.4704 0.5941 -0.6524
vn 0.6081 0.0894 -0.7888
vn 0.6417 -0.2323 -0.7309
vn 0.4486 -0.7185 -0.5314
vn 0.5703 0.2900 -0.7685
vn 0.5257 0.2359 -0.8173
vn 0.4677 0.2852 -0.8366
vn 0.1962 0.3546 -0.9142
vn -0.0067 0.4277 -0.9039
vn -0.2820 0.4103 -0.8672
vn 0.4061 -0.4387 0.8016
vn 0.4844 -0.6048 0.6320
vn 0.5452 -0.7862 0.2911
vn 0.5472 -0.8177 0.1787
vn 0.6031 0.0139 -0.7975
vn 0.5499 0.0699 -0.8323
vn 0.5618 0.0577 -0.8252
vn 0.5225 0.0968 -0.8471
vn 0.2401 0.3373 0.9103
vn 0.2312 0.3528 0.9066
vn 0.0402 0.3964 0.9172
vn 0.0000 0.4061 0.9138
vn -0.2050 0.3975 0.8944
vn -0.7162 -0.4512 0.5324
vn -0.7199 -0.4658 0.5145
vn -0.7182 -0.4588 0.5232
vn -0.7215 -0.4728 0.5058
vn 0.2840 0.0386 -0.9580
vn 0.4657 -0.2875 -0.8369
vn 0.3978 -0.1550 -0.9042
vn 0.5273 -0.4274 -0.7343
vn -0.9206 -0.3828 0.0774
vn -0.9362 -0.3378 0.0965
vn -0.9375 -0.3339 0.0981
vn -0.9498 -0.2905 0.1159
vn -0.8055 -0.1166 0.5810
vn -0.8148 -0.1318 0.5646
vn -0.8118 -0.1268 0.5700
vn -0.8207 -0.1420 0.5534
vn -0.6302 0.7692 -0.1057
vn -0.5099 0.8597 -0.0286
vn -0.5351 0.8427 -0.0594
vn -0.3055 0.9510 0.0461
vn -0.0916 0.9901 0.1066
vn -0.4991 -0.3764 -0.7805
vn -0.3934 -0.2586 -0.8822
vn -0.4173 -0.2848 -0.8630
vn -0.3229 -0.1831 -0.9285
vn -0.8191 0.1195 0.5610
vn -0.7640 0.3228 0.5586
vn -0.4895 0.8625 -0.1283
vn -0.2973 0.9291 -0.2198
vn -0.2292 0.6721 -0.7040
vn -0.8167 -0.2425 0.5236
vn -0.2148 -0.0638 0.9746
vn -0.4756 0.0508 0.8781
vn -0.5810 -0.3041 0.7549
vn -0.5248 -0.0844 0.8470
vn -0.5928 -0.3788 0.7107
vn -0.4478 -0.7189 -0.5316
vn -0.3743 -0.7586 -0.5332
vn -0.3164 -0.7854 -0.5319
vn -0.1572 -0.8408 -0.5180
vn -0.2641 0.7182 -0.6438
vn -0.4757 0.5895 -0.6528
vn -0.4693 0.5943 -0.6531
vn -0.5826 0.5007 -0.6402
vn 0.1009 0.9893 0.1050
vn 0.1412 0.9855 0.0935
vn 0.1332 0.9864 0.0958
vn 0.1734 0.9812 0.0840
vn -0.7305 -0.0270 0.6823
vn 0.1074 -0.0526 0.9928
vn -0.0347 -0.0513 0.9981
vn 0.7666 -0.0419 0.6407
vn -0.5470 -0.8178 0.1789
vn -0.4841 -0.6048 0.6322
vn -0.5449 -0.7863 0.2912
vn -0.4058 -0.4388 0.8017
vn -0.5642 0.2017 -0.8006
vn -0.3893 0.4328 -0.8131
vn -0.3612 0.5654 -0.7415
vn -0.1852 0.6596 -0.7284
vn -0.4144 0.6626 -0.6238
vn -0.7442 -0.6229 -0.2409
vn -0.7708 -0.5678 -0.2888
vn -0.7751 -0.5574 -0.2973
vn -0.8078 -0.4561 -0.3732
vn -0.7324 -0.1620 0.6613
vn 0.0821 -0.2288 0.9700
vn -0.0551 -0.2302 0.9716
vn 0.7549 -0.1455 0.6394
vn -0.5916 0.3268 -0.7370
vn -0.5302 0.2573 -0.8078
vn -0.5203 0.2465 -0.8176
vn -0.4889 0.2129 -0.8459
vn 0.3117 -0.2248 -0.9232
vn -0.0069 -0.2366 -0.9716
vn -0.1505 -0.1509 -0.9770
vn -0.5271 0.0358 -0.8490
vn -0.5716 0.0927 -0.8152
vn -0.6325 0.0415 -0.7734
vn 0.0666 -0.1881 0.9799
vn -0.0595 0.2117 -0.9755
vn -0.2897 -0.9113 -0.2925
vn -0.9567 0.2667 0.1167
vn 0.2658 0.9636 -0.0269
vn 0.9567 -0.2667 -0.1166
vn 0.8467 0.0499 -0.5296
vn 0.1951 -0.9675 0.1609
vn 0.9915 -0.0668 0.1112
vn -0.0059 -0.9834 -0.1814
vn 0.0779 -0.8040 -0.5895
vn 0.0831 0.3182 0.9443
vn -0.9986 -0.0509 0.0130
vn -0.1138 -0.7731 -0.6240
vn -0.1635 -0.4264 -0.8896
vn 0.0974 -0.1025 0.9899
vn 0.9702 -0.2416 -0.0183
vn -0.9782 0.0841 -0.1896
vn -0.2670 0.1288 -0.9550
vn 0.9654 -0.1651 0.2015
vn -0.6823 0.6774 -0.2748
vn 0.6539 0.0186 0.7563
vn 0.0896 0.0188 -0.9958
vn 0.9368 -0.0016 0.3498
vn 0.9813 -0.1916 0.0164
vn 0.8062 -0.2337 0.5435
vn -0.8527 0.4624 -0.2428
vn 0.2558 -0.6617 0.7048
vn 0.1326 0.8086 0.5731
vn -0.4549 0.4823 -0.7486
vn -0.8422 0.0520 -0.5366
vn 0.1831 0.7724 0.6082
vn -0.1422 -0.9012 -0.4095
vn 0.1124 0.6622 0.7408
vn -0.0788 -0.8038 -0.5896
vn -0.0844 0.3178 0.9444
vn 0.1640 -0.4265 -0.8895
vn -0.0975 -0.1025 0.9899
vn -0.6934 0.7197 -0.0347
vn 0.6273 0.7742 0.0846
vn -0.6757 -0.7368 -0.0206
vn -0.4421 -0.8809 0.1688
vn -0.6552 0.0304 0.7548
vn -0.0895 0.0159 -0.9958
vn 0.9371 0.0012 -0.3490
vn -0.9368 -0.0016 0.3498
vn -0.9791 -0.2028 0.0163
vn 0.5780 -0.8119 0.0822
vn -0.2557 -0.6617 0.7048
vn -0.1323 0.8088 0.5730
vn 0.4574 0.4844 -0.7457
vn 0.5636 -0.2212 0.7958
vn 0.7190 -0.0931 -0.6888
vn -0.7188 -0.0929 -0.6889
vn 0.3503 -0.8755 -0.3328
vn -0.8697 0.4719 0.1449
vn 0.0253 -0.9702 0.2411
vn 0.9288 0.0316 0.3691
vn 0.1226 -0.6405 -0.7581
vn -0.3859 0.9062 -0.1729
vn 0.9525 -0.2873 0.1007
vn 0.1573 -0.8409 -0.5178
vn -0.1734 0.9812 0.0840
vn 0.2163 -0.3069 0.9268
vn -0.5173 0.7607 0.3921
vn -0.1926 -0.9041 0.3813
vn -0.6572 0.7497 -0.0777
vn 0.9173 -0.3640 0.1614
vn -0.0246 -0.9997 -0.0018
vn 0.0138 -0.4565 0.8896
vn -0.3807 -0.8524 -0.3584
vn 0.8697 0.4719 0.1449
vn -0.0277 -0.9702 0.2407
vn -0.9586 0.0853 0.2714
vn -0.1225 -0.6407 -0.7579
vn -0.1517 -0.5218 -0.8394
vn 0.3859 0.9062 -0.1729
vn -0.9525 -0.2873 0.1007
vn -0.2133 -0.3056 0.9279
vn 0.5173 0.7607 0.3921
vn 0.1899 -0.9040 0.3830
vn 0.6577 0.7492 -0.0774
vn -0.9173 -0.3640 0.1614
vn -0.0145 -0.4564 0.8896
vn -0.2400 0.3373 0.9103
vn 0.4945 -0.3714 -0.7858
vn 0.0163 -0.9998 -0.0002
vn 0.0868 0.0384 -0.9955
vn 0.9069 0.0589 -0.4171
vn -0.8542 -0.0430 -0.5181
vn 0.8555 -0.0020 -0.5177
vn -0.9048 0.0168 -0.4255
vn -0.0864 0.0417 -0.9954
usemtl nose
s 1
f 1/1/1 2/2/1 4/3/2 3/4/3
f 3/4/3 4/3/2 6/5/4 5/6/4
f 7/7/5 8/8/6 9/9/6
f 8/8/6 10/10/7 9/9/6
usemtl face
s off
f 17/11/8 18/12/8 19/13/8
f 18/12/8 20/14/8 19/13/8
f 29/15/8 30/16/8 31/17/8
f 30/16/8 32/18/8 31/17/8
s 1
f 11/19/9 12/20/10 13/21/11
f 12/20/10 14/22/12 13/21/11
f 13/21/11 14/22/12 15/23/13
f 14/22/12 16/24/14 15/23/13
f 21/25/15 22/26/16 23/27/17
f 22/26/16 24/28/18 23/27/17
f 25/29/19 26/30/20 27/31/21
f 26/30/20 28/32/22 27/31/21
f 33/33/8 34/34/8 35/35/23
f 34/34/8 36/36/8 35/35/23
f 37/37/24 38/38/24 39/39/24
f 40/40/8 41/41/8 42/42/8
f 43/43/25 44/44/25 45/45/25
usemtl mouth
f 46/46/26 47/47/27 48/48/27
f 47/47/27 49/49/28 48/48/27
f 50/50/29 51/51/30 52/52/30
f 51/51/30 53/53/31 52/52/30
f 54/54/32 55/55/32 56/56/32 57/57/32
f 58/58/33 59/59/33 60/60/33 61/61/33
f 62/62/34 63/63/34 64/64/34 65/65/34
usemtl wear
f 66/66/35 67/67/35 69/68/36 68/69/37
f 68/69/37 69/68/36 71/70/38 70/71/38
f 72/72/39 73/73/39 75/74/40 74/75/41
f 74/75/41 75/74/40 77/76/42 76/77/42
f 78/78/43 79/79/43 81/80/44 80/81/45
f 80/81/45 81/80/44 83/82/46 82/83/46
f 84/84/47 85/85/47 87/86/48 86/87/49
f 86/87/49 87/86/48 89/88/50 88/89/50
f 90/90/51 91/91/51 93/92/52 92/93/52
f 92/93/52 93/92/52 95/94/53 94/95/53
f 96/96/54 97/97/54 99/98/55 98/99/56
f 98/99/56 99/98/55 101/100/57 100/101/58
f 100/101/58 101/100/57 103/102/59 102/103/60
f 102/103/60 103/102/59 105/104/61 104/105/61
f 106/106/62 107/107/62 109/108/63 108/109/64
f 108/109/64 109/108/63 111/110/65 110/111/65
f 112/112/66 113/113/66 115/114/67 114/115/68
f 114/115/68 115/114/67 117/116/69 116/117/69
f 118/118/70 119/119/70 121/120/71 120/121/72
f 120/121/72 121/120/71 123/122/73 122/123/73
f 122/123/73 123/122/73 125/124/74 124/125/74
f 126/126/75 127/127/75 129/128/76 128/129/77
f 128/129/77 129/128/76 131/130/78 130/131/79
f 130/131/79 131/130/78 133/132/80 132/133/80
f 134/134/81 135/135/81 137/136/82 136/137/83
f 136/137/83 137/136/82 139/138/84 138/139/85
f 138/139/85 139/138/84 141/140/86 140/141/87
f 140/141/87 141/140/86 143/142/88 142/143/89
f 142/143/89 143/142/88 145/144/90 144/145/90
f 146/146/91 147/147/91 149/148/92 148/149/93
f 148/149/93 149/148/92 151/150/94 150/151/94
f 152/152/95 153/153/95 155/154/96 154/155/97
f 154/155/97 155/154/96 157/156/98 156/157/98
f 158/158/99 159/159/99 161/160/100 160/161/101
f 160/161/101 161/160/100 163/162/102 162/163/102
f 164/164/103 165/165/103 167/166/104 166/167/105
f 166/167/105 167/166/104 169/168/106 168/169/106
f 170/170/107 171/171/107 173/172/108 172/173/108
f 172/173/108 173/172/108 175/174/109 174/175/109
f 176/176/110 177/177/110 179/178/111 178/179/112
f 178/179/112 179/178/111 181/180/113 180/181/114
f 180/181/114 181/180/113 183/182/115 182/183/116
f 182/183/116 183/182/115 185/184/117 184/185/117
f 186/186/118 187/187/118 189/188/119 188/189/120
f 188/189/120 189/188/119 191/190/121 190/191/121
f 192/192/122 193/193/122 195/194/123 194/195/124
f 194/195/124 195/194/123 197/196/125 196/197/126
f 196/197/126 197/196/125 199/198/127 198/199/127
f 200/200/128 201/201/128 203/202/129 202/203/130
f 202/203/130 203/202/129 205/204/131 204/205/132
f 204/205/132 205/204/131 207/206/133 206/207/134
f 206/207/134 207/206/133 209/208/135 208/209/136
f 208/209/136 209/208/135 211/210/137 210/211/137
f 212/212/138 213/213/138 215/214/139 214/215/140
f 214/215/140 215/214/139 217/216/141 216/217/141
f 218/218/142 219/219/142 221/220/143 220/221/144
f 220/221/144 221/220/143 223/222/145 222/223/145
f 224/224/146 225/225/146 227/226/147 226/227/148
f 226/227/148 227/226/147 229/228/149 228/229/149
f 230/230/150 231/231/151 232/232/151
f 231/231/151 233/233/152 232/232/151
f 234/234/153 235/235/154 236/236/155
f 235/235/154 237/237/156 236/236/155
f 238/238/157 239/239/158 240/240/159
f 239/239/158 241/241/160 240/240/159
f 240/240/159 241/241/160 242/242/161
f 243/243/162 244/244/163 245/245/164
f 244/244/163 246/246/165 245/245/164
f 247/247/166 248/248/167 249/249/168
f 248/248/167 250/250/169 249/249/168
f 251/251/170 252/252/171 253/253/172
f 252/252/171 254/254/173 253/253/172
f 253/253/172 254/254/173 255/255/174
f 254/254/173 256/256/175 255/255/174
f 255/255/174 256/256/175 257/257/176
f 256/256/175 258/258/177 257/257/176
f 259/259/178 260/260/179 261/261/180
f 260/260/179 262/262/181 261/261/180
f 263/263/182 264/264/183 265/265/184
f 264/264/183 266/266/185 265/265/184
f 267/267/186 268/268/187 269/269/188
f 268/268/187 270/270/189 269/269/188
f 271/271/190 272/272/191 273/273/192
f 272/272/191 274/274/193 273/273/192
f 273/273/192 274/274/193 275/275/194
f 274/274/193 276/276/195 275/275/194
f 275/275/194 276/276/195 277/277/196
f 276/276/195 278/278/197 277/277/196
f 277/277/196 278/278/197 279/279/198
f 280/280/199 281/281/200 282/282/201
f 281/281/200 283/283/202 282/282/201
f 284/284/203 285/285/204 286/286/205
f 285/285/204 287/287/206 286/286/205
f 288/288/207 289/289/208 290/290/208
f 289/289/208 291/291/209 290/290/208
f 292/292/210 293/293/211 294/294/212
f 293/293/211 295/295/213 294/294/212
f 294/294/212 295/295/213 296/296/214
f 295/295/213 297/297/215 296/296/214
f 298/298/216 299/299/217 300/300/218
f 299/299/217 301/301/219 300/300/218
f 300/300/218 301/301/219 302/302/220
f 303/303/221 304/304/222 305/305/223
f 304/304/222 306/306/224 305/305/223
f 307/307/225 308/308/226 309/309/227
f 308/308/226 310/310/228 309/309/227
f 311/311/229 312/312/230 313/313/231
f 312/312/230 314/314/232 313/313/231
f 315/315/233 316/316/234 317/317/235
f 316/316/234 318/318/236 317/317/235
f 319/319/237 320/320/238 321/321/239
f 320/320/238 322/322/240 321/321/239
f 323/323/241 324/324/242 325/325/243
f 324/324/242 326/326/244 325/325/243
f 327/327/245 328/328/246 329/329/247
f 328/328/246 330/330/248 329/329/247
f 329/329/247 330/330/248 331/331/249
f 330/330/248 332/332/250 331/331/249
f 333/333/251 334/334/252 335/335/253
f 334/334/252 336/336/254 335/335/253
f 337/337/255 338/338/255 339/339/255 340/340/255
f 341/341/256 342/342/256 343/343/256 344/344/256
f 345/345/257 346/346/257 347/347/257 348/348/257
f 349/349/258 350/350/258 351/351/258 352/352/258
f 353/353/259 354/354/259 355/355/259 356/356/259
f 357/357/260 358/358/260 359/359/260 360/360/260
f 361/361/261 362/362/261 363/363/261 364/364/261
f 365/365/262 366/366/262 367/367/262 368/368/262
f 369/369/263 370/370/263 371/371/263 372/372/263
f 373/373/264 374/374/264 375/375/264 376/376/264
f 377/377/265 378/378/265 379/379/265 380/380/265
f 381/381/266 382/382/266 383/383/266 384/384/266
f 385/385/267 386/386/267 387/387/267 388/388/267
f 389/389/268 390/390/268 391/391/268 392/392/268
f 393/393/269 394/394/269 395/395/269 396/396/269
f 397/397/270 398/398/270 399/399/270 400/400/270
f 401/401/271 402/402/271 403/403/271 404/404/271
f 405/405/272 406/406/272 407/407/272 408/408/272
f 409/409/273 410/410/273 411/411/273 412/412/273
f 413/413/274 414/414/274 415/415/274 416/416/274
f 417/417/275 418/418/275 419/419/275
f 420/420/276 421/421/276 422/422/276
f 423/423/277 424/424/277 425/425/277
f 426/426/278 427/427/278 428/428/278
f 429/429/279 430/430/279 431/431/279
usemtl hair
s off
f 700/432/280 701/433/280 702/434/280
f 703/435/8 704/436/8 705/437/8
s 1
f 432/438/281 433/439/282 434/440/283
f 433/439/282 435/441/284 434/440/283
f 436/442/285 437/443/286 438/444/287
f 437/443/286 439/445/288 438/444/287
f 440/446/289 441/447/290 442/448/291
f 441/447/290 443/449/292 442/448/291
f 442/448/291 443/449/292 444/450/293
f 445/451/294 446/452/295 447/453/296
f 446/452/295 448/454/297 447/453/296
f 447/453/296 448/454/297 449/455/298
f 450/456/299 451/457/300 452/458/301
f 451/457/300 453/459/302 452/458/301
f 454/460/303 455/461/304 456/462/305
f 455/461/304 457/463/306 456/462/305
f 458/464/307 459/465/308 460/466/309
f 459/465/308 461/467/310 460/466/309
f 460/466/309 461/467/310 462/468/311
f 461/467/310 463/469/312 462/468/311
f 462/468/311 463/469/312 464/470/313
f 463/469/312 465/471/314 464/470/313
f 466/472/315 467/473/316 468/474/317
f 467/473/316 469/475/318 468/474/317
f 470/476/319 471/477/320 472/478/321
f 471/477/320 473/479/322 472/478/321
f 472/478/321 473/479/322 474/480/323
f 473/479/322 475/481/323 474/480/323
f 476/482/324 477/483/325 478/484/326
f 477/483/325 479/485/327 478/484/326
f 478/484/326 479/485/327 480/486/328
f 479/485/327 481/487/329 480/486/328
f 480/486/328 481/487/329 482/488/329
f 483/489/330 484/490/331 485/491/332
f 484/490/331 486/492/333 485/491/332
f 487/493/334 488/494/335 489/495/336
f 488/494/335 490/496/337 489/495/336
f 489/495/336 490/496/337 491/497/338
f 490/496/337 492/498/339 491/497/338
f 493/499/340 494/500/341 495/501/342
f 494/500/341 496/502/343 495/501/342
f 495/501/342 496/502/343 497/503/344
f 496/502/343 498/504/345 497/503/344
f 497/503/344 498/504/345 499/505/346
f 498/504/345 500/506/347 499/505/346
f 499/505/346 500/506/347 501/507/348
f 500/506/347 502/508/349 501/507/348
f 501/507/348 502/508/349 503/509/350
f 502/508/349 504/510/351 503/509/350
f 503/509/350 504/510/351 505/511/352
f 504/510/351 506/512/353 505/511/352
f 507/513/354 508/514/355 509/515/356
f 508/514/355 510/516/357 509/515/356
f 509/515/356 510/516/357 511/517/358
f 510/516/357 512/518/359 511/517/358
f 513/519/360 514/520/361 515/521/362
f 514/520/361 516/522/363 515/521/362
f 517/523/364 518/524/365 519/525/366
f 518/524/365 520/526/367 519/525/366
f 519/525/366 520/526/367 521/527/368
f 520/526/367 522/528/369 521/527/368
f 523/529/370 524/530/371 525/531/372
f 524/530/371 526/532/373 525/531/372
f 527/533/374 528/534/375 529/535/376
f 528/534/375 530/536/377 529/535/376
f 529/535/376 530/536/377 531/537/378
f 532/538/379 533/539/380 534/540/381
f 533/539/380 535/541/382 534/540/381
f 536/542/383 537/543/384 538/544/385
f 537/543/384 539/545/386 538/544/385
f 540/546/387 541/547/388 542/548/389
f 541/547/388 543/549/390 542/548/389
f 544/550/391 545/551/392 546/552/393
f 545/551/392 547/553/394 546/552/393
f 546/552/393 547/553/394 548/554/395
f 547/553/394 549/555/396 548/554/395
f 550/556/397 551/557/398 552/558/399
f 551/557/398 553/559/400 552/558/399
f 552/558/399 553/559/400 554/560/401
f 553/559/400 555/561/402 554/560/401
f 556/562/403 557/563/404 558/564/405
f 557/563/404 559/565/406 558/564/405
f 558/564/405 559/565/406 560/566/407
f 561/567/408 562/568/409 563/569/410
f 562/568/409 564/570/411 563/569/410
f 565/571/412 566/572/413 567/573/414
f 566/572/413 568/574/415 567/573/414
f 567/573/414 568/574/415 569/575/416
f 570/576/417 571/577/418 572/578/419
f 571/577/418 573/579/420 572/578/419
f 572/578/419 573/579/420 574/580/421
f 575/581/422 576/582/423 577/583/424
f 576/582/423 578/584/425 577/583/424
f 577/583/424 578/584/425 579/585/426
f 578/584/425 580/586/427 579/585/426
f 581/587/428 582/588/429 583/589/430
f 582/588/429 584/590/431 583/589/430
f 583/589/430 584/590/431 585/591/432
f 586/592/433 587/593/434 588/594/435
f 587/593/434 589/595/436 588/594/435
f 590/596/437 591/597/438 592/598/439
f 591/597/438 593/599/440 592/598/439
f 594/600/441 595/601/442 596/602/443
f 595/601/442 597/603/444 596/602/443
f 598/604/445 599/605/446 600/606/447
f 599/605/446 601/607/448 600/606/447
f 602/608/449 603/609/450 604/610/451
f 603/609/450 605/611/452 604/610/451
f 606/612/453 607/613/454 608/614/455
f 607/613/454 609/615/456 608/614/455
f 610/616/457 611/617/458 612/618/459
f 611/617/458 613/619/460 612/618/459
f 614/620/461 615/621/462 616/622/463
f 615/621/462 617/623/464 616/622/463
f 618/624/465 619/625/466 620/626/467
f 619/625/466 621/627/468 620/626/467
f 622/628/469 623/629/470 624/630/471
f 623/629/470 625/631/472 624/630/471
f 624/630/471 625/631/472 626/632/473
f 625/631/472 627/633/474 626/632/473
f 628/634/475 629/635/476 630/636/477
f 629/635/476 631/637/478 630/636/477
f 632/638/479 633/639/480 634/640/481
f 633/639/480 635/641/482 634/640/481
f 636/642/483 637/643/484 638/644/485
f 637/643/484 639/645/486 638/644/485
f 638/644/485 639/645/486 640/646/487
f 639/645/486 641/647/488 640/646/487
f 642/648/489 643/649/490 644/650/491
f 643/649/490 645/651/492 644/650/491
f 646/652/493 647/653/494 648/654/495
f 647/653/494 649/655/496 648/654/495
f 650/656/497 651/657/498 652/658/499
f 651/657/498 653/659/500 652/658/499
f 654/660/501 655/661/502 656/662/503
f 655/661/502 657/663/504 656/662/503
f 656/662/503 657/663/504 658/664/505
f 659/665/506 660/666/507 661/667/508
f 660/666/507 662/668/509 661/667/508
f 663/669/510 664/670/511 665/671/512
f 664/670/511 666/672/513 665/671/512
f 667/673/514 668/674/514 669/675/514
f 670/676/515 671/677/515 672/678/515
f 673/679/516 674/680/516 675/681/516
f 676/682/517 677/683/517 678/684/517
f 679/685/518 680/686/518 681/687/518
f 682/688/519 683/689/519 684/690/519
f 685/691/520 686/692/520 687/693/520
f 688/694/521 689/695/521 690/696/521
f 691/697/522 692/698/522 693/699/522
f 694/700/523 695/701/523 696/702/523
f 697/703/524 698/704/524 699/705/524
f 706/706/525 707/707/525 708/708/525
f 709/709/526 710/710/526 711/711/526
f 712/712/527 713/713/527 714/714/527
f 715/715/528 716/716/528 717/717/528
f 718/718/529 719/719/529 720/720/529
f 721/721/530 722/722/530 723/723/530
f 724/724/531 725/725/531 726/726/531
f 727/727/532 728/728/532 729/729/532
f 730/730/533 731/731/533 732/732/533
usemtl item
s off
f 1458/733/534 1459/734/534 1460/735/534 1461/736/534
f 1462/737/535 1463/738/535 1464/739/535 1465/740/535
f 1466/741/536 1467/742/536 1468/743/536 1469/744/536
f 1470/745/537 1471/746/537 1472/747/537 1473/748/537
f 1474/749/538 1475/750/538 1476/751/538 1477/752/538
f 1478/753/539 1479/754/539 1480/755/539 1481/756/539
f 1532/757/540 1533/758/540 1534/759/540
f 1580/760/541 1581/761/541 1582/762/541
s 1
f 733/763/542 734/764/542 736/765/543 735/766/544
f 735/766/544 736/765/543 738/767/545 737/768/545
f 739/769/546 740/770/546 742/771/547 741/772/548
f 741/772/548 742/771/547 744/773/549 743/774/549
f 745/775/550 746/776/550 748/777/551 747/778/552
f 747/778/552 748/777/551 750/779/553 749/780/553
f 751/781/554 752/782/554 754/783/555 753/784/556
f 753/784/556 754/783/555 756/785/557 755/786/558
f 755/786/558 756/785/557 758/787/559 757/788/560
f 757/788/560 758/787/559 760/789/561 759/790/561
f 761/791/562 762/792/562 764/793/563 763/794/564
f 763/794/564 764/793/563 766/795/565 765/796/565
f 767/797/566 768/798/566 770/799/567 769/800/568
f 769/800/568 770/799/567 772/801/569 771/802/569
f 773/803/570 774/804/570 776/805/571 775/806/572
f 775/806/572 776/805/571 778/807/573 777/808/574
f 777/808/574 778/807/573 780/809/575 779/810/575
f 781/811/576 782/812/576 784/813/577 783/814/578
f 783/814/578 784/813/577 786/815/579 785/816/580
f 785/816/580 786/815/579 788/817/581 787/818/582
f 787/818/582 788/817/581 790/819/583 789/820/583
f 791/821/584 792/822/584 794/823/585 793/824/586
f 793/824/586 794/823/585 796/825/587 795/826/587
f 797/827/588 798/828/588 800/829/589 799/830/590
f 799/830/590 800/829/589 802/831/591 801/832/591
f 803/833/592 804/834/592 806/835/593 805/836/594
f 805/836/594 806/835/593 808/837/595 807/838/596
f 807/838/596 808/837/595 810/839/597 809/840/598
f 809/840/598 810/839/597 812/841/599 811/842/599
f 813/843/600 814/844/600 816/845/601 815/846/602
f 815/846/602 816/845/601 818/847/603 817/848/603
f 819/849/604 820/850/604 822/851/605 821/852/606
f 821/852/606 822/851/605 824/853/607 823/854/608
f 823/854/608 824/853/607 826/855/609 825/856/610
f 825/856/610 826/855/609 828/857/611 827/858/611
f 829/859/612 830/860/612 832/861/613 831/862/614
f 831/862/614 832/861/613 834/863/615 833/864/615
f 835/865/616 836/866/616 838/867/617 837/868/618
f 837/868/618 838/867/617 840/869/619 839/870/620
f 839/870/620 840/869/619 842/871/621 841/872/622
f 841/872/622 842/871/621 844/873/623 843/874/623
f 845/875/624 846/876/624 848/877/625 847/878/626
f 847/878/626 848/877/625 850/879/627 849/880/628
f 849/880/628 850/879/627 852/881/629 851/882/630
f 851/882/630 852/881/629 854/883/631 853/884/631
f 855/885/632 856/886/632 858/887/633 857/888/634
f 857/888/634 858/887/633 860/889/635 859/890/635
f 861/891/636 862/892/636 864/893/637 863/894/638
f 863/894/638 864/893/637 866/895/639 865/896/639
f 867/897/640 868/898/640 870/899/641 869/900/642
f 869/900/642 870/899/641 872/901/643 871/902/644
f 871/902/644 872/901/643 874/903/645 873/904/645
f 875/905/646 876/906/646 878/907/647 877/908/648
f 877/908/648 878/907/647 880/909/649 879/910/649
f 881/911/650 882/912/650 884/913/651 883/914/652
f 883/914/652 884/913/651 886/915/653 885/916/653
f 887/917/654 888/918/654 890/919/655 889/920/656
f 889/920/656 890/919/655 892/921/657 891/922/657
f 893/923/658 894/924/658 896/925/659 895/926/660
f 895/926/660 896/925/659 898/927/661 897/928/661
f 899/929/662 900/930/662 902/931/663 901/932/663
f 901/932/663 902/931/663 904/933/664 903/934/664
f 905/935/665 906/936/665 908/937/666 907/938/667
f 907/938/667 908/937/666 910/939/668 909/940/669
f 909/940/669 910/939/668 912/941/670 911/942/671
f 911/942/671 912/941/670 914/943/672 913/944/672
f 915/945/673 916/946/673 918/947/674 917/948/675
f 917/948/675 918/947/674 920/949/676 919/950/676
f 921/951/677 922/952/677 924/953/678 923/954/679
f 923/954/679 924/953/678 926/955/680 925/956/680
f 927/957/681 928/958/681 930/959/682 929/960/683
f 929/960/683 930/959/682 932/961/684 931/962/684
f 933/963/685 934/964/685 936/965/686 935/966/687
f 935/966/687 936/965/686 938/967/688 937/968/688
f 939/969/689 940/970/689 942/971/690 941/972/691
f 941/972/691 942/971/690 944/973/692 943/974/693
f 943/974/693 944/973/692 946/975/694 945/976/695
f 945/976/695 946/975/694 948/977/696 947/978/697
f 947/978/697 948/977/696 950/979/698 949/980/699
f 949/980/699 950/979/698 952/981/700 951/982/701
f 951/982/701 952/981/700 954/983/702 953/984/703
f 953/984/703 954/983/702 956/985/704 955/986/705
f 955/986/705 956/985/704 958/987/706 957/988/707
f 957/988/707 958/987/706 960/989/708 959/990/709
f 959/990/709 960/989/708 962/991/710 961/992/711
f 961/992/711 962/991/710 964/993/712 963/994/712
f 965/995/713 966/996/713 968/997/714 967/998/715
f 967/998/715 968/997/714 970/999/716 969/1000/716
f 971/1001/717 972/1002/717 974/1003/718 973/1004/719
f 973/1004/719 974/1003/718 976/1005/720 975/1006/721
f 975/1006/721 976/1005/720 978/1007/722 977/1008/722
f 979/1009/723 980/1010/723 982/1011/724 981/1012/725
f 981/1012/725 982/1011/724 984/1013/726 983/1014/726
f 985/1015/727 986/1016/727 988/1017/728 987/1018/729
f 987/1018/729 988/1017/728 990/1019/730 989/1020/730
f 991/1021/731 992/1022/731 994/1023/732 993/1024/733
f 993/1024/733 994/1023/732 996/1025/734 995/1026/735
f 995/1026/735 996/1025/734 998/1027/736 997/1028/737
f 997/1028/737 998/1027/736 1000/1029/738 999/1030/739
f 999/1030/739 1000/1029/738 1002/1031/740 1001/1032/740
f 1003/1033/741 1004/1034/741 1006/1035/742 1005/1036/743
f 1005/1036/743 1006/1035/742 1008/1037/744 1007/1038/744
f 1009/1039/745 1010/1040/745 1012/1041/746 1011/1042/747
f 1011/1042/747 1012/1041/746 1014/1043/748 1013/1044/748
f 1015/1045/749 1016/1046/749 1018/1047/750 1017/1048/751
f 1017/1048/751 1018/1047/750 1020/1049/752 1019/1050/753
f 1019/1050/753 1020/1049/752 1022/1051/754 1021/1052/755
f 1021/1052/755 1022/1051/754 1024/1053/756 1023/1054/756
f 1025/1055/757 1026/1056/757 1028/1057/758 1027/1058/759
f 1027/1058/759 1028/1057/758 1030/1059/760 1029/1060/760
f 1031/1061/761 1032/1062/761 1034/1063/762 1033/1064/763
f 1033/1064/763 1034/1063/762 1036/1065/764 1035/1066/765
f 1035/1066/765 1036/1065/764 1038/1067/766 1037/1068/766
f 1039/1069/767 1040/1070/767 1042/1071/768 1041/1072/769
f 1041/1072/769 1042/1071/768 1044/1073/770 1043/1074/771
f 1043/1074/771 1044/1073/770 1046/1075/772 1045/1076/772
f 1047/1077/773 1048/1078/773 1050/1079/774 1049/1080/775
f 1049/1080/775 1050/1079/774 1052/1081/776 1051/1082/776
f 1053/1083/777 1054/1084/777 1056/1085/778 1055/1086/779
f 1055/1086/779 1056/1085/778 1058/1087/780 1057/1088/781
f 1057/1088/781 1058/1087/780 1060/1089/782 1059/1090/783
f 1059/1090/783 1060/1089/782 1062/1091/784 1061/1092/784
f 1063/1093/785 1064/1094/785 1066/1095/786 1065/1096/787
f 1065/1096/787 1066/1095/786 1068/1097/788 1067/1098/789
f 1067/1098/789 1068/1097/788 1070/1099/790 1069/1100/791
f 1069/1100/791 1070/1099/790 1072/1101/792 1071/1102/793
f 1071/1102/793 1072/1101/792 1074/1103/794 1073/1104/794
f 1075/1105/795 1076/1106/795 1078/1107/796 1077/1108/797
f 1077/1108/797 1078/1107/796 1080/1109/798 1079/1110/799
f 1079/1110/799 1080/1109/798 1082/1111/800 1081/1112/801
f 1081/1112/801 1082/1111/800 1084/1113/802 1083/1114/802
f 1085/1115/803 1086/1116/803 1088/1117/804 1087/1118/805
f 1087/1118/805 1088/1117/804 1090/1119/806 1089/1120/807
f 1089/1120/807 1090/1119/806 1092/1121/808 1091/1122/809
f 1091/1122/809 1092/1121/808 1094/1123/810 1093/1124/811
f 1093/1124/811 1094/1123/810 1096/1125/812 1095/1126/812
f 1097/1127/813 1098/1128/814 1099/1129/815
f 1098/1128/814 1100/1130/816 1099/1129/815
f 1101/1131/817 1102/1132/818 1103/1133/819
f 1102/1132/818 1104/1134/820 1103/1133/819
f 1105/1135/821 1106/1136/822 1107/1137/823
f 1106/1136/822 1108/1138/824 1107/1137/823
f 1107/1137/823 1108/1138/824 1109/1139/825
f 1108/1138/824 1110/1140/826 1109/1139/825
f 1111/1141/827 1112/1142/828 1113/1143/829
f 1112/1142/828 1114/1144/830 1113/1143/829
f 1115/1145/831 1116/1146/832 1117/1147/833
f 1116/1146/832 1118/1148/834 1117/1147/833
f 1119/1149/835 1120/1150/836 1121/1151/837
f 1120/1150/836 1122/1152/838 1121/1151/837
f 1123/1153/839 1124/1154/840 1125/1155/841
f 1124/1154/840 1126/1156/842 1125/1155/841
f 1127/1157/843 1128/1158/844 1129/1159/845
f 1128/1158/844 1130/1160/846 1129/1159/845
f 1131/1161/847 1132/1162/848 1133/1163/849
f 1132/1162/848 1134/1164/850 1133/1163/849
f 1133/1163/849 1134/1164/850 1135/1165/851
f 1136/1166/852 1137/1167/853 1138/1168/854
f 1137/1167/853 1139/1169/855 1138/1168/854
f 1138/1168/854 1139/1169/855 1140/1170/856
f 1141/1171/857 1142/1172/858 1143/1173/859
f 1142/1172/858 1144/1174/860 1143/1173/859
f 1145/1175/861 1146/1176/862 1147/1177/863
f 1146/1176/862 1148/1178/864 1147/1177/863
f 1147/1177/863 1148/1178/864 1149/1179/865
f 1150/1180/866 1151/1181/867 1152/1182/868
f 1151/1181/867 1153/1183/869 1152/1182/868
f 1152/1182/868 1153/1183/869 1154/1184/870
f 1153/1183/869 1155/1185/871 1154/1184/870
f 1156/1186/872 1157/1187/873 1158/1188/874
f 1157/1187/873 1159/1189/875 1158/1188/874
f 1160/1190/876 1161/1191/877 1162/1192/878
f 1161/1191/877 1163/1193/879 1162/1192/878
f 1164/1194/880 1165/1195/881 1166/1196/882
f 1165/1195/881 1167/1197/883 1166/1196/882
f 1166/1196/882 1167/1197/883 1168/1198/884
f 1169/1199/885 1170/1200/886 1171/1201/887
f 1170/1200/886 1172/1202/888 1171/1201/887
f 1173/1203/889 1174/1204/890 1175/1205/891
f 1174/1204/890 1176/1206/892 1175/1205/891
f 1177/1207/893 1178/1208/894 1179/1209/895
f 1178/1208/894 1180/1210/896 1179/1209/895
f 1181/1211/897 1182/1212/898 1183/1213/899
f 1182/1212/898 1184/1214/900 1183/1213/899
f 1185/1215/901 1186/1216/902 1187/1217/903
f 1186/1216/902 1188/1218/904 1187/1217/903
f 1187/1217/903 1188/1218/904 1189/1219/905
f 1190/1220/906 1191/1221/907 1192/1222/908
f 1191/1221/907 1193/1223/909 1192/1222/908
f 1194/1224/910 1195/1225/911 1196/1226/912
f 1195/1225/911 1197/1227/913 1196/1226/912
f 1196/1226/912 1197/1227/913 1198/1228/914
f 1199/1229/8 1200/1230/915 1201/1231/916
f 1200/1230/915 1202/1232/915 1201/1231/916
f 1203/1233/917 1204/1234/918 1205/1235/919
f 1204/1234/918 1206/1236/920 1205/1235/919
f 1207/1237/921 1208/1238/922 1209/1239/923
f 1208/1238/922 1210/1240/924 1209/1239/923
f 1211/1241/925 1212/1242/926 1213/1243/927
f 1212/1242/926 1214/1244/928 1213/1243/927
f 1215/1245/929 1216/1246/930 1217/1247/931
f 1216/1246/930 1218/1248/932 1217/1247/931
f 1219/1249/933 1220/1250/934 1221/1251/935
f 1220/1250/934 1222/1252/936 1221/1251/935
f 1223/1253/937 1224/1254/938 1225/1255/939
f 1224/1254/938 1226/1256/940 1225/1255/939
f 1227/1257/941 1228/1258/942 1229/1259/943
f 1228/1258/942 1230/1260/944 1229/1259/943
f 1229/1259/943 1230/1260/944 1231/1261/945
f 1232/1262/946 1233/1263/947 1234/1264/948
f 1233/1263/947 1235/1265/949 1234/1264/948
f 1236/1266/950 1237/1267/951 1238/1268/952
f 1237/1267/951 1239/1269/953 1238/1268/952
f 1240/1270/954 1241/1271/955 1242/1272/956
f 1241/1271/955 1243/1273/957 1242/1272/956
f 1244/1274/958 1245/1275/959 1246/1276/960
f 1245/1275/959 1247/1277/961 1246/1276/960
f 1246/1276/960 1247/1277/961 1248/1278/962
f 1247/1277/961 1249/1279/963 1248/1278/962
f 1250/1280/964 1251/1281/964 1252/1282/964 1253/1283/964
f 1254/1284/965 1255/1285/965 1256/1286/965 1257/1287/965
f 1258/1288/966 1259/1289/966 1260/1290/966 1261/1291/966
f 1262/1292/967 1263/1293/967 1264/1294/967 1265/1295/967
f 1266/1296/968 1267/1297/968 1268/1298/968 1269/1299/968
f 1270/1300/969 1271/1301/969 1272/1302/969 1273/1303/969
f 1274/1304/970 1275/1305/970 1276/1306/970 1277/1307/970
f 1278/1308/971 1279/1309/971 1280/1310/971 1281/1311/971
f 1282/1312/972 1283/1313/972 1284/1314/972 1285/1315/972
f 1286/1316/973 1287/1317/973 1288/1318/973 1289/1319/973
f 1290/1320/974 1291/1321/974 1292/1322/974 1293/1323/974
f 1294/1324/975 1295/1325/975 1296/1326/975 1297/1327/975
f 1298/1328/976 1299/1329/976 1300/1330/976 1301/1331/976
f 1302/1332/977 1303/1333/977 1304/1334/977 1305/1335/977
f 1306/1336/978 1307/1337/978 1308/1338/978 1309/1339/978
f 1310/1340/979 1311/1341/979 1312/1342/979 1313/1343/979
f 1314/1344/980 1315/1345/980 1316/1346/980 1317/1347/980
f 1318/1348/981 1319/1349/981 1320/1350/981 1321/1351/981
f 1322/1352/982 1323/1353/982 1324/1354/982 1325/1355/982
f 1326/1356/983 1327/1357/983 1328/1358/983 1329/1359/983
f 1330/1360/984 1331/1361/984 1332/1362/984 1333/1363/984
f 1334/1364/985 1335/1365/985 1336/1366/985 1337/1367/985
f 1338/1368/986 1339/1369/986 1340/1370/986 1341/1371/986
f 1342/1372/987 1343/1373/987 1344/1374/987 1345/1375/987
f 1346/1376/988 1347/1377/988 1348/1378/988 1349/1379/988
f 1350/1380/989 1351/1381/989 1352/1382/989 1353/1383/989
f 1354/1384/990 1355/1385/990 1356/1386/990 1357/1387/990
f 1358/1388/991 1359/1389/991 1360/1390/991 1361/1391/991
f 1362/1392/992 1363/1393/992 1364/1394/992 1365/1395/992
f 1366/1396/993 1367/1397/993 1368/1398/993 1369/1399/993
f 1370/1400/994 1371/1401/994 1372/1402/994 1373/1403/994
f 1374/1404/995 1375/1405/995 1376/1406/995 1377/1407/995
f 1378/1408/996 1379/1409/996 1380/1410/996 1381/1411/996
f 1382/1412/997 1383/1413/997 1384/1414/997 1385/1415/997
f 1386/1416/998 1387/1417/998 1388/1418/998 1389/1419/998
f 1390/1420/999 1391/1421/999 1392/1422/999 1393/1423/999
f 1394/1424/1000 1395/1425/1000 1396/1426/1000 1397/1427/1000
f 1398/1428/1001 1399/1429/1001 1400/1430/1001 1401/1431/1001
f 1402/1432/1002 1403/1433/1002 1404/1434/1002 1405/1435/1002
f 1406/1436/1003 1407/1437/1003 1408/1438/1003 1409/1439/1003
f 1410/1440/1004 1411/1441/1004 1412/1442/1004 1413/1443/1004
f 1414/1444/1005 1415/1445/1005 1416/1446/1005 1417/1447/1005
f 1418/1448/1006 1419/1449/1006 1420/1450/1006 1421/1451/1006
f 1422/1452/1007 1423/1453/1007 1424/1454/1007 1425/1455/1007
f 1426/1456/1008 1427/1457/1008 1428/1458/1008 1429/1459/1008
f 1430/1460/1009 1431/1461/1009 1432/1462/1009 1433/1463/1009
f 1434/1464/1010 1435/1465/1010 1436/1466/1010 1437/1467/1010
f 1438/1468/1011 1439/1469/1011 1440/1470/1011 1441/1471/1011
f 1442/1472/1012 1443/1473/1012 1444/1474/1012 1445/1475/1012
f 1446/1476/1013 1447/1477/1013 1448/1478/1013 1449/1479/1013
f 1450/1480/1014 1451/1481/1014 1452/1482/1014 1453/1483/1014
f 1454/1484/1015 1455/1485/1015 1456/1486/1015 1457/1487/1015
f 1482/1488/1016 1483/1489/1016 1484/1490/1016 1485/1491/1016
f 1486/1492/1017 1487/1493/1017 1488/1494/1017 1489/1495/1017
f 1490/1496/1018 1491/1497/1018 1492/1498/1018
f 1493/1499/1019 1494/1500/1019 1495/1501/1019
f 1496/1502/1020 1497/1503/1020 1498/1504/1020
f 1499/1505/1021 1500/1506/1021 1501/1507/1021
f 1502/1508/1022 1503/1509/1022 1504/1510/1022
f 1505/1511/1023 1506/1512/1023 1507/1513/1023
f 1508/1514/1024 1509/1515/1024 1510/1516/1024
f 1511/1517/1025 1512/1518/1025 1513/1519/1025
f 1514/1520/1026 1515/1521/1026 1516/1522/1026
f 1517/1523/1027 1518/1524/1027 1519/1525/1027
f 1520/1526/1028 1521/1527/1028 1522/1528/1028
f 1523/1529/1029 1524/1530/1029 1525/1531/1029
f 1526/1532/1030 1527/1533/1030 1528/1534/1030
f 1529/1535/1031 1530/1536/1031 1531/1537/1031
f 1535/1538/1032 1536/1539/1032 1537/1540/1032
f 1538/1541/1033 1539/1542/1033 1540/1543/1033
f 1541/1544/1034 1542/1545/1034 1543/1546/1034
f 1544/1547/1035 1545/1548/1035 1546/1549/1035
f 1547/1550/1036 1548/1551/1036 1549/1552/1036
f 1550/1553/1037 1551/1554/1037 1552/1555/1037
f 1553/1556/1038 1554/1557/1038 1555/1558/1038
f 1556/1559/1039 1557/1560/1039 1558/1561/1039
f 1559/1562/1040 1560/1563/1040 1561/1564/1040
f 1562/1565/1041 1563/1566/1041 1564/1567/1041
f 1565/1568/1042 1566/1569/1042 1567/1570/1042
f 1568/1571/1043 1569/1572/1043 1570/1573/1043
f 1571/1574/1044 1572/1575/1044 1573/1576/1044
f 1574/1577/1045 1575/1578/1045 1576/1579/1045
f 1577/1580/1046 1578/1581/1046 1579/1582/1046
f 1583/1583/1047 1584/1584/1047 1585/1585/1047
f 1586/1586/1048 1587/1587/1048 1588/1588/1048
f 1589/1589/1049 1590/1590/1049 1591/1591/1049
f 1592/1592/1050 1593/1593/1050 1594/1594/1050
f 1595/1595/1051 1596/1596/1051 1597/1597/1051
f 1598/1598/1052 1599/1599/1052 1600/1600/1052
f 1601/1601/1053 1602/1602/1053 1603/1603/1053
f 1604/1604/1054 1605/1605/1054 1606/1606/1054
f 1607/1607/1055 1608/1608/1055 1609/1609/1055
f 1610/1610/1056 1611/1611/1056 1612/1612/1056
