<?xml version="1.0" encoding="UTF-8"?>
<COLLADA xmlns="http://www.collada.org/2005/11/COLLADASchema" version="1.4.1">
 <asset>
  <contributor>
   <authoring_tool>ExpCollada for Metasequoia</authoring_tool>
  </contributor>
  <created>2024-07-21T23:25:44Z</created>
  <modified>2024-07-21T23:25:44Z</modified>
  <up_axis>Y_UP</up_axis>
 </asset>
 <library_cameras>
  <camera id="Camera-Camera" name="Camera-Camera">
   <optics>
    <technique_common>
     <perspective>
      <yfov>0.000</yfov>
      <znear>0.1</znear>
      <zfar>10000.0</zfar>
     </perspective>
    </technique_common>
   </optics>
  </camera>
 </library_cameras>
 <library_images>
  <image id="texture1" name="texture1">
   <init_from>mat1.png</init_from>
  </image>
  <image id="texture2" name="texture2">
   <init_from>mat2.png</init_from>
  </image>
  <image id="texture3" name="texture3">
   <init_from>mat3.png</init_from>
  </image>
  <image id="texture4" name="texture4">
   <init_from>mat4.png</init_from>
  </image>
 </library_images>
 <library_effects>
  <effect id="mat1.png-fx" name="mat1.png-fx">
   <profile_COMMON>
    <newparam sid="texture1-surface">
     <surface type="2D">
      <init_from>texture1</init_from>
     </surface>
    </newparam>
    <newparam sid="texture1-sampler">
    <sampler2D>
     <source>texture1-surface</source>
     <minfilter>LINEAR</minfilter>
     <magfilter>LINEAR</magfilter>
    </sampler2D>
   </newparam>
    <technique sid="metaseq">
     <lambert>
      <emission>
       <color>0.500 0.500 0.500 1</color>
      </emission>
      <ambient>
       <color>0.000 0.000 0.000 1</color>
      </ambient>
      <diffuse>
       <texture texture="texture1-sampler" texcoord="UVSET0"/>
      </diffuse>
      <reflective>
       <color>1 1 1 1</color>
      </reflective>
      <reflectivity>
       <float>0.0</float>
      </reflectivity>
      <transparent>
       <color>1 1 1 1</color>
      </transparent>
      <transparency>
       <float>1.000</float>
      </transparency>
     </lambert>
    </technique>
   </profile_COMMON>
  </effect>
  <effect id="mat2.png-fx" name="mat2.png-fx">
   <profile_COMMON>
    <newparam sid="texture2-surface">
     <surface type="2D">
      <init_from>texture2</init_from>
     </surface>
    </newparam>
    <newparam sid="texture2-sampler">
    <sampler2D>
     <source>texture2-surface</source>
     <minfilter>LINEAR</minfilter>
     <magfilter>LINEAR</magfilter>
    </sampler2D>
   </newparam>
    <technique sid="metaseq">
     <lambert>
      <emission>
       <color>0.500 0.500 0.500 1</color>
      </emission>
      <ambient>
       <color>0.000 0.000 0.000 1</color>
      </ambient>
      <diffuse>
       <texture texture="texture2-sampler" texcoord="UVSET0"/>
      </diffuse>
      <reflective>
       <color>1 1 1 1</color>
      </reflective>
      <reflectivity>
       <float>0.0</float>
      </reflectivity>
      <transparent>
       <color>1 1 1 1</color>
      </transparent>
      <transparency>
       <float>1.000</float>
      </transparency>
     </lambert>
    </technique>
   </profile_COMMON>
  </effect>
  <effect id="mat3.png-fx" name="mat3.png-fx">
   <profile_COMMON>
    <newparam sid="texture3-surface">
     <surface type="2D">
      <init_from>texture3</init_from>
     </surface>
    </newparam>
    <newparam sid="texture3-sampler">
    <sampler2D>
     <source>texture3-surface</source>
     <minfilter>LINEAR</minfilter>
     <magfilter>LINEAR</magfilter>
    </sampler2D>
   </newparam>
    <technique sid="metaseq">
     <lambert>
      <emission>
       <color>0.500 0.500 0.500 1</color>
      </emission>
      <ambient>
       <color>0.000 0.000 0.000 1</color>
      </ambient>
      <diffuse>
       <texture texture="texture3-sampler" texcoord="UVSET0"/>
      </diffuse>
      <reflective>
       <color>1 1 1 1</color>
      </reflective>
      <reflectivity>
       <float>0.0</float>
      </reflectivity>
      <transparent>
       <color>1 1 1 1</color>
      </transparent>
      <transparency>
       <float>1.000</float>
      </transparency>
     </lambert>
    </technique>
   </profile_COMMON>
  </effect>
  <effect id="mat4.png-fx" name="mat4.png-fx">
   <profile_COMMON>
    <newparam sid="texture4-surface">
     <surface type="2D">
      <init_from>texture4</init_from>
     </surface>
    </newparam>
    <newparam sid="texture4-sampler">
    <sampler2D>
     <source>texture4-surface</source>
     <minfilter>LINEAR</minfilter>
     <magfilter>LINEAR</magfilter>
    </sampler2D>
   </newparam>
    <technique sid="metaseq">
     <lambert>
      <emission>
       <color>0.500 0.500 0.500 1</color>
      </emission>
      <ambient>
       <color>0.000 0.000 0.000 1</color>
      </ambient>
      <diffuse>
       <texture texture="texture4-sampler" texcoord="UVSET0"/>
      </diffuse>
      <reflective>
       <color>1 1 1 1</color>
      </reflective>
      <reflectivity>
       <float>0.0</float>
      </reflectivity>
      <transparent>
       <color>1 1 1 1</color>
      </transparent>
      <transparency>
       <float>1.000</float>
      </transparency>
     </lambert>
    </technique>
   </profile_COMMON>
  </effect>
 </library_effects>
 <library_materials>
  <material id="mat1.png" name="mat1.png">
   <instance_effect url="#mat1.png-fx"/>
  </material>
  <material id="mat2.png" name="mat2.png">
   <instance_effect url="#mat2.png-fx"/>
  </material>
  <material id="mat3.png" name="mat3.png">
   <instance_effect url="#mat3.png-fx"/>
  </material>
  <material id="mat4.png" name="mat4.png">
   <instance_effect url="#mat4.png-fx"/>
  </material>
 </library_materials>
 <library_geometries>
  <geometry id="realb11-lib" name="realb11">
   <mesh>
    <source id="realb11-lib-positions" name="position">
     <float_array id="realb11-lib-positions-array" count="387">-0.71875 8.72291 -1.15747 0.00000 8.99226 -1.29381 -0.65137 8.48291 -1.86358 0.00000 8.68489 -1.86387 -1.96484 5.66564 -3.84073 -1.45606 5.96950 -1.60019 -1.46582 7.75174 -2.05579 -0.92188 8.37745 -1.04416 -0.55566 7.20758 -0.54254 -0.67969 5.56475 -0.92724 -0.94531 5.74077 -4.64067 0.00000 6.09350 -5.09634 -0.34863 5.21514 -5.95246 0.00000 4.84999 -7.17823 -0.46777 4.83111 -6.68459 -0.88086 4.60724 -7.04923 -1.39356 5.35041 -4.88432 0.65137 8.48291 -1.86358 0.71875 8.72291 -1.15747 0.80566 9.01095 0.20354 0.92188 8.37745 -1.04416 0.49414 7.71263 0.33568 0.55566 7.20758 -0.54254 -0.80566 9.01095 0.20354 -0.49414 7.71263 0.33568 -4.11927 -2.73820 1.19084 -3.35314 -2.72347 1.56408 -4.51969 -2.21693 2.11041 -3.89235 -2.20858 2.45710 -4.30223 -1.75621 2.42763 -3.59524 -2.30824 1.13266 -3.54632 -2.25586 2.53879 -2.85766 -2.33169 2.59941 -2.88607 -2.74979 1.49390 -3.12275 -2.43196 1.41829 -5.33898 -2.34791 1.36177 -4.34888 -2.84883 0.78585 -4.91389 -2.30815 1.92215 -4.09646 -2.46400 0.91978 -3.07947 -4.10747 0.58601 -3.11888 -3.54694 0.68416 -3.62383 -4.13656 0.32082 -3.64125 -3.58117 0.44619 -3.19039 -4.12535 0.16207 -3.22582 -3.36347 0.31848 -2.90081 -2.93142 0.75603 -3.41725 -2.28706 0.63607 -3.00371 -2.62041 0.51227 -3.54134 -2.62039 0.28627 -3.72493 -3.02835 0.26397 -2.95340 -3.30873 0.95560 -3.88418 -3.34963 0.46716 -3.12908 -2.95063 0.15652 -2.72659 -1.01367 -0.61805 -2.90278 -1.24912 -1.00687 -2.28747 -1.33181 -0.71223 -2.52646 -1.51509 -1.04131 -2.96680 3.19106 -6.55435 -2.04590 4.00796 -3.74368 0.00000 5.09766 -5.30273 0.94531 5.74077 -4.64067 1.20019 4.77930 -5.13574 1.39356 5.35041 -4.88432 1.96387 4.00391 -4.76660 2.04590 4.00796 -3.74368 -1.20019 4.77930 -5.13574 -1.82422 3.66211 -6.31836 -1.00293 3.50195 -7.37012 -6.53711 -3.10254 -10.16211 -0.62305 3.94559 -8.04692 0.00000 2.85957 -9.26633 -1.96387 4.00391 -4.76660 -2.35449 3.33789 -5.07324 -2.73828 2.54980 -5.08984 0.00000 9.55482 0.14695 -0.72754 3.68004 -0.90321 -1.98883 3.74845 -2.86303 -5.25184 -1.90270 1.73809 -3.18760 -1.92494 2.96685 1.46582 7.75174 -2.05579 1.45606 5.96950 -1.60019 1.96484 5.66564 -3.84073 2.96680 3.19106 -6.55435 0.34863 5.21514 -5.95246 0.67969 5.56475 -0.92724 1.98883 3.74845 -2.86303 0.72754 3.68004 -0.90321 3.89235 -2.20858 2.45710 3.35314 -2.72347 1.56408 4.51969 -2.21693 2.11041 4.11927 -2.73820 1.19084 3.59524 -2.30824 1.13266 4.30137 -1.75625 2.42809 2.88607 -2.74979 1.49390 2.85766 -2.33169 2.59941 3.54632 -2.25586 2.53879 3.12275 -2.43196 1.41829 3.18760 -1.92494 2.96685 4.34888 -2.84883 0.78585 4.91389 -2.30815 1.92215 5.33898 -2.34791 1.36177 4.09646 -2.46400 0.91978 5.25184 -1.90270 1.73809 3.11888 -3.54694 0.68416 3.62392 -4.13672 0.32099 3.64125 -3.58117 0.44619 3.19048 -4.12551 0.16223 3.22582 -3.36347 0.31848 3.07957 -4.10763 0.58618 3.00371 -2.62041 0.51227 2.90081 -2.93142 0.75603 3.41725 -2.28706 0.63607 3.72493 -3.02835 0.26397 3.54134 -2.62039 0.28627 2.95340 -3.30873 0.95560 3.88418 -3.34963 0.46716 3.12908 -2.95063 0.15652 2.28747 -1.33181 -0.71223 2.72659 -1.01367 -0.61805 2.90278 -1.24912 -1.00687 2.52646 -1.51509 -1.04131 2.35449 3.33789 -5.07324 1.82422 3.66211 -6.31836 1.00293 3.50195 -7.37012 6.53711 -3.10254 -10.16211 2.73828 2.54980 -5.08984 0.62305 3.94559 -8.04692 0.88086 4.60724 -7.04923 0.46777 4.83111 -6.68459</float_array>
     <technique_common>
      <accessor count="129" source="#realb11-lib-positions-array" stride="3">
       <param name="X" type="float"/>
       <param name="Y" type="float"/>
       <param name="Z" type="float"/>
      </accessor>
     </technique_common>
    </source>
    <source id="realb11-lib-normals" name="normal">
     <float_array id="realb11-lib-normals-array" count="1800">-0.47053 0.77083 -0.42944 0.00000 0.93639 -0.35097 -0.65983 0.71024 -0.24532 -0.47053 0.77083 -0.42944 0.00000 0.83871 -0.54458 0.00000 0.93639 -0.35097 -0.93254 0.23594 0.27332 -0.86390 -0.04563 0.50159 -0.99356 0.07923 -0.08099 -0.93254 0.23594 0.27332 -0.97657 0.16794 0.13455 -0.86390 -0.04563 0.50159 -0.86249 -0.09163 0.49772 -0.86390 -0.04563 0.50159 -0.97657 0.16794 0.13455 -0.86249 -0.09163 0.49772 -0.73858 -0.11065 0.66502 -0.86390 -0.04563 0.50159 -0.60863 0.67934 -0.40996 -0.50430 0.56160 -0.65596 -0.42646 0.60634 -0.67119 -0.60863 0.67934 -0.40996 -0.04458 0.86446 -0.50072 -0.50430 0.56160 -0.65596 -0.36629 0.87607 -0.31359 -0.04458 0.86446 -0.50072 -0.60863 0.67934 -0.40996 -0.36629 0.87607 -0.31359 -0.29788 0.83585 -0.46111 -0.04458 0.86446 -0.50072 -0.42646 0.60634 -0.67119 -0.48465 0.67681 -0.55412 -0.79238 0.46951 -0.38949 -0.42646 0.60634 -0.67119 -0.47053 0.77083 -0.42944 -0.48465 0.67681 -0.55412 -0.50430 0.56160 -0.65596 -0.47053 0.77083 -0.42944 -0.42646 0.60634 -0.67119 -0.50430 0.56160 -0.65596 0.00000 0.83871 -0.54458 -0.47053 0.77083 -0.42944 0.47053 0.77083 -0.42944 0.00000 0.83871 -0.54458 -0.50430 0.56160 -0.65596 0.47053 0.77083 -0.42944 0.00000 0.93639 -0.35097 0.00000 0.83871 -0.54458 0.65983 0.71024 -0.24532 0.00000 0.93639 -0.35097 0.47053 0.77083 -0.42944 0.65983 0.71024 -0.24532 0.57028 0.77774 -0.26439 0.00000 0.93639 -0.35097 0.95701 0.27343 0.09682 0.57028 0.77774 -0.26439 0.65983 0.71024 -0.24532 0.95701 0.27343 0.09682 0.95749 -0.21358 0.19391 0.95791 -0.20992 0.19580 0.86249 -0.09163 0.49772 0.95749 -0.21358 0.19391 0.95701 0.27343 0.09682 -0.95749 -0.21358 0.19391 -0.97657 0.16794 0.13455 -0.98753 -0.08272 0.13398 -0.95749 -0.21358 0.19391 -0.86249 -0.09163 0.49772 -0.97657 0.16794 0.13455 -0.19839 -0.89289 0.40422 -0.12534 -0.85579 0.50191 -0.25014 -0.85495 0.45441 -0.19839 -0.89289 0.40422 -0.20520 -0.89638 0.39293 -0.12534 -0.85579 0.50191 -0.53580 0.62730 -0.56517 -0.46779 0.86849 -0.16401 -0.53009 0.63619 -0.56060 -0.53580 0.62730 -0.56517 -0.55430 0.59711 -0.57984 -0.46779 0.86849 -0.16401 -0.09978 -0.91387 0.39357 -0.12534 -0.85579 0.50191 -0.13529 -0.90352 0.40664 -0.09978 -0.91387 0.39357 0.03730 -0.82837 0.55894 -0.12534 -0.85579 0.50191 0.72900 0.66671 -0.15513 0.86925 0.46610 -0.16479 0.68109 0.70073 -0.21235 -0.26688 -0.91497 0.30267 -0.36516 -0.83403 0.41357 -0.29388 -0.91155 0.28761 -0.26688 -0.91497 0.30267 -0.25014 -0.85495 0.45441 -0.36516 -0.83403 0.41357 0.70054 0.51808 0.49074 0.72389 0.45363 0.51980 0.63053 0.65784 0.41192 -0.40790 -0.19968 0.89092 -0.34523 -0.47118 0.81167 -0.42239 -0.18506 0.88732 -0.40790 -0.19968 0.89092 -0.38858 -0.38221 0.83840 -0.34523 -0.47118 0.81167 -0.35400 0.18531 -0.91670 -0.30607 -0.07984 -0.94866 -0.34168 0.19672 -0.91900 -0.35400 0.18531 -0.91670 -0.21422 -0.16539 -0.96268 -0.30607 -0.07984 -0.94866 0.94785 -0.06135 -0.31276 0.94691 -0.11587 -0.29988 0.96314 0.10463 -0.24783 0.49765 0.80943 0.31170 0.96390 0.20322 -0.17204 0.72900 0.66671 -0.15513 0.49765 0.80943 0.31170 0.59816 0.52759 0.60320 0.96390 0.20322 -0.17204 -0.39019 0.64549 -0.65658 -0.67777 0.23681 -0.69610 -0.73877 0.60676 -0.29336 -0.39019 0.64549 -0.65658 -0.42859 -0.01389 -0.90339 -0.67777 0.23681 -0.69610 -0.22454 -0.71727 0.65962 -0.34523 -0.47118 0.81167 -0.38858 -0.38221 0.83840 0.95144 -0.22306 -0.21215 0.94691 -0.11587 -0.29988 0.94785 -0.06135 -0.31276 0.88378 -0.30901 -0.35134 0.94691 -0.11587 -0.29988 0.95144 -0.22306 -0.21215 0.96390 0.20322 -0.17204 0.93760 -0.31413 -0.14909 0.94691 -0.11587 -0.29988 -0.52465 -0.25386 -0.81259 -0.30607 -0.07984 -0.94866 -0.42859 -0.01389 -0.90339 -0.35045 -0.68660 0.63700 -0.22454 -0.71727 0.65962 -0.38858 -0.38221 0.83840 0.36882 0.89329 0.25690 -0.29162 0.60217 0.74320 -0.29162 0.60217 0.74320 0.36882 0.89329 0.25690 0.49765 0.80943 0.31170 0.72900 0.66671 -0.15513 -0.39019 0.64549 -0.65658 0.49765 0.80943 0.31170 -0.46779 0.86849 -0.16401 -0.42859 -0.01389 -0.90339 -0.33675 -0.28145 -0.89855 -0.67777 0.23681 -0.69610 -0.42859 -0.01389 -0.90339 -0.21422 -0.16539 -0.96268 -0.33675 -0.28145 -0.89855 -0.30607 -0.07984 -0.94866 -0.21422 -0.16539 -0.96268 -0.42859 -0.01389 -0.90339 0.49765 0.80943 0.31170 0.49636 0.44060 0.74800 0.59816 0.52759 0.60320 -0.73877 0.60676 -0.29336 -0.86246 0.50383 0.04823 -0.84829 0.52537 0.06627 -0.67777 0.23681 -0.69610 -0.86246 0.50383 0.04823 -0.73877 0.60676 -0.29336 -0.67777 0.23681 -0.69610 -0.33675 -0.28145 -0.89855 -0.43643 -0.46756 -0.76871 0.48447 0.44591 0.75263 0.59816 0.52759 0.60320 0.49636 0.44060 0.74800 0.81527 -0.53834 -0.21335 0.93800 -0.34380 -0.04413 0.93760 -0.31413 -0.14909 0.78971 -0.55305 -0.26551 0.93800 -0.34380 -0.04413 0.81527 -0.53834 -0.21335 -0.40864 -0.47749 -0.77783 -0.43643 -0.46756 -0.76871 -0.33675 -0.28145 -0.89855 -0.79238 0.46951 -0.38949 -0.96164 0.27391 0.01456 -0.84574 0.51840 0.12643 -0.79238 0.46951 -0.38949 -0.99356 0.07923 -0.08099 -0.96164 0.27391 0.01456 -0.00000 0.57779 -0.81619 -0.50430 0.56160 -0.65596 -0.42646 0.60634 -0.67119 -0.00000 0.57779 -0.81619 0.42646 0.60634 -0.67119 0.53646 0.53803 -0.65018 0.44007 0.54585 -0.71301 0.42646 0.60634 -0.67119 -0.00000 0.57779 -0.81619 0.44007 0.54585 -0.71301 0.38254 0.46309 -0.79951 0.42646 0.60634 -0.67119 0.82471 0.48732 -0.28700 0.38254 0.46309 -0.79951 0.44007 0.54585 -0.71301 0.82471 0.48732 -0.28700 0.96164 0.27391 0.01456 0.87582 0.47860 0.06239 -0.44007 0.54585 -0.71301 -0.42646 0.60634 -0.67119 0.11075 0.43161 -0.89524 -0.44007 0.54585 -0.71301 -0.00000 0.57779 -0.81619 -0.42646 0.60634 -0.67119 -0.62869 0.69666 -0.34556 -0.00000 0.57779 -0.81619 -0.44007 0.54585 -0.71301 -0.62869 0.69666 -0.34556 -0.47841 0.73202 -0.48504 -0.00000 0.57779 -0.81619 -0.71553 0.64750 -0.26221 -0.47841 0.73202 -0.48504 -0.62869 0.69666 -0.34556 -0.13722 0.73371 -0.66546 -0.04458 0.86446 -0.50072 -0.29788 0.83585 -0.46111 -0.13722 0.73371 -0.66546 0.00000 0.72383 -0.68997 -0.04458 0.86446 -0.50072 0.74597 0.65544 0.11802 0.36882 0.89329 0.25690 0.79032 0.59824 0.13228 0.74597 0.65544 0.11802 0.73253 0.67115 0.11383 0.36882 0.89329 0.25690 -0.25014 -0.85495 0.45441 -0.22454 -0.71727 0.65962 -0.35045 -0.68660 0.63700 -0.25014 -0.85495 0.45441 -0.12534 -0.85579 0.50191 -0.22454 -0.71727 0.65962 -0.82471 0.48732 -0.28700 -0.79238 0.46951 -0.38949 -0.96164 0.27391 0.01456 -0.82471 0.48732 -0.28700 -0.44007 0.54585 -0.71301 -0.79238 0.46951 -0.38949 -0.82710 0.50876 -0.23890 -0.44007 0.54585 -0.71301 -0.82471 0.48732 -0.28700 -0.82710 0.50876 -0.23890 -0.62869 0.69666 -0.34556 -0.44007 0.54585 -0.71301 -0.82778 0.54816 -0.11959 -0.62869 0.69666 -0.34556 -0.82710 0.50876 -0.23890 -0.82778 0.54816 -0.11959 -0.71553 0.64750 -0.26221 -0.62869 0.69666 -0.34556 -0.47053 0.77083 -0.42944 -0.42901 0.64432 -0.63309 -0.99356 0.07923 -0.08099 -0.47053 0.77083 -0.42944 -0.64800 0.75259 -0.11706 -0.93254 0.23594 0.27332 -0.65983 0.71024 -0.24532 -0.97657 0.16794 0.13455 -0.47053 0.77083 -0.42944 -0.65983 0.71024 -0.24532 -0.98753 -0.08272 0.13398 -0.97657 0.16794 0.13455 0.00000 0.93639 -0.35097 -0.50013 0.81966 -0.27933 -0.65983 0.71024 -0.24532 0.00000 0.93639 -0.35097 -0.54756 0.77946 -0.30434 -0.50013 0.81966 -0.27933 0.57028 0.77774 -0.26439 0.54756 0.77946 -0.30434 0.00000 0.93639 -0.35097 -0.94873 0.08880 0.30337 -0.73858 -0.11065 0.66502 -0.84012 0.02824 0.54167 -0.94873 0.08880 0.30337 -0.86390 -0.04563 0.50159 -0.73858 -0.11065 0.66502 -0.96164 0.27391 0.01456 -0.86390 -0.04563 0.50159 -0.94873 0.08880 0.30337 -0.96164 0.27391 0.01456 -0.99356 0.07923 -0.08099 -0.86390 -0.04563 0.50159 0.61145 0.68751 0.39174 0.70054 0.51808 0.49074 0.63053 0.65784 0.41192 -0.19815 0.65507 -0.72912 -0.20963 0.62359 -0.75312 -0.39019 0.64549 -0.65658 -0.73969 0.56332 -0.36815 -0.49272 0.81163 -0.31382 -0.80910 0.45104 -0.37674 -0.73969 0.56332 -0.36815 -0.43146 0.85185 -0.29698 -0.49272 0.81163 -0.31382 0.68109 0.70073 -0.21235 0.65841 0.72301 -0.20915 0.72900 0.66671 -0.15513 0.92753 0.27360 -0.25462 0.86390 -0.04563 0.50159 0.93254 0.23594 0.27332 0.92753 0.27360 -0.25462 0.96164 0.27391 0.01456 0.86390 -0.04563 0.50159 0.38254 0.46309 -0.79951 0.96164 0.27391 0.01456 0.92753 0.27360 -0.25462 0.87582 0.47860 0.06239 0.84574 0.51840 0.12643 0.96164 0.27391 0.01456 0.53646 0.53803 -0.65018 0.60863 0.67934 -0.40996 0.42646 0.60634 -0.67119 0.53646 0.53803 -0.65018 0.67050 0.63694 -0.38044 0.60863 0.67934 -0.40996 0.42311 0.77689 -0.46629 0.42646 0.60634 -0.67119 0.38254 0.46309 -0.79951 0.92753 0.27360 -0.25462 0.47053 0.77083 -0.42944 0.42646 0.60634 -0.67119 0.42901 0.64432 -0.63309 0.47053 0.77083 -0.42944 0.92753 0.27360 -0.25462 0.93254 0.23594 0.27332 0.95701 0.27343 0.09682 0.47053 0.77083 -0.42944 0.86390 -0.04563 0.50159 0.95701 0.27343 0.09682 0.93254 0.23594 0.27332 0.86390 -0.04563 0.50159 0.86249 -0.09163 0.49772 0.95701 0.27343 0.09682 0.73858 -0.11065 0.66502 0.86249 -0.09163 0.49772 0.86390 -0.04563 0.50159 0.94873 0.08880 0.30337 0.86390 -0.04563 0.50159 0.96164 0.27391 0.01456 0.94873 0.08880 0.30337 0.73858 -0.11065 0.66502 0.86390 -0.04563 0.50159 0.84012 0.02824 0.54167 0.73858 -0.11065 0.66502 0.94873 0.08880 0.30337 0.19839 -0.89289 0.40422 0.12534 -0.85579 0.50191 0.20520 -0.89638 0.39293 0.19839 -0.89289 0.40422 0.25014 -0.85495 0.45441 0.12534 -0.85579 0.50191 0.42934 0.84392 -0.32165 0.55430 0.59711 -0.57984 0.53532 0.62805 -0.56479 0.52946 0.63715 -0.56010 0.42934 0.84392 -0.32165 0.53532 0.62805 -0.56479 -0.73323 0.67035 0.11404 -0.74650 0.65481 0.11819 -0.35044 0.90897 0.22575 0.09978 -0.91387 0.39357 0.12534 -0.85579 0.50191 -0.03730 -0.82837 0.55894 0.09978 -0.91387 0.39357 0.13529 -0.90352 0.40664 0.12534 -0.85579 0.50191 -0.72900 0.66671 -0.15513 -0.68109 0.70073 -0.21235 -0.86925 0.46610 -0.16479 -0.72900 0.66671 -0.15513 -0.65841 0.72301 -0.20915 -0.68109 0.70073 -0.21235 0.49272 0.81163 -0.31382 0.43146 0.85185 -0.29698 0.73969 0.56332 -0.36815 0.26688 -0.91497 0.30267 0.36516 -0.83403 0.41357 0.25014 -0.85495 0.45441 0.26688 -0.91497 0.30267 0.29388 -0.91155 0.28761 0.36516 -0.83403 0.41357 -0.70054 0.51808 0.49074 -0.63053 0.65784 0.41192 -0.72389 0.45363 0.51980 -0.70054 0.51808 0.49074 -0.61145 0.68751 0.39174 -0.63053 0.65784 0.41192 0.20963 0.62359 -0.75312 0.19815 0.65507 -0.72912 0.39019 0.64549 -0.65658 0.38862 -0.38205 0.83846 0.40796 -0.19931 0.89098 0.34526 -0.47106 0.81173 0.30604 -0.07992 -0.94866 0.35397 0.18510 -0.91676 0.34169 0.19647 -0.91905 0.21418 -0.16546 -0.96268 0.35397 0.18510 -0.91676 0.30604 -0.07992 -0.94866 -0.94690 -0.11594 -0.29991 -0.94784 -0.06144 -0.31277 -0.96315 0.10441 -0.24786 0.42243 -0.18469 0.88738 0.34526 -0.47106 0.81173 0.40796 -0.19931 0.89098 -0.96018 0.11205 -0.25592 -0.96315 0.10441 -0.24786 -0.94784 -0.06144 -0.31277 -0.49765 0.80943 0.31170 -0.97171 0.09164 -0.21769 -0.59816 0.52759 0.60320 -0.49765 0.80943 0.31170 -0.72900 0.66671 -0.15513 -0.97171 0.09164 -0.21769 0.39019 0.64549 -0.65658 0.67777 0.23681 -0.69610 0.42859 -0.01389 -0.90339 0.39019 0.64549 -0.65658 0.73877 0.60676 -0.29336 0.67777 0.23681 -0.69610 0.34526 -0.47106 0.81173 0.22454 -0.71727 0.65962 0.38862 -0.38205 0.83846 -0.94784 -0.06144 -0.31277 -0.94690 -0.11594 -0.29991 -0.95144 -0.22306 -0.21215 0.30604 -0.07992 -0.94866 0.42859 -0.01389 -0.90339 0.21418 -0.16546 -0.96268 0.30604 -0.07992 -0.94866 0.52465 -0.25386 -0.81259 0.42859 -0.01389 -0.90339 0.22454 -0.71727 0.65962 0.35045 -0.68660 0.63700 0.38862 -0.38205 0.83846 0.29162 0.60217 0.74320 0.29162 0.60217 0.74320 0.29162 0.60217 0.74320 -0.72900 0.66671 -0.15513 -0.49765 0.80943 0.31170 -0.35044 0.90897 0.22575 -0.35044 0.90897 0.22575 0.45987 0.64334 0.61208 0.45987 0.64333 0.61208 0.42934 0.84392 -0.32165 -0.49765 0.80943 0.31170 0.39019 0.64549 -0.65658 0.33675 -0.28145 -0.89855 0.42859 -0.01389 -0.90339 0.67777 0.23681 -0.69610 0.33675 -0.28145 -0.89855 0.21418 -0.16546 -0.96268 0.42859 -0.01389 -0.90339 -0.93760 -0.31413 -0.14909 -0.94690 -0.11594 -0.29991 -0.93800 -0.34380 -0.04413 -0.93760 -0.31413 -0.14909 -0.97171 0.09164 -0.21769 -0.94690 -0.11594 -0.29991 -0.49636 0.44060 0.74800 -0.59816 0.52759 0.60320 -0.48447 0.44591 0.75263 -0.49636 0.44060 0.74800 -0.49765 0.80943 0.31170 -0.59816 0.52759 0.60320 0.86246 0.50383 0.04823 0.73877 0.60676 -0.29336 0.84829 0.52537 0.06627 0.86246 0.50383 0.04823 0.67777 0.23681 -0.69610 0.73877 0.60676 -0.29336 0.33675 -0.28145 -0.89855 0.67777 0.23681 -0.69610 0.43643 -0.46756 -0.76871 0.40864 -0.47749 -0.77783 0.33675 -0.28145 -0.89855 0.43643 -0.46756 -0.76871 -0.78971 -0.55305 -0.26551 -0.81527 -0.53834 -0.21335 -0.93800 -0.34380 -0.04413 0.44007 0.54585 -0.71301 0.82710 0.50876 -0.23890 0.82471 0.48732 -0.28700 0.44007 0.54585 -0.71301 0.62869 0.69666 -0.34556 0.82710 0.50876 -0.23890 -0.00000 0.57779 -0.81619 0.62869 0.69666 -0.34556 0.44007 0.54585 -0.71301 -0.00000 0.57779 -0.81619 0.47841 0.73202 -0.48504 0.62869 0.69666 -0.34556 0.71553 0.64750 -0.26221 0.62869 0.69666 -0.34556 0.47841 0.73202 -0.48504 0.71553 0.64750 -0.26221 0.82778 0.54816 -0.11959 0.62869 0.69666 -0.34556 0.13722 0.73371 -0.66546 -0.04458 0.86446 -0.50072 0.00000 0.72383 -0.68997 0.13722 0.73371 -0.66546 0.29788 0.83585 -0.46111 -0.04458 0.86446 -0.50072 0.25014 -0.85495 0.45441 0.22454 -0.71727 0.65962 0.12534 -0.85579 0.50191 0.25014 -0.85495 0.45441 0.35045 -0.68660 0.63700 0.22454 -0.71727 0.65962 -0.04458 0.86446 -0.50072 0.36629 0.87607 -0.31359 0.60863 0.67934 -0.40996 -0.04458 0.86446 -0.50072 0.29788 0.83585 -0.46111 0.36629 0.87607 -0.31359 0.96390 0.20322 -0.17204 0.95144 -0.22306 -0.21215 0.86925 0.46610 -0.16479 -0.25014 -0.85495 0.45441 -0.35045 -0.68660 0.63700 -0.36516 -0.83403 0.41357 -0.41050 0.42542 -0.80654 -0.42859 -0.01389 -0.90339 -0.39019 0.64549 -0.65658 -0.45987 0.64334 0.61208 -0.46779 0.86849 -0.16401 -0.45987 0.64333 0.61208 0.93760 -0.31413 -0.14909 0.93800 -0.34380 -0.04413 0.94691 -0.11587 -0.29988 0.72900 0.66671 -0.15513 0.96390 0.20322 -0.17204 0.86925 0.46610 -0.16479 -0.52465 -0.25386 -0.81259 -0.42859 -0.01389 -0.90339 -0.41050 0.42542 -0.80654 0.03730 -0.82837 0.55894 -0.22454 -0.71727 0.65962 -0.12534 -0.85579 0.50191 -0.41050 0.42542 -0.80654 -0.39019 0.64549 -0.65658 -0.20963 0.62359 -0.75312 0.96015 0.11231 -0.25593 0.94785 -0.06135 -0.31276 0.96314 0.10463 -0.24783 0.47053 0.77083 -0.42944 0.53646 0.53803 -0.65018 0.42646 0.60634 -0.67119 -0.95144 -0.22306 -0.21215 -0.97171 0.09164 -0.21769 -0.86925 0.46610 -0.16479 0.35045 -0.68660 0.63700 0.25014 -0.85495 0.45441 0.36516 -0.83403 0.41357 0.42859 -0.01389 -0.90339 0.41050 0.42542 -0.80654 0.39019 0.64549 -0.65658 -0.94690 -0.11594 -0.29991 -0.97171 0.09164 -0.21769 -0.95144 -0.22306 -0.21215 -0.81527 -0.53834 -0.21335 -0.93760 -0.31413 -0.14909 -0.93800 -0.34380 -0.04413 -0.74650 0.65481 0.11819 -0.79032 0.59824 0.13228 -0.35044 0.90897 0.22575 -0.97171 0.09164 -0.21769 -0.72900 0.66671 -0.15513 -0.86925 0.46610 -0.16479 0.42859 -0.01389 -0.90339 0.52465 -0.25386 -0.81259 0.41050 0.42542 -0.80654 0.22454 -0.71727 0.65962 -0.03730 -0.82837 0.55894 0.12534 -0.85579 0.50191 0.62869 0.69666 -0.34556 0.82778 0.54816 -0.11959 0.82710 0.50876 -0.23890 0.47053 0.77083 -0.42944 0.95701 0.27343 0.09682 0.65983 0.71024 -0.24532 0.39019 0.64549 -0.65658 0.41050 0.42542 -0.80654 0.20963 0.62359 -0.75312 0.73969 0.56332 -0.36815 0.80910 0.45104 -0.37674 0.49272 0.81163 -0.31382</float_array>
     <technique_common>
      <accessor count="600" source="#realb11-lib-normals-array" stride="3">
       <param name="X" type="float"/>
       <param name="Y" type="float"/>
       <param name="Z" type="float"/>
      </accessor>
     </technique_common>
    </source>
    <source id="realb11-lib-texcoords">
     <float_array id="realb11-lib-texcoords-array" count="1200">0.37695 -0.31836 0.27734 -0.19531 0.26172 -0.29492 0.37695 -0.31836 0.37891 -0.22266 0.27734 -0.19531 0.37500 -0.45801 0.31836 -0.68066 0.59863 -0.71875 0.37500 -0.45801 0.24805 -0.37695 0.31836 -0.68066 0.18555 -0.52539 0.31836 -0.68066 0.24805 -0.37695 0.18555 -0.52539 0.23340 -0.73145 0.31836 -0.68066 0.59766 -0.06152 0.74805 -0.00879 0.77344 -0.14355 0.59766 -0.06152 0.44141 -0.00488 0.74805 -0.00879 0.49316 -0.07227 0.44141 -0.00488 0.59766 -0.06152 0.49316 -0.07227 0.43848 -0.12109 0.44141 -0.00488 0.73730 -0.64355 0.59961 -0.71973 0.72949 -0.75879 0.73730 -0.64355 0.37695 -0.31836 0.59961 -0.71973 0.80469 -0.54395 0.37695 -0.31836 0.73730 -0.64355 0.80469 -0.54395 0.37891 -0.22266 0.37695 -0.31836 0.37695 -0.31836 0.37891 -0.22266 0.80469 -0.54395 0.37695 -0.31836 0.27734 -0.19531 0.37891 -0.22266 0.26172 -0.29492 0.27734 -0.19531 0.37695 -0.31836 0.26172 -0.29492 0.02734 -0.25977 0.27734 -0.19531 0.24805 -0.37695 0.02734 -0.25977 0.26172 -0.29492 0.24805 -0.37695 0.03027 -0.48438 0.02734 -0.25977 0.18555 -0.52539 0.03027 -0.48438 0.24805 -0.37695 0.03027 -0.48438 0.24805 -0.37695 0.02734 -0.25977 0.03027 -0.48438 0.18555 -0.52539 0.24805 -0.37695 0.10352 -0.78223 0.01172 -0.54297 0.10352 -0.54297 0.10352 -0.78223 0.01172 -0.78223 0.01172 -0.54297 0.10352 -0.78223 0.05664 -0.54297 0.07715 -0.78223 0.10352 -0.78223 0.10352 -0.54297 0.05664 -0.54297 0.01172 -0.78223 0.08984 -0.54297 0.10352 -0.78223 0.01172 -0.78223 0.01172 -0.54297 0.08984 -0.54297 0.07715 -0.54297 0.01172 -0.54297 0.01172 -0.78223 0.01172 -0.78223 0.10352 -0.54297 0.10352 -0.78223 0.01172 -0.78223 0.02344 -0.54297 0.10352 -0.54297 0.03516 -0.54297 0.02344 -0.54297 0.01172 -0.78223 0.10352 -0.78223 0.01074 -0.66504 0.01074 -0.78223 0.10352 -0.78223 0.10352 -0.66504 0.01074 -0.66504 0.05566 -0.78223 0.10352 -0.66504 0.10352 -0.78223 0.05566 -0.78223 0.05566 -0.66504 0.10352 -0.66504 0.01074 -0.66504 0.05566 -0.66504 0.05566 -0.78223 0.57129 -0.15039 0.61328 -0.20508 0.61328 -0.15039 0.57129 -0.15039 0.57129 -0.20508 0.61328 -0.20508 0.57617 -0.13574 0.61133 -0.20605 0.61230 -0.13574 0.57617 -0.13574 0.57617 -0.20605 0.61133 -0.20605 0.65332 -0.25195 0.63281 -0.27344 0.57812 -0.27246 0.65332 -0.25195 0.60645 -0.27832 0.63281 -0.27344 0.63770 -0.23340 0.60645 -0.27832 0.65332 -0.25195 0.63770 -0.23340 0.62207 -0.22070 0.60645 -0.27832 0.53027 -0.25293 0.57812 -0.27246 0.54590 -0.24023 0.53027 -0.25293 0.65332 -0.25195 0.57812 -0.27246 0.59668 -0.13281 0.64648 -0.14551 0.63086 -0.13965 0.59668 -0.13281 0.59570 -0.17871 0.64648 -0.14551 0.55078 -0.14355 0.59570 -0.17871 0.59668 -0.13281 0.54590 -0.24023 0.59570 -0.26758 0.56934 -0.22070 0.54590 -0.24023 0.60645 -0.27832 0.59570 -0.26758 0.57812 -0.27246 0.60645 -0.27832 0.54590 -0.24023 0.06738 -0.99609 0.06738 -0.78809 0.00293 -0.99609 0.06738 -0.99609 0.12695 -0.78809 0.06738 -0.78809 0.12695 -0.99609 0.12695 -0.78809 0.06738 -0.99609 0.12695 -0.99609 0.07227 -0.99609 0.12695 -0.78809 0.00293 -0.78809 0.00293 -0.99609 0.06738 -0.78809 0.00293 -0.78809 0.07227 -0.99609 0.00293 -0.99609 0.06934 -0.78809 0.07227 -0.99609 0.00293 -0.78809 0.06934 -0.78809 0.12695 -0.78809 0.07227 -0.99609 0.72949 -0.75879 0.58691 -0.92676 0.93848 -0.98242 0.72949 -0.75879 0.59863 -0.71875 0.58691 -0.92676 0.79980 -0.08496 0.83984 -0.00879 0.90527 -0.06836 0.79980 -0.08496 0.90527 -0.06836 0.83984 -0.00879 0.88379 -0.13574 0.90527 -0.06836 0.79980 -0.08496 0.88379 -0.13574 0.92383 -0.09863 0.90527 -0.06836 0.95312 -0.18262 0.92383 -0.09863 0.88379 -0.13574 0.95312 -0.18262 0.96582 -0.12988 0.92383 -0.09863 0.88379 -0.13574 0.90527 -0.06836 0.92383 -0.09863 0.88379 -0.13574 0.79980 -0.08496 0.90527 -0.06836 0.86621 -0.26758 0.79980 -0.08496 0.88379 -0.13574 0.86621 -0.26758 0.73535 -0.27832 0.79980 -0.08496 0.99023 -0.95020 0.73535 -0.27832 0.86621 -0.26758 0.28809 -0.09082 0.44141 -0.00488 0.43848 -0.12109 0.28809 -0.09082 0.08789 -0.00879 0.44141 -0.00488 0.01172 -0.78223 0.05664 -0.54297 0.01172 -0.54297 0.01172 -0.78223 0.07715 -0.78223 0.05664 -0.54297 0.57324 -0.13477 0.62598 -0.20996 0.55859 -0.20996 0.57324 -0.13477 0.61328 -0.13379 0.62598 -0.20996 0.95312 -0.18262 0.92383 -0.09863 0.96582 -0.12988 0.95312 -0.18262 0.88379 -0.13574 0.92383 -0.09863 0.96484 -0.24707 0.88379 -0.13574 0.95312 -0.18262 0.96484 -0.24707 0.86621 -0.26758 0.88379 -0.13574 0.99219 -0.30273 0.86621 -0.26758 0.96484 -0.24707 0.99219 -0.30273 0.99023 -0.95020 0.86621 -0.26758 0.37695 -0.31836 0.37500 -0.45801 0.59961 -0.71973 0.37695 -0.31836 0.24805 -0.37695 0.37500 -0.45801 0.26172 -0.29492 0.24805 -0.37695 0.37695 -0.31836 0.26172 -0.29492 0.02734 -0.25977 0.24805 -0.37695 0.27734 -0.19531 0.02734 -0.25977 0.26172 -0.29492 0.27734 -0.19531 0.02930 -0.15234 0.02734 -0.25977 0.02734 -0.25977 0.02930 -0.15234 0.27734 -0.19531 0.47656 -0.95898 0.23340 -0.73145 0.23047 -0.96777 0.47656 -0.95898 0.31836 -0.68066 0.23340 -0.73145 0.58691 -0.92676 0.31836 -0.68066 0.47656 -0.95898 0.58691 -0.92676 0.59863 -0.71875 0.31836 -0.68066 0.07715 -0.78223 0.03516 -0.54297 0.01172 -0.78223 0.07715 -0.78223 0.10352 -0.78223 0.03516 -0.54297 0.07715 -0.54297 0.10352 -0.78223 0.08984 -0.54297 0.07715 -0.54297 0.03516 -0.78223 0.10352 -0.78223 0.01172 -0.78223 0.03516 -0.78223 0.07715 -0.54297 0.59863 -0.71875 0.31836 -0.68066 0.37500 -0.45801 0.59863 -0.71875 0.58691 -0.92676 0.31836 -0.68066 0.72949 -0.75879 0.58691 -0.92676 0.59863 -0.71875 0.72949 -0.75879 0.93848 -0.98242 0.58691 -0.92676 0.74805 -0.00879 0.59766 -0.06152 0.77344 -0.14355 0.74805 -0.00879 0.44141 -0.00488 0.59766 -0.06152 0.59961 -0.71973 0.73730 -0.64355 0.72949 -0.75879 0.59961 -0.71973 0.37695 -0.31836 0.73730 -0.64355 0.37500 -0.45801 0.37695 -0.31836 0.59961 -0.71973 0.37500 -0.45801 0.24805 -0.37695 0.37695 -0.31836 0.31836 -0.68066 0.24805 -0.37695 0.37500 -0.45801 0.31836 -0.68066 0.18555 -0.52539 0.24805 -0.37695 0.23340 -0.73145 0.18555 -0.52539 0.31836 -0.68066 0.47656 -0.95898 0.31836 -0.68066 0.58691 -0.92676 0.47656 -0.95898 0.23340 -0.73145 0.31836 -0.68066 0.23047 -0.96777 0.23340 -0.73145 0.47656 -0.95898 0.10352 -0.78223 0.01172 -0.54297 0.01172 -0.78223 0.10352 -0.78223 0.10352 -0.54297 0.01172 -0.54297 0.05664 -0.54297 0.10352 -0.54297 0.10352 -0.78223 0.07715 -0.78223 0.05664 -0.54297 0.10352 -0.78223 0.07715 -0.78223 0.01172 -0.78223 0.05664 -0.54297 0.01172 -0.78223 0.08984 -0.54297 0.01172 -0.54297 0.01172 -0.78223 0.10352 -0.78223 0.08984 -0.54297 0.07715 -0.54297 0.01172 -0.78223 0.01172 -0.54297 0.07715 -0.54297 0.03516 -0.78223 0.01172 -0.78223 0.10352 -0.78223 0.03516 -0.78223 0.07715 -0.54297 0.01172 -0.78223 0.10352 -0.54297 0.02344 -0.54297 0.01172 -0.78223 0.10352 -0.78223 0.10352 -0.54297 0.03516 -0.54297 0.01172 -0.78223 0.02344 -0.54297 0.03516 -0.54297 0.07715 -0.78223 0.01172 -0.78223 0.10352 -0.78223 0.07715 -0.78223 0.03516 -0.54297 0.10352 -0.66504 0.10352 -0.78223 0.01074 -0.66504 0.10352 -0.66504 0.05566 -0.78223 0.10352 -0.78223 0.05566 -0.66504 0.05566 -0.78223 0.10352 -0.66504 0.05566 -0.66504 0.01074 -0.66504 0.05566 -0.78223 0.01074 -0.78223 0.01074 -0.66504 0.10352 -0.78223 0.01074 -0.78223 0.05566 -0.78223 0.01074 -0.66504 0.57129 -0.15039 0.61328 -0.20508 0.57129 -0.20508 0.57129 -0.15039 0.61328 -0.15039 0.61328 -0.20508 0.57617 -0.13574 0.61133 -0.20605 0.57617 -0.20605 0.57617 -0.13574 0.61230 -0.13574 0.61133 -0.20605 0.63281 -0.27344 0.65332 -0.25195 0.57812 -0.27246 0.63281 -0.27344 0.60645 -0.27832 0.65332 -0.25195 0.57812 -0.27246 0.54590 -0.24023 0.60645 -0.27832 0.57812 -0.27246 0.53027 -0.25293 0.54590 -0.24023 0.65332 -0.25195 0.53027 -0.25293 0.57812 -0.27246 0.64648 -0.14551 0.59668 -0.13281 0.63086 -0.13965 0.64648 -0.14551 0.59570 -0.17871 0.59668 -0.13281 0.59668 -0.13281 0.55078 -0.14355 0.55762 -0.14062 0.59668 -0.13281 0.59570 -0.17871 0.55078 -0.14355 0.59570 -0.26758 0.54590 -0.24023 0.56934 -0.22070 0.59570 -0.26758 0.60645 -0.27832 0.54590 -0.24023 0.62207 -0.22070 0.60645 -0.27832 0.59570 -0.26758 0.62207 -0.22070 0.63770 -0.23340 0.60645 -0.27832 0.06738 -0.78809 0.00293 -0.99609 0.00293 -0.78809 0.06738 -0.78809 0.06738 -0.99609 0.00293 -0.99609 0.12695 -0.78809 0.06738 -0.99609 0.06738 -0.78809 0.12695 -0.78809 0.12695 -0.99609 0.06738 -0.99609 0.07227 -0.99609 0.12695 -0.99609 0.12695 -0.78809 0.06934 -0.78809 0.07227 -0.99609 0.12695 -0.78809 0.06934 -0.78809 0.00293 -0.78809 0.07227 -0.99609 0.88379 -0.13574 0.96484 -0.24707 0.95312 -0.18262 0.88379 -0.13574 0.86621 -0.26758 0.96484 -0.24707 0.79980 -0.08496 0.86621 -0.26758 0.88379 -0.13574 0.79980 -0.08496 0.73535 -0.27832 0.86621 -0.26758 0.99023 -0.95020 0.86621 -0.26758 0.73535 -0.27832 0.99023 -0.95020 0.99219 -0.30273 0.86621 -0.26758 0.28809 -0.09082 0.44141 -0.00488 0.08789 -0.00879 0.28809 -0.09082 0.43848 -0.12109 0.44141 -0.00488 0.57324 -0.13477 0.62598 -0.20996 0.61328 -0.13379 0.57324 -0.13477 0.55859 -0.20996 0.62598 -0.20996 0.44141 -0.00488 0.49316 -0.07227 0.59766 -0.06152 0.44141 -0.00488 0.43848 -0.12109 0.49316 -0.07227 0.59375 -0.20410 0.56934 -0.20410 0.60449 -0.13867 0.52246 -0.15430 0.51758 -0.19434 0.51367 -0.16699 0.51562 -0.15723 0.53711 -0.19336 0.54102 -0.13770 0.55078 -0.14355 0.59668 -0.13281 0.55762 -0.14062 0.62207 -0.22070 0.59570 -0.26758 0.60645 -0.27832 0.66016 -0.15820 0.65723 -0.20117 0.67188 -0.17676 0.57031 -0.20508 0.59082 -0.20508 0.60742 -0.13672 0.67285 -0.14648 0.66699 -0.17090 0.66309 -0.13086 0.10352 -0.54297 0.03516 -0.54297 0.10352 -0.78223 0.01074 -0.78223 0.01074 -0.66504 0.05566 -0.78223 0.37695 -0.31836 0.80469 -0.54395 0.73730 -0.64355 0.56934 -0.20410 0.59375 -0.20410 0.60449 -0.13867 0.51758 -0.19434 0.52246 -0.15430 0.51367 -0.16699 0.53711 -0.19336 0.51562 -0.15723 0.54102 -0.13770 0.60645 -0.27832 0.63770 -0.23340 0.65332 -0.25195 0.00293 -0.78809 0.00293 -0.99609 0.07227 -0.99609 0.01172 -0.78223 0.01172 -0.54297 0.05664 -0.54297 0.65723 -0.20117 0.66016 -0.15820 0.67188 -0.17676 0.59082 -0.20508 0.57031 -0.20508 0.60742 -0.13672 0.66699 -0.17090 0.67285 -0.14648 0.66309 -0.13086 0.86621 -0.26758 0.99219 -0.30273 0.96484 -0.24707 0.37695 -0.31836 0.24805 -0.37695 0.26172 -0.29492 0.03516 -0.54297 0.10352 -0.54297 0.10352 -0.78223 0.07715 -0.54297 0.08984 -0.54297 0.10352 -0.78223</float_array>
     <technique_common>
      <accessor count="600" offset="0" source="#realb11-lib-texcoords-array" stride="2">
       <param name="U" type="float"/>
       <param name="V" type="float"/>
      </accessor>
     </technique_common>
    </source>
    <vertices id="realb11-lib-vertices">
     <input semantic="POSITION" source="#realb11-lib-positions"/>
    </vertices>
    <polylist count="200" material="mat3.png">
     <input offset="0" semantic="VERTEX" source="#realb11-lib-vertices"/>
     <input offset="1" semantic="NORMAL" source="#realb11-lib-normals"/>
     <input offset="2" semantic="TEXCOORD" source="#realb11-lib-texcoords"/>
     <vcount>3 3 3 3 3 3 3 3 3 3 3 3 3 3 3 3 3 3 3 3 3 3 3 3 3 3 3 3 3 3 3 3 3 3 3 3 3 3 3 3 3 3 3 3 3 3 3 3 3 3 3 3 3 3 3 3 3 3 3 3 3 3 3 3 3 3 3 3 3 3 3 3 3 3 3 3 3 3 3 3 3 3 3 3 3 3 3 3 3 3 3 3 3 3 3 3 3 3 3 3 3 3 3 3 3 3 3 3 3 3 3 3 3 3 3 3 3 3 3 3 3 3 3 3 3 3 3 3 3 3 3 3 3 3 3 3 3 3 3 3 3 3 3 3 3 3 3 3 3 3 3 3 3 3 3 3 3 3 3 3 3 3 3 3 3 3 3 3 3 3 3 3 3 3 3 3 3 3 3 3 3 3 3 3 3 3 3 3 3 3 3 3 3 3 3 3 3 3 3 3</vcount>
     <p>0 2 2 1 1 1 2 0 0 1 5 5 3 4 4 2 3 3 4 8 8 5 7 7 6 6 6 5 11 11 7 10 10 6 9 9 7 14 14 5 13 13 8 12 12 5 17 17 9 16 16 8 15 15 10 20 20 11 19 19 12 18 18 11 23 23 13 22 22 12 21 21 12 26 26 13 25 25 14 24 24 13 29 29 15 28 28 14 27 27 16 32 32 4 31 31 10 30 30 4 35 35 2 34 34 10 33 33 10 38 38 2 37 37 11 36 36 2 41 41 3 40 40 11 39 39 11 44 44 3 43 43 17 42 42 3 47 47 1 46 46 17 45 45 17 50 50 1 49 49 18 48 48 1 53 53 19 52 52 18 51 51 18 56 56 19 55 55 20 54 54 19 59 59 21 58 58 20 57 57 20 62 62 21 61 61 22 60 60 23 65 65 7 64 64 24 63 63 7 68 68 8 67 67 24 66 66 25 71 71 26 70 70 27 69 69 26 74 74 28 73 73 27 72 72 29 77 77 30 76 76 27 75 75 30 80 80 25 79 79 27 78 78 31 83 83 26 82 82 32 81 81 26 86 86 33 85 85 32 84 84 32 89 89 33 88 88 34 87 87 35 92 92 36 91 91 37 90 90 36 95 95 25 94 94 37 93 93 37 98 98 25 97 97 38 96 96 39 101 101 40 100 100 41 99 99 40 104 104 42 103 103 41 102 102 41 107 107 42 106 106 43 105 105 42 110 110 44 109 109 43 108 108 43 113 113 44 112 112 40 111 111 34 116 116 45 115 115 46 114 114 45 119 119 47 118 118 46 117 117 46 122 122 48 121 121 38 120 120 48 125 125 49 124 124 38 123 123 42 128 128 40 127 127 50 126 126 40 131 131 44 130 130 50 129 129 50 134 134 44 133 133 45 132 132 44 137 137 47 136 136 45 135 135 49 140 140 42 139 139 51 138 138 42 143 143 50 142 142 51 141 141 26 146 146 34 145 145 30 144 144 34 149 149 46 148 148 30 147 147 30 152 152 46 151 151 38 150 150 48 155 155 52 154 154 49 153 153 52 158 158 44 157 157 49 156 156 49 161 161 44 160 160 42 159 159 47 164 164 53 163 163 46 162 162 53 167 167 54 166 166 46 165 165 46 170 170 54 169 169 48 168 168 54 173 173 52 172 172 48 171 171 53 176 176 47 175 175 55 174 174 47 179 179 52 178 178 55 177 177 55 182 182 52 181 181 56 180 180 52 185 185 54 184 184 56 183 183 57 188 188 58 187 187 16 186 186 58 191 191 4 190 190 16 189 189 10 194 194 11 193 193 59 192 192 11 197 197 60 196 196 59 195 195 59 200 200 60 199 199 61 198 198 60 203 203 62 202 202 61 201 201 61 206 206 62 205 205 63 204 204 62 209 209 64 208 208 63 207 207 16 212 212 10 211 211 65 210 210 10 215 215 59 214 214 65 213 213 65 218 218 59 217 217 66 216 216 59 221 221 67 220 220 66 219 219 66 224 224 67 223 223 68 222 222 15 227 227 13 226 226 69 225 225 13 230 230 70 229 229 69 228 228 26 233 233 30 232 232 28 231 231 30 236 236 29 235 235 28 234 234 51 239 239 50 238 238 25 237 237 50 242 242 26 241 241 25 240 240 58 245 245 16 244 244 71 243 243 16 248 248 65 247 247 71 246 246 71 251 251 65 250 250 72 249 249 65 254 254 66 253 253 72 252 252 72 257 257 66 256 256 73 255 255 66 260 260 68 259 259 73 258 258 4 263 263 6 262 262 2 261 261 6 266 266 7 265 265 2 264 264 2 269 269 7 268 268 0 267 267 7 272 272 23 271 271 0 270 270 0 275 275 23 274 274 1 273 273 23 278 278 74 277 277 1 276 276 1 281 281 74 280 280 19 279 279 75 284 284 9 283 283 76 282 282 9 287 287 5 286 286 76 285 285 76 290 290 5 289 289 58 288 288 5 293 293 4 292 292 58 291 291 37 296 296 38 295 295 77 294 294 38 299 299 35 298 298 77 297 297 26 302 302 31 301 301 34 300 300 31 305 305 78 304 304 34 303 303 34 308 308 78 307 307 32 306 306 79 311 311 80 310 310 81 309 309 80 314 314 64 313 313 81 312 312 81 317 317 64 316 316 62 315 315 64 320 320 82 319 319 62 318 318 60 323 323 83 322 322 11 321 321 83 326 326 13 325 325 11 324 324 62 329 329 60 328 328 81 327 327 60 332 332 17 331 331 81 330 330 81 335 335 17 334 334 79 333 333 17 338 338 20 337 337 79 336 336 79 341 341 20 340 340 80 339 339 20 344 344 22 343 343 80 342 342 80 347 347 22 346 346 84 345 345 64 350 350 80 349 349 85 348 348 80 353 353 84 352 352 85 351 351 85 356 356 84 355 355 86 354 354 87 359 359 88 358 358 89 357 357 88 362 362 90 361 361 89 360 360 89 365 365 90 364 364 91 363 363 89 368 368 91 367 367 92 366 366 91 371 371 87 370 370 92 369 369 93 374 374 88 373 373 94 372 372 88 377 377 95 376 376 94 375 375 93 380 380 94 379 379 96 378 378 94 383 383 97 382 382 96 381 381 96 386 386 97 385 385 95 384 384 90 389 389 98 388 388 99 387 387 98 392 392 100 391 391 99 390 390 90 395 395 99 394 394 101 393 393 99 398 398 102 397 397 101 396 396 101 401 401 102 400 400 100 399 399 103 404 404 104 403 403 105 402 402 104 407 407 106 406 406 105 405 405 105 410 410 106 409 409 107 408 408 106 413 413 103 412 412 107 411 411 104 416 416 103 415 415 108 414 414 103 419 419 106 418 418 108 417 417 109 422 422 110 421 421 111 420 420 110 425 425 96 424 424 111 423 423 112 428 428 113 427 427 101 426 426 113 431 431 111 430 430 101 429 429 105 434 434 114 433 433 103 432 432 114 437 437 107 436 436 103 435 435 107 440 440 112 439 439 105 438 438 112 443 443 115 442 442 105 441 441 105 446 446 115 445 445 114 444 444 88 449 449 91 448 448 96 447 447 91 452 452 111 451 451 96 450 450 90 455 455 101 454 454 91 453 453 101 458 458 111 457 457 91 456 456 113 461 461 112 460 460 116 459 459 112 464 464 107 463 463 116 462 462 116 467 467 107 466 466 109 465 465 107 470 470 110 469 469 109 468 468 117 473 473 109 472 472 118 471 471 109 476 476 111 475 475 118 474 474 118 479 479 111 478 478 119 477 477 111 482 482 113 481 481 119 480 480 119 485 485 113 484 484 116 483 483 119 488 488 116 487 487 120 486 486 116 491 491 117 490 490 120 489 489 63 494 494 121 493 493 61 492 492 121 497 497 122 496 496 61 495 495 61 500 500 122 499 499 59 498 498 122 503 503 123 502 502 59 501 501 123 506 506 122 505 505 124 504 504 122 509 509 125 508 508 124 507 507 70 512 512 13 511 511 126 510 510 13 515 515 127 514 514 126 513 513 88 518 518 114 517 517 90 516 516 114 521 521 115 520 520 90 519 519 83 524 524 128 523 523 13 522 522 128 527 527 127 526 526 13 525 525 33 530 530 50 529 529 45 528 528 36 533 533 51 532 532 25 531 531 38 536 536 49 535 535 36 534 534 25 539 539 30 538 538 38 537 537 44 542 542 52 541 541 47 540 540 33 545 545 45 544 544 34 543 543 36 548 548 49 547 547 51 546 546 26 551 551 50 550 550 33 549 549 35 554 554 38 553 553 36 552 552 43 557 557 40 556 556 39 555 555 60 560 560 11 559 559 17 558 558 93 563 563 110 562 562 114 561 561 98 566 566 90 565 565 115 564 564 101 569 569 98 568 568 112 567 567 114 572 572 110 571 571 107 570 570 116 575 575 109 574 574 117 573 573 91 578 578 88 577 577 87 576 576 93 581 581 96 580 580 110 579 579 98 584 584 115 583 583 112 582 582 88 587 587 93 586 586 114 585 585 121 590 590 125 589 589 122 588 588 18 593 593 20 592 592 17 591 591 100 596 596 98 595 595 101 594 594 95 599 599 88 598 598 96 597 597</p>
    </polylist>
   </mesh>
  </geometry>
  <geometry id="realb11_1-lib" name="realb11_1">
   <mesh>
    <source id="realb11_1-lib-positions" name="position">
     <float_array id="realb11_1-lib-positions-array" count="66">25.89256 1.65413 4.83815 20.39618 2.93340 -1.07088 26.51555 -7.13635 0.43050 19.15784 15.16652 7.92777 5.11323 10.27043 0.00643 5.62838 2.75698 -5.10373 12.89125 -2.00460 -5.94263 1.15430 7.77110 -1.44183 11.03056 16.97032 4.92851 9.65012 15.93126 3.95443 -20.39618 2.93340 -1.07088 -25.89256 1.65413 4.83815 -26.51555 -7.13635 0.43050 -19.15784 15.16652 7.92777 -11.03056 16.97032 4.92851 -5.62838 2.75698 -5.10373 -5.11323 10.27043 0.00643 -13.42468 -1.85015 -5.62860 -1.15430 7.77110 -1.44183 -1.40332 3.96867 -4.70262 -9.65012 15.93126 3.95443 1.40332 3.96867 -4.70262</float_array>
     <technique_common>
      <accessor count="22" source="#realb11_1-lib-positions-array" stride="3">
       <param name="X" type="float"/>
       <param name="Y" type="float"/>
       <param name="Z" type="float"/>
      </accessor>
     </technique_common>
    </source>
    <source id="realb11_1-lib-normals" name="normal">
     <float_array id="realb11_1-lib-normals-array" count="162">0.71087 0.40798 -0.57290 0.50218 0.48662 -0.71486 0.72246 0.35014 -0.59620 0.71087 0.40798 -0.57290 0.47454 0.55225 -0.68544 0.50218 0.48662 -0.71486 0.09725 0.52565 -0.84513 0.18880 0.57892 -0.79322 0.21337 0.51545 -0.82993 0.09725 0.52565 -0.84513 -0.00581 0.58638 -0.81001 0.18880 0.57892 -0.79322 0.29249 0.53418 -0.79316 0.50218 0.48662 -0.71486 0.47454 0.55225 -0.68544 0.29249 0.53418 -0.79316 0.21337 0.51545 -0.82993 0.50218 0.48662 -0.71486 0.19228 0.50052 -0.84410 0.21337 0.51545 -0.82993 0.29249 0.53418 -0.79316 0.19228 0.50052 -0.84410 0.09725 0.52565 -0.84513 0.21337 0.51545 -0.82993 -0.49918 0.48607 -0.71733 -0.71087 0.40798 -0.57290 -0.72246 0.35014 -0.59620 -0.49918 0.48607 -0.71733 -0.47454 0.55225 -0.68544 -0.71087 0.40798 -0.57290 -0.29243 0.53260 -0.79425 -0.47454 0.55225 -0.68544 -0.49918 0.48607 -0.71733 -0.18856 0.57926 -0.79303 -0.10338 0.52386 -0.84551 -0.21249 0.51320 -0.83155 -0.18856 0.57926 -0.79303 0.00581 0.58638 -0.81001 -0.10338 0.52386 -0.84551 -0.11546 0.65096 -0.75028 0.00581 0.58638 -0.81001 -0.18856 0.57926 -0.79303 -0.21249 0.51320 -0.83155 -0.29243 0.53260 -0.79425 -0.49918 0.48607 -0.71733 -0.21249 0.51320 -0.83155 -0.19542 0.49710 -0.84540 -0.29243 0.53260 -0.79425 -0.10338 0.52386 -0.84551 -0.19542 0.49710 -0.84540 -0.21249 0.51320 -0.83155 -0.00581 0.58638 -0.81001 0.11546 0.65096 -0.75028 0.18880 0.57892 -0.79322</float_array>
     <technique_common>
      <accessor count="54" source="#realb11_1-lib-normals-array" stride="3">
       <param name="X" type="float"/>
       <param name="Y" type="float"/>
       <param name="Z" type="float"/>
      </accessor>
     </technique_common>
    </source>
    <source id="realb11_1-lib-texcoords">
     <float_array id="realb11_1-lib-texcoords-array" count="108">0.99609 -0.53711 0.74805 -0.68164 0.99609 -0.99609 0.99609 -0.53711 0.76660 -0.00781 0.74805 -0.68164 0.17432 -0.37402 0.25195 -0.70020 0.50000 -0.59961 0.17432 -0.37402 0.00391 -0.54297 0.25195 -0.70020 0.39355 -0.00928 0.74805 -0.68164 0.76660 -0.00781 0.39355 -0.00928 0.50000 -0.59961 0.74805 -0.68164 0.32227 -0.08447 0.50000 -0.59961 0.39355 -0.00928 0.32227 -0.08447 0.17432 -0.37402 0.50000 -0.59961 0.74805 -0.68164 0.99609 -0.53711 0.99609 -0.99609 0.74805 -0.68164 0.76660 -0.00781 0.99609 -0.53711 0.39355 -0.00928 0.76660 -0.00781 0.74805 -0.68164 0.25195 -0.70020 0.17432 -0.37402 0.50000 -0.59961 0.25195 -0.70020 0.00391 -0.54297 0.17432 -0.37402 0.00391 -0.80127 0.00391 -0.54297 0.25195 -0.70020 0.50000 -0.59961 0.39355 -0.00928 0.74805 -0.68164 0.50000 -0.59961 0.32227 -0.08447 0.39355 -0.00928 0.17432 -0.37402 0.32227 -0.08447 0.50000 -0.59961 0.00391 -0.54297 0.00391 -0.80127 0.25195 -0.70020</float_array>
     <technique_common>
      <accessor count="54" offset="0" source="#realb11_1-lib-texcoords-array" stride="2">
       <param name="U" type="float"/>
       <param name="V" type="float"/>
      </accessor>
     </technique_common>
    </source>
    <vertices id="realb11_1-lib-vertices">
     <input semantic="POSITION" source="#realb11_1-lib-positions"/>
    </vertices>
    <polylist count="18" material="mat2.png">
     <input offset="0" semantic="VERTEX" source="#realb11_1-lib-vertices"/>
     <input offset="1" semantic="NORMAL" source="#realb11_1-lib-normals"/>
     <input offset="2" semantic="TEXCOORD" source="#realb11_1-lib-texcoords"/>
     <vcount>3 3 3 3 3 3 3 3 3 3 3 3 3 3 3 3 3 3</vcount>
     <p>2 2 2 1 1 1 0 0 0 1 5 5 3 4 4 0 3 3 6 8 8 5 7 7 4 6 6 5 11 11 7 10 10 4 9 9 3 14 14 1 13 13 8 12 12 1 17 17 6 16 16 8 15 15 8 20 20 6 19 19 9 18 18 6 23 23 4 22 22 9 21 21 12 26 26 11 25 25 10 24 24 11 29 29 13 28 28 10 27 27 10 32 32 13 31 31 14 30 30 17 35 35 16 34 34 15 33 33 16 38 38 18 37 37 15 36 36 15 41 41 18 40 40 19 39 39 10 44 44 14 43 43 17 42 42 14 47 47 20 46 46 17 45 45 17 50 50 20 49 49 16 48 48 5 53 53 21 52 52 7 51 51</p>
    </polylist>
   </mesh>
  </geometry>
  <geometry id="realb11_2-lib" name="realb11_2">
   <mesh>
    <source id="realb11_2-lib-positions" name="position">
     <float_array id="realb11_2-lib-positions-array" count="528">-0.67969 5.56475 -0.92724 0.00000 3.64091 -0.76218 -0.72754 3.68004 -0.90321 0.00000 5.26835 -0.76675 -0.55566 7.20758 -0.54254 0.00000 6.60706 -0.42068 -1.84961 3.59863 -4.72070 -1.96387 4.00391 -4.76660 -2.04590 4.00796 -3.74368 -1.28223 1.52066 -5.17319 -0.94922 1.22467 -6.10703 0.00000 5.09766 -5.30273 -1.20019 4.77930 -5.13574 0.00000 1.02535 -6.46896 -1.14746 0.18865 -6.03516 0.00000 8.91671 3.64134 -0.67383 8.90919 2.13217 0.00000 9.44716 2.05786 -0.59961 8.54770 3.57780 0.00000 8.30924 4.37802 -0.47266 7.85435 2.03013 -0.56348 7.48616 3.03666 0.00000 1.03223 -2.22266 -0.53809 1.87500 -1.41699 0.00000 1.85254 -1.29590 -1.61626 2.51057 -1.79036 -1.14729 1.69378 -1.74142 -0.82422 0.10310 -5.42499 -0.84961 1.15527 -2.80371 -0.09277 6.09892 5.05070 -0.32910 6.57604 4.37659 -0.26074 6.68233 4.80045 -0.11719 6.03293 4.54106 0.00000 5.93300 5.02536 0.00000 5.86707 4.46424 0.11719 6.03293 4.54106 0.00000 6.64428 4.97319 0.00000 6.18808 5.25951 0.09277 6.09892 5.05070 -0.36621 7.27556 4.63632 0.00000 7.38016 4.84127 -0.58008 8.08862 4.15728 -0.08789 5.71524 3.63005 -0.08105 5.79539 3.31182 -0.11816 5.89805 3.59029 0.00000 5.67257 3.60749 -0.72949 7.27857 3.76713 -0.36719 6.71428 3.68956 -0.28125 6.59006 3.27997 -0.49219 7.00089 3.16445 -0.19727 6.31909 3.33815 -0.11523 5.86995 3.35748 0.00000 5.76621 3.33570 0.08105 5.79539 3.31182 0.08789 5.71524 3.63005 0.11816 5.89805 3.59029 0.00000 5.76935 3.37866 -0.06836 5.83583 3.34654 -0.05859 5.89283 3.40752 -0.11035 5.93286 3.43933 0.00000 5.95889 3.53233 0.00000 5.71706 3.59427 0.00000 7.90794 3.42430 0.00000 6.73413 3.59302 0.72949 7.27857 3.76713 -0.10645 5.86457 3.19446 0.00000 6.85581 4.55211 0.00000 6.07979 4.53925 -1.20019 0.34495 -1.89677 -1.31819 0.17522 -2.68462 -1.69933 -1.24133 -1.48127 -2.18319 2.61405 -4.50126 -2.54681 0.63533 -3.06763 -1.28413 1.06502 -4.17801 -1.98883 3.74845 -2.86303 -2.28747 -1.33181 -0.71223 -1.74102 -0.90725 -1.07246 -2.52646 -1.51509 -1.04131 -2.72659 -1.01367 -0.61805 -3.04736 -0.57057 -1.34390 -2.90278 -1.24912 -1.00687 -2.50314 -0.32351 -0.66705 -2.04515 1.15477 -1.18733 -2.68035 -1.19587 -1.97556 -2.86265 1.27884 -2.00571 -2.32900 3.09431 -2.77451 -1.69295 2.30843 -1.70262 0.00000 5.91152 3.36540 0.00000 6.35156 3.33058 0.05859 5.89283 3.40752 0.00000 -0.04053 -5.46795 0.00000 9.55482 0.14695 -0.80566 9.01095 0.20354 0.67383 8.90919 2.13217 0.59961 8.54770 3.57780 0.58008 8.08862 4.15728 -0.44336 6.93638 4.37351 -0.49609 6.79359 4.10233 -1.02344 7.26599 3.39816 -0.89258 7.49756 3.64839 -0.90234 7.62327 3.51134 -0.40137 7.39862 4.64856 -0.64258 8.22400 4.33691 -0.72949 9.08965 4.67482 -0.88867 8.37612 3.89413 -1.26856 10.88207 1.81382 -1.16602 11.30158 1.90371 -1.79394 12.21118 -0.17073 -0.86230 8.19717 3.79460 0.53809 1.87500 -1.41699 1.61626 2.51057 -1.79036 1.14729 1.69378 -1.74142 0.82422 0.10310 -5.42499 0.84961 1.15527 -2.80371 0.67969 5.56475 -0.92724 0.72754 3.68004 -0.90321 1.98883 3.74845 -2.86303 1.96387 4.00391 -4.76660 1.84961 3.59863 -4.72070 2.04590 4.00796 -3.74368 1.28223 1.52066 -5.17319 1.20019 4.77930 -5.13574 0.94922 1.22467 -6.10703 0.47266 7.85435 2.03013 0.56348 7.48616 3.03666 0.55566 7.20758 -0.54254 1.14746 0.18865 -6.03516 0.32910 6.57604 4.37659 0.26074 6.68233 4.80045 0.36621 7.27556 4.63632 0.11523 5.86995 3.35748 0.19727 6.31909 3.33815 0.36719 6.71428 3.68956 0.28125 6.59006 3.27997 0.49219 7.00089 3.16445 0.06836 5.83583 3.34654 0.10645 5.86457 3.19446 0.11035 5.93286 3.43933 1.31819 0.17522 -2.68462 2.18319 2.61405 -4.50126 1.28413 1.06502 -4.17801 2.54681 0.63533 -3.06763 1.20019 0.34495 -1.89677 1.69933 -1.24133 -1.48127 1.74102 -0.90725 -1.07246 2.52646 -1.51509 -1.04131 2.28747 -1.33181 -0.71223 2.32900 3.09431 -2.77451 2.68035 -1.19587 -1.97556 3.04736 -0.57005 -1.34308 2.90278 -1.24912 -1.00687 2.72659 -1.01367 -0.61805 2.50314 -0.32351 -0.66705 2.04515 1.15477 -1.18733 2.86265 1.27884 -2.00571 1.69295 2.30843 -1.70262 0.44336 6.93638 4.37351 0.49609 6.79359 4.10233 1.02344 7.26599 3.39816 0.89258 7.49756 3.64839 0.90234 7.62327 3.51134 0.40137 7.39862 4.64856 1.26856 10.88289 1.81436 1.16602 11.30158 1.90371 1.79394 12.21118 -0.17073 0.72949 9.08965 4.67482 0.88867 8.37612 3.89413 0.64258 8.22400 4.33691 0.86230 8.19717 3.79460 -1.10644 7.46076 3.18849 -1.30078 7.91670 2.63503 -1.24121 8.36780 2.90388 0.80566 9.01095 0.20354 1.10644 7.46076 3.18849 1.30078 7.91670 2.63503 1.24121 8.36780 2.90388</float_array>
     <technique_common>
      <accessor count="176" source="#realb11_2-lib-positions-array" stride="3">
       <param name="X" type="float"/>
       <param name="Y" type="float"/>
       <param name="Z" type="float"/>
      </accessor>
     </technique_common>
    </source>
    <source id="realb11_2-lib-normals" name="normal">
     <float_array id="realb11_2-lib-normals-array" count="2424">-0.27199 -0.11634 0.95524 0.00000 -0.14295 0.98973 -0.36732 -0.10027 0.92467 -0.27199 -0.11634 0.95524 0.00000 -0.08028 0.99677 0.00000 -0.14295 0.98973 -0.38281 -0.21361 0.89879 0.00000 -0.08028 0.99677 -0.27199 -0.11634 0.95524 -0.38281 -0.21361 0.89879 0.00000 -0.25029 0.96817 0.00000 -0.08028 0.99677 -0.97700 -0.11240 -0.18121 -0.95892 -0.27718 -0.06036 -0.99773 0.05813 -0.03411 -0.97700 -0.11240 -0.18121 -0.95437 -0.21137 -0.21097 -0.95892 -0.27718 -0.06036 -0.72944 0.18691 -0.65802 0.00000 0.25478 -0.96700 -0.36058 0.16736 -0.91759 -0.72944 0.18691 -0.65802 0.00000 0.27531 -0.96135 0.00000 0.25478 -0.96700 -0.45283 0.02164 -0.89134 -0.36058 0.16736 -0.91759 -0.45283 0.02164 -0.89134 -0.95437 -0.21137 -0.21097 -0.72944 0.18691 -0.65802 -0.36058 0.16736 -0.91759 -0.97323 -0.18591 0.13513 -0.72944 0.18691 -0.65802 -0.95437 -0.21137 -0.21097 -0.52355 0.75915 0.38676 -0.58760 0.79277 0.16199 -0.60874 0.78142 0.13717 -0.52355 0.75915 0.38676 -0.63176 0.67514 0.38089 -0.58760 0.79277 0.16199 -0.00000 0.62857 0.77775 -0.63176 0.67514 0.38089 -0.52355 0.75915 0.38676 -0.99391 -0.10460 -0.03467 -0.99487 -0.03866 -0.09344 -0.98414 -0.02810 -0.17517 -0.99391 -0.10460 -0.03467 -0.98223 -0.18766 0.00350 -0.99487 -0.03866 -0.09344 0.00000 -0.90425 0.42701 -0.39724 -0.56909 0.71995 0.00000 -0.52629 0.85031 0.00000 -0.90425 0.42701 -0.70308 -0.14345 0.69649 -0.39724 -0.56909 0.71995 0.59875 0.18825 0.77850 0.40736 0.28587 0.86737 0.52634 0.34868 0.77549 -0.95437 -0.21137 -0.21097 -0.67989 -0.65158 0.33645 -0.97323 -0.18591 0.13513 -0.95437 -0.21137 -0.21097 -0.46201 -0.82521 0.32491 -0.67989 -0.65158 0.33645 -0.90058 -0.30452 0.31018 -0.94083 -0.23405 0.24507 -0.86629 -0.04997 0.49704 -0.90058 -0.30452 0.31018 -0.87781 -0.47173 0.08316 -0.94083 -0.23405 0.24507 -0.82482 -0.51779 0.22710 -0.87781 -0.47173 0.08316 -0.90058 -0.30452 0.31018 -0.82482 -0.51779 0.22710 -0.79909 -0.59711 0.07015 -0.87781 -0.47173 0.08316 0.87781 -0.47173 0.08316 0.79909 -0.59711 0.07015 0.82482 -0.51779 0.22710 -0.58954 0.18524 0.78621 -0.51933 0.20622 0.82932 -0.86629 -0.04997 0.49704 -0.58954 0.18524 0.78621 -0.91546 0.01048 0.40227 -0.90058 -0.30452 0.31018 0.89195 -0.26831 0.36392 0.91546 0.01048 0.40227 0.58954 0.18524 0.78621 0.89195 -0.26831 0.36392 0.82482 -0.51779 0.22710 0.91546 0.01048 0.40227 -0.76704 0.08177 0.63636 -0.58954 0.18524 0.78621 -0.86629 -0.04997 0.49704 -0.76704 0.08177 0.63636 -0.18318 0.33209 0.92529 -0.58954 0.18524 0.78621 -0.78467 0.35215 0.51018 -0.18318 0.33209 0.92529 -0.76704 0.08177 0.63636 -0.78467 0.35215 0.51018 -0.00000 0.62857 0.77775 -0.18318 0.33209 0.92529 -0.76892 -0.61587 -0.17164 -0.80576 -0.58043 -0.11772 -0.97518 -0.21572 -0.04981 -0.76892 -0.61587 -0.17164 0.00000 -0.96370 -0.26699 -0.80576 -0.58043 -0.11772 -0.99487 -0.03866 -0.09344 -0.98943 -0.13178 0.06052 -0.98414 -0.02810 -0.17517 -0.63176 0.67514 0.38089 -0.78467 0.35215 0.51018 -0.98943 -0.13178 0.06052 -0.00000 0.62857 0.77775 -0.78467 0.35215 0.51018 -0.63176 0.67514 0.38089 -0.89788 -0.43071 -0.09107 -0.91938 -0.38600 -0.07583 -0.90910 -0.38539 -0.15813 -0.89788 -0.43071 -0.09107 -0.95583 -0.26989 -0.11639 -0.91938 -0.38600 -0.07583 -0.97518 -0.21572 -0.04981 -0.95583 -0.26989 -0.11639 -0.89788 -0.43071 -0.09107 -0.97518 -0.21572 -0.04981 -0.98375 -0.17917 -0.01123 -0.95583 -0.26989 -0.11639 -0.80576 -0.58043 -0.11772 -0.98375 -0.17917 -0.01123 -0.97518 -0.21572 -0.04981 0.00000 -0.96370 -0.26699 -0.00000 -0.94545 -0.32576 -0.80576 -0.58043 -0.11772 0.00000 -0.96370 -0.26699 0.75391 -0.64496 -0.12509 -0.00000 -0.94545 -0.32576 0.76892 -0.61587 -0.17164 0.75391 -0.64496 -0.12509 0.00000 -0.96370 -0.26699 0.76892 -0.61587 -0.17164 0.97518 -0.21572 -0.04981 0.98204 -0.17690 -0.06565 0.58849 0.70512 -0.39558 0.88083 0.21589 -0.42134 -0.00000 0.99735 -0.07282 0.58849 0.70512 -0.39558 0.80153 0.40920 -0.43602 0.88083 0.21589 -0.42134 0.29221 0.67487 -0.67761 0.80153 0.40920 -0.43602 0.58849 0.70512 -0.39558 0.29221 0.67487 -0.67761 0.89218 0.35302 -0.28176 0.80153 0.40920 -0.43602 -0.00000 0.09133 0.99582 -0.00000 0.26513 0.96421 0.35120 0.24411 0.90392 -0.00000 0.09133 0.99582 -0.35120 0.24411 0.90392 -0.00000 0.26513 0.96421 -0.36997 0.15428 0.91614 -0.35120 0.24411 0.90392 -0.00000 0.09133 0.99582 0.36997 0.15428 0.91614 -0.00000 0.09133 0.99582 0.35120 0.24411 0.90392 0.36997 0.15428 0.91614 0.26367 -0.00614 0.96459 -0.00000 0.09133 0.99582 0.00000 0.14227 0.98983 -0.00000 0.01182 0.99993 0.30893 0.11188 0.94448 0.00000 0.14227 0.98983 -0.30893 0.11188 0.94448 -0.00000 0.01182 0.99993 -0.96727 -0.24991 -0.04391 -0.98375 -0.17917 -0.01123 -0.80576 -0.58043 -0.11772 -0.96727 -0.24991 -0.04391 -0.98662 0.15229 -0.05821 -0.98375 -0.17917 -0.01123 0.80153 0.40920 -0.43602 0.94338 0.27592 -0.18411 0.88083 0.21589 -0.42134 0.80153 0.40920 -0.43602 0.89218 0.35302 -0.28176 0.94338 0.27592 -0.18411 0.54435 -0.32567 -0.77306 0.00000 -0.63878 -0.76939 0.14695 -0.59907 -0.78710 0.54435 -0.32567 -0.77306 0.62107 -0.36107 -0.69563 0.00000 -0.63878 -0.76939 0.17420 -0.01158 -0.98464 0.62107 -0.36107 -0.69563 0.54435 -0.32567 -0.77306 0.17420 -0.01158 -0.98464 -0.00000 0.01658 -0.99986 0.62107 -0.36107 -0.69563 0.91967 -0.16886 0.35452 0.90943 -0.40158 -0.10801 0.34716 -0.73065 -0.58791 0.91967 -0.16886 0.35452 0.93931 -0.34184 -0.02908 0.90943 -0.40158 -0.10801 0.59875 0.18825 0.77850 0.93931 -0.34184 -0.02908 0.91967 -0.16886 0.35452 -0.12315 -0.64968 -0.75017 -0.86297 -0.04878 -0.50290 0.06946 -0.59662 -0.79951 -0.12315 -0.64968 -0.75017 -0.79569 -0.52490 -0.30225 -0.86297 -0.04878 -0.50290 -0.95437 -0.21137 -0.21097 -0.86297 -0.04878 -0.50290 -0.79569 -0.52490 -0.30225 -0.95437 -0.21137 -0.21097 -0.97700 -0.11240 -0.18121 -0.86297 -0.04878 -0.50290 0.83864 -0.49241 -0.23282 0.93931 -0.34184 -0.02908 0.83174 -0.50537 -0.22979 0.83864 -0.49241 -0.23282 0.90943 -0.40158 -0.10801 0.93931 -0.34184 -0.02908 -0.99773 0.05813 -0.03411 -0.86297 -0.04878 -0.50290 -0.97700 -0.11240 -0.18121 -0.99773 0.05813 -0.03411 -0.90991 0.31642 0.26822 -0.86297 -0.04878 -0.50290 0.61192 -0.79091 -0.00390 0.78738 -0.48793 0.37676 0.41040 -0.91105 -0.03948 0.38047 0.26266 0.88671 0.41274 0.05874 0.90895 0.53649 0.10713 0.83708 -0.91021 -0.27618 -0.30861 -0.40674 -0.47443 -0.78069 -0.77204 -0.53547 -0.34238 -0.79689 0.28463 0.53287 -0.86179 0.16300 0.48036 -0.91272 0.00842 0.40850 -0.78625 0.36400 0.49932 -0.86179 0.16300 0.48036 -0.79689 0.28463 0.53287 0.49403 0.04186 0.86844 0.53649 0.10713 0.83708 0.41274 0.05874 0.90895 0.57660 0.07938 0.81316 0.53649 0.10713 0.83708 0.49403 0.04186 0.86844 0.34716 -0.73065 -0.58791 0.06946 -0.59662 -0.79951 0.30255 -0.68436 -0.66342 0.34716 -0.73065 -0.58791 -0.12315 -0.64968 -0.75017 0.06946 -0.59662 -0.79951 -0.95610 -0.03460 -0.29099 -0.91021 -0.27618 -0.30861 -0.92156 -0.32242 -0.21628 -0.95610 -0.03460 -0.29099 -0.96721 0.03879 -0.25099 -0.91021 -0.27618 -0.30861 -0.96721 0.03879 -0.25099 -0.86297 -0.04878 -0.50290 -0.87316 0.42114 0.24541 -0.96721 0.03879 -0.25099 -0.95610 -0.03460 -0.29099 -0.86297 -0.04878 -0.50290 -0.79689 0.28463 0.53287 -0.64267 0.39690 0.65532 -0.78625 0.36400 0.49932 -0.79689 0.28463 0.53287 -0.61894 0.39599 0.67831 -0.64267 0.39690 0.65532 -0.64267 0.39690 0.65532 -0.87316 0.42114 0.24541 -0.11786 0.42793 0.89610 -0.64267 0.39690 0.65532 -0.61894 0.39599 0.67831 -0.87316 0.42114 0.24541 -0.00000 0.26513 0.96421 0.00000 0.28480 0.95859 0.35120 0.24411 0.90392 -0.00000 0.26513 0.96421 -0.35120 0.24411 0.90392 0.00000 0.28480 0.95859 -0.54747 0.48329 0.68316 -0.87316 0.42114 0.24541 -0.90991 0.31642 0.26822 -0.54747 0.48329 0.68316 -0.11786 0.42793 0.89610 -0.87316 0.42114 0.24541 0.59875 0.18825 0.77850 -0.11786 0.42793 0.89610 0.40736 0.28587 0.86737 0.59875 0.18825 0.77850 0.57660 0.07938 0.81316 -0.11786 0.42793 0.89610 0.91967 -0.16886 0.35452 0.57660 0.07938 0.81316 0.59875 0.18825 0.77850 0.91967 -0.16886 0.35452 0.53649 0.10713 0.83708 0.57660 0.07938 0.81316 0.75568 -0.46727 0.45891 0.78738 -0.48793 0.37676 0.91967 -0.16886 0.35452 0.75568 -0.46727 0.45891 0.41040 -0.91105 -0.03948 0.78738 -0.48793 0.37676 0.30255 -0.68436 -0.66342 0.41040 -0.91105 -0.03948 0.34716 -0.73065 -0.58791 -0.92156 -0.32242 -0.21628 -0.91021 -0.27618 -0.30861 -0.77204 -0.53547 -0.34238 -0.56873 -0.06487 -0.81997 -0.56873 -0.06487 -0.81997 -0.56873 -0.06487 -0.81997 0.56873 -0.06487 -0.81997 0.00000 -0.90425 0.42701 -0.46201 -0.82521 0.32491 -0.35856 -0.86931 0.34020 0.00000 -0.90425 0.42701 -0.67989 -0.65158 0.33645 -0.46201 -0.82521 0.32491 0.00000 -0.94947 0.31385 -0.67989 -0.65158 0.33645 0.00000 -0.90425 0.42701 -0.98943 -0.13178 0.06052 -0.90910 -0.38539 -0.15813 -0.98414 -0.02810 -0.17517 -0.98943 -0.13178 0.06052 -0.89788 -0.43071 -0.09107 -0.90910 -0.38539 -0.15813 -0.57224 0.81697 0.07146 -0.58760 0.79277 0.16199 -0.55370 0.82871 0.08157 -0.57224 0.81697 0.07146 -0.60874 0.78142 0.13717 -0.58760 0.79277 0.16199 0.58760 0.79277 0.16199 0.60874 0.78142 0.13717 0.57224 0.81697 0.07146 0.58760 0.79277 0.16199 0.52355 0.75915 0.38676 0.60874 0.78142 0.13717 0.71712 0.62175 0.31491 0.52355 0.75915 0.38676 0.58760 0.79277 0.16199 0.71712 0.62175 0.31491 -0.00000 0.62857 0.77775 0.52355 0.75915 0.38676 0.78467 0.35215 0.51018 -0.00000 0.62857 0.77775 0.71712 0.62175 0.31491 -0.94083 -0.23405 0.24507 -0.90993 -0.22099 0.35097 -0.86629 -0.04997 0.49704 -0.94083 -0.23405 0.24507 -0.86564 -0.35355 0.35450 -0.90993 -0.22099 0.35097 -0.89152 0.05318 0.44985 -0.90993 -0.22099 0.35097 -0.86564 -0.35355 0.35450 -0.89152 0.05318 0.44985 -0.93261 0.01215 0.36068 -0.90993 -0.22099 0.35097 -0.95383 0.07382 0.29112 -0.93261 0.01215 0.36068 -0.89152 0.05318 0.44985 -0.90647 -0.13018 0.40169 -0.93261 0.01215 0.36068 -0.89782 -0.16966 0.40638 -0.90647 -0.13018 0.40169 -0.90993 -0.22099 0.35097 -0.93261 0.01215 0.36068 -0.86629 -0.04997 0.49704 -0.90993 -0.22099 0.35097 -0.90647 -0.13018 0.40169 -0.96487 -0.05006 0.25793 -0.92837 -0.19087 0.31889 -0.94253 0.14880 0.29918 -0.96487 -0.05006 0.25793 -0.89782 -0.16966 0.40638 -0.92837 -0.19087 0.31889 -0.93340 0.15924 0.32157 -0.94253 0.14880 0.29918 -0.92556 0.15192 0.34678 -0.93340 0.15924 0.32157 -0.96487 -0.05006 0.25793 -0.94253 0.14880 0.29918 -0.92340 -0.13260 0.36022 -0.93261 0.01215 0.36068 -0.95383 0.07382 0.29112 -0.92340 -0.13260 0.36022 -0.89782 -0.16966 0.40638 -0.93261 0.01215 0.36068 -0.36732 -0.10027 0.92467 -0.70308 -0.14345 0.69649 -0.90991 0.31642 0.26822 -0.36732 -0.10027 0.92467 -0.39724 -0.56909 0.71995 -0.70308 -0.14345 0.69649 0.00000 -0.14295 0.98973 -0.39724 -0.56909 0.71995 -0.36732 -0.10027 0.92467 0.00000 -0.14295 0.98973 0.00000 -0.52629 0.85031 -0.39724 -0.56909 0.71995 0.39724 -0.56909 0.71995 0.00000 -0.52629 0.85031 0.00000 -0.14295 0.98973 0.39724 -0.56909 0.71995 0.00000 -0.90425 0.42701 0.00000 -0.52629 0.85031 0.66830 0.14729 0.72916 0.00000 -0.90425 0.42701 0.39724 -0.56909 0.71995 -0.40736 0.28587 0.86737 -0.59875 0.18825 0.77850 -0.52634 0.34868 0.77549 0.00000 -0.90425 0.42701 0.67989 -0.65158 0.33645 0.00000 -0.94947 0.31385 0.00000 -0.90425 0.42701 0.46201 -0.82521 0.32491 0.67989 -0.65158 0.33645 0.35856 -0.86931 0.34020 0.46201 -0.82521 0.32491 0.00000 -0.90425 0.42701 0.27199 -0.11634 0.95524 0.00000 -0.14295 0.98973 0.00000 -0.08028 0.99677 0.27199 -0.11634 0.95524 0.36732 -0.10027 0.92467 0.00000 -0.14295 0.98973 0.36732 -0.10027 0.92467 0.39724 -0.56909 0.71995 0.00000 -0.14295 0.98973 0.36732 -0.10027 0.92467 0.66830 0.14729 0.72916 0.39724 -0.56909 0.71995 0.90991 0.31642 0.26822 0.66830 0.14729 0.72916 0.36732 -0.10027 0.92467 0.95892 -0.27718 -0.06036 0.97700 -0.11240 -0.18121 0.99773 0.05813 -0.03411 0.95892 -0.27718 -0.06036 0.95437 -0.21137 -0.21097 0.97700 -0.11240 -0.18121 0.36058 0.16736 -0.91759 0.45283 0.02164 -0.89134 0.45283 0.02164 -0.89134 0.36058 0.16736 -0.91759 0.72944 0.18691 -0.65802 0.95437 -0.21137 -0.21097 0.00000 0.25478 -0.96700 0.72944 0.18691 -0.65802 0.36058 0.16736 -0.91759 0.00000 0.25478 -0.96700 0.00000 0.27531 -0.96135 0.72944 0.18691 -0.65802 0.99391 -0.10460 -0.03467 0.99514 -0.08924 -0.04165 0.98223 -0.18766 0.00350 0.99391 -0.10460 -0.03467 0.98414 -0.02810 -0.17517 0.99514 -0.08924 -0.04165 0.38281 -0.21361 0.89879 0.00000 -0.08028 0.99677 0.00000 -0.25029 0.96817 0.38281 -0.21361 0.89879 0.27199 -0.11634 0.95524 0.00000 -0.08028 0.99677 0.95437 -0.21137 -0.21097 0.67989 -0.65158 0.33645 0.46201 -0.82521 0.32491 0.95437 -0.21137 -0.21097 0.97323 -0.18591 0.13513 0.67989 -0.65158 0.33645 0.94083 -0.23405 0.24507 0.89195 -0.26831 0.36392 0.86629 -0.04997 0.49704 0.94083 -0.23405 0.24507 0.87781 -0.47173 0.08316 0.89195 -0.26831 0.36392 0.58954 0.18524 0.78621 0.76704 0.08177 0.63636 0.86629 -0.04997 0.49704 0.58954 0.18524 0.78621 0.51530 0.15123 0.84356 0.76704 0.08177 0.63636 0.97518 -0.21572 -0.04981 0.98375 -0.17917 -0.01123 0.75391 -0.64496 -0.12509 0.97518 -0.21572 -0.04981 0.95583 -0.26989 -0.11639 0.98375 -0.17917 -0.01123 0.89788 -0.43071 -0.09107 0.95583 -0.26989 -0.11639 0.97518 -0.21572 -0.04981 0.89788 -0.43071 -0.09107 0.91938 -0.38600 -0.07583 0.95583 -0.26989 -0.11639 0.90910 -0.38539 -0.15813 0.91938 -0.38600 -0.07583 0.89788 -0.43071 -0.09107 0.71712 0.62175 0.31491 0.98943 -0.13178 0.06052 0.78467 0.35215 0.51018 0.71712 0.62175 0.31491 0.98414 -0.02810 -0.17517 0.98943 -0.13178 0.06052 0.78467 0.35215 0.51018 -0.18318 0.33209 0.92529 -0.00000 0.62857 0.77775 0.78467 0.35215 0.51018 0.76704 0.08177 0.63636 -0.18318 0.33209 0.92529 0.98943 -0.13178 0.06052 0.90910 -0.38539 -0.15813 0.89788 -0.43071 -0.09107 0.98943 -0.13178 0.06052 0.98414 -0.02810 -0.17517 0.90910 -0.38539 -0.15813 -0.88083 0.21589 -0.42134 -0.58849 0.70512 -0.39558 -0.00000 0.99735 -0.07282 -0.88083 0.21589 -0.42134 -0.80153 0.40920 -0.43602 -0.58849 0.70512 -0.39558 -0.94338 0.27592 -0.18411 -0.80153 0.40920 -0.43602 -0.88083 0.21589 -0.42134 -0.94338 0.27592 -0.18411 -0.89218 0.35302 -0.28176 -0.80153 0.40920 -0.43602 -0.00000 0.09133 0.99582 -0.26367 -0.00614 0.96459 -0.36997 0.15428 0.91614 -0.00000 0.09133 0.99582 -0.00000 0.01182 0.99993 -0.26367 -0.00614 0.96459 0.26367 -0.00614 0.96459 -0.00000 0.01182 0.99993 -0.00000 0.09133 0.99582 0.26367 -0.00614 0.96459 0.30893 0.11188 0.94448 -0.00000 0.01182 0.99993 -0.80153 0.40920 -0.43602 -0.29221 0.67487 -0.67761 -0.58849 0.70512 -0.39558 -0.80153 0.40920 -0.43602 -0.89218 0.35302 -0.28176 -0.29221 0.67487 -0.67761 0.98375 -0.17917 -0.01123 0.96727 -0.24991 -0.04391 0.75391 -0.64496 -0.12509 0.98375 -0.17917 -0.01123 0.98662 0.15229 -0.05821 0.96727 -0.24991 -0.04391 0.00000 -0.63878 -0.76939 -0.54435 -0.32567 -0.77306 -0.14695 -0.59907 -0.78710 0.00000 -0.63878 -0.76939 -0.66937 -0.39111 -0.63165 -0.54435 -0.32567 -0.77306 -0.17420 -0.01158 -0.98464 0.62107 -0.36107 -0.69563 -0.00000 0.01658 -0.99986 -0.17420 -0.01158 -0.98464 -0.54435 -0.32567 -0.77306 -0.66937 -0.39111 -0.63165 0.12315 -0.64968 -0.75017 0.86297 -0.04878 -0.50290 0.79569 -0.52490 -0.30225 0.12315 -0.64968 -0.75017 -0.06946 -0.59662 -0.79951 0.86297 -0.04878 -0.50290 0.86297 -0.04878 -0.50290 0.95437 -0.21137 -0.21097 0.79569 -0.52490 -0.30225 0.86297 -0.04878 -0.50290 0.97700 -0.11240 -0.18121 0.95437 -0.21137 -0.21097 0.99773 0.05813 -0.03411 0.97700 -0.11240 -0.18121 0.86297 -0.04878 -0.50290 -0.93931 -0.34184 -0.02908 -0.83864 -0.49241 -0.23282 -0.83174 -0.50537 -0.22979 -0.93931 -0.34184 -0.02908 -0.90943 -0.40158 -0.10801 -0.83864 -0.49241 -0.23282 -0.91967 -0.16886 0.35452 -0.90943 -0.40158 -0.10801 -0.93931 -0.34184 -0.02908 -0.91967 -0.16886 0.35452 -0.80400 -0.45402 0.38400 -0.90943 -0.40158 -0.10801 -0.74792 -0.27260 0.60523 -0.80400 -0.45402 0.38400 -0.91967 -0.16886 0.35452 -0.74792 -0.27260 0.60523 -0.41040 -0.91105 -0.03948 -0.80400 -0.45402 0.38400 -0.61192 -0.79091 -0.00390 -0.41040 -0.91105 -0.03948 -0.74792 -0.27260 0.60523 0.86297 -0.04878 -0.50290 0.90991 0.31642 0.26822 0.99773 0.05813 -0.03411 0.86297 -0.04878 -0.50290 0.87316 0.42114 0.24541 0.90991 0.31642 0.26822 -0.41040 -0.91105 -0.03948 -0.30255 -0.68436 -0.66342 -0.20292 -0.74572 -0.63460 0.77228 -0.53504 -0.34252 0.99354 -0.00639 0.11329 0.92170 -0.32215 -0.21608 0.40613 -0.47344 -0.78161 0.99354 -0.00639 0.11329 0.77228 -0.53504 -0.34252 0.91264 0.00803 0.40869 0.86164 0.16267 0.48075 0.99354 -0.00639 0.11329 -0.38047 0.26266 0.88671 -0.41274 0.05874 0.90895 -0.38047 0.26266 0.88671 -0.74792 -0.27260 0.60523 -0.49403 0.04186 0.86844 -0.41274 0.05874 0.90895 -0.57660 0.07938 0.81316 -0.49403 0.04186 0.86844 -0.74792 -0.27260 0.60523 0.64253 0.39704 0.65537 0.99354 -0.00639 0.11329 0.78587 0.36401 0.49990 0.85059 0.32478 0.41355 0.99354 -0.00639 0.11329 0.64253 0.39704 0.65537 0.95936 -0.00527 -0.28214 0.95612 -0.03463 -0.29094 0.99354 -0.00639 0.11329 -0.20292 -0.74572 -0.63460 -0.06946 -0.59662 -0.79951 0.12315 -0.64968 -0.75017 -0.20292 -0.74572 -0.63460 -0.30255 -0.68436 -0.66342 -0.06946 -0.59662 -0.79951 0.86297 -0.04878 -0.50290 0.85059 0.32478 0.41355 0.87316 0.42114 0.24541 0.86297 -0.04878 -0.50290 0.95612 -0.03463 -0.29094 0.85059 0.32478 0.41355 -0.91967 -0.16886 0.35452 -0.57660 0.07938 0.81316 -0.74792 -0.27260 0.60523 -0.91967 -0.16886 0.35452 -0.59875 0.18825 0.77850 -0.57660 0.07938 0.81316 -0.93931 -0.34184 -0.02908 -0.59875 0.18825 0.77850 -0.91967 -0.16886 0.35452 0.87316 0.42114 0.24541 0.66830 0.14729 0.72916 0.90991 0.31642 0.26822 0.87316 0.42114 0.24541 0.11786 0.42793 0.89610 0.66830 0.14729 0.72916 0.64253 0.39704 0.65537 0.11786 0.42793 0.89610 0.87316 0.42114 0.24541 -0.57660 0.07938 0.81316 -0.59875 0.18825 0.77850 0.11786 0.42793 0.89610 0.90993 -0.22099 0.35097 0.94083 -0.23405 0.24507 0.86629 -0.04997 0.49704 0.90993 -0.22099 0.35097 0.86564 -0.35355 0.35450 0.94083 -0.23405 0.24507 0.89152 0.05318 0.44985 0.86564 -0.35355 0.35450 0.90993 -0.22099 0.35097 0.93261 0.01215 0.36068 0.89152 0.05318 0.44985 0.90993 -0.22099 0.35097 0.93261 0.01215 0.36068 0.95383 0.07382 0.29112 0.89152 0.05318 0.44985 0.90993 -0.22099 0.35097 0.90647 -0.13018 0.40169 0.93261 0.01215 0.36068 0.90993 -0.22099 0.35097 0.86629 -0.04997 0.49704 0.90647 -0.13018 0.40169 0.94234 0.14934 0.29948 0.93319 0.15985 0.32189 0.92537 0.15257 0.34701 0.94234 0.14934 0.29948 0.96486 -0.05006 0.25796 0.93319 0.15985 0.32189 0.92836 -0.19089 0.31891 0.96486 -0.05006 0.25796 0.94234 0.14934 0.29948 0.92836 -0.19089 0.31891 0.89782 -0.16966 0.40638 0.96486 -0.05006 0.25796 0.93261 0.01215 0.36068 0.92340 -0.13260 0.36022 0.95383 0.07382 0.29112 0.93261 0.01215 0.36068 0.89782 -0.16966 0.40638 0.92340 -0.13260 0.36022 0.90647 -0.13018 0.40169 0.89782 -0.16966 0.40638 0.93261 0.01215 0.36068 0.96769 0.16867 -0.18740 0.96769 0.16867 -0.18740 0.89218 0.35302 -0.28176 -0.86297 -0.04878 -0.50290 -0.90991 0.31642 0.26822 -0.87316 0.42114 0.24541 -0.90058 -0.30452 0.31018 -0.91546 0.01048 0.40227 -0.82482 -0.51779 0.22710 -0.78467 0.35215 0.51018 -0.76704 0.08177 0.63636 -0.98943 -0.13178 0.06052 -0.76704 0.08177 0.63636 -0.86629 -0.04997 0.49704 -0.94083 -0.23405 0.24507 -0.94083 -0.23405 0.24507 -0.98943 -0.13178 0.06052 -0.76704 0.08177 0.63636 -0.95383 0.07382 0.29112 -0.86934 0.16973 0.46415 -0.87003 0.18425 0.45728 -0.92340 -0.13260 0.36022 -0.95383 0.07382 0.29112 -0.92171 -0.11806 0.36947 -0.89152 0.05318 0.44985 -0.86934 0.16973 0.46415 -0.95383 0.07382 0.29112 -0.92837 -0.19087 0.31889 -0.89782 -0.16966 0.40638 -0.92340 -0.13260 0.36022 0.58954 0.18524 0.78621 0.86629 -0.04997 0.49704 0.89195 -0.26831 0.36392 -0.30893 0.11188 0.94448 -0.26367 -0.00614 0.96459 -0.00000 0.01182 0.99993 -0.96769 0.16867 -0.18740 -0.96769 0.16867 -0.18740 -0.89218 0.35302 -0.28176 -0.40736 0.28587 0.86737 0.11786 0.42793 0.89610 -0.59875 0.18825 0.77850 0.86164 0.16267 0.48075 0.78587 0.36401 0.49990 0.99354 -0.00639 0.11329 0.95612 -0.03463 -0.29094 0.92170 -0.32215 -0.21608 0.99354 -0.00639 0.11329 0.72944 0.18691 -0.65802 0.97323 -0.18591 0.13513 0.95437 -0.21137 -0.21097 0.82482 -0.51779 0.22710 0.89195 -0.26831 0.36392 0.87781 -0.47173 0.08316 0.57224 0.81697 0.07146 0.55370 0.82871 0.08157 0.58760 0.79277 0.16199 0.76704 0.08177 0.63636 0.78467 0.35215 0.51018 0.98943 -0.13178 0.06052 0.76704 0.08177 0.63636 0.98943 -0.13178 0.06052 0.94083 -0.23405 0.24507 0.94083 -0.23405 0.24507 0.86629 -0.04997 0.49704 0.76704 0.08177 0.63636 0.86934 0.16973 0.46415 0.95383 0.07382 0.29112 0.87003 0.18425 0.45728 0.95383 0.07382 0.29112 0.92340 -0.13260 0.36022 0.92171 -0.11806 0.36947 0.95383 0.07382 0.29112 0.86934 0.16973 0.46415 0.89152 0.05318 0.44985 0.87316 0.42114 0.24541 0.85059 0.32478 0.41355 0.64253 0.39704 0.65537 0.89782 -0.16966 0.40638 0.92836 -0.19089 0.31891 0.92340 -0.13260 0.36022</float_array>
     <technique_common>
      <accessor count="808" source="#realb11_2-lib-normals-array" stride="3">
       <param name="X" type="float"/>
       <param name="Y" type="float"/>
       <param name="Z" type="float"/>
      </accessor>
     </technique_common>
    </source>
    <source id="realb11_2-lib-texcoords">
     <float_array id="realb11_2-lib-texcoords-array" count="1620">-0.07031 -0.91992 -0.07129 -0.92676 -0.07031 -0.92676 -0.07031 -0.91992 -0.07129 -0.92090 -0.07129 -0.92676 -0.07227 -0.91504 -0.07129 -0.92090 -0.07031 -0.91992 -0.07227 -0.91504 -0.07227 -0.91699 -0.07129 -0.92090 -0.05469 -0.92676 -0.05371 -0.92578 -0.05762 -0.92480 -0.05469 -0.92676 -0.05273 -0.93359 -0.05371 -0.92578 -0.04883 -0.93652 -0.05273 -0.92285 -0.05273 -0.92383 -0.04883 -0.93652 -0.04785 -0.93652 -0.05273 -0.92285 -0.05273 -0.93359 -0.05273 -0.92383 -0.05371 -0.92578 -0.05273 -0.93359 -0.04883 -0.93652 -0.05273 -0.92383 -0.04980 -0.93848 -0.04883 -0.93652 -0.05273 -0.93359 -0.06250 -0.98438 -0.05371 -0.98438 -0.05371 -0.98145 -0.06250 -0.98438 -0.06250 -0.98633 -0.05371 -0.98438 -0.06738 -0.98828 -0.06250 -0.98633 -0.06250 -0.98438 -0.05371 -0.99023 -0.06250 -0.98633 -0.05957 -0.99219 -0.05371 -0.99023 -0.05371 -0.98438 -0.06250 -0.98633 -0.06445 -0.93555 -0.06836 -0.93262 -0.06836 -0.93262 -0.06445 -0.93555 -0.06641 -0.93066 -0.06836 -0.93262 -0.06641 -0.93359 -0.06641 -0.93066 -0.06445 -0.93555 -0.05273 -0.93359 -0.05664 -0.93750 -0.05078 -0.93848 -0.05273 -0.93359 -0.06250 -0.93555 -0.05664 -0.93750 0.51172 -0.39160 0.61914 -0.51367 0.59375 -0.39551 0.51172 -0.39160 0.50977 -0.51660 0.61914 -0.51367 0.46094 -0.38965 0.50977 -0.51660 0.51172 -0.39160 0.46094 -0.38965 0.47168 -0.54492 0.50977 -0.51660 0.50977 -0.51660 0.47168 -0.54492 0.46094 -0.38965 -0.92090 -0.64160 -0.94043 -0.77539 -0.84473 -0.73145 -0.92090 -0.64160 -0.99316 -0.72656 -0.94043 -0.77539 -0.94043 -0.77539 -0.99316 -0.72656 -0.92090 -0.64160 -0.94043 -0.77539 -1.00000 -0.80371 -0.99316 -0.72656 0.37598 -0.54883 0.23730 -0.80566 0.34570 -0.77344 0.37598 -0.54883 0.23730 -0.54883 0.23730 -0.80566 0.47363 -0.21484 0.23730 -0.54883 0.37598 -0.54883 0.47363 -0.21484 0.23730 -0.16504 0.23730 -0.54883 -0.15527 -0.62988 -0.18750 -0.62012 -0.15234 -0.61328 -0.15527 -0.62988 -0.15918 -0.63574 -0.18750 -0.62012 -0.06250 -0.98633 -0.06250 -0.99219 -0.05957 -0.99219 -0.06250 -0.98633 -0.06543 -0.98926 -0.06250 -0.99219 -0.06738 -0.98828 -0.06543 -0.98926 -0.06250 -0.98633 -0.11816 -0.53711 -0.16699 -0.53516 -0.16699 -0.49512 -0.11816 -0.53711 -0.17090 -0.56934 -0.16699 -0.53516 -0.15234 -0.61328 -0.17090 -0.56934 -0.11816 -0.53711 -0.15234 -0.61328 -0.17871 -0.60938 -0.17090 -0.56934 -0.18750 -0.62012 -0.17871 -0.60938 -0.15234 -0.61328 -0.15918 -0.63574 -0.18555 -0.62402 -0.18750 -0.62012 -0.15918 -0.63574 -0.18750 -0.62012 -0.18555 -0.62402 -0.15527 -0.62988 -0.18750 -0.62012 -0.15918 -0.63574 -0.15527 -0.62988 -0.15234 -0.61328 -0.18750 -0.62012 -0.18555 -0.36133 -0.16309 -0.36719 -0.16113 -0.37109 -0.18555 -0.36133 -0.17578 -0.36133 -0.16309 -0.36719 -0.17383 -0.34668 -0.17578 -0.36133 -0.18555 -0.36133 -0.17383 -0.34668 -0.16309 -0.35059 -0.17578 -0.36133 0.54199 -0.37207 0.48047 -0.37207 0.48145 -0.30469 0.54199 -0.37207 0.48145 -0.30469 0.48047 -0.37207 0.52539 -0.30469 0.48145 -0.30469 0.54199 -0.37207 0.52539 -0.30469 0.54199 -0.37207 0.48145 -0.30469 0.52539 -0.30469 0.71777 -0.23047 0.54199 -0.37207 0.99512 -0.37207 0.72461 -0.37207 0.85449 -0.13379 0.99512 -0.37207 0.85449 -0.13379 0.72461 -0.37207 0.97852 -0.94238 0.96387 -0.93945 0.96777 -0.94824 0.97852 -0.94238 0.95801 -0.93457 0.96387 -0.93945 -0.17578 -0.36133 -0.16895 -0.35938 -0.16309 -0.36719 -0.17578 -0.36133 -0.16309 -0.35059 -0.16895 -0.35938 -0.18164 -0.18848 -0.18750 -0.21387 -0.17578 -0.20215 -0.18164 -0.18848 -0.18750 -0.18945 -0.18750 -0.21387 -0.18457 -0.18066 -0.18750 -0.18945 -0.18164 -0.18848 -0.18457 -0.18066 -0.18652 -0.18164 -0.18750 -0.18945 -0.06348 -0.96191 -0.05957 -0.96289 -0.06738 -0.96973 -0.06348 -0.96191 -0.05762 -0.95801 -0.05957 -0.96289 -0.06348 -0.95410 -0.05762 -0.95801 -0.06348 -0.96191 -0.07812 -0.94434 -0.08203 -0.92676 -0.08496 -0.94043 -0.07812 -0.94434 -0.07617 -0.93555 -0.08203 -0.92676 -0.07520 -0.92969 -0.08398 -0.92676 -0.07715 -0.93457 -0.07520 -0.92969 -0.08594 -0.92188 -0.08398 -0.92676 -0.04980 -0.95996 -0.05762 -0.95801 -0.04395 -0.95898 -0.04980 -0.95996 -0.05957 -0.96289 -0.05762 -0.95801 -0.09180 -0.92383 -0.08398 -0.92676 -0.08594 -0.92188 -0.09180 -0.92383 -0.09570 -0.92578 -0.08398 -0.92676 -0.07129 -0.96875 -0.06934 -0.96680 -0.06934 -0.97070 -0.07129 -0.96875 -0.07129 -0.96680 -0.06934 -0.96680 -0.06738 -0.96582 -0.06934 -0.96875 -0.06934 -0.97070 -0.06738 -0.96582 -0.07129 -0.96680 -0.06934 -0.96875 -0.07031 -0.96387 -0.07129 -0.96680 -0.06738 -0.96582 -0.07031 -0.96387 -0.06934 -0.96680 -0.07129 -0.96680 -0.06641 -0.95605 -0.06934 -0.96680 -0.07031 -0.96387 -0.07520 -0.95215 -0.08496 -0.94043 -0.08105 -0.95215 -0.07520 -0.95215 -0.07715 -0.94336 -0.08496 -0.94043 -0.05664 -0.96094 -0.06738 -0.96582 -0.06445 -0.96973 -0.05664 -0.96094 -0.06152 -0.95703 -0.06738 -0.96582 -0.09180 -0.94141 -0.08398 -0.92676 -0.09375 -0.92969 -0.09180 -0.94141 -0.08496 -0.94043 -0.08398 -0.92676 -0.06738 -0.96582 -0.06641 -0.95605 -0.07031 -0.96387 -0.06738 -0.96582 -0.06152 -0.95703 -0.06641 -0.95605 -0.06641 -0.95605 -0.05566 -0.94824 -0.06250 -0.95117 -0.06641 -0.95605 -0.06152 -0.95703 -0.05566 -0.94824 -0.63477 -0.91211 -0.63477 -0.95020 -0.58984 -0.92871 -0.63477 -0.91211 -0.58984 -0.92871 -0.63477 -0.95020 -0.06152 -0.95020 -0.05566 -0.94824 -0.05469 -0.94434 -0.06152 -0.95020 -0.06250 -0.95117 -0.05566 -0.94824 -0.06348 -0.95410 -0.06250 -0.95117 -0.06152 -0.95020 -0.06348 -0.95410 -0.06641 -0.95605 -0.06250 -0.95117 -0.06348 -0.96191 -0.06641 -0.95605 -0.06348 -0.95410 -0.06348 -0.96191 -0.06934 -0.96680 -0.06641 -0.95605 -0.06738 -0.96973 -0.06934 -0.96680 -0.06348 -0.96191 -0.06738 -0.96973 -0.06934 -0.97070 -0.06934 -0.96680 -0.06445 -0.96973 -0.06934 -0.97070 -0.06738 -0.96973 -0.06445 -0.96973 -0.06738 -0.96582 -0.06934 -0.97070 -0.18164 -0.34375 -0.18457 -0.30762 -0.17383 -0.34668 -0.18164 -0.34375 -0.17383 -0.34668 -0.18457 -0.30762 -0.06445 -0.93555 -0.06250 -0.93555 -0.06641 -0.93359 -0.06445 -0.93555 -0.05664 -0.93750 -0.06250 -0.93555 -0.05664 -0.93750 -0.05664 -0.93750 -0.06445 -0.93555 -0.09668 -0.48047 -0.16699 -0.49512 -0.17285 -0.43652 -0.09668 -0.48047 -0.11816 -0.53711 -0.16699 -0.49512 -0.04199 -0.98047 -0.05371 -0.98438 -0.04199 -0.98340 -0.04199 -0.98047 -0.05371 -0.98145 -0.05371 -0.98438 -0.05371 -0.98438 -0.05371 -0.98145 -0.04199 -0.98047 -0.05371 -0.98438 -0.06250 -0.98438 -0.05371 -0.98145 -0.06250 -0.98633 -0.06250 -0.98438 -0.05371 -0.98438 -0.06250 -0.98633 -0.06738 -0.98828 -0.06250 -0.98438 -0.06543 -0.98926 -0.06738 -0.98828 -0.06250 -0.98633 0.61914 -0.51367 0.68652 -0.40332 0.59375 -0.39551 0.61914 -0.51367 0.69727 -0.48340 0.68652 -0.40332 0.92383 -0.48730 0.68652 -0.40332 0.69727 -0.48340 0.92383 -0.48730 0.90039 -0.39941 0.68652 -0.40332 0.95898 -0.38965 0.90039 -0.39941 0.92383 -0.48730 0.42578 -0.73145 0.83398 -0.98145 0.76172 -0.50879 0.42578 -0.73145 0.39844 -0.98242 0.83398 -0.98145 0.16016 -0.95312 0.39844 -0.98242 0.42578 -0.73145 0.06445 -0.01562 0.08789 -0.17285 0.56934 -0.07910 0.06445 -0.01562 0.01465 -0.14258 0.08789 -0.17285 0.59570 -0.01855 0.56934 -0.07910 0.93359 -0.11914 0.59570 -0.01855 0.06445 -0.01562 0.56934 -0.07910 0.96777 -0.67090 0.83398 -0.98145 0.97559 -0.98340 0.96777 -0.67090 0.76172 -0.50879 0.83398 -0.98145 -0.07031 -0.92676 -0.06641 -0.93066 -0.06348 -0.92676 -0.07031 -0.92676 -0.06836 -0.93262 -0.06641 -0.93066 -0.07129 -0.92676 -0.06836 -0.93262 -0.07031 -0.92676 -0.07129 -0.92676 -0.06836 -0.93262 -0.06836 -0.93262 -0.06836 -0.93262 -0.06836 -0.93262 -0.07129 -0.92676 -0.06836 -0.93262 -0.06445 -0.93555 -0.06836 -0.93262 -0.06641 -0.93066 -0.06445 -0.93555 -0.06836 -0.93262 -0.06641 -0.93066 -0.06641 -0.93359 -0.06445 -0.93555 -0.06445 -0.93555 -0.05664 -0.93750 -0.05664 -0.93750 -0.06445 -0.93555 -0.06250 -0.93555 -0.05664 -0.93750 -0.06641 -0.93359 -0.06250 -0.93555 -0.06445 -0.93555 -0.07031 -0.91992 -0.07129 -0.92676 -0.07129 -0.92090 -0.07031 -0.91992 -0.07031 -0.92676 -0.07129 -0.92676 -0.07031 -0.92676 -0.06836 -0.93262 -0.07129 -0.92676 -0.07031 -0.92676 -0.06641 -0.93066 -0.06836 -0.93262 -0.06348 -0.92676 -0.06641 -0.93066 -0.07031 -0.92676 -0.05371 -0.92578 -0.05469 -0.92676 -0.05762 -0.92480 -0.05371 -0.92578 -0.05273 -0.93359 -0.05469 -0.92676 -0.05273 -0.92383 -0.05273 -0.93359 -0.05371 -0.92578 -0.05273 -0.92383 -0.04883 -0.93652 -0.05273 -0.93359 -0.05273 -0.92285 -0.04883 -0.93652 -0.05273 -0.92383 -0.05273 -0.92285 -0.04785 -0.93652 -0.04883 -0.93652 -0.05371 -0.99023 -0.06250 -0.98633 -0.05371 -0.98438 -0.05371 -0.99023 -0.05957 -0.99219 -0.06250 -0.98633 -0.07227 -0.91504 -0.07129 -0.92090 -0.07227 -0.91699 -0.07227 -0.91504 -0.07031 -0.91992 -0.07129 -0.92090 -0.05273 -0.93359 -0.05664 -0.93750 -0.06250 -0.93555 -0.05273 -0.93359 -0.05078 -0.93848 -0.05664 -0.93750 0.61914 -0.51367 0.51172 -0.39160 0.59375 -0.39551 0.61914 -0.51367 0.50977 -0.51660 0.51172 -0.39160 0.23730 -0.80566 0.09863 -0.54883 0.12891 -0.77344 0.23730 -0.80566 0.23730 -0.54883 0.09863 -0.54883 -0.15234 -0.61328 -0.17871 -0.60938 -0.18750 -0.62012 -0.15234 -0.61328 -0.17090 -0.56934 -0.17871 -0.60938 -0.11816 -0.53711 -0.17090 -0.56934 -0.15234 -0.61328 -0.11816 -0.53711 -0.16699 -0.53516 -0.17090 -0.56934 -0.16699 -0.49512 -0.16699 -0.53516 -0.11816 -0.53711 -0.06250 -0.98633 -0.06250 -0.99219 -0.06543 -0.98926 -0.06250 -0.98633 -0.05957 -0.99219 -0.06250 -0.99219 0.00098 -0.21484 0.23730 -0.54883 0.23730 -0.16504 0.00098 -0.21484 0.09863 -0.54883 0.23730 -0.54883 -0.09668 -0.48047 -0.16699 -0.49512 -0.11816 -0.53711 -0.09668 -0.48047 -0.17285 -0.43652 -0.16699 -0.49512 -0.16309 -0.36719 -0.18555 -0.36133 -0.16113 -0.37109 -0.16309 -0.36719 -0.17578 -0.36133 -0.18555 -0.36133 -0.16895 -0.35938 -0.17578 -0.36133 -0.16309 -0.36719 -0.16895 -0.35938 -0.16309 -0.35059 -0.17578 -0.36133 0.54199 -0.37207 0.71777 -0.23047 0.52539 -0.30469 0.54199 -0.37207 0.72461 -0.37207 0.71777 -0.23047 0.71777 -0.23047 0.72461 -0.37207 0.54199 -0.37207 0.71777 -0.23047 0.85449 -0.13379 0.72461 -0.37207 -0.17578 -0.36133 -0.17383 -0.34668 -0.18555 -0.36133 -0.17578 -0.36133 -0.16309 -0.35059 -0.17383 -0.34668 0.96387 -0.93945 0.97852 -0.94238 0.96777 -0.94824 0.96387 -0.93945 0.95801 -0.93457 0.97852 -0.94238 -0.18750 -0.21387 -0.18164 -0.18848 -0.17578 -0.20215 -0.18750 -0.21387 -0.18750 -0.18945 -0.18164 -0.18848 -0.18457 -0.18066 -0.18750 -0.18945 -0.18652 -0.18164 -0.18457 -0.18066 -0.18164 -0.18848 -0.18750 -0.18945 -0.07812 -0.94434 -0.08203 -0.92676 -0.07617 -0.93555 -0.07812 -0.94434 -0.08496 -0.94043 -0.08203 -0.92676 -0.08398 -0.92676 -0.07520 -0.92969 -0.07715 -0.93457 -0.08398 -0.92676 -0.08594 -0.92188 -0.07520 -0.92969 -0.09180 -0.92383 -0.08594 -0.92188 -0.08398 -0.92676 -0.05762 -0.95801 -0.04980 -0.95996 -0.04395 -0.95898 -0.05762 -0.95801 -0.05957 -0.96289 -0.04980 -0.95996 -0.06348 -0.96191 -0.05957 -0.96289 -0.05762 -0.95801 -0.06348 -0.96191 -0.06738 -0.96973 -0.05957 -0.96289 -0.06934 -0.96680 -0.06738 -0.96973 -0.06348 -0.96191 -0.06934 -0.96680 -0.06934 -0.97070 -0.06738 -0.96973 -0.07129 -0.96875 -0.06934 -0.97070 -0.06934 -0.96680 -0.08398 -0.92676 -0.09570 -0.92578 -0.09180 -0.92383 -0.08398 -0.92676 -0.09375 -0.92969 -0.09570 -0.92578 -0.06934 -0.97070 -0.06445 -0.96973 -0.06738 -0.96973 -0.06934 -0.97070 -0.06738 -0.96582 -0.06445 -0.96973 -0.06934 -0.96875 -0.06738 -0.96582 -0.06934 -0.97070 -0.06934 -0.96875 -0.07129 -0.96680 -0.06738 -0.96582 -0.06934 -0.96680 -0.07129 -0.96680 -0.07129 -0.96875 -0.06934 -0.96680 -0.07031 -0.96387 -0.07129 -0.96680 -0.06641 -0.95605 -0.07031 -0.96387 -0.06934 -0.96680 -0.06641 -0.95605 -0.06738 -0.96582 -0.07031 -0.96387 -0.06152 -0.95703 -0.06738 -0.96582 -0.06641 -0.95605 -0.06152 -0.95703 -0.05664 -0.96094 -0.06738 -0.96582 -0.07520 -0.95215 -0.08496 -0.94043 -0.07715 -0.94336 -0.07520 -0.95215 -0.08105 -0.95215 -0.08496 -0.94043 -0.08398 -0.92676 -0.09180 -0.94141 -0.09375 -0.92969 -0.08398 -0.92676 -0.08496 -0.94043 -0.09180 -0.94141 -0.06348 -0.96191 -0.06641 -0.95605 -0.06934 -0.96680 -0.06348 -0.96191 -0.06348 -0.95410 -0.06641 -0.95605 -0.05762 -0.95801 -0.06348 -0.95410 -0.06348 -0.96191 -0.05566 -0.94824 -0.06152 -0.95020 -0.05469 -0.94434 -0.05566 -0.94824 -0.06250 -0.95117 -0.06152 -0.95020 -0.06641 -0.95605 -0.06250 -0.95117 -0.05566 -0.94824 -0.06641 -0.95605 -0.06348 -0.95410 -0.06250 -0.95117 0.68652 -0.40332 0.61914 -0.51367 0.59375 -0.39551 0.68652 -0.40332 0.69727 -0.48340 0.61914 -0.51367 0.92383 -0.48730 0.69727 -0.48340 0.68652 -0.40332 0.90039 -0.39941 0.92383 -0.48730 0.68652 -0.40332 0.90039 -0.39941 0.95898 -0.38965 0.92383 -0.48730 0.39844 -0.98242 0.42578 -0.73145 0.83398 -0.98145 0.39844 -0.98242 0.16016 -0.95312 0.42578 -0.73145 0.56934 -0.07910 0.59570 -0.01855 0.93359 -0.11914 0.56934 -0.07910 0.06445 -0.01562 0.59570 -0.01855 0.08789 -0.17285 0.06445 -0.01562 0.56934 -0.07910 0.08789 -0.17285 0.01465 -0.14258 0.06445 -0.01562 0.83398 -0.98145 0.96777 -0.67090 0.97559 -0.98340 0.83398 -0.98145 0.76172 -0.50879 0.96777 -0.67090 0.42578 -0.73145 0.76172 -0.50879 0.83398 -0.98145 -0.14648 -0.31641 -0.15430 -0.35645 -0.16309 -0.35059 -0.08398 -0.92676 -0.09570 -0.92578 -0.09375 -0.92969 -0.94043 -0.77539 -0.99316 -0.72656 -1.00000 -0.80371 -0.28027 -0.43652 -0.36328 -0.56445 -0.21484 -0.56348 -0.06836 -0.99414 -0.84473 -0.73145 -0.78125 -0.86914 -0.78125 -0.86914 -0.68555 -0.68164 -0.06836 -0.99414 0.50000 -0.13867 0.50000 -0.25391 0.67578 -0.20215 0.50000 -0.13867 0.50000 -0.25391 0.67578 -0.20215 0.92383 -0.48730 0.99512 -0.46289 0.95898 -0.38965 0.57617 -0.23535 0.48438 -0.16699 0.50977 -0.25781 -0.92090 -0.64160 -0.84473 -0.73145 -0.94043 -0.77539 0.85449 -0.13379 0.71777 -0.23047 0.72461 -0.37207 -0.15430 -0.35645 -0.14648 -0.31641 -0.16309 -0.35059 -0.06152 -0.95020 -0.06250 -0.95117 -0.06348 -0.95410 -0.07129 -0.96680 -0.07031 -0.96387 -0.06738 -0.96582 -0.05664 -0.96094 -0.06445 -0.96973 -0.06738 -0.96582 -0.04883 -0.93652 -0.04980 -0.93848 -0.05273 -0.93359 0.46094 -0.38965 0.51172 -0.39160 0.50977 -0.51660 -0.04199 -0.98047 -0.04199 -0.98340 -0.05371 -0.98438 -0.21484 -0.56445 -0.29785 -0.43652 -0.36328 -0.56348 -0.06836 -0.99414 -0.68555 -0.68164 -0.78125 -0.86914 -0.78125 -0.86914 -0.84473 -0.73145 -0.06836 -0.99414 0.50000 -0.25391 0.50000 -0.13867 0.67578 -0.20215 0.50000 -0.25391 0.50000 -0.13867 0.67578 -0.20215 0.95898 -0.38965 0.99512 -0.46289 0.92383 -0.48730 -0.05566 -0.94824 -0.06152 -0.95703 -0.06641 -0.95605 0.48438 -0.16699 0.57617 -0.23535 0.50977 -0.25781</float_array>
     <technique_common>
      <accessor count="810" offset="0" source="#realb11_2-lib-texcoords-array" stride="2">
       <param name="U" type="float"/>
       <param name="V" type="float"/>
      </accessor>
     </technique_common>
    </source>
    <vertices id="realb11_2-lib-vertices">
     <input semantic="POSITION" source="#realb11_2-lib-positions"/>
    </vertices>
    <polylist count="270" material="mat1.png">
     <input offset="0" semantic="VERTEX" source="#realb11_2-lib-vertices"/>
     <input offset="1" semantic="NORMAL" source="#realb11_2-lib-normals"/>
     <input offset="2" semantic="TEXCOORD" source="#realb11_2-lib-texcoords"/>
     <vcount>3 3 3 3 3 3 3 3 3 3 3 3 3 3 3 3 3 3 3 3 3 3 3 3 3 3 3 3 3 3 3 3 3 3 3 3 3 3 3 3 3 3 3 3 3 3 3 3 3 3 3 3 3 3 3 3 3 3 3 3 3 3 3 3 3 3 3 3 3 3 3 3 3 3 3 3 3 3 3 3 3 3 3 3 3 3 3 3 3 3 3 3 3 3 3 3 3 3 3 3 3 3 3 3 3 3 3 3 3 3 3 3 3 3 3 3 3 3 3 3 3 3 3 3 3 3 3 3 3 3 3 3 3 3 3 3 3 3 3 3 3 3 3 3 3 3 3 3 3 3 3 3 3 3 3 3 3 3 3 3 3 3 3 3 3 3 3 3 3 3 3 3 3 3 3 3 3 3 3 3 3 3 3 3 3 3 3 3 3 3 3 3 3 3 3 3 3 3 3 3 3 3 3 3 3 3 3 3 3 3 3 3 3 3 3 3 3 3 3 3 3 3 3 3 3 3 3 3 3 3 3 3 3 3 3 3 3 3 3 3 3 3 3 3 3 3 3 3 3 3 3 3 3 3 3 3 3 3 3 3 3 3 3 3 3 3 3 3 3 3</vcount>
     <p>2 2 2 1 1 1 0 0 0 1 5 5 3 4 4 0 3 3 0 8 8 3 7 7 4 6 6 3 11 11 5 10 10 4 9 9 8 14 14 7 13 13 6 12 12 7 17 17 9 16 16 6 15 15 12 20 20 11 19 19 10 18 18 11 23 23 13 22 22 10 21 21 7 26 26 12 25 25 9 24 24 12 29 29 10 28 28 9 27 27 9 32 32 10 31 31 14 30 30 17 35 35 16 34 34 15 33 33 16 38 38 18 37 37 15 36 36 15 41 41 18 40 40 19 39 39 21 44 44 18 43 43 20 42 42 18 47 47 16 46 46 20 45 45 24 50 50 23 49 49 22 48 48 23 53 53 25 52 52 22 51 51 22 56 56 25 55 55 26 54 54 14 59 59 27 58 58 9 57 57 27 62 62 28 61 61 9 60 60 31 65 65 30 64 64 29 63 63 30 68 68 32 67 67 29 66 66 29 71 71 32 70 70 33 69 69 32 74 74 34 73 73 33 72 72 33 77 77 34 76 76 35 75 75 31 80 80 29 79 79 36 78 78 29 83 83 37 82 82 36 81 81 36 86 86 37 85 85 38 84 84 37 89 89 33 88 88 38 87 87 31 92 92 36 91 91 39 90 90 36 95 95 40 94 94 39 93 93 39 98 98 40 97 97 41 96 96 40 101 101 19 100 100 41 99 99 44 104 104 43 103 103 42 102 102 43 107 107 45 106 106 42 105 105 21 110 110 46 109 109 18 108 108 46 113 113 41 112 112 18 111 111 18 116 116 41 115 115 19 114 114 49 119 119 48 118 118 47 117 117 48 122 122 50 121 121 47 120 120 47 125 125 50 124 124 44 123 123 50 128 128 51 127 127 44 126 126 44 131 131 51 130 130 43 129 129 43 134 134 52 133 133 45 132 132 52 137 137 53 136 136 45 135 135 45 140 140 53 139 139 54 138 138 53 143 143 55 142 142 54 141 141 52 146 146 43 145 145 56 144 144 43 149 149 57 148 148 56 147 147 56 152 152 57 151 151 58 150 150 57 155 155 59 154 154 58 153 153 42 158 158 61 157 157 60 156 156 61 161 161 54 160 160 60 159 159 60 164 164 54 163 163 55 162 162 42 167 167 60 166 166 44 165 165 60 170 170 47 169 169 44 168 168 46 173 173 63 172 172 62 171 171 63 176 176 64 175 175 62 174 174 43 179 179 51 178 178 65 177 177 51 182 182 59 181 181 65 180 180 43 185 185 65 184 184 57 183 183 65 188 188 59 187 187 57 186 186 46 191 191 62 190 190 30 189 189 62 194 194 66 193 193 30 192 192 30 197 197 66 196 196 32 195 195 66 200 200 67 199 199 32 198 198 70 203 203 69 202 202 68 201 201 69 206 206 28 205 205 68 204 204 68 209 209 28 208 208 26 207 207 72 212 212 71 211 211 69 210 210 71 215 215 73 214 214 69 213 213 73 218 218 71 217 217 9 216 216 71 221 221 6 220 220 9 219 219 9 224 224 28 223 223 73 222 222 28 227 227 69 226 226 73 225 225 6 230 230 71 229 229 8 228 228 71 233 233 74 232 232 8 231 231 77 236 236 76 235 235 75 234 234 76 239 239 78 238 238 75 237 237 77 242 242 80 241 241 79 240 240 80 245 245 78 244 244 79 243 243 79 248 248 78 247 247 81 246 246 78 251 251 76 250 250 81 249 249 81 254 254 76 253 253 82 252 252 83 257 257 72 256 256 70 255 255 72 260 260 69 259 259 70 258 258 83 263 263 79 262 262 72 261 261 79 266 266 84 265 265 72 264 264 85 269 269 71 268 268 84 267 267 71 272 272 72 271 271 84 270 270 81 275 275 82 274 274 79 273 273 82 278 278 84 277 277 79 276 276 86 281 281 85 280 280 82 279 279 85 284 284 84 283 283 82 282 282 42 287 287 45 286 286 61 285 285 45 290 290 54 289 289 61 288 288 74 293 293 85 292 292 25 291 291 85 296 296 86 295 295 25 294 294 25 299 299 86 298 298 26 297 297 86 302 302 82 301 301 26 300 300 26 305 305 82 304 304 68 303 303 82 308 308 76 307 307 68 306 306 68 311 311 76 310 310 70 309 309 76 314 314 77 313 313 70 312 312 70 317 317 77 316 316 83 315 315 77 320 320 79 319 319 83 318 318 58 323 323 88 322 322 87 321 321 88 324 326 89 324 325 87 324 324 26 327 329 28 326 328 22 325 327 28 330 332 27 329 331 22 328 330 22 333 335 27 332 334 90 331 333 21 336 338 49 335 337 46 334 336 49 339 341 47 338 340 46 337 339 92 342 344 16 341 343 91 340 342 16 345 347 17 344 346 91 343 345 91 348 350 17 347 349 93 346 348 17 351 353 15 350 352 93 349 351 93 354 356 15 353 355 94 352 354 15 357 359 19 356 358 94 355 357 94 360 362 19 359 361 95 358 360 31 363 365 96 362 364 30 361 363 96 366 368 97 365 367 30 364 366 97 369 371 96 368 370 98 367 369 96 372 374 99 371 373 98 370 372 98 375 377 99 374 376 100 373 375 102 378 380 99 377 379 101 376 378 99 381 383 96 380 382 101 379 381 101 384 386 96 383 385 31 382 384 105 387 389 104 386 388 103 385 387 104 390 392 102 389 391 103 388 390 107 393 395 105 392 394 106 391 393 105 396 398 103 395 397 106 394 396 100 399 401 99 398 400 108 397 399 99 402 404 102 401 403 108 400 402 74 405 407 25 404 406 2 403 405 25 408 410 23 407 409 2 406 408 2 411 413 23 410 412 1 409 411 23 414 416 24 413 415 1 412 414 1 417 419 24 416 418 109 415 417 24 420 422 22 419 421 109 418 420 109 423 425 22 422 424 110 421 423 22 426 428 111 425 427 110 424 426 90 429 431 112 428 430 22 427 429 112 432 434 113 431 433 22 430 432 22 435 437 113 434 436 111 433 435 3 438 440 1 437 439 114 436 438 1 441 443 115 440 442 114 439 441 1 444 446 109 443 445 115 442 444 109 447 449 110 446 448 115 445 447 115 450 452 110 449 451 116 448 450 119 453 455 118 452 454 117 451 453 118 456 458 120 455 457 117 454 456 117 459 461 120 458 460 121 457 459 120 462 464 122 461 463 121 460 462 121 465 467 122 464 466 11 463 465 122 468 470 13 467 469 11 466 468 93 471 473 94 470 472 123 469 471 94 474 476 124 473 475 123 472 474 5 477 479 3 476 478 125 475 477 3 480 482 114 479 481 125 478 480 113 483 485 112 482 484 120 481 483 112 486 488 126 485 487 120 484 486 128 489 491 38 488 490 127 487 489 38 492 494 35 491 493 127 490 492 128 495 497 129 494 496 36 493 495 129 498 500 40 497 499 36 496 498 53 501 503 130 500 502 55 499 501 130 504 506 131 503 505 55 502 504 55 507 509 131 506 508 132 505 507 131 510 512 133 509 511 132 508 510 132 513 515 133 512 514 134 511 513 95 516 518 64 515 517 94 514 516 64 519 521 124 518 520 94 517 519 19 522 524 40 521 523 95 520 522 40 525 527 129 524 526 95 523 525 132 528 530 134 527 529 64 526 528 134 531 533 124 530 532 64 529 531 52 534 536 56 533 535 53 532 534 56 537 539 135 536 538 53 535 537 53 540 542 135 539 541 136 538 540 135 543 545 137 542 544 136 541 543 55 546 548 132 545 547 60 544 546 132 549 551 63 548 550 60 547 549 60 552 554 63 551 553 47 550 552 63 555 557 46 554 556 47 553 555 56 558 560 89 557 559 135 556 558 89 561 563 137 560 562 135 559 561 53 564 566 136 563 565 130 562 564 136 567 569 137 566 568 130 565 567 64 570 572 127 569 571 62 568 570 127 573 575 66 572 574 62 571 573 67 576 578 66 575 577 35 574 576 66 579 581 127 578 580 35 577 579 140 582 584 139 581 583 138 580 582 139 585 587 141 584 586 138 583 585 140 588 590 120 587 589 139 586 588 120 591 593 118 590 592 139 589 591 139 594 596 118 593 595 119 592 594 120 597 599 140 596 598 113 595 597 140 600 602 138 599 601 113 598 600 113 603 605 138 602 604 142 601 603 138 606 608 143 605 607 142 604 606 142 609 611 143 608 610 144 607 609 143 612 614 145 611 613 144 610 612 144 615 617 145 614 616 146 613 615 119 618 620 116 617 619 139 616 618 116 621 623 147 620 622 139 619 621 143 624 626 148 623 625 145 622 624 148 627 629 149 626 628 145 625 627 145 630 632 149 629 631 150 628 630 149 633 635 151 632 634 150 631 633 146 636 638 151 635 637 144 634 636 151 639 641 152 638 640 144 637 639 144 642 644 152 641 643 153 640 642 152 645 647 149 644 646 153 643 645 153 648 650 149 647 649 154 646 648 149 651 653 141 650 652 154 649 651 138 654 656 141 653 655 143 652 654 141 657 659 148 656 658 143 655 657 147 660 662 154 659 661 139 658 660 154 663 665 141 662 664 139 661 663 144 666 668 153 665 667 142 664 666 153 669 671 111 668 670 142 667 669 142 672 674 111 671 673 113 670 672 116 675 677 110 674 676 147 673 675 110 678 680 155 677 679 147 676 678 147 681 683 155 680 682 153 679 681 155 684 686 111 683 685 153 682 684 128 687 689 127 686 688 156 685 687 127 690 692 157 689 691 156 688 690 156 693 695 157 692 694 158 691 693 156 696 698 158 695 697 159 694 696 158 699 701 160 698 700 159 697 699 159 702 704 161 701 703 156 700 702 161 705 707 128 704 706 156 703 705 164 708 710 163 707 709 162 706 708 163 711 713 165 710 712 162 709 711 162 714 716 165 713 715 166 712 714 165 717 719 167 716 718 166 715 717 160 720 722 168 719 721 159 718 720 168 723 725 167 722 724 159 721 723 159 726 728 167 725 727 161 724 726 59 729 731 51 728 730 50 727 729 85 732 734 74 731 733 71 730 732 33 735 737 37 734 736 29 733 735 46 738 740 39 737 739 41 736 738 30 741 743 31 740 742 39 739 741 39 744 746 46 743 745 30 742 744 170 747 749 169 746 748 100 745 747 171 750 752 100 749 751 108 748 750 100 753 755 169 752 754 98 751 753 108 756 758 102 755 757 104 754 756 38 759 761 128 758 760 36 757 759 63 762 764 132 761 763 64 760 762 137 765 767 131 764 766 130 763 765 111 768 770 155 767 769 110 766 768 149 771 773 152 770 772 151 769 771 149 774 776 148 773 775 141 772 774 120 777 779 126 776 778 122 775 777 35 780 782 38 779 781 33 778 780 93 783 785 172 782 784 91 781 783 64 786 788 95 785 787 129 784 786 127 789 791 64 788 790 129 787 789 129 792 794 128 791 793 127 790 792 174 795 797 160 794 796 173 793 795 175 798 800 168 797 799 160 796 798 158 801 803 173 800 802 160 799 801 153 804 806 154 803 805 147 802 804 168 807 809 166 806 808 167 805 807</p>
    </polylist>
   </mesh>
  </geometry>
  <geometry id="realb11_3-lib" name="realb11_3">
   <mesh>
    <source id="realb11_3-lib-positions" name="position">
     <float_array id="realb11_3-lib-positions-array" count="465">0.00000 7.65762 1.90158 -0.56348 7.48616 3.03666 0.00000 7.36476 2.69414 -0.47266 7.85435 2.03013 -0.49414 7.71263 0.33568 0.00000 7.42200 0.34926 -0.55566 7.20758 -0.54254 0.00000 6.60706 -0.42068 -4.66428 -3.01690 3.14685 -4.30223 -1.75621 2.42763 -3.89235 -2.20858 2.45710 -4.51969 -2.21693 2.11041 -3.21763 -3.15471 3.56668 -3.18760 -1.92494 2.96685 -2.85766 -2.33169 2.59941 -3.54632 -2.25586 2.53879 -5.82518 -3.04566 2.33366 -5.25184 -1.90270 1.73809 -4.91389 -2.30815 1.92215 -5.33898 -2.34791 1.36177 -3.52762 -4.88603 0.76765 -3.19039 -4.12535 0.16207 -3.62383 -4.13656 0.32082 -3.07947 -4.10747 0.58601 -0.72461 -0.13163 -6.19337 0.00000 1.02535 -6.46896 -0.94922 1.22467 -6.10703 0.00000 -0.13815 -6.54434 0.00000 -0.04053 -5.46795 0.72461 -0.13163 -6.19337 0.82422 0.10310 -5.42499 1.14746 0.18865 -6.03516 0.00000 5.86707 4.46424 0.00000 6.07979 4.53925 -0.11719 6.03293 4.54106 0.11719 6.03293 4.54106 0.00000 6.35156 3.33058 -0.11035 5.93286 3.43933 -0.05859 5.89283 3.40752 -0.19727 6.31909 3.33815 -0.28125 6.59006 3.27997 -1.14746 0.18865 -6.03516 -0.82422 0.10310 -5.42499 -0.67383 8.90919 2.13217 -0.80566 9.01095 0.20354 0.00000 6.92698 3.15816 -0.49219 7.00089 3.16445 0.56348 7.48616 3.03666 0.47266 7.85435 2.03013 0.49414 7.71263 0.33568 0.67383 8.90919 2.13217 0.80566 9.01095 0.20354 0.55566 7.20758 -0.54254 0.49219 7.00089 3.16445 0.28125 6.59006 3.27997 0.19727 6.31909 3.33815 0.00000 6.62986 3.26840 4.30137 -1.75625 2.42809 4.66428 -3.01690 3.14685 3.89235 -2.20858 2.45710 4.51969 -2.21693 2.11041 3.18760 -1.92494 2.96685 3.21763 -3.15471 3.56668 2.85766 -2.33169 2.59941 3.54632 -2.25586 2.53879 5.25184 -1.90270 1.73809 5.82518 -3.04566 2.33366 4.91389 -2.30815 1.92215 5.33898 -2.34791 1.36177 3.19048 -4.12551 0.16223 3.52771 -4.88618 0.76781 3.62392 -4.13672 0.32099 3.07957 -4.10763 0.58618 0.94922 1.22467 -6.10703 0.11035 5.93286 3.43933 0.05859 5.89283 3.40752 -1.56055 -2.55974 -8.46132 -2.59277 -2.08114 -8.05629 -2.84961 -3.46832 -10.18769 -5.01856 -7.44384 -18.76877 -6.93848 -9.05208 -26.41559 -4.15137 -7.49222 -18.97113 -5.97070 -9.10647 -26.64106 -7.39258 -9.19903 -30.43190 -8.34082 -9.80241 -31.61373 -7.13184 -9.87064 -31.89532 -2.66309 -7.74581 -19.89701 -0.50195 -2.74455 -8.64300 -1.13281 -2.73520 -8.57840 -1.77734 -7.74774 -20.00760 -3.68652 -8.98150 -27.71474 -2.69922 -8.98348 -27.83693 -3.68652 -8.93520 -31.75520 -4.47949 -9.44889 -33.08463 -3.24512 -9.45186 -33.23714 -0.22363 -0.12697 -6.41640 1.56055 -2.55974 -8.46132 2.59277 -2.08114 -8.05629 2.84961 -3.46832 -10.18769 5.01856 -7.44384 -18.76877 4.15137 -7.49222 -18.97113 6.93848 -9.05208 -26.41559 5.97070 -9.10647 -26.64106 7.39258 -9.19900 -30.43288 8.33984 -9.80338 -31.61376 2.66211 -7.74606 -19.89795 0.50195 -2.74455 -8.64300 1.77734 -7.74774 -20.00760 1.13281 -2.73520 -8.57840 3.68652 -8.98150 -27.71474 2.69922 -8.98348 -27.83693 -0.40820 -7.94776 -20.48200 0.31348 -2.93747 -9.06966 -0.31348 -2.93747 -9.06966 0.40723 -7.94776 -20.48200 0.48730 -9.18360 -28.36502 -0.48730 -9.18360 -28.36502 3.68652 -8.93520 -31.75520 4.47852 -9.44987 -33.08466 0.22363 -0.12697 -6.41640 0.00000 -9.13723 -32.37714 -0.63086 -9.65114 -33.79158 0.63086 -9.65114 -33.79158 0.00000 9.01645 4.99997 0.00000 8.30924 4.37802 0.00000 8.91671 3.64134 0.00000 7.93715 4.55834 0.00000 8.85429 5.23471 0.00000 9.48840 4.25218 0.00000 10.27723 4.62128 0.00000 8.91734 -1.99708 0.00000 7.73939 -3.14788 0.00000 9.57492 -2.06052 0.00000 8.68489 -1.86387 0.00000 8.94246 -1.78247 0.00000 8.99226 -1.29381 0.00000 10.45553 -0.19032 0.00000 9.68606 -0.11921 0.00000 9.90067 5.84662 0.00000 9.18006 7.08229 0.00000 9.55482 0.14695 0.00000 10.55190 2.11278 0.00000 9.44716 2.05786 0.00000 9.71630 0.14009 0.00000 9.75203 2.83628 0.00000 10.30503 2.84110 -10.71094 -9.72901 -44.47190 -8.97266 -5.80583 -15.85515 -5.46387 -8.18345 -46.09936 7.13086 -9.87064 -31.89532 10.71094 -9.72901 -44.47190 8.97266 -5.80583 -15.85515 3.24512 -9.45183 -33.23812 5.46289 -8.18345 -46.09936 0.00000 -8.38492 -46.83071</float_array>
     <technique_common>
      <accessor count="155" source="#realb11_3-lib-positions-array" stride="3">
       <param name="X" type="float"/>
       <param name="Y" type="float"/>
       <param name="Z" type="float"/>
      </accessor>
     </technique_common>
    </source>
    <source id="realb11_3-lib-normals" name="normal">
     <float_array id="realb11_3-lib-normals-array" count="1200">0.00000 -0.99408 -0.10861 -0.37783 -0.68332 -0.62476 -0.00000 -0.87408 -0.48579 0.00000 -0.99408 -0.10861 -0.69860 -0.70779 -0.10481 -0.37783 -0.68332 -0.62476 -0.71054 -0.66827 0.22032 -0.69860 -0.70779 -0.10481 0.00000 -0.99408 -0.10861 -0.54113 -0.76631 0.34633 -0.71054 -0.66827 0.22032 0.00000 -0.99408 -0.10861 -0.54113 -0.76631 0.34633 -0.61146 -0.59324 0.52362 -0.71054 -0.66827 0.22032 -0.66963 -0.51005 0.53986 -0.61146 -0.59324 0.52362 -0.54113 -0.76631 0.34633 0.36040 0.38199 0.85099 0.36040 0.38199 0.85099 0.36040 0.38199 0.85099 -0.92882 0.34453 0.13635 -0.92882 0.34453 0.13635 -0.92882 0.34453 0.13635 0.83540 0.22435 0.50178 0.83540 0.22435 0.50178 0.83540 0.22435 0.50178 -0.82966 0.26097 0.49351 -0.82966 0.26097 0.49351 0.04499 0.44380 0.89500 0.04499 0.44380 0.89500 0.04499 0.44380 0.89500 -0.91351 0.35167 -0.20452 -0.91351 0.35167 -0.20452 -0.91351 0.35167 -0.20452 -0.28240 -0.51773 -0.80759 -0.28240 -0.51773 -0.80759 -0.28240 -0.51773 -0.80759 0.82968 -0.52307 -0.19500 -0.18800 0.41978 -0.88794 0.00000 0.02208 -0.99976 -0.35452 0.00081 -0.93505 -0.18800 0.41978 -0.88794 0.00000 0.06465 -0.99791 0.00000 0.02208 -0.99976 0.00000 -0.98225 0.18760 0.00000 -0.99591 0.09032 -0.21387 -0.96069 0.17700 0.00000 -0.98225 0.18760 0.21387 -0.96069 0.17700 0.00000 -0.99591 0.09032 0.29931 -0.92268 0.24307 0.21387 -0.96069 0.17700 0.00000 -0.98225 0.18760 0.29931 -0.92268 0.24307 0.55110 -0.81532 0.17763 0.21387 -0.96069 0.17700 -0.00000 0.33255 -0.94308 -0.00000 0.33255 -0.94308 -0.14600 0.32899 -0.93298 -0.00000 0.33255 -0.94308 0.14600 0.32899 -0.93298 -0.00000 0.33255 -0.94308 0.00000 -0.22352 -0.97470 -0.45841 -0.10829 -0.88212 -0.55959 -0.06706 -0.82605 0.00000 -0.22352 -0.97470 0.00062 -0.23055 -0.97306 -0.45841 -0.10829 -0.88212 -0.01982 -0.27408 -0.96150 0.00062 -0.23055 -0.97306 0.00000 -0.22352 -0.97470 -0.16167 0.28349 -0.94525 -0.18800 0.41978 -0.88794 -0.35452 0.00081 -0.93505 -0.55110 -0.81532 0.17763 -0.29931 -0.92268 0.24307 -0.21387 -0.96069 0.17700 -0.97774 -0.20609 0.03948 -0.71054 -0.66827 0.22032 -0.97220 -0.22773 0.05444 -0.97774 -0.20609 0.03948 -0.69860 -0.70779 -0.10481 -0.71054 -0.66827 0.22032 0.00000 -0.42195 -0.90662 -0.37783 -0.68332 -0.62476 -0.05337 -0.27375 -0.96032 0.00000 -0.42195 -0.90662 -0.00000 -0.87408 -0.48579 -0.37783 -0.68332 -0.62476 0.37783 -0.68332 -0.62476 -0.00000 -0.87408 -0.48579 0.00000 -0.42195 -0.90662 0.37783 -0.68332 -0.62476 0.00000 -0.99408 -0.10861 -0.00000 -0.87408 -0.48579 0.69860 -0.70779 -0.10481 0.00000 -0.99408 -0.10861 0.37783 -0.68332 -0.62476 0.69860 -0.70779 -0.10481 0.71054 -0.66827 0.22032 0.00000 -0.99408 -0.10861 0.97774 -0.20609 0.03948 0.71054 -0.66827 0.22032 0.69860 -0.70779 -0.10481 0.97774 -0.20609 0.03948 0.97220 -0.22773 0.05444 0.71054 -0.66827 0.22032 0.71054 -0.66827 0.22032 0.54113 -0.76631 0.34633 0.00000 -0.99408 -0.10861 0.71054 -0.66827 0.22032 0.61146 -0.59324 0.52362 0.54113 -0.76631 0.34633 0.05337 -0.27375 -0.96032 0.00000 -0.42195 -0.90662 0.01982 -0.27408 -0.96150 0.05337 -0.27375 -0.96032 0.37783 -0.68332 -0.62476 0.00000 -0.42195 -0.90662 0.01982 -0.27408 -0.96150 0.00000 -0.22352 -0.97470 -0.00062 -0.23055 -0.97306 0.01982 -0.27408 -0.96150 0.00000 -0.28964 -0.95714 0.00000 -0.22352 -0.97470 0.00000 -0.42195 -0.90662 0.00000 -0.28964 -0.95714 0.01982 -0.27408 -0.96150 0.00000 -0.42195 -0.90662 -0.01982 -0.27408 -0.96150 0.00000 -0.28964 -0.95714 -0.05337 -0.27375 -0.96032 -0.01982 -0.27408 -0.96150 0.00000 -0.42195 -0.90662 -0.36122 0.38122 0.85100 -0.36122 0.38122 0.85100 -0.36122 0.38122 0.85100 0.92838 0.34543 0.13710 0.92838 0.34543 0.13710 -0.83540 0.22435 0.50178 -0.83540 0.22435 0.50178 -0.83540 0.22435 0.50178 0.82966 0.26097 0.49351 0.82966 0.26097 0.49351 -0.04499 0.44380 0.89500 -0.04499 0.44380 0.89500 -0.04499 0.44380 0.89500 0.91351 0.35167 -0.20452 0.91351 0.35167 -0.20452 0.91351 0.35167 -0.20452 0.28240 -0.51773 -0.80759 0.28240 -0.51773 -0.80759 0.28240 -0.51773 -0.80759 -0.82968 -0.52307 -0.19500 -0.82968 -0.52307 -0.19500 -0.82968 -0.52307 -0.19500 0.18800 0.41978 -0.88794 0.00000 0.02208 -0.99976 0.00000 0.06465 -0.99791 0.18800 0.41978 -0.88794 0.35452 0.00081 -0.93505 0.00000 0.02208 -0.99976 0.16167 0.28349 -0.94525 0.35452 0.00081 -0.93505 0.18800 0.41978 -0.88794 0.45841 -0.10829 -0.88212 0.00000 -0.22352 -0.97470 0.55959 -0.06706 -0.82605 0.45841 -0.10829 -0.88212 -0.00062 -0.23055 -0.97306 0.00000 -0.22352 -0.97470 -0.16167 0.28349 -0.94525 0.08006 0.77670 -0.62476 -0.18800 0.41978 -0.88794 -0.16167 0.28349 -0.94525 0.09518 0.74711 -0.65785 0.08006 0.77670 -0.62476 0.04395 0.87487 -0.48236 0.08006 0.77670 -0.62476 0.09518 0.74711 -0.65785 0.04395 0.87487 -0.48236 -0.02166 0.94960 -0.31271 0.08006 0.77670 -0.62476 -0.00798 0.99271 -0.12024 -0.01993 0.94969 -0.31256 -0.02166 0.94960 -0.31271 -0.00798 0.99271 -0.12024 0.05959 0.98884 -0.13654 -0.01993 0.94969 -0.31256 -0.43018 0.89947 -0.07684 -0.00798 0.99271 -0.12024 -0.07776 0.98364 -0.16247 -0.43018 0.89947 -0.07684 0.05959 0.98884 -0.13654 -0.00798 0.99271 -0.12024 0.10251 0.97333 -0.20524 0.05959 0.98884 -0.13654 0.59910 0.76280 -0.24333 -0.03225 0.96011 -0.27775 -0.04942 0.80287 -0.59410 -0.06077 0.80714 -0.58723 -0.03225 0.96011 -0.27775 -0.03255 0.96018 -0.27747 -0.04942 0.80287 -0.59410 -0.03789 0.99678 -0.07065 -0.03255 0.96018 -0.27747 -0.03225 0.96011 -0.27775 -0.03789 0.99678 -0.07065 0.02348 0.99665 -0.07830 -0.03255 0.96018 -0.27747 -0.41976 0.90491 -0.07025 -0.03789 0.99678 -0.07065 -0.09067 0.99243 -0.08281 -0.41976 0.90491 -0.07025 0.02348 0.99665 -0.07830 -0.03789 0.99678 -0.07065 0.07248 0.99202 -0.10320 0.02348 0.99665 -0.07830 0.54435 0.82919 -0.12695 -0.06077 0.80714 -0.58723 -0.15023 0.68420 -0.71366 -0.18800 0.41978 -0.88794 -0.06077 0.80714 -0.58723 -0.04942 0.80287 -0.59410 -0.15023 0.68420 -0.71366 0.16167 0.28349 -0.94525 -0.08006 0.77670 -0.62476 -0.09518 0.74711 -0.65785 0.16167 0.28349 -0.94525 0.18800 0.41978 -0.88794 -0.08006 0.77670 -0.62476 -0.08006 0.77670 -0.62476 -0.04395 0.87487 -0.48236 -0.09518 0.74711 -0.65785 -0.08006 0.77670 -0.62476 0.02166 0.94960 -0.31271 -0.04395 0.87487 -0.48236 0.01993 0.94969 -0.31256 0.02166 0.94960 -0.31271 -0.08006 0.77670 -0.62476 0.00805 0.99271 -0.12023 0.01993 0.94969 -0.31256 -0.05960 0.98884 -0.13653 0.00805 0.99271 -0.12023 0.02166 0.94960 -0.31271 0.01993 0.94969 -0.31256 0.00805 0.99271 -0.12023 0.43122 0.89897 -0.07688 0.07870 0.98357 -0.16248 0.00805 0.99271 -0.12023 -0.05960 0.98884 -0.13653 0.43122 0.89897 -0.07688 0.03225 0.96014 -0.27767 0.04942 0.80287 -0.59410 0.03256 0.96016 -0.27754 0.03225 0.96014 -0.27767 0.06077 0.80713 -0.58723 0.04942 0.80287 -0.59410 0.03795 0.99678 -0.07065 0.03256 0.96016 -0.27754 -0.02347 0.99665 -0.07829 0.03795 0.99678 -0.07065 0.03225 0.96014 -0.27767 0.03256 0.96016 -0.27754 0.00000 0.95998 -0.28008 0.00000 0.81854 -0.57445 0.00000 0.81855 -0.57444 0.00000 0.95998 -0.28008 0.00000 0.95998 -0.28007 0.00000 0.81854 -0.57445 0.00000 0.95998 -0.28008 0.03084 0.99673 -0.07465 0.00000 0.95998 -0.28007 0.00000 0.95998 -0.28008 -0.03084 0.99673 -0.07465 0.03084 0.99673 -0.07465 0.03795 0.99678 -0.07065 0.01170 0.99414 -0.10750 0.09163 0.99233 -0.08292 0.03795 0.99678 -0.07065 -0.02347 0.99665 -0.07829 0.01170 0.99414 -0.10750 0.06077 0.80713 -0.58723 0.15023 0.68419 -0.71366 0.04942 0.80287 -0.59410 0.06077 0.80713 -0.58723 0.18800 0.41978 -0.88794 0.15023 0.68419 -0.71366 -0.15023 0.68420 -0.71366 0.00000 0.81854 -0.57445 0.15023 0.68419 -0.71366 -0.15023 0.68420 -0.71366 0.00000 0.81855 -0.57444 0.00000 0.81854 -0.57445 -0.40656 0.90556 -0.12108 -0.03084 0.99673 -0.07465 -0.08206 0.99231 -0.09262 -0.40656 0.90556 -0.12108 0.03084 0.99673 -0.07465 -0.03084 0.99673 -0.07465 0.08206 0.99231 -0.09262 0.03084 0.99673 -0.07465 0.55031 0.83300 -0.05721 -1.00000 0.00000 0.00000 -1.00000 0.00000 0.00000 -1.00000 0.00000 0.00000 -1.00000 0.00000 0.00000 -1.00000 0.00000 0.00000 -1.00000 0.00000 0.00000 -1.00000 0.00000 0.00000 -1.00000 0.00000 0.00000 -1.00000 0.00000 0.00000 -1.00000 0.00000 0.00000 -1.00000 0.00000 0.00000 -1.00000 0.00000 0.00000 -1.00000 0.00000 0.00000 -1.00000 0.00000 0.00000 -1.00000 0.00000 0.00000 -1.00000 0.00000 0.00000 -1.00000 0.00000 0.00000 -1.00000 0.00000 0.00000 -1.00000 0.00000 0.00000 -1.00000 0.00000 0.00000 0.00000 -0.22352 -0.97470 0.00000 -0.28964 -0.95714 -0.01982 -0.27408 -0.96150 0.31527 -0.77202 -0.55190 0.31527 -0.77202 -0.55190 0.31527 -0.77202 -0.55190 -0.02581 -0.75660 -0.65337 0.50233 -0.80160 -0.32419 0.50234 -0.80160 -0.32419 0.50233 -0.80160 -0.32419 -0.41450 0.42619 0.80409 -0.41450 0.42619 0.80409 -0.31527 -0.77202 -0.55190 -0.31527 -0.77202 -0.55190 -0.31527 -0.77202 -0.55190 0.02581 -0.75660 -0.65337 0.02581 -0.75660 -0.65337 0.02581 -0.75660 -0.65337 -0.50234 -0.80160 -0.32419 -0.50233 -0.80160 -0.32419 -0.50233 -0.80160 -0.32419 0.41450 0.42619 0.80409 0.41450 0.42619 0.80409 0.61146 -0.59324 0.52362 0.66963 -0.51005 0.53986 0.54113 -0.76631 0.34633 -0.07776 0.98364 -0.16247 0.10251 0.97333 -0.20524 -0.43018 0.89947 -0.07684 0.10251 0.97333 -0.20524 -0.07776 0.98364 -0.16247 0.05531 0.99846 -0.00450 0.04395 0.87487 -0.48236 0.09518 0.74711 -0.65785 0.20110 0.80975 -0.55124 -0.09067 0.99243 -0.08281 0.07248 0.99202 -0.10320 -0.41976 0.90491 -0.07025 0.07248 0.99202 -0.10320 -0.09067 0.99243 -0.08281 0.01422 0.99531 0.09570 -0.10191 0.97338 -0.20528 0.07870 0.98357 -0.16248 0.43122 0.89897 -0.07688 0.07870 0.98357 -0.16248 -0.10191 0.97338 -0.20528 -0.05455 0.99850 -0.00429 -0.09518 0.74711 -0.65785 -0.04395 0.87487 -0.48236 -0.20110 0.80975 -0.55124 -0.07164 0.99209 -0.10306 0.09163 0.99233 -0.08292 0.01170 0.99414 -0.10750 0.09163 0.99233 -0.08292 -0.07164 0.99209 -0.10306 -0.01351 0.99531 0.09583 -0.08206 0.99231 -0.09262 0.08206 0.99231 -0.09262 -0.40656 0.90556 -0.12108 0.08206 0.99231 -0.09262 -0.08206 0.99231 -0.09262 0.00000 0.99532 0.09665 -0.05960 0.98884 -0.13653 -0.10191 0.97338 -0.20528 -0.59895 0.76296 -0.24321 -0.02347 0.99665 -0.07829 -0.07164 0.99209 -0.10306 0.01170 0.99414 -0.10750 -1.00000 0.00000 0.00000 -1.00000 0.00000 0.00000 -0.02166 0.94960 -0.31271 -0.01993 0.94969 -0.31256 0.08006 0.77670 -0.62476 -0.21387 -0.96069 0.17700 -0.29931 -0.92268 0.24307 0.00000 -0.98225 0.18760</float_array>
     <technique_common>
      <accessor count="400" source="#realb11_3-lib-normals-array" stride="3">
       <param name="X" type="float"/>
       <param name="Y" type="float"/>
       <param name="Z" type="float"/>
      </accessor>
     </technique_common>
    </source>
    <source id="realb11_3-lib-texcoords">
     <float_array id="realb11_3-lib-texcoords-array" count="906">0.43457 -0.68945 0.62598 -0.69336 0.51074 -0.72949 0.43457 -0.68945 0.49902 -0.61133 0.62598 -0.69336 0.15820 -0.56055 0.49902 -0.61133 0.43457 -0.68945 0.16504 -0.66211 0.15820 -0.56055 0.43457 -0.68945 0.16504 -0.66211 0.01270 -0.56934 0.15820 -0.56055 -0.00488 -0.68652 0.01270 -0.56934 0.16504 -0.66211 0.62012 -0.02246 0.62012 -0.29980 0.71289 -0.29980 0.62012 -0.02246 0.53613 -0.29980 0.62012 -0.29980 0.62012 -0.02246 0.62012 -0.29980 0.71289 -0.29980 0.62012 -0.02246 0.53613 -0.29980 0.62012 -0.29980 0.62012 -0.02246 0.62012 -0.29980 0.71289 -0.29980 0.62012 -0.02246 0.53613 -0.29980 0.62012 -0.29980 0.62012 -0.02246 0.62012 -0.29980 0.71289 -0.29980 0.62012 -0.02246 0.53613 -0.29980 0.62012 -0.29980 0.13770 -0.32520 0.36133 -0.07129 0.06934 -0.00781 0.13770 -0.32520 0.36035 -0.32910 0.36133 -0.07129 0.36133 -0.07129 0.36035 -0.32910 0.13770 -0.32520 0.36133 -0.07129 0.13770 -0.32520 0.36035 -0.32910 0.06934 -0.00781 0.13770 -0.32520 0.36133 -0.07129 0.06934 -0.00781 0.00684 -0.22461 0.13770 -0.32520 -0.18652 -0.17871 -0.18652 -0.18164 -0.18457 -0.18066 -0.18652 -0.17871 -0.18457 -0.18066 -0.18652 -0.18164 0.56348 -0.85938 0.59375 -0.91797 0.57812 -0.91211 0.56348 -0.85938 0.62109 -0.87305 0.59375 -0.91797 0.62891 -0.82812 0.62109 -0.87305 0.56348 -0.85938 0.00684 -0.22461 0.13770 -0.32520 0.06934 -0.00781 0.00684 -0.22461 0.06934 -0.00781 0.13770 -0.32520 0.54980 -0.46289 0.15820 -0.56055 0.23242 -0.35449 0.54980 -0.46289 0.49902 -0.61133 0.15820 -0.56055 0.54492 -0.77832 0.62598 -0.69336 0.63184 -0.77344 0.54492 -0.77832 0.51074 -0.72949 0.62598 -0.69336 0.62598 -0.69336 0.51074 -0.72949 0.54492 -0.77832 0.62598 -0.69336 0.43457 -0.68945 0.51074 -0.72949 0.49902 -0.61133 0.43457 -0.68945 0.62598 -0.69336 0.49902 -0.61133 0.15820 -0.56055 0.43457 -0.68945 0.54980 -0.46289 0.15820 -0.56055 0.49902 -0.61133 0.54980 -0.46289 0.23242 -0.35449 0.15820 -0.56055 0.15820 -0.56055 0.16504 -0.66211 0.43457 -0.68945 0.15820 -0.56055 0.01270 -0.56934 0.16504 -0.66211 0.63184 -0.77344 0.54492 -0.77832 0.62891 -0.82812 0.63184 -0.77344 0.62598 -0.69336 0.54492 -0.77832 0.62891 -0.82812 0.56348 -0.85938 0.62109 -0.87305 0.62891 -0.82812 0.55664 -0.81250 0.56348 -0.85938 0.54492 -0.77832 0.55664 -0.81250 0.62891 -0.82812 0.54492 -0.77832 0.62891 -0.82812 0.55664 -0.81250 0.63184 -0.77344 0.62891 -0.82812 0.54492 -0.77832 0.62012 -0.29980 0.62012 -0.02246 0.71289 -0.29980 0.62012 -0.29980 0.53613 -0.29980 0.62012 -0.02246 0.62012 -0.29980 0.62012 -0.02246 0.71289 -0.29980 0.62012 -0.29980 0.53613 -0.29980 0.62012 -0.02246 0.62012 -0.29980 0.62012 -0.02246 0.71289 -0.29980 0.62012 -0.29980 0.53613 -0.29980 0.62012 -0.02246 0.62012 -0.29980 0.62012 -0.02246 0.71289 -0.29980 0.62012 -0.29980 0.53613 -0.29980 0.62012 -0.02246 0.13770 -0.32520 0.36133 -0.07129 0.36035 -0.32910 0.13770 -0.32520 0.06934 -0.00781 0.36133 -0.07129 0.00684 -0.22461 0.06934 -0.00781 0.13770 -0.32520 0.59375 -0.91797 0.56348 -0.85938 0.57812 -0.91211 0.59375 -0.91797 0.62109 -0.87305 0.56348 -0.85938 0.99609 -0.35449 0.88379 -0.68652 0.89453 -0.35352 0.99609 -0.35449 1.05371 -0.68555 0.88379 -0.68652 1.00879 -0.39941 0.88086 -0.33594 1.05371 -0.33691 1.00879 -0.39941 1.00879 -0.68555 0.88086 -0.33594 0.89160 -0.68652 1.00000 -0.35449 0.89160 -0.35352 0.89160 -0.68652 1.00000 -0.68555 1.00000 -0.35449 0.94629 -0.73340 0.89160 -0.35352 0.89160 -0.79980 0.94629 -0.73340 1.00000 -0.35449 0.89160 -0.35352 1.00000 -0.79980 1.00000 -0.35449 0.94629 -0.73340 0.89160 -0.68652 1.00000 -0.35449 0.89160 -0.35352 0.89160 -0.68652 1.00000 -0.68555 1.00000 -0.35449 0.89160 -0.68652 1.00000 -0.35449 0.89160 -0.35352 0.89160 -0.68652 1.00000 -0.68555 1.00000 -0.35449 0.94629 -0.73340 0.89160 -0.35352 0.89160 -0.79980 0.94629 -0.73340 1.00000 -0.35449 0.89160 -0.35352 1.00000 -0.79980 1.00000 -0.35449 0.94629 -0.73340 0.89160 -0.68652 1.00000 -0.35449 0.89160 -0.35352 0.89160 -0.68652 1.00000 -0.68555 1.00000 -0.35449 0.99609 -0.35449 0.88379 -0.68652 1.05371 -0.68555 0.99609 -0.35449 0.89453 -0.35352 0.88379 -0.68652 0.88086 -0.33594 1.00879 -0.39941 1.05371 -0.33691 0.88086 -0.33594 1.00879 -0.68555 1.00879 -0.39941 0.88086 -0.68652 1.00879 -0.68555 0.88086 -0.33594 1.00000 -0.68555 0.89160 -0.35352 0.89160 -0.68652 1.00000 -0.68555 1.00000 -0.35449 0.89160 -0.35352 1.00000 -0.35449 0.94629 -0.73340 1.00000 -0.79980 1.00000 -0.35449 0.89160 -0.35352 0.94629 -0.73340 1.00000 -0.68555 0.89160 -0.35352 0.89160 -0.68652 1.00000 -0.68555 1.00000 -0.35449 0.89160 -0.35352 1.00000 -0.68555 0.89160 -0.35352 0.89160 -0.68652 1.00000 -0.68555 1.00000 -0.35449 0.89160 -0.35352 0.89160 -0.68652 1.00000 -0.35449 0.89160 -0.35352 0.89160 -0.68652 1.00000 -0.68555 1.00000 -0.35449 0.89160 -0.35352 1.00000 -0.68555 1.00000 -0.35449 0.89160 -0.35352 0.89160 -0.68652 1.00000 -0.68555 1.00000 -0.35449 0.94629 -0.73340 1.00000 -0.79980 1.00000 -0.35449 0.89160 -0.35352 0.94629 -0.73340 1.00000 -0.68555 0.89160 -0.35352 0.89160 -0.68652 1.00000 -0.68555 1.00000 -0.35449 0.89160 -0.35352 0.89160 -0.35352 1.00000 -0.68555 1.00000 -0.35449 0.89160 -0.35352 0.89160 -0.68652 1.00000 -0.68555 0.94629 -0.73340 0.89160 -0.35352 0.89160 -0.79980 0.94629 -0.73340 1.00000 -0.35449 0.89160 -0.35352 1.00000 -0.79980 1.00000 -0.35449 0.94629 -0.73340 0.25879 -0.85742 0.24902 -0.93066 0.17090 -0.92285 0.25879 -0.85742 0.27734 -0.94434 0.24902 -0.93066 0.28320 -0.85742 0.27734 -0.94434 0.25879 -0.85742 0.18652 -0.85938 0.25879 -0.85742 0.17090 -0.92285 0.18652 -0.85938 0.17676 -0.79102 0.25879 -0.85742 0.71973 -0.84375 0.64062 -0.92969 0.76465 -0.84863 0.71973 -0.84375 0.70410 -0.83398 0.64062 -0.92969 0.72168 -0.82715 0.70410 -0.83398 0.71973 -0.84375 0.72168 -0.82715 0.72461 -0.79102 0.70410 -0.83398 0.82324 -0.70898 0.72461 -0.79102 0.72168 -0.82715 0.82324 -0.70898 0.77148 -0.70410 0.72461 -0.79102 0.27832 -0.76074 0.25879 -0.85742 0.17676 -0.79102 0.27832 -0.76074 0.34863 -0.75879 0.25879 -0.85742 0.76270 -0.68359 0.83008 -0.53711 0.75586 -0.54199 0.76270 -0.68359 0.77344 -0.68457 0.83008 -0.53711 0.77148 -0.70410 0.77344 -0.68457 0.76270 -0.68359 0.07715 -0.90430 0.17090 -0.92285 0.03711 -0.95996 0.07715 -0.90430 0.18652 -0.85938 0.17090 -0.92285 0.05859 -0.85742 0.18652 -0.85938 0.07715 -0.90430 0.05859 -0.85742 0.17676 -0.79102 0.18652 -0.85938 0.56348 -0.85938 0.55664 -0.81250 0.62891 -0.82812 0.55273 -0.12988 0.57324 -0.12988 0.56152 -0.10742 0.55273 -0.12695 0.57227 -0.12988 0.56152 -0.10742 0.55176 -0.12891 0.57227 -0.12891 0.56152 -0.10742 0.55273 -0.12793 0.57324 -0.12793 0.56152 -0.10742 0.57324 -0.12988 0.55273 -0.12988 0.56152 -0.10742 0.57227 -0.12988 0.55273 -0.12695 0.56152 -0.10742 0.57227 -0.12891 0.55176 -0.12891 0.56152 -0.10742 0.57324 -0.12793 0.55273 -0.12793 0.56152 -0.10742 0.01270 -0.56934 -0.00488 -0.68652 0.16504 -0.66211 0.99414 -0.26953 0.75391 -0.27051 0.87305 -0.10645 0.76562 -0.26953 0.98438 -0.27051 0.87207 -0.17188 0.47949 -0.06543 0.49219 -0.06738 0.48535 -0.04102 0.99414 -0.26953 0.75391 -0.27051 0.87305 -0.10645 0.76562 -0.26953 0.98438 -0.27051 0.87207 -0.17188 0.99414 -0.26953 0.75391 -0.27051 0.87305 -0.10645 0.76367 -0.27051 0.98242 -0.26953 0.87598 -0.17188 0.49219 -0.06738 0.47949 -0.06543 0.48535 -0.04102 0.99414 -0.26953 0.75391 -0.27051 0.87305 -0.10645 0.76367 -0.27051 0.98242 -0.26953 0.87598 -0.17188 0.99414 -0.26953 0.75391 -0.27051 0.87305 -0.10645 0.76562 -0.26953 0.98438 -0.27051 0.87207 -0.17188 0.89160 -0.35352 0.89160 -0.79980 0.94629 -0.73340 0.89160 -0.35352 0.89160 -0.79980 0.94629 -0.73340 0.25879 -0.85742 0.34863 -0.75879 0.28320 -0.85742 0.76270 -0.68359 0.72461 -0.79102 0.77148 -0.70410 1.00879 -0.68555 0.88086 -0.68652 0.88086 -0.33594 0.13770 -0.32520 0.06934 -0.00781 0.36133 -0.07129</float_array>
     <technique_common>
      <accessor count="453" offset="0" source="#realb11_3-lib-texcoords-array" stride="2">
       <param name="U" type="float"/>
       <param name="V" type="float"/>
      </accessor>
     </technique_common>
    </source>
    <vertices id="realb11_3-lib-vertices">
     <input semantic="POSITION" source="#realb11_3-lib-positions"/>
    </vertices>
    <polylist count="151" material="mat4.png">
     <input offset="0" semantic="VERTEX" source="#realb11_3-lib-vertices"/>
     <input offset="1" semantic="NORMAL" source="#realb11_3-lib-normals"/>
     <input offset="2" semantic="TEXCOORD" source="#realb11_3-lib-texcoords"/>
     <vcount>3 3 3 3 3 3 3 3 3 3 3 3 3 3 3 3 3 3 3 3 3 3 3 3 3 3 3 3 3 3 3 3 3 3 3 3 3 3 3 3 3 3 3 3 3 3 3 3 3 3 3 3 3 3 3 3 3 3 3 3 3 3 3 3 3 3 3 3 3 3 3 3 3 3 3 3 3 3 3 3 3 3 3 3 3 3 3 3 3 3 3 3 3 3 3 3 3 3 3 3 3 3 3 3 3 3 3 3 3 3 3 3 3 3 3 3 3 3 3 3 3 3 3 3 3 3 3 3 3 3 3 3 3 3 3 3 3 3 3 3 3 3 3 3 3 3 3 3 3 3 3</vcount>
     <p>2 2 2 1 1 1 0 0 0 1 5 5 3 4 4 0 3 3 0 8 8 3 7 7 4 6 6 0 11 11 4 10 10 5 9 9 4 14 14 6 13 13 5 12 12 5 17 17 6 16 16 7 15 15 10 20 20 9 19 19 8 18 18 9 23 23 11 22 22 8 21 21 14 26 26 13 25 25 12 24 24 13 28 29 15 27 28 12 27 27 18 31 32 17 30 31 16 29 30 17 34 35 19 33 34 16 32 33 22 37 38 21 36 37 20 35 36 21 38 41 23 38 40 20 38 39 26 41 44 25 40 43 24 39 42 25 44 47 27 43 46 24 42 45 24 47 50 27 46 49 28 45 48 27 50 53 29 49 52 28 48 51 28 53 56 29 52 55 30 51 54 29 56 59 31 55 58 30 54 57 34 59 62 33 58 61 32 57 60 33 62 65 35 61 64 32 60 63 38 65 68 37 64 67 36 63 66 37 68 71 39 67 70 36 66 69 36 71 74 39 70 73 40 69 72 26 74 77 24 73 76 41 72 75 24 77 80 42 76 79 41 75 78 44 80 83 4 79 82 43 78 81 4 83 86 3 82 85 43 81 84 46 86 89 1 85 88 45 84 87 1 89 92 2 88 91 45 87 90 45 92 95 2 91 94 47 90 93 2 95 98 0 94 97 47 93 96 47 98 101 0 97 100 48 96 99 0 101 104 49 100 103 48 99 102 48 104 107 49 103 106 50 102 105 49 107 110 51 106 109 50 105 108 0 110 113 5 109 112 49 108 111 5 113 116 52 112 115 49 111 114 54 116 119 45 115 118 53 114 117 45 119 122 47 118 121 53 117 120 55 122 125 36 121 124 54 120 123 36 125 128 56 124 127 54 123 126 54 128 131 56 127 130 45 126 129 56 131 134 40 130 133 45 129 132 45 134 137 40 133 136 46 132 135 59 137 140 58 136 139 57 135 138 58 139 143 60 139 142 57 138 141 63 142 146 62 141 145 61 140 144 62 144 149 64 144 148 61 143 147 67 147 152 66 146 151 65 145 150 66 150 155 68 149 154 65 148 153 71 153 158 70 152 157 69 151 156 70 156 161 72 155 160 69 154 159 27 159 164 25 158 163 29 157 162 25 162 167 73 161 166 29 160 165 29 165 170 73 164 169 31 163 168 75 168 173 36 167 172 74 166 171 36 171 176 55 170 175 74 169 174 24 174 179 76 173 178 41 172 177 76 177 182 77 176 181 41 175 180 77 180 185 76 179 184 78 178 183 76 183 188 79 182 187 78 181 186 79 186 191 81 185 190 80 184 189 81 189 194 82 188 193 80 187 192 84 192 197 80 191 196 83 190 195 80 195 200 82 194 199 83 193 198 83 198 203 82 197 202 85 196 201 88 201 206 87 200 205 86 199 204 87 204 209 89 203 208 86 202 207 86 207 212 89 206 211 90 205 210 89 210 215 91 209 214 90 208 213 93 213 218 90 212 217 92 211 216 90 216 221 91 215 220 92 214 219 92 219 224 91 218 223 94 217 222 24 222 227 95 221 226 88 220 225 95 225 230 87 224 229 88 223 228 97 228 233 96 227 232 31 226 231 96 231 236 29 230 235 31 229 234 97 234 239 98 233 238 96 232 237 98 237 242 99 236 241 96 235 240 96 240 245 99 239 244 100 238 243 102 243 248 100 242 247 101 241 246 100 246 251 99 245 250 101 244 249 104 249 254 103 248 253 101 247 252 103 252 257 102 251 256 101 250 255 107 255 260 106 254 259 105 253 258 106 258 263 108 257 262 105 256 261 110 261 266 107 260 265 109 259 264 107 264 269 105 263 268 109 262 267 113 267 272 112 266 271 111 265 270 112 270 275 114 269 274 111 268 273 114 273 278 115 272 277 111 271 276 115 276 281 116 275 280 111 274 279 118 279 284 117 278 283 109 277 282 117 282 287 110 281 286 109 280 285 106 285 290 119 284 289 108 283 288 119 288 293 29 287 292 108 286 291 119 291 296 112 290 295 95 289 294 112 294 299 113 293 298 95 292 297 121 297 302 116 296 301 120 295 300 116 300 305 115 299 304 120 298 303 120 303 308 115 302 307 122 301 306 125 304 311 124 304 310 123 304 309 124 305 314 126 305 313 123 305 312 123 306 317 126 306 316 127 306 315 125 307 320 123 307 319 128 307 318 123 308 323 129 308 322 128 308 321 132 309 326 131 309 325 130 309 324 131 310 329 133 310 328 130 310 327 130 311 332 133 311 331 134 311 330 133 312 335 135 312 334 134 312 333 134 313 338 135 313 337 136 313 336 135 314 341 137 314 340 136 314 339 129 315 344 123 315 343 138 315 342 123 316 347 139 316 346 138 316 345 142 317 350 141 317 349 140 317 348 141 318 353 143 318 352 140 318 351 140 319 356 143 319 355 137 319 354 142 320 359 125 320 358 144 320 357 125 321 362 128 321 361 144 321 360 144 322 365 128 322 364 145 322 363 128 323 368 129 323 367 145 323 366 40 326 371 56 325 370 36 324 369 8 329 374 11 328 373 10 327 372 12 330 377 15 330 376 14 330 375 16 333 380 19 332 379 18 331 378 20 335 383 23 335 382 22 334 381 58 338 386 59 337 385 60 336 384 62 341 389 63 340 388 64 339 387 66 344 392 67 343 391 68 342 390 70 346 395 71 345 394 72 345 393 5 349 398 7 348 397 52 347 396 83 352 401 85 351 400 84 350 399 146 355 404 84 354 403 85 353 402 147 358 407 77 357 406 78 356 405 92 361 410 94 360 409 93 359 408 148 364 413 93 363 412 94 362 411 103 367 416 104 366 415 149 365 414 150 370 419 149 369 418 104 368 417 151 373 422 98 372 421 97 371 420 117 376 425 118 375 424 152 374 423 153 379 428 152 378 427 118 377 426 120 382 431 122 381 430 121 380 429 154 385 434 121 384 433 122 383 432 103 388 437 149 387 436 102 386 435 117 391 440 152 390 439 110 389 438 127 392 443 139 392 442 123 392 441 137 393 446 135 393 445 140 393 444 76 396 449 81 395 448 79 394 447 28 399 452 42 398 451 24 397 450</p>
    </polylist>
   </mesh>
  </geometry>
 </library_geometries>
 <library_visual_scenes>
  <visual_scene id="Scene" name="Scene">
   <node id="Camera" name="Camera">
    <rotate sid="rotateY">0 1 0 -0.00000</rotate>
    <rotate sid="rotateX">1 0 0 -0.00000</rotate>
    <rotate sid="rotateZ">0 0 1 -0.00000</rotate>
    <translate sid="translate">0.00000 0.00000 154.89018</translate>
    <instance_camera url="#Camera-Camera"/>
   </node>
   <node id="realb11" name="realb11">
    <translate sid="translate">0.00000 0.00000 0.00000</translate>
    <rotate sid="head">0 1 0 0.00000</rotate>
    <rotate sid="pitch">1 0 0 0.00000</rotate>
    <rotate sid="bank">0 0 1 0.00000</rotate>
    <scale sid="scale">1.00000 1.00000 1.00000</scale>
    <instance_geometry url="#realb11-lib">
     <bind_material>
      <technique_common>
       <instance_material symbol="mat3.png" target="#mat3.png">
        <bind_vertex_input semantic="UVSET0" input_semantic="TEXCOORD"/>
       </instance_material>
      </technique_common>
     </bind_material>
    </instance_geometry>
   </node>
   <node id="realb11_1" name="realb11_1">
    <translate sid="translate">0.00000 0.00000 0.00000</translate>
    <rotate sid="head">0 1 0 0.00000</rotate>
    <rotate sid="pitch">1 0 0 0.00000</rotate>
    <rotate sid="bank">0 0 1 0.00000</rotate>
    <scale sid="scale">1.00000 1.00000 1.00000</scale>
    <instance_geometry url="#realb11_1-lib">
     <bind_material>
      <technique_common>
       <instance_material symbol="mat2.png" target="#mat2.png">
        <bind_vertex_input semantic="UVSET0" input_semantic="TEXCOORD"/>
       </instance_material>
      </technique_common>
     </bind_material>
    </instance_geometry>
   </node>
   <node id="realb11_2" name="realb11_2">
    <translate sid="translate">0.00000 0.00000 0.00000</translate>
    <rotate sid="head">0 1 0 0.00000</rotate>
    <rotate sid="pitch">1 0 0 0.00000</rotate>
    <rotate sid="bank">0 0 1 0.00000</rotate>
    <scale sid="scale">1.00000 1.00000 1.00000</scale>
    <instance_geometry url="#realb11_2-lib">
     <bind_material>
      <technique_common>
       <instance_material symbol="mat1.png" target="#mat1.png">
        <bind_vertex_input semantic="UVSET0" input_semantic="TEXCOORD"/>
       </instance_material>
      </technique_common>
     </bind_material>
    </instance_geometry>
   </node>
   <node id="realb11_3" name="realb11_3">
    <translate sid="translate">0.00000 0.00000 0.00000</translate>
    <rotate sid="head">0 1 0 0.00000</rotate>
    <rotate sid="pitch">1 0 0 0.00000</rotate>
    <rotate sid="bank">0 0 1 0.00000</rotate>
    <scale sid="scale">1.00000 1.00000 1.00000</scale>
    <instance_geometry url="#realb11_3-lib">
     <bind_material>
      <technique_common>
       <instance_material symbol="mat4.png" target="#mat4.png">
        <bind_vertex_input semantic="UVSET0" input_semantic="TEXCOORD"/>
       </instance_material>
      </technique_common>
     </bind_material>
    </instance_geometry>
   </node>
  </visual_scene>
 </library_visual_scenes>
 <scene>
  <instance_visual_scene url="#Scene"/>
 </scene>
</COLLADA>
