# Blender v2.81 (sub 16) OBJ File: ''
# www.blender.org
mtllib Shun.mtl
o chara03
v 1.632812 136.787369 12.905089
v 0.214844 136.465363 13.441198
v 0.214844 133.139679 12.115833
v -1.130859 136.787369 12.905089
v 1.632812 136.787369 12.905089
v 0.214844 133.139679 12.115833
v 6.253906 134.527969 8.293600
v 7.595703 136.357391 9.525774
v -1.130859 136.787369 12.905089
v -6.814453 136.357391 9.525774
v -5.826172 134.527969 8.293600
v 0.214844 133.139679 12.115833
v 1.730469 139.387039 11.643989
v 0.214844 140.252762 12.471699
v 0.214844 137.538101 14.825865
v 1.632812 136.787369 12.905089
v 0.214844 137.538101 14.825865
v 0.214844 140.252762 12.471699
v -1.228516 139.387619 11.554111
v -1.130859 136.787369 12.905089
v 0.214844 137.538101 14.825865
v 0.214844 136.465363 13.441198
v 1.632812 136.787369 12.905089
v 0.214844 137.538101 14.825865
v -1.130859 136.787369 12.905089
v 0.214844 136.465363 13.441198
v 9.363281 139.830399 3.925618
v 9.792969 142.649719 4.292748
v 8.699219 139.207672 8.938164
v 9.341797 146.193619 9.159495
v 1.730469 139.387039 11.643989
v 1.800781 146.085327 12.500113
v 0.214844 140.252762 12.471699
v 0.214844 146.163589 13.325061
v -1.228516 139.387619 11.554111
v -1.300781 146.085449 12.564607
v -7.865234 139.207672 8.938164
v -8.914062 146.193619 9.159495
v -8.935547 139.830399 3.925618
v -9.425781 142.649719 4.292748
v 2.023438 125.820511 -8.140553
v 3.335938 103.465393 -9.033295
v 0.214844 126.272362 -9.833226
v 0.214844 104.404625 -15.884017
v -1.595703 125.820511 -8.140553
v -2.908203 103.465393 -9.033295
v 5.171875 146.665024 13.077397
v 13.828125 148.010529 7.246960
v 2.095703 150.812088 13.001397
v 11.425781 152.936279 9.968020
v -0.175781 152.692123 15.345006
v 8.410156 158.250320 11.123018
v -12.210938 157.594833 2.183396
v -12.423828 156.477463 6.030890
v -5.681641 161.530243 4.198287
v -6.039062 160.641037 8.822210
v 2.478516 163.091599 4.477021
v 1.605469 160.897186 10.955667
v 9.353516 160.426468 2.736527
v 8.410156 158.250320 11.123018
v 14.914062 153.547318 1.228429
v 11.425781 152.936279 9.968020
v 16.652344 149.364090 0.166045
v 13.828125 148.010529 7.246960
v 10.238281 157.909058 3.853391
v 7.388672 151.119156 9.818839
v 13.968750 148.786499 1.101393
v 8.410156 149.739441 9.267750
v 12.566406 144.152695 2.216937
v 10.099609 145.433090 6.136257
v 9.990234 157.843948 -3.644876
v 8.621094 149.837006 -11.010474
v 0.214844 161.141891 -4.651690
v 0.214844 150.783279 -12.750294
v -9.562500 157.843948 -3.644876
v -8.193359 149.837006 -11.010474
v -13.541016 148.786499 1.101393
v -13.697266 145.595291 -1.728828
v -13.697266 145.595291 -1.728828
v -8.193359 149.837006 -11.010474
v -9.970703 135.737167 -3.694565
v -6.113281 137.267487 -9.564714
v -1.644531 127.153412 -7.658650
v 0.214844 127.588066 -9.611825
v -12.138672 144.152695 2.216937
v -9.671875 145.433090 6.136257
v -13.541016 148.786499 1.101393
v -7.982422 149.739441 9.267750
v -9.771484 157.805511 4.059560
v -6.960938 151.119156 9.818839
v 2.072266 127.153412 -7.658650
v 0.214844 127.588066 -9.611825
v 10.398438 135.737167 -3.694565
v 6.541016 137.267487 -9.564714
v 14.125001 145.595291 -1.728828
v 8.621094 149.837006 -11.010474
v 13.968750 148.786499 1.101393
v 9.990234 157.843948 -3.644876
v 3.335938 103.465393 -9.033295
v 0.214844 62.222485 -19.279135
v 0.214844 104.404625 -15.884017
v -2.908203 103.465393 -9.033295
v -1.019531 158.815521 2.690896
v 7.515625 165.726349 14.809400
v 5.691406 169.920242 13.356994
v 20.748049 161.037598 24.764318
v -1.455078 149.593384 14.493130
v 2.664062 138.253098 14.144550
v 0.179688 150.441055 15.130768
v 2.095703 150.812088 13.001397
v -12.968750 139.111343 6.543459
v -9.929688 130.889694 7.240789
v -11.925781 138.495987 8.122634
v -9.312500 137.851334 8.803988
v -5.292969 151.463669 11.730062
v -9.375000 154.406326 12.642007
v -11.925781 138.495987 8.122634
v -12.968750 139.111343 6.543459
v -15.324219 140.634567 2.855982
v -12.720703 130.043472 5.655391
v -15.453125 139.729782 5.407981
v -12.968750 139.111343 6.543459
v -14.273437 147.069626 -0.033789
v -15.486328 138.846695 0.225757
v -12.210938 157.594833 2.183396
v -15.091797 141.977158 1.060945
v -14.123047 152.352325 4.297896
v -3.597656 150.229721 11.276904
v -3.093750 151.605087 13.016042
v -5.292969 151.463669 11.730062
v -5.023438 155.059357 13.113885
v -9.375000 154.406326 12.642007
v -6.039062 160.641037 8.822210
v -12.423828 156.477463 6.030890
v -9.375000 154.406326 12.642007
v -12.423828 156.477463 6.030890
v -14.123047 152.352325 4.297896
v -12.210938 157.594833 2.183396
v 8.410156 158.250320 11.123018
v 1.605469 160.897186 10.955667
v -0.175781 152.692123 15.345006
v -6.039062 160.641037 8.822210
v -5.023438 155.059357 13.113885
v 0.214844 133.416153 -1.784583
v 10.398438 135.737167 -3.694565
v 9.720703 140.094528 0.395945
v 14.125001 145.595291 -1.728828
v 2.072266 127.153412 -7.658650
v 10.398438 135.737167 -3.694565
v 0.214844 127.154045 -7.545605
v 0.214844 133.416153 -1.784583
v 0.214844 133.269287 -1.911859
v 0.214844 133.269287 -1.911859
v 10.484375 142.071487 1.939112
v 12.566406 144.152695 2.216937
v 7.644531 127.574585 3.955631
v 10.099609 145.433090 6.136257
v 0.214844 127.588066 -9.611825
v -6.113281 137.267487 -9.564714
v 6.541016 137.267487 -9.564714
v 0.214844 150.783279 -12.750294
v 8.621094 149.837006 -11.010474
v -1.644531 127.153412 -7.658650
v 0.214844 127.154045 -7.545605
v -9.970703 135.737167 -3.694565
v 0.214844 133.416153 -1.784583
v -9.291016 140.094528 0.395945
v -13.541016 148.786499 1.101393
v -9.771484 157.805511 4.059560
v -9.562500 157.843948 -3.644876
v 0.214844 162.156479 4.581466
v 0.214844 161.141891 -4.651690
v 9.990234 157.843948 -3.644876
v 0.214844 153.151917 12.772585
v 0.214844 162.156479 4.581466
v -6.960938 151.119156 9.818839
v -9.771484 157.805511 4.059560
v -10.054688 142.071487 1.939112
v -7.216797 127.574585 3.955631
v -12.138672 144.152695 2.216937
v -9.671875 145.433090 6.136257
v 13.968750 148.786499 1.101393
v 9.990234 157.843948 -3.644876
v 10.238281 157.909058 3.853391
v 0.214844 162.156479 4.581466
v 7.388672 151.119156 9.818839
v 0.214844 153.151917 12.772585
v 3.335938 103.465393 -9.033295
v 2.023438 125.820511 -8.140553
v -1.595703 125.820511 -8.140553
v -2.908203 103.465393 -9.033295
v 9.923828 138.353989 8.099070
v 14.365234 139.038589 4.557857
v 13.828125 148.010529 7.246960
v 5.171875 146.665024 13.077397
v -0.175781 152.692123 15.345006
v -3.093750 151.605087 13.016042
v -1.455078 149.593384 14.493130
v 0.179688 150.441055 15.130768
v -9.375000 154.406326 12.642007
v -14.123047 152.352325 4.297896
v -15.324219 140.634567 2.855982
v -15.453125 139.729782 5.407981
v 14.125001 145.595291 -1.728828
v 12.566406 144.152695 2.216937
v 10.484375 142.071487 1.939112
v 9.720703 140.094528 0.395945
v -13.697266 145.595291 -1.728828
v -9.291016 140.094528 0.395945
v -10.054688 142.071487 1.939112
v -12.138672 144.152695 2.216937
v 3.335938 103.465393 -9.033295
v -2.908203 103.465393 -9.033295
v 0.214844 62.222485 -19.279135
v 9.923828 138.353989 8.099070
v 11.533203 128.363266 2.535750
v 14.365234 139.038589 4.557857
v 0.179688 150.441055 15.130768
v 2.095703 150.812088 13.001397
v -0.175781 152.692123 15.345006
v 17.917969 135.886719 -4.006914
v 16.652344 149.364090 0.166045
v 13.828125 148.010529 7.246960
v -15.091797 141.977158 1.060945
v -15.054688 134.623947 2.973000
v -14.123047 152.352325 4.297896
v -5.292969 151.463669 11.730062
v -11.925781 138.495987 8.122634
v -9.312500 137.851334 8.803988
v -15.453125 139.729782 5.407981
v -12.968750 139.111343 6.543459
v -9.375000 154.406326 12.642007
v 14.125001 145.595291 -1.728828
v 13.968750 148.786499 1.101393
v 12.566406 144.152695 2.216937
v -13.697266 145.595291 -1.728828
v -12.138672 144.152695 2.216937
v -13.541016 148.786499 1.101393
v -13.697266 145.595291 -1.728828
v -9.970703 135.737167 -3.694565
v -9.291016 140.094528 0.395945
v -8.193359 149.837006 -11.010474
v 0.214844 150.783279 -12.750294
v -6.113281 137.267487 -9.564714
v -9.671875 145.433090 6.136257
v -12.138672 144.152695 2.216937
v -7.216797 127.574585 3.955631
v -5.023438 155.059357 13.113885
v -3.093750 151.605087 13.016042
v -0.175781 152.692123 15.345006
v 6.416016 122.654350 7.473934
v 6.278022 126.272842 2.127443
v 0.214844 117.168259 9.417300
v 0.214844 125.648766 3.801127
v -5.988281 122.654350 7.473934
v -5.848597 126.271927 2.127405
v 0.214844 132.121582 5.835416
v 0.214844 125.648766 3.801127
v 3.980469 134.535477 0.508165
v 4.027344 128.760590 -2.158033
v 0.214844 133.416153 -1.784583
v 0.214844 129.812317 -3.030144
v -3.552734 134.535477 0.508165
v -3.599610 128.760590 -2.158033
v 0.214844 132.121582 5.835416
v 0.214844 125.648766 3.801127
v 1.730469 139.387039 11.643989
v 1.632812 136.787369 12.905089
v 8.699219 139.207672 8.938164
v 7.595703 136.357391 9.525774
v 9.363281 139.830399 3.925618
v 8.208984 136.810272 2.368536
v 10.841797 142.417923 2.955352
v 9.363281 139.830399 3.925618
v 11.755859 141.296616 1.422743
v 10.800781 139.323715 1.874959
v 12.945312 140.744949 -0.420087
v 12.275391 138.841339 -0.206279
v 30.272655 121.825989 29.188364
v 30.498693 120.067932 28.922150
v 30.656622 119.705452 35.732349
v 30.721558 119.213013 35.010777
v 31.799864 119.908195 35.655994
v 31.808079 119.400040 34.949917
v 32.190292 122.149345 29.375610
v 32.155251 120.220459 29.108534
v 37.933685 119.925430 28.290300
v 38.430157 121.234322 29.124981
v 37.452381 116.488571 32.108456
v 37.416210 116.344795 32.863613
v 36.513378 116.609230 32.173450
v 36.616524 116.424622 32.930408
v 36.689774 122.160988 29.462820
v 35.584610 116.871002 34.668491
v 36.662132 120.256050 28.901834
v 35.624653 116.814590 33.776409
v 34.406872 120.314514 29.382383
v 34.531322 116.967690 33.815266
v 32.476238 123.983688 0.974381
v 19.586109 125.501549 0.315097
v 30.659851 120.741272 4.380767
v 22.714222 121.024757 4.667931
v 32.538677 118.086739 2.024420
v 22.716022 117.931381 1.684893
v 33.742081 120.767906 -1.684520
v 22.713867 121.025726 -2.660842
v 32.476238 123.983688 0.974381
v 19.586109 125.501549 0.315097
v 34.385353 118.435493 12.729325
v 31.752649 120.973724 12.655431
v 33.707321 117.842819 2.725853
v 31.172520 120.740768 4.835253
v 32.538677 118.086739 2.024420
v 30.659851 120.741272 4.380767
v 34.421642 123.185638 20.320356
v 34.407471 123.174164 21.373318
v 36.879864 121.045609 20.321058
v 37.035870 121.021423 21.371983
v 34.422874 118.907326 20.319836
v 34.405861 118.598747 21.372753
v 31.962734 121.045303 20.321014
v 31.716917 120.283363 21.374146
v 9.792969 142.649719 4.292748
v 10.099609 145.433090 6.136257
v 9.341797 146.193619 9.159495
v 8.410156 149.739441 9.267750
v 1.800781 146.085327 12.500113
v 1.726562 150.573395 12.459177
v 0.214844 146.163589 13.325061
v 0.214844 150.654694 12.969580
v -1.300781 146.085449 12.564607
v -1.193359 150.573395 12.459177
v -8.914062 146.193619 9.159495
v -7.982422 149.739441 9.267750
v 32.190292 122.149345 29.375610
v 32.155251 120.220459 29.108534
v 32.896774 118.769684 35.914341
v 32.795292 118.471519 35.057972
v 33.834984 118.804543 35.865788
v 33.899399 118.494270 35.027378
v 34.432472 122.349030 29.648645
v 34.406872 120.314514 29.382383
v 8.208984 136.810272 2.368536
v 7.595703 136.357391 9.525774
v 6.345703 134.310501 4.932030
v 6.253906 134.527969 8.293600
v 0.214844 131.005844 10.384524
v 0.214844 131.625046 11.498386
v -5.917969 134.310501 4.932030
v -5.826172 134.527969 8.293600
v -7.781250 136.810272 2.368536
v -6.814453 136.357391 9.525774
v 36.879864 121.045609 20.321058
v 36.929089 121.014565 16.481888
v 34.421642 123.185638 20.320356
v 34.402760 123.254906 16.486319
v 31.962734 121.045303 20.321014
v 31.857695 121.009544 16.487246
v 31.962734 121.045303 20.321014
v 31.857695 121.009544 16.487246
v 34.422874 118.907326 20.319836
v 34.403122 118.672379 16.524611
v 36.879864 121.045609 20.321058
v 36.929089 121.014565 16.481888
v 0.214844 131.005844 10.384524
v 0.214844 132.121582 5.835416
v 0.214844 132.121582 5.835416
v 0.214844 131.103043 9.988615
v -5.917969 134.310501 4.932030
v 0.214844 131.005844 10.384524
v -1.130859 136.787369 12.905089
v -1.228516 139.387619 11.554111
v -6.814453 136.357391 9.525774
v -7.865234 139.207672 8.938164
v -7.781250 136.810272 2.368536
v -8.935547 139.830399 3.925618
v -8.935547 139.830399 3.925618
v -10.412109 142.417923 2.955352
v -10.373047 139.323715 1.874959
v -11.328125 141.296616 1.422743
v -11.847656 138.841339 -0.206279
v -12.517578 140.744949 -0.420087
v -30.068865 120.068489 28.921949
v -29.844810 121.824631 29.188068
v -30.293678 119.213600 35.010616
v -30.228743 119.706039 35.732182
v -31.380199 119.400620 34.949757
v -31.371984 119.908783 35.655834
v -31.727406 120.219101 29.108236
v -31.762445 122.147987 29.375315
v -38.002274 121.234909 29.124817
v -37.505806 119.926033 28.290136
v -36.988331 116.345383 32.863453
v -37.024494 116.489159 32.108295
v -36.188679 116.423264 32.930111
v -36.085499 116.609825 32.173283
v -36.261925 122.159630 29.462526
v -36.234253 120.256645 28.901669
v -35.156765 116.869644 34.668201
v -36.261925 122.159630 29.462526
v -35.196774 116.815186 33.776249
v -36.234253 120.256645 28.901669
v -34.103443 116.968285 33.815105
v -33.978992 120.315102 29.382221
v -33.978992 120.315102 29.382221
v -34.004593 122.349609 29.648481
v -34.103443 116.968285 33.815105
v -34.224041 116.979500 34.720829
v -35.196774 116.815186 33.776249
v -35.156765 116.869644 34.668201
v -19.157953 125.502220 0.314320
v -32.048004 123.984306 0.975555
v -22.286024 121.023415 4.669039
v -30.231726 120.739998 4.379925
v -22.287823 117.930038 1.686002
v -32.110519 118.087410 2.023643
v -22.285742 121.024445 -2.661684
v -33.313923 120.768585 -1.685297
v -19.157953 125.502220 0.314320
v -32.048004 123.984306 0.975555
v -33.979660 123.172905 21.372419
v -33.993828 123.184303 20.321411
v -36.608055 121.020096 21.373037
v -36.452019 121.046295 20.320225
v -33.978012 118.599426 21.371922
v -33.995026 118.907944 20.320955
v -31.289074 120.284035 21.373312
v -31.534889 121.045998 20.320181
v -31.727406 120.219101 29.108236
v -31.762445 122.147987 29.375315
v -32.367447 118.470161 35.057674
v -32.468895 118.770271 35.914181
v -33.471554 118.492912 35.027081
v -33.407104 118.805130 35.865627
v -33.978992 120.315102 29.382221
v -34.004593 122.349609 29.648481
v 10.841797 142.417923 2.955352
v 11.755859 141.296616 1.422743
v 12.486328 142.987289 1.068061
v 12.945312 140.744949 -0.420087
v 9.363281 139.830399 3.925618
v 8.208984 136.810272 2.368536
v 10.800781 139.323715 1.874959
v 12.275391 138.841339 -0.206279
v 0.214844 133.416153 -1.784583
v 9.720703 140.094528 0.395945
v 3.980469 134.535477 0.508165
v 8.208984 136.810272 2.368536
v 6.345703 134.310501 4.932030
v 12.486328 142.987289 1.068061
v 12.945312 140.744949 -0.420087
v 9.720703 140.094528 0.395945
v 12.275391 138.841339 -0.206279
v 8.208984 136.810272 2.368536
v 33.742081 120.767906 -1.684520
v 36.883469 120.740784 0.678123
v 32.538677 118.086739 2.024420
v 33.707321 117.842819 2.725853
v 6.253906 134.527969 8.293600
v 0.214844 133.139679 12.115833
v 0.214844 131.625046 11.498386
v -5.826172 134.527969 8.293600
v 36.883469 120.740784 0.678123
v 33.742081 120.767906 -1.684520
v 34.317142 123.911156 1.858390
v 32.476238 123.983688 0.974381
v 28.276329 115.974854 28.474268
v 29.359924 115.800537 27.572214
v 29.115381 116.762932 28.766895
v 32.172050 118.536324 25.786539
v 30.038677 119.455421 26.895823
v -10.412109 142.417923 2.955352
v -12.058594 142.987289 1.068061
v -11.328125 141.296616 1.422743
v -12.517578 140.744949 -0.420087
v -8.935547 139.830399 3.925618
v -10.373047 139.323715 1.874959
v -7.781250 136.810272 2.368536
v -11.847656 138.841339 -0.206279
v -11.847656 138.841339 -0.206279
v -12.517578 140.744949 -0.420087
v -9.291016 140.094528 0.395945
v -12.058594 142.987289 1.068061
v 0.214844 133.416153 -1.784583
v -3.552734 134.535477 0.508165
v -9.291016 140.094528 0.395945
v -7.781250 136.810272 2.368536
v -11.847656 138.841339 -0.206279
v -33.313923 120.768585 -1.685297
v -32.110519 118.087410 2.023643
v -36.455620 120.741402 0.679241
v -33.279472 117.843506 2.725020
v -1.193359 150.573395 12.459177
v 0.214844 150.654694 12.969580
v 0.214844 153.151917 12.772585
v 1.726562 150.573395 12.459177
v -31.744177 118.536613 25.786358
v -28.687542 116.761284 28.766581
v -29.610802 119.455727 26.895639
v -29.785574 121.059036 23.765406
v -7.781250 136.810272 2.368536
v -3.552734 134.535477 0.508165
v -5.917969 134.310501 4.932030
v 0.214844 132.121582 5.835416
v -36.455620 120.741402 0.679241
v -33.889297 123.911842 1.857556
v -33.313923 120.768585 -1.685297
v -32.048004 123.984306 0.975555
v -27.848490 115.973206 28.473955
v -28.687542 116.761284 28.766581
v -28.932049 115.800835 27.572031
v -31.744177 118.536613 25.786358
v -31.190948 117.198753 23.160866
v 9.720703 140.094528 0.395945
v 10.484375 142.071487 1.939112
v 10.841797 142.417923 2.955352
v 12.486328 142.987289 1.068061
v 29.115381 116.762932 28.766895
v 30.213413 121.060684 23.765720
v 29.884018 118.472519 23.093813
v 28.276329 115.974854 28.474268
v 31.618824 117.198463 23.161049
v 29.359924 115.800537 27.572214
v 28.276329 115.974854 28.474268
v 29.884018 118.472519 23.093813
v 30.272655 121.825989 29.188364
v 30.656622 119.705452 35.732349
v 31.799864 119.908195 35.655994
v 32.190292 122.149345 29.375610
v 32.155251 120.220459 29.108534
v 31.808079 119.400040 34.949917
v 30.721558 119.213013 35.010777
v 30.498693 120.067932 28.922150
v 34.432472 122.349030 29.648645
v 34.651920 116.978912 34.720989
v 35.584610 116.871002 34.668491
v 36.689774 122.160988 29.462820
v 36.689774 122.160988 29.462820
v 36.616524 116.424622 32.930408
v 37.416210 116.344795 32.863613
v 38.430157 121.234322 29.124981
v 37.933685 119.925430 28.290300
v 37.452381 116.488571 32.108456
v 36.513378 116.609230 32.173450
v 36.662132 120.256050 28.901834
v 34.651920 116.978912 34.720989
v 34.432472 122.349030 29.648645
v 34.406872 120.314514 29.382383
v 34.531322 116.967690 33.815266
v 36.689774 122.160988 29.462820
v 36.662132 120.256050 28.901834
v 36.513378 116.609230 32.173450
v 36.616524 116.424622 32.930408
v 34.383842 123.326210 12.650391
v 36.978344 120.981506 12.644609
v 36.883469 120.740784 0.678123
v 34.317142 123.911156 1.858390
v 34.317142 123.911156 1.858390
v 31.172520 120.740768 4.835253
v 31.752649 120.973724 12.655431
v 34.383842 123.326210 12.650391
v 34.317142 123.911156 1.858390
v 32.476238 123.983688 0.974381
v 30.659851 120.741272 4.380767
v 31.172520 120.740768 4.835253
v 0.214844 153.151917 12.772585
v 1.726562 150.573395 12.459177
v 8.410156 149.739441 9.267750
v 7.388672 151.119156 9.818839
v 32.190292 122.149345 29.375610
v 32.896774 118.769684 35.914341
v 33.834984 118.804543 35.865788
v 34.432472 122.349030 29.648645
v 34.406872 120.314514 29.382383
v 33.899399 118.494270 35.027378
v 32.795292 118.471519 35.057972
v 32.155251 120.220459 29.108534
v 35.584610 116.871002 34.668491
v 34.651920 116.978912 34.720989
v 34.531322 116.967690 33.815266
v 35.624653 116.814590 33.776409
v 31.716917 120.283363 21.374146
v 34.407471 123.174164 21.373318
v 34.421642 123.185638 20.320356
v 31.962734 121.045303 20.321014
v 33.707321 117.842819 2.725853
v 36.883469 120.740784 0.678123
v 36.978344 120.981506 12.644609
v 34.385353 118.435493 12.729325
v -10.412109 142.417923 2.955352
v -10.054688 142.071487 1.939112
v -9.291016 140.094528 0.395945
v -12.058594 142.987289 1.068061
v -29.456142 118.472824 23.093634
v -29.785574 121.059036 23.765406
v -28.687542 116.761284 28.766581
v -27.848490 115.973206 28.473955
v -27.848490 115.973206 28.473955
v -28.932049 115.800835 27.572031
v -31.190948 117.198753 23.160866
v -29.456142 118.472824 23.093634
v -31.371984 119.908783 35.655834
v -30.228743 119.706039 35.732182
v -29.844810 121.824631 29.188068
v -31.762445 122.147987 29.375315
v -30.293678 119.213600 35.010616
v -31.380199 119.400620 34.949757
v -31.727406 120.219101 29.108236
v -30.068865 120.068489 28.921949
v -35.156765 116.869644 34.668201
v -34.224041 116.979500 34.720829
v -34.004593 122.349609 29.648481
v -36.261925 122.159630 29.462526
v -36.988331 116.345383 32.863453
v -36.188679 116.423264 32.930111
v -36.261925 122.159630 29.462526
v -38.002274 121.234909 29.124817
v -36.085499 116.609825 32.173283
v -37.024494 116.489159 32.108295
v -37.505806 119.926033 28.290136
v -36.234253 120.256645 28.901669
v -36.455620 120.741402 0.679241
v -36.550499 120.982193 12.643776
v -33.956024 123.324944 12.649493
v -33.889297 123.911842 1.857556
v -31.324804 120.974403 12.654597
v -30.742722 120.741417 4.834414
v -33.889297 123.911842 1.857556
v -33.956024 123.324944 12.649493
v -33.955551 118.436142 12.728487
v -33.279472 117.843506 2.725020
v -30.742722 120.741417 4.834414
v -31.324804 120.974403 12.654597
v -30.231726 120.739998 4.379925
v -32.048004 123.984306 0.975555
v -33.889297 123.911842 1.857556
v -30.742722 120.741417 4.834414
v -33.279472 117.843506 2.725020
v -32.110519 118.087410 2.023643
v -30.231726 120.739998 4.379925
v -30.742722 120.741417 4.834414
v -9.425781 142.649719 4.292748
v -8.914062 146.193619 9.159495
v -7.982422 149.739441 9.267750
v -9.671875 145.433090 6.136257
v -7.982422 149.739441 9.267750
v -1.193359 150.573395 12.459177
v 0.214844 153.151917 12.772585
v -6.960938 151.119156 9.818839
v -33.407104 118.805130 35.865627
v -32.468895 118.770271 35.914181
v -31.762445 122.147987 29.375315
v -34.004593 122.349609 29.648481
v -32.367447 118.470161 35.057674
v -33.471554 118.492912 35.027081
v -33.978992 120.315102 29.382221
v -31.727406 120.219101 29.108236
v -33.993828 123.184303 20.321411
v -33.979660 123.172905 21.372419
v -31.289074 120.284035 21.373312
v -31.534889 121.045998 20.320181
v -36.550499 120.982193 12.643776
v -36.455620 120.741402 0.679241
v -33.279472 117.843506 2.725020
v -33.955551 118.436142 12.728487
v 10.484375 142.071487 1.939112
v 9.363281 139.830399 3.925618
v 10.841797 142.417923 2.955352
v 6.278022 126.272842 2.127443
v 4.027344 128.760590 -2.158033
v 0.214844 125.648766 3.801127
v 0.214844 132.121582 5.835416
v 3.980469 134.535477 0.508165
v 6.345703 134.310501 4.932030
v 5.865234 117.630760 7.298383
v 6.416016 122.654350 7.473934
v 0.214844 117.168259 9.417300
v 30.038677 119.455421 26.895823
v 30.213413 121.060684 23.765720
v 29.115381 116.762932 28.766895
v 29.359924 115.800537 27.572214
v 31.618824 117.198463 23.161049
v 32.172050 118.536324 25.786539
v -10.054688 142.071487 1.939112
v -10.412109 142.417923 2.955352
v -8.935547 139.830399 3.925618
v -5.848597 126.271927 2.127405
v 0.214844 125.648766 3.801127
v -3.599610 128.760590 -2.158033
v -5.437500 117.630760 7.298383
v 0.214844 117.168259 9.417300
v -5.988281 122.654350 7.473934
v 2.072266 127.153412 -7.658650
v 2.023438 125.820511 -8.140553
v 0.214844 127.588066 -9.611825
v 0.214844 126.272362 -9.833226
v -1.644531 127.153412 -7.658650
v -1.595703 125.820511 -8.140553
v 25.195576 126.759857 2.170869
v 19.196705 124.866447 3.140279
v 24.972549 121.143127 7.029475
v 15.430166 120.320518 5.464362
v 24.699162 116.000900 3.092685
v 14.504372 116.581078 4.138059
v 24.695518 116.076141 -0.914540
v 14.671045 117.088318 -2.948215
v 25.249329 120.739777 -5.150947
v 18.125355 121.240868 -4.762314
v 25.264137 126.837112 -1.029636
v 19.249844 124.841606 -2.487622
v 16.315992 9.824151 2.174041
v 16.828428 11.859126 2.173535
v 12.215585 10.607927 5.867740
v 11.916816 12.759302 5.493652
v 7.999763 9.665322 1.953733
v 7.157022 11.998755 1.760514
v 0.214844 91.749542 -5.232570
v 0.214844 95.944458 -3.595228
v 10.929688 91.769691 1.311469
v 9.164062 95.890144 1.242884
v 4.699219 91.790077 8.555440
v 3.945312 95.851875 8.182682
v 0.214844 91.811363 10.349208
v 0.214844 95.822983 10.284337
v -4.271485 91.790077 8.555440
v -3.517578 95.851875 8.182682
v -10.501954 91.769691 1.311469
v -8.736328 95.890144 1.242884
v 0.214844 91.749542 -5.232570
v 0.214844 95.944458 -3.595228
v 12.275393 85.250374 1.363165
v 10.929688 91.769691 1.311469
v 5.746094 84.360847 8.632337
v 4.699219 91.790077 8.555440
v 0.214844 85.014397 10.278860
v 0.214844 91.811363 10.349208
v -5.318360 84.360847 8.632337
v -4.271485 91.790077 8.555440
v -11.847657 85.250374 1.363165
v -10.501954 91.769691 1.311469
v 34.194267 119.083702 24.447990
v 34.406872 120.314514 29.382383
v 32.172050 118.536324 25.786539
v 32.155251 120.220459 29.108534
v 30.038677 119.455421 26.895823
v 30.498693 120.067932 28.922150
v 7.538409 4.904180 2.067787
v 7.786345 2.470324 2.084591
v 6.530251 2.534649 7.951575
v 6.428494 -0.028634 7.939058
v 12.220927 1.955969 18.627165
v 12.224701 -0.026985 18.621609
v 17.913528 2.536259 7.951555
v 18.020800 -0.026995 7.939038
v 16.954470 4.905511 2.067771
v 16.809744 2.471600 2.084575
v 18.020800 -0.026995 7.939038
v 6.428494 -0.028634 7.939058
v 16.809744 2.471600 2.084575
v 7.786345 2.470324 2.084591
v 15.860153 -0.030723 1.328896
v 8.606659 -0.031749 1.328908
v 12.135318 8.887886 -5.466948
v 7.999763 9.665322 1.953733
v 11.854582 11.054121 -5.896685
v 7.157022 11.998755 1.760514
v 7.380893 15.076869 -7.861712
v 4.931800 15.345303 2.861435
v 7.165372 45.657658 -3.682296
v 4.755780 45.923412 1.805223
v 0.351291 81.110710 2.556848
v 0.214844 82.483757 2.545243
v 3.795597 80.729790 -5.347927
v 3.609375 82.091957 -6.365937
v 9.489626 81.933685 -4.889197
v 9.291017 83.332390 -4.976455
v 12.482101 83.718857 1.417113
v 12.275393 85.250374 1.363165
v 5.927767 82.888000 8.659061
v 5.746094 84.360847 8.632337
v 16.828428 11.859126 2.173535
v 19.105642 16.345623 3.365215
v 11.916816 12.759302 5.493652
v 11.521163 17.345875 8.123528
v 7.157022 11.998755 1.760514
v 4.931800 15.345303 2.861435
v 16.315992 9.824151 2.174041
v 16.954470 4.905511 2.067771
v 12.135318 8.887886 -5.466948
v 12.220953 4.172129 -6.105590
v 7.999763 9.665322 1.953733
v 7.538409 4.904180 2.067787
v 4.626954 60.926872 -14.620219
v 3.814454 60.926872 -14.620219
v 2.591797 82.243629 -10.709259
v 1.779297 82.243629 -10.709259
v 0.214844 100.938011 -3.767009
v 0.214844 98.035049 -5.109180
v -2.164063 82.243629 -10.709259
v -1.351563 82.243629 -10.709259
v -4.199219 60.926872 -14.620219
v -3.386719 60.926872 -14.620219
v 16.809744 2.471600 2.084575
v 15.860153 -0.030723 1.328896
v 12.220953 4.172129 -6.105590
v 12.187464 -0.032471 -5.491988
v 7.786345 2.470324 2.084591
v 8.606659 -0.031749 1.328908
v 9.751953 97.722038 1.566504
v 12.371096 95.076218 1.185767
v 0.214844 97.491447 -3.637070
v 0.214844 89.086655 -8.350114
v -9.324219 97.722038 1.566504
v -11.943360 95.076218 1.185767
v 4.027344 128.760590 -2.158033
v 5.741974 127.748627 -3.292799
v 0.214844 129.812317 -3.030144
v 0.214844 128.251099 -4.245269
v -3.599610 128.760590 -2.158033
v -5.314828 127.749290 -3.292836
v 36.662132 120.256050 28.901834
v 34.194267 119.083702 24.447990
v 37.933685 119.925430 28.290300
v 34.405861 118.598747 21.372753
v 38.430157 121.234322 29.124981
v 37.035870 121.021423 21.371983
v 31.752649 120.973724 12.655431
v 31.857695 121.009544 16.487246
v 34.383842 123.326210 12.650391
v 34.402760 123.254906 16.486319
v 36.978344 120.981506 12.644609
v 36.929089 121.014565 16.481888
v 34.385353 118.435493 12.729325
v 34.403122 118.672379 16.524611
v 31.752649 120.973724 12.655431
v 31.857695 121.009544 16.487246
v -18.768475 124.867058 3.141452
v -24.767416 126.760544 2.170092
v -15.001101 120.321526 5.464324
v -24.544315 121.143745 7.030648
v -14.076866 116.579811 4.138022
v -24.271034 115.999626 3.091843
v -14.243898 117.088966 -2.948252
v -24.267361 116.076820 -0.915317
v -17.697229 121.239586 -4.763155
v -24.821169 120.740456 -5.151723
v -18.821718 124.840340 -2.488463
v -24.836012 126.835838 -1.030477
v -33.978992 120.315102 29.382221
v -33.766388 119.084007 24.447811
v -31.727406 120.219101 29.108236
v -31.744177 118.536613 25.786358
v -30.068865 120.068489 28.921949
v -29.610802 119.455727 26.895639
v -31.534889 121.045998 20.320181
v -31.324804 120.974403 12.654597
v -33.993828 123.184303 20.321411
v -33.956024 123.324944 12.649493
v -36.452019 121.046295 20.320225
v -36.550499 120.982193 12.643776
v -33.995026 118.907944 20.320955
v -33.955551 118.436142 12.728487
v -31.534889 121.045998 20.320181
v -31.324804 120.974403 12.654597
v -33.766388 119.084007 24.447811
v -36.234253 120.256645 28.901669
v -33.978012 118.599426 21.371922
v -37.505806 119.926033 28.290136
v -36.608055 121.020096 21.373037
v -38.002274 121.234909 29.124817
v 0.351291 81.110710 2.556848
v 4.755780 45.923412 1.805223
v 5.927767 82.888000 8.659061
v 9.392921 49.259823 8.037626
v 12.482101 83.718857 1.417113
v 14.479078 46.951153 2.213736
v 9.489626 81.933685 -4.889197
v 11.298353 46.982723 -4.155087
v 3.795597 80.729790 -5.347927
v 7.030066 46.485653 -3.854882
v 0.351291 81.110710 2.556848
v 4.755780 45.923412 1.805223
v 7.030066 46.485653 -3.854882
v 11.298353 46.982723 -4.155087
v 7.165372 45.657658 -3.682296
v 11.336868 45.979576 -4.207233
v 7.380893 15.076869 -7.861712
v 15.675010 15.583097 -8.356985
v 11.336868 45.979576 -4.207233
v 14.479078 46.951153 2.213736
v 15.675010 15.583097 -8.356985
v 19.105642 16.345623 3.365215
v 11.854582 11.054121 -5.896685
v 16.828428 11.859126 2.173535
v 12.135318 8.887886 -5.466948
v 16.315992 9.824151 2.174041
v -16.399761 11.857630 2.173502
v -15.888169 9.824089 2.174042
v -11.488148 12.757807 5.493620
v -11.787759 10.607865 5.867742
v -6.730172 11.999335 1.760614
v -7.569983 9.665259 1.953734
v -7.358518 2.470261 2.084592
v -7.108629 4.904117 2.067789
v -5.998715 -0.028695 7.939058
v -6.102425 2.534589 7.951576
v -11.796875 -0.027046 18.621609
v -11.793101 1.955908 18.627163
v -17.592976 -0.027055 7.939037
v -17.485704 2.536198 7.951556
v -16.381920 2.471537 2.084577
v -16.526646 4.905448 2.067772
v -5.998715 -0.028695 7.939058
v -17.592976 -0.027055 7.939037
v -7.358518 2.470261 2.084592
v -16.381920 2.471537 2.084577
v -8.178833 -0.031812 1.328909
v -15.432327 -0.030787 1.328897
v -7.569983 9.665259 1.953734
v -11.707491 8.887824 -5.466949
v -6.730172 11.999335 1.760614
v -11.425914 11.052625 -5.896719
v -4.503131 15.343806 2.861403
v -6.952094 15.077317 -7.861606
v -4.328946 45.923771 1.806039
v -6.736704 45.656155 -3.682328
v 0.214844 82.483757 2.545243
v 0.075547 81.110985 2.555712
v -3.181641 82.091957 -6.365937
v -3.368759 80.730064 -5.349061
v -8.863282 83.332390 -4.976455
v -9.060843 81.933907 -4.888371
v -11.847657 85.250374 1.363165
v -12.053316 83.719078 1.417937
v -5.318360 84.360847 8.632337
v -5.499117 82.886276 8.659956
v -18.676826 16.346210 3.363375
v -16.399761 11.857630 2.173502
v -11.092364 17.346321 8.123638
v -11.488148 12.757807 5.493620
v -4.503131 15.343806 2.861403
v -6.730172 11.999335 1.760614
v -16.526646 4.905448 2.067772
v -15.888169 9.824089 2.174042
v -11.793127 4.172066 -6.105591
v -11.707491 8.887824 -5.466949
v -7.108629 4.904117 2.067789
v -7.569983 9.665259 1.953734
v -15.432327 -0.030787 1.328897
v -16.381920 2.471537 2.084577
v -11.759637 -0.032534 -5.491987
v -11.793127 4.172066 -6.105591
v -8.178833 -0.031812 1.328909
v -7.358518 2.470261 2.084592
v -4.328946 45.923771 1.806039
v 0.075547 81.110985 2.555712
v -8.986685 49.100857 8.036441
v -5.499117 82.886276 8.659956
v -14.050289 46.951309 2.212609
v -12.053316 83.719078 1.417937
v -10.869566 46.982880 -4.156214
v -9.060843 81.933907 -4.888371
v -6.601411 46.483860 -3.855937
v -3.368759 80.730064 -5.349061
v -4.328946 45.923771 1.806039
v 0.075547 81.110985 2.555712
v -10.869566 46.982880 -4.156214
v -6.601411 46.483860 -3.855937
v -10.908200 45.978077 -4.207266
v -6.736704 45.656155 -3.682328
v -15.246193 15.583686 -8.358826
v -6.952094 15.077317 -7.861606
v -14.050289 46.951309 2.212609
v -10.908200 45.978077 -4.207266
v -18.676826 16.346210 3.363375
v -15.246193 15.583686 -8.358826
v -16.399761 11.857630 2.173502
v -11.425914 11.052625 -5.896719
v -15.888169 9.824089 2.174042
v -11.707491 8.887824 -5.466949
v 2.072266 127.153412 -7.658650
v 0.214844 127.154045 -7.545605
v 2.023438 125.820511 -8.140553
v -1.595703 125.820511 -8.140553
v 19.586109 125.501549 0.315097
v 22.713867 121.025726 -2.660842
v 25.264137 126.837112 -1.029636
v 25.249329 120.739777 -5.150947
v 24.972549 121.143127 7.029475
v 22.714222 121.024757 4.667931
v 25.195576 126.759857 2.170869
v 19.586109 125.501549 0.315097
v 4.931800 15.345303 2.861435
v 9.910086 43.317768 7.627917
v 4.755780 45.923412 1.805223
v 9.701817 46.051853 7.831970
v 9.392921 49.259823 8.037626
v 14.479078 46.951153 2.213736
v 7.406250 109.524582 2.700178
v 5.865234 117.630760 7.298383
v 0.214844 109.515793 9.374360
v 0.214844 117.168259 9.417300
v -5.437500 117.630760 7.298383
v 34.405861 118.598747 21.372753
v 34.194267 119.083702 24.447990
v 31.618824 117.198463 23.161049
v 32.172050 118.536324 25.786539
v 12.275393 85.250374 1.363165
v 9.291017 83.332390 -4.976455
v 10.929688 91.769691 1.311469
v 4.642579 87.534508 -5.324649
v 0.214844 91.749542 -5.232570
v 0.214844 84.348549 -6.864774
v -4.212891 87.534508 -5.324649
v -3.181641 82.091957 -6.365937
v -8.863282 83.332390 -4.976455
v 0.351291 81.110710 2.556848
v 5.927767 82.888000 8.659061
v 0.214844 82.483757 2.545243
v 5.746094 84.360847 8.632337
v 0.214844 85.014397 10.278860
v 12.215585 10.607927 5.867740
v 7.999763 9.665322 1.953733
v 6.530251 2.534649 7.951575
v 7.538409 4.904180 2.067787
v 14.671045 117.088318 -2.948215
v 16.196533 121.132553 -4.985309
v 18.125355 121.240868 -4.762314
v 16.929646 125.253960 -2.787888
v 19.249844 124.841606 -2.487622
v 3.945312 95.851875 8.182682
v 0.214844 109.515793 9.374360
v 0.214844 95.822983 10.284337
v -3.517578 95.851875 8.182682
v 4.931800 15.345303 2.861435
v 11.521163 17.345875 8.123528
v 9.910086 43.317768 7.627917
v 19.105642 16.345623 3.365215
v 14.479078 46.951153 2.213736
v 16.954470 4.905511 2.067771
v 16.315992 9.824151 2.174041
v 17.913528 2.536259 7.951555
v 12.215585 10.607927 5.867740
v 12.220927 1.955969 18.627165
v 6.530251 2.534649 7.951575
v 8.193741 63.178276 13.094487
v 14.630139 74.524872 8.140098
v 5.351108 89.393745 12.400463
v 15.064455 88.822243 1.297665
v 12.371096 95.076218 1.185767
v 0.214844 89.086655 -8.350114
v 34.432472 122.349030 29.648645
v 34.407471 123.174164 21.373318
v 32.190292 122.149345 29.375610
v 30.272655 121.825989 29.188364
v 38.430157 121.234322 29.124981
v 34.407471 123.174164 21.373318
v 36.689774 122.160988 29.462820
v 34.432472 122.349030 29.648645
v 30.498693 120.067932 28.922150
v 30.272655 121.825989 29.188364
v 30.038677 119.455421 26.895823
v 30.213413 121.060684 23.765720
v 10.429688 103.646362 1.324721
v 4.525391 103.710426 -3.495805
v 13.128906 116.755501 -3.120785
v 0.214844 122.676498 -6.831508
v 18.191408 74.679665 -4.362436
v 0.214844 61.264339 -11.265498
v 0.214844 89.086655 -8.350114
v -17.763674 74.679665 -4.362435
v 15.605278 126.086746 -3.250919
v 14.706322 121.102127 -5.452258
v 5.741974 127.748627 -3.292799
v 0.214844 128.251099 -4.245269
v 4.525391 103.710426 -3.495805
v 0.214844 103.757362 -6.263498
v 0.214844 122.676498 -6.831508
v -4.097656 103.710426 -3.495805
v 4.525391 103.710426 -3.495805
v 0.214844 102.165588 -3.723507
v 0.214844 103.757362 -6.263498
v -4.097656 103.710426 -3.495805
v 3.035157 97.259628 -5.813803
v 2.339844 96.787910 -5.936510
v 1.134766 99.543228 -4.886492
v 0.214844 99.691078 -5.059348
v 0.214844 100.266655 -4.897189
v -0.707031 99.543228 -4.886492
v 4.292969 98.304008 -5.344663
v 3.759766 97.772598 -5.530293
v 0.214844 100.684052 -4.770814
v 1.134766 99.543228 -4.886492
v 0.214844 100.266655 -4.897189
v 13.128906 116.755501 -3.120785
v 0.214844 122.676498 -6.831508
v 14.706322 121.102127 -5.452258
v 0.214844 128.251099 -4.245269
v 9.367188 102.720596 1.228337
v 9.751953 97.722038 1.566504
v 0.214844 102.165588 -3.723507
v 0.214844 97.491447 -3.637070
v -9.324219 97.722038 1.566504
v -19.157953 125.502220 0.314320
v -24.836012 126.835838 -1.030477
v -22.285742 121.024445 -2.661684
v -24.821169 120.740456 -5.151723
v -24.544315 121.143745 7.030648
v -24.767416 126.760544 2.170092
v -22.286024 121.023415 4.669039
v -19.157953 125.502220 0.314320
v -33.978012 118.599426 21.371922
v -31.190948 117.198753 23.160866
v -33.766388 119.084007 24.447811
v -31.744177 118.536613 25.786358
v -14.243898 117.088966 -2.948252
v -17.697229 121.239586 -4.763155
v -15.769388 121.133209 -4.985346
v -16.500580 125.254967 -2.787925
v -7.765625 63.181763 13.090786
v -4.923864 89.392944 12.401334
v -14.202632 74.527176 8.137601
v -14.636721 88.822243 1.297665
v -17.763674 74.679665 -4.362435
v -14.636721 88.822243 1.297665
v 0.214844 89.086655 -8.350114
v -11.943360 95.076218 1.185767
v -38.002274 121.234909 29.124817
v -36.261925 122.159630 29.462526
v -33.979660 123.172905 21.372419
v -34.004593 122.349609 29.648481
v -31.762445 122.147987 29.375315
v -10.000000 103.646362 1.324721
v -12.701172 116.755501 -3.120785
v -4.097656 103.710426 -3.495805
v 0.214844 122.676498 -6.831508
v -15.176212 126.087746 -3.250957
v -5.314828 127.749290 -3.292836
v -14.277256 121.103149 -5.452295
v 0.214844 128.251099 -4.245269
v 0.214844 122.676498 -6.831508
v -2.607422 97.259628 -5.813803
v -0.707031 99.543228 -4.886492
v -1.912110 96.787910 -5.936510
v 0.214844 99.691078 -5.059348
v 0.214844 100.266655 -4.897189
v -0.707031 99.543228 -4.886492
v 0.214844 100.684052 -4.770814
v -3.332032 97.772598 -5.530293
v -3.865235 98.304008 -5.344663
v -33.979660 123.172905 21.372419
v -29.844810 121.824631 29.188068
v -29.785574 121.059036 23.765406
v -29.610802 119.455727 26.895639
v 9.291017 83.332390 -4.976455
v 3.609375 82.091957 -6.365937
v 4.642579 87.534508 -5.324649
v 0.214844 84.348549 -6.864774
v 3.609375 82.091957 -6.365937
v 0.214844 82.483757 2.545243
v 0.214844 84.348549 -6.864774
v -3.181641 82.091957 -6.365937
v -4.503131 15.343806 2.861403
v -4.328946 45.923771 1.806039
v -9.589381 43.427528 7.628985
v -9.273738 46.051933 7.831843
v -14.050289 46.951309 2.212609
v -8.986685 49.100857 8.036441
v 0.214844 85.014397 10.278860
v -5.318360 84.360847 8.632337
v 0.214844 82.483757 2.545243
v -5.499117 82.886276 8.659956
v 0.075547 81.110985 2.555712
v 0.214844 91.749542 -5.232570
v -4.212891 87.534508 -5.324649
v -10.501954 91.769691 1.311469
v -8.863282 83.332390 -4.976455
v -11.847657 85.250374 1.363165
v -17.485704 2.536198 7.951556
v -11.793101 1.955908 18.627163
v -11.787759 10.607865 5.867742
v -6.102425 2.534589 7.951576
v -7.569983 9.665259 1.953734
v -7.108629 4.904117 2.067789
v -4.503131 15.343806 2.861403
v -9.589381 43.427528 7.628985
v -11.092364 17.346321 8.123638
v -18.676826 16.346210 3.363375
v -16.526646 4.905448 2.067772
v -17.485704 2.536198 7.951556
v -15.888169 9.824089 2.174042
v -11.787759 10.607865 5.867742
v 15.660830 126.086311 3.104867
v 6.416016 122.654350 7.473934
v 3.492188 116.855629 9.571378
v 14.033642 119.634567 5.245482
v 17.172756 125.967552 0.181027
v 16.929646 125.253960 -2.787888
v 15.605278 126.086746 -3.250919
v 15.865309 126.890556 0.001213
v 13.128906 116.755501 -3.120785
v 14.671045 117.088318 -2.948215
v 14.504372 116.581078 4.138059
v 13.359375 116.101852 3.982636
v 15.430166 120.320518 5.464362
v 16.835337 125.259781 3.202633
v 15.660830 126.086311 3.104867
v 14.033642 119.634567 5.245482
v 14.706322 121.102127 -5.452258
v 16.196533 121.132553 -4.985309
v 14.671045 117.088318 -2.948215
v 13.128906 116.755501 -3.120785
v 15.605278 126.086746 -3.250919
v 5.741974 127.748627 -3.292799
v 6.278022 126.272842 2.127443
v 15.865309 126.890556 0.001213
v 25.249329 120.739777 -5.150947
v 22.713867 121.025726 -2.660842
v 22.716022 117.931381 1.684893
v 24.695518 116.076141 -0.914540
v 16.835337 125.259781 3.202633
v 19.196705 124.866447 3.140279
v 19.586109 125.501549 0.315097
v 17.172756 125.967552 0.181027
v 16.196533 121.132553 -4.985309
v 14.706322 121.102127 -5.452258
v 15.605278 126.086746 -3.250919
v 16.929646 125.253960 -2.787888
v 15.865309 126.890556 0.001213
v 6.278022 126.272842 2.127443
v 6.416016 122.654350 7.473934
v 15.660830 126.086311 3.104867
v 4.154297 96.392632 11.255508
v 9.751953 97.722038 1.566504
v 9.367188 102.720596 1.228337
v 2.771484 103.276169 10.764412
v 16.929646 125.253960 -2.787888
v 17.172756 125.967552 0.181027
v 19.586109 125.501549 0.315097
v 19.249844 124.841606 -2.487622
v 15.660830 126.086311 3.104867
v 16.835337 125.259781 3.202633
v 17.172756 125.967552 0.181027
v 15.865309 126.890556 0.001213
v 0.214844 102.165588 -3.723507
v 4.525391 103.710426 -3.495805
v 10.429688 103.646362 1.324721
v 9.367188 102.720596 1.228337
v 14.504372 116.581078 4.138059
v 15.430166 120.320518 5.464362
v 14.033642 119.634567 5.245482
v 13.359375 116.101852 3.982636
v 9.751953 97.722038 1.566504
v 4.154297 96.392632 11.255508
v 5.351108 89.393745 12.400463
v 12.371096 95.076218 1.185767
v 29.884018 118.472519 23.093813
v 31.716917 120.283363 21.374146
v 34.405861 118.598747 21.372753
v 31.618824 117.198463 23.161049
v 29.884018 118.472519 23.093813
v 30.213413 121.060684 23.765720
v 34.407471 123.174164 21.373318
v 31.716917 120.283363 21.374146
v 2.771484 103.276169 10.764412
v 10.429688 103.646362 1.324721
v 13.359375 116.101852 3.982636
v 14.033642 119.634567 5.245482
v 24.699162 116.000900 3.092685
v 22.716022 117.931381 1.684893
v 22.714222 121.024757 4.667931
v 24.972549 121.143127 7.029475
v 3.035157 97.259628 -5.813803
v 5.492188 95.063507 -6.867719
v 5.933594 93.958694 -7.364149
v 2.339844 96.787910 -5.936510
v 6.541017 94.372406 -7.292126
v 5.492188 95.063507 -6.867719
v 3.759766 97.772598 -5.530293
v 4.292969 98.304008 -5.344663
v 4.128907 62.589844 -14.670435
v 5.476563 61.132412 -14.772264
v 4.335938 56.824081 -14.974269
v 3.109375 60.887081 -14.788697
v 3.994141 63.783733 -14.604374
v 5.089845 62.781429 -14.664130
v 4.224610 61.624729 -14.727157
v 3.166016 62.553379 -14.677308
v 9.164062 95.890144 1.242884
v 7.406250 109.524582 2.700178
v 0.214844 109.515793 9.374360
v 3.945312 95.851875 8.182682
v -3.064453 116.855629 9.571378
v -5.988281 122.654350 7.473934
v -15.233324 126.085037 3.102877
v -13.606136 119.633301 5.245445
v -15.176212 126.087746 -3.250957
v -16.500580 125.254967 -2.787925
v -16.745249 125.966278 0.180990
v -15.436243 126.891579 0.001176
v -14.076866 116.579811 4.138022
v -14.243898 117.088966 -2.948252
v -12.701172 116.755501 -3.120785
v -12.931641 116.101852 3.982636
v -15.233324 126.085037 3.102877
v -16.405910 125.258881 3.202596
v -15.001101 120.321526 5.464324
v -13.606136 119.633301 5.245445
v -14.243898 117.088966 -2.948252
v -15.769388 121.133209 -4.985346
v -14.277256 121.103149 -5.452295
v -12.701172 116.755501 -3.120785
v -5.848597 126.271927 2.127405
v -5.314828 127.749290 -3.292836
v -15.176212 126.087746 -3.250957
v -15.436243 126.891579 0.001176
v -22.287823 117.930038 1.686002
v -22.285742 121.024445 -2.661684
v -24.821169 120.740456 -5.151723
v -24.267361 116.076820 -0.915317
v -19.157953 125.502220 0.314320
v -18.768475 124.867058 3.141452
v -16.405910 125.258881 3.202596
v -16.745249 125.966278 0.180990
v -15.176212 126.087746 -3.250957
v -14.277256 121.103149 -5.452295
v -15.769388 121.133209 -4.985346
v -16.500580 125.254967 -2.787925
v -5.988281 122.654350 7.473934
v -5.848597 126.271927 2.127405
v -15.436243 126.891579 0.001176
v -15.233324 126.085037 3.102877
v -8.939453 102.720596 1.228337
v -9.324219 97.722038 1.566504
v -3.726562 96.392632 11.255508
v -2.343750 103.276169 10.764412
v -19.157953 125.502220 0.314320
v -16.745249 125.966278 0.180990
v -16.500580 125.254967 -2.787925
v -18.821718 124.840340 -2.488463
v -16.745249 125.966278 0.180990
v -16.405910 125.258881 3.202596
v -15.233324 126.085037 3.102877
v -15.436243 126.891579 0.001176
v -10.000000 103.646362 1.324721
v -4.097656 103.710426 -3.495805
v 0.214844 102.165588 -3.723507
v -8.939453 102.720596 1.228337
v -13.606136 119.633301 5.245445
v -15.001101 120.321526 5.464324
v -14.076866 116.579811 4.138022
v -12.931641 116.101852 3.982636
v -4.923864 89.392944 12.401334
v -3.726562 96.392632 11.255508
v -9.324219 97.722038 1.566504
v -11.943360 95.076218 1.185767
v -33.978012 118.599426 21.371922
v -31.289074 120.284035 21.373312
v -29.456142 118.472824 23.093634
v -31.190948 117.198753 23.160866
v -33.979660 123.172905 21.372419
v -29.785574 121.059036 23.765406
v -29.456142 118.472824 23.093634
v -31.289074 120.284035 21.373312
v -12.931641 116.101852 3.982636
v -10.000000 103.646362 1.324721
v -2.343750 103.276169 10.764412
v -13.606136 119.633301 5.245445
v -22.286024 121.023415 4.669039
v -22.287823 117.930038 1.686002
v -24.271034 115.999626 3.091843
v -24.544315 121.143745 7.030648
v -5.505860 93.958694 -7.364149
v -5.062500 95.063507 -6.867719
v -2.607422 97.259628 -5.813803
v -1.912110 96.787910 -5.936510
v -3.332032 97.772598 -5.530293
v -5.062500 95.063507 -6.867719
v -6.113282 94.372406 -7.292126
v -3.865235 98.304008 -5.344663
v -3.908204 56.824081 -14.974269
v -5.048829 61.132412 -14.772264
v -3.701173 62.589844 -14.670435
v -2.681641 60.887081 -14.788697
v -3.796876 61.624729 -14.727157
v -4.662110 62.781429 -14.664130
v -3.566407 63.783733 -14.604374
v -2.738282 62.553379 -14.677308
v -8.736328 95.890144 1.242884
v -3.517578 95.851875 8.182682
v 0.214844 109.515793 9.374360
v -6.976562 109.524582 2.700178
v 0.214844 127.154045 -7.545605
v -1.644531 127.153412 -7.658650
v -1.595703 125.820511 -8.140553
v 4.027344 128.760590 -2.158033
v 6.278022 126.272842 2.127443
v 5.741974 127.748627 -3.292799
v 15.430166 120.320518 5.464362
v 19.196705 124.866447 3.140279
v 16.835337 125.259781 3.202633
v 19.196705 124.866447 3.140279
v 25.195576 126.759857 2.170869
v 19.586109 125.501549 0.315097
v 9.367188 102.720596 1.228337
v 10.429688 103.646362 1.324721
v 2.771484 103.276169 10.764412
v 25.264137 126.837112 -1.029636
v 19.249844 124.841606 -2.487622
v 19.586109 125.501549 0.315097
v 7.538409 4.904180 2.067787
v 12.220953 4.172129 -6.105590
v 7.786345 2.470324 2.084591
v 38.430157 121.234322 29.124981
v 37.035870 121.021423 21.371983
v 34.407471 123.174164 21.373318
v 36.662132 120.256050 28.901834
v 34.406872 120.314514 29.382383
v 34.194267 119.083702 24.447990
v 12.224701 -0.026985 18.621609
v 6.428494 -0.028634 7.939058
v 18.020800 -0.026995 7.939038
v 8.606659 -0.031749 1.328908
v 12.187464 -0.032471 -5.491988
v 15.860153 -0.030723 1.328896
v 11.854582 11.054121 -5.896685
v 7.380893 15.076869 -7.861712
v 15.675010 15.583097 -8.356985
v 11.298353 46.982723 -4.155087
v 14.479078 46.951153 2.213736
v 11.336868 45.979576 -4.207233
v 13.128906 116.755501 -3.120785
v 13.359375 116.101852 3.982636
v 10.429688 103.646362 1.324721
v 16.954470 4.905511 2.067771
v 16.809744 2.471600 2.084575
v 12.220953 4.172129 -6.105590
v 18.191408 74.679665 -4.362436
v 0.214844 89.086655 -8.350114
v 15.064455 88.822243 1.297665
v 22.716022 117.931381 1.684893
v 24.699162 116.000900 3.092685
v 24.695518 116.076141 -0.914540
v 5.492188 95.063507 -6.867719
v 6.541017 94.372406 -7.292126
v 5.933594 93.958694 -7.364149
v 6.712891 121.592422 -10.720919
v 5.091797 119.723183 -14.053970
v 0.214844 127.364243 -10.254152
v 14.033642 119.634567 5.245482
v 3.492188 116.855629 9.571378
v 2.771484 103.276169 10.764412
v 30.272655 121.825989 29.188364
v 34.407471 123.174164 21.373318
v 30.213413 121.060684 23.765720
v -3.599610 128.760590 -2.158033
v -5.314828 127.749290 -3.292836
v -5.848597 126.271927 2.127405
v -15.001101 120.321526 5.464324
v -16.405910 125.258881 3.202596
v -18.768475 124.867058 3.141452
v -18.768475 124.867058 3.141452
v -19.157953 125.502220 0.314320
v -24.767416 126.760544 2.170092
v -8.939453 102.720596 1.228337
v -2.343750 103.276169 10.764412
v -10.000000 103.646362 1.324721
v -24.836012 126.835838 -1.030477
v -19.157953 125.502220 0.314320
v -18.821718 124.840340 -2.488463
v -5.437500 117.630760 7.298383
v -6.976562 109.524582 2.700178
v 0.214844 109.515793 9.374360
v -38.002274 121.234909 29.124817
v -33.979660 123.172905 21.372419
v -36.608055 121.020096 21.373037
v -36.234253 120.256645 28.901669
v -33.766388 119.084007 24.447811
v -33.978992 120.315102 29.382221
v -12.701172 116.755501 -3.120785
v -10.000000 103.646362 1.324721
v -12.931641 116.101852 3.982636
v -29.844810 121.824631 29.188068
v -33.979660 123.172905 21.372419
v -31.762445 122.147987 29.375315
v -29.844810 121.824631 29.188068
v -30.068865 120.068489 28.921949
v -29.610802 119.455727 26.895639
v -22.287823 117.930038 1.686002
v -24.267361 116.076820 -0.915317
v -24.271034 115.999626 3.091843
v -5.062500 95.063507 -6.867719
v -5.505860 93.958694 -7.364149
v -6.113282 94.372406 -7.292126
v -16.500580 125.254967 -2.787925
v -17.697229 121.239586 -4.763155
v -18.821718 124.840340 -2.488463
v -14.277256 121.103149 -5.452295
v 0.214844 122.676498 -6.831508
v -12.701172 116.755501 -3.120785
v 0.214844 102.165588 -3.723507
v -9.324219 97.722038 1.566504
v -8.939453 102.720596 1.228337
v -14.636721 88.822243 1.297665
v -4.923864 89.392944 12.401334
v -11.943360 95.076218 1.185767
v -13.606136 119.633301 5.245445
v -2.343750 103.276169 10.764412
v -3.064453 116.855629 9.571378
v 9.701817 46.051853 7.831970
v 9.910086 43.317768 7.627917
v 14.479078 46.951153 2.213736
v 7.165372 45.657658 -3.682296
v 4.755780 45.923412 1.805223
v 7.030066 46.485653 -3.854882
v -4.328946 45.923771 1.806039
v -8.986685 49.100857 8.036441
v -9.273738 46.051933 7.831843
v -7.108629 4.904117 2.067789
v -7.358518 2.470261 2.084592
v -11.793127 4.172066 -6.105591
v -11.796875 -0.027046 18.621609
v -17.592976 -0.027055 7.939037
v -5.998715 -0.028695 7.939058
v -8.178833 -0.031812 1.328909
v -15.432327 -0.030787 1.328897
v -11.759637 -0.032534 -5.491987
v -11.425914 11.052625 -5.896719
v -15.246193 15.583686 -8.358826
v -6.952094 15.077317 -7.861606
v -10.869566 46.982880 -4.156214
v -10.908200 45.978077 -4.207266
v -14.050289 46.951309 2.212609
v -16.526646 4.905448 2.067772
v -11.793127 4.172066 -6.105591
v -16.381920 2.471537 2.084577
v -9.589381 43.427528 7.628985
v -14.050289 46.951309 2.212609
v -18.676826 16.346210 3.363375
v -6.736704 45.656155 -3.682328
v -6.601411 46.483860 -3.855937
v -4.328946 45.923771 1.806039
v -4.664062 119.723183 -14.053970
v -6.285156 121.592422 -10.720919
v 0.214844 127.364243 -10.254152
vt 0.812500 0.946289
vt 0.751953 0.927734
vt 0.751953 0.785156
vt 0.689453 0.944336
vt 0.812500 0.946289
vt 0.751953 0.785156
vt 1.069336 0.846680
vt 1.097656 0.915039
vt 0.689453 0.944336
vt 0.410156 0.916992
vt 0.427734 0.846680
vt 0.751953 0.785156
vt 0.053223 0.995117
vt 0.020508 1.004883
vt 0.020508 0.953613
vt 0.059570 0.925781
vt 0.058105 0.941895
vt 0.058105 1.003418
vt 0.088867 0.993164
vt 0.085938 0.914551
vt 0.020508 0.953613
vt 0.021484 0.894531
vt 0.059570 0.925781
vt 0.058105 0.941895
vt 0.085938 0.914551
vt 0.058594 0.892578
vt 1.006836 0.827637
vt 1.010742 0.888672
vt 0.989746 0.934082
vt 0.959961 0.733398
vt 0.772461 0.919434
vt 0.770508 0.731934
vt 0.755859 0.902832
vt 0.752930 0.730957
vt 0.740723 0.919434
vt 0.735840 0.732422
vt 0.517090 0.931641
vt 0.547363 0.735352
vt 0.492188 0.885742
vt 0.498535 0.829102
vt 0.599609 0.362305
vt 0.660156 0.375000
vt 0.447266 0.410156
vt 0.436523 0.952148
vt 0.739258 0.986328
vt 0.738281 0.913086
vt 0.433594 0.911133
vt 0.740234 0.840820
vt 0.438477 0.873047
vt 0.458008 0.953125
vt 0.250000 0.992188
vt 0.245117 0.861328
vt 0.462891 0.831055
vt 0.223633 0.726562
vt 0.467773 0.715820
vt 0.311523 0.274414
vt 0.388672 0.358398
vt 0.293945 0.460938
vt 0.196289 0.369141
vt 0.251953 0.593750
vt 0.096680 0.513672
vt 0.223633 0.726562
vt 0.029297 0.608398
vt 0.245117 0.861328
vt 0.033203 0.847656
vt 0.250000 0.992188
vt 0.040039 0.940430
vt 0.683594 0.375977
vt 0.626953 0.339844
vt 0.627930 0.320312
vt 0.697266 0.306641
vt 0.636719 0.262695
vt 0.684570 0.245117
vt 0.755859 0.421875
vt 0.859375 0.273438
vt 0.985352 0.286133
vt 0.848633 0.497070
vt 0.859375 0.273438
vt 0.755859 0.421875
vt 0.731445 0.236328
vt 0.697266 0.306641
vt 0.731445 0.236328
vt 0.859375 0.273438
vt 0.880859 0.159180
vt 0.788086 0.135742
vt 0.985352 0.027344
vt 0.894531 0.017578
vt 0.684570 0.245117
vt 0.636719 0.262695
vt 0.627930 0.320312
vt 0.697266 0.306641
vt 0.626953 0.339844
vt 0.681641 0.375000
vt 0.894531 0.017578
vt 0.985352 0.027344
vt 0.880859 0.159180
vt 0.788086 0.135742
vt 0.859375 0.273438
vt 0.731445 0.236328
vt 0.755859 0.421875
vt 0.697266 0.306641
vt 0.739258 0.986328
vt 1.108398 0.908203
vt 0.738281 0.913086
vt 0.740234 0.840820
vt 0.993164 0.836914
vt 0.665039 0.838867
vt 0.677734 0.924805
vt 0.458008 0.836914
vt 0.070312 0.542969
vt 0.061523 0.436523
vt 0.041992 0.544922
vt 0.012695 0.537109
vt 0.083008 0.149414
vt 0.015625 0.047852
vt 0.055664 0.152344
vt 0.021484 0.152344
vt 0.450195 0.604492
vt 0.476562 0.434570
vt 0.765625 0.518555
vt 0.741211 0.458984
vt 0.158203 0.148438
vt 0.074219 0.011719
vt 0.122070 0.148438
vt 0.083008 0.149414
vt 0.260742 0.283203
vt 0.240234 0.248047
vt 0.311523 0.274414
vt 0.344727 0.249023
vt 0.462891 0.281250
vt 0.494141 0.676758
vt 0.454102 0.655273
vt 0.450195 0.604492
vt 0.392578 0.581055
vt 0.476562 0.434570
vt 0.293945 0.460938
vt 0.388672 0.358398
vt 0.476562 0.434570
vt 0.388672 0.358398
vt 0.462891 0.281250
vt 0.311523 0.274414
vt 0.223633 0.726562
vt 0.251953 0.593750
vt 0.467773 0.715820
vt 0.293945 0.460938
vt 0.392578 0.581055
vt 0.759766 0.083008
vt 0.788086 0.135742
vt 0.701172 0.191406
vt 0.731445 0.236328
vt 0.892578 0.023438
vt 0.788086 0.135742
vt 0.892578 0.017578
vt 0.759766 0.083008
vt 0.763672 0.081055
vt 0.763672 0.081055
vt 0.683594 0.217773
vt 0.684570 0.245117
vt 0.662109 0.133789
vt 0.636719 0.262695
vt 0.985352 0.027344
vt 0.880859 0.159180
vt 0.880859 0.159180
vt 0.985352 0.286133
vt 0.859375 0.273438
vt 0.892578 0.023438
vt 0.892578 0.017578
vt 0.788086 0.135742
vt 0.759766 0.083008
vt 0.701172 0.191406
vt 0.697266 0.306641
vt 0.681641 0.375000
vt 0.755859 0.421875
vt 0.665039 0.525391
vt 0.848633 0.497070
vt 0.755859 0.421875
vt 0.607422 0.371094
vt 0.665039 0.525391
vt 0.626953 0.339844
vt 0.681641 0.375000
vt 0.683594 0.217773
vt 0.662109 0.133789
vt 0.684570 0.245117
vt 0.636719 0.262695
vt 0.697266 0.306641
vt 0.755859 0.421875
vt 0.683594 0.375977
vt 0.665039 0.525391
vt 0.626953 0.339844
vt 0.607422 0.371094
vt 0.736328 0.986328
vt 0.439453 0.952148
vt 0.446289 0.872070
vt 0.733398 0.836914
vt 0.110352 0.440430
vt 0.068359 0.431641
vt 0.085938 0.356445
vt 0.172852 0.376953
vt 0.467773 0.715820
vt 0.500977 0.703125
vt 0.562500 0.777344
vt 0.521484 0.815430
vt 0.476562 0.434570
vt 0.462891 0.281250
vt 0.651367 0.302734
vt 0.600586 0.338867
vt 0.731445 0.236328
vt 0.684570 0.245117
vt 0.683594 0.217773
vt 0.701172 0.191406
vt 0.731445 0.236328
vt 0.701172 0.191406
vt 0.683594 0.217773
vt 0.684570 0.245117
vt 0.736328 0.986328
vt 0.733398 0.836914
vt 1.112305 0.910156
vt 0.110352 0.440430
vt 0.072266 0.507812
vt 0.068359 0.431641
vt 0.521484 0.815430
vt 0.462891 0.831055
vt 0.467773 0.715820
vt 0.024414 0.491211
vt 0.040039 0.940430
vt 0.085938 0.356445
vt 0.344727 0.249023
vt 0.156250 0.056641
vt 0.209961 0.309570
vt 0.050781 0.333984
vt 0.046875 0.174805
vt 0.023438 0.102539
vt 0.731445 0.236328
vt 0.697266 0.306641
vt 0.684570 0.245117
vt 0.731445 0.236328
vt 0.684570 0.245117
vt 0.697266 0.306641
vt 0.731445 0.236328
vt 0.788086 0.135742
vt 0.701172 0.191406
vt 0.859375 0.273438
vt 0.985352 0.286133
vt 0.880859 0.159180
vt 0.636719 0.262695
vt 0.684570 0.245117
vt 0.662109 0.133789
vt 0.392578 0.581055
vt 0.454102 0.655273
vt 0.467773 0.715820
vt 0.996094 0.149414
vt 0.998047 0.328125
vt 0.861328 0.264648
vt 0.846680 0.024414
vt 0.998047 0.328125
vt 0.996094 0.149414
vt 0.928711 0.641602
vt 0.835938 0.639648
vt 0.838867 0.522461
vt 0.916992 0.524414
vt 0.857422 0.508789
vt 0.907227 0.510742
vt 0.838867 0.522461
vt 0.916992 0.524414
vt 0.835938 0.639648
vt 0.928711 0.641602
vt 0.531250 0.642578
vt 0.524414 0.566406
vt 0.765625 0.569336
vt 0.788086 0.652344
vt 0.791992 0.580078
vt 0.833984 0.653320
vt 0.836914 0.941406
vt 0.830078 0.860352
vt 0.899414 0.833008
vt 0.910156 0.892578
vt 0.987305 0.769531
vt 0.971680 0.906250
vt 0.477539 0.234375
vt 0.484375 0.242188
vt 0.346680 0.239258
vt 0.363281 0.233398
vt 0.346680 0.210938
vt 0.363281 0.215820
vt 0.495117 0.209961
vt 0.486328 0.215820
vt 0.485352 0.208008
vt 0.495117 0.212891
vt 0.363281 0.215820
vt 0.346680 0.210938
vt 0.363281 0.233398
vt 0.346680 0.239258
vt 0.497070 0.214844
vt 0.363281 0.215820
vt 0.621094 0.208984
vt 0.530273 0.761719
vt 0.673828 0.208984
vt 0.686523 0.236328
vt 0.543945 0.539062
vt 0.989258 0.545898
vt 0.965820 0.658203
vt 0.540039 0.681641
vt 0.989258 0.548828
vt 0.543945 0.541992
vt 0.966797 0.665039
vt 0.538086 0.677734
vt 0.989258 0.545898
vt 0.543945 0.539062
vt 0.628906 0.218750
vt 0.731445 0.232422
vt 0.740234 0.318359
vt 0.661133 0.318359
vt 0.740234 0.354492
vt 0.661133 0.354492
vt 0.203125 0.101562
vt 0.716797 0.603516
vt 0.400391 0.070312
vt 0.400391 0.101562
vt 0.694336 0.070312
vt 0.694336 0.101562
vt 0.984375 0.070312
vt 0.984375 0.101562
vt 0.856445 0.713867
vt 0.826172 0.775391
vt 0.779297 0.858398
vt 0.803711 0.715820
vt 0.528320 0.865234
vt 0.523438 0.737305
vt 0.467773 0.840820
vt 0.467773 0.780273
vt 0.528320 0.865234
vt 0.528320 0.750977
vt 0.779297 0.858398
vt 0.809570 0.715820
vt 0.481445 0.236328
vt 0.477539 0.242188
vt 0.346680 0.239258
vt 0.363281 0.233398
vt 0.346680 0.210938
vt 0.363281 0.215820
vt 0.483398 0.209961
vt 0.488281 0.215820
vt 0.784180 0.573242
vt 0.765625 0.569336
vt 0.726562 0.523438
vt 0.701172 0.500977
vt 0.466797 0.452148
vt 0.485352 0.417969
vt 0.726562 0.523438
vt 0.701172 0.500977
vt 0.765625 0.569336
vt 0.784180 0.573242
vt 0.183594 0.995117
vt 0.009766 0.997070
vt 0.009766 0.886719
vt 0.183594 0.885742
vt 0.009766 0.758789
vt 0.183594 0.757812
vt 0.240234 0.754883
vt 0.180664 0.754883
vt 0.180664 0.894531
vt 0.240234 0.894531
vt 0.180664 0.990234
vt 0.240234 0.989258
vt 0.707031 0.923828
vt 0.766602 0.926758
vt 0.711914 0.924805
vt 0.766602 0.926758
vt 0.707031 0.923828
vt 0.815430 0.983398
vt 0.524414 0.566406
vt 0.531250 0.642578
vt 0.788086 0.652344
vt 0.765625 0.569336
vt 0.833984 0.653320
vt 0.791992 0.580078
vt 0.852539 0.871094
vt 0.865234 0.958984
vt 0.930664 0.904297
vt 0.918945 0.810547
vt 0.986328 0.895508
vt 0.983398 0.763672
vt 0.476562 0.246094
vt 0.470703 0.237305
vt 0.362305 0.237305
vt 0.346680 0.243164
vt 0.362305 0.218750
vt 0.346680 0.214844
vt 0.478516 0.219727
vt 0.487305 0.212891
vt 0.487305 0.216797
vt 0.477539 0.211914
vt 0.346680 0.214844
vt 0.362305 0.218750
vt 0.346680 0.243164
vt 0.362305 0.237305
vt 0.462891 0.246094
vt 0.480469 0.240234
vt 0.362305 0.218750
vt 0.488281 0.218750
vt 0.520508 0.761719
vt 0.605469 0.212891
vt 0.667969 0.240234
vt 0.655273 0.212891
vt 0.459961 0.244141
vt 0.472656 0.239258
vt 0.362305 0.237305
vt 0.346680 0.243164
vt 0.362305 0.218750
vt 0.346680 0.214844
vt 0.989258 0.536133
vt 0.605469 0.536133
vt 0.613281 0.660156
vt 0.986328 0.657227
vt 0.605469 0.538086
vt 0.989258 0.537109
vt 0.614258 0.664062
vt 0.986328 0.657227
vt 0.605469 0.536133
vt 0.989258 0.536133
vt 0.715820 0.602539
vt 0.203125 0.101562
vt 0.400391 0.101562
vt 0.400391 0.070312
vt 0.694336 0.101562
vt 0.694336 0.070312
vt 0.984375 0.101562
vt 0.984375 0.070312
vt 0.470703 0.246094
vt 0.473633 0.239258
vt 0.362305 0.237305
vt 0.346680 0.243164
vt 0.362305 0.218750
vt 0.346680 0.214844
vt 0.480469 0.218750
vt 0.475586 0.213867
vt 0.836914 0.941406
vt 0.910156 0.892578
vt 0.930664 0.971680
vt 0.971680 0.906250
vt 0.830078 0.860352
vt 0.886719 0.681641
vt 0.899414 0.833008
vt 0.987305 0.769531
vt 0.392578 0.922852
vt 0.290039 0.967773
vt 0.351562 0.921875
vt 0.305664 0.930664
vt 0.326172 0.896484
vt 0.259766 0.987305
vt 0.254883 0.977539
vt 0.290039 0.967773
vt 0.262695 0.959961
vt 0.305664 0.930664
vt 0.506836 0.344727
vt 0.506836 0.334961
vt 0.661133 0.354492
vt 0.661133 0.318359
vt 0.726562 0.523438
vt 0.466797 0.480469
vt 0.466797 0.452148
vt 0.726562 0.523438
vt 0.978516 0.334961
vt 0.978516 0.344727
vt 0.824219 0.318359
vt 0.865234 0.344727
vt 0.372070 0.115234
vt 0.373047 0.796875
vt 0.372070 0.092773
vt 0.445312 0.764648
vt 0.750977 0.787109
vt 0.865234 0.958984
vt 0.942383 0.975586
vt 0.930664 0.904297
vt 0.986328 0.895508
vt 0.852539 0.871094
vt 0.918945 0.810547
vt 0.885742 0.685547
vt 0.983398 0.763672
vt 0.260742 0.960938
vt 0.253906 0.977539
vt 0.289062 0.967773
vt 0.258789 0.988281
vt 0.392578 0.922852
vt 0.351562 0.921875
vt 0.289062 0.967773
vt 0.305664 0.930664
vt 0.260742 0.960938
vt 0.506836 0.344727
vt 0.661133 0.354492
vt 0.506836 0.334961
vt 0.661133 0.318359
vt 0.528320 0.865234
vt 0.467773 0.840820
vt 0.467773 0.874023
vt 0.528320 0.865234
vt 0.445312 0.764648
vt 0.372070 0.092773
vt 0.750977 0.787109
vt 0.799805 0.659180
vt 0.305664 0.930664
vt 0.351562 0.921875
vt 0.325195 0.896484
vt 0.392578 0.874023
vt 0.629883 0.392578
vt 0.476562 0.376953
vt 0.629883 0.402344
vt 0.517578 0.403320
vt 0.372070 0.115234
vt 0.372070 0.092773
vt 0.373047 0.796875
vt 0.445312 0.764648
vt 0.463867 0.638672
vt 0.756836 0.516602
vt 0.773438 0.531250
vt 0.773438 0.536133
vt 0.782227 0.525391
vt 0.827148 0.746094
vt 0.799805 0.659180
vt 0.779297 0.636719
vt 0.835938 0.740234
vt 0.463867 0.638672
vt 0.416016 0.750000
vt 0.391602 0.760742
vt 0.428711 0.636719
vt 0.528320 0.109375
vt 0.334961 0.103516
vt 0.334961 0.081055
vt 0.522461 0.075195
vt 0.614258 0.241211
vt 0.621094 0.208984
vt 0.673828 0.208984
vt 0.677734 0.242188
vt 0.529297 0.118164
vt 0.336914 0.103516
vt 0.337891 0.084961
vt 0.533203 0.082031
vt 0.540039 0.113281
vt 0.336914 0.103516
vt 0.337891 0.084961
vt 0.523438 0.079102
vt 0.616211 0.239258
vt 0.621094 0.208984
vt 0.673828 0.208984
vt 0.674805 0.237305
vt 0.343750 0.108398
vt 0.531250 0.111328
vt 0.508789 0.119141
vt 0.316406 0.117188
vt 0.542969 0.112305
vt 0.513672 0.120117
vt 0.316406 0.117188
vt 0.343750 0.108398
vt 0.572266 0.250977
vt 0.662109 0.247070
vt 0.682617 0.342773
vt 0.529297 0.326172
vt 0.546875 0.357422
vt 0.434570 0.334961
vt 0.444336 0.204102
vt 0.570312 0.201172
vt 0.824219 0.318359
vt 0.865234 0.344727
vt 0.740234 0.354492
vt 0.740234 0.318359
vt 0.467773 0.874023
vt 0.528320 0.865234
vt 0.779297 0.858398
vt 0.731445 0.866211
vt 0.529297 0.113281
vt 0.336914 0.103516
vt 0.337891 0.084961
vt 0.524414 0.077148
vt 0.603516 0.239258
vt 0.621094 0.208984
vt 0.673828 0.208984
vt 0.688477 0.240234
vt 0.363281 0.215820
vt 0.363281 0.233398
vt 0.346680 0.239258
vt 0.346680 0.210938
vt 0.742188 0.603516
vt 0.716797 0.603516
vt 0.203125 0.101562
vt 0.018555 0.101562
vt 0.661133 0.318359
vt 0.506836 0.334961
vt 0.516602 0.245117
vt 0.620117 0.252930
vt 0.773438 0.536133
vt 0.773438 0.531250
vt 0.756836 0.516602
vt 0.782227 0.525391
vt 0.779297 0.636719
vt 0.799805 0.659180
vt 0.827148 0.746094
vt 0.835938 0.740234
vt 0.391602 0.760742
vt 0.416016 0.750000
vt 0.463867 0.638672
vt 0.428711 0.636719
vt 0.334961 0.081055
vt 0.334961 0.103516
vt 0.528320 0.109375
vt 0.522461 0.075195
vt 0.655273 0.212891
vt 0.605469 0.212891
vt 0.599609 0.244141
vt 0.659180 0.246094
vt 0.337891 0.084961
vt 0.336914 0.103516
vt 0.529297 0.118164
vt 0.533203 0.082031
vt 0.337891 0.084961
vt 0.336914 0.103516
vt 0.540039 0.113281
vt 0.523438 0.079102
vt 0.655273 0.212891
vt 0.605469 0.212891
vt 0.601562 0.242188
vt 0.656250 0.241211
vt 0.629883 0.392578
vt 0.610352 0.297852
vt 0.519531 0.301758
vt 0.476562 0.376953
vt 0.392578 0.253906
vt 0.381836 0.385742
vt 0.494141 0.407227
vt 0.517578 0.251953
vt 0.281250 0.277344
vt 0.313477 0.376953
vt 0.392578 0.376953
vt 0.383789 0.290039
vt 0.392578 0.413086
vt 0.517578 0.403320
vt 0.476562 0.376953
vt 0.392578 0.376953
vt 0.661133 0.318359
vt 0.661133 0.354492
vt 0.740234 0.354492
vt 0.740234 0.318359
vt 0.741211 0.663086
vt 0.696289 0.713867
vt 0.664062 0.820312
vt 0.710938 0.729492
vt 0.779297 0.858398
vt 0.528320 0.865234
vt 0.467773 0.874023
vt 0.731445 0.866211
vt 0.337891 0.084961
vt 0.336914 0.103516
vt 0.529297 0.113281
vt 0.524414 0.077148
vt 0.655273 0.212891
vt 0.605469 0.212891
vt 0.589844 0.242188
vt 0.669922 0.243164
vt 0.203125 0.101562
vt 0.715820 0.602539
vt 0.742188 0.603516
vt 0.018555 0.101562
vt 0.168945 0.302734
vt 0.159180 0.392578
vt 0.313477 0.376953
vt 0.271484 0.310547
vt 0.773438 0.531250
vt 0.744141 0.528320
vt 0.773438 0.536133
vt 0.911133 0.324219
vt 0.985352 0.327148
vt 0.880859 0.327148
vt 0.392578 0.874023
vt 0.351562 0.921875
vt 0.326172 0.896484
vt 0.998047 0.124023
vt 0.998047 0.225586
vt 0.851562 0.097656
vt 0.750977 0.787109
vt 0.799805 0.659180
vt 0.372070 0.092773
vt 0.373047 0.796875
vt 0.463867 0.638672
vt 0.445312 0.764648
vt 0.773438 0.531250
vt 0.773438 0.536133
vt 0.744141 0.528320
vt 0.911133 0.324219
vt 0.880859 0.327148
vt 0.985352 0.327148
vt 0.998047 0.124023
vt 0.851562 0.097656
vt 0.998047 0.225586
vt 0.130859 0.732422
vt 0.156250 0.731445
vt 0.156250 0.750977
vt 0.130859 0.750000
vt 0.156250 0.731445
vt 0.130859 0.732422
vt 0.723633 0.988281
vt 0.740234 0.888672
vt 0.809570 0.862305
vt 0.795898 0.988281
vt 0.838867 0.862305
vt 0.840820 0.988281
vt 0.866211 0.862305
vt 0.860352 0.988281
vt 0.916016 0.881836
vt 0.910156 0.988281
vt 0.955078 0.889648
vt 0.966797 0.988281
vt 0.226562 0.043945
vt 0.226562 0.080078
vt 0.130859 0.086914
vt 0.130859 0.043945
vt 0.011719 0.093750
vt 0.011719 0.044922
vt 0.400391 0.659180
vt 0.383789 0.689453
vt 0.244141 0.675781
vt 0.241211 0.645508
vt 0.140625 0.681641
vt 0.128906 0.652344
vt 0.079102 0.688477
vt 0.070312 0.660156
vt 0.140625 0.681641
vt 0.128906 0.652344
vt 0.244141 0.675781
vt 0.241211 0.645508
vt 0.383789 0.689453
vt 0.400391 0.659180
vt 0.238281 0.600586
vt 0.241211 0.645508
vt 0.128906 0.652344
vt 0.114258 0.595703
vt 0.070312 0.660156
vt 0.050781 0.606445
vt 0.128906 0.652344
vt 0.114258 0.595703
vt 0.241211 0.645508
vt 0.238281 0.600586
vt 0.515625 0.664062
vt 0.518555 0.760742
vt 0.475586 0.755859
vt 0.445312 0.764648
vt 0.441406 0.751953
vt 0.438477 0.727539
vt 0.040039 0.757812
vt 0.022461 0.757812
vt 0.004883 0.703125
vt 0.022461 0.703125
vt 0.004883 0.603516
vt 0.029297 0.603516
vt 0.004883 0.703125
vt 0.022461 0.703125
vt 0.022461 0.757812
vt 0.040039 0.757812
vt 0.078125 0.781250
vt 0.122070 0.781250
vt 0.117188 0.757812
vt 0.082031 0.757812
vt 0.114258 0.746094
vt 0.085938 0.746094
vt 0.355469 0.044922
vt 0.469727 0.044922
vt 0.469727 0.093750
vt 0.355469 0.082031
vt 0.469727 0.134766
vt 0.426758 0.134766
vt 0.464844 0.321289
vt 0.403320 0.316406
vt 0.469727 0.555664
vt 0.469727 0.558594
vt 0.411133 0.567383
vt 0.408203 0.559570
vt 0.301758 0.586914
vt 0.299805 0.575195
vt 0.238281 0.600586
vt 0.237305 0.589844
vt 0.114258 0.595703
vt 0.117188 0.582031
vt 0.226562 0.080078
vt 0.227539 0.134766
vt 0.130859 0.149414
vt 0.130859 0.086914
vt 0.011719 0.134766
vt 0.011719 0.093750
vt 0.074219 0.756836
vt 0.040039 0.757812
vt 0.035156 0.826172
vt 0.067383 0.828125
vt 0.040039 0.757812
vt 0.073242 0.758789
vt 0.175781 0.693359
vt 0.175781 0.764648
vt 0.254883 0.764648
vt 0.254883 0.693359
vt 0.305664 0.764648
vt 0.305664 0.693359
vt 0.254883 0.764648
vt 0.254883 0.693359
vt 0.175781 0.764648
vt 0.175781 0.693359
vt 0.022461 0.757812
vt 0.004883 0.764648
vt 0.004883 0.828125
vt 0.035156 0.826172
vt 0.004883 0.764648
vt 0.022461 0.757812
vt 0.860352 0.383789
vt 0.826172 0.341797
vt 0.990234 0.296875
vt 0.990234 0.404297
vt 0.826172 0.341797
vt 0.860352 0.383789
vt 0.943359 0.793945
vt 0.924805 0.743164
vt 0.988281 0.743164
vt 0.988281 0.793945
vt 0.924805 0.743164
vt 0.943359 0.793945
vt 0.562500 0.751953
vt 0.515625 0.664062
vt 0.520508 0.603516
vt 0.591797 0.739258
vt 0.603516 0.603516
vt 0.604492 0.750000
vt 0.988281 0.013672
vt 0.988281 0.107422
vt 0.906250 0.107422
vt 0.906250 0.013672
vt 0.824219 0.107422
vt 0.824219 0.013672
vt 0.741211 0.104492
vt 0.742188 0.013672
vt 0.697266 0.110352
vt 0.695312 0.023438
vt 0.740234 0.888672
vt 0.723633 0.988281
vt 0.795898 0.988281
vt 0.809570 0.862305
vt 0.840820 0.988281
vt 0.838867 0.862305
vt 0.860352 0.988281
vt 0.866211 0.862305
vt 0.910156 0.988281
vt 0.916016 0.881836
vt 0.966797 0.988281
vt 0.955078 0.889648
vt 0.518555 0.760742
vt 0.515625 0.664062
vt 0.445312 0.764648
vt 0.475586 0.755859
vt 0.438477 0.727539
vt 0.441406 0.751953
vt 0.986328 0.106445
vt 0.986328 0.013672
vt 0.905273 0.013672
vt 0.905273 0.106445
vt 0.823242 0.013672
vt 0.823242 0.106445
vt 0.742188 0.013672
vt 0.739258 0.103516
vt 0.695312 0.018555
vt 0.698242 0.104492
vt 0.515625 0.664062
vt 0.562500 0.751953
vt 0.591797 0.739258
vt 0.520508 0.603516
vt 0.604492 0.750000
vt 0.603516 0.603516
vt 0.011719 0.557617
vt 0.012695 0.318359
vt 0.133789 0.355469
vt 0.117188 0.582031
vt 0.229492 0.322266
vt 0.237305 0.589844
vt 0.297852 0.329102
vt 0.299805 0.575195
vt 0.402344 0.327148
vt 0.408203 0.559570
vt 0.464844 0.321289
vt 0.469727 0.555664
vt 0.402344 0.327148
vt 0.297852 0.329102
vt 0.300781 0.316406
vt 0.403320 0.316406
vt 0.285156 0.134766
vt 0.426758 0.134766
vt 0.300781 0.316406
vt 0.229492 0.322266
vt 0.227539 0.134766
vt 0.285156 0.134766
vt 0.226562 0.080078
vt 0.355469 0.082031
vt 0.226562 0.043945
vt 0.355469 0.044922
vt 0.226562 0.080078
vt 0.226562 0.043945
vt 0.130859 0.043945
vt 0.130859 0.086914
vt 0.011719 0.044922
vt 0.011719 0.093750
vt 0.022461 0.757812
vt 0.040039 0.757812
vt 0.022461 0.703125
vt 0.004883 0.703125
vt 0.029297 0.603516
vt 0.004883 0.603516
vt 0.022461 0.703125
vt 0.004883 0.703125
vt 0.040039 0.757812
vt 0.022461 0.757812
vt 0.122070 0.781250
vt 0.078125 0.781250
vt 0.082031 0.757812
vt 0.117188 0.757812
vt 0.085938 0.746094
vt 0.114258 0.746094
vt 0.469727 0.044922
vt 0.355469 0.044922
vt 0.355469 0.082031
vt 0.469727 0.093750
vt 0.426758 0.134766
vt 0.469727 0.134766
vt 0.403320 0.316406
vt 0.464844 0.321289
vt 0.469727 0.558594
vt 0.469727 0.555664
vt 0.408203 0.559570
vt 0.411133 0.567383
vt 0.299805 0.575195
vt 0.301758 0.586914
vt 0.237305 0.589844
vt 0.238281 0.600586
vt 0.117188 0.582031
vt 0.114258 0.595703
vt 0.227539 0.134766
vt 0.226562 0.080078
vt 0.130859 0.086914
vt 0.130859 0.149414
vt 0.011719 0.093750
vt 0.011719 0.134766
vt 0.040039 0.757812
vt 0.074219 0.756836
vt 0.067383 0.828125
vt 0.035156 0.826172
vt 0.073242 0.758789
vt 0.040039 0.757812
vt 0.004883 0.764648
vt 0.022461 0.757812
vt 0.035156 0.826172
vt 0.004883 0.828125
vt 0.022461 0.757812
vt 0.004883 0.764648
vt 0.012695 0.318359
vt 0.011719 0.557617
vt 0.117188 0.582031
vt 0.131836 0.353516
vt 0.237305 0.589844
vt 0.229492 0.322266
vt 0.299805 0.575195
vt 0.297852 0.329102
vt 0.408203 0.559570
vt 0.402344 0.327148
vt 0.469727 0.555664
vt 0.464844 0.321289
vt 0.297852 0.329102
vt 0.402344 0.327148
vt 0.403320 0.316406
vt 0.300781 0.316406
vt 0.426758 0.134766
vt 0.285156 0.134766
vt 0.229492 0.322266
vt 0.300781 0.316406
vt 0.285156 0.134766
vt 0.227539 0.134766
vt 0.355469 0.082031
vt 0.226562 0.080078
vt 0.355469 0.044922
vt 0.226562 0.043945
vt 0.130859 0.732422
vt 0.130859 0.732422
vt 0.156250 0.731445
vt 0.156250 0.731445
vt 0.481445 0.376953
vt 0.530273 0.430664
vt 0.481445 0.386719
vt 0.481445 0.432617
vt 0.481445 0.522461
vt 0.530273 0.532227
vt 0.481445 0.580078
vt 0.481445 0.591797
vt 0.011719 0.134766
vt 0.131836 0.294922
vt 0.012695 0.318359
vt 0.131836 0.322266
vt 0.133789 0.355469
vt 0.229492 0.322266
vt 0.558594 0.865234
vt 0.676758 0.859375
vt 0.558594 0.820312
vt 0.679688 0.829102
vt 0.679688 0.859375
vt 0.520508 0.603516
vt 0.515625 0.664062
vt 0.463867 0.638672
vt 0.445312 0.764648
vt 0.238281 0.600586
vt 0.301758 0.586914
vt 0.241211 0.645508
vt 0.347656 0.611328
vt 0.400391 0.659180
vt 0.417969 0.616211
vt 0.347656 0.611328
vt 0.411133 0.567383
vt 0.301758 0.586914
vt 0.011719 0.557617
vt 0.117188 0.582031
vt 0.011719 0.560547
vt 0.114258 0.595703
vt 0.050781 0.606445
vt 0.080078 0.722656
vt 0.073242 0.758789
vt 0.022461 0.703125
vt 0.040039 0.757812
vt 0.866211 0.862305
vt 0.915039 0.862305
vt 0.916016 0.881836
vt 0.954102 0.862305
vt 0.955078 0.889648
vt 0.319336 0.842773
vt 0.547852 0.821289
vt 0.319336 0.822266
vt 0.319336 0.842773
vt 0.011719 0.134766
vt 0.130859 0.149414
vt 0.131836 0.294922
vt 0.227539 0.134766
vt 0.229492 0.322266
vt 0.040039 0.757812
vt 0.074219 0.756836
vt 0.022461 0.703125
vt 0.080078 0.722656
vt 0.029297 0.603516
vt 0.022461 0.703125
vt 0.665039 0.108398
vt 0.728516 0.172852
vt 0.716797 0.317383
vt 0.816406 0.261719
vt 0.826172 0.341797
vt 0.990234 0.296875
vt 0.687500 0.750000
vt 0.716797 0.602539
vt 0.714844 0.750000
vt 0.791992 0.750000
vt 0.604492 0.750000
vt 0.716797 0.602539
vt 0.641602 0.750000
vt 0.687500 0.750000
vt 0.792969 0.749023
vt 0.791992 0.750000
vt 0.750977 0.787109
vt 0.799805 0.659180
vt 0.871094 0.429688
vt 0.938477 0.437500
vt 0.851562 0.611328
vt 0.988281 0.675781
vt 0.862305 0.156250
vt 0.990234 0.128906
vt 0.990234 0.296875
vt 0.862305 0.156250
vt 0.826172 0.722656
vt 0.836914 0.657227
vt 0.924805 0.743164
vt 0.988281 0.743164
vt 0.938477 0.437500
vt 0.988281 0.444336
vt 0.988281 0.675781
vt 0.938477 0.437500
vt 0.909180 0.444336
vt 0.988281 0.417969
vt 0.988281 0.444336
vt 0.909180 0.444336
vt 0.238281 0.796875
vt 0.238281 0.771484
vt 0.254883 0.799805
vt 0.270508 0.787109
vt 0.270508 0.793945
vt 0.254883 0.799805
vt 0.238281 0.835938
vt 0.238281 0.809570
vt 0.271484 0.819336
vt 0.254883 0.806641
vt 0.267578 0.817383
vt 0.851562 0.611328
vt 0.988281 0.675781
vt 0.836914 0.657227
vt 0.988281 0.743164
vt 0.243164 0.980469
vt 0.243164 0.886719
vt 0.494141 0.980469
vt 0.495117 0.886719
vt 0.243164 0.886719
vt 0.481445 0.376953
vt 0.481445 0.386719
vt 0.530273 0.430664
vt 0.481445 0.432617
vt 0.481445 0.522461
vt 0.481445 0.580078
vt 0.530273 0.532227
vt 0.481445 0.591797
vt 0.520508 0.603516
vt 0.463867 0.638672
vt 0.515625 0.664062
vt 0.445312 0.764648
vt 0.866211 0.862305
vt 0.916016 0.881836
vt 0.915039 0.862305
vt 0.954102 0.862305
vt 0.665039 0.108398
vt 0.716797 0.317383
vt 0.728516 0.172852
vt 0.816406 0.261719
vt 0.862305 0.156250
vt 0.816406 0.261719
vt 0.990234 0.296875
vt 0.826172 0.341797
vt 0.604492 0.750000
vt 0.641602 0.750000
vt 0.716797 0.602539
vt 0.687500 0.750000
vt 0.714844 0.750000
vt 0.871094 0.429688
vt 0.851562 0.611328
vt 0.938477 0.437500
vt 0.988281 0.675781
vt 0.826172 0.722656
vt 0.924805 0.743164
vt 0.836914 0.657227
vt 0.988281 0.743164
vt 0.988281 0.675781
vt 0.238281 0.796875
vt 0.254883 0.799805
vt 0.238281 0.771484
vt 0.270508 0.787109
vt 0.267578 0.817383
vt 0.254883 0.806641
vt 0.271484 0.819336
vt 0.238281 0.809570
vt 0.238281 0.835938
vt 0.715820 0.602539
vt 0.791992 0.750000
vt 0.799805 0.659180
vt 0.750977 0.787109
vt 0.301758 0.586914
vt 0.411133 0.567383
vt 0.347656 0.611328
vt 0.417969 0.616211
vt 0.411133 0.567383
vt 0.469727 0.558594
vt 0.417969 0.616211
vt 0.411133 0.567383
vt 0.011719 0.134766
vt 0.012695 0.318359
vt 0.130859 0.295898
vt 0.131836 0.322266
vt 0.229492 0.322266
vt 0.131836 0.353516
vt 0.050781 0.606445
vt 0.114258 0.595703
vt 0.011719 0.560547
vt 0.117188 0.582031
vt 0.011719 0.557617
vt 0.400391 0.659180
vt 0.347656 0.611328
vt 0.241211 0.645508
vt 0.301758 0.586914
vt 0.238281 0.600586
vt 0.022461 0.703125
vt 0.029297 0.603516
vt 0.080078 0.722656
vt 0.022461 0.703125
vt 0.073242 0.758789
vt 0.040039 0.757812
vt 0.011719 0.134766
vt 0.130859 0.295898
vt 0.130859 0.149414
vt 0.227539 0.134766
vt 0.040039 0.757812
vt 0.022461 0.703125
vt 0.074219 0.756836
vt 0.080078 0.722656
vt 0.702148 0.538086
vt 0.560547 0.445312
vt 0.481445 0.268555
vt 0.655273 0.313477
vt 0.186523 0.851562
vt 0.296875 0.851562
vt 0.299805 0.883789
vt 0.186523 0.883789
vt 0.072266 0.883789
vt 0.073242 0.851562
vt 0.129883 0.851562
vt 0.129883 0.883789
vt 0.015625 0.851562
vt 0.181641 0.851562
vt 0.187500 0.883789
vt 0.007812 0.884766
vt 0.187500 0.883789
vt 0.190430 0.851562
vt 0.304688 0.851562
vt 0.300781 0.883789
vt 0.826172 0.722656
vt 0.924805 0.743164
vt 0.892578 0.795898
vt 0.814453 0.771484
vt 0.481445 0.432617
vt 0.530273 0.430664
vt 0.530273 0.488281
vt 0.481445 0.471680
vt 0.740234 0.862305
vt 0.740234 0.888672
vt 0.718750 0.891602
vt 0.717773 0.862305
vt 0.185547 0.851562
vt 0.187500 0.883789
vt 0.074219 0.883789
vt 0.081055 0.851562
vt 0.698242 0.595703
vt 0.545898 0.542969
vt 0.553711 0.473633
vt 0.702148 0.538086
vt 0.000977 0.888672
vt 0.243164 0.888672
vt 0.243164 0.980469
vt 0.000977 0.980469
vt 0.954102 0.862305
vt 0.975586 0.862305
vt 0.975586 0.891602
vt 0.955078 0.889648
vt 0.187500 0.883789
vt 0.189453 0.851562
vt 0.298828 0.851562
vt 0.300781 0.883789
vt 0.988281 0.417969
vt 0.909180 0.444336
vt 0.800781 0.444336
vt 0.817383 0.417969
vt 0.127930 0.851562
vt 0.185547 0.851562
vt 0.186523 0.883789
vt 0.129883 0.883789
vt 0.831055 0.404297
vt 0.732422 0.404297
vt 0.716797 0.317383
vt 0.826172 0.341797
vt 0.428711 0.636719
vt 0.465820 0.603516
vt 0.520508 0.603516
vt 0.463867 0.638672
vt 0.779297 0.636719
vt 0.799805 0.659180
vt 0.716797 0.603516
vt 0.742188 0.603516
vt 0.483398 0.022461
vt 0.644531 0.021484
vt 0.673828 0.245117
vt 0.655273 0.313477
vt 0.481445 0.487305
vt 0.530273 0.488281
vt 0.530273 0.532227
vt 0.481445 0.522461
vt 0.238281 0.796875
vt 0.221680 0.803711
vt 0.209961 0.796875
vt 0.238281 0.771484
vt 0.208984 0.810547
vt 0.221680 0.803711
vt 0.238281 0.809570
vt 0.238281 0.835938
vt 0.195312 0.804688
vt 0.168945 0.771484
vt 0.140625 0.804688
vt 0.168945 0.838867
vt 0.195312 0.804688
vt 0.168945 0.771484
vt 0.140625 0.804688
vt 0.168945 0.838867
vt 0.319336 0.869141
vt 0.548828 0.865234
vt 0.547852 0.821289
vt 0.319336 0.842773
vt 0.481445 0.268555
vt 0.560547 0.445312
vt 0.702148 0.538086
vt 0.655273 0.313477
vt 0.299805 0.883789
vt 0.296875 0.851562
vt 0.186523 0.851562
vt 0.186523 0.883789
vt 0.129883 0.851562
vt 0.073242 0.851562
vt 0.072266 0.883789
vt 0.129883 0.883789
vt 0.187500 0.883789
vt 0.181641 0.851562
vt 0.015625 0.851562
vt 0.007812 0.884766
vt 0.304688 0.851562
vt 0.190430 0.851562
vt 0.187500 0.883789
vt 0.300781 0.883789
vt 0.892578 0.795898
vt 0.924805 0.743164
vt 0.826172 0.722656
vt 0.814453 0.771484
vt 0.530273 0.488281
vt 0.530273 0.430664
vt 0.481445 0.432617
vt 0.481445 0.471680
vt 0.718750 0.891602
vt 0.740234 0.888672
vt 0.740234 0.862305
vt 0.717773 0.862305
vt 0.074219 0.883789
vt 0.187500 0.883789
vt 0.185547 0.851562
vt 0.081055 0.851562
vt 0.553711 0.473633
vt 0.545898 0.542969
vt 0.698242 0.595703
vt 0.702148 0.538086
vt 0.243164 0.980469
vt 0.243164 0.888672
vt 0.000977 0.888672
vt 0.000977 0.980469
vt 0.975586 0.891602
vt 0.975586 0.862305
vt 0.954102 0.862305
vt 0.955078 0.889648
vt 0.298828 0.851562
vt 0.189453 0.851562
vt 0.187500 0.883789
vt 0.300781 0.883789
vt 0.800781 0.444336
vt 0.909180 0.444336
vt 0.988281 0.417969
vt 0.817383 0.417969
vt 0.186523 0.883789
vt 0.185547 0.851562
vt 0.127930 0.851562
vt 0.129883 0.883789
vt 0.716797 0.317383
vt 0.732422 0.404297
vt 0.831055 0.404297
vt 0.826172 0.341797
vt 0.520508 0.603516
vt 0.465820 0.603516
vt 0.428711 0.636719
vt 0.463867 0.638672
vt 0.715820 0.602539
vt 0.799805 0.659180
vt 0.779297 0.636719
vt 0.742188 0.603516
vt 0.673828 0.244141
vt 0.644531 0.022461
vt 0.483398 0.022461
vt 0.655273 0.313477
vt 0.530273 0.532227
vt 0.530273 0.488281
vt 0.481445 0.487305
vt 0.481445 0.522461
vt 0.209961 0.796875
vt 0.221680 0.803711
vt 0.238281 0.796875
vt 0.238281 0.771484
vt 0.238281 0.809570
vt 0.221680 0.803711
vt 0.208984 0.810547
vt 0.238281 0.835938
vt 0.140625 0.804688
vt 0.168945 0.771484
vt 0.195312 0.804688
vt 0.168945 0.838867
vt 0.140625 0.804688
vt 0.168945 0.771484
vt 0.195312 0.804688
vt 0.168945 0.838867
vt 0.319336 0.868164
vt 0.319336 0.842773
vt 0.547852 0.821289
vt 0.550781 0.864258
vt 0.130859 0.732422
vt 0.130859 0.732422
vt 0.156250 0.731445
vt 0.943359 0.793945
vt 0.892578 0.795898
vt 0.924805 0.743164
vt 0.809570 0.862305
vt 0.740234 0.888672
vt 0.740234 0.862305
vt 0.740234 0.888672
vt 0.723633 0.988281
vt 0.718750 0.891602
vt 0.817383 0.417969
vt 0.800781 0.444336
vt 0.713867 0.433594
vt 0.966797 0.988281
vt 0.955078 0.889648
vt 0.975586 0.891602
vt 0.040039 0.757812
vt 0.035156 0.826172
vt 0.022461 0.757812
vt 0.604492 0.750000
vt 0.603516 0.603516
vt 0.716797 0.602539
vt 0.562500 0.751953
vt 0.518555 0.760742
vt 0.515625 0.664062
vt 0.099609 0.828125
vt 0.122070 0.781250
vt 0.078125 0.781250
vt 0.114258 0.746094
vt 0.100586 0.705078
vt 0.085938 0.746094
vt 0.355469 0.082031
vt 0.426758 0.134766
vt 0.285156 0.134766
vt 0.297852 0.329102
vt 0.229492 0.322266
vt 0.300781 0.316406
vt 0.717773 0.241211
vt 0.623047 0.236328
vt 0.595703 0.021484
vt 0.040039 0.757812
vt 0.022461 0.757812
vt 0.035156 0.826172
vt 0.862305 0.156250
vt 0.990234 0.296875
vt 0.816406 0.261719
vt 0.530273 0.488281
vt 0.481445 0.487305
vt 0.481445 0.471680
vt 0.221680 0.803711
vt 0.208984 0.810547
vt 0.209961 0.796875
vt 0.161133 0.701172
vt 0.157227 0.696289
vt 0.143555 0.715820
vt 0.655273 0.313477
vt 0.481445 0.268555
vt 0.483398 0.022461
vt 0.791992 0.750000
vt 0.716797 0.603516
vt 0.799805 0.659180
vt 0.943359 0.793945
vt 0.924805 0.743164
vt 0.892578 0.795898
vt 0.809570 0.862305
vt 0.740234 0.862305
vt 0.740234 0.888672
vt 0.740234 0.888672
vt 0.718750 0.891602
vt 0.723633 0.988281
vt 0.817383 0.417969
vt 0.713867 0.433594
vt 0.800781 0.444336
vt 0.966797 0.988281
vt 0.975586 0.891602
vt 0.955078 0.889648
vt 0.679688 0.859375
vt 0.560547 0.864258
vt 0.558594 0.820312
vt 0.604492 0.750000
vt 0.716797 0.602539
vt 0.603516 0.603516
vt 0.562500 0.751953
vt 0.515625 0.664062
vt 0.518555 0.760742
vt 0.717773 0.243164
vt 0.595703 0.017578
vt 0.623047 0.237305
vt 0.791992 0.750000
vt 0.716797 0.602539
vt 0.714844 0.750000
vt 0.578125 0.760742
vt 0.587891 0.759766
vt 0.584961 0.750977
vt 0.530273 0.488281
vt 0.481445 0.471680
vt 0.481445 0.487305
vt 0.221680 0.803711
vt 0.209961 0.796875
vt 0.208984 0.810547
vt 0.954102 0.862305
vt 0.916016 0.881836
vt 0.955078 0.889648
vt 0.836914 0.657227
vt 0.988281 0.675781
vt 0.851562 0.611328
vt 0.494141 0.980469
vt 0.243164 0.886719
vt 0.243164 0.980469
vt 0.816406 0.261719
vt 0.716797 0.317383
vt 0.826172 0.341797
vt 0.655273 0.313477
vt 0.483398 0.022461
vt 0.481445 0.268555
vt 0.131836 0.322266
vt 0.131836 0.294922
vt 0.229492 0.322266
vt 0.403320 0.316406
vt 0.464844 0.321289
vt 0.402344 0.327148
vt 0.012695 0.318359
vt 0.131836 0.353516
vt 0.131836 0.322266
vt 0.040039 0.757812
vt 0.022461 0.757812
vt 0.035156 0.826172
vt 0.099609 0.828125
vt 0.078125 0.781250
vt 0.122070 0.781250
vt 0.114258 0.746094
vt 0.085938 0.746094
vt 0.100586 0.705078
vt 0.355469 0.082031
vt 0.285156 0.134766
vt 0.426758 0.134766
vt 0.297852 0.329102
vt 0.300781 0.316406
vt 0.229492 0.322266
vt 0.040039 0.757812
vt 0.035156 0.826172
vt 0.022461 0.757812
vt 0.130859 0.295898
vt 0.229492 0.322266
vt 0.227539 0.134766
vt 0.403320 0.316406
vt 0.402344 0.327148
vt 0.464844 0.321289
vt 0.157227 0.696289
vt 0.161133 0.701172
vt 0.143555 0.715820
vn 0.3991 -0.3394 0.8517
vn -0.0101 -0.3702 0.9289
vn -0.0009 -0.3702 0.9289
vn -0.4169 -0.3365 0.8444
vn 0.4734 -0.5049 0.7218
vn -0.4878 -0.4776 0.7307
vn 0.7355 0.3718 0.5664
vn -0.7596 0.3625 0.5400
vn 0.3802 -0.7311 0.5664
vn -0.3974 -0.7254 0.5620
vn 0.9825 -0.1162 0.1452
vn 0.6966 -0.1154 0.7081
vn 0.7656 -0.1188 0.6322
vn 0.4112 -0.1084 0.9051
vn 0.4043 -0.1045 0.9086
vn -0.0108 -0.1430 0.9897
vn -0.0123 -0.1430 0.9896
vn -0.4233 -0.1238 0.8975
vn -0.4137 -0.1213 0.9022
vn -0.6884 -0.1496 0.7097
vn -0.7373 -0.1543 0.6576
vn -0.9654 -0.1637 0.2030
vn -0.4520 -0.2367 0.8600
vn 0.8687 0.1019 -0.4847
vn 0.0002 0.2057 -0.9786
vn -0.8686 0.1019 -0.4850
vn 0.4413 0.0049 0.8973
vn 0.4335 -0.0479 0.8998
vn 0.4277 -0.0833 0.9001
vn 0.4192 -0.1289 0.8987
vn -0.5654 0.8103 0.1538
vn -0.3412 0.9156 0.2126
vn -0.3674 0.9068 0.2067
vn 0.1301 0.9487 0.2880
vn 0.1492 0.9454 0.2898
vn 0.6184 0.7218 0.3108
vn 0.6395 0.7034 0.3102
vn 0.8474 0.4169 0.3287
vn 0.8673 0.3520 0.3520
vn 0.8898 0.2444 0.3854
vn 0.8074 0.1896 0.5587
vn 0.8173 0.1156 0.5644
vn 0.8231 0.0274 0.5672
vn 0.8202 -0.1007 0.5632
vn 0.2558 0.6114 -0.7488
vn 0.0000 0.6325 -0.7746
vn -0.5697 0.5028 -0.6501
vn -0.5928 0.4910 -0.6383
vn -0.8949 0.2436 -0.3740
vn -0.7998 -0.1939 -0.5680
vn -0.7485 -0.3037 -0.5895
vn -0.7598 -0.2818 -0.5858
vn -0.6819 -0.4148 -0.6024
vn -0.8201 -0.1007 0.5632
vn -0.8172 0.1106 0.5657
vn -0.8229 0.0229 0.5677
vn -0.8076 0.1829 0.5606
vn 0.6819 -0.4148 -0.6023
vn 0.7485 -0.3037 -0.5894
vn 0.7598 -0.2818 -0.5858
vn 0.8746 0.0298 -0.4838
vn 0.8768 0.0400 -0.4792
vn 0.8949 0.2436 -0.3740
vn 0.9112 0.0330 -0.4106
vn 0.0000 0.0802 -0.9968
vn 0.0001 0.0802 -0.9968
vn -0.9111 0.0331 -0.4108
vn -0.7766 -0.1239 0.6176
vn -0.6744 -0.0379 0.7374
vn -0.7262 -0.0794 0.6828
vn -0.5970 0.0181 0.8020
vn -0.2974 -0.1371 0.9448
vn 0.3751 0.0014 0.9270
vn 0.3075 -0.0143 0.9514
vn 0.7318 0.0945 0.6749
vn -0.8480 -0.2751 0.4529
vn -0.5358 -0.2346 0.8111
vn -0.6882 -0.2592 0.6776
vn -0.2904 -0.1850 0.9388
vn 0.0161 -0.2756 0.9611
vn -0.0716 -0.2619 0.9624
vn -0.7502 -0.0666 0.6578
vn -0.8379 -0.0206 0.5454
vn -0.9514 -0.2720 -0.1445
vn -0.8243 -0.2192 0.5220
vn -0.9250 -0.2537 0.2827
vn -0.4340 -0.0996 0.8954
vn -0.9696 0.1491 0.1939
vn -0.9816 0.1785 -0.0671
vn -0.9476 0.1904 -0.2563
vn -0.9382 0.1937 -0.2869
vn -0.9172 0.1942 -0.3479
vn -0.3312 -0.6910 0.6424
vn -0.4216 -0.4740 0.7730
vn -0.3108 -0.4480 0.8383
vn -0.2078 0.0653 0.9760
vn -0.3540 0.3995 0.8456
vn -0.4679 0.6301 0.6197
vn -0.6167 0.6240 0.4799
vn -0.8740 0.1685 0.4558
vn -0.9232 0.2622 0.2810
vn -0.9239 0.2644 0.2764
vn -0.9310 0.3611 0.0533
vn 0.1497 0.4409 0.8849
vn -0.0550 0.4802 0.8754
vn -0.0586 0.5105 0.8578
vn -0.1989 0.5298 0.8244
vn -0.0742 0.5993 0.7970
vn 0.2797 -0.6336 0.7213
vn 0.4468 -0.5744 0.6859
vn 0.5937 -0.4997 0.6307
vn 0.7468 -0.3898 0.5389
vn 0.0537 -0.4611 0.8857
vn 0.2517 -0.6287 0.7358
vn 0.1770 -0.5696 0.8026
vn 0.2974 -0.6463 0.7027
vn 0.8927 0.0000 0.4507
vn 0.0000 0.0000 1.0000
vn 0.3150 -0.1910 -0.9297
vn 0.9324 -0.2494 0.2616
vn 0.9414 -0.2565 0.2190
vn 0.8050 -0.1797 0.5654
vn 0.0000 0.0049 -1.0000
vn 0.0000 -0.1214 -0.9926
vn 0.0410 -0.1264 -0.9911
vn 0.1002 -0.1835 -0.9779
vn 0.1852 -0.1425 -0.9723
vn -0.0537 -0.4611 0.8857
vn -0.1766 -0.5697 0.8026
vn -0.2702 -0.6320 0.7263
vn -0.2803 -0.6458 0.7101
vn -0.2796 -0.6336 0.7214
vn -0.9197 0.3919 -0.0230
vn -0.6800 0.7330 -0.0148
vn -0.6324 0.7734 -0.0422
vn -0.1093 0.9905 -0.0829
vn 0.0000 0.9940 -0.1092
vn 0.3275 0.9392 -0.1032
vn -0.4437 0.6030 0.6629
vn -0.3582 0.5800 0.7316
vn -0.3716 0.5840 0.7217
vn -0.2827 0.5550 0.7823
vn -0.3146 -0.1909 -0.9298
vn -0.9415 -0.2566 0.2185
vn -0.9324 -0.2494 0.2613
vn -0.8050 -0.1797 0.5654
vn 0.9214 0.3870 -0.0338
vn 0.7316 0.6811 -0.0301
vn 0.5977 0.7468 0.2917
vn 0.4007 0.7414 0.5381
vn 0.3762 0.5853 0.7182
vn 0.4438 0.6030 0.6629
vn 0.0000 -0.0399 0.9992
vn 0.5907 -0.1692 0.7889
vn -0.5441 -0.0060 0.8390
vn -0.9177 0.1297 0.3753
vn 0.7689 -0.6160 0.1713
vn -0.7687 -0.6163 0.1713
vn 0.0000 -0.2411 0.9705
vn 0.6223 -0.3019 0.7222
vn 0.7378 0.0524 0.6730
vn 0.9302 -0.0260 0.3660
vn -0.9847 0.0391 0.1694
vn -0.2786 -0.1225 0.9525
vn 0.9329 -0.2123 0.2909
vn -0.9329 -0.2123 0.2909
vn -0.7465 -0.3897 0.5392
vn -0.1852 -0.1425 -0.9723
vn -0.5188 -0.3124 0.7958
vn -0.1146 0.6663 0.7368
vn -0.0000 0.6707 0.7417
vn 0.1146 0.6663 0.7368
vn 0.8553 -0.1828 0.4848
vn 0.9675 0.1119 -0.2268
vn 0.9910 0.0669 -0.1160
vn 0.0001 0.3865 -0.9222
vn -0.9675 0.1119 -0.2268
vn -0.9910 0.0669 -0.1160
vn -0.8552 -0.1828 0.4850
vn 0.4246 0.2055 0.8817
vn 0.7494 -0.0297 0.6615
vn 0.8762 -0.1774 0.4481
vn 0.9277 -0.3675 0.0649
vn 0.7664 -0.2208 0.6032
vn 0.7711 -0.2226 0.5965
vn 0.7721 -0.2229 0.5951
vn 0.7775 -0.2250 0.5872
vn -0.9907 -0.1350 0.0158
vn -0.7474 -0.5717 0.3384
vn -0.3666 -0.7773 0.5112
vn 0.8384 -0.4331 0.3308
vn 0.6196 -0.6324 0.4648
vn 0.9981 -0.0320 0.0526
vn 0.9624 -0.2557 -0.0913
vn 0.2555 -0.9429 -0.2135
vn 0.7290 -0.6629 -0.1706
vn -0.1274 -0.9704 -0.2051
vn 0.9872 -0.0909 0.1311
vn 0.7884 -0.5642 -0.2450
vn 0.8031 -0.5490 -0.2313
vn -0.1420 -0.7931 -0.5923
vn 0.0490 0.7122 0.7002
vn 0.0346 0.1607 0.9864
vn 0.0276 -0.0191 0.9994
vn 0.0174 -0.9961 0.0861
vn 0.0226 -0.9945 -0.1020
vn 0.1024 0.0325 -0.9942
vn 0.0945 -0.1705 -0.9808
vn 0.0993 0.6243 -0.7748
vn -0.7067 -0.7027 0.0824
vn -0.6069 -0.7457 0.2749
vn -0.5864 -0.7495 0.3073
vn -0.4459 -0.7488 0.4903
vn 0.6446 0.7638 -0.0305
vn 0.9893 0.0081 -0.1456
vn 0.9891 0.0320 -0.1435
vn 0.0590 -0.9229 -0.3804
vn 0.0824 -0.9233 -0.3751
vn -0.5370 -0.7230 -0.4345
vn 0.9710 0.0226 0.2377
vn 0.5864 0.0426 0.8089
vn 0.8418 0.0341 0.5387
vn 0.4075 0.0443 0.9121
vn 0.4083 0.0443 0.9118
vn -0.0014 0.0521 0.9986
vn -0.0021 0.0521 0.9986
vn -0.4087 0.0527 0.9111
vn -0.4094 0.0528 0.9108
vn -0.4180 0.0537 0.9068
vn -0.9940 0.0057 0.1095
vn -0.8405 -0.4722 0.2657
vn -0.4036 -0.8446 0.3517
vn 0.8434 -0.4833 0.2347
vn 0.4767 -0.8165 0.3255
vn 0.9963 -0.0224 0.0826
vn 0.8090 -0.5863 0.0411
vn 0.6897 -0.7166 0.1038
vn 0.7415 -0.6663 0.0786
vn 0.0001 -0.9805 0.1964
vn -0.7128 -0.6909 0.1205
vn -0.7693 -0.6307 0.1019
vn -0.8430 -0.5329 0.0729
vn 0.6601 0.7511 0.0063
vn -0.0009 0.9999 0.0135
vn 0.0027 0.9999 0.0135
vn -0.6590 0.7519 0.0139
vn -0.6662 -0.7448 0.0373
vn -0.0003 -0.9990 0.0442
vn 0.0037 -0.9990 0.0442
vn 0.6685 -0.7432 0.0285
vn 0.0016 0.9969 0.0790
vn 0.0016 0.9990 0.0441
vn -0.2974 -0.9272 -0.2274
vn -0.4357 0.2187 0.8731
vn -0.8621 -0.1677 0.4781
vn -0.7407 -0.0188 0.6715
vn -0.9223 -0.3666 0.1220
vn -0.7663 -0.2204 0.6034
vn -0.7720 -0.2228 0.5952
vn -0.7711 -0.2224 0.5966
vn -0.7775 -0.2250 0.5872
vn 0.9908 -0.1344 0.0161
vn 0.3666 -0.7771 0.5115
vn 0.7476 -0.5713 0.3387
vn -0.6196 -0.6325 0.4649
vn -0.8385 -0.4330 0.3308
vn -0.9981 -0.0320 0.0526
vn -0.9624 -0.2557 -0.0913
vn -0.7291 -0.6626 -0.1711
vn -0.2562 -0.9425 -0.2145
vn 0.8979 -0.4344 -0.0715
vn 0.5340 -0.8291 -0.1658
vn 0.9982 0.0490 0.0353
vn -0.9872 -0.0910 0.1310
vn -0.8030 -0.5491 -0.2314
vn -0.7886 -0.5640 -0.2448
vn 0.1420 -0.7931 -0.5923
vn 0.9972 0.0331 0.0665
vn 0.5416 -0.8381 0.0649
vn 0.8847 -0.4601 0.0754
vn 0.1267 -0.9910 0.0419
vn -0.0490 0.7120 0.7004
vn -0.0278 -0.0193 0.9994
vn -0.0348 0.1604 0.9864
vn -0.0229 -0.9945 -0.1021
vn -0.0176 -0.9961 0.0862
vn -0.0945 -0.1705 -0.9808
vn -0.1025 0.0324 -0.9942
vn -0.0993 0.6244 -0.7747
vn -0.6445 0.7640 -0.0298
vn -0.9891 0.0330 -0.1435
vn -0.9893 0.0072 -0.1457
vn -0.0824 -0.9231 -0.3757
vn -0.0591 -0.9227 -0.3810
vn 0.5368 -0.7230 -0.4349
vn 0.9940 0.0056 0.1095
vn 0.4043 -0.8436 0.3533
vn 0.8402 -0.4722 0.2666
vn -0.4775 -0.8155 0.3270
vn -0.8431 -0.4832 0.2358
vn -0.9963 -0.0224 0.0826
vn 0.7677 -0.2043 0.6073
vn 0.7783 -0.2123 0.5909
vn 0.7883 -0.2200 0.5746
vn 0.6253 -0.5329 0.5700
vn 0.6257 -0.5335 0.5690
vn 0.6259 -0.5338 0.5685
vn 0.6263 -0.5343 0.5676
vn 0.5436 -0.5737 -0.6127
vn 0.5622 -0.5922 -0.5771
vn 0.5549 -0.6236 -0.5507
vn 0.5701 -0.6621 -0.4863
vn 0.5566 -0.7597 -0.3362
vn -0.3051 0.4824 -0.8210
vn -0.2883 0.2814 -0.9152
vn -0.3503 -0.0825 -0.9330
vn -0.2954 -0.1486 -0.9437
vn -0.3726 -0.3457 -0.8612
vn 0.3482 -0.8097 -0.4723
vn 0.3280 -0.7954 -0.5096
vn 0.2877 -0.7640 -0.5775
vn 0.2394 -0.7215 -0.6497
vn 0.5582 -0.3132 0.7683
vn 0.0001 -0.3775 0.9260
vn -0.5581 -0.3132 0.7683
vn 0.4759 0.6181 -0.6256
vn 0.4355 0.6371 -0.6359
vn 0.4010 0.6520 -0.6435
vn 0.3408 0.6751 -0.6543
vn 0.4101 -0.6674 0.6216
vn 0.6448 -0.5253 0.5552
vn 0.6362 -0.3991 0.6602
vn 0.6558 0.1216 0.7450
vn 0.5455 0.3440 0.7642
vn -0.7674 -0.2040 0.6079
vn -0.7781 -0.2121 0.5912
vn -0.7883 -0.2200 0.5746
vn -0.6253 -0.5329 0.5700
vn -0.6259 -0.5338 0.5685
vn -0.6257 -0.5335 0.5690
vn -0.6263 -0.5343 0.5676
vn 0.2405 -0.0243 -0.9703
vn 0.2882 0.2814 -0.9153
vn 0.2851 0.2551 -0.9239
vn 0.3049 0.4825 -0.8211
vn -0.5434 -0.5734 -0.6131
vn -0.5478 -0.5777 -0.6050
vn 0.0609 -0.4893 -0.8699
vn -0.3988 -0.5999 -0.6936
vn 0.3724 -0.3460 -0.8611
vn -0.3484 -0.8097 -0.4722
vn -0.2879 -0.7639 -0.5775
vn -0.3282 -0.7954 -0.5095
vn -0.2394 -0.7213 -0.6499
vn -0.3436 0.0738 0.9362
vn -0.0113 0.0786 0.9968
vn -0.0021 0.0786 0.9969
vn 0.3226 0.0744 0.9436
vn -0.5455 0.3438 0.7643
vn -0.1279 0.5357 0.8346
vn 0.4881 0.6044 0.6296
vn 0.8919 0.4207 0.1657
vn -0.5566 -0.7597 -0.3362
vn -0.4145 -0.8703 -0.2659
vn -0.4313 -0.8595 -0.2743
vn -0.3014 -0.9304 -0.2084
vn -0.4762 0.6179 -0.6256
vn -0.4007 0.6521 -0.6436
vn -0.4355 0.6370 -0.6359
vn -0.3400 0.6753 -0.6544
vn -0.4106 -0.6677 0.6209
vn -0.6017 -0.5578 0.5716
vn -0.6744 -0.5589 0.4824
vn -0.7506 -0.6167 0.2371
vn -0.7412 -0.6482 0.1741
vn -0.5242 0.7321 -0.4350
vn -0.9422 0.3338 -0.0270
vn -0.5091 -0.7116 -0.4841
vn -0.1718 0.9327 0.3171
vn 0.1278 -0.9823 -0.1366
vn 0.1173 0.6842 0.7197
vn 0.3279 0.5070 0.7971
vn -0.3406 -0.6498 -0.6795
vn -0.9972 0.0331 0.0665
vn -0.9982 0.0489 0.0352
vn 0.7307 0.6827 0.0051
vn -0.6804 0.7318 0.0375
vn -0.2917 0.7786 0.5555
vn 0.4162 0.0683 0.9067
vn -0.0980 0.8743 0.4754
vn 0.0545 -0.9541 -0.2943
vn -0.1257 -0.9911 0.0429
vn -0.6882 0.7044 0.1737
vn 0.6870 -0.7266 0.0034
vn 0.5238 0.7322 -0.4352
vn 0.9422 0.3339 -0.0269
vn 0.5087 -0.7118 -0.4842
vn 0.1718 0.9328 0.3168
vn -0.1270 -0.9825 -0.1365
vn -0.1181 0.6841 0.7197
vn -0.3271 0.5072 0.7973
vn 0.3406 -0.6498 -0.6795
vn -0.7306 0.6828 0.0052
vn 0.6801 0.7321 0.0376
vn 0.7067 -0.7027 0.0824
vn 0.2921 0.7785 0.5555
vn 0.4455 -0.7490 0.4904
vn -0.9714 0.0327 0.2353
vn -0.4114 0.0538 0.9098
vn 0.0986 0.8743 0.4753
vn -0.0551 -0.9540 -0.2945
vn 0.6879 0.7046 0.1740
vn -0.6868 -0.7268 0.0034
vn -0.8427 0.5255 0.1172
vn 0.0437 0.8738 0.4843
vn 0.3015 -0.9304 -0.2085
vn 0.3553 -0.0715 0.9320
vn -0.8915 0.4213 0.1663
vn 0.7412 -0.6482 0.1741
vn 0.8429 0.5250 0.1175
vn -0.0439 0.8737 0.4844
vn -0.3552 -0.0715 0.9320
vn 0.7152 0.1670 -0.6786
vn 0.0003 0.2390 -0.9710
vn 0.0002 0.2390 -0.9710
vn -0.7149 0.1671 -0.6790
vn -0.1361 0.6069 0.7830
vn -0.0656 -0.1669 0.9838
vn -0.0969 0.1049 0.9897
vn -0.0542 -0.8816 0.4688
vn -0.0557 -0.8940 0.4445
vn -0.0334 -0.9000 -0.4346
vn -0.0324 -0.8963 -0.4422
vn 0.0228 -0.1603 -0.9868
vn 0.0201 -0.0179 -0.9996
vn 0.0054 0.5501 -0.8350
vn 0.6182 0.0387 0.7850
vn -0.0805 -0.0231 0.9965
vn 0.0312 -0.0138 0.9994
vn -0.6398 -0.0660 0.7657
vn 0.4840 0.2604 -0.8354
vn 0.8989 0.3848 -0.2094
vn 0.9142 0.3850 -0.1268
vn 0.5983 0.1773 0.7814
vn 0.6160 0.1870 0.7652
vn 0.0001 0.0980 0.9952
vn -0.5982 0.1773 0.7815
vn -0.6160 0.1870 0.7653
vn -0.8989 0.3848 -0.2095
vn -0.9142 0.3850 -0.1268
vn -0.4839 0.2604 -0.8354
vn 0.7403 0.1331 0.6589
vn 0.5373 0.0777 0.8398
vn 0.5695 0.0861 0.8175
vn 0.0000 0.0258 0.9997
vn 0.0001 0.0258 0.9997
vn -0.5372 0.0777 0.8398
vn -0.5694 0.0861 0.8175
vn -0.7403 0.1331 0.6589
vn 0.2181 -0.9218 0.3203
vn 0.0790 -0.9292 0.3609
vn 0.1172 -0.9291 0.3506
vn -0.0874 -0.9127 0.3992
vn -0.9775 -0.0287 -0.2090
vn -0.9816 -0.0028 0.1910
vn -0.9950 -0.0090 0.0990
vn 0.0009 0.0387 0.9992
vn -0.0010 0.0387 0.9992
vn 0.9795 0.0084 0.2014
vn 0.9936 0.0047 0.1129
vn 0.9827 -0.0075 -0.1848
vn 0.0001 -0.9197 -0.3925
vn 0.0001 -0.9687 0.2482
vn 0.0001 -0.9716 0.2364
vn 0.0000 -0.2891 0.9573
vn -0.8430 -0.2745 -0.4625
vn -0.7800 -0.5328 -0.3282
vn -0.8019 -0.4739 -0.3638
vn -0.9111 -0.3007 -0.2818
vn -0.8915 -0.3580 -0.2775
vn -0.9578 0.0085 -0.2873
vn -0.9029 -0.2406 -0.3562
vn -0.3148 -0.3777 -0.8708
vn -0.5349 -0.3602 -0.7642
vn 0.6487 -0.1164 -0.7521
vn 0.6007 -0.1478 -0.7856
vn 0.9768 0.1299 0.1703
vn 0.9858 0.1293 0.1069
vn 0.7313 0.1126 0.6727
vn 0.4452 -0.4244 0.7884
vn -0.0031 -0.5174 0.8557
vn 0.0068 -0.5166 0.8562
vn -0.4611 -0.4978 0.7345
vn 0.8618 0.1032 -0.4967
vn 0.0072 0.1642 -0.9864
vn -0.0051 0.1639 -0.9864
vn -0.8662 0.0618 -0.4958
vn 0.0000 0.1805 -0.9836
vn 0.1215 0.2763 -0.9533
vn 0.1069 0.2650 -0.9583
vn 0.0000 0.3652 -0.9309
vn -0.1215 0.2763 -0.9533
vn -0.1068 0.2650 -0.9583
vn 0.8645 -0.1163 -0.4889
vn -0.0139 -0.2112 -0.9773
vn -0.0023 -0.2113 -0.9774
vn -0.8739 -0.0924 -0.4771
vn 0.4049 0.4602 -0.7901
vn 0.0000 0.5033 -0.8641
vn -0.4048 0.4602 -0.7901
vn 0.2456 0.7378 -0.6287
vn 0.0001 0.7612 -0.6485
vn -0.2454 0.7379 -0.6287
vn -0.0015 -0.9765 0.2154
vn 0.5829 -0.8095 -0.0699
vn 0.5233 -0.8514 -0.0353
vn 0.7728 -0.6037 -0.1959
vn -0.6640 0.7476 0.0142
vn 0.0037 0.9999 0.0137
vn 0.0008 0.9999 0.0138
vn 0.9995 0.0167 0.0256
vn 0.9995 0.0198 0.0255
vn 0.0052 -0.9990 0.0451
vn 0.0024 -0.9990 0.0451
vn -0.6854 -0.7272 0.0370
vn 0.1360 0.6069 0.7830
vn 0.0969 0.1049 0.9897
vn 0.0656 -0.1668 0.9838
vn 0.0557 -0.8941 0.4443
vn 0.0542 -0.8816 0.4688
vn 0.0324 -0.8963 -0.4423
vn 0.0334 -0.9000 -0.4346
vn -0.0201 -0.0178 -0.9996
vn -0.0227 -0.1605 -0.9868
vn -0.0053 0.5502 -0.8350
vn -0.2185 -0.9218 0.3201
vn -0.1173 -0.9292 0.3504
vn -0.0790 -0.9293 0.3608
vn 0.0879 -0.9127 0.3989
vn 0.6613 0.7499 0.0140
vn -0.0002 0.9999 0.0136
vn -0.0035 0.9999 0.0136
vn -0.9995 0.0150 0.0258
vn -0.9995 0.0153 0.0258
vn -0.0010 -0.9990 0.0446
vn -0.0047 -0.9990 0.0446
vn 0.6763 -0.7356 0.0372
vn 0.0013 -0.9765 0.2153
vn -0.5232 -0.8514 -0.0352
vn -0.5828 -0.8096 -0.0698
vn -0.7727 -0.6038 -0.1958
vn -0.7460 -0.0985 0.6586
vn 0.0059 -0.0289 0.9995
vn 0.0616 -0.0230 0.9978
vn 0.9959 0.0575 0.0691
vn 0.9846 0.0595 0.1643
vn 0.5340 0.0042 -0.8455
vn 0.5939 0.0089 -0.8045
vn -0.5615 -0.0835 -0.8232
vn -0.5285 -0.0809 -0.8451
vn -0.9159 -0.1049 -0.3875
vn -0.0899 -0.0739 -0.9932
vn -0.0901 0.0288 -0.9955
vn -0.0901 0.0271 -0.9955
vn -0.0893 0.1282 -0.9877
vn 0.9243 0.1530 -0.3495
vn 0.9239 -0.1649 -0.3453
vn 0.9139 -0.2202 -0.3409
vn 0.8376 -0.3935 -0.3789
vn 0.8472 -0.3512 -0.3986
vn 0.8645 -0.0981 -0.4928
vn -0.6182 0.0390 0.7850
vn -0.0314 -0.0135 0.9994
vn 0.0808 -0.0228 0.9965
vn 0.6399 -0.0657 0.7656
vn 0.9775 -0.0287 -0.2090
vn 0.9950 -0.0089 0.0991
vn 0.9816 -0.0026 0.1911
vn 0.0010 0.0391 0.9992
vn -0.0009 0.0391 0.9992
vn -0.9936 0.0047 0.1129
vn -0.9795 0.0084 0.2014
vn -0.9827 -0.0075 -0.1848
vn -0.0001 -0.9197 -0.3925
vn -0.0001 -0.9716 0.2364
vn -0.0001 -0.9687 0.2481
vn 0.8431 -0.2742 -0.4626
vn 0.8019 -0.4738 -0.3638
vn 0.7800 -0.5327 -0.3282
vn 0.8915 -0.3580 -0.2774
vn 0.9111 -0.3008 -0.2817
vn 0.9578 0.0085 -0.2872
vn 0.9027 -0.2415 -0.3561
vn 0.5343 -0.3609 -0.7643
vn 0.3149 -0.3781 -0.8705
vn -0.6008 -0.1483 -0.7855
vn -0.6489 -0.1168 -0.7519
vn -0.9858 0.1287 0.1073
vn -0.9769 0.1293 0.1702
vn -0.7313 0.1124 0.6727
vn -0.4454 -0.4241 0.7885
vn -0.0069 -0.5165 0.8562
vn 0.0029 -0.5173 0.8557
vn 0.4611 -0.4979 0.7345
vn -0.8618 0.1032 -0.4967
vn 0.0050 0.1639 -0.9864
vn -0.0073 0.1642 -0.9864
vn 0.8661 0.0618 -0.4960
vn -0.8645 -0.1163 -0.4889
vn 0.0023 -0.2113 -0.9774
vn 0.0139 -0.2112 -0.9773
vn 0.8739 -0.0924 -0.4771
vn 0.7461 -0.0985 0.6585
vn -0.0617 -0.0229 0.9978
vn -0.0060 -0.0289 0.9995
vn -0.9846 0.0595 0.1641
vn -0.9956 0.0577 0.0737
vn -0.5939 0.0090 -0.8044
vn -0.5340 0.0042 -0.8455
vn 0.5284 -0.0809 -0.8451
vn 0.5615 -0.0835 -0.8232
vn 0.9159 -0.1049 -0.3873
vn 0.0898 -0.0749 -0.9931
vn 0.0901 0.0266 -0.9955
vn 0.0901 0.0283 -0.9955
vn 0.0895 0.1282 -0.9877
vn -0.9243 0.1530 -0.3495
vn -0.9139 -0.2201 -0.3410
vn -0.9239 -0.1649 -0.3453
vn -0.8472 -0.3511 -0.3987
vn -0.8377 -0.3933 -0.3789
vn -0.8645 -0.0979 -0.4929
vn 0.0570 -0.3413 0.9382
vn 0.0153 -0.3899 0.9207
vn 0.0329 -0.3696 0.9286
vn 0.0000 -0.4074 0.9132
vn 0.2964 -0.3764 0.8777
vn 0.4906 -0.4283 0.7588
vn 0.4024 -0.4068 0.8201
vn 0.5997 -0.4491 0.6623
vn 0.6290 -0.5227 -0.5754
vn 0.5406 -0.5213 -0.6602
vn 0.4491 -0.5129 -0.7316
vn 0.3710 -0.5010 -0.7819
vn -0.7444 0.0187 0.6674
vn -0.7560 -0.0350 0.6536
vn -0.7546 -0.0298 0.6555
vn -0.3739 -0.0910 0.9230
vn -0.0082 -0.0648 0.9979
vn 0.7589 0.0314 0.6503
vn 0.6541 -0.2752 0.7045
vn 0.5328 -0.1583 0.8313
vn 0.3197 -0.1379 0.9374
vn 0.0000 -0.0056 1.0000
vn -0.3514 -0.0052 0.9362
vn 0.5264 -0.8335 0.1676
vn 0.4900 -0.8366 0.2448
vn 0.4906 -0.8366 0.2436
vn 0.4443 -0.8326 0.3307
vn 0.8691 0.1757 -0.4623
vn 0.6416 0.3743 -0.6695
vn 0.6529 0.3722 -0.6597
vn 0.3834 0.4049 -0.8300
vn 0.1698 0.3280 -0.9293
vn -0.0938 0.1866 -0.9779
vn -0.2016 0.1736 -0.9639
vn -0.2199 0.1429 -0.9650
vn -0.2047 0.1464 -0.9678
vn -0.7268 -0.0664 0.6836
vn -0.7260 -0.0761 0.6834
vn -0.6180 -0.3887 0.6834
vn -0.5075 -0.5776 0.6393
vn -0.0197 -0.9502 0.3109
vn -0.6219 0.5751 0.5314
vn -0.8179 0.4597 0.3461
vn -0.8762 0.4028 0.2643
vn -0.9869 0.0925 -0.1318
vn 0.1273 -0.4841 -0.8657
vn 0.1202 -0.1106 -0.9865
vn 0.1284 0.1777 -0.9756
vn 0.1656 0.4746 -0.8644
vn 0.1959 0.4793 -0.8555
vn 0.4897 0.0578 0.8700
vn 0.0000 0.0663 0.9978
vn 0.0001 0.0663 0.9978
vn -0.4895 0.0578 0.8701
vn -0.6195 -0.0234 0.7846
vn -0.0555 0.0156 0.9983
vn 0.5771 0.1140 0.8087
vn 0.5714 0.0655 0.8180
vn 0.7114 0.1335 0.6899
vn 0.9855 0.1303 -0.1082
vn 0.8034 0.4680 0.3681
vn 0.7730 0.5261 0.3544
vn 0.3046 0.7477 0.5900
vn -0.0001 0.8277 0.5612
vn -0.6959 0.5942 0.4032
vn 0.5173 0.0786 0.8522
vn 0.5935 0.1435 0.7919
vn 0.6818 0.2388 0.6914
vn 0.9040 0.3708 0.2129
vn 0.9011 0.3845 -0.2002
vn 0.5347 0.2156 -0.8170
vn -0.1002 0.9900 0.0990
vn -0.1326 0.9871 0.0897
vn -0.1408 0.9862 0.0873
vn -0.1731 0.9818 0.0778
vn 0.4667 0.8842 -0.0209
vn 0.2662 0.9628 0.0455
vn 0.3052 0.9517 0.0331
vn 0.0906 0.9910 0.0985
vn -0.9505 -0.1623 0.2648
vn -0.9909 -0.0293 0.1314
vn -0.9974 0.0442 0.0561
vn -0.9948 0.1015 -0.0034
vn 0.5862 -0.3658 -0.7228
vn 0.4462 -0.2697 -0.8533
vn 0.3272 -0.1892 -0.9258
vn 0.2232 -0.1194 -0.9674
vn 0.2910 0.0997 -0.9515
vn 0.0000 0.1042 -0.9945
vn -0.2909 0.0997 -0.9515
vn 0.0700 0.3924 -0.9171
vn 0.0902 0.4157 -0.9050
vn 0.1707 0.5051 -0.8460
vn 0.1906 0.5263 -0.8286
vn 0.5399 -0.0252 -0.8413
vn 0.0001 -0.0300 -0.9995
vn 0.0000 -0.0300 -0.9995
vn -0.5398 -0.0252 -0.8414
vn 0.3148 -0.8043 -0.5040
vn 0.0001 -0.8473 -0.5310
vn 0.0000 -0.8473 -0.5310
vn -0.3147 -0.8043 -0.5040
vn -0.0595 0.3326 -0.9412
vn -0.0168 0.3496 -0.9367
vn 0.2040 0.3948 -0.8958
vn 0.0501 0.3081 -0.9500
vn 0.0001 0.2712 -0.9625
vn -0.2185 0.2646 -0.9392
vn 0.0380 0.2953 -0.9546
vn 0.0155 0.2700 -0.9627
vn 0.0877 0.1964 -0.9766
vn -0.3149 -0.1591 -0.9357
vn 0.2325 0.2818 -0.9308
vn 0.0311 -0.4812 -0.8760
vn 0.1205 0.2734 -0.9543
vn 0.0569 -0.3085 -0.9495
vn 0.1309 0.4172 -0.8993
vn 0.4768 -0.0227 -0.8787
vn 0.4774 -0.0209 -0.8784
vn 0.0854 -0.0196 -0.9961
vn 0.0000 -0.0185 -0.9998
vn -0.4791 -0.0162 -0.8776
vn -0.2963 -0.3764 0.8778
vn -0.4024 -0.4068 0.8201
vn -0.4907 -0.4283 0.7588
vn -0.5999 -0.4491 0.6621
vn -0.6293 -0.5227 -0.5751
vn -0.4492 -0.5129 -0.7315
vn -0.5408 -0.5214 -0.6601
vn -0.3710 -0.5010 -0.7818
vn -0.5264 -0.8335 0.1675
vn -0.4907 -0.8366 0.2435
vn -0.4901 -0.8366 0.2448
vn -0.4443 -0.8326 0.3307
vn -0.1265 -0.4839 -0.8659
vn -0.1086 0.0970 -0.9893
vn -0.1198 -0.1101 -0.9867
vn -0.0767 0.4584 -0.8854
vn -0.5173 0.0785 0.8521
vn -0.6674 0.2118 0.7139
vn -0.5936 0.1434 0.7919
vn -0.7303 0.2767 0.6246
vn -0.5009 0.4147 -0.7596
vn -0.5184 0.3294 -0.7891
vn -0.5153 0.3465 -0.7838
vn -0.5346 0.2156 -0.8171
vn -0.4660 0.8845 -0.0207
vn -0.3052 0.9517 0.0331
vn -0.1361 0.9885 0.0657
vn 0.0034 0.9951 0.0990
vn 0.1010 0.9900 0.0988
vn -0.5863 -0.3659 -0.7227
vn -0.3272 -0.1892 -0.9258
vn -0.4462 -0.2698 -0.8533
vn -0.2232 -0.1194 -0.9674
vn -0.0700 0.3924 -0.9171
vn -0.1706 0.5049 -0.8461
vn -0.0996 0.4161 -0.9038
vn -0.1480 0.4488 -0.8813
vn -0.1309 0.4172 -0.8993
vn 0.0595 0.3326 -0.9412
vn -0.1995 0.4239 -0.8834
vn 0.0168 0.3496 -0.9367
vn -0.2327 0.4335 -0.8705
vn -0.2320 0.2818 -0.9310
vn 0.3157 -0.1603 -0.9352
vn -0.0877 0.1964 -0.9766
vn -0.0155 0.2701 -0.9627
vn -0.0380 0.2953 -0.9546
vn 0.4989 0.8589 -0.1158
vn 0.8585 0.5089 -0.0625
vn 0.6700 0.7360 -0.0966
vn 0.9948 0.1016 -0.0035
vn 0.2047 0.1463 -0.9678
vn 0.2199 0.1429 -0.9650
vn 0.2170 0.1435 -0.9655
vn 0.2342 0.1396 -0.9621
vn -0.5291 -0.8324 -0.1649
vn 0.0000 -0.9809 -0.1944
vn -0.0001 -0.9809 -0.1944
vn 0.5289 -0.8325 -0.1650
vn 0.7378 0.0191 0.6747
vn 0.7450 -0.0145 0.6669
vn 0.4111 -0.0313 0.9110
vn -0.3600 -0.0351 0.9322
vn -0.7588 0.0339 0.6504
vn -0.7594 0.0279 0.6500
vn 0.0197 -0.9502 0.3109
vn 0.5078 -0.5771 0.6395
vn 0.6175 -0.3901 0.6830
vn 0.7261 -0.0754 0.6834
vn 0.7266 -0.0685 0.6836
vn -0.4530 0.4921 -0.7434
vn -0.4630 0.4800 -0.7451
vn -0.6528 0.3722 -0.6597
vn -0.6415 0.3743 -0.6695
vn -0.8691 0.1757 -0.4623
vn -0.6953 0.5949 0.4031
vn 0.0001 0.8277 0.5612
vn 0.3120 0.7518 0.5808
vn 0.7742 0.5253 0.3530
vn 0.8178 0.4596 0.3464
vn 0.9870 0.0925 -0.1315
vn 0.6200 -0.0208 0.7843
vn 0.0354 0.0169 0.9992
vn 0.0573 0.0156 0.9982
vn -0.5354 0.0468 0.8433
vn -0.9855 0.1303 -0.1082
vn -0.8740 0.4047 0.2689
vn -0.8034 0.4680 0.3681
vn -0.6070 0.5711 0.5526
vn 0.3443 0.1901 0.9194
vn 0.5785 0.7804 -0.2371
vn 0.2972 -0.9515 -0.0792
vn -0.0925 0.3803 0.9202
vn 0.2355 -0.5159 -0.8236
vn 0.0611 0.9955 0.0715
vn 0.7501 0.4659 0.4694
vn 0.1684 0.9559 0.2405
vn 0.3818 0.3456 -0.8572
vn -0.0306 0.8856 0.4633
vn 0.8305 0.1607 0.5332
vn 0.1986 0.9488 -0.2457
vn 0.5398 0.8049 0.2464
vn 0.3774 -0.7495 -0.5439
vn 0.0167 -0.3386 0.9408
vn 0.7496 0.3415 0.5670
vn -0.3023 -0.4705 -0.8289
vn -0.6842 0.4476 -0.5756
vn 0.7508 -0.3120 0.5821
vn 0.6929 0.4503 -0.5631
vn -0.0685 0.3742 -0.9248
vn -0.0983 0.3933 -0.9141
vn 0.0015 0.0527 -0.9986
vn 0.0001 0.0568 -0.9984
vn 0.7363 0.0829 0.6715
vn -0.3444 0.1903 0.9193
vn -0.5788 0.7803 -0.2370
vn -0.2969 -0.9516 -0.0793
vn 0.0937 0.3807 0.9199
vn -0.2353 -0.5158 -0.8237
vn -0.0610 0.9955 0.0717
vn -0.7499 0.4660 0.4694
vn -0.1677 0.9561 0.2404
vn -0.3816 0.3457 -0.8572
vn 0.0305 0.8856 0.4635
vn -0.8305 0.1607 0.5332
vn -0.1986 0.9488 -0.2457
vn -0.5401 0.8046 0.2467
vn -0.3774 -0.7495 -0.5438
vn -0.0168 -0.3386 0.9408
vn -0.7496 0.3415 0.5670
vn 0.3024 -0.4706 -0.8289
vn 0.6843 0.4480 -0.5753
vn -0.7509 -0.3121 0.5820
vn -0.6926 0.4505 -0.5633
vn 0.0685 0.3742 -0.9248
vn 0.0981 0.3934 -0.9141
vn -0.0015 0.0527 -0.9986
vn -0.0001 0.0568 -0.9984
vn -0.7363 0.0830 0.6715
vn -0.0569 -0.3413 0.9382
vn 0.5783 0.7998 0.1606
vn 0.0897 0.3934 0.9149
vn -0.2704 0.9466 0.1755
vn 0.5690 -0.6983 0.4342
vn -0.2673 0.9446 -0.1903
vn -0.8675 -0.0917 -0.4888
vn 0.6279 0.7667 -0.1339
vn 0.0262 -0.9702 0.2409
vn 0.0001 -1.0000 0.0001
vn 0.0001 -1.0000 0.0002
vn -0.0248 -0.4609 -0.8871
vn 0.8932 0.0575 -0.4458
vn 0.9745 -0.2182 -0.0517
vn 0.8662 -0.0549 -0.4967
vn 0.5009 0.4147 -0.7596
vn 0.6927 0.7210 0.0129
vn -0.1360 0.3603 -0.9228
vn 0.5089 0.6212 -0.5959
vn 0.3648 0.0622 0.9290
vn -0.4989 0.8589 -0.1158
vn -0.5781 0.7998 0.1610
vn -0.0890 0.3937 0.9149
vn 0.2704 0.9466 0.1754
vn -0.5695 -0.6977 0.4346
vn 0.2671 0.9445 -0.1910
vn -0.6541 -0.2754 0.7045
vn -0.6279 0.7666 -0.1342
vn -0.0262 -0.9702 0.2409
vn -0.9745 -0.2183 -0.0517
vn 0.1731 0.9818 0.0778
vn 0.9510 -0.1613 0.2637
vn -0.6926 0.7212 0.0132
vn 0.1359 0.3601 -0.9229
vn -0.1960 0.4792 -0.8555
vn -0.0311 -0.4811 -0.8761
vn -0.4767 -0.0227 -0.8787
vn -0.7208 0.3214 0.6140
vn -0.3648 0.0622 0.9290
vn 0.7610 0.0096 0.6486
vn -0.8959 -0.2261 -0.3824
vn 0.7667 -0.1146 0.6316
vn 0.8674 -0.0924 -0.4889
vn -0.0001 -1.0000 0.0001
vn -0.0001 -1.0000 0.0002
vn 0.0250 -0.4609 -0.8871
vn -0.8933 0.0570 -0.4458
vn -0.8662 -0.0549 -0.4967
vn -0.7202 0.1344 0.6806
vn 0.8959 -0.2266 -0.3820
vn -0.5088 0.6212 -0.5959
usemtl mouth
s 1
f 1/1/1 2/2/2 3/3/3
f 2/2/2 4/4/4 3/3/3
f 5/5/5 6/6/5 7/7/5 8/8/5
f 9/9/6 10/10/6 11/11/6 12/12/6
usemtl nose
f 13/13/7 14/14/7 15/15/7 16/16/7
f 17/17/8 18/18/8 19/19/8 20/20/8
f 21/21/9 22/22/9 23/23/9
f 24/24/10 25/25/10 26/26/10
usemtl face
f 27/27/11 28/28/11 30/29/12 29/30/13
f 29/30/13 30/29/12 32/31/14 31/32/15
f 31/32/15 32/31/14 34/33/16 33/34/17
f 33/34/17 34/33/16 36/35/18 35/36/19
f 35/36/19 36/35/18 38/37/20 37/38/21
f 37/38/21 38/37/20 40/39/22 39/40/22
usemtl hair
s off
f 230/41/23 231/42/23 232/43/23
s 1
f 41/44/24 42/45/24 44/46/25 43/47/25
f 43/47/25 44/46/25 46/48/26 45/49/26
f 47/50/27 48/51/27 50/52/28 49/53/29
f 49/53/29 50/52/28 52/54/30 51/55/30
f 53/56/31 54/57/31 56/58/32 55/59/33
f 55/59/33 56/58/32 58/60/34 57/61/35
f 57/61/35 58/60/34 60/62/36 59/63/37
f 59/63/37 60/62/36 62/64/38 61/65/39
f 61/65/39 62/64/38 64/66/40 63/67/40
f 65/68/41 66/69/41 68/70/42 67/71/43
f 67/71/43 68/70/42 70/72/44 69/73/44
f 71/74/45 72/75/45 74/76/46 73/77/46
f 73/77/46 74/76/46 76/78/47 75/79/48
f 75/79/48 76/78/47 78/80/49 77/81/49
f 79/82/50 80/83/50 82/84/51 81/85/52
f 81/85/52 82/84/51 84/86/53 83/87/53
f 85/88/54 86/89/54 88/90/55 87/91/56
f 87/91/56 88/90/55 90/92/57 89/93/57
f 91/94/58 92/95/58 94/96/59 93/97/60
f 93/97/60 94/96/59 96/98/61 95/99/62
f 95/99/62 96/98/61 98/100/63 97/101/63
f 99/102/64 100/103/65 101/104/66
f 100/103/65 102/105/67 101/104/66
f 103/106/68 104/107/69 105/108/70
f 104/107/69 106/109/71 105/108/70
f 107/110/72 108/111/73 109/112/74
f 108/111/73 110/113/75 109/112/74
f 111/114/76 112/115/77 113/116/78
f 112/115/77 114/117/79 113/116/78
f 115/118/80 116/119/81 117/120/82
f 116/119/81 118/121/83 117/120/82
f 119/122/84 120/123/85 121/124/86
f 120/123/85 122/125/87 121/124/86
f 123/126/88 124/127/89 125/128/90
f 124/127/89 126/129/91 125/128/90
f 125/128/90 126/129/91 127/130/92
f 128/131/93 129/132/94 130/133/95
f 129/132/94 131/134/96 130/133/95
f 130/133/95 131/134/96 132/135/97
f 131/134/96 133/136/98 132/135/97
f 132/135/97 133/136/98 134/137/99
f 135/138/100 136/139/101 137/140/102
f 136/139/101 138/141/103 137/140/102
f 139/142/104 140/143/105 141/144/106
f 140/143/105 142/145/107 141/144/106
f 141/144/106 142/145/107 143/146/108
f 144/147/109 145/148/110 146/149/111
f 145/148/110 147/150/112 146/149/111
f 148/151/113 149/152/114 150/153/115
f 149/152/114 151/154/116 150/153/115
f 150/153/115 151/154/116 152/155/117
f 151/154/116 153/156/118 152/155/117
f 154/157/119 155/158/120 156/159/121
f 155/158/120 157/160/122 156/159/121
f 158/161/123 159/162/124 160/163/125
f 159/162/124 161/164/126 160/163/125
f 160/163/125 161/164/126 162/165/127
f 163/166/128 164/167/129 165/168/130
f 164/167/129 166/169/131 165/168/130
f 165/168/130 166/169/131 167/170/132
f 168/171/133 169/172/134 170/173/135
f 169/172/134 171/174/136 170/173/135
f 170/173/135 171/174/136 172/175/137
f 171/174/136 173/176/138 172/175/137
f 174/177/139 175/178/140 176/179/141
f 175/178/140 177/180/142 176/179/141
f 178/181/143 179/182/144 180/183/145
f 179/182/144 181/184/146 180/183/145
f 182/185/147 183/186/148 184/187/149
f 183/186/148 185/188/150 184/187/149
f 184/187/149 185/188/150 186/189/151
f 185/188/150 187/190/152 186/189/151
f 188/191/153 189/192/153 190/193/153 191/194/153
f 192/195/154 193/196/154 194/197/154 195/198/154
f 196/199/155 197/200/155 198/201/155 199/202/155
f 200/203/156 201/204/156 202/205/156 203/206/156
f 204/207/157 205/208/157 206/209/157 207/210/157
f 208/211/158 209/212/158 210/213/158 211/214/158
f 212/215/159 213/216/159 214/217/159
f 215/218/160 216/219/160 217/220/160
f 218/221/161 219/222/161 220/223/161
f 221/224/162 222/225/162 223/226/162
f 224/227/163 225/228/163 226/229/163
f 227/230/164 228/231/164 229/232/164
f 233/233/165 234/234/165 235/235/165
f 236/236/166 237/237/166 238/238/166
f 239/239/167 240/240/167 241/241/167
f 242/242/168 243/243/168 244/244/168
f 245/245/146 246/246/146 247/247/146
f 248/248/169 249/249/169 250/250/169
usemtl skin
f 251/251/170 252/252/170 254/253/171 253/254/171
f 253/254/171 254/253/171 256/255/172 255/256/172
f 257/257/173 258/258/173 260/259/174 259/260/175
f 259/260/175 260/259/174 262/261/176 261/262/176
f 261/262/176 262/261/176 264/263/177 263/264/178
f 263/264/178 264/263/177 266/265/179 265/266/179
f 267/267/180 268/268/180 270/269/181 269/270/182
f 269/270/182 270/269/181 272/271/183 271/272/183
f 273/273/184 274/274/184 276/275/185 275/276/186
f 275/276/186 276/275/185 278/277/187 277/278/187
f 279/279/188 280/280/188 282/281/189 281/282/190
f 281/282/190 282/281/189 284/283/191 283/284/192
f 283/284/192 284/283/191 286/285/193 285/286/193
f 287/287/194 288/288/194 290/289/195 289/290/196
f 289/290/196 290/289/195 292/291/197 291/292/197
f 293/293/198 294/294/198 296/295/199 295/296/200
f 295/296/200 296/295/199 298/297/201 297/298/201
f 299/299/202 300/300/202 302/301/203 301/302/204
f 301/302/204 302/301/203 304/303/205 303/304/206
f 303/304/206 304/303/205 306/305/207 305/306/208
f 305/306/208 306/305/207 308/307/209 307/308/209
f 309/309/210 310/310/210 312/311/211 311/312/212
f 311/312/212 312/311/211 314/313/213 313/314/213
f 315/315/214 316/316/214 318/317/215 317/318/216
f 317/318/216 318/317/215 320/319/217 319/320/218
f 319/320/218 320/319/217 322/321/219 321/322/219
f 323/323/220 324/324/220 326/325/221 325/326/222
f 325/326/222 326/325/221 328/327/223 327/328/224
f 327/328/224 328/327/223 330/329/225 329/330/226
f 329/330/226 330/329/225 332/331/227 331/332/228
f 331/332/228 332/331/227 334/333/229 333/334/229
f 335/335/230 336/336/230 338/337/231 337/338/232
f 337/338/232 338/337/231 340/339/233 339/340/234
f 339/340/234 340/339/233 342/341/235 341/342/235
f 343/343/236 344/344/236 346/345/237 345/346/238
f 345/346/238 346/345/237 348/347/239 347/348/239
f 347/348/239 348/347/239 350/349/240 349/350/241
f 349/350/241 350/349/240 352/351/242 351/352/242
f 353/353/243 354/354/243 356/355/244 355/356/245
f 355/356/245 356/355/244 358/357/246 357/358/246
f 359/359/247 360/360/247 362/361/248 361/362/249
f 361/362/249 362/361/248 364/363/250 363/364/250
f 365/365/251 366/366/252 368/367/253 367/368/253
f 367/368/253 368/367/253 370/369/253 369/370/253
f 371/371/254 372/372/254 374/373/255 373/374/256
f 373/374/256 374/373/255 376/375/257 375/376/257
f 377/377/258 378/378/258 380/379/259 379/380/260
f 379/380/260 380/379/259 382/381/261 381/382/261
f 383/383/262 384/384/262 386/385/263 385/386/264
f 385/386/264 386/385/263 388/387/265 387/388/266
f 387/388/266 388/387/265 390/389/267 389/390/267
f 391/391/268 392/392/268 394/393/269 393/394/270
f 393/394/270 394/393/269 396/395/271 395/396/272
f 395/396/272 396/395/271 398/397/273 397/398/273
f 399/399/274 400/400/274 402/401/275 401/402/276
f 401/402/276 402/401/275 404/403/277 403/404/277
f 405/405/278 406/406/278 408/407/279 407/408/280
f 407/408/280 408/407/279 410/409/281 409/410/281
f 411/411/282 412/412/282 414/413/283 413/414/284
f 413/414/284 414/413/283 416/415/285 415/416/286
f 415/416/286 416/415/285 418/417/287 417/418/288
f 417/418/288 418/417/287 420/419/289 419/420/289
f 421/421/290 422/422/290 424/423/291 423/424/292
f 423/424/292 424/423/291 426/425/293 425/426/294
f 425/426/294 426/425/293 428/427/295 427/428/295
f 429/429/296 430/430/296 432/431/297 431/432/298
f 431/432/298 432/431/297 434/433/299 433/434/300
f 433/434/300 434/433/299 436/435/301 435/436/301
f 437/437/302 438/438/303 439/439/303
f 438/438/303 440/440/304 439/439/303
f 441/441/305 442/442/306 443/443/307
f 442/442/306 444/444/308 443/443/307
f 445/445/309 446/446/310 447/447/311
f 446/446/310 448/448/312 447/447/311
f 447/447/311 448/448/312 449/449/313
f 450/450/314 451/451/315 452/452/316
f 451/451/315 453/453/317 452/452/316
f 452/452/316 453/453/317 454/454/318
f 455/455/319 456/456/320 457/457/321
f 456/456/320 458/458/322 457/457/321
f 459/459/323 460/460/324 461/461/324
f 460/460/324 462/462/325 461/461/324
f 463/463/326 464/464/327 465/465/328
f 464/464/327 466/466/329 465/465/328
f 467/467/330 468/468/331 469/469/332
f 468/468/331 470/470/333 469/469/332
f 469/469/332 470/470/333 471/471/334
f 472/472/335 473/473/336 474/474/336
f 473/473/336 475/475/337 474/474/336
f 476/476/338 477/477/339 478/478/340
f 477/477/339 479/479/341 478/478/340
f 480/480/342 481/481/343 482/482/344
f 481/481/343 483/483/345 482/482/344
f 484/484/346 485/485/347 486/486/348
f 485/485/347 487/487/349 486/486/348
f 486/486/348 487/487/349 488/488/350
f 489/489/351 490/490/352 491/491/353
f 490/490/352 492/492/354 491/491/353
f 493/493/355 494/494/356 495/495/357
f 494/494/356 496/496/358 495/495/357
f 497/497/359 498/498/360 499/499/361
f 498/498/360 500/500/362 499/499/361
f 501/501/363 502/502/364 503/503/365
f 502/502/364 504/504/366 503/503/365
f 505/505/367 506/506/368 507/507/369
f 506/506/368 508/508/370 507/507/369
f 509/509/371 510/510/372 511/511/373
f 510/510/372 512/512/374 511/511/373
f 511/511/373 512/512/374 513/513/375
f 514/514/376 515/515/376 516/516/376 517/517/376
f 518/518/377 519/519/377 520/520/377 521/521/377
f 522/522/378 523/523/378 524/524/378 525/525/378
f 526/526/379 527/527/379 528/528/379 529/529/379
f 530/530/380 531/531/380 532/532/380 533/533/380
f 534/534/381 535/535/381 536/536/381 537/537/381
f 538/538/382 539/539/382 540/540/382 541/541/382
f 542/542/383 543/543/383 544/544/383 545/545/383
f 546/546/384 547/547/384 548/548/384 549/549/384
f 550/550/385 551/551/385 552/552/385 553/553/385
f 554/554/386 555/555/386 556/556/386 557/557/386
f 558/558/387 559/559/387 560/560/387 561/561/387
f 562/562/388 563/563/388 564/564/388 565/565/388
f 566/566/389 567/567/389 568/568/389 569/569/389
f 570/570/390 571/571/390 572/572/390 573/573/390
f 574/574/391 575/575/391 576/576/391 577/577/391
f 578/578/392 579/579/392 580/580/392 581/581/392
f 582/582/393 583/583/393 584/584/393 585/585/393
f 586/586/394 587/587/394 588/588/394 589/589/394
f 590/590/395 591/591/395 592/592/395 593/593/395
f 594/594/396 595/595/396 596/596/396 597/597/396
f 598/598/397 599/599/397 600/600/397 601/601/397
f 602/602/398 603/603/398 604/604/398 605/605/398
f 606/606/399 607/607/399 608/608/399 609/609/399
f 610/610/400 611/611/400 612/612/400 613/613/400
f 614/614/401 615/615/401 616/616/401 617/617/401
f 618/618/402 619/619/402 620/620/402 621/621/402
f 622/622/403 623/623/403 624/624/403 625/625/403
f 626/626/404 627/627/404 628/628/404 629/629/404
f 630/630/405 631/631/405 632/632/405 633/633/405
f 634/634/406 635/635/406 636/636/406 637/637/406
f 638/638/407 639/639/407 640/640/407 641/641/407
f 642/642/408 643/643/408 644/644/408 645/645/408
f 646/646/409 647/647/409 648/648/409 649/649/409
f 650/650/410 651/651/410 652/652/410 653/653/410
f 654/654/411 655/655/411 656/656/411 657/657/411
f 658/658/412 659/659/412 660/660/412 661/661/412
f 662/662/413 663/663/413 664/664/413 665/665/413
f 666/666/414 667/667/414 668/668/414
f 669/669/415 670/670/415 671/671/415
f 672/672/416 673/673/416 674/674/416
f 675/675/417 676/676/417 677/677/417
f 678/678/418 679/679/418 680/680/418
f 681/681/419 682/682/419 683/683/419
f 684/684/420 685/685/420 686/686/420
f 687/687/421 688/688/421 689/689/421
f 690/690/422 691/691/422 692/692/422
usemtl wear
f 693/693/423 694/694/423 696/695/424 695/696/425
f 695/696/425 696/695/424 698/697/426 697/698/426
f 699/699/427 700/700/427 702/701/428 701/702/429
f 701/702/429 702/701/428 704/703/430 703/704/431
f 703/704/431 704/703/430 706/705/432 705/706/433
f 705/706/433 706/705/432 708/707/434 707/708/435
f 707/708/435 708/707/434 710/709/436 709/710/436
f 711/711/437 712/712/437 714/713/438 713/714/439
f 713/714/439 714/713/438 716/715/440 715/716/440
f 717/717/441 718/718/441 720/719/442 719/720/443
f 719/720/443 720/719/442 722/721/444 721/722/445
f 721/722/445 722/721/444 724/723/446 723/724/446
f 723/724/446 724/723/446 726/725/447 725/726/448
f 725/726/448 726/725/447 728/727/449 727/728/450
f 727/728/450 728/727/449 730/729/451 729/730/451
f 731/731/452 732/732/452 734/733/453 733/734/454
f 733/734/454 734/733/453 736/735/455 735/736/456
f 735/736/456 736/735/455 738/737/457 737/738/458
f 737/738/458 738/737/457 740/739/459 739/740/459
f 741/741/460 742/742/460 744/743/461 743/744/462
f 743/744/462 744/743/461 746/745/463 745/746/463
f 747/747/464 748/748/464 750/749/465 749/750/466
f 749/750/466 750/749/465 752/751/467 751/752/468
f 751/752/468 752/751/467 754/753/469 753/754/470
f 753/754/470 754/753/469 756/755/471 755/756/471
f 757/757/472 758/758/472 760/759/473 759/760/474
f 759/760/474 760/759/473 762/761/475 761/762/475
f 763/763/476 764/764/476 766/765/477 765/766/478
f 765/766/478 766/765/477 768/767/479 767/768/480
f 767/768/480 768/767/479 770/769/481 769/770/481
f 771/771/482 772/772/482 774/773/483 773/774/484
f 773/774/484 774/773/483 776/775/485 775/776/486
f 775/776/486 776/775/485 778/777/487 777/778/488
f 777/778/488 778/777/487 780/779/489 779/780/489
f 781/781/490 782/782/490 784/783/491 783/784/492
f 783/784/492 784/783/491 786/785/493 785/786/493
f 787/787/494 788/788/494 790/789/495 789/790/496
f 789/790/496 790/789/495 792/791/497 791/792/497
f 793/793/498 794/794/498 796/795/499 795/796/500
f 795/796/500 796/795/499 798/797/501 797/798/501
f 797/798/501 798/797/501 800/799/502 799/800/503
f 799/800/503 800/799/502 802/801/498 801/802/498
f 803/803/504 804/804/504 806/805/505 805/806/506
f 805/806/506 806/805/505 808/807/507 807/808/507
f 809/809/508 810/810/508 812/811/509 811/812/509
f 811/812/509 812/811/509 814/813/510 813/814/510
f 815/815/511 816/816/511 818/817/512 817/818/512
f 817/818/512 818/817/512 820/819/513 819/820/513
f 821/821/514 822/822/514 824/823/515 823/824/516
f 823/824/516 824/823/515 826/825/517 825/826/517
f 827/827/518 828/828/518 830/829/519 829/830/520
f 829/830/520 830/829/519 832/831/521 831/832/522
f 831/832/522 832/831/521 834/833/523 833/834/524
f 833/834/524 834/833/523 836/835/525 835/836/525
f 837/837/526 838/838/526 840/839/527 839/840/528
f 839/840/528 840/839/527 842/841/529 841/842/530
f 841/842/530 842/841/529 844/843/531 843/844/532
f 843/844/532 844/843/531 846/845/533 845/846/534
f 845/846/534 846/845/533 848/847/535 847/848/535
f 849/849/536 850/850/536 852/851/537 851/852/538
f 851/852/538 852/851/537 854/853/539 853/854/539
f 855/855/540 856/856/540 858/857/541 857/858/542
f 857/858/542 858/857/541 860/859/543 859/860/544
f 859/860/544 860/859/543 862/861/545 861/862/546
f 861/862/546 862/861/545 864/863/547 863/864/547
f 865/865/548 866/866/548 868/867/549 867/868/550
f 867/868/550 868/867/549 870/869/551 869/870/551
f 871/871/552 872/872/552 874/873/553 873/874/554
f 873/874/554 874/873/553 876/875/555 875/876/556
f 875/876/556 876/875/555 878/877/557 877/878/558
f 877/878/558 878/877/557 880/879/559 879/880/560
f 879/880/560 880/879/559 882/881/561 881/882/561
f 883/883/562 884/884/562 886/885/563 885/886/564
f 885/886/564 886/885/563 888/887/565 887/888/565
f 889/889/566 890/890/566 892/891/567 891/892/568
f 891/892/568 892/891/567 894/893/569 893/894/570
f 893/894/570 894/893/569 896/895/571 895/896/571
f 897/897/572 898/898/572 900/899/573 899/900/574
f 899/900/574 900/899/573 902/901/575 901/902/575
f 903/903/576 904/904/576 906/905/577 905/906/578
f 905/906/578 906/905/577 908/907/579 907/908/580
f 907/908/580 908/907/579 910/909/581 909/910/582
f 909/910/582 910/909/581 912/911/583 911/912/583
f 913/913/584 914/914/584 916/915/585 915/916/586
f 915/916/586 916/915/585 918/917/475 917/918/475
f 919/919/587 920/920/587 922/921/588 921/922/589
f 921/922/589 922/921/588 924/923/590 923/924/591
f 923/924/591 924/923/590 926/925/592 925/926/592
f 927/927/593 928/928/593 930/929/594 929/930/595
f 929/930/595 930/929/594 932/931/596 931/932/597
f 931/932/597 932/931/596 934/933/598 933/934/599
f 933/934/599 934/933/598 936/935/600 935/936/600
f 937/937/601 938/938/601 940/939/602 939/940/603
f 939/940/603 940/939/602 942/941/604 941/942/604
f 943/943/605 944/944/605 946/945/606 945/946/607
f 945/946/607 946/945/606 948/947/608 947/948/608
f 949/949/609 950/950/609 952/951/610 951/952/611
f 951/952/611 952/951/610 954/953/612 953/954/612
f 955/955/613 956/956/613 958/957/614 957/958/615
f 957/958/615 958/957/614 960/959/616 959/960/617
f 959/960/617 960/959/616 962/961/618 961/962/619
f 961/962/619 962/961/618 964/963/620 963/964/621
f 963/964/621 964/963/620 966/965/622 965/966/622
f 967/967/623 968/968/623 970/969/624 969/970/625
f 969/970/625 970/969/624 972/971/626 971/972/626
f 973/973/627 974/974/627 976/975/628 975/976/629
f 975/976/629 976/975/628 978/977/630 977/978/631
f 977/978/631 978/977/630 980/979/632 979/980/632
f 981/981/633 982/982/634 983/983/635
f 982/982/634 984/984/636 983/983/635
f 985/985/637 986/986/638 987/987/639
f 986/986/638 988/988/640 987/987/639
f 989/989/641 990/990/642 991/991/643
f 990/990/642 992/992/644 991/991/643
f 993/993/645 994/994/646 995/995/647
f 994/994/646 996/996/648 995/995/647
f 995/995/647 996/996/648 997/997/649
f 996/996/648 998/998/650 997/997/649
f 999/999/651 1000/1000/652 1001/1001/653
f 1000/1000/652 1002/1002/654 1001/1001/653
f 1001/1001/653 1002/1002/654 1003/1003/655
f 1004/1004/656 1005/1005/657 1006/1006/658
f 1005/1005/657 1007/1007/659 1006/1006/658
f 1008/1008/660 1009/1009/661 1010/1010/662
f 1009/1009/661 1011/1011/663 1010/1010/662
f 1010/1010/662 1011/1011/663 1012/1012/664
f 1011/1011/663 1013/1013/665 1012/1012/664
f 1012/1012/664 1013/1013/665 1014/1014/666
f 1013/1013/665 1015/1015/667 1014/1014/666
f 1014/1014/666 1015/1015/667 1016/1016/668
f 1017/1017/669 1018/1018/670 1019/1019/671
f 1018/1018/670 1020/1020/672 1019/1019/671
f 1019/1019/671 1020/1020/672 1021/1021/673
f 1022/1022/674 1023/1023/675 1024/1024/676
f 1023/1023/675 1025/1025/677 1024/1024/676
f 1026/1026/678 1027/1027/679 1028/1028/680
f 1027/1027/679 1029/1029/681 1028/1028/680
f 1028/1028/680 1029/1029/681 1030/1030/682
f 1031/1031/683 1032/1032/684 1033/1033/685
f 1032/1032/684 1034/1034/686 1033/1033/685
f 1035/1035/687 1036/1036/688 1037/1037/689
f 1036/1036/688 1038/1038/690 1037/1037/689
f 1037/1037/689 1038/1038/690 1039/1039/691
f 1040/1040/692 1041/1041/693 1042/1042/694
f 1041/1041/693 1043/1043/695 1042/1042/694
f 1042/1042/694 1043/1043/695 1044/1044/696
f 1043/1043/695 1045/1045/697 1044/1044/696
f 1046/1046/698 1047/1047/699 1048/1048/700
f 1047/1047/699 1049/1049/701 1048/1048/700
f 1048/1048/700 1049/1049/701 1050/1050/702
f 1049/1049/701 1051/1051/703 1050/1050/702
f 1052/1052/704 1053/1053/705 1054/1054/706
f 1053/1053/705 1055/1055/707 1054/1054/706
f 1056/1056/708 1057/1057/709 1058/1058/710
f 1057/1057/709 1059/1059/711 1058/1058/710
f 1060/1060/712 1061/1061/713 1062/1062/714
f 1061/1061/713 1063/1063/715 1062/1062/714
f 1064/1064/716 1065/1065/717 1066/1066/718
f 1065/1065/717 1067/1067/719 1066/1066/718
f 1068/1068/720 1069/1069/721 1070/1070/721
f 1069/1069/721 1071/1071/722 1070/1070/721
f 1072/1072/723 1073/1073/724 1074/1074/725
f 1073/1073/724 1075/1075/726 1074/1074/725
f 1076/1076/727 1077/1077/728 1078/1078/729
f 1077/1077/728 1079/1079/730 1078/1078/729
f 1080/1080/731 1081/1081/732 1082/1082/733
f 1081/1081/732 1083/1083/734 1082/1082/733
f 1084/1084/735 1085/1085/736 1086/1086/737
f 1085/1085/736 1087/1087/738 1086/1086/737
f 1086/1086/737 1087/1087/738 1088/1088/739
f 1087/1087/738 1089/1089/740 1088/1088/739
f 1090/1090/741 1091/1091/742 1092/1092/743
f 1091/1091/742 1093/1093/744 1092/1092/743
f 1092/1092/743 1093/1093/744 1094/1094/745
f 1095/1095/746 1096/1096/747 1097/1097/748
f 1096/1096/747 1098/1098/749 1097/1097/748
f 1099/1099/750 1100/1100/751 1101/1101/752
f 1100/1100/751 1102/1102/753 1101/1101/752
f 1101/1101/752 1102/1102/753 1103/1103/754
f 1104/1104/755 1105/1105/756 1106/1106/757
f 1105/1105/756 1107/1107/758 1106/1106/757
f 1108/1108/759 1109/1109/760 1110/1110/761
f 1109/1109/760 1111/1111/762 1110/1110/761
f 1112/1112/763 1113/1113/764 1114/1114/765
f 1113/1113/764 1115/1115/766 1114/1114/765
f 1116/1116/767 1117/1117/768 1118/1118/769
f 1117/1117/768 1119/1119/770 1118/1118/769
f 1120/1120/771 1121/1121/772 1122/1122/773
f 1121/1121/772 1123/1123/774 1122/1122/773
f 1124/1124/775 1125/1125/776 1126/1126/777
f 1125/1125/776 1127/1127/778 1126/1126/777
f 1128/1128/779 1129/1129/780 1130/1130/781
f 1129/1129/780 1131/1131/782 1130/1130/781
f 1130/1130/781 1131/1131/782 1132/1132/783
f 1133/1133/784 1134/1134/785 1135/1135/786
f 1134/1134/785 1136/1136/787 1135/1135/786
f 1137/1137/788 1138/1138/789 1139/1139/790
f 1138/1138/789 1140/1140/791 1139/1139/790
f 1139/1139/790 1140/1140/791 1141/1141/792
f 1142/1142/793 1143/1143/794 1144/1144/795
f 1143/1143/794 1145/1145/796 1144/1144/795
f 1146/1146/797 1147/1147/798 1148/1148/799
f 1147/1147/798 1149/1149/800 1148/1148/799
f 1148/1148/799 1149/1149/800 1150/1150/801
f 1151/1151/802 1152/1152/803 1153/1153/804
f 1152/1152/803 1154/1154/805 1153/1153/804
f 1155/1155/806 1156/1156/807 1157/1157/808
f 1156/1156/807 1158/1158/809 1157/1157/808
f 1159/1159/810 1160/1160/811 1161/1161/812
f 1160/1160/811 1162/1162/813 1161/1161/812
f 1163/1163/814 1164/1164/815 1165/1165/816
f 1164/1164/815 1166/1166/817 1165/1165/816
f 1165/1165/816 1166/1166/817 1167/1167/818
f 1166/1166/817 1168/1168/819 1167/1167/818
f 1169/1169/820 1170/1170/821 1171/1171/822
f 1170/1170/821 1172/1172/823 1171/1171/822
f 1171/1171/822 1172/1172/823 1173/1173/824
f 1174/1174/825 1175/1175/826 1176/1176/827
f 1175/1175/826 1177/1177/828 1176/1176/827
f 1176/1176/827 1177/1177/828 1178/1178/829
f 1179/1179/830 1180/1180/831 1181/1181/832
f 1180/1180/831 1182/1182/833 1181/1181/832
f 1181/1181/832 1182/1182/833 1183/1183/834
f 1182/1182/833 1184/1184/835 1183/1183/834
f 1185/1185/836 1186/1186/837 1187/1187/838
f 1186/1186/837 1188/1188/839 1187/1187/838
f 1189/1189/840 1190/1190/841 1191/1191/842
f 1190/1190/841 1192/1192/843 1191/1191/842
f 1193/1193/844 1194/1194/844 1195/1195/844 1196/1196/844
f 1197/1197/845 1198/1198/845 1199/1199/845 1200/1200/845
f 1201/1201/846 1202/1202/846 1203/1203/846 1204/1204/846
f 1205/1205/847 1206/1206/847 1207/1207/847 1208/1208/847
f 1209/1209/848 1210/1210/848 1211/1211/848 1212/1212/848
f 1213/1213/849 1214/1214/849 1215/1215/849 1216/1216/849
f 1217/1217/850 1218/1218/850 1219/1219/850 1220/1220/850
f 1221/1221/851 1222/1222/851 1223/1223/851 1224/1224/851
f 1225/1225/852 1226/1226/852 1227/1227/852 1228/1228/852
f 1229/1229/853 1230/1230/853 1231/1231/853 1232/1232/853
f 1233/1233/854 1234/1234/854 1235/1235/854 1236/1236/854
f 1237/1237/855 1238/1238/855 1239/1239/855 1240/1240/855
f 1241/1241/856 1242/1242/856 1243/1243/856 1244/1244/856
f 1245/1245/857 1246/1246/857 1247/1247/857 1248/1248/857
f 1249/1249/858 1250/1250/858 1251/1251/858 1252/1252/858
f 1253/1253/859 1254/1254/859 1255/1255/859 1256/1256/859
f 1257/1257/860 1258/1258/860 1259/1259/860 1260/1260/860
f 1261/1261/861 1262/1262/861 1263/1263/861 1264/1264/861
f 1265/1265/862 1266/1266/862 1267/1267/862 1268/1268/862
f 1269/1269/863 1270/1270/863 1271/1271/863 1272/1272/863
f 1273/1273/864 1274/1274/864 1275/1275/864 1276/1276/864
f 1277/1277/865 1278/1278/865 1279/1279/865 1280/1280/865
f 1281/1281/866 1282/1282/866 1283/1283/866 1284/1284/866
f 1285/1285/867 1286/1286/867 1287/1287/867 1288/1288/867
f 1289/1289/868 1290/1290/868 1291/1291/868 1292/1292/868
f 1293/1293/869 1294/1294/869 1295/1295/869 1296/1296/869
f 1297/1297/870 1298/1298/870 1299/1299/870 1300/1300/870
f 1301/1301/871 1302/1302/871 1303/1303/871 1304/1304/871
f 1305/1305/872 1306/1306/872 1307/1307/872 1308/1308/872
f 1309/1309/873 1310/1310/873 1311/1311/873 1312/1312/873
f 1313/1313/874 1314/1314/874 1315/1315/874 1316/1316/874
f 1317/1317/875 1318/1318/875 1319/1319/875 1320/1320/875
f 1321/1321/876 1322/1322/876 1323/1323/876 1324/1324/876
f 1325/1325/877 1326/1326/877 1327/1327/877 1328/1328/877
f 1329/1329/878 1330/1330/878 1331/1331/878 1332/1332/878
f 1333/1333/879 1334/1334/879 1335/1335/879 1336/1336/879
f 1337/1337/880 1338/1338/880 1339/1339/880 1340/1340/880
f 1341/1341/881 1342/1342/881 1343/1343/881 1344/1344/881
f 1345/1345/882 1346/1346/882 1347/1347/882 1348/1348/882
f 1349/1349/883 1350/1350/883 1351/1351/883 1352/1352/883
f 1353/1353/884 1354/1354/884 1355/1355/884 1356/1356/884
f 1357/1357/885 1358/1358/885 1359/1359/885 1360/1360/885
f 1361/1361/886 1362/1362/886 1363/1363/886 1364/1364/886
f 1365/1365/887 1366/1366/887 1367/1367/887 1368/1368/887
f 1369/1369/888 1370/1370/888 1371/1371/888 1372/1372/888
f 1373/1373/889 1374/1374/889 1375/1375/889 1376/1376/889
f 1377/1377/890 1378/1378/890 1379/1379/890 1380/1380/890
f 1381/1381/891 1382/1382/891 1383/1383/891 1384/1384/891
f 1385/1385/892 1386/1386/892 1387/1387/892 1388/1388/892
f 1389/1389/893 1390/1390/893 1391/1391/893 1392/1392/893
f 1393/1393/894 1394/1394/894 1395/1395/894
f 1396/1396/895 1397/1397/895 1398/1398/895
f 1399/1399/896 1400/1400/896 1401/1401/896
f 1402/1402/897 1403/1403/897 1404/1404/897
f 1405/1405/898 1406/1406/898 1407/1407/898
f 1408/1408/899 1409/1409/899 1410/1410/899
f 1411/1411/900 1412/1412/900 1413/1413/900
f 1414/1414/901 1415/1415/901 1416/1416/901
f 1417/1417/902 1418/1418/902 1419/1419/902
f 1420/1420/903 1421/1421/903 1422/1422/903
f 1423/1423/904 1424/1424/904 1425/1425/904
f 1426/1426/905 1427/1427/905 1428/1428/905
f 1429/1429/906 1430/1430/906 1431/1431/906
f 1432/1432/907 1433/1433/907 1434/1434/907
f 1435/1435/908 1436/1436/908 1437/1437/908
f 1438/1438/909 1439/1439/909 1440/1440/909
f 1441/1441/910 1442/1442/910 1443/1443/910
f 1444/1444/911 1445/1445/911 1446/1446/911
f 1447/1447/912 1448/1448/912 1449/1449/912
f 1450/1450/913 1451/1451/913 1452/1452/913
f 1453/1453/914 1454/1454/914 1455/1455/914
f 1456/1456/915 1457/1457/915 1458/1458/915
f 1459/1459/916 1460/1460/916 1461/1461/916
f 1462/1462/917 1463/1463/917 1464/1464/917
f 1465/1465/918 1466/1466/918 1467/1467/918
f 1468/1468/919 1469/1469/919 1470/1470/919
f 1471/1471/920 1472/1472/920 1473/1473/920
f 1474/1474/921 1475/1475/921 1476/1476/921
f 1477/1477/922 1478/1478/922 1479/1479/922
f 1480/1480/923 1481/1481/923 1482/1482/923
f 1483/1483/924 1484/1484/924 1485/1485/924
f 1486/1486/925 1487/1487/925 1488/1488/925
f 1489/1489/926 1490/1490/926 1491/1491/926
f 1492/1492/927 1493/1493/927 1494/1494/927
f 1495/1495/928 1496/1496/928 1497/1497/928
f 1498/1498/929 1499/1499/929 1500/1500/929
f 1501/1501/930 1502/1502/930 1503/1503/930
f 1504/1504/931 1505/1505/931 1506/1506/931
f 1507/1507/932 1508/1508/932 1509/1509/932
f 1510/1510/933 1511/1511/933 1512/1512/933
f 1513/1513/934 1514/1514/934 1515/1515/934
f 1516/1516/935 1517/1517/935 1518/1518/935
f 1519/1519/936 1520/1520/936 1521/1521/936
f 1522/1522/937 1523/1523/937 1524/1524/937
f 1525/1525/938 1526/1526/938 1527/1527/938
f 1528/1528/939 1529/1529/939 1530/1530/939
f 1531/1531/940 1532/1532/940 1533/1533/940
f 1534/1534/941 1535/1535/941 1536/1536/941
f 1537/1537/942 1538/1538/942 1539/1539/942
f 1540/1540/943 1541/1541/943 1542/1542/943
f 1543/1543/944 1544/1544/944 1545/1545/944
