# Created by MKDS Course Modifier
mtllib Marduk.mtl
g 07_Mard
usemtl face
v 0 128.9884 11.36735
v 0 135.0775 11.79387
v -1.464844 128.03 10.57024
v -1.617188 135.2932 11.49122
v -6.546875 127.9576 8.98526
v -7.125 135.674 9.360168
vn 0.171875 0 -0.984375
vn 0.03710938 0 -1
vn 0.21875 -0.4472656 -0.8671875
vn 0.01757813 -0.2519531 -0.9667969
vn 0.05078125 -0.6875 -0.7246094
vn -0.0078125 -0.6074219 -0.7949219
vt 0.6230469 -0.2421875
vt 0.6196289 -0.04345703
vt 0.6708984 -0.2729492
vt 0.6601563 -0.03710938
vt 0.8789063 -0.2734375
vt 0.8955078 -0.02294922
f 1/1/1 2/2/2 3/3/3
f 2/2/2 4/4/4 3/3/3
f 3/3/3 4/4/4 5/5/5
f 4/4/4 6/6/6 5/5/5
v -8.605469 134.9013 7.665459
v -6.546875 127.9576 8.98526
v -7.125 135.674 9.360168
vn -0.02929688 -0.8730469 -0.4863281
vn 0.05078125 -0.6875 -0.7246094
vn -0.0078125 -0.6074219 -0.7949219
vt 0.9663086 -0.01855469
vt 0.8789063 -0.2734375
vt 0.8955078 -0.02294922
f 7/7/7 8/8/8 9/9/9
g 07_Mard_1
usemtl mouth
v 1.417969 126.1168 11.7433
v 0 125.5924 12.04112
v 0 122.0826 10.38614
v -1.417969 126.1168 11.7433
vn -0.03125 0.5019531 -0.8632813
vn -0.4960938 0 -0.8691406
vn -0.3261719 0 -0.9453125
vn -0.03125 -0.5019531 -0.8632813
vt 0.7978516 0.01855469
vt 0.7246094 -0.01269531
vt 0.7255859 -0.2011719
vt 0.6513672 0.01757813
f 10/10/10 11/11/11 12/12/12
f 11/11/11 13/13/13 12/12/12
v 5.65625 123.7603 9.1126
v 0 122.0826 10.38614
v 0 120.378 9.853207
v -5.65625 123.7603 9.1126
vn -0.5371094 0.6464844 -0.5429688
vn -0.3261719 0 -0.9453125
vn -0.6113281 0 -0.7910156
vn -0.5371094 -0.6464844 -0.5429688
vt 1.018555 -0.1201172
vt 0.7255859 -0.2011719
vt 0.7255859 -0.2929688
vt 0.4345703 -0.1230469
f 14/14/14 15/15/15 16/16/16
f 15/15/15 17/17/17 16/16/16
v 6.664063 126.006 9.445896
v 1.417969 126.1168 11.7433
v 0 122.0826 10.38614
v 5.65625 123.7603 9.1126
v 0 122.0826 10.38614
v -1.417969 126.1168 11.7433
v -6.664063 126.006 9.445896
v -5.65625 123.7603 9.1126
vn -0.09570313 0.7402344 -0.6640625
vn -0.03125 0.5019531 -0.8632813
vn -0.3261719 0 -0.9453125
vn -0.5371094 0.6464844 -0.5429688
vn -0.3261719 0 -0.9453125
vn -0.03125 -0.5019531 -0.8632813
vn -0.09570313 -0.7402344 -0.6640625
vn -0.5371094 -0.6464844 -0.5429688
vt 1.070313 -0.005859375
vt 0.7978516 0.01855469
vt 0.7255859 -0.2011719
vt 1.018555 -0.1201172
vt 0.7255859 -0.2011719
vt 0.6513672 0.01757813
vt 0.3818359 -0.008789063
vt 0.4345703 -0.1230469
f 18/18/18 19/19/19 20/20/20 21/21/21
f 22/22/22 23/23/23 24/24/24 25/25/25
g 07_Mard_2
usemtl hair
v 0 143.8259 -6.328077
v 0 144.8766 -6.857224
v 2.171875 144.6641 -4.459543
v 2.167969 145.7148 -4.988689
v 0 145.581 -3.022618
v 0 146.6317 -3.551766
v -2.171875 144.6641 -4.459543
v -2.167969 145.7148 -4.988689
v 0 143.8259 -6.328077
v 0 144.8766 -6.857224
vn -0.4746094 0 0.8789063
vn -0.4746094 0 0.8789063
vn 0.01953125 0.9980469 -0.02929688
vn 0.02929688 0.9980469 -0.04882813
vn 0.4746094 0 -0.8808594
vn 0.4726563 0 -0.8808594
vn 0.01953125 -1 -0.02929688
vn 0.02929688 -0.9980469 -0.04882813
vn -0.4746094 0 0.8789063
vn -0.4746094 0 0.8789063
vt 0.6425781 -0.9453125
vt 0.6445313 -0.8935547
vt 0.6396484 -0.9453125
vt 0.6416016 -0.8935547
vt 0.6376953 -0.9453125
vt 0.6396484 -0.8935547
vt 0.6396484 -0.9453125
vt 0.6416016 -0.8935547
vt 0.6425781 -0.9453125
vt 0.6445313 -0.8935547
f 26/26/26 27/27/27 28/28/28
f 27/27/27 29/29/29 28/28/28
f 28/28/28 29/29/29 30/30/30
f 29/29/29 31/31/31 30/30/30
f 30/30/30 31/31/31 32/32/32
f 31/31/31 33/33/33 32/32/32
f 32/32/32 33/33/33 34/34/34
f 33/33/33 35/35/35 34/34/34
v 6.523438 129.4339 13.43973
v 8.28125 128.9902 14.06424
v 6.359375 133.7001 12.54046
v 8.425781 134.3925 13.89677
v 3.671875 137.1369 11.66851
v 3.988281 140.094 12.4128
vn 0.04101563 -0.3320313 -0.9414063
vn -0.1992188 0.46875 -0.8613281
vn -0.03710938 -0.5058594 -0.8613281
vn 0.203125 0.4042969 -0.8925781
vn -0.1757813 -0.3125 -0.9335938
vn 0.4394531 -0.03320313 -0.8984375
vt 0.484375 -0.96875
vt 0.4853516 -0.96875
vt 0.484375 -0.9677734
vt 0.4853516 -0.9677734
vt 0.4824219 -0.9667969
vt 0.484375 -0.9658203
f 36/36/36 37/37/37 38/38/38
f 37/37/37 39/39/39 38/38/38
f 38/38/38 39/39/39 40/40/40
f 39/39/39 41/41/41 40/40/40
v 6.429688 139.7972 8.679632
v 3.988281 140.094 12.4128
v 9.410156 135.558 10.56069
v 8.425781 134.3925 13.89677
v 8.921875 129.7268 11.79474
v 8.28125 128.9902 14.06424
vn -0.1386719 0.3574219 -0.9238281
vn 0.4394531 -0.03320313 -0.8984375
vn 0.4453125 0.8144531 -0.3710938
vn 0.203125 0.4042969 -0.8925781
vn -0.1660156 0.9609375 -0.2226563
vn -0.1992188 0.46875 -0.8613281
vt 0.4746094 -0.8916016
vt 0.4716797 -0.8916016
vt 0.4736328 -0.8945313
vt 0.4707031 -0.8945313
vt 0.4736328 -0.8955078
vt 0.4716797 -0.8955078
f 42/42/42 43/43/43 44/44/44
f 43/43/43 45/45/45 44/44/44
f 44/44/44 45/45/45 46/46/46
f 45/45/45 47/47/47 46/46/46
v 8.921875 129.7268 11.79474
v 6.523438 129.4339 13.43973
v 9.410156 135.558 10.56069
v 6.359375 133.7001 12.54046
v 6.429688 139.7972 8.679632
v 3.671875 137.1369 11.66851
vn 0.015625 -0.5683594 0.8222656
vn 0.07226563 -0.5566406 0.828125
vn -0.4140625 -0.3691406 0.8320313
vn -0.3300781 -0.3808594 0.8632813
vn -0.4433594 -0.2734375 0.8535156
vn -0.6660156 -0.1464844 0.7304688
vt 0.4833984 -0.9736328
vt 0.4833984 -0.9716797
vt 0.4833984 -0.9726563
vt 0.4833984 -0.9716797
vt 0.4804688 -0.9697266
vt 0.4824219 -0.9667969
f 48/48/48 49/49/49 50/50/50
f 49/49/49 51/51/51 50/50/50
f 50/50/50 51/51/51 52/52/52
f 51/51/51 53/53/53 52/52/52
v 4.011719 142.4489 9.860835
v 3.988281 140.094 12.4128
v 7.609375 144.4342 6.555796
v 7.101563 142.3571 10.47968
v 10.32813 140.2717 8.071629
v 9.972656 139.0585 10.19864
vn 0.7910156 -0.2109375 -0.5742188
vn 0.4394531 -0.03320313 -0.8984375
vn 0.7832031 0.4277344 -0.4511719
vn 0.4765625 0.3496094 -0.8066406
vn 0.6464844 0.6171875 -0.4472656
vn -0.05664063 0.2578125 -0.9648438
vt 0.4765625 -0.8896484
vt 0.4755859 -0.8886719
vt 0.4775391 -0.8935547
vt 0.4746094 -0.890625
vt 0.4775391 -0.8945313
vt 0.4755859 -0.8935547
f 54/54/54 55/55/55 56/56/56
f 55/55/55 57/57/57 56/56/56
f 56/56/56 57/57/57 58/58/58
f 57/57/57 59/59/59 58/58/58
v 8.757813 128.4144 3.20977
v 10.89453 135.7 1.680785
v 8.605469 134.9013 7.665459
v 7.984375 139.5642 6.968946
vn -0.2460938 0.859375 -0.4492188
vn 0.07421875 0.9433594 -0.3222656
vn -0.04101563 0.8730469 -0.4863281
vn 0.2617188 0.9140625 -0.3105469
vt 0.2910156 -0.00390625
vt 0.03417969 -0.001953125
vt 0.1865234 -0.1816406
vt 0.03710938 -0.2148438
f 60/60/60 61/61/61 62/62/62
f 61/61/61 63/63/63 62/62/62
v -4.265625 161.964 -18.02042
v -3.914063 152.6461 -10.42445
v -0.8945313 156.1825 -7.916666
v -0.2265625 152.4126 -4.529288
vn 0.5664063 -0.8183594 -0.09570313
vn -0.2480469 -0.9667969 0.046875
vn 0.765625 -0.06445313 -0.640625
vn 0.4042969 -0.05273438 -0.9140625
vt 0.3857422 -0.9814453
vt 0.3867188 -0.9765625
vt 0.3818359 -0.9658203
vt 0.3837891 -0.9609375
f 64/64/64 65/65/65 66/66/66
f 65/65/65 67/67/67 66/66/66
v -4.265625 161.964 -18.02042
v 2.457031 154.5136 -10.67641
v -0.1328125 152.1585 -13.08038
v 2.695313 149.7334 -6.668844
v 0.0546875 144.6176 -4.613288
vn -0.078125 0.7070313 0.703125
vn -0.2519531 0.7675781 0.5898438
vn -0.265625 0.7460938 0.609375
vn -0.5214844 0.7011719 0.4863281
vn -0.5625 0.6699219 0.4863281
vt 0.9814453 -0.06640625
vt 0.953125 -0.08691406
vt 0.9414063 -0.06640625
vt 0.9414063 -0.08105469
vt 0.9355469 -0.06640625
f 68/68/68 69/69/69 70/70/70
f 69/69/69 71/71/71 70/70/70
f 70/70/70 71/71/71 72/72/72
v 0.0546875 144.6176 -4.613288
v -3.914063 152.6461 -10.42445
v -0.1328125 152.1585 -13.08038
v -4.265625 161.964 -18.02042
vn -0.3378906 -0.5351563 -0.7734375
vn -0.2480469 -0.9667969 0.046875
vn -0.6171875 -0.5097656 0.5996094
vn 0.5664063 -0.8183594 -0.09570313
vt 0.9355469 -0.06640625
vt 0.9814453 -0.08105469
vt 0.9414063 -0.06640625
vt 0.9814453 -0.06640625
f 73/73/73 74/74/74 75/75/75
f 74/74/74 76/76/76 75/75/75
v -17.46094 144.0535 -16.43281
v -5.433594 146.4225 -11.20654
v -8.992188 145.3101 -6.15315
v -0.1679688 145.8098 -5.028994
vn -0.28125 -0.7597656 0.5878906
vn -0.3222656 0.5234375 0.7890625
vn -0.5214844 -0.3964844 -0.7558594
vn -0.2871094 0.8457031 -0.4492188
vt 0.9980469 -0.009765625
vt 0.7695313 -0.03125
vt 0.8007813 -0.1328125
vt 0.6503906 -0.1083984
f 77/77/77 78/78/78 79/79/79
f 78/78/78 80/80/80 79/79/79
v -0.1679688 145.8098 -5.028994
v -5.433594 146.4225 -11.20654
v -3.503906 150.1001 -6.642824
v -7.921875 151.1838 -8.335758
vn -0.2871094 0.8457031 -0.4492188
vn -0.3222656 0.5234375 0.7890625
vn 0.84375 0.4648438 -0.2636719
vn 0.9785156 -0.2011719 -0.06054688
vt 0.390625 -0.9541016
vt 0.390625 -0.9580078
vt 0.3916016 -0.9550781
vt 0.3925781 -0.9570313
f 81/81/81 82/82/82 83/83/83
f 82/82/82 84/84/84 83/83/83
v -17.46094 144.0535 -16.43281
v -8.992188 145.3101 -6.15315
v -7.921875 151.1838 -8.335758
v -3.503906 150.1001 -6.642824
vn -0.28125 -0.7597656 0.5878906
vn -0.5214844 -0.3964844 -0.7558594
vn 0.9785156 -0.2011719 -0.06054688
vn 0.84375 0.4648438 -0.2636719
vt 0.3916016 -0.96875
vt 0.3935547 -0.9550781
vt 0.3896484 -0.9541016
vt 0.3916016 -0.9492188
f 85/85/85 86/86/86 87/87/87
f 86/86/86 88/88/88 87/87/87
v -3.214844 140.8196 -10.44285
v 0.3085938 145.9464 -5.576215
v -8.496094 137.7133 -8.682138
v -7.1875 144.299 -7.713904
v -11.05859 140.0381 -9.483966
vn -0.4492188 0.8320313 0.3242188
vn 0.4472656 0.7460938 -0.4941406
vn -0.4375 0.109375 -0.8925781
vn 0.6132813 -0.5507813 -0.5664063
vn 0.3203125 -0.8476563 -0.4238281
vt 0.6943359 -0.1425781
vt 0.6210938 -0.1054688
vt 0.8740234 -0.0078125
vt 0.6943359 -0.1425781
vt 0.8740234 -0.1054688
f 89/89/89 90/90/90 91/91/91
f 90/90/90 92/92/92 91/91/91
f 91/91/91 92/92/92 93/93/93
v -11.05859 140.0381 -9.483966
v -13.32813 129.7782 -12.10011
v -8.496094 137.7133 -8.682138
v -6.703125 136.7887 -12.46826
v -3.214844 140.8196 -10.44285
vn 0.3203125 -0.8476563 -0.4238281
vn -0.890625 -0.4511719 0.0625
vn -0.4375 0.109375 -0.8925781
vn -0.5703125 0.7070313 0.4179688
vn -0.4492188 0.8320313 0.3242188
vt 0.8740234 -0.1054688
vt 0.9970703 -0.0078125
vt 0.8740234 -0.0078125
vt 0.8740234 -0.1054688
vt 0.6943359 -0.1425781
f 94/94/94 95/95/95 96/96/96
f 95/95/95 97/97/97 96/96/96
f 96/96/96 97/97/97 98/98/98
v -0.01171875 145.7871 -4.779495
v -2.4375 137.8379 -14.18563
v 4.144531 139.8143 -14.69246
v 3.734375 127.7557 -20.03685
vn -0.3242188 -0.8007813 -0.5019531
vn -0.4980469 -0.8007813 -0.3339844
vn -0.5839844 0.2402344 -0.7753906
vn -0.6289063 -0.6054688 -0.4882813
vt 1.001953 -0.00390625
vt 0.8222656 -0.1259766
vt 0.7851563 -0.002929688
vt 0.6083984 -0.109375
f 99/99/99 100/100/100 101/101/101
f 100/100/100 102/102/102 101/101/101
v 3.734375 127.7557 -20.03685
v 0.7304688 137.1149 -19.84601
v 4.144531 139.8143 -14.69246
v -0.6914063 144.234 -17.28756
v -1.007813 147.7346 -12.13086
vn 0.2324219 0.7421875 0.6289063
vn 0.2734375 0.7207031 0.6367188
vn 0.4238281 0.7714844 0.4746094
vn 0.5019531 0.7207031 0.4804688
vn 0.5625 0.8183594 0.1191406
vt 0.3896484 -0.9619141
vt 0.390625 -0.9609375
vt 0.390625 -0.9599609
vt 0.3925781 -0.9589844
vt 0.3925781 -0.9570313
f 103/103/103 104/104/104 105/105/105
f 104/104/104 106/106/106 105/105/105
f 105/105/105 106/106/106 107/107/107
v -0.6914063 144.234 -17.28756
v -2.4375 137.8379 -14.18563
v -1.007813 147.7346 -12.13086
v -0.01171875 145.7871 -4.779495
vn 0.109375 -0.9492188 0.2929688
vn -0.4980469 -0.8007813 -0.3339844
vn 0.1347656 -0.9902344 -0.04296875
vn -0.3242188 -0.8007813 -0.5019531
vt 0.3876953 -0.9570313
vt 0.3945313 -0.9638672
vt 0.3886719 -0.9511719
vt 0.3955078 -0.9433594
f 108/108/108 109/109/109 110/110/110
f 109/109/109 111/111/111 110/110/110
v 3.734375 127.7557 -20.03685
v -2.4375 137.8379 -14.18563
v 0.7304688 137.1149 -19.84601
v -0.6914063 144.234 -17.28756
vn -0.6289063 -0.6054688 -0.4882813
vn -0.4980469 -0.8007813 -0.3339844
vn -0.1816406 -0.8691406 0.4589844
vn 0.109375 -0.9492188 0.2929688
vt 0.3964844 -0.9736328
vt 0.3945313 -0.9638672
vt 0.390625 -0.9628906
vt 0.3876953 -0.9570313
f 112/112/112 113/113/113 114/114/114
f 113/113/113 115/115/115 114/114/114
v -0.1835938 145.7177 -5.227025
v 9.917969 144.7036 -10.82139
v 9.660156 142.9299 -9.190998
v 16.46875 139.2012 -10.84827
v 11.80859 144.9005 -6.321089
vn -0.4921875 -0.5644531 0.6640625
vn -0.05078125 -0.2363281 0.9707031
vn -0.9160156 -0.3984375 0.05859375
vn -0.7792969 -0.2890625 0.5546875
vn -0.7578125 -0.1191406 -0.6425781
vt 0.5820313 -0.0078125
vt 0.8740234 -0.1054688
vt 0.8740234 -0.0078125
vt 0.9970703 -0.0078125
vt 0.6943359 -0.1425781
f 116/116/116 117/117/117 118/118/118
f 117/117/117 119/119/119 118/118/118
f 118/118/118 119/119/119 120/120/120
v -0.1835938 145.7177 -5.227025
v 11.80859 144.9005 -6.321089
v 7.375 149.2201 -8.141237
v 12.71484 147.0609 -9.460921
vn 0.5058594 0.1113281 -0.8554688
vn 0.5351563 0.5605469 -0.6328125
vn 0.5683594 0.1972656 -0.7988281
vn 0.5429688 0.6484375 -0.5351563
vt 0.3896484 -0.9521484
vt 0.390625 -0.9570313
vt 0.3925781 -0.9570313
vt 0.3925781 -0.9589844
f 121/121/121 122/122/122 123/123/123
f 122/122/122 124/124/124 123/123/123
v -0.1835938 145.7177 -5.227025
v 7.375 149.2201 -8.141237
v 9.917969 144.7036 -10.82139
v 12.71484 147.0609 -9.460921
v 16.46875 139.2012 -10.84827
vn -0.4921875 -0.5644531 0.6640625
vn 0.3085938 -0.3359375 0.890625
vn -0.05078125 -0.2363281 0.9707031
vn 0.3671875 0.1132813 0.9238281
vn -0.7792969 -0.2890625 0.5546875
vt 0.3955078 -0.9453125
vt 0.3886719 -0.953125
vt 0.3925781 -0.9609375
vt 0.3886719 -0.9570313
vt 0.3945313 -0.9667969
f 125/125/125 126/126/126 127/127/127
f 126/126/126 128/128/128 127/127/127
f 127/127/127 128/128/128 129/129/129
v 0.1132813 145.4706 -4.643847
v 6.960938 149.7037 -7.1387
v 5.507813 151.6124 -8.565942
v 7.488281 157.7072 -9.307884
vn 0.59375 -0.0546875 -0.8027344
vn 0.515625 -0.1894531 -0.8359375
vn 0.40625 -0.3417969 -0.8476563
vn 0.2832031 -0.484375 -0.828125
vt 0.3945313 -0.9472656
vt 0.390625 -0.9570313
vt 0.3935547 -0.9580078
vt 0.3935547 -0.9638672
f 130/130/130 131/131/131 132/132/132
f 131/131/131 133/133/133 132/132/132
v -0.203125 146.0842 -5.1971
v 3.46875 139.8628 -12.26394
v 7.53125 140.5414 -9.313372
v 12.38672 132.6794 -13.10449
vn 0.4921875 -0.6113281 -0.6191406
vn -0.4980469 -0.78125 0.3730469
vn -0.05664063 0.4746094 -0.8789063
vn -0.7402344 -0.6171875 0.2636719
vt 0.6240234 -0.1162109
vt 0.8085938 -0.1396484
vt 0.7861328 -0.002929688
vt 0.9912109 -0.00390625
f 134/134/134 135/135/135 136/136/136
f 135/135/135 137/137/137 136/136/136
v -0.203125 146.0842 -5.1971
v 7.035156 143.666 -13.23885
v 3.46875 139.8628 -12.26394
v 12.38672 132.6794 -13.10449
vn 0.4921875 -0.6113281 -0.6191406
vn 0.703125 0.3339844 0.6289063
vn -0.4980469 -0.78125 0.3730469
vn -0.7402344 -0.6171875 0.2636719
vt 0.3955078 -0.9433594
vt 0.3896484 -0.9580078
vt 0.3925781 -0.9580078
vt 0.3916016 -0.96875
f 138/138/138 139/139/139 140/140/140
f 139/139/139 141/141/141 140/140/140
v 2.96875 146.8636 12.40913
v 0.2382813 145.4823 9.845138
v 2.589844 142.2491 13.32589
v 0 137.3235 11.56436
vn 0.4453125 0.2089844 -0.8710938
vn -0.1582031 -0.9570313 0.2441406
vn -0.1484375 0.1796875 -0.9726563
vn -0.9277344 -0.3710938 -0.0546875
vt 0.4814453 -0.9736328
vt 0.4814453 -0.9697266
vt 0.4785156 -0.9736328
vt 0.4746094 -0.9697266
f 142/142/142 143/143/143 144/144/144
f 143/143/143 145/145/145 144/144/144
v 6.429688 139.7972 8.679632
v 7.609375 144.4342 6.555796
v 9.277344 137.4231 8.60066
v 10.32813 140.2717 8.071629
v 15.89844 136.8581 6.47018
vn -0.4433594 -0.2734375 0.8535156
vn -0.2246094 -0.3066406 0.9257813
vn -0.2089844 -0.2050781 0.9570313
vn -0.203125 -0.01953125 0.9785156
vn -0.08789063 -0.3105469 0.9472656
vt 0.4804688 -0.9697266
vt 0.4785156 -0.9716797
vt 0.4794922 -0.9726563
vt 0.4794922 -0.9736328
vt 0.4785156 -0.9755859
f 146/146/146 147/147/147 148/148/148
f 147/147/147 149/149/149 148/148/148
f 148/148/148 149/149/149 150/150/150
v 10.86328 131.8254 -4.064963
v 9.585938 130.2345 1.596324
v 8.871094 128.6286 0.3392126
v 8.414063 127.7525 -3.08987
v 0 141.6207 10.25949
v 5.429688 141.2487 8.626945
v 5.734375 143.949 2.711764
v 0 145.7396 3.794318
v 10.33203 138.1442 -4.16348
v 10.86328 131.8254 -4.064963
v 5.992188 132.8259 -9.309132
v 5.980469 138.1233 -8.944117
v 7.984375 139.5642 6.968946
v 8.878906 140.8358 1.955236
v 5.734375 143.949 2.711764
v 5.429688 141.2487 8.626945
v 5.53125 126.9273 -7.350012
v 0 126.8084 -9.084827
v 0 133.124 -10.86407
v 5.992188 132.8259 -9.309132
v 6.253906 138.7212 10.2399
v 5.429688 141.2487 8.626945
v 0 141.6207 10.25949
v 0 137.3235 11.56436
v 5.992188 132.8259 -9.309132
v 10.86328 131.8254 -4.064963
v 8.414063 127.7525 -3.08987
v 5.53125 126.9273 -7.350012
v 7.984375 139.5642 6.968946
v 5.429688 141.2487 8.626945
v 6.253906 138.7212 10.2399
v 8.605469 134.9013 7.665459
v 5.992188 132.8259 -9.309132
v 0 133.124 -10.86407
v 0 137.8311 -10.35553
v 5.980469 138.1233 -8.944117
v -8.871094 128.6286 0.3392126
v -9.585938 130.2345 1.596324
v -10.86328 131.8254 -4.064963
v -8.414063 127.7525 -3.08987
v -5.734375 143.949 2.711764
v -4.96875 141.2487 8.626945
v 0 141.6207 10.25949
v 0 145.7396 3.794318
v -5.992188 132.8259 -9.309132
v -10.86328 131.8254 -4.064963
v -10.33203 138.1442 -4.16348
v -5.980469 138.1233 -8.944117
v -5.734375 143.949 2.711764
v -8.878906 140.8358 1.955236
v -7.984375 138.9819 6.968086
v -4.96875 141.2487 8.626945
v 0 133.124 -10.86407
v 0 126.8084 -9.084827
v -5.53125 126.9273 -7.350012
v -5.992188 132.8259 -9.309132
v -5.792969 141.9403 -5.162049
v -3.164063 143.1537 -5.366093
v 0 142.0502 -8.21535
v -5.980469 138.1233 -8.944117
v 0 141.6207 10.25949
v -4.96875 141.2487 8.626945
v -6.0625 138.7212 10.2399
v 0 137.3235 11.56436
v -8.414063 127.7525 -3.08987
v -10.86328 131.8254 -4.064963
v -5.992188 132.8259 -9.309132
v -5.53125 126.9273 -7.350012
v 0 137.8311 -10.35553
v 0 133.124 -10.86407
v -5.992188 132.8259 -9.309132
v -5.980469 138.1233 -8.944117
v 2.457031 154.5136 -10.67641
v -0.8945313 156.1825 -7.916666
v -0.2265625 152.4126 -4.529288
v 2.695313 149.7334 -6.668844
v -11.05859 140.0381 -9.483966
v -7.1875 144.299 -7.713904
v -5.875 144.8223 -12.11564
v -9.605469 140.4336 -14.0652
v -6.703125 136.7887 -12.46826
v -9.605469 140.4336 -14.0652
v -5.875 144.8223 -12.11564
v -3.214844 140.8196 -10.44285
v 9.277344 137.4231 8.60066
v 9.972656 139.0585 10.19864
v 7.101563 142.3571 10.47968
v 6.429688 139.7972 8.679632
v 1.648438 150.9995 9.071202
v 2.96875 146.8636 12.40913
v 4.46875 143.4556 10.19421
v 3.457031 149.3781 7.94654
v -0.1015625 148.8415 8.122857
v 0.2382813 145.4823 9.845138
v 2.96875 146.8636 12.40913
v 1.648438 150.9995 9.071202
v 0.2382813 145.4823 9.845138
v -0.1015625 148.8415 8.122857
v 3.457031 149.3781 7.94654
v 4.46875 143.4556 10.19421
v 4.011719 142.4489 9.860835
v 7.609375 144.4342 6.555796
v 6.429688 139.7972 8.679632
v 0 137.3235 11.56436
vn -0.5039063 0.8613281 -0.06640625
vn -0.5039063 0.8613281 -0.06640625
vn -0.390625 0.9199219 0.01171875
vn -0.5039063 0.8613281 -0.06640625
vn 0.8378906 0.2148438 -0.5019531
vn 0.8378906 0.2148438 -0.5019531
vn 0.859375 0.3417969 -0.3808594
vn 0.8378906 0.2148438 -0.5019531
vn 0.03125 0.7382813 0.6738281
vn 0.03125 0.7382813 0.6738281
vn 0.02929688 0.7363281 0.6757813
vn 0.03125 0.7382813 0.6738281
vn 0.7070313 0.6523438 -0.2734375
vn 0.7070313 0.6523438 -0.2734375
vn 0.640625 0.703125 -0.3066406
vn 0.7070313 0.6523438 -0.2734375
vn -0.3476563 0.2890625 0.8925781
vn -0.3476563 0.2890625 0.8925781
vn -0.2910156 0.2304688 0.9296875
vn -0.3476563 0.2890625 0.8925781
vn 0.5722656 0.05273438 -0.8183594
vn 0.5722656 0.05273438 -0.8183594
vn 0.3027344 0.2949219 -0.90625
vn 0.5722656 0.05273438 -0.8183594
vn -0.2988281 0.6757813 0.6738281
vn -0.2988281 0.6757813 0.6738281
vn -0.5527344 0.7421875 0.3808594
vn -0.2988281 0.6757813 0.6738281
vn 0.21875 0.6210938 -0.7519531
vn 0.21875 0.6210938 -0.7519531
vn 0.4199219 0.8886719 -0.1855469
vn 0.21875 0.6210938 -0.7519531
vn 0.0390625 0.2539063 0.9667969
vn 0.0390625 0.2539063 0.9667969
vn 0.07617188 0.2226563 0.9707031
vn 0.0390625 0.2539063 0.9667969
vn -0.390625 -0.9199219 0.01171875
vn -0.390625 -0.9199219 0.01171875
vn -0.5039063 -0.8613281 -0.06640625
vn -0.390625 -0.9199219 0.01171875
vn 0.8496094 -0.3417969 -0.4023438
vn 0.8496094 -0.3417969 -0.4023438
vn 0.8339844 -0.2324219 -0.5
vn 0.8496094 -0.3417969 -0.4023438
vn 0.02929688 -0.7363281 0.6757813
vn 0.02929688 -0.7363281 0.6757813
vn 0.03125 -0.7382813 0.6738281
vn 0.02929688 -0.7363281 0.6757813
vn 0.6230469 -0.6972656 -0.3535156
vn 0.6230469 -0.6972656 -0.3535156
vn 0.6503906 -0.6796875 -0.3398438
vn 0.6230469 -0.6972656 -0.3535156
vn -0.2910156 -0.2304688 0.9296875
vn -0.2910156 -0.2304688 0.9296875
vn -0.3476563 -0.2890625 0.8925781
vn -0.2910156 -0.2304688 0.9296875
vn 0.6464844 -0.3574219 0.6738281
vn 0.6464844 -0.3574219 0.6738281
vn 0.6464844 -0.3574219 0.6738281
vn 0.6464844 -0.3574219 0.6738281
vn 0.3007813 -0.3183594 -0.8984375
vn 0.3007813 -0.3183594 -0.8984375
vn 0.5761719 -0.0546875 -0.8144531
vn 0.3007813 -0.3183594 -0.8984375
vn -0.5527344 -0.7421875 0.3808594
vn -0.5527344 -0.7421875 0.3808594
vn -0.2988281 -0.6757813 0.6738281
vn -0.5527344 -0.7421875 0.3808594
vn 0.07617188 -0.2226563 0.9707031
vn 0.07617188 -0.2226563 0.9707031
vn 0.0390625 -0.2539063 0.9667969
vn 0.07617188 -0.2226563 0.9707031
vn 0.6464844 0.6542969 -0.3925781
vn 0.765625 -0.06445313 -0.640625
vn 0.4042969 -0.05273438 -0.9140625
vn 0.2675781 0.6894531 -0.6738281
vn 0.3203125 -0.8476563 -0.4238281
vn 0.6132813 -0.5507813 -0.5664063
vn 0.7089844 0.0078125 0.7050781
vn 0.3085938 -0.3554688 0.8828125
vn -0.5703125 0.7070313 0.4179688
vn 0.3085938 -0.3554688 0.8828125
vn 0.7089844 0.0078125 0.7050781
vn -0.4492188 0.8320313 0.3242188
vn -0.6464844 -0.1191406 -0.7539063
vn -0.05664063 0.2578125 -0.9648438
vn 0.4765625 0.3496094 -0.8066406
vn -0.1386719 0.3574219 -0.9238281
vn 0.7871094 0.08984375 -0.609375
vn 0.4453125 0.2089844 -0.8710938
vn -0.3046875 0.8671875 0.3945313
vn 0.1679688 0.8261719 0.5351563
vn -0.328125 -0.9179688 0.2226563
vn -0.1582031 -0.9570313 0.2441406
vn 0.4453125 0.2089844 -0.8710938
vn 0.7871094 0.08984375 -0.609375
vn -0.1582031 -0.9570313 0.2441406
vn -0.328125 -0.9179688 0.2226563
vn 0.1679688 0.8261719 0.5351563
vn -0.3046875 0.8671875 0.3945313
vn 0.3671875 -0.7304688 0.5761719
vn -0.2246094 -0.3066406 0.9257813
vn -0.4433594 -0.2734375 0.8535156
vn -0.4824219 -0.28125 0.8300781
vt 0.3925781 -0.7353516
vt 0.5410156 -0.7851563
vt 0.4589844 -0.8369141
vt 0.3476563 -0.8173828
vt 0.6220703 -0.6005859
vt 0.3369141 -0.5214844
vt 0.3007813 -0.3925781
vt 0.6533203 -0.3759766
vt 0.7441406 -0.59375
vt 0.9648438 -0.6992188
vt 1.074219 -0.5878906
vt 0.8867188 -0.390625
vt 0.2363281 -0.4882813
vt 0.1601563 -0.2646484
vt 0.3007813 -0.3925781
vt 0.3369141 -0.5214844
vt 0.1962891 -0.8222656
vt 0.0078125 -0.8564453
vt 0.0078125 -0.6308594
vt 0.1875 -0.6425781
vt 0.3867188 -0.6669922
vt 0.3369141 -0.5214844
vt 0.6220703 -0.6005859
vt 0.5722656 -0.7392578
vt 0.1875 -0.6425781
vt 0.3925781 -0.7353516
vt 0.3476563 -0.8173828
vt 0.1962891 -0.8222656
vt 0.03710938 -0.2148438
vt 0.0390625 -0.3076172
vt 0.1289063 -0.3125
vt 0.1865234 -0.1816406
vt 0.1875 -0.6425781
vt 0.0078125 -0.6308594
vt 0.0078125 -0.4511719
vt 0.1865234 -0.4599609
vt 0.4589844 -0.8369141
vt 0.5410156 -0.7851563
vt 0.3925781 -0.7353516
vt 0.3476563 -0.8173828
vt 0.3007813 -0.3925781
vt 0.3369141 -0.5214844
vt 0.6220703 -0.6005859
vt 0.6533203 -0.3759766
vt 1.074219 -0.5878906
vt 0.9648438 -0.6992188
vt 0.7441406 -0.59375
vt 0.8867188 -0.390625
vt 0.34375 -0.2832031
vt 0.1767578 -0.2714844
vt 0.2353516 -0.4853516
vt 0.3847656 -0.5136719
vt 0.0078125 -0.6308594
vt 0.0078125 -0.8564453
vt 0.1962891 -0.8222656
vt 0.1875 -0.6425781
vt 0.7148438 -0.3955078
vt 0.6904297 -0.3398438
vt 0.7695313 -0.2724609
vt 0.8867188 -0.390625
vt 0.5830078 -0.5585938
vt 0.3544922 -0.4824219
vt 0.3535156 -0.5957031
vt 0.4726563 -0.7099609
vt 0.3476563 -0.8173828
vt 0.3925781 -0.7353516
vt 0.1875 -0.6425781
vt 0.1962891 -0.8222656
vt 0.0078125 -0.4511719
vt 0.0078125 -0.6308594
vt 0.1875 -0.6425781
vt 0.1865234 -0.4599609
vt 0.3867188 -0.9570313
vt 0.3857422 -0.9570313
vt 0.3876953 -0.9521484
vt 0.3886719 -0.9521484
vt 0.3867188 -0.9667969
vt 0.3857422 -0.9570313
vt 0.3867188 -0.9570313
vt 0.3867188 -0.9619141
vt 0.3896484 -0.9599609
vt 0.390625 -0.9589844
vt 0.3916016 -0.9570313
vt 0.3896484 -0.9560547
vt 0.4863281 -0.9667969
vt 0.4863281 -0.9658203
vt 0.484375 -0.9648438
vt 0.484375 -0.9658203
vt 0.4736328 -0.8935547
vt 0.4736328 -0.8925781
vt 0.4736328 -0.8925781
vt 0.4736328 -0.8935547
vt 0.4853516 -0.9697266
vt 0.4814453 -0.9697266
vt 0.4814453 -0.9736328
vt 0.4833984 -0.9726563
vt 0.4755859 -0.96875
vt 0.4765625 -0.9736328
vt 0.4804688 -0.9716797
vt 0.4804688 -0.9648438
vt 0.4804688 -0.9658203
vt 0.4785156 -0.9716797
vt 0.4804688 -0.9697266
vt 0.4824219 -0.9658203
f 151/151/151 152/152/152 153/153/153 154/154/154
f 155/155/155 156/156/156 157/157/157 158/158/158
f 159/159/159 160/160/160 161/161/161 162/162/162
f 163/163/163 164/164/164 165/165/165 166/166/166
f 167/167/167 168/168/168 169/169/169 170/170/170
f 171/171/171 172/172/172 173/173/173 174/174/174
f 175/175/175 176/176/176 177/177/177 178/178/178
f 179/179/179 180/180/180 181/181/181 182/182/182
f 183/183/183 184/184/184 185/185/185 186/186/186
f 187/187/187 188/188/188 189/189/189 190/190/190
f 191/191/191 192/192/192 193/193/193 194/194/194
f 195/195/195 196/196/196 197/197/197 198/198/198
f 199/199/199 200/200/200 201/201/201 202/202/202
f 203/203/203 204/204/204 205/205/205 206/206/206
f 207/207/207 208/208/208 209/209/209 210/210/210
f 211/211/211 212/212/212 213/213/213 214/214/214
f 215/215/215 216/216/216 217/217/217 218/218/218
f 219/219/219 220/220/220 221/221/221 222/222/222
f 223/223/223 224/224/224 225/225/225 226/226/226
f 227/227/227 228/228/228 229/229/229 230/230/230
f 231/231/231 232/232/232 233/233/233 234/234/234
f 235/235/235 236/236/236 237/237/237 238/238/238
f 239/239/239 240/240/240 241/241/241 242/242/242
f 243/243/243 244/244/244 245/245/245 246/246/246
f 247/247/247 248/248/248 249/249/249 250/250/250
f 251/251/251 252/252/252 253/253/253 254/254/254
v 5.691406 144.0312 -3.089967
v 0 145.2135 -4.400987
v 5.734375 143.949 2.711764
v 8.871094 128.6286 0.3392126
v 4.097656 124.5413 -1.765965
v 8.414063 127.7525 -3.08987
v 0 142.0502 -8.21535
v 5.691406 144.0312 -3.089967
v 5.980469 138.1233 -8.944117
v 5.691406 144.0312 -3.089967
v 8.878906 140.8358 1.955236
v 10.33203 138.1442 -4.16348
v 7.984375 139.5642 6.968946
v 10.89453 135.7 1.680785
v 8.878906 140.8358 1.955236
v 5.691406 144.0312 -3.089967
v 5.734375 143.949 2.711764
v 8.878906 140.8358 1.955236
v 5.980469 138.1233 -8.944117
v 5.691406 144.0312 -3.089967
v 10.33203 138.1442 -4.16348
v 10.86328 131.8254 -4.064963
v 10.89453 135.7 1.680785
v 9.585938 130.2345 1.596324
v 5.980469 138.1233 -8.944117
v 0 137.8311 -10.35553
v 0 142.0502 -8.21535
v 5.53125 126.9273 -7.350012
v 0 123.736 -3.828992
v 0 126.8084 -9.084827
v 8.414063 127.7525 -3.08987
v 4.097656 124.5413 -1.765965
v 5.53125 126.9273 -7.350012
v 10.86328 131.8254 -4.064963
v 10.33203 138.1442 -4.16348
v 10.89453 135.7 1.680785
v 8.878906 140.8358 1.955236
v 10.89453 135.7 1.680785
v 10.33203 138.1442 -4.16348
v 0 142.0502 -8.21535
v 0 145.2135 -4.400987
v 5.691406 144.0312 -3.089967
v 5.53125 126.9273 -7.350012
v 4.097656 124.5413 -1.765965
v 0 123.736 -3.828992
v 10.89453 135.7 1.680785
v 8.757813 128.4144 3.20977
v 9.585938 130.2345 1.596324
v -5.691406 144.0312 -3.089967
v -5.734375 143.949 2.711764
v 0 145.2135 -4.400987
v -8.871094 128.6286 0.3392126
v -8.414063 127.7525 -3.08987
v -4.097656 124.5413 -1.765965
v -5.691406 144.0312 -3.089967
v -10.33203 138.1442 -4.16348
v -8.878906 140.8358 1.955236
v -7.984375 138.9819 6.968086
v -8.878906 140.8358 1.955236
v -10.89453 135.7 1.680785
v -5.691406 144.0312 -3.089967
v -8.878906 140.8358 1.955236
v -5.734375 143.949 2.711764
v -5.980469 138.1233 -8.944117
v -10.33203 138.1442 -4.16348
v -5.792969 141.9403 -5.162049
v -10.86328 131.8254 -4.064963
v -9.585938 130.2345 1.596324
v -10.89453 135.7 1.680785
v -5.980469 138.1233 -8.944117
v 0 142.0502 -8.21535
v 0 137.8311 -10.35553
v -5.53125 126.9273 -7.350012
v 0 126.8084 -9.084827
v 0 123.736 -3.828992
v -8.414063 127.7525 -3.08987
v -5.53125 126.9273 -7.350012
v -4.097656 124.5413 -1.765965
v -10.86328 131.8254 -4.064963
v -10.89453 135.7 1.680785
v -10.33203 138.1442 -4.16348
v -8.878906 140.8358 1.955236
v -10.33203 138.1442 -4.16348
v -10.89453 135.7 1.680785
v 0 142.0502 -8.21535
v -3.164063 143.1537 -5.366093
v 0 145.2135 -4.400987
v -5.53125 126.9273 -7.350012
v 0 123.736 -3.828992
v -4.097656 124.5413 -1.765965
v -10.89453 135.7 1.680785
v -9.585938 130.2345 1.596324
v -8.757813 128.4144 3.20977
v 0 145.2135 -4.400987
v 0 145.7396 3.794318
v 5.734375 143.949 2.711764
v -5.734375 143.949 2.711764
v 0 145.7396 3.794318
v 0 145.2135 -4.400987
v -5.792969 141.9403 -5.162049
v -5.691406 144.0312 -3.089967
v -3.164063 143.1537 -5.366093
v -10.33203 138.1442 -4.16348
v -5.691406 144.0312 -3.089967
v -5.792969 141.9403 -5.162049
v -3.164063 143.1537 -5.366093
v -5.691406 144.0312 -3.089967
v 0 145.2135 -4.400987
v 2.457031 154.5136 -10.67641
v -4.265625 161.964 -18.02042
v -0.8945313 156.1825 -7.916666
v 2.695313 149.7334 -6.668844
v -0.2265625 152.4126 -4.529288
v 0.0546875 144.6176 -4.613288
v -0.2265625 152.4126 -4.529288
v -3.914063 152.6461 -10.42445
v 0.0546875 144.6176 -4.613288
v -5.875 144.8223 -12.11564
v -7.1875 144.299 -7.713904
v 0.3085938 145.9464 -5.576215
v -9.605469 140.4336 -14.0652
v -13.32813 129.7782 -12.10011
v -11.05859 140.0381 -9.483966
v -6.703125 136.7887 -12.46826
v -13.32813 129.7782 -12.10011
v -9.605469 140.4336 -14.0652
v -0.1835938 145.7177 -5.227025
v 9.660156 142.9299 -9.190998
v 11.80859 144.9005 -6.321089
v 11.80859 144.9005 -6.321089
v 16.46875 139.2012 -10.84827
v 12.71484 147.0609 -9.460921
v 7.53125 140.5414 -9.313372
v 7.035156 143.666 -13.23885
v -0.203125 146.0842 -5.1971
v 12.38672 132.6794 -13.10449
v 7.035156 143.666 -13.23885
v 7.53125 140.5414 -9.313372
v 0.3085938 145.9464 -5.576215
v -3.214844 140.8196 -10.44285
v -5.875 144.8223 -12.11564
v -1.007813 147.7346 -12.13086
v -0.01171875 145.7871 -4.779495
v 4.144531 139.8143 -14.69246
v -5.433594 146.4225 -11.20654
v -17.46094 144.0535 -16.43281
v -7.921875 151.1838 -8.335758
v -8.992188 145.3101 -6.15315
v -0.1679688 145.8098 -5.028994
v -3.503906 150.1001 -6.642824
v 9.277344 137.4231 8.60066
v 15.89844 136.8581 6.47018
v 9.972656 139.0585 10.19864
v 6.429688 139.7972 8.679632
v 7.101563 142.3571 10.47968
v 3.988281 140.094 12.4128
v 4.46875 143.4556 10.19421
v 2.96875 146.8636 12.40913
v 2.589844 142.2491 13.32589
v 4.46875 143.4556 10.19421
v 2.589844 142.2491 13.32589
v 0 137.3235 11.56436
v 3.457031 149.3781 7.94654
v -3.0625 155.0552 3.596986
v 1.648438 150.9995 9.071202
v 4.011719 142.4489 9.860835
v 0 137.3235 11.56436
v 3.988281 140.094 12.4128
v 5.320313 121.8991 11.34633
v 8.921875 129.7268 11.79474
v 8.28125 128.9902 14.06424
v 15.89844 136.8581 6.47018
v 10.32813 140.2717 8.071629
v 9.972656 139.0585 10.19864
v -3.0625 155.0552 3.596986
v -0.1015625 148.8415 8.122857
v 1.648438 150.9995 9.071202
v 3.671875 137.1369 11.66851
v 0 137.3235 11.56436
v 6.429688 139.7972 8.679632
v 4.46875 143.4556 10.19421
v 0 137.3235 11.56436
v 0.2382813 145.4823 9.845138
v -0.1015625 148.8415 8.122857
v -3.0625 155.0552 3.596986
v 3.457031 149.3781 7.94654
v 3.671875 137.1369 11.66851
v 3.988281 140.094 12.4128
v 0 137.3235 11.56436
v 6.523438 129.4339 13.43973
v 5.320313 121.8991 11.34633
v 8.28125 128.9902 14.06424
v 8.921875 129.7268 11.79474
v 5.320313 121.8991 11.34633
v 6.523438 129.4339 13.43973
vn 0.9804688 0.2011719 0.015625
vn 0.9804688 0.2011719 0.015625
vn 0.9804688 0.2011719 0.015625
vn -0.7753906 0.6152344 -0.1386719
vn -0.7753906 0.6152344 -0.1386719
vn -0.7753906 0.6152344 -0.1386719
vn 0.6464844 0.3574219 0.6738281
vn 0.6464844 0.3574219 0.6738281
vn 0.6464844 0.3574219 0.6738281
vn 0.6230469 0.7734375 0.109375
vn 0.6230469 0.7734375 0.109375
vn 0.6230469 0.7734375 0.109375
vn 0.2617188 0.9140625 -0.3105469
vn 0.07421875 0.9433594 -0.3222656
vn 0.3496094 0.90625 -0.2382813
vn 0.7089844 0.7050781 0.015625
vn 0.7089844 0.7050781 0.015625
vn 0.7089844 0.7050781 0.015625
vn 0.5605469 0.6035156 0.5683594
vn 0.5605469 0.6035156 0.5683594
vn 0.5605469 0.6035156 0.5683594
vn -0.2285156 0.9609375 -0.1582031
vn -0.2285156 0.9609375 -0.1582031
vn -0.2285156 0.9609375 -0.1582031
vn 0.4199219 0.1855469 0.8886719
vn 0.4199219 0.1855469 0.8886719
vn 0.4199219 0.1855469 0.8886719
vn -0.8632813 0.1738281 0.4726563
vn -0.8632813 0.1738281 0.4726563
vn -0.8632813 0.1738281 0.4726563
vn -0.8203125 0.5410156 0.1855469
vn -0.8203125 0.5410156 0.1855469
vn -0.8203125 0.5410156 0.1855469
vn 0.08007813 0.9941406 0.0625
vn 0.08007813 0.9941406 0.0625
vn 0.08007813 0.9941406 0.0625
vn 0.3632813 0.9296875 -0.05078125
vn 0.3632813 0.9296875 -0.05078125
vn 0.3632813 0.9296875 -0.05078125
vn 0.71875 0.2929688 0.6308594
vn 0.71875 0.2929688 0.6308594
vn 0.71875 0.2929688 0.6308594
vn -0.9042969 0.3261719 0.2734375
vn -0.9042969 0.3261719 0.2734375
vn -0.9042969 0.3261719 0.2734375
vn -0.2246094 0.9472656 -0.2324219
vn -0.2246094 0.9472656 -0.2324219
vn -0.2246094 0.9472656 -0.2324219
vn 0.9804688 -0.2011719 0.015625
vn 0.9804688 -0.2011719 0.015625
vn 0.9804688 -0.2011719 0.015625
vn -0.7753906 -0.6152344 -0.1386719
vn -0.7753906 -0.6152344 -0.1386719
vn -0.7753906 -0.6152344 -0.1386719
vn 0.6230469 -0.7734375 0.109375
vn 0.6230469 -0.7734375 0.109375
vn 0.6230469 -0.7734375 0.109375
vn 0.2714844 -0.9042969 -0.328125
vn 0.3457031 -0.8964844 -0.2753906
vn 0.08203125 -0.9394531 -0.3320313
vn 0.7089844 -0.7050781 0.015625
vn 0.7089844 -0.7050781 0.015625
vn 0.7089844 -0.7050781 0.015625
vn 0.5605469 -0.6035156 0.5683594
vn 0.5605469 -0.6035156 0.5683594
vn 0.5605469 -0.6035156 0.5683594
vn -0.2285156 -0.9609375 -0.1582031
vn -0.2285156 -0.9609375 -0.1582031
vn -0.2285156 -0.9609375 -0.1582031
vn 0.4199219 -0.1855469 0.8886719
vn 0.4199219 -0.1855469 0.8886719
vn 0.4199219 -0.1855469 0.8886719
vn -0.8632813 -0.1738281 0.4726563
vn -0.8632813 -0.1738281 0.4726563
vn -0.8632813 -0.1738281 0.4726563
vn -0.8203125 -0.5410156 0.1855469
vn -0.8203125 -0.5410156 0.1855469
vn -0.8203125 -0.5410156 0.1855469
vn 0.08007813 -0.9941406 0.0625
vn 0.08007813 -0.9941406 0.0625
vn 0.08007813 -0.9941406 0.0625
vn 0.3632813 -0.9296875 -0.05078125
vn 0.3632813 -0.9296875 -0.05078125
vn 0.3632813 -0.9296875 -0.05078125
vn 0.71875 -0.2929688 0.6308594
vn 0.71875 -0.2929688 0.6308594
vn 0.71875 -0.2929688 0.6308594
vn -0.9042969 -0.3261719 0.2734375
vn -0.9042969 -0.3261719 0.2734375
vn -0.9042969 -0.3261719 0.2734375
vn -0.2246094 -0.9472656 -0.2324219
vn -0.2246094 -0.9472656 -0.2324219
vn -0.2246094 -0.9472656 -0.2324219
vn 0.953125 0.2871094 0.08789063
vn 0.953125 0.2871094 0.08789063
vn 0.953125 0.2871094 0.08789063
vn 0.953125 -0.2871094 0.08789063
vn 0.953125 -0.2871094 0.08789063
vn 0.953125 -0.2871094 0.08789063
vn 0.6464844 -0.3574219 0.6738281
vn 0.6464844 -0.3574219 0.6738281
vn 0.6464844 -0.3574219 0.6738281
vn 0.5605469 -0.6035156 0.5683594
vn 0.5605469 -0.6035156 0.5683594
vn 0.5605469 -0.6035156 0.5683594
vn 0.71875 -0.2929688 0.6308594
vn 0.71875 -0.2929688 0.6308594
vn 0.71875 -0.2929688 0.6308594
vn 0.6464844 0.6542969 -0.3925781
vn 0.5664063 -0.8183594 -0.09570313
vn 0.765625 -0.06445313 -0.640625
vn 0.2675781 0.6894531 -0.6738281
vn 0.4042969 -0.05273438 -0.9140625
vn -0.3378906 -0.5351563 -0.7734375
vn 0.4042969 -0.05273438 -0.9140625
vn -0.2480469 -0.9667969 0.046875
vn -0.3378906 -0.5351563 -0.7734375
vn 0.7089844 0.0078125 0.7050781
vn 0.6132813 -0.5507813 -0.5664063
vn 0.4472656 0.7460938 -0.4941406
vn 0.3085938 -0.3554688 0.8828125
vn -0.890625 -0.4511719 0.0625
vn 0.3203125 -0.8476563 -0.4238281
vn -0.5703125 0.7070313 0.4179688
vn -0.890625 -0.4511719 0.0625
vn 0.3085938 -0.3554688 0.8828125
vn -0.4921875 -0.5644531 0.6640625
vn -0.9160156 -0.3984375 0.05859375
vn -0.7578125 -0.1191406 -0.6425781
vn 0.5351563 0.5605469 -0.6328125
vn 0.3300781 0.8320313 -0.4472656
vn 0.5429688 0.6484375 -0.5351563
vn -0.05664063 0.4746094 -0.8789063
vn 0.703125 0.3339844 0.6289063
vn 0.4921875 -0.6113281 -0.6191406
vn 0.4355469 0.8730469 -0.21875
vn 0.703125 0.3339844 0.6289063
vn -0.05664063 0.4746094 -0.8789063
vn 0.4472656 0.7460938 -0.4941406
vn -0.4492188 0.8320313 0.3242188
vn 0.7089844 0.0078125 0.7050781
vn 0.5625 0.8183594 0.1191406
vn 0.5390625 0.8417969 -0.01367188
vn 0.4238281 0.7714844 0.4746094
vn -0.3222656 0.5234375 0.7890625
vn -0.28125 -0.7597656 0.5878906
vn 0.9785156 -0.2011719 -0.06054688
vn -0.5214844 -0.3964844 -0.7558594
vn -0.2871094 0.8457031 -0.4492188
vn 0.84375 0.4648438 -0.2636719
vn -0.6464844 -0.1191406 -0.7539063
vn 0.0078125 0.5273438 -0.8496094
vn -0.05664063 0.2578125 -0.9648438
vn -0.1386719 0.3574219 -0.9238281
vn 0.4765625 0.3496094 -0.8066406
vn 0.4394531 -0.03320313 -0.8984375
vn -0.3046875 0.8671875 0.3945313
vn 0.4453125 0.2089844 -0.8710938
vn -0.1484375 0.1796875 -0.9726563
vn -0.3046875 0.8671875 0.3945313
vn -0.1484375 0.1796875 -0.9726563
vn -0.9277344 -0.3710938 -0.0546875
vn 0.1679688 0.8261719 0.5351563
vn 0.6054688 -0.5429688 0.5800781
vn 0.7871094 0.08984375 -0.609375
vn 0.7910156 -0.2109375 -0.5742188
vn 0.1875 -0.3105469 -0.9316406
vn 0.4394531 -0.03320313 -0.8984375
vn -0.4628906 0.4980469 -0.734375
vn -0.1660156 0.9609375 -0.2226563
vn -0.1992188 0.46875 -0.8613281
vn 0.0078125 0.5273438 -0.8496094
vn 0.6464844 0.6171875 -0.4472656
vn -0.05664063 0.2578125 -0.9648438
vn 0.6054688 -0.5429688 0.5800781
vn -0.328125 -0.9179688 0.2226563
vn 0.7871094 0.08984375 -0.609375
vn -0.6660156 -0.1464844 0.7304688
vn -0.4824219 -0.28125 0.8300781
vn -0.4433594 -0.2734375 0.8535156
vn -0.3046875 0.8671875 0.3945313
vn -0.9277344 -0.3710938 -0.0546875
vn -0.1582031 -0.9570313 0.2441406
vn -0.328125 -0.9179688 0.2226563
vn 0.6054688 -0.5429688 0.5800781
vn 0.1679688 0.8261719 0.5351563
vn -0.1757813 -0.3125 -0.9335938
vn 0.4394531 -0.03320313 -0.8984375
vn 0.1875 -0.3105469 -0.9316406
vn 0.04101563 -0.3320313 -0.9414063
vn -0.4628906 0.4980469 -0.734375
vn -0.1992188 0.46875 -0.8613281
vn 0.015625 -0.5683594 0.8222656
vn 0.28125 -0.5625 0.7773438
vn 0.07226563 -0.5566406 0.828125
vt 0.2587891 -0.09375
vt 0.5693359 0.005859375
vt 0.3007813 -0.3925781
vt 0.4589844 -0.8369141
vt 0.1953125 -0.9912109
vt 0.3476563 -0.8173828
vt 0.7695313 -0.2724609
vt 0.5830078 -0.4208984
vt 0.8867188 -0.390625
vt 0.5820313 -0.4189453
vt 0.5722656 -0.6005859
vt 0.7441406 -0.59375
vt 0.6201172 -1.1875
vt 0.359375 -1.15332
vt 0.6074219 -1.237305
vt 0.2587891 -0.09375
vt 0.3007813 -0.3925781
vt 0.1601563 -0.2646484
vt 0.8867188 -0.390625
vt 0.5830078 -0.4199219
vt 0.7441406 -0.59375
vt 0.9648438 -0.6992188
vt 0.7294922 -0.8554688
vt 0.9072266 -0.8681641
vt 0.1865234 -0.4599609
vt 0.0078125 -0.4511719
vt 0.0078125 -0.2900391
vt 0.1962891 -0.8222656
vt 0.0078125 -0.9882813
vt 0.0078125 -0.8564453
vt 0.3476563 -0.8173828
vt 0.1953125 -0.9912109
vt 0.1962891 -0.8222656
vt 0.9648438 -0.6992188
vt 0.7441406 -0.59375
vt 0.7294922 -0.8554688
vt 0.5722656 -0.6005859
vt 0.7294922 -0.8554688
vt 0.7441406 -0.59375
vt 0.7695313 -0.2724609
vt 0.6357422 -0.1767578
vt 0.5830078 -0.4208984
vt 0.1962891 -0.8222656
vt 0.1953125 -0.9912109
vt 0.0078125 -0.9882813
vt 0.7294922 -0.8554688
vt 0.9550781 -0.9140625
vt 0.9072266 -0.8681641
vt 0.2617188 -0.09375
vt 0.34375 -0.2832031
vt 0.5683594 0.00390625
vt 0.4589844 -0.8369141
vt 0.3476563 -0.8173828
vt 0.1953125 -0.9912109
vt 0.7412109 -0.1962891
vt 0.8652344 -0.09179688
vt 0.8496094 -0.2617188
vt 0.9638672 -0.3730469
vt 0.8496094 -0.2617188
vt 0.953125 -0.140625
vt 0.2617188 -0.09375
vt 0.1767578 -0.2714844
vt 0.34375 -0.2832031
vt 0.8867188 -0.390625
vt 0.7441406 -0.59375
vt 0.7148438 -0.3945313
vt 0.9648438 -0.6992188
vt 0.9072266 -0.8681641
vt 0.7294922 -0.8554688
vt 0.1865234 -0.4599609
vt 0.0078125 -0.2900391
vt 0.0078125 -0.4511719
vt 0.1962891 -0.8222656
vt 0.0078125 -0.8564453
vt 0.0078125 -0.9882813
vt 0.3476563 -0.8173828
vt 0.1962891 -0.8222656
vt 0.1953125 -0.9912109
vt 0.9648438 -0.6992188
vt 0.7294922 -0.8554688
vt 0.7441406 -0.59375
vt 0.8496094 -0.2617188
vt 0.8652344 -0.09179688
vt 0.953125 -0.140625
vt 0.7695313 -0.2724609
vt 0.6904297 -0.3398438
vt 0.6357422 -0.1767578
vt 0.1962891 -0.8222656
vt 0.0078125 -0.9882813
vt 0.1953125 -0.9912109
vt 0.7294922 -0.8554688
vt 0.9072266 -0.8681641
vt 0.9550781 -0.9140625
vt 0.5693359 0.005859375
vt 0.6533203 -0.3759766
vt 0.3007813 -0.3925781
vt 0.3007813 -0.3925781
vt 0.6533203 -0.3759766
vt 0.5693359 0.005859375
vt 0.7109375 -0.1210938
vt 0.7412109 -0.1962891
vt 0.6660156 -0.1298828
vt 0.8652344 -0.09179688
vt 0.7412109 -0.1962891
vt 0.7109375 -0.1210938
vt 0.6660156 -0.1298828
vt 0.7412109 -0.1962891
vt 0.6240234 -0.1601563
vt 0.3867188 -0.9570313
vt 0.3886719 -0.9667969
vt 0.3857422 -0.9570313
vt 0.3886719 -0.9521484
vt 0.3876953 -0.9521484
vt 0.3916016 -0.9492188
vt 0.3837891 -0.9609375
vt 0.3867188 -0.9765625
vt 0.3876953 -0.9570313
vt 0.3867188 -0.9570313
vt 0.3857422 -0.9570313
vt 0.390625 -0.9462891
vt 0.3867188 -0.9619141
vt 0.3886719 -0.9667969
vt 0.3867188 -0.9667969
vt 0.3896484 -0.9599609
vt 0.390625 -0.9599609
vt 0.390625 -0.9589844
vt 0.5820313 -0.0078125
vt 0.8740234 -0.0078125
vt 0.6943359 -0.1425781
vt 0.390625 -0.9570313
vt 0.3896484 -0.9619141
vt 0.3925781 -0.9589844
vt 0.390625 -0.9570313
vt 0.3935547 -0.9560547
vt 0.390625 -0.9492188
vt 0.3896484 -0.9619141
vt 0.3925781 -0.9589844
vt 0.390625 -0.9570313
vt 0.3896484 -0.9541016
vt 0.3896484 -0.9560547
vt 0.3916016 -0.9570313
vt 0.3925781 -0.9570313
vt 0.3896484 -0.9521484
vt 0.390625 -0.9599609
vt 0.3916016 -0.9580078
vt 0.3896484 -0.9619141
vt 0.3925781 -0.9580078
vt 0.3935547 -0.9550781
vt 0.3945313 -0.9443359
vt 0.3916016 -0.9492188
vt 0.4863281 -0.9667969
vt 0.4902344 -0.9667969
vt 0.4863281 -0.9658203
vt 0.484375 -0.9658203
vt 0.484375 -0.9648438
vt 0.4824219 -0.9658203
vt 0.4746094 -0.890625
vt 0.4755859 -0.8916016
vt 0.4755859 -0.890625
vt 0.4746094 -0.890625
vt 0.4746094 -0.890625
vt 0.4755859 -0.8896484
vt 0.4736328 -0.8935547
vt 0.4746094 -0.8964844
vt 0.4736328 -0.8935547
vt 0.4765625 -0.8896484
vt 0.4755859 -0.8876953
vt 0.4755859 -0.8886719
vt 0.4736328 -0.8974609
vt 0.4736328 -0.8955078
vt 0.4716797 -0.8955078
vt 0.4775391 -0.8964844
vt 0.4775391 -0.8945313
vt 0.4755859 -0.8935547
vt 0.4882813 -0.9697266
vt 0.4853516 -0.9697266
vt 0.4833984 -0.9726563
vt 0.4824219 -0.9667969
vt 0.4824219 -0.9658203
vt 0.4804688 -0.9697266
vt 0.4804688 -0.9648438
vt 0.4765625 -0.9628906
vt 0.4755859 -0.96875
vt 0.4765625 -0.9736328
vt 0.4755859 -0.9765625
vt 0.4804688 -0.9716797
vt 0.4736328 -0.96875
vt 0.4716797 -0.9707031
vt 0.4755859 -0.9677734
vt 0.484375 -0.96875
vt 0.484375 -0.9726563
vt 0.4853516 -0.96875
vt 0.4833984 -0.9736328
vt 0.4853516 -0.9746094
vt 0.4833984 -0.9716797
f 255/255/255 256/256/256 257/257/257
f 258/258/258 259/259/259 260/260/260
f 261/261/261 262/262/262 263/263/263
f 264/264/264 265/265/265 266/266/266
f 267/267/267 268/268/268 269/269/269
f 270/270/270 271/271/271 272/272/272
f 273/273/273 274/274/274 275/275/275
f 276/276/276 277/277/277 278/278/278
f 279/279/279 280/280/280 281/281/281
f 282/282/282 283/283/283 284/284/284
f 285/285/285 286/286/286 287/287/287
f 288/288/288 289/289/289 290/290/290
f 291/291/291 292/292/292 293/293/293
f 294/294/294 295/295/295 296/296/296
f 297/297/297 298/298/298 299/299/299
f 300/300/300 301/301/301 302/302/302
f 303/303/303 304/304/304 305/305/305
f 306/306/306 307/307/307 308/308/308
f 309/309/309 310/310/310 311/311/311
f 312/312/312 313/313/313 314/314/314
f 315/315/315 316/316/316 317/317/317
f 318/318/318 319/319/319 320/320/320
f 321/321/321 322/322/322 323/323/323
f 324/324/324 325/325/325 326/326/326
f 327/327/327 328/328/328 329/329/329
f 330/330/330 331/331/331 332/332/332
f 333/333/333 334/334/334 335/335/335
f 336/336/336 337/337/337 338/338/338
f 339/339/339 340/340/340 341/341/341
f 342/342/342 343/343/343 344/344/344
f 345/345/345 346/346/346 347/347/347
f 348/348/348 349/349/349 350/350/350
f 351/351/351 352/352/352 353/353/353
f 354/354/354 355/355/355 356/356/356
f 357/357/357 358/358/358 359/359/359
f 360/360/360 361/361/361 362/362/362
f 363/363/363 364/364/364 365/365/365
f 366/366/366 367/367/367 368/368/368
f 369/369/369 370/370/370 371/371/371
f 372/372/372 373/373/373 374/374/374
f 375/375/375 376/376/376 377/377/377
f 378/378/378 379/379/379 380/380/380
f 381/381/381 382/382/382 383/383/383
f 384/384/384 385/385/385 386/386/386
f 387/387/387 388/388/388 389/389/389
f 390/390/390 391/391/391 392/392/392
f 393/393/393 394/394/394 395/395/395
f 396/396/396 397/397/397 398/398/398
f 399/399/399 400/400/400 401/401/401
f 402/402/402 403/403/403 404/404/404
f 405/405/405 406/406/406 407/407/407
f 408/408/408 409/409/409 410/410/410
f 411/411/411 412/412/412 413/413/413
f 414/414/414 415/415/415 416/416/416
f 417/417/417 418/418/418 419/419/419
f 420/420/420 421/421/421 422/422/422
f 423/423/423 424/424/424 425/425/425
f 426/426/426 427/427/427 428/428/428
f 429/429/429 430/430/430 431/431/431
f 432/432/432 433/433/433 434/434/434
f 435/435/435 436/436/436 437/437/437
f 438/438/438 439/439/439 440/440/440
f 441/441/441 442/442/442 443/443/443
f 444/444/444 445/445/445 446/446/446
f 447/447/447 448/448/448 449/449/449
g 07_Mard_3
usemtl item
v 4.925781 82.96344 7.554026
v 4.578125 91.15176 7.028722
v 0 82.72431 8.694538
v 0 91.151 8.071747
v -4.925781 82.96344 7.554026
v -4.578125 91.15176 7.028722
vn 0.09375 0.2597656 -0.9609375
vn 0.06640625 0.5957031 -0.8007813
vn 0.05859375 0 -0.9980469
vn 0.01171875 0 -1
vn 0.09375 -0.2597656 -0.9609375
vn 0.06640625 -0.5957031 -0.8007813
vt -0.5283203 -0.3125
vt -0.5322266 -0.03222656
vt -0.6611328 -0.3212891
vt -0.6611328 -0.03222656
vt -0.8115234 -0.3125
vt -0.8085938 -0.02832031
f 450/450/450 451/451/451 452/452/452
f 451/451/451 453/453/453 452/452/452
f 452/452/452 453/453/453 454/454/454
f 453/453/453 455/455/455 454/454/454
v 16.1196 2.566217 3.893097
v 15.94805 0.2581389 3.940195
v 11.1539 3.122385 -6.854982
v 11.15434 0.2509798 -6.353724
v 7.172842 2.5646 3.892041
v 7.306032 0.2565773 3.939174
vn 0.171875 -0.9414063 0.2890625
vn 0.06835938 -0.9042969 0.421875
vn 0.3964844 0.0078125 0.9179688
vn 0.15625 0.04296875 0.9863281
vn 0.046875 0.9921875 0.1230469
vn 0.0546875 0.9355469 0.3496094
vt 0.01660156 -0.5908203
vt 0.01757813 -0.671875
vt 0.009765625 -0.5410156
vt 0.009765625 -0.671875
vt 0.01660156 -0.5908203
vt 0.01757813 -0.671875
f 456/456/456 457/457/457 458/458/458
f 457/457/457 459/459/459 458/458/458
f 458/458/458 459/459/459 460/460/460
f 459/459/459 461/461/461 460/460/460
v 16.1196 2.566217 3.893097
v 15.89255 5.531498 -0.1462914
v 17.6358 0.2598838 14.67932
v 17.15489 2.593799 14.54187
v 12.98992 3.975118 21.50412
v 12.89584 6.053646 20.50698
v 7.286467 0.2585723 15.22129
v 7.735398 2.591632 15.01753
v 7.172842 2.5646 3.892041
v 7.090438 4.973545 -0.7601575
vn 0.171875 -0.9414063 0.2890625
vn 0.0390625 -0.9902344 0.1308594
vn -0.1914063 -0.9609375 -0.1992188
vn -0.4238281 -0.8789063 -0.2207031
vn 0.90625 -0.08007813 -0.4160156
vn 0.6269531 -0.04492188 -0.7773438
vn -0.2011719 0.9277344 -0.3144531
vn -0.4023438 0.8535156 -0.3300781
vn 0.046875 0.9921875 0.1230469
vn 0.46875 0.8828125 0.0546875
vt 0.6474609 -0.4472656
vt 0.5849609 -0.3417969
vt 0.5976563 -0.7207031
vt 0.5410156 -0.7128906
vt 0.3486328 -1.006836
vt 0.3505859 -0.9150391
vt 0.09570313 -0.7314453
vt 0.1503906 -0.7109375
vt 0.05371094 -0.4560547
vt 0.09375 -0.3417969
f 462/462/462 463/463/463 464/464/464
f 463/463/463 465/465/465 464/464/464
f 464/464/464 465/465/465 466/466/466
f 465/465/465 467/467/467 466/466/466
f 466/466/466 467/467/467 468/468/468
f 467/467/467 469/469/469 468/468/468
f 468/468/468 469/469/469 470/470/470
f 469/469/469 471/471/471 470/470/470
v -15.94805 0.2581389 3.940195
v -16.1196 2.566217 3.893097
v -11.15434 0.2509798 -6.353724
v -11.1539 3.122385 -6.854982
v -7.306032 0.2565773 3.939174
v -7.172842 2.5646 3.892041
vn 0.06835938 0.9042969 0.421875
vn 0.171875 0.9414063 0.2890625
vn 0.15625 -0.04296875 0.9863281
vn 0.3964844 -0.0078125 0.9179688
vn 0.0546875 -0.9355469 0.3496094
vn 0.046875 -0.9921875 0.1230469
vt 0.01757813 -0.671875
vt 0.01660156 -0.5908203
vt 0.009765625 -0.671875
vt 0.009765625 -0.5410156
vt 0.01757813 -0.671875
vt 0.01660156 -0.5908203
f 472/472/472 473/473/473 474/474/474
f 473/473/473 475/475/475 474/474/474
f 474/474/474 475/475/475 476/476/476
f 475/475/475 477/477/477 476/476/476
v -15.89255 5.531498 -0.1462914
v -16.1196 2.566217 3.893097
v -17.15489 2.593799 14.54187
v -17.6358 0.2598838 14.67932
v -12.89584 6.053646 20.50698
v -12.98992 3.975118 21.50412
v -7.735398 2.591632 15.01753
v -7.286467 0.2585723 15.22129
v -7.090438 4.973545 -0.7601575
v -7.172842 2.5646 3.892041
vn 0.0390625 0.9902344 0.1308594
vn 0.171875 0.9414063 0.2890625
vn -0.4238281 0.8789063 -0.2207031
vn -0.1914063 0.9609375 -0.1992188
vn 0.6269531 0.04492188 -0.7773438
vn 0.90625 0.08007813 -0.4160156
vn -0.4023438 -0.8535156 -0.3300781
vn -0.2011719 -0.9277344 -0.3144531
vn 0.46875 -0.8828125 0.0546875
vn 0.046875 -0.9921875 0.1230469
vt 0.5849609 -0.3417969
vt 0.6474609 -0.4472656
vt 0.5410156 -0.7128906
vt 0.5976563 -0.7207031
vt 0.3505859 -0.9150391
vt 0.3486328 -1.006836
vt 0.1503906 -0.7109375
vt 0.09570313 -0.7314453
vt 0.09375 -0.3417969
vt 0.05371094 -0.4560547
f 478/478/478 479/479/479 480/480/480
f 479/479/479 481/481/481 480/480/480
f 480/480/480 481/481/481 482/482/482
f 481/481/481 483/483/483 482/482/482
f 482/482/482 483/483/483 484/484/484
f 483/483/483 485/485/485 484/484/484
f 484/484/484 485/485/485 486/486/486
f 485/485/485 487/487/487 486/486/486
v 29.83916 110.9822 26.43962
v 31.93065 111.1687 26.69555
v 31.90574 111.7571 18.91006
v 34.03654 110.9918 26.52173
v 35.66208 110.6108 26.20718
vn 0.3554688 -0.1992188 0.9140625
vn 0.4804688 -0.01953125 0.8769531
vn 0.7792969 0.6269531 0.01757813
vn 0.5566406 0.2070313 0.8046875
vn 0.3652344 0.7597656 0.5371094
vt -0.1845703 -0.9873047
vt -0.1162109 -0.9882813
vt -0.1240234 -0.7714844
vt -0.046875 -0.9873047
vt -0.004882813 -0.96875
f 488/488/488 489/489/489 490/490/490
f 489/489/489 491/491/491 490/490/490
f 490/490/490 491/491/491 492/492/492
v 28.16408 111.0413 24.15889
v 31.90574 111.7571 18.91006
v 27.99506 109.7851 21.52066
v 29.3949 109.6065 18.92993
vn 0.05664063 -0.7089844 0.703125
vn 0.7792969 0.6269531 0.01757813
vn -0.2929688 -0.8574219 0.4238281
vn 0.5800781 -0.02148438 0.8144531
vt -0.2421875 -0.9248047
vt -0.1240234 -0.7714844
vt -0.2255859 -0.8349609
vt -0.1855469 -0.7705078
f 493/493/493 494/494/494 495/495/495
f 494/494/494 496/496/496 495/495/495
v 10.13672 83.37564 -0.5750181
v 7.914063 91.72736 -0.1704649
v 7.472656 83.18671 6.729926
v 4.578125 91.15176 7.028722
v 4.925781 82.96344 7.554026
vn 0.2617188 0.9492188 0.1777344
vn 0.09375 0.9628906 0.25
vn 0.140625 0.7089844 -0.6894531
vn 0.06640625 0.5957031 -0.8007813
vn 0.09375 0.2597656 -0.9609375
vt -0.3291016 -0.3017578
vt -0.3447266 -0.015625
vt -0.4541016 -0.3085938
vt -0.5322266 -0.03222656
vt -0.5283203 -0.3125
f 497/497/497 498/498/498 499/499/499
f 498/498/498 500/500/500 499/499/499
f 499/499/499 500/500/500 501/501/501
v 6.160156 82.84405 -5.497546
v 0 82.89571 -6.704605
v 0 92.0546 -4.287636
v -6.160156 82.84405 -5.497546
v -7.914063 91.72736 -0.1704649
v -10.13672 83.37564 -0.5750181
vn 0.2988281 0.4726563 0.8300781
vn 0.2539063 0 0.9667969
vn 0.03515625 0 0.9980469
vn 0.2988281 -0.4726563 0.8300781
vn 0.09375 -0.9628906 0.25
vn 0.2617188 -0.9492188 0.1777344
vt -0.01464844 -0.5546875
vt -0.01660156 -0.3457031
vt -0.3330078 -0.3457031
vt -0.01464844 -0.1367188
vt -0.3300781 -0.03027344
vt -0.01464844 -0.01757813
f 502/502/502 503/503/503 504/504/504
f 503/503/503 505/505/505 504/504/504
f 504/504/504 505/505/505 506/506/506
f 505/505/505 507/507/507 506/506/506
v 7.090438 4.973545 -0.7601575
v 7.735398 2.591632 15.01753
v 11.32835 11.63806 7.043868
v 12.20041 6.242218 13.05893
v 17.15489 2.593799 14.54187
v 12.89584 6.053646 20.50698
vn 0.46875 0.8828125 0.0546875
vn -0.4023438 0.8535156 -0.3300781
vn -0.4042969 0.04296875 -0.9140625
vn -0.8671875 -0.02539063 -0.4960938
vn -0.4238281 -0.8789063 -0.2207031
vn 0.6269531 -0.04492188 -0.7773438
vt 0.09375 -0.3417969
vt 0.1503906 -0.7109375
vt 0.3505859 -0.4882813
vt 0.3505859 -0.7119141
vt 0.5410156 -0.7128906
vt 0.3505859 -0.9150391
f 508/508/508 509/509/509 510/510/510
f 509/509/509 511/511/511 510/510/510
f 510/510/510 511/511/511 512/512/512
f 511/511/511 513/513/513 512/512/512
v 10.13672 83.37564 -0.5750181
v 6.160156 82.84405 -5.497546
v 7.914063 91.72736 -0.1704649
v 0 92.0546 -4.287636
vn 0.2617188 0.9492188 0.1777344
vn 0.2988281 0.4726563 0.8300781
vn 0.09375 0.9628906 0.25
vn 0.03515625 0 0.9980469
vt -0.02539063 -0.6494141
vt -0.01464844 -0.5546875
vt -0.3066406 -0.6455078
vt -0.3330078 -0.3457031
f 514/514/514 515/515/515 516/516/516
f 515/515/515 517/517/517 516/516/516
v -12.20041 6.242218 13.05893
v -11.32835 11.63806 7.043868
v -17.15489 2.593799 14.54187
v -15.89255 5.531498 -0.1462914
vn -0.8671875 0.02539063 -0.4960938
vn -0.4042969 -0.04296875 -0.9140625
vn -0.4238281 0.8789063 -0.2207031
vn 0.4199219 0.9003906 0.1054688
vt 0.3505859 -0.7119141
vt 0.3505859 -0.4882813
vt 0.5410156 -0.7128906
vt 0.5849609 -0.3417969
f 518/518/518 519/519/519 520/520/520
f 519/519/519 521/521/521 520/520/520
v -29.83941 110.9822 26.43962
v -31.90598 111.7571 18.91006
v -31.93089 111.1687 26.69555
v -34.03679 110.9918 26.52173
vn 0.3554688 0.1992188 0.9140625
vn -0.06445313 -0.9960938 0.0625
vn 0.4804688 0.01953125 0.8769531
vn 0.5566406 -0.2070313 0.8046875
vt -0.1865234 -0.984375
vt -0.1220703 -0.7695313
vt -0.1171875 -0.9863281
vt -0.04785156 -0.984375
f 522/522/522 523/523/523 524/524/524
f 523/523/523 525/525/525 524/524/524
v -34.36152 109.7495 18.90856
v -35.66232 110.6108 26.20718
v -31.90598 111.7571 18.91006
v -34.03679 110.9918 26.52173
vn -0.140625 -0.1113281 -0.984375
vn 0.3652344 -0.7597656 0.5371094
vn -0.06445313 -0.9960938 0.0625
vn 0.5566406 -0.2070313 0.8046875
vt -0.05566406 -0.765625
vt -0.006835938 -0.9667969
vt -0.1220703 -0.7695313
vt -0.04785156 -0.984375
f 526/526/526 527/527/527 528/528/528
f 527/527/527 529/529/529 528/528/528
v -28.16432 111.0413 24.15889
v -27.9953 109.7851 21.52066
v -31.90598 111.7571 18.91006
v -29.39514 109.6065 18.92993
vn 0.05664063 0.7089844 0.703125
vn -0.2929688 0.8574219 0.4238281
vn -0.06445313 -0.9960938 0.0625
vn -0.4023438 -0.04296875 0.9140625
vt -0.2431641 -0.921875
vt -0.2265625 -0.8320313
vt -0.1220703 -0.7695313
vt -0.1865234 -0.7685547
f 530/530/530 531/531/531 532/532/532
f 531/531/531 533/533/533 532/532/532
v -10.13672 83.37564 -0.5750181
v -7.472656 83.18671 6.729926
v -7.914063 91.72736 -0.1704649
v -4.578125 91.15176 7.028722
vn 0.2617188 -0.9492188 0.1777344
vn 0.140625 -0.7089844 -0.6894531
vn 0.09375 -0.9628906 0.25
vn 0.06640625 -0.5957031 -0.8007813
vt -0.9863281 -0.3046875
vt -0.8925781 -0.3105469
vt -0.9863281 -0.02246094
vt -0.8085938 -0.02832031
f 534/534/534 535/535/535 536/536/536
f 535/535/535 537/537/537 536/536/536
v -7.090438 4.973545 -0.7601575
v -11.32835 11.63806 7.043868
v -7.735398 2.591632 15.01753
v -12.20041 6.242218 13.05893
v -12.89584 6.053646 20.50698
v -17.15489 2.593799 14.54187
vn 0.46875 -0.8828125 0.0546875
vn -0.4042969 -0.04296875 -0.9140625
vn -0.4023438 -0.8535156 -0.3300781
vn -0.8671875 0.02539063 -0.4960938
vn 0.6269531 0.04492188 -0.7773438
vn -0.4238281 0.8789063 -0.2207031
vt 0.09375 -0.3417969
vt 0.3505859 -0.4882813
vt 0.1503906 -0.7109375
vt 0.3505859 -0.7119141
vt 0.3505859 -0.9150391
vt 0.5410156 -0.7128906
f 538/538/538 539/539/539 540/540/540
f 539/539/539 541/541/541 540/540/540
f 540/540/540 541/541/541 542/542/542
f 541/541/541 543/543/543 542/542/542
v 29.3949 109.6065 18.92993
v 26.4345 106.2321 22.64468
v 26.51845 107.9494 23.34501
v 27.99506 109.7851 21.52066
v 28.16408 111.0413 24.15889
v 28.04594 110.679 26.2662
v 29.83916 110.9822 26.43962
v 31.90574 111.7571 18.91006
v 7.286467 0.2585723 15.22129
v 7.172842 2.5646 3.892041
v 16.1196 2.566217 3.893097
v 17.6358 0.2598838 14.67932
v 15.94805 0.2581389 3.940195
v 16.1196 2.566217 3.893097
v 7.172842 2.5646 3.892041
v 7.306032 0.2565773 3.939174
v -26.51869 107.9494 23.34501
v -26.43474 106.2321 22.64468
v -29.39514 109.6065 18.92993
v -27.9953 109.7851 21.52066
v -29.83941 110.9822 26.43962
v -28.04628 110.6791 26.2623
v -28.16432 111.0413 24.15889
v -31.90598 111.7571 18.91006
v -16.1196 2.566217 3.893097
v -7.172842 2.5646 3.892041
v -7.286467 0.2585723 15.22129
v -17.6358 0.2598838 14.67932
v -7.172842 2.5646 3.892041
v -16.1196 2.566217 3.893097
v -15.94805 0.2581389 3.940195
v -7.306032 0.2565773 3.939174
v 6.421875 82.4491 -10.30278
v 13.30859 82.24687 -6.201146
v 11.375 81.20152 -3.006423
v 4.492188 81.40374 -7.108059
v 12.10547 92.17136 -3.689862
v 5.21875 92.37357 -7.787591
v 3.285156 91.33212 -4.592867
v 10.17188 91.126 -0.4951398
v 11.375 81.20152 -3.006423
v 10.17188 91.126 -0.4951398
v 3.285156 91.33212 -4.592867
v 4.492188 81.40374 -7.108059
v 13.30859 82.24687 -6.201146
v 12.10547 92.17136 -3.689862
v 10.17188 91.126 -0.4951398
v 11.375 81.20152 -3.006423
v 4.492188 81.40374 -7.108059
v 3.285156 91.33212 -4.592867
v 5.21875 92.37357 -7.787591
v 6.421875 82.4491 -10.30278
v 0 110.932 6.155901
v 0 109.3982 9.60028
v 2.277344 109.406 9.596379
v 2.367188 110.9281 6.151991
v -11.375 81.20152 -3.006423
v -13.30859 82.24687 -6.201146
v -6.425781 82.4491 -10.30278
v -4.492188 81.40374 -7.108059
v -3.285156 91.33212 -4.592867
v -5.21875 92.37357 -7.787591
v -12.10547 92.17136 -3.689862
v -10.17188 91.126 -0.4951398
v -3.285156 91.33212 -4.592867
v -10.17188 91.126 -0.4951398
v -11.375 81.20152 -3.006423
v -4.492188 81.40374 -7.108059
v -10.17188 91.126 -0.4951398
v -12.10547 92.17136 -3.689862
v -13.30859 82.24687 -6.201146
v -11.375 81.20152 -3.006423
v -5.21875 92.37357 -7.787591
v -3.285156 91.33212 -4.592867
v -4.492188 81.40374 -7.108059
v -6.425781 82.4491 -10.30278
v -2.277344 109.406 9.596379
v 0 109.3982 9.60028
v 0 110.932 6.155901
v -2.367188 110.9281 6.151991
vn 0.5800781 -0.02148438 0.8144531
vn -0.4335938 -0.7480469 -0.5019531
vn 0.02929688 -0.9121094 0.40625
vn -0.2929688 -0.8574219 0.4238281
vn 0.05664063 -0.7089844 0.703125
vn 0.2167969 -0.8144531 0.5390625
vn 0.3554688 -0.1992188 0.9140625
vn 0.7792969 0.6269531 0.01757813
vn 0.9980469 -0.00390625 -0.0546875
vn 0.7910156 0.00390625 -0.6113281
vn 0.8300781 0 -0.5585938
vn 0.9980469 -0.0078125 -0.0625
vn 0.5683594 0 -0.8222656
vn 0.8300781 0 -0.5585938
vn 0.7910156 0.00390625 -0.6113281
vn 0.5996094 0 -0.8007813
vn 0.02929688 0.9121094 0.40625
vn -0.4335938 0.7480469 -0.5019531
vn -0.4023438 -0.04296875 0.9140625
vn -0.2929688 0.8574219 0.4238281
vn 0.3554688 0.1992188 0.9140625
vn 0.2167969 0.8144531 0.5390625
vn 0.05664063 0.7089844 0.703125
vn -0.06445313 -0.9960938 0.0625
vn 0.8300781 0 -0.5585938
vn 0.7910156 -0.00390625 -0.6113281
vn 0.9980469 0.00390625 -0.0546875
vn 0.9980469 0.0078125 -0.0625
vn 0.7910156 -0.00390625 -0.6113281
vn 0.8300781 0 -0.5585938
vn 0.5683594 0 -0.8222656
vn 0.5996094 0 -0.8007813
vn -0.9628906 0.1171875 0.2421875
vn -0.9628906 0.1171875 0.2421875
vn -0.9628906 0.1171875 0.2421875
vn -0.9628906 0.1171875 0.2421875
vn 0.9628906 -0.1171875 -0.2441406
vn 0.9628906 -0.1171875 -0.2441406
vn 0.9628906 -0.1171875 -0.2441406
vn 0.9628906 -0.1171875 -0.2441406
vn -0.2695313 -0.4980469 -0.8242188
vn -0.2695313 -0.4980469 -0.8242188
vn -0.2695313 -0.4980469 -0.8242188
vn -0.2695313 -0.4980469 -0.8242188
vn -0.02539063 0.859375 -0.5117188
vn -0.02539063 0.859375 -0.5117188
vn -0.02539063 0.859375 -0.5117188
vn -0.02539063 0.859375 -0.5117188
vn 0.02539063 -0.859375 0.5117188
vn 0.02539063 -0.859375 0.5117188
vn 0.02539063 -0.859375 0.5117188
vn 0.02539063 -0.859375 0.5117188
vn 0.9140625 0.001953125 -0.40625
vn 0.9140625 0.001953125 -0.40625
vn 0.9140625 -0.001953125 -0.4042969
vn 0.9140625 0.001953125 -0.40625
vn -0.9628906 -0.1171875 0.2421875
vn -0.9628906 -0.1171875 0.2421875
vn -0.9628906 -0.1171875 0.2421875
vn -0.9628906 -0.1171875 0.2421875
vn 0.9628906 0.1171875 -0.2441406
vn 0.9628906 0.1171875 -0.2441406
vn 0.9628906 0.1171875 -0.2441406
vn 0.9628906 0.1171875 -0.2441406
vn -0.2695313 0.4980469 -0.8242188
vn -0.2695313 0.4980469 -0.8242188
vn -0.2695313 0.4980469 -0.8242188
vn -0.2695313 0.4980469 -0.8242188
vn -0.02539063 -0.859375 -0.5117188
vn -0.02539063 -0.859375 -0.5117188
vn -0.02539063 -0.859375 -0.5117188
vn -0.02539063 -0.859375 -0.5117188
vn 0.02539063 0.859375 0.5117188
vn 0.02539063 0.859375 0.5117188
vn 0.02539063 0.859375 0.5117188
vn 0.02539063 0.859375 0.5117188
vn 0.9140625 0.001953125 -0.4042969
vn 0.9140625 0.001953125 -0.4042969
vn 0.9140625 -0.001953125 -0.40625
vn 0.9140625 0.001953125 -0.4042969
vt -0.005859375 -0.9960938
vt -0.006835938 -0.890625
vt -0.05957031 -0.8925781
vt -0.05957031 -0.9804688
vt -0.2421875 -0.9248047
vt -0.2441406 -0.9814453
vt -0.1845703 -0.9873047
vt -0.1240234 -0.7714844
vt 0.02539063 -0.7099609
vt 0.02246094 -0.7099609
vt 0.02246094 -0.7001953
vt 0.02539063 -0.7001953
vt 0.01855469 -0.6708984
vt 0.01855469 -0.5957031
vt 0.01269531 -0.5957031
vt 0.01269531 -0.6708984
vt -0.06054688 -0.8925781
vt -0.005859375 -0.890625
vt -0.005859375 -0.9941406
vt -0.05957031 -0.9794922
vt -0.1865234 -0.984375
vt -0.2460938 -0.9794922
vt -0.2431641 -0.921875
vt -0.1220703 -0.7695313
vt 0.02246094 -0.7001953
vt 0.02246094 -0.7099609
vt 0.02539063 -0.7099609
vt 0.02539063 -0.7001953
vt 0.01269531 -0.5957031
vt 0.01855469 -0.5957031
vt 0.01855469 -0.6708984
vt 0.01269531 -0.6708984
vt -0.2314453 0.2607422
vt -0.2314453 0.2949219
vt -0.2314453 0.2949219
vt -0.2314453 0.2607422
vt 0.6953125 0.2490234
vt 0.6953125 0.2490234
vt 0.6953125 0.2490234
vt 0.6953125 0.2490234
vt -0.2138672 0.2617188
vt -0.2138672 0.2636719
vt -0.2138672 0.2636719
vt -0.2138672 0.2617188
vt -0.2207031 0.2617188
vt -0.2207031 0.2626953
vt -0.2216797 0.2626953
vt -0.2216797 0.2617188
vt -0.2207031 0.2617188
vt -0.2207031 0.2626953
vt -0.2216797 0.2626953
vt -0.2216797 0.2617188
vt 0.6201172 -0.9970703
vt 0.6181641 -0.8759766
vt 0.7177734 -0.8759766
vt 0.7177734 -0.9970703
vt -0.2314453 0.2949219
vt -0.2314453 0.2949219
vt -0.2314453 0.2607422
vt -0.2314453 0.2607422
vt 0.6953125 0.2490234
vt 0.6953125 0.2490234
vt 0.6953125 0.2490234
vt 0.6953125 0.2490234
vt -0.2138672 0.2636719
vt -0.2138672 0.2636719
vt -0.2138672 0.2617188
vt -0.2138672 0.2617188
vt -0.2216797 0.2626953
vt -0.2207031 0.2626953
vt -0.2207031 0.2617188
vt -0.2216797 0.2617188
vt -0.2216797 0.2626953
vt -0.2207031 0.2626953
vt -0.2207031 0.2617188
vt -0.2216797 0.2617188
vt 0.5185547 -0.8759766
vt 0.6181641 -0.8759766
vt 0.6201172 -0.9970703
vt 0.5185547 -0.9970703
f 544/544/544 545/545/545 546/546/546 547/547/547
f 548/548/548 549/549/549 550/550/550 551/551/551
f 552/552/552 553/553/553 554/554/554 555/555/555
f 556/556/556 557/557/557 558/558/558 559/559/559
f 560/560/560 561/561/561 562/562/562 563/563/563
f 564/564/564 565/565/565 566/566/566 567/567/567
f 568/568/568 569/569/569 570/570/570 571/571/571
f 572/572/572 573/573/573 574/574/574 575/575/575
f 576/576/576 577/577/577 578/578/578 579/579/579
f 580/580/580 581/581/581 582/582/582 583/583/583
f 584/584/584 585/585/585 586/586/586 587/587/587
f 588/588/588 589/589/589 590/590/590 591/591/591
f 592/592/592 593/593/593 594/594/594 595/595/595
f 596/596/596 597/597/597 598/598/598 599/599/599
f 600/600/600 601/601/601 602/602/602 603/603/603
f 604/604/604 605/605/605 606/606/606 607/607/607
f 608/608/608 609/609/609 610/610/610 611/611/611
f 612/612/612 613/613/613 614/614/614 615/615/615
f 616/616/616 617/617/617 618/618/618 619/619/619
f 620/620/620 621/621/621 622/622/622 623/623/623
v 12.89584 6.053646 20.50698
v 12.20041 6.242218 13.05893
v 7.735398 2.591632 15.01753
v 35.66208 110.6108 26.20718
v 34.36127 109.7495 18.90856
v 31.90574 111.7571 18.91006
v 17.6358 0.2598838 14.67932
v 12.98992 3.975118 21.50412
v 7.286467 0.2585723 15.22129
v 7.306032 0.2565773 3.939174
v 11.15434 0.2509798 -6.353724
v 15.94805 0.2581389 3.940195
v 17.15489 2.593799 14.54187
v 15.89255 5.531498 -0.1462914
v 11.32835 11.63806 7.043868
v 11.1539 3.122385 -6.854982
v 15.89255 5.531498 -0.1462914
v 16.1196 2.566217 3.893097
v 7.172842 2.5646 3.892041
v 7.090438 4.973545 -0.7601575
v 11.1539 3.122385 -6.854982
v -17.6358 0.2598838 14.67932
v -7.286467 0.2585723 15.22129
v -12.98992 3.975118 21.50412
v -7.306032 0.2565773 3.939174
v -15.94805 0.2581389 3.940195
v -11.15434 0.2509798 -6.353724
v -4.925781 82.96344 7.554026
v -4.578125 91.15176 7.028722
v -7.472656 83.18671 6.729926
v -11.1539 3.122385 -6.854982
v -16.1196 2.566217 3.893097
v -15.89255 5.531498 -0.1462914
v -7.172842 2.5646 3.892041
v -11.1539 3.122385 -6.854982
v -7.090438 4.973545 -0.7601575
v 13.30859 82.24687 -6.201146
v 6.421875 82.4491 -10.30278
v 12.10547 92.17136 -3.689862
v 0.0703125 111.5208 7.726727
v 5.371094 108.8094 8.037266
v 4.683594 112.4935 7.641496
v 0.0703125 111.5208 7.726727
v 0.875 107.8562 8.099073
v 5.371094 108.8094 8.037266
v 2.097656 110.5028 5.514928
v 7.195313 112.1533 8.129555
v 5.644531 113.5658 4.997604
v 2.097656 110.5028 5.514928
v 3.75 109.1528 8.619579
v 7.195313 112.1533 8.129555
v -13.30859 82.24687 -6.201146
v -12.10547 92.17136 -3.689862
v -6.425781 82.4491 -10.30278
v -0.0703125 111.5208 7.726727
v -4.683594 112.4935 7.641496
v -5.371094 108.8094 8.037266
v -0.0703125 111.5208 7.726727
v -5.371094 108.8094 8.037266
v -0.875 107.8562 8.099073
v -2.097656 110.5028 5.514928
v -5.644531 113.5658 4.997604
v -7.195313 112.1533 8.129555
v -2.097656 110.5028 5.514928
v -7.195313 112.1533 8.129555
v -3.75 109.1528 8.619579
v 6.421875 82.4491 -10.30278
v 5.21875 92.37357 -7.787591
v 12.10547 92.17136 -3.689862
v -12.10547 92.17136 -3.689862
v -5.21875 92.37357 -7.787591
v -6.425781 82.4491 -10.30278
vn 0.6269531 -0.04492188 -0.7773438
vn -0.8671875 -0.02539063 -0.4960938
vn -0.4023438 0.8535156 -0.3300781
vn 0.3652344 0.7597656 0.5371094
vn 0.7910156 0.05664063 -0.6113281
vn 0.7792969 0.6269531 0.01757813
vn 0.9980469 -0.0078125 -0.0625
vn 0.4785156 -0.02539063 0.8789063
vn 0.9980469 -0.00390625 -0.0546875
vn 0.5996094 0 -0.8007813
vn 0.9980469 0 0.015625
vn 0.5683594 0 -0.8222656
vn -0.4238281 -0.8789063 -0.2207031
vn 0.4199219 -0.9003906 0.1054688
vn -0.4042969 0.04296875 -0.9140625
vn 0.3964844 0.0078125 0.9179688
vn 0.4199219 -0.9003906 0.1054688
vn 0.171875 -0.9414063 0.2890625
vn 0.046875 0.9921875 0.1230469
vn 0.46875 0.8828125 0.0546875
vn 0.3964844 0.0078125 0.9179688
vn 0.9980469 0.0078125 -0.0625
vn 0.9980469 0.00390625 -0.0546875
vn 0.4785156 0.02539063 0.8789063
vn 0.5996094 0 -0.8007813
vn 0.5683594 0 -0.8222656
vn 0.9980469 0 0.015625
vn 0.09375 -0.2597656 -0.9609375
vn 0.06640625 -0.5957031 -0.8007813
vn 0.140625 -0.7089844 -0.6894531
vn 0.3964844 -0.0078125 0.9179688
vn 0.171875 0.9414063 0.2890625
vn 0.4199219 0.9003906 0.1054688
vn 0.046875 -0.9921875 0.1230469
vn 0.3964844 -0.0078125 0.9179688
vn 0.46875 -0.8828125 0.0546875
vn 0.2695313 0.4980469 0.8242188
vn 0.2695313 0.4980469 0.8242188
vn 0.2695313 0.4980469 0.8242188
vn 0.1074219 -0.00390625 -0.9941406
vn 0.1074219 -0.00390625 -0.9941406
vn 0.1074219 -0.00390625 -0.9941406
vn 0.09960938 -0.0078125 -0.9941406
vn 0.09960938 -0.0078125 -0.9941406
vn 0.09960938 -0.0078125 -0.9941406
vn 0.6699219 -0.4980469 -0.5488281
vn 0.6699219 -0.4980469 -0.5488281
vn 0.6699219 -0.4980469 -0.5488281
vn 0.6660156 -0.5 -0.5546875
vn 0.6660156 -0.5 -0.5546875
vn 0.6660156 -0.5 -0.5546875
vn 0.2695313 -0.4980469 0.8242188
vn 0.2695313 -0.4980469 0.8242188
vn 0.2695313 -0.4980469 0.8242188
vn 0.1074219 0.00390625 -0.9941406
vn 0.1074219 0.00390625 -0.9941406
vn 0.1074219 0.00390625 -0.9941406
vn 0.09960938 0.0078125 -0.9941406
vn 0.09960938 0.0078125 -0.9941406
vn 0.09960938 0.0078125 -0.9941406
vn 0.6699219 0.4980469 -0.5488281
vn 0.6699219 0.4980469 -0.5488281
vn 0.6699219 0.4980469 -0.5488281
vn 0.6660156 0.5 -0.5546875
vn 0.6660156 0.5 -0.5546875
vn 0.6660156 0.5 -0.5546875
vn 0.2695313 0.4980469 0.8242188
vn 0.2695313 0.4980469 0.8242188
vn 0.2695313 0.4980469 0.8242188
vn 0.2695313 -0.4980469 0.8242188
vn 0.2695313 -0.4980469 0.8242188
vn 0.2695313 -0.4980469 0.8242188
vt 0.3505859 -0.9150391
vt 0.3505859 -0.7119141
vt 0.1503906 -0.7109375
vt -0.004882813 -0.96875
vt -0.0546875 -0.7675781
vt -0.1240234 -0.7714844
vt 0.02539063 -0.7001953
vt 0.03125 -0.7050781
vt 0.02539063 -0.7099609
vt 0.02050781 -0.7099609
vt 0.015625 -0.7011719
vt 0.02050781 -0.7001953
vt 0.5410156 -0.7128906
vt 0.5849609 -0.3417969
vt 0.3505859 -0.4882813
vt 0.009765625 -0.5410156
vt 0.01660156 -0.4609375
vt 0.01660156 -0.5908203
vt 0.01660156 -0.5908203
vt 0.01660156 -0.4609375
vt 0.009765625 -0.5410156
vt 0.02539063 -0.7001953
vt 0.02539063 -0.7099609
vt 0.03125 -0.7050781
vt 0.02050781 -0.7099609
vt 0.02050781 -0.7001953
vt 0.015625 -0.7011719
vt -0.8115234 -0.3125
vt -0.8085938 -0.02832031
vt -0.8925781 -0.3105469
vt 0.009765625 -0.5410156
vt 0.01660156 -0.5908203
vt 0.01660156 -0.4609375
vt 0.01660156 -0.5908203
vt 0.009765625 -0.5410156
vt 0.01660156 -0.4609375
vt 0.02539063 0.03027344
vt 0.02148438 0.2070313
vt 0.2871094 0.03027344
vt 0.5185547 -0.8759766
vt 0.7177734 -0.9951172
vt 0.7177734 -0.8759766
vt 0.5185547 -0.8759766
vt 0.5185547 -0.9951172
vt 0.7177734 -0.9951172
vt 0.5185547 -0.9960938
vt 0.7177734 -0.8759766
vt 0.7177734 -0.9960938
vt 0.5185547 -0.9960938
vt 0.5185547 -0.8759766
vt 0.7177734 -0.8759766
vt 0.02539063 0.03027344
vt 0.2871094 0.03125
vt 0.02246094 0.2070313
vt 0.7177734 -0.8759766
vt 0.5185547 -0.8759766
vt 0.5185547 -0.9951172
vt 0.7177734 -0.8759766
vt 0.5185547 -0.9951172
vt 0.7177734 -0.9951172
vt 0.7177734 -0.9970703
vt 0.5185547 -0.9970703
vt 0.5185547 -0.8759766
vt 0.7177734 -0.9970703
vt 0.5185547 -0.8759766
vt 0.7177734 -0.8759766
vt 0.2880859 0.03125
vt 0.02636719 0.03417969
vt 0.02539063 0.2099609
vt 0.02539063 0.2099609
vt 0.02636719 0.03320313
vt 0.2880859 0.03027344
f 624/624/624 625/625/625 626/626/626
f 627/627/627 628/628/628 629/629/629
f 630/630/630 631/631/631 632/632/632
f 633/633/633 634/634/634 635/635/635
f 636/636/636 637/637/637 638/638/638
f 639/639/639 640/640/640 641/641/641
f 642/642/642 643/643/643 644/644/644
f 645/645/645 646/646/646 647/647/647
f 648/648/648 649/649/649 650/650/650
f 651/651/651 652/652/652 653/653/653
f 654/654/654 655/655/655 656/656/656
f 657/657/657 658/658/658 659/659/659
f 660/660/660 661/661/661 662/662/662
f 663/663/663 664/664/664 665/665/665
f 666/666/666 667/667/667 668/668/668
f 669/669/669 670/670/670 671/671/671
f 672/672/672 673/673/673 674/674/674
f 675/675/675 676/676/676 677/677/677
f 678/678/678 679/679/679 680/680/680
f 681/681/681 682/682/682 683/683/683
f 684/684/684 685/685/685 686/686/686
f 687/687/687 688/688/688 689/689/689
f 690/690/690 691/691/691 692/692/692
f 693/693/693 694/694/694 695/695/695
g 07_Mard_4
usemtl skin
v 4.097656 124.5413 -1.765965
v 3.515625 122.9956 0.2304681
v 0 123.736 -3.828992
v 0 122.5882 -3.322137
v -4.097656 124.5413 -1.765965
v -3.515625 122.9956 0.2304681
vn -0.734375 0.5410156 0.4101563
vn -0.59375 0.7441406 0.3046875
vn -0.6113281 0 0.7910156
vn -0.1210938 0 0.9921875
vn -0.734375 -0.5410156 0.4101563
vn -0.59375 -0.7441406 0.3046875
vt 0.7246094 -0.5673828
vt 0.7246094 -0.6005859
vt 0.7480469 -0.5673828
vt 0.7480469 -0.6005859
vt 0.7246094 -0.5673828
vt 0.7246094 -0.6005859
f 696/696/696 697/697/697 698/698/698
f 697/697/697 699/699/699 698/698/698
f 698/698/698 699/699/699 700/700/700
f 699/699/699 701/701/701 700/700/700
v 29.72095 107.7736 31.04685
v 29.83916 110.9822 26.43962
v 28.65354 107.572 31.04495
v 28.04594 110.679 26.2662
v 28.71367 107.165 30.31049
v 28.25873 108.8603 26.32865
v 29.72838 107.3473 30.31856
v 29.80346 109.0035 26.50448
v 29.72095 107.7736 31.04685
v 29.83916 110.9822 26.43962
vn 0.8242188 0.5546875 0.1132813
vn 0.3554688 -0.1992188 0.9140625
vn 0.8515625 -0.5019531 -0.15625
vn 0.2167969 -0.8144531 0.5390625
vn 0.07617188 -0.3847656 -0.9199219
vn 0.078125 -0.6679688 -0.7402344
vn 0.04882813 0.7382813 -0.671875
vn 0.05273438 0.05664063 -0.9960938
vn 0.8242188 0.5546875 0.1132813
vn 0.3554688 -0.1992188 0.9140625
vt 0.4716797 -0.09472656
vt 0.4726563 -0.02246094
vt 0.4619141 -0.1025391
vt 0.4560547 -0.02539063
vt 0.4628906 -0.1181641
vt 0.4589844 -0.02050781
vt 0.4716797 -0.1113281
vt 0.4726563 -0.0234375
vt 0.4716797 -0.09472656
vt 0.4726563 -0.02246094
f 702/702/702 703/703/703 704/704/704
f 703/703/703 705/705/705 704/704/704
f 704/704/704 705/705/705 706/706/706
f 705/705/705 707/707/707 706/706/706
f 706/706/706 707/707/707 708/708/708
f 707/707/707 709/709/709 708/708/708
f 708/708/708 709/709/709 710/710/710
f 709/709/709 711/711/711 710/710/710
v 29.83916 110.9822 26.43962
v 30.28625 106.359 31.17332
v 31.93065 111.1687 26.69555
v 31.43471 106.3577 31.17653
v 31.90574 108.942 26.76299
v 31.44223 106.0511 30.361
v 29.80346 109.0035 26.50448
v 30.30311 106.0676 30.34662
v 29.83916 110.9822 26.43962
v 30.28625 106.359 31.17332
vn 0.3554688 -0.1992188 0.9140625
vn 0.828125 -0.5136719 -0.2246094
vn 0.4804688 -0.01953125 0.8769531
vn 0.8164063 0.5605469 -0.1386719
vn -0.2050781 -0.0390625 -0.9785156
vn -0.1035156 0.6328125 -0.7675781
vn 0.05273438 0.05664063 -0.9960938
vn -0.09375 -0.5136719 -0.8515625
vn 0.3554688 -0.1992188 0.9140625
vn 0.828125 -0.5136719 -0.2246094
vt 0.4726563 -0.02246094
vt 0.4775391 -0.1044922
vt 0.4921875 -0.02148438
vt 0.4882813 -0.1044922
vt 0.4921875 -0.02246094
vt 0.4882813 -0.1162109
vt 0.4726563 -0.0234375
vt 0.4775391 -0.1152344
vt 0.4726563 -0.02246094
vt 0.4775391 -0.1044922
f 712/712/712 713/713/713 714/714/714
f 713/713/713 715/715/715 714/714/714
f 714/714/714 715/715/715 716/716/716
f 715/715/715 717/717/717 716/716/716
f 716/716/716 717/717/717 718/718/718
f 717/717/717 719/719/719 718/718/718
f 718/718/718 719/719/719 720/720/720
f 719/719/719 721/721/721 720/720/720
v 33.07014 105.5562 29.66493
v 34.03654 110.9918 26.52173
v 31.95452 105.6941 29.57562
v 31.93065 111.1687 26.69555
v 32.05813 105.4836 28.67457
v 31.90574 108.942 26.76299
v 33.17228 105.33 28.77131
v 34.00873 108.9739 26.06616
v 33.07014 105.5562 29.66493
v 34.03654 110.9918 26.52173
vn 0.8144531 0.4785156 -0.3300781
vn 0.5566406 0.2070313 0.8046875
vn 0.7363281 -0.59375 -0.3242188
vn 0.4804688 -0.01953125 0.8769531
vn -0.3125 -0.546875 -0.7773438
vn -0.2050781 -0.0390625 -0.9785156
vn -0.2011719 0.5917969 -0.7792969
vn -0.3359375 -0.1816406 -0.9238281
vn 0.8144531 0.4785156 -0.3300781
vn 0.5566406 0.2070313 0.8046875
vt 0.5039063 -0.1064453
vt 0.5107422 -0.01953125
vt 0.4931641 -0.1015625
vt 0.4921875 -0.02148438
vt 0.4941406 -0.109375
vt 0.4921875 -0.02246094
vt 0.5048828 -0.1152344
vt 0.5107422 -0.01171875
vt 0.5039063 -0.1064453
vt 0.5107422 -0.01953125
f 722/722/722 723/723/723 724/724/724
f 723/723/723 725/725/725 724/724/724
f 724/724/724 725/725/725 726/726/726
f 725/725/725 727/727/727 726/726/726
f 726/726/726 727/727/727 728/728/728
f 727/727/727 729/729/729 728/728/728
f 728/728/728 729/729/729 730/730/730
f 729/729/729 731/731/731 730/730/730
v 34.7653 106.2132 26.65117
v 35.19473 108.7272 25.74438
v 34.65807 106.1639 27.44088
v 35.66208 110.6108 26.20718
v 33.6985 106.3649 27.45038
v 34.03654 110.9918 26.52173
v 33.8028 106.4261 26.66086
v 34.00873 108.9739 26.06616
vn -0.4785156 0.5605469 -0.6777344
vn -0.2890625 0.7890625 -0.5429688
vn 0.65625 0.484375 -0.5800781
vn 0.3652344 0.7597656 0.5371094
vn 0.640625 -0.6035156 -0.4726563
vn 0.5566406 0.2070313 0.8046875
vn -0.5390625 -0.6015625 -0.5898438
vn -0.3359375 -0.1816406 -0.9238281
vt 0.5224609 -0.09765625
vt 0.5283203 -0.03320313
vt 0.5224609 -0.09960938
vt 0.5253906 -0.02246094
vt 0.5087891 -0.1044922
vt 0.5107422 -0.01953125
vt 0.5097656 -0.1015625
vt 0.5107422 -0.01171875
f 732/732/732 733/733/733 734/734/734
f 733/733/733 735/735/735 734/734/734
f 734/734/734 735/735/735 736/736/736
f 735/735/735 737/737/737 736/736/736
f 736/736/736 737/737/737 738/738/738
f 737/737/737 739/739/739 738/738/738
v 27.20971 106.133 27.07248
v 27.82852 108.2899 24.442
v 26.19011 105.7753 27.17375
v 26.51845 107.9494 23.34501
v 26.577 104.6848 26.67797
v 26.4345 106.2321 22.64468
vn 0.7929688 0.5371094 0.2851563
vn 0.8261719 -0.5625 0.05078125
vn 0.7402344 -0.671875 -0.0078125
vn 0.02929688 -0.9121094 0.40625
vn 0.3867188 -0.08398438 -0.9179688
vn -0.4335938 -0.7480469 -0.5019531
vt 0.4404297 -0.09179688
vt 0.4472656 -0.01660156
vt 0.4287109 -0.1269531
vt 0.4355469 -0.01660156
vt 0.4355469 -0.1464844
vt 0.4472656 -0.01660156
f 740/740/740 741/741/741 742/742/742
f 741/741/741 743/743/743 742/742/742
f 742/742/742 743/743/743 744/744/744
f 743/743/743 745/745/745 744/744/744
v 6.078125 122.9732 4.196917
v 5.65625 123.7603 9.1126
v 0 119.7084 8.931387
v 0 120.378 9.853207
v -6.078125 122.9732 4.196917
v -5.65625 123.7603 9.1126
vn -0.734375 0.6757813 0.06445313
vn -0.5371094 0.6464844 -0.5429688
vn -0.9589844 0 -0.2871094
vn -0.6113281 0 -0.7910156
vn -0.734375 -0.6757813 0.06445313
vn -0.5371094 -0.6464844 -0.5429688
vt 0.7197266 -0.578125
vt 0.7324219 -0.5771484
vt 0.734375 -0.5849609
vt 0.7382813 -0.5830078
vt 0.7197266 -0.578125
vt 0.7324219 -0.5771484
f 746/746/746 747/747/747 748/748/748
f 747/747/747 749/749/749 748/748/748
f 748/748/748 749/749/749 750/750/750
f 749/749/749 751/751/751 750/750/750
v 0 127.1589 13.31275
v 1.417969 126.1168 11.7433
v 0 128.9884 11.36735
v 1.464844 128.03 10.57024
v 0 135.0775 11.79387
v 1.617188 135.2932 11.49122
vn 0.2128906 0 -0.9765625
vn -0.03125 0.5019531 -0.8632813
vn 0.171875 0 -0.984375
vn 0.21875 0.4472656 -0.8671875
vn 0.03710938 0 -1
vn 0.015625 0.25 -0.96875
vt 0.001953125 -0.7695313
vt 0.1230469 -0.7705078
vt 0.001953125 -0.6240234
vt 0.08496094 -0.65625
vt 0.001953125 -0.3105469
vt 0.09667969 -0.3066406
f 752/752/752 753/753/753 754/754/754
f 753/753/753 755/755/755 754/754/754
f 754/754/754 755/755/755 756/756/756
f 755/755/755 757/757/757 756/756/756
v 1.417969 126.1168 11.7433
v 6.664063 126.006 9.445896
v 1.464844 128.03 10.57024
v 6.546875 127.9576 8.98526
v 1.617188 135.2932 11.49122
v 7.125 135.674 9.360168
v 0 137.3235 11.56436
v 6.253906 138.7212 10.2399
vn -0.03125 0.5019531 -0.8632813
vn -0.09570313 0.7402344 -0.6640625
vn 0.21875 0.4472656 -0.8671875
vn 0.05078125 0.6875 -0.7246094
vn 0.015625 0.25 -0.96875
vn -0.03515625 0.5996094 -0.7988281
vn 0.1367188 -0.001953125 -0.9902344
vn -0.05078125 0.4101563 -0.9101563
vt 0.1230469 -0.7675781
vt 0.3037109 -0.8339844
vt 0.08496094 -0.65625
vt 0.3935547 -0.6640625
vt 0.09667969 -0.3066406
vt 0.4003906 -0.28125
vt 0.00390625 -0.1132813
vt 0.2617188 -0.1025391
f 758/758/758 759/759/759 760/760/760
f 759/759/759 761/761/761 760/760/760
f 760/760/760 761/761/761 762/762/762
f 761/761/761 763/763/763 762/762/762
f 762/762/762 763/763/763 764/764/764
f 763/763/763 765/765/765 764/764/764
v -29.83941 110.9822 26.43962
v -29.7212 107.7736 31.04685
v -28.04628 110.6791 26.2623
v -28.65768 107.5717 31.04503
v -28.25897 108.8603 26.32865
v -28.71392 107.165 30.31049
v -29.80371 109.0035 26.50448
v -29.72862 107.3473 30.31856
v -29.83941 110.9822 26.43962
v -29.7212 107.7736 31.04685
vn 0.3554688 0.1992188 0.9140625
vn 0.8242188 -0.5546875 0.1132813
vn 0.2167969 0.8144531 0.5390625
vn 0.8515625 0.5019531 -0.15625
vn 0.078125 0.6679688 -0.7402344
vn 0.07617188 0.3847656 -0.9199219
vn 0.05273438 -0.05664063 -0.9960938
vn 0.04882813 -0.7382813 -0.671875
vn 0.3554688 0.1992188 0.9140625
vn 0.8242188 -0.5546875 0.1132813
vt 0.5986328 -0.01464844
vt 0.6064453 -0.1005859
vt 0.59375 -0.01660156
vt 0.6044922 -0.1035156
vt 0.5742188 -0.01757813
vt 0.5917969 -0.09960938
vt 0.5771484 -0.01757813
vt 0.5947266 -0.09765625
vt 0.5986328 -0.01464844
vt 0.6064453 -0.1005859
f 766/766/766 767/767/767 768/768/768
f 767/767/767 769/769/769 768/768/768
f 768/768/768 769/769/769 770/770/770
f 769/769/769 771/771/771 770/770/770
f 770/770/770 771/771/771 772/772/772
f 771/771/771 773/773/773 772/772/772
f 772/772/772 773/773/773 774/774/774
f 773/773/773 775/775/775 774/774/774
v -30.28649 106.359 31.17332
v -29.83941 110.9822 26.43962
v -31.43495 106.3577 31.17653
v -31.93089 111.1687 26.69555
v -31.44247 106.0511 30.361
v -31.90598 108.942 26.76299
v -30.30335 106.0676 30.34662
v -29.80371 109.0035 26.50448
v -30.28649 106.359 31.17332
v -29.83941 110.9822 26.43962
vn 0.828125 0.5136719 -0.2246094
vn 0.3554688 0.1992188 0.9140625
vn 0.8164063 -0.5605469 -0.1386719
vn 0.4804688 0.01953125 0.8769531
vn -0.1035156 -0.6328125 -0.7675781
vn -0.1953125 0.01953125 -0.9804688
vn -0.09375 0.5136719 -0.8515625
vn 0.05273438 -0.05664063 -0.9960938
vn 0.828125 0.5136719 -0.2246094
vn 0.3554688 0.1992188 0.9140625
vt 0.5908203 -0.1181641
vt 0.5986328 -0.01464844
vt 0.5908203 -0.1181641
vt 0.6035156 -0.015625
vt 0.5791016 -0.1123047
vt 0.5791016 -0.02148438
vt 0.5791016 -0.1123047
vt 0.5771484 -0.01757813
vt 0.5908203 -0.1181641
vt 0.5986328 -0.01464844
f 776/776/776 777/777/777 778/778/778
f 777/777/777 779/779/779 778/778/778
f 778/778/778 779/779/779 780/780/780
f 779/779/779 781/781/781 780/780/780
f 780/780/780 781/781/781 782/782/782
f 781/781/781 783/783/783 782/782/782
f 782/782/782 783/783/783 784/784/784
f 783/783/783 785/785/785 784/784/784
v -34.03679 110.9918 26.52173
v -33.07039 105.5562 29.66493
v -31.93089 111.1687 26.69555
v -31.95477 105.6941 29.57562
v -31.90598 108.942 26.76299
v -32.05838 105.4836 28.67457
v -34.00897 108.9739 26.06616
v -33.17252 105.33 28.77131
v -34.03679 110.9918 26.52173
v -33.07039 105.5562 29.66493
vn 0.5566406 -0.2070313 0.8046875
vn 0.8105469 -0.484375 -0.328125
vn 0.4804688 0.01953125 0.8769531
vn 0.7363281 0.59375 -0.3242188
vn -0.1953125 0.01953125 -0.9804688
vn -0.3554688 0.53125 -0.7695313
vn -0.3144531 0.1933594 -0.9296875
vn -0.2421875 -0.59375 -0.7675781
vn 0.5566406 -0.2070313 0.8046875
vn 0.8105469 -0.484375 -0.328125
vt 0.5996094 -0.015625
vt 0.5664063 -0.1103516
vt 0.6035156 -0.015625
vt 0.5673828 -0.1083984
vt 0.5791016 -0.02148438
vt 0.5556641 -0.1005859
vt 0.5722656 -0.01367188
vt 0.5556641 -0.1035156
vt 0.5996094 -0.015625
vt 0.5664063 -0.1103516
f 786/786/786 787/787/787 788/788/788
f 787/787/787 789/789/789 788/788/788
f 788/788/788 789/789/789 790/790/790
f 789/789/789 791/791/791 790/790/790
f 790/790/790 791/791/791 792/792/792
f 791/791/791 793/793/793 792/792/792
f 792/792/792 793/793/793 794/794/794
f 793/793/793 795/795/795 794/794/794
v -35.66232 110.6108 26.20718
v -34.66221 106.1636 27.44097
v -34.03679 110.9918 26.52173
v -33.69874 106.3649 27.45038
v -34.00897 108.9739 26.06616
v -33.80304 106.4261 26.66086
vn 0.3652344 -0.7597656 0.5371094
vn 0.65625 -0.484375 -0.5800781
vn 0.5566406 -0.2070313 0.8046875
vn 0.640625 0.6035156 -0.4726563
vn -0.3144531 0.1933594 -0.9296875
vn -0.5390625 0.6015625 -0.5898438
vt 0.5654297 -0.02246094
vt 0.5371094 -0.08691406
vt 0.5654297 -0.02246094
vt 0.5400391 -0.08496094
vt 0.5517578 -0.03027344
vt 0.5332031 -0.07519531
f 796/796/796 797/797/797 798/798/798
f 797/797/797 799/799/799 798/798/798
f 798/798/798 799/799/799 800/800/800
f 799/799/799 801/801/801 800/800/800
v -6.078125 122.9732 4.196917
v -5.65625 123.7603 9.1126
v -8.007813 125.9946 2.535419
v -6.664063 126.006 9.445896
v -8.757813 128.4144 3.20977
v -6.546875 127.9576 8.98526
vn -0.734375 -0.6757813 0.06445313
vn -0.5371094 -0.6464844 -0.5429688
vn -0.6015625 -0.796875 0.0625
vn -0.09570313 -0.7402344 -0.6640625
vn -0.2460938 -0.859375 -0.4492188
vn 0.05078125 -0.6875 -0.7246094
vt 0.3447266 -0.05175781
vt 0.3408203 -0.04882813
vt 0.3466797 -0.04296875
vt 0.3408203 -0.04199219
vt 0.34375 -0.02246094
vt 0.3408203 -0.03808594
f 802/802/802 803/803/803 804/804/804
f 803/803/803 805/805/805 804/804/804
f 804/804/804 805/805/805 806/806/806
f 805/805/805 807/807/807 806/806/806
v 6.078125 122.9732 4.196917
v 0 119.7084 8.931387
v 0 120.5227 4.330746
v -6.078125 122.9732 4.196917
vn -0.734375 0.6757813 0.06445313
vn -0.9589844 0 -0.2871094
vn -0.9628906 0 -0.2695313
vn -0.734375 -0.6757813 0.06445313
vt 0.04492188 -0.9638672
vt 0.0234375 -0.9785156
vt 0.03710938 -0.9765625
vt 0.04492188 -0.9638672
f 808/808/808 809/809/809 810/810/810
f 809/809/809 811/811/811 810/810/810
v 8.007813 125.9946 2.535419
v 8.871094 128.6286 0.3392126
v 9.507813 126.3209 1.364307
v 11.75 127.9418 0.02271764
vn -0.6015625 0.796875 0.0625
vn -0.2480469 -0.02734375 0.96875
vn -0.9433594 0.3222656 0.07617188
vn -0.5175781 0.7597656 0.3925781
vt 0.7285156 -0.5927734
vt 0.7724609 -0.5849609
vt 0.7363281 -0.5947266
vt 0.7617188 -0.5917969
f 812/812/812 813/813/813 814/814/814
f 813/813/813 815/815/815 814/814/814
v 8.757813 128.4144 3.20977
v 9.917969 130.4446 2.595024
v 9.585938 130.2345 1.596324
v 11.46484 131.1832 1.357421
vn -0.2460938 0.859375 -0.4492188
vn 0.5917969 -0.02148438 -0.8066406
vn 0.7519531 -0.5566406 0.3515625
vn 0.8398438 0.5390625 -0.06054688
vt 0.7607422 -0.5751953
vt 0.7880859 -0.5693359
vt 0.7871094 -0.5732422
vt 0.8017578 -0.5703125
f 816/816/816 817/817/817 818/818/818
f 817/817/817 819/819/819 818/818/818
v 26.4345 106.2321 22.64468
v 28.17876 105.7155 22.66988
v 26.577 104.6848 26.67797
v 27.20971 106.133 27.07248
vn -0.4335938 -0.7480469 -0.5019531
vn -0.15625 0.3164063 -0.9355469
vn 0.3867188 -0.08398438 -0.9179688
vn 0.7929688 0.5371094 0.2851563
vt 0.4472656 -0.01660156
vt 0.4462891 -0.01660156
vt 0.4355469 -0.1464844
vt 0.4404297 -0.09179688
f 820/820/820 821/821/821 822/822/822
f 821/821/821 823/823/823 822/822/822
v 9.507813 126.3209 1.364307
v 11.75 127.9418 0.02271764
v 10.32422 128.8029 1.360349
v 12.25781 130.0131 0.1673739
v 11.46484 131.1832 1.357421
vn -0.9433594 0.3222656 0.07617188
vn -0.5175781 0.7597656 0.3925781
vn -0.2441406 0.6699219 -0.7011719
vn 0.3652344 0.8476563 0.3847656
vn 0.8398438 0.5390625 -0.06054688
vt 0.6845703 -0.53125
vt 0.8007813 -0.4384766
vt 0.6621094 -0.3945313
vt 0.8291016 -0.2734375
vt 0.6816406 -0.1796875
f 824/824/824 825/825/825 826/826/826
f 825/825/825 827/827/827 826/826/826
f 826/826/826 827/827/827 828/828/828
v 1.417969 126.1168 11.7433
v 0 127.1589 13.31275
v 0 125.5924 12.04112
v -1.417969 126.1168 11.7433
vn -0.03125 0.5019531 -0.8632813
vn 0.2128906 0 -0.9765625
vn -0.4960938 0 -0.8691406
vn -0.03125 -0.5019531 -0.8632813
vt 0.1835938 -0.9794922
vt 0.01464844 -0.8056641
vt 0.01367188 -0.9960938
vt 0.1835938 -0.9794922
f 829/829/829 830/830/830 831/831/831
f 830/830/830 832/832/832 831/831/831
v 0 120.5227 4.330746
v 3.515625 122.9956 0.2304681
v 6.078125 122.9732 4.196917
v 8.007813 125.9946 2.535419
vn -0.9628906 0 -0.2695313
vn -0.59375 0.7441406 0.3046875
vn -0.734375 0.6757813 0.06445313
vn -0.6015625 0.796875 0.0625
vt 0.6210938 -0.9794922
vt 0.7861328 -0.8974609
vt 0.7207031 -0.8095703
vt 0.8417969 -0.7724609
f 833/833/833 834/834/834 835/835/835
f 834/834/834 836/836/836 835/835/835
v 11.46484 131.1832 1.357421
v 9.917969 130.4446 2.595024
v 10.32422 128.8029 1.360349
v 8.757813 128.4144 3.20977
v 8.007813 125.9946 2.535419
vn 0.8398438 0.5390625 -0.06054688
vn 0.5917969 -0.02148438 -0.8066406
vn -0.2441406 0.6699219 -0.7011719
vn -0.2460938 0.859375 -0.4492188
vn -0.6015625 0.796875 0.0625
vt 0.6816406 -0.1796875
vt 0.5810547 -0.2705078
vt 0.6621094 -0.3945313
vt 0.5429688 -0.4160156
vt 0.5820313 -0.5566406
f 837/837/837 838/838/838 839/839/839
f 838/838/838 840/840/840 839/839/839
f 839/839/839 840/840/840 841/841/841
v 8.757813 128.4144 3.20977
v 8.605469 134.9013 7.665459
v 6.546875 127.9576 8.98526
v 7.125 135.674 9.360168
vn -0.2460938 0.859375 -0.4492188
vn -0.04101563 0.8730469 -0.4863281
vn 0.05078125 0.6875 -0.7246094
vn -0.03515625 0.5996094 -0.7988281
vt 0.5195313 -0.6572266
vt 0.4580078 -0.296875
vt 0.3935547 -0.6640625
vt 0.4003906 -0.28125
f 842/842/842 843/843/843 844/844/844
f 843/843/843 845/845/845 844/844/844
v -8.007813 125.9946 2.535419
v -9.507813 126.3209 1.364307
v -8.871094 128.6286 0.3392126
v -11.75 127.9418 0.02271764
v -12.25781 130.0131 0.1673739
vn -0.6015625 -0.796875 0.0625
vn -0.9433594 -0.3222656 0.07617188
vn -0.2480469 0.02734375 0.96875
vn -0.5175781 -0.7597656 0.3925781
vn 0.3652344 -0.8476563 0.3847656
vt 0.7285156 -0.5927734
vt 0.7363281 -0.5947266
vt 0.7724609 -0.5849609
vt 0.7617188 -0.5917969
vt 0.7958984 -0.578125
f 846/846/846 847/847/847 848/848/848
f 847/847/847 849/849/849 848/848/848
f 848/848/848 849/849/849 850/850/850
v -8.757813 128.4144 3.20977
v -9.585938 130.2345 1.596324
v -9.917969 130.4446 2.595024
v -11.46484 131.1832 1.357421
vn -0.2460938 -0.859375 -0.4492188
vn 0.7519531 0.5566406 0.3515625
vn 0.5917969 0.02148438 -0.8066406
vn 0.8398438 -0.5390625 -0.06054688
vt 0.7607422 -0.5751953
vt 0.7871094 -0.5732422
vt 0.7880859 -0.5693359
vt 0.8017578 -0.5703125
f 851/851/851 852/852/852 853/853/853
f 852/852/852 854/854/854 853/853/853
v -26.43474 106.2321 22.64468
v -26.57725 104.6848 26.67797
v -28.179 105.7155 22.66988
v -27.20996 106.133 27.07248
v -27.82877 108.2899 24.442
vn -0.4335938 0.7480469 -0.5019531
vn 0.3867188 0.08398438 -0.9179688
vn -0.15625 -0.3164063 -0.9355469
vn 0.7929688 -0.5371094 0.2851563
vn 0.8261719 0.5625 0.05078125
vt 0.5400391 -0.01953125
vt 0.5400391 0.03613281
vt 0.5429688 -0.01660156
vt 0.5292969 0.04785156
vt 0.5273438 -0.01953125
f 855/855/855 856/856/856 857/857/857
f 856/856/856 858/858/858 857/857/857
f 857/857/857 858/858/858 859/859/859
v -11.75 127.9418 0.02271764
v -9.507813 126.3209 1.364307
v -10.32422 128.8029 1.360349
v -8.007813 125.9946 2.535419
v -8.757813 128.4144 3.20977
vn -0.5175781 -0.7597656 0.3925781
vn -0.9433594 -0.3222656 0.07617188
vn -0.2441406 -0.6699219 -0.7011719
vn -0.6015625 -0.796875 0.0625
vn -0.2460938 -0.859375 -0.4492188
vt 0.8007813 -0.4384766
vt 0.6845703 -0.53125
vt 0.6621094 -0.3945313
vt 0.5820313 -0.5566406
vt 0.5429688 -0.4160156
f 860/860/860 861/861/861 862/862/862
f 861/861/861 863/863/863 862/862/862
f 862/862/862 863/863/863 864/864/864
v -8.757813 128.4144 3.20977
v -9.917969 130.4446 2.595024
v -10.32422 128.8029 1.360349
v -11.46484 131.1832 1.357421
v -12.25781 130.0131 0.1673739
vn -0.2460938 -0.859375 -0.4492188
vn 0.5917969 0.02148438 -0.8066406
vn -0.2441406 -0.6699219 -0.7011719
vn 0.8398438 -0.5390625 -0.06054688
vn 0.3652344 -0.8476563 0.3847656
vt 0.5429688 -0.4160156
vt 0.5810547 -0.2705078
vt 0.6621094 -0.3945313
vt 0.6816406 -0.1796875
vt 0.8291016 -0.2734375
f 865/865/865 866/866/866 867/867/867
f 866/866/866 868/868/868 867/867/867
f 867/867/867 868/868/868 869/869/869
v 0 120.5227 4.330746
v -6.078125 122.9732 4.196917
v -3.515625 122.9956 0.2304681
v -8.007813 125.9946 2.535419
vn -0.9628906 0 -0.2695313
vn -0.734375 -0.6757813 0.06445313
vn -0.59375 -0.7441406 0.3046875
vn -0.6015625 -0.796875 0.0625
vt 0.6210938 -0.9794922
vt 0.7207031 -0.8095703
vt 0.7861328 -0.8974609
vt 0.8417969 -0.7724609
f 870/870/870 871/871/871 872/872/872
f 871/871/871 873/873/873 872/872/872
v -8.757813 128.4144 3.20977
v -8.605469 134.9013 7.665459
v -10.89453 135.7 1.680785
v -7.984375 138.9819 6.968086
vn -0.2460938 -0.859375 -0.4492188
vn -0.02929688 -0.8730469 -0.4863281
vn 0.08203125 -0.9394531 -0.3320313
vn 0.2714844 -0.9042969 -0.328125
vt -0.3076172 -0.008789063
vt -0.2070313 -0.1679688
vt -0.06542969 -0.0009765625
vt -0.0009765625 -0.1494141
f 874/874/874 875/875/875 876/876/876
f 875/875/875 877/877/877 876/876/876
v 8.871094 128.6286 0.3392126
v 9.585938 130.2345 1.596324
v 11.46484 131.1832 1.357421
v 12.25781 130.0131 0.1673739
v 8.871094 128.6286 0.3392126
v 8.007813 125.9946 2.535419
v 3.515625 122.9956 0.2304681
v 4.097656 124.5413 -1.765965
v 28.71367 107.165 30.31049
v 29.72838 107.3473 30.31856
v 29.72095 107.7736 31.04685
v 28.65354 107.572 31.04495
v 30.30311 106.0676 30.34662
v 31.44223 106.0511 30.361
v 31.43471 106.3577 31.17653
v 30.28625 106.359 31.17332
v 32.05813 105.4836 28.67457
v 33.17228 105.33 28.77131
v 33.07014 105.5562 29.66493
v 31.95452 105.6941 29.57562
v 33.8028 106.4261 26.66086
v 34.7653 106.2132 26.65117
v 34.65807 106.1639 27.44088
v 33.6985 106.3649 27.45038
v 33.8028 106.4261 26.66086
v 34.00873 108.9739 26.06616
v 35.19473 108.7272 25.74438
v 34.7653 106.2132 26.65117
v 8.007813 125.9946 2.535419
v 6.664063 126.006 9.445896
v 5.65625 123.7603 9.1126
v 6.078125 122.9732 4.196917
v 6.546875 127.9576 8.98526
v 6.664063 126.006 9.445896
v 8.007813 125.9946 2.535419
v 8.757813 128.4144 3.20977
v -11.46484 131.1832 1.357421
v -9.585938 130.2345 1.596324
v -8.871094 128.6286 0.3392126
v -12.25781 130.0131 0.1673739
v -3.515625 122.9956 0.2304681
v -8.007813 125.9946 2.535419
v -8.871094 128.6286 0.3392126
v -4.097656 124.5413 -1.765965
v -29.7212 107.7736 31.04685
v -29.72862 107.3473 30.31856
v -28.71392 107.165 30.31049
v -28.65768 107.5717 31.04503
v -31.43495 106.3577 31.17653
v -31.44247 106.0511 30.361
v -30.30335 106.0676 30.34662
v -30.28649 106.359 31.17332
v -33.07039 105.5562 29.66493
v -33.17252 105.33 28.77131
v -32.05838 105.4836 28.67457
v -31.95477 105.6941 29.57562
v -35.66232 110.6108 26.20718
v -35.19497 108.7272 25.74438
v -34.76587 106.2171 26.65126
v -34.66221 106.1636 27.44097
v -34.66221 106.1636 27.44097
v -34.76587 106.2171 26.65126
v -33.80304 106.4261 26.66086
v -33.69874 106.3649 27.45038
v -35.19497 108.7272 25.74438
v -34.00897 108.9739 26.06616
v -33.80304 106.4261 26.66086
v -34.76587 106.2171 26.65126
v -27.20996 106.133 27.07248
v -26.19036 105.7753 27.17375
v -26.51869 107.9494 23.34501
v -27.82877 108.2899 24.442
v -26.19036 105.7753 27.17375
v -26.57725 104.6848 26.67797
v -26.43474 106.2321 22.64468
v -26.51869 107.9494 23.34501
v -1.464844 128.03 10.57024
v -1.417969 126.1168 11.7433
v 0 127.1589 13.31275
v 0 128.9884 11.36735
v -1.417969 126.1168 11.7433
v -1.464844 128.03 10.57024
v -6.546875 127.9576 8.98526
v -6.664063 126.006 9.445896
v 0 137.3235 11.56436
v -6.0625 138.7212 10.2399
v -7.125 135.674 9.360168
v -1.617188 135.2932 11.49122
vn -0.2480469 -0.02734375 0.96875
vn 0.7519531 -0.5566406 0.3515625
vn 0.8398438 0.5390625 -0.06054688
vn 0.3652344 0.8476563 0.3847656
vn -0.2480469 -0.02734375 0.96875
vn -0.6015625 0.796875 0.0625
vn -0.59375 0.7441406 0.3046875
vn -0.734375 0.5410156 0.4101563
vn 0.07617188 -0.3847656 -0.9199219
vn 0.04882813 0.7382813 -0.671875
vn 0.8242188 0.5546875 0.1132813
vn 0.8515625 -0.5019531 -0.15625
vn -0.09375 -0.5136719 -0.8515625
vn -0.1035156 0.6328125 -0.7675781
vn 0.8164063 0.5605469 -0.1386719
vn 0.828125 -0.5136719 -0.2246094
vn -0.3125 -0.546875 -0.7773438
vn -0.2011719 0.5917969 -0.7792969
vn 0.8144531 0.4785156 -0.3300781
vn 0.7363281 -0.59375 -0.3242188
vn -0.5390625 -0.6015625 -0.5898438
vn -0.4785156 0.5605469 -0.6777344
vn 0.65625 0.484375 -0.5800781
vn 0.640625 -0.6035156 -0.4726563
vn -0.5390625 -0.6015625 -0.5898438
vn -0.3359375 -0.1816406 -0.9238281
vn -0.2890625 0.7890625 -0.5429688
vn -0.4785156 0.5605469 -0.6777344
vn -0.6015625 0.796875 0.0625
vn -0.09570313 0.7402344 -0.6640625
vn -0.5371094 0.6464844 -0.5429688
vn -0.734375 0.6757813 0.06445313
vn 0.05078125 0.6875 -0.7246094
vn -0.09570313 0.7402344 -0.6640625
vn -0.6015625 0.796875 0.0625
vn -0.2460938 0.859375 -0.4492188
vn 0.8398438 -0.5390625 -0.06054688
vn 0.7519531 0.5566406 0.3515625
vn -0.2480469 0.02734375 0.96875
vn 0.3652344 -0.8476563 0.3847656
vn -0.59375 -0.7441406 0.3046875
vn -0.6015625 -0.796875 0.0625
vn -0.2480469 0.02734375 0.96875
vn -0.734375 -0.5410156 0.4101563
vn 0.8242188 -0.5546875 0.1132813
vn 0.04882813 -0.7382813 -0.671875
vn 0.07617188 0.3847656 -0.9199219
vn 0.8515625 0.5019531 -0.15625
vn 0.8164063 -0.5605469 -0.1386719
vn -0.1035156 -0.6328125 -0.7675781
vn -0.09375 0.5136719 -0.8515625
vn 0.828125 0.5136719 -0.2246094
vn 0.8105469 -0.484375 -0.328125
vn -0.2421875 -0.59375 -0.7675781
vn -0.3554688 0.53125 -0.7695313
vn 0.7363281 0.59375 -0.3242188
vn 0.3652344 -0.7597656 0.5371094
vn -0.2890625 -0.7890625 -0.5429688
vn -0.4785156 -0.5605469 -0.6777344
vn 0.65625 -0.484375 -0.5800781
vn 0.65625 -0.484375 -0.5800781
vn -0.4785156 -0.5605469 -0.6777344
vn -0.5390625 0.6015625 -0.5898438
vn 0.640625 0.6035156 -0.4726563
vn -0.2890625 -0.7890625 -0.5429688
vn -0.3144531 0.1933594 -0.9296875
vn -0.5390625 0.6015625 -0.5898438
vn -0.4785156 -0.5605469 -0.6777344
vn 0.7929688 -0.5371094 0.2851563
vn 0.7402344 0.671875 -0.0078125
vn 0.02929688 0.9121094 0.40625
vn 0.8261719 0.5625 0.05078125
vn 0.7402344 0.671875 -0.0078125
vn 0.3867188 0.08398438 -0.9179688
vn -0.4335938 0.7480469 -0.5019531
vn 0.02929688 0.9121094 0.40625
vn 0.21875 -0.4472656 -0.8671875
vn -0.03125 -0.5019531 -0.8632813
vn 0.2128906 0 -0.9765625
vn 0.171875 0 -0.984375
vn -0.03125 -0.5019531 -0.8632813
vn 0.21875 -0.4472656 -0.8671875
vn 0.05078125 -0.6875 -0.7246094
vn -0.09570313 -0.7402344 -0.6640625
vn 0.1367188 -0.001953125 -0.9902344
vn -0.02734375 -0.40625 -0.9121094
vn -0.0078125 -0.6074219 -0.7949219
vn 0.01757813 -0.2519531 -0.9667969
vt 0.7724609 -0.5849609
vt 0.7871094 -0.5732422
vt 0.8017578 -0.5703125
vt 0.7958984 -0.578125
vt 0.75 -0.5712891
vt 0.7480469 -0.5830078
vt 0.7441406 -0.5986328
vt 0.7490234 -0.5869141
vt 0.7470703 -0.5820313
vt 0.7470703 -0.5996094
vt 0.7480469 -0.5966797
vt 0.7480469 -0.5859375
vt 0.7470703 -0.5820313
vt 0.7470703 -0.5996094
vt 0.7480469 -0.5957031
vt 0.7480469 -0.5849609
vt 0.7470703 -0.5820313
vt 0.7470703 -0.5996094
vt 0.7480469 -0.5966797
vt 0.7480469 -0.5859375
vt 0.7470703 -0.5820313
vt 0.7470703 -0.5996094
vt 0.7480469 -0.5957031
vt 0.7480469 -0.5849609
vt 0.5097656 -0.1015625
vt 0.5107422 -0.03125
vt 0.5273438 -0.02929688
vt 0.5224609 -0.09765625
vt 0.6337891 -0.7919922
vt 0.3037109 -0.8339844
vt 0.3144531 -0.9404297
vt 0.5253906 -0.9199219
vt 0.3955078 -0.6601563
vt 0.3076172 -0.8320313
vt 0.6337891 -0.7919922
vt 0.5214844 -0.6572266
vt 0.8017578 -0.5703125
vt 0.7871094 -0.5732422
vt 0.7724609 -0.5849609
vt 0.7958984 -0.578125
vt 0.7441406 -0.5986328
vt 0.7480469 -0.5830078
vt 0.75 -0.5712891
vt 0.7490234 -0.5869141
vt 0.7480469 -0.5966797
vt 0.7470703 -0.5996094
vt 0.7470703 -0.5820313
vt 0.7480469 -0.5859375
vt 0.7480469 -0.5957031
vt 0.7470703 -0.5996094
vt 0.7470703 -0.5820313
vt 0.7480469 -0.5849609
vt 0.7480469 -0.5966797
vt 0.7470703 -0.5996094
vt 0.7470703 -0.5820313
vt 0.7480469 -0.5859375
vt 0.5683594 -0.02246094
vt 0.5517578 -0.03027344
vt 0.5322266 -0.07714844
vt 0.5400391 -0.08691406
vt 0.7480469 -0.5957031
vt 0.7470703 -0.5996094
vt 0.7470703 -0.5820313
vt 0.7480469 -0.5849609
vt 0.546875 -0.02929688
vt 0.5478516 -0.03027344
vt 0.5322266 -0.07519531
vt 0.5302734 -0.07714844
vt 0.5224609 0.03710938
vt 0.5244141 0.03808594
vt 0.5195313 -0.02050781
vt 0.5195313 -0.01953125
vt 0.5185547 0.03613281
vt 0.5263672 0.03613281
vt 0.5273438 -0.01953125
vt 0.5136719 -0.02050781
vt 0.3349609 -0.03808594
vt 0.3349609 -0.04199219
vt 0.3330078 -0.0390625
vt 0.3330078 -0.03515625
vt 0.3349609 -0.04296875
vt 0.3349609 -0.03808594
vt 0.3408203 -0.03808594
vt 0.3408203 -0.04199219
vt 0.6416016 -0.02148438
vt 0.6621094 -0.01757813
vt 0.6660156 -0.02636719
vt 0.6464844 -0.02832031
f 878/878/878 879/879/879 880/880/880 881/881/881
f 882/882/882 883/883/883 884/884/884 885/885/885
f 886/886/886 887/887/887 888/888/888 889/889/889
f 890/890/890 891/891/891 892/892/892 893/893/893
f 894/894/894 895/895/895 896/896/896 897/897/897
f 898/898/898 899/899/899 900/900/900 901/901/901
f 902/902/902 903/903/903 904/904/904 905/905/905
f 906/906/906 907/907/907 908/908/908 909/909/909
f 910/910/910 911/911/911 912/912/912 913/913/913
f 914/914/914 915/915/915 916/916/916 917/917/917
f 918/918/918 919/919/919 920/920/920 921/921/921
f 922/922/922 923/923/923 924/924/924 925/925/925
f 926/926/926 927/927/927 928/928/928 929/929/929
f 930/930/930 931/931/931 932/932/932 933/933/933
f 934/934/934 935/935/935 936/936/936 937/937/937
f 938/938/938 939/939/939 940/940/940 941/941/941
f 942/942/942 943/943/943 944/944/944 945/945/945
f 946/946/946 947/947/947 948/948/948 949/949/949
f 950/950/950 951/951/951 952/952/952 953/953/953
f 954/954/954 955/955/955 956/956/956 957/957/957
f 958/958/958 959/959/959 960/960/960 961/961/961
f 962/962/962 963/963/963 964/964/964 965/965/965
v 8.871094 128.6286 0.3392126
v 12.25781 130.0131 0.1673739
v 11.75 127.9418 0.02271764
v 27.20971 106.133 27.07248
v 26.19011 105.7753 27.17375
v 26.577 104.6848 26.67797
v 1.617188 135.2932 11.49122
v 0 137.3235 11.56436
v 0 135.0775 11.79387
v 8.007813 125.9946 2.535419
v 9.507813 126.3209 1.364307
v 10.32422 128.8029 1.360349
v 28.17876 105.7155 22.66988
v 27.82852 108.2899 24.442
v 27.20971 106.133 27.07248
v 7.125 135.674 9.360168
v 8.605469 134.9013 7.665459
v 6.253906 138.7212 10.2399
v -27.20996 106.133 27.07248
v -26.57725 104.6848 26.67797
v -26.19036 105.7753 27.17375
v -1.617188 135.2932 11.49122
v 0 135.0775 11.79387
v 0 137.3235 11.56436
v -6.0625 138.7212 10.2399
v -7.984375 138.9819 6.968086
v -8.605469 134.9013 7.665459
v -10.32422 128.8029 1.360349
v -12.25781 130.0131 0.1673739
v -11.75 127.9418 0.02271764
v -8.605469 134.9013 7.665459
v -8.757813 128.4144 3.20977
v -6.546875 127.9576 8.98526
v -7.125 135.674 9.360168
v -6.0625 138.7212 10.2399
v -8.605469 134.9013 7.665459
v -6.0625 138.7212 10.2399
v -4.96875 141.2487 8.626945
v -7.984375 138.9819 6.968086
vn -0.2480469 -0.02734375 0.96875
vn 0.3652344 0.8476563 0.3847656
vn -0.5175781 0.7597656 0.3925781
vn 0.7929688 0.5371094 0.2851563
vn 0.7402344 -0.671875 -0.0078125
vn 0.3867188 -0.08398438 -0.9179688
vn 0.015625 0.25 -0.96875
vn 0.1367188 -0.001953125 -0.9902344
vn 0.03710938 0 -1
vn -0.6015625 0.796875 0.0625
vn -0.9433594 0.3222656 0.07617188
vn -0.2441406 0.6699219 -0.7011719
vn -0.15625 0.3164063 -0.9355469
vn 0.8261719 -0.5625 0.05078125
vn 0.7929688 0.5371094 0.2851563
vn -0.03515625 0.5996094 -0.7988281
vn -0.04101563 0.8730469 -0.4863281
vn -0.05078125 0.4101563 -0.9101563
vn 0.7929688 -0.5371094 0.2851563
vn 0.3867188 0.08398438 -0.9179688
vn 0.7402344 0.671875 -0.0078125
vn 0.01757813 -0.2519531 -0.9667969
vn 0.03710938 0 -1
vn 0.1367188 -0.001953125 -0.9902344
vn 0.2285156 -0.8339844 -0.5019531
vn 0.2285156 -0.8339844 -0.5019531
vn 0.2285156 -0.8339844 -0.5019531
vn -0.2441406 -0.6699219 -0.7011719
vn 0.3652344 -0.8476563 0.3847656
vn -0.5175781 -0.7597656 0.3925781
vn -0.02929688 -0.8730469 -0.4863281
vn -0.2460938 -0.859375 -0.4492188
vn 0.05078125 -0.6875 -0.7246094
vn -0.0078125 -0.6074219 -0.7949219
vn -0.02734375 -0.40625 -0.9121094
vn -0.02929688 -0.8730469 -0.4863281
vn 0.5917969 -0.6816406 -0.4296875
vn 0.5917969 -0.6816406 -0.4296875
vn 0.5917969 -0.6816406 -0.4296875
vt 0.7724609 -0.5849609
vt 0.7958984 -0.578125
vt 0.7617188 -0.5917969
vt 0.7470703 -0.5927734
vt 0.7490234 -0.5927734
vt 0.7490234 -0.5830078
vt 0.09667969 -0.3066406
vt 0.00390625 -0.1132813
vt 0.001953125 -0.3105469
vt 0.5820313 -0.5566406
vt 0.6845703 -0.53125
vt 0.6621094 -0.3945313
vt 0.4462891 -0.01660156
vt 0.4472656 -0.01660156
vt 0.4404297 -0.09179688
vt 0.4003906 -0.28125
vt 0.4580078 -0.296875
vt 0.2617188 -0.1025391
vt 0.7470703 -0.5927734
vt 0.7490234 -0.5830078
vt 0.7490234 -0.5927734
vt 0.6513672 -0.05566406
vt 0.6435547 -0.05664063
vt 0.6445313 -0.04101563
vt -0.1220703 -0.3037109
vt -0.0009765625 -0.1494141
vt -0.2070313 -0.1679688
vt 0.6621094 -0.3945313
vt 0.8291016 -0.2734375
vt 0.8007813 -0.4384766
vt 0.3476563 -0.03808594
vt 0.3642578 -0.04003906
vt 0.3427734 -0.04296875
vt 0.6816406 -0.05371094
vt 0.6738281 -0.03417969
vt 0.6914063 -0.05371094
vt -0.08398438 -0.2539063
vt -0.00390625 -0.3867188
vt -0.0009765625 -0.1494141
f 966/966/966 967/967/967 968/968/968
f 969/969/969 970/970/970 971/971/971
f 972/972/972 973/973/973 974/974/974
f 975/975/975 976/976/976 977/977/977
f 978/978/978 979/979/979 980/980/980
f 981/981/981 982/982/982 983/983/983
f 984/984/984 985/985/985 986/986/986
f 987/987/987 988/988/988 989/989/989
f 990/990/990 991/991/991 992/992/992
f 993/993/993 994/994/994 995/995/995
f 996/996/996 997/997/997 998/998/998
f 999/999/999 1000/1000/1000 1001/1001/1001
f 1002/1002/1002 1003/1003/1003 1004/1004/1004
g 07_Mard_5
usemtl Material__15
v 4.367188 98.93416 7.705824
v 3.714844 110.7868 7.066
v 0 98.93395 7.983182
v 0 110.0836 7.174868
v -4.367188 98.93416 7.705824
v -3.714844 110.7868 7.066
vn 0.0234375 0.08789063 -0.9960938
vn 0.5273438 -0.07421875 -0.8457031
vn 0.04296875 0 -1
vn 0.4257813 0 -0.9042969
vn 0.0234375 -0.08789063 -0.9960938
vn 0.5273438 0.07421875 -0.8457031
vt 0.4882813 -0.3955078
vt 0.4882813 -0.3789063
vt 0.4707031 -0.3955078
vt 0.4707031 -0.3798828
vt 0.4882813 -0.3955078
vt 0.4882813 -0.3789063
f 1005/1005/1005 1006/1006/1006 1007/1007/1007
f 1006/1006/1006 1008/1008/1008 1007/1007/1007
f 1007/1007/1007 1008/1008/1008 1009/1009/1009
f 1008/1008/1008 1010/1010/1010 1009/1009/1009
v 5.464844 75.48656 8.275789
v 4.925781 82.96344 7.554026
v 0 75.38028 8.235228
v 0 82.72431 8.694538
v -5.464844 75.48656 8.275789
v -4.925781 82.96344 7.554026
vn -0.1015625 0.2910156 -0.9511719
vn 0.09375 0.2597656 -0.9609375
vn -0.546875 0 -0.8378906
vn 0.05859375 0 -0.9980469
vn -0.1015625 -0.2910156 -0.9511719
vn 0.09375 -0.2597656 -0.9609375
vt 0.6113281 -0.359375
vt 0.6015625 -0.1914063
vt 0.5429688 -0.375
vt 0.5087891 -0.2050781
vt 0.6113281 -0.359375
vt 0.6015625 -0.1914063
f 1011/1011/1011 1012/1012/1012 1013/1013/1013
f 1012/1012/1012 1014/1014/1014 1013/1013/1013
f 1013/1013/1013 1014/1014/1014 1015/1015/1015
f 1014/1014/1014 1016/1016/1016 1015/1015/1015
v 0 82.53585 -6.064208
v 6.324219 82.53119 -5.032906
v 2.914063 72.6564 -6.194636
v 9.128906 73.3941 -5.566194
v 3.022926 71.41467 -6.177751
v 9.454071 72.13638 -5.558462
v 6.03363 43.27013 -5.024687
v 10.91749 43.62309 -4.627398
vn 0.04101563 0 0.9980469
vn 0.1816406 0.5390625 0.8222656
vn -0.2597656 -0.3476563 0.9003906
vn 0.1035156 0.5820313 0.8066406
vn -0.01953125 0.5214844 0.8535156
vn -0.1132813 -0.6425781 0.7578125
vn -0.078125 0.5410156 0.8378906
vn -0.1152344 -0.5683594 0.8144531
vt 0.4804688 -0.3808594
vt 0.4716797 -0.3808594
vt 0.4785156 -0.3876953
vt 0.4707031 -0.3876953
vt 0.4785156 -0.3876953
vt 0.4707031 -0.3876953
vt 0.4765625 -0.3964844
vt 0.4716797 -0.3964844
f 1017/1017/1017 1018/1018/1018 1019/1019/1019
f 1018/1018/1018 1020/1020/1020 1019/1019/1019
f 1019/1019/1019 1020/1020/1020 1021/1021/1021
f 1020/1020/1020 1022/1022/1022 1021/1021/1021
f 1021/1021/1021 1022/1022/1022 1023/1023/1023
f 1022/1022/1022 1024/1024/1024 1023/1023/1023
v 0 117.1397 -4.249717
v 0 122.5882 -3.322137
v 3.558594 116.6749 -1.401517
v 3.515625 122.9956 0.2304681
v 0 113.7863 2.638263
v 0 120.5227 4.330746
v -3.558594 116.6749 -1.401517
v -3.515625 122.9956 0.2304681
v 0 117.1397 -4.249717
v 0 122.5882 -3.322137
vn 0.140625 0 0.9902344
vn -0.1210938 0 0.9921875
vn 0.3007813 0.9414063 -0.1464844
vn -0.59375 0.7441406 0.3046875
vn 0.625 0 -0.78125
vn -0.9628906 0 -0.2695313
vn 0.3007813 -0.9414063 -0.1464844
vn -0.59375 -0.7441406 0.3046875
vn 0.140625 0 0.9902344
vn -0.1210938 0 0.9921875
vt 0.01171875 -0.02246094
vt -0.0009765625 -0.02246094
vt 0.01171875 -0.02246094
vt -0.0009765625 -0.02246094
vt 0.01171875 -0.0234375
vt -0.0009765625 -0.0234375
vt 0.01171875 -0.02246094
vt -0.0009765625 -0.02246094
vt 0.01171875 -0.02246094
vt -0.0009765625 -0.02246094
f 1025/1025/1025 1026/1026/1026 1027/1027/1027
f 1026/1026/1026 1028/1028/1028 1027/1027/1027
f 1027/1027/1027 1028/1028/1028 1029/1029/1029
f 1028/1028/1028 1030/1030/1030 1029/1029/1029
f 1029/1029/1029 1030/1030/1030 1031/1031/1031
f 1030/1030/1030 1032/1032/1032 1031/1031/1031
f 1031/1031/1031 1032/1032/1032 1033/1033/1033
f 1032/1032/1032 1034/1034/1034 1033/1033/1033
v 35.19473 108.7272 25.74438
v 34.00873 108.9739 26.06616
v 31.90398 107.4885 18.92981
v 31.70992 107.943 22.15635
v 28.17876 105.7155 22.66988
v 29.82181 107.4292 23.40636
vn -0.2890625 0.7890625 -0.5429688
vn -0.3359375 -0.1816406 -0.9238281
vn 0.6425781 -0.734375 -0.2207031
vn 0.203125 0.4179688 -0.8847656
vn -0.15625 0.3164063 -0.9355469
vn 0.5234375 0.359375 -0.7714844
vt 0.4667969 0.625
vt 0.4365234 0.6376953
vt 0.3671875 0.4443359
vt 0.3642578 0.5322266
vt 0.2353516 0.5234375
vt 0.3046875 0.5703125
f 1035/1035/1035 1036/1036/1036 1037/1037/1037
f 1036/1036/1036 1038/1038/1038 1037/1037/1037
f 1037/1037/1037 1038/1038/1038 1039/1039/1039
f 1038/1038/1038 1040/1040/1040 1039/1039/1039
v 31.70992 107.943 22.15635
v 31.90574 108.942 26.76299
v 29.82181 107.4292 23.40636
v 29.80346 109.0035 26.50448
v 27.82852 108.2899 24.442
v 28.25873 108.8603 26.32865
vn 0.203125 0.4179688 -0.8847656
vn -0.2050781 -0.0390625 -0.9785156
vn 0.5234375 0.359375 -0.7714844
vn 0.05273438 0.05664063 -0.9960938
vn 0.8261719 -0.5625 0.05078125
vn 0.078125 -0.6679688 -0.7402344
vt 0.3642578 0.5322266
vt 0.3818359 0.6611328
vt 0.3046875 0.5703125
vt 0.3251953 0.6650391
vt 0.2607422 0.6220703
vt 0.2851563 0.6699219
f 1041/1041/1041 1042/1042/1042 1043/1043/1043
f 1042/1042/1042 1044/1044/1044 1043/1043/1043
f 1043/1043/1043 1044/1044/1044 1045/1045/1045
f 1044/1044/1044 1046/1046/1046 1045/1045/1045
v 13.4004 114.5903 1.932106
v 11.99215 110.8321 4.486814
v 16.12812 114.1302 1.779994
v 12.76387 110.2422 4.377503
v 21.12777 112.7424 0.3059709
v 18.91814 109.9465 3.855755
vn 0 0.8046875 0.59375
vn 0.2382813 0.265625 0.9335938
vn 0.1855469 0.7910156 0.5839844
vn 0.2128906 0.09765625 0.9726563
vn 0.3964844 0.9101563 0.1210938
vn 0.09960938 0.3222656 0.9414063
vt 0.4775391 -0.3818359
vt 0.4736328 -0.3818359
vt 0.4765625 -0.3857422
vt 0.4736328 -0.3847656
vt 0.4794922 -0.3984375
vt 0.4736328 -0.3984375
f 1047/1047/1047 1048/1048/1048 1049/1049/1049
f 1048/1048/1048 1050/1050/1050 1049/1049/1049
f 1049/1049/1049 1050/1050/1050 1051/1051/1051
f 1050/1050/1050 1052/1052/1052 1051/1051/1051
v 32.90236 109.5798 -2.488649
v 18.84749 110.0344 -3.390023
v 29.22655 112.7557 0.8039212
v 21.12777 112.7424 0.3059709
v 27.48028 109.5788 3.86583
v 18.91814 109.9465 3.855755
v 30.02593 106.9486 0.3024251
v 17.73418 106.9443 2.055909
vn 0.4570313 0.00390625 -0.8886719
vn 0.02539063 -0.046875 -0.9980469
vn -0.05664063 0.9960938 0.06835938
vn -0.05273438 0.9980469 0.0234375
vn 0.009765625 -0.09765625 0.9941406
vn 0.1328125 -0.1132813 0.984375
vn 0.1347656 -0.9785156 -0.1621094
vn 0.1523438 -0.8847656 0.4394531
vt 0.4833984 -0.3935547
vt 0.4833984 -0.3847656
vt 0.4785156 -0.3916016
vt 0.4785156 -0.3847656
vt 0.4746094 -0.3916016
vt 0.4746094 -0.3847656
vt 0.46875 -0.3935547
vt 0.4716797 -0.3847656
f 1053/1053/1053 1054/1054/1054 1055/1055/1055
f 1054/1054/1054 1056/1056/1056 1055/1055/1055
f 1055/1055/1055 1056/1056/1056 1057/1057/1057
f 1056/1056/1056 1058/1058/1058 1057/1057/1057
f 1057/1057/1057 1058/1058/1058 1059/1059/1059
f 1058/1058/1058 1060/1060/1060 1059/1059/1059
v 31.32547 112.7297 0.7812732
v 29.22655 112.7557 0.8039212
v 28.08447 109.5795 3.872253
v 27.48028 109.5788 3.86583
v 31.43355 106.9019 1.736492
v 30.02593 106.9486 0.3024251
vn -0.1933594 0.9765625 -0.09570313
vn -0.05664063 0.9960938 0.06835938
vn 0.7167969 -0.171875 0.6738281
vn 0.009765625 -0.09765625 0.9941406
vn -0.05664063 -0.9765625 -0.2089844
vn 0.1347656 -0.9785156 -0.1621094
vt 0.4785156 -0.3945313
vt 0.4785156 -0.3916016
vt 0.4716797 -0.3945313
vt 0.4746094 -0.3916016
vt 0.4697266 -0.3945313
vt 0.46875 -0.3935547
f 1061/1061/1061 1062/1062/1062 1063/1063/1063
f 1062/1062/1062 1064/1064/1064 1063/1063/1063
f 1063/1063/1063 1064/1064/1064 1065/1065/1065
f 1064/1064/1064 1066/1066/1066 1065/1065/1065
v 10.875 106.5091 -3.375184
v 17.73439 106.9454 -1.446039
v 10.19922 107.0426 4.223271
v 17.73418 106.9443 2.055909
v 12.76387 110.2422 4.377503
v 18.91814 109.9465 3.855755
vn -0.6113281 0.4824219 0.6269531
vn 0.234375 -0.8652344 -0.4414063
vn -0.3925781 0.53125 -0.75
vn 0.1738281 -0.8457031 0.5058594
vn 0.2128906 0.09765625 0.9726563
vn 0.09960938 0.3222656 0.9414063
vt 0.4648438 -0.3818359
vt 0.4648438 -0.3974609
vt 0.4697266 -0.3818359
vt 0.46875 -0.3974609
vt 0.4736328 -0.3847656
vt 0.4726563 -0.3994141
f 1067/1067/1067 1068/1068/1068 1069/1069/1069
f 1068/1068/1068 1070/1070/1070 1069/1069/1069
f 1069/1069/1069 1070/1070/1070 1071/1071/1071
f 1070/1070/1070 1072/1072/1072 1071/1071/1071
v 11.61993 109.8645 -5.123064
v 13.47744 114.6831 -3.333772
v 13.49097 109.732 -4.575999
v 16.31722 114.1424 -2.595206
v 18.84749 110.0344 -3.390023
v 21.12777 112.7424 0.3059709
vn 0.2929688 -0.0859375 -0.953125
vn 0.1972656 0.7070313 -0.6796875
vn 0.2773438 -0.09375 -0.9570313
vn 0.2441406 0.7871094 -0.5664063
vn 0.3417969 0.09570313 -0.9355469
vn 0.3964844 0.9101563 0.1210938
vt 0.4833984 -0.3818359
vt 0.4804688 -0.3818359
vt 0.4833984 -0.3837891
vt 0.4794922 -0.3857422
vt 0.4833984 -0.3955078
vt 0.4794922 -0.3984375
f 1073/1073/1073 1074/1074/1074 1075/1075/1075
f 1074/1074/1074 1076/1076/1076 1075/1075/1075
f 1075/1075/1075 1076/1076/1076 1077/1077/1077
f 1076/1076/1076 1078/1078/1078 1077/1077/1077
v 3.714844 110.7868 7.066
v 4.804688 114.7752 1.857692
v 0 110.0836 7.174868
v 0 113.7863 2.638263
v -3.714844 110.7868 7.066
v -4.804688 114.7752 1.857692
vn 0.5273438 -0.07421875 -0.8457031
vn 0.8203125 -0.08789063 -0.5644531
vn 0.4257813 0 -0.9042969
vn 0.625 0 -0.78125
vn 0.5273438 0.07421875 -0.8457031
vn 0.8203125 0.08789063 -0.5644531
vt 0.4873047 -0.3945313
vt 0.4873047 -0.3798828
vt 0.4667969 -0.3955078
vt 0.4667969 -0.3837891
vt 0.4873047 -0.3945313
vt 0.4873047 -0.3798828
f 1079/1079/1079 1080/1080/1080 1081/1081/1081
f 1080/1080/1080 1082/1082/1082 1081/1081/1081
f 1081/1081/1081 1082/1082/1082 1083/1083/1083
f 1082/1082/1082 1084/1084/1084 1083/1083/1083
v 15.18836 13.7654 -7.858768
v 6.794761 13.70582 -7.910894
v 11.10768 42.38231 -4.71888
v 6.034213 42.07024 -5.109396
v 10.91749 43.62309 -4.627398
v 6.03363 43.27013 -5.024687
vn 0.1679688 -0.5488281 0.8183594
vn 0.1933594 0.546875 0.8144531
vn 0 -0.5722656 0.8203125
vn 0.03515625 0.5546875 0.8320313
vn -0.1152344 -0.5683594 0.8144531
vn -0.078125 0.5410156 0.8378906
vt 0.4716797 -0.3994141
vt 0.4736328 -0.3984375
vt 0.4726563 -0.3886719
vt 0.4736328 -0.3886719
vt 0.4726563 -0.3886719
vt 0.4736328 -0.3886719
f 1085/1085/1085 1086/1086/1086 1087/1087/1087
f 1086/1086/1086 1088/1088/1088 1087/1087/1087
f 1087/1087/1087 1088/1088/1088 1089/1089/1089
f 1088/1088/1088 1090/1090/1090 1089/1089/1089
v 5.660156 116.5424 -5.489071
v 11.61993 109.8645 -5.123064
v 0 116.8012 -6.852237
v 0 110.0793 -8.349409
v -5.658805 116.5437 -5.490814
v -11.62109 109.866 -5.126736
vn 0.2226563 0.5195313 0.8261719
vn 0.2929688 -0.0859375 -0.953125
vn -0.1054688 0 0.9941406
vn -0.01953125 0 0.9980469
vn 0.46875 -0.3144531 -0.8261719
vn -0.1386719 -0.2714844 0.953125
vt 0.4833984 -0.3896484
vt 0.4746094 -0.3994141
vt 0.4931641 -0.3896484
vt 0.4931641 -0.3994141
vt 0.4833984 -0.3896484
vt 0.4746094 -0.3994141
f 1091/1091/1091 1092/1092/1092 1093/1093/1093
f 1092/1092/1092 1094/1094/1094 1093/1093/1093
f 1093/1093/1093 1094/1094/1094 1095/1095/1095
f 1094/1094/1094 1096/1096/1096 1095/1095/1095
v -6.324219 82.53119 -5.032906
v 0 82.53585 -6.064208
v -9.128906 73.3941 -5.566194
v -2.914063 72.6564 -6.194636
v -9.454071 72.13638 -5.558462
v -3.022926 71.41467 -6.177751
v -10.91749 43.62309 -4.627398
v -6.03363 43.27013 -5.024687
vn 0.1816406 -0.5390625 0.8222656
vn 0.04101563 0 0.9980469
vn 0.1035156 -0.5820313 0.8066406
vn -0.2597656 0.3476563 0.9003906
vn -0.1132813 0.6425781 0.7578125
vn -0.01953125 -0.5214844 0.8535156
vn -0.1152344 0.5683594 0.8144531
vn -0.078125 -0.5410156 0.8378906
vt 0.4716797 -0.3808594
vt 0.4804688 -0.3808594
vt 0.4707031 -0.3876953
vt 0.4785156 -0.3876953
vt 0.4707031 -0.3876953
vt 0.4785156 -0.3876953
vt 0.4716797 -0.3964844
vt 0.4765625 -0.3964844
f 1097/1097/1097 1098/1098/1098 1099/1099/1099
f 1098/1098/1098 1100/1100/1100 1099/1099/1099
f 1099/1099/1099 1100/1100/1100 1101/1101/1101
f 1100/1100/1100 1102/1102/1102 1101/1101/1101
f 1101/1101/1101 1102/1102/1102 1103/1103/1103
f 1102/1102/1102 1104/1104/1104 1103/1103/1103
v -34.00897 108.9739 26.06616
v -35.19497 108.7272 25.74438
v -31.71016 107.943 22.15635
v -31.90423 107.4885 18.92981
v -29.82205 107.4292 23.40636
v -28.179 105.7155 22.66988
vn -0.3144531 0.1933594 -0.9296875
vn -0.2890625 -0.7890625 -0.5429688
vn 0.203125 -0.4179688 -0.8847656
vn -0.1621094 0.9609375 -0.2246094
vn 0.5234375 -0.359375 -0.7714844
vn -0.15625 -0.3164063 -0.9355469
vt 0.4365234 0.6376953
vt 0.4667969 0.625
vt 0.3642578 0.5322266
vt 0.3671875 0.4443359
vt 0.3046875 0.5703125
vt 0.2353516 0.5234375
f 1105/1105/1105 1106/1106/1106 1107/1107/1107
f 1106/1106/1106 1108/1108/1108 1107/1107/1107
f 1107/1107/1107 1108/1108/1108 1109/1109/1109
f 1108/1108/1108 1110/1110/1110 1109/1109/1109
v -31.90598 108.942 26.76299
v -31.71016 107.943 22.15635
v -29.80371 109.0035 26.50448
v -29.82205 107.4292 23.40636
v -28.25897 108.8603 26.32865
v -27.82877 108.2899 24.442
vn -0.1953125 0.01953125 -0.9804688
vn 0.203125 -0.4179688 -0.8847656
vn 0.05273438 -0.05664063 -0.9960938
vn 0.5234375 -0.359375 -0.7714844
vn 0.078125 0.6679688 -0.7402344
vn 0.8261719 0.5625 0.05078125
vt 0.3818359 0.6611328
vt 0.3642578 0.5322266
vt 0.3251953 0.6650391
vt 0.3046875 0.5703125
vt 0.2851563 0.6699219
vt 0.2607422 0.6220703
f 1111/1111/1111 1112/1112/1112 1113/1113/1113
f 1112/1112/1112 1114/1114/1114 1113/1113/1113
f 1113/1113/1113 1114/1114/1114 1115/1115/1115
f 1114/1114/1114 1116/1116/1116 1115/1115/1115
v -11.99239 110.8321 4.486814
v -13.40065 114.5903 1.932106
v -12.76412 110.2422 4.377503
v -16.12837 114.1302 1.779994
v -18.91838 109.9465 3.855755
v -21.12802 112.7424 0.3059709
vn 0.2382813 -0.265625 0.9335938
vn 0 -0.8046875 0.59375
vn 0.2128906 -0.09765625 0.9726563
vn 0.1855469 -0.7910156 0.5839844
vn 0.09960938 -0.3222656 0.9414063
vn 0.3964844 -0.9101563 0.1210938
vt 0.4736328 -0.3818359
vt 0.4775391 -0.3818359
vt 0.4736328 -0.3847656
vt 0.4765625 -0.3857422
vt 0.4736328 -0.3984375
vt 0.4794922 -0.3984375
f 1117/1117/1117 1118/1118/1118 1119/1119/1119
f 1118/1118/1118 1120/1120/1120 1119/1119/1119
f 1119/1119/1119 1120/1120/1120 1121/1121/1121
f 1120/1120/1120 1122/1122/1122 1121/1121/1121
v -18.84774 110.0344 -3.390023
v -32.9026 109.5798 -2.488649
v -21.12802 112.7424 0.3059709
v -29.22679 112.7557 0.8039212
v -18.91838 109.9465 3.855755
v -27.48053 109.5788 3.86583
v -17.73442 106.9443 2.055909
v -30.02618 106.9486 0.3024251
vn 0.02539063 0.046875 -0.9980469
vn 0.4570313 -0.00390625 -0.8886719
vn -0.05273438 -0.9980469 0.0234375
vn -0.05664063 -0.9960938 0.06835938
vn 0.1328125 0.1132813 0.984375
vn 0.009765625 0.09765625 0.9941406
vn 0.1523438 0.8847656 0.4394531
vn 0.1347656 0.9785156 -0.1621094
vt 0.4833984 -0.3847656
vt 0.4833984 -0.3935547
vt 0.4785156 -0.3847656
vt 0.4785156 -0.3916016
vt 0.4746094 -0.3847656
vt 0.4746094 -0.3916016
vt 0.4716797 -0.3847656
vt 0.46875 -0.3935547
f 1123/1123/1123 1124/1124/1124 1125/1125/1125
f 1124/1124/1124 1126/1126/1126 1125/1125/1125
f 1125/1125/1125 1126/1126/1126 1127/1127/1127
f 1126/1126/1126 1128/1128/1128 1127/1127/1127
f 1127/1127/1127 1128/1128/1128 1129/1129/1129
f 1128/1128/1128 1130/1130/1130 1129/1129/1129
v -29.22679 112.7557 0.8039212
v -31.32359 112.7299 0.7826291
v -27.48053 109.5788 3.86583
v -28.08471 109.5795 3.872253
v -30.02618 106.9486 0.3024251
v -31.4338 106.9019 1.736492
vn -0.05664063 -0.9960938 0.06835938
vn 0.09960938 -0.9785156 -0.1757813
vn 0.009765625 0.09765625 0.9941406
vn 0.7460938 0.1601563 0.6464844
vn 0.1347656 0.9785156 -0.1621094
vn -0.04101563 0.9746094 -0.2167969
vt 0.4785156 -0.3916016
vt 0.4785156 -0.3945313
vt 0.4746094 -0.3916016
vt 0.4716797 -0.3945313
vt 0.46875 -0.3935547
vt 0.4697266 -0.3945313
f 1131/1131/1131 1132/1132/1132 1133/1133/1133
f 1132/1132/1132 1134/1134/1134 1133/1133/1133
f 1133/1133/1133 1134/1134/1134 1135/1135/1135
f 1134/1134/1134 1136/1136/1136 1135/1135/1135
v -17.73463 106.9454 -1.446039
v -10.875 106.5091 -3.375184
v -17.73442 106.9443 2.055909
v -10.20067 107.0425 4.224943
v -18.91838 109.9465 3.855755
v -12.76412 110.2422 4.377503
vn 0.234375 0.8652344 -0.4414063
vn -0.6113281 -0.4824219 0.6269531
vn 0.1738281 0.8457031 0.5058594
vn 0.59375 0.2890625 0.75
vn 0.09960938 -0.3222656 0.9414063
vn 0.2128906 -0.09765625 0.9726563
vt 0.4648438 -0.3974609
vt 0.4648438 -0.3818359
vt 0.46875 -0.3974609
vt 0.4697266 -0.3818359
vt 0.4726563 -0.3994141
vt 0.4736328 -0.3847656
f 1137/1137/1137 1138/1138/1138 1139/1139/1139
f 1138/1138/1138 1140/1140/1140 1139/1139/1139
f 1139/1139/1139 1140/1140/1140 1141/1141/1141
f 1140/1140/1140 1142/1142/1142 1141/1141/1141
v -13.47768 114.6831 -3.333772
v -11.62109 109.866 -5.126736
v -16.31746 114.1424 -2.595206
v -13.49121 109.732 -4.575999
v -21.12802 112.7424 0.3059709
v -18.84774 110.0344 -3.390023
vn 0.1972656 -0.7070313 -0.6796875
vn -0.1386719 -0.2714844 0.953125
vn 0.2441406 -0.7871094 -0.5664063
vn 0.2773438 0.09375 -0.9570313
vn 0.3964844 -0.9101563 0.1210938
vn 0.3417969 -0.09570313 -0.9355469
vt 0.4804688 -0.3818359
vt 0.4833984 -0.3818359
vt 0.4794922 -0.3857422
vt 0.4833984 -0.3837891
vt 0.4794922 -0.3984375
vt 0.4833984 -0.3955078
f 1143/1143/1143 1144/1144/1144 1145/1145/1145
f 1144/1144/1144 1146/1146/1146 1145/1145/1145
f 1145/1145/1145 1146/1146/1146 1147/1147/1147
f 1146/1146/1146 1148/1148/1148 1147/1147/1147
v -6.794761 13.70582 -7.910894
v -15.18836 13.7654 -7.858768
v -6.034213 42.07024 -5.109396
v -11.10768 42.38231 -4.71888
v -6.03363 43.27013 -5.024687
v -10.91749 43.62309 -4.627398
vn 0.1933594 -0.546875 0.8144531
vn 0.1679688 0.5488281 0.8183594
vn 0.03515625 -0.5546875 0.8320313
vn 0 0.5722656 0.8203125
vn -0.078125 -0.5410156 0.8378906
vn -0.1152344 0.5683594 0.8144531
vt 0.4736328 -0.3984375
vt 0.4716797 -0.3994141
vt 0.4736328 -0.3886719
vt 0.4726563 -0.3886719
vt 0.4736328 -0.3886719
vt 0.4726563 -0.3886719
f 1149/1149/1149 1150/1150/1150 1151/1151/1151
f 1150/1150/1150 1152/1152/1152 1151/1151/1151
f 1151/1151/1151 1152/1152/1152 1153/1153/1153
f 1152/1152/1152 1154/1154/1154 1153/1153/1153
v 8.453808 46.83689 7.430297
v 3.887501 42.82371 1.120971
v 8.808538 43.30003 7.124599
v 9.163009 39.76881 6.819672
vn 0.1367188 0.01953125 -0.9902344
vn 0.05664063 0.9804688 -0.1855469
vn -0.05664063 0.01953125 -0.9980469
vn -0.1113281 0.01367188 -0.9941406
vt 0.46875 -0.3867188
vt 0.4677734 -0.3886719
vt 0.46875 -0.3886719
vt 0.46875 -0.3896484
f 1155/1155/1155 1156/1156/1156 1157/1157/1157
f 1156/1156/1156 1158/1158/1158 1157/1157/1157
v 2.914063 72.6564 -6.194636
v 0 73.01688 1.016013
v 0 74.29032 -5.727857
v -2.914063 72.6564 -6.194636
v 0 82.53585 -6.064208
vn -0.2597656 -0.3476563 0.9003906
vn -0.8339844 0 -0.5527344
vn -0.6074219 0 0.7949219
vn -0.2597656 0.3476563 0.9003906
vn 0.04101563 0 0.9980469
vt 0.4785156 -0.3876953
vt 0.4833984 -0.3867188
vt 0.4824219 -0.3857422
vt 0.4785156 -0.3876953
vt 0.4804688 -0.3808594
f 1159/1159/1159 1160/1160/1160 1161/1161/1161
f 1160/1160/1160 1162/1162/1162 1161/1161/1161
f 1161/1161/1161 1162/1162/1162 1163/1163/1163
v 22.45984 21.86571 -10.6483
v 5.968394 67.83187 -9.383142
v 5.956828 68.37823 -10.34318
v 0.005055428 17.80436 -14.48705
vn 0.1425781 0.7089844 0.6914063
vn 0.9394531 -0.3378906 -0.06640625
vn 0.921875 -0.3339844 -0.2011719
vn 0.9160156 -0.3984375 0.009765625
vt 0.46875 -0.390625
vt 0.46875 -0.3916016
vt 0.4707031 -0.3916016
vt 0.46875 -0.3935547
f 1164/1164/1164 1165/1165/1165 1166/1166/1166
f 1165/1165/1165 1167/1167/1167 1166/1166/1166
v 35.66208 110.6108 26.20718
v 35.19473 108.7272 25.74438
v 34.36127 109.7495 18.90856
v 31.90398 107.4885 18.92981
vn 0.3652344 0.7597656 0.5371094
vn -0.2890625 0.7890625 -0.5429688
vn 0.7910156 0.05664063 -0.6113281
vn 0.6425781 -0.734375 -0.2207031
vt 0.4755859 -0.390625
vt 0.4755859 -0.3964844
vt 0.4746094 -0.3867188
vt 0.4755859 -0.3867188
f 1168/1168/1168 1169/1169/1169 1170/1170/1170
f 1169/1169/1169 1171/1171/1171 1170/1170/1170
v 13.47744 114.6831 -3.333772
v 13.61856 115.3721 -0.6969139
v 16.31722 114.1424 -2.595206
v 16.12812 114.1302 1.779994
v 21.12777 112.7424 0.3059709
vn 0.1972656 0.7070313 -0.6796875
vn 0.03710938 0.9980469 0.04492188
vn 0.2441406 0.7871094 -0.5664063
vn 0.1855469 0.7910156 0.5839844
vn 0.3964844 0.9101563 0.1210938
vt 0.4804688 -0.3818359
vt 0.4785156 -0.3818359
vt 0.4794922 -0.3857422
vt 0.4765625 -0.3857422
vt 0.4794922 -0.3984375
f 1172/1172/1172 1173/1173/1173 1174/1174/1174
f 1173/1173/1173 1175/1175/1175 1174/1174/1174
f 1174/1174/1174 1175/1175/1175 1176/1176/1176
v 0 122.31 -9.091466
v 10.26172 122.3268 0.5821609
v 5.660156 116.5424 -5.489071
v 6.546875 114.8373 2.392922
vn 0.6933594 0 0.7207031
vn 0.7441406 0.6582031 -0.1132813
vn 0.2226563 0.5195313 0.8261719
vn 0.2734375 0.8984375 -0.3417969
vt 0.4677734 -0.3847656
vt 0.4873047 -0.3808594
vt 0.4736328 -0.4003906
vt 0.4833984 -0.4003906
f 1177/1177/1177 1178/1178/1178 1179/1179/1179
f 1178/1178/1178 1180/1180/1180 1179/1179/1179
v 8.386719 98.16237 0.03687825
v 6.386719 98.29411 -3.838235
v 10.875 106.5091 -3.375184
v 0 110.0793 -8.349409
v 11.61993 109.8645 -5.123064
vn -0.234375 0.9726563 -0.01367188
vn -0.265625 0.5527344 0.7910156
vn -0.6113281 0.4824219 0.6269531
vn -0.01953125 0 0.9980469
vn 0.2929688 -0.0859375 -0.953125
vt 0.2880859 -0.7353516
vt 0.3876953 -0.7382813
vt 0.3134766 -0.5351563
vt 0.4736328 -0.4863281
vt 0.3603516 -0.4658203
f 1181/1181/1181 1182/1182/1182 1183/1183/1183
f 1182/1182/1182 1184/1184/1184 1183/1183/1183
f 1183/1183/1183 1184/1184/1184 1185/1185/1185
v 3.714844 110.7868 7.066
v 6.546875 114.8373 2.392922
v 11.85938 121.915 7.492588
v 10.26172 122.3268 0.5821609
v 4.804688 114.7752 1.857692
v 3.558594 116.6749 -1.401517
vn 0.2578125 0.2441406 -0.9355469
vn 0.2734375 0.8984375 -0.3417969
vn 0.5742188 0.5429688 -0.6113281
vn 0.7441406 0.6582031 -0.1132813
vn 0.5703125 -0.7363281 -0.3632813
vn 0.5507813 -0.5839844 -0.5957031
vt 0.4501953 -0.5498047
vt 0.2724609 -0.4980469
vt 0.4960938 -0.2460938
vt 0.3476563 -0.2685547
vt 0.2724609 -0.4980469
vt 0.1376953 -0.4980469
f 1186/1186/1186 1187/1187/1187 1188/1188/1188
f 1187/1187/1187 1189/1189/1189 1188/1188/1188
f 1188/1188/1188 1189/1189/1189 1190/1190/1190
f 1189/1189/1189 1191/1191/1191 1190/1190/1190
v 5.660156 116.5424 -5.489071
v 0 116.8012 -6.852237
v 0 122.31 -9.091466
v -5.658805 116.5437 -5.490814
vn 0.2226563 0.5195313 0.8261719
vn -0.1054688 0 0.9941406
vn 0.6933594 0 0.7207031
vn 0.46875 -0.3144531 -0.8261719
vt 0.4824219 -0.4052734
vt 0.4707031 -0.4052734
vt 0.4707031 -0.3769531
vt 0.4824219 -0.4052734
f 1192/1192/1192 1193/1193/1193 1194/1194/1194
f 1193/1193/1193 1195/1195/1195 1194/1194/1194
v 10.26172 122.3268 0.5821609
v 0 122.31 -9.091466
v 3.558594 116.6749 -1.401517
v 0 117.1397 -4.249717
vn 0.7441406 0.6582031 -0.1132813
vn 0.6933594 0 0.7207031
vn 0.5507813 -0.5839844 -0.5957031
vn 0.703125 0 -0.7109375
vt 0.3476563 -0.2685547
vt 0.008789063 -0.3095703
vt 0.1376953 -0.4980469
vt 0.008789063 -0.4970703
f 1196/1196/1196 1197/1197/1197 1198/1198/1198
f 1197/1197/1197 1199/1199/1199 1198/1198/1198
v 34.82383 109.5941 -0.1576271
v 32.90236 109.5798 -2.488649
v 31.32547 112.7297 0.7812732
v 29.22655 112.7557 0.8039212
vn -0.3613281 0.03125 -0.9316406
vn 0.4570313 0.00390625 -0.8886719
vn -0.1933594 0.9765625 -0.09570313
vn -0.05664063 0.9960938 0.06835938
vt 0.4833984 -0.3945313
vt 0.4833984 -0.3935547
vt 0.4785156 -0.3945313
vt 0.4785156 -0.3916016
f 1200/1200/1200 1201/1201/1201 1202/1202/1202
f 1201/1201/1201 1203/1203/1203 1202/1202/1202
v 26.51845 107.9494 23.34501
v 27.82852 108.2899 24.442
v 27.99506 109.7851 21.52066
v 28.16408 111.0413 24.15889
vn 0.02929688 -0.9121094 0.40625
vn 0.8261719 -0.5625 0.05078125
vn -0.2929688 -0.8574219 0.4238281
vn 0.05664063 -0.7089844 0.703125
vt 0.46875 -0.390625
vt 0.46875 -0.3925781
vt 0.4697266 -0.390625
vt 0.4697266 -0.3925781
f 1204/1204/1204 1205/1205/1205 1206/1206/1206
f 1205/1205/1205 1207/1207/1207 1206/1206/1206
v 10.875 106.5091 -3.375184
v 10.19922 107.0426 4.223271
v 8.386719 98.16237 0.03687825
v 4.367188 98.93416 7.705824
v 4.578125 91.15176 7.028722
vn -0.6113281 0.4824219 0.6269531
vn -0.3925781 0.53125 -0.75
vn -0.234375 0.9726563 -0.01367188
vn -0.125 0.796875 -0.5917969
vn 0.06640625 0.5957031 -0.8007813
vt 0.3134766 -0.5400391
vt 0.1689453 -0.5371094
vt 0.2880859 -0.7363281
vt 0.04980469 -0.7402344
vt 0.109375 -0.8847656
f 1208/1208/1208 1209/1209/1209 1210/1210/1210
f 1209/1209/1209 1211/1211/1211 1210/1210/1210
f 1210/1210/1210 1211/1211/1211 1212/1212/1212
v 4.578125 91.15176 7.028722
v 7.914063 91.72736 -0.1704649
v 8.386719 98.16237 0.03687825
v 6.386719 98.29411 -3.838235
vn 0.06640625 0.5957031 -0.8007813
vn 0.09375 0.9628906 0.25
vn -0.234375 0.9726563 -0.01367188
vn -0.265625 0.5527344 0.7910156
vt 0.109375 -0.8847656
vt 0.2753906 -0.8681641
vt 0.2880859 -0.7363281
vt 0.3876953 -0.7382813
f 1213/1213/1213 1214/1214/1214 1215/1215/1215
f 1214/1214/1214 1216/1216/1216 1215/1215/1215
v 11.61993 109.8645 -5.123064
v 5.660156 116.5424 -5.489071
v 13.47744 114.6831 -3.333772
v 13.61856 115.3721 -0.6969139
vn 0.2929688 -0.0859375 -0.953125
vn 0.2226563 0.5195313 0.8261719
vn 0.1972656 0.7070313 -0.6796875
vn 0.03710938 0.9980469 0.04492188
vt 0.4746094 -0.3994141
vt 0.4833984 -0.3896484
vt 0.4746094 -0.3916016
vt 0.4746094 -0.3857422
f 1217/1217/1217 1218/1218/1218 1219/1219/1219
f 1218/1218/1218 1220/1220/1220 1219/1219/1219
v 13.4004 114.5903 1.932106
v 13.61856 115.3721 -0.6969139
v 6.546875 114.8373 2.392922
v 5.660156 116.5424 -5.489071
vn 0 0.8046875 0.59375
vn 0.03710938 0.9980469 0.04492188
vn 0.2734375 0.8984375 -0.3417969
vn 0.2226563 0.5195313 0.8261719
vt 0.4746094 -0.3808594
vt 0.4746094 -0.3857422
vt 0.4833984 -0.3798828
vt 0.4833984 -0.3896484
f 1221/1221/1221 1222/1222/1222 1223/1223/1223
f 1222/1222/1222 1224/1224/1224 1223/1223/1223
v 9.454071 72.13638 -5.558462
v 9.128906 73.3941 -5.566194
v 10.92578 75.60223 0.6828508
v 10.73047 77.03371 0.6341448
v 5.464844 75.48656 8.275789
v 7.472656 83.18671 6.729926
v 4.925781 82.96344 7.554026
vn -0.1132813 -0.6425781 0.7578125
vn 0.1035156 0.5820313 0.8066406
vn 0.1347656 0.9804688 -0.1464844
vn 0.1835938 0.9824219 -0.046875
vn -0.1015625 0.2910156 -0.9511719
vn 0.140625 0.7089844 -0.6894531
vn 0.09375 0.2597656 -0.9609375
vt 0.9648438 -0.4580078
vt 0.9667969 -0.4296875
vt 0.7880859 -0.3837891
vt 0.7890625 -0.3554688
vt 0.6230469 -0.3652344
vt 0.7021484 -0.2099609
vt 0.6279297 -0.2060547
f 1225/1225/1225 1226/1226/1226 1227/1227/1227
f 1226/1226/1226 1228/1228/1228 1227/1227/1227
f 1227/1227/1227 1228/1228/1228 1229/1229/1229
f 1228/1228/1228 1230/1230/1230 1229/1229/1229
f 1229/1229/1229 1230/1230/1230 1231/1231/1231
v 3.022926 71.41467 -6.177751
v 0.109375 71.73378 1.02658
v 2.914063 72.6564 -6.194636
v 0 73.01688 1.016013
vn -0.01953125 0.5214844 0.8535156
vn -0.09375 -0.984375 -0.1523438
vn -0.2597656 -0.3476563 0.9003906
vn -0.8339844 0 -0.5527344
vt 0.46875 -0.390625
vt 0.4853516 -0.3886719
vt 0.46875 -0.3837891
vt 0.4853516 -0.3818359
f 1232/1232/1232 1233/1233/1233 1234/1234/1234
f 1233/1233/1233 1235/1235/1235 1234/1234/1234
v 32.90236 109.5798 -2.488649
v 34.82383 109.5941 -0.1576271
v 30.02593 106.9486 0.3024251
v 31.43355 106.9019 1.736492
vn 0.4570313 0.00390625 -0.8886719
vn -0.3613281 0.03125 -0.9316406
vn 0.1347656 -0.9785156 -0.1621094
vn -0.05664063 -0.9765625 -0.2089844
vt 0.4667969 -0.3935547
vt 0.4667969 -0.3945313
vt 0.46875 -0.3935547
vt 0.4697266 -0.3945313
f 1236/1236/1236 1237/1237/1237 1238/1238/1238
f 1237/1237/1237 1239/1239/1239 1238/1238/1238
v 9.163009 39.76881 6.819672
v 13.81436 43.72561 1.593809
v 8.808538 43.30003 7.124599
v 8.453808 46.83689 7.430297
vn -0.1113281 0.01367188 -0.9941406
vn -0.0234375 -0.984375 -0.171875
vn -0.05664063 0.01953125 -0.9980469
vn 0.1367188 0.01953125 -0.9902344
vt 0.46875 -0.4033203
vt 0.4794922 -0.3916016
vt 0.46875 -0.390625
vt 0.46875 -0.3789063
f 1240/1240/1240 1241/1241/1241 1242/1242/1242
f 1241/1241/1241 1243/1243/1243 1242/1242/1242
v 5.631847 74.10986 8.304129
v 5.464844 75.48656 8.275789
v 0.109375 71.73378 1.02658
v 0 73.01688 1.016013
vn 0.08007813 -0.02539063 -0.9960938
vn -0.1015625 0.2910156 -0.9511719
vn -0.09375 -0.984375 -0.1523438
vn -0.8339844 0 -0.5527344
vt 0.5439453 -0.3935547
vt 0.5439453 -0.3632813
vt 0.5087891 -0.4111328
vt 0.5087891 -0.3935547
f 1244/1244/1244 1245/1245/1245 1246/1246/1246
f 1245/1245/1245 1247/1247/1247 1246/1246/1246
v 5.464844 75.48656 8.275789
v 0 75.38028 8.235228
v 0 73.01688 1.016013
v -5.464844 75.48656 8.275789
v -0.109375 71.73378 1.02658
v -5.631847 74.10986 8.304129
vn -0.1015625 0.2910156 -0.9511719
vn -0.546875 0 -0.8378906
vn -0.8339844 0 -0.5527344
vn -0.1015625 -0.2910156 -0.9511719
vn -0.09375 0.984375 -0.1523438
vn 0.08007813 0.02539063 -0.9960938
vt 0.5439453 -0.3632813
vt 0.5429688 -0.375
vt 0.5087891 -0.3935547
vt 0.5439453 -0.3632813
vt 0.5087891 -0.4111328
vt 0.5439453 -0.3935547
f 1248/1248/1248 1249/1249/1249 1250/1250/1250
f 1249/1249/1249 1251/1251/1251 1250/1250/1250
f 1250/1250/1250 1251/1251/1251 1252/1252/1252
f 1251/1251/1251 1253/1253/1253 1252/1252/1252
v 7.914063 91.72736 -0.1704649
v 0 92.0546 -4.287636
v 6.386719 98.29411 -3.838235
v 0 98.11165 -5.408764
v 0 110.0793 -8.349409
v -6.386719 98.29411 -3.838235
v -10.875 106.5091 -3.375184
v -8.386719 98.16237 0.03687825
vn 0.09375 0.9628906 0.25
vn 0.03515625 0 0.9980469
vn -0.265625 0.5527344 0.7910156
vn -0.2109375 0 0.9765625
vn -0.01953125 0 0.9980469
vn -0.265625 -0.5527344 0.7910156
vn -0.6113281 -0.4824219 0.6269531
vn -0.234375 -0.9726563 -0.01367188
vt 0.2753906 -0.8681641
vt 0.3789063 -0.8828125
vt 0.3876953 -0.7382813
vt 0.4746094 -0.7548828
vt 0.4736328 -0.4863281
vt 0.3876953 -0.7382813
vt 0.3134766 -0.5351563
vt 0.2880859 -0.7353516
f 1254/1254/1254 1255/1255/1255 1256/1256/1256
f 1255/1255/1255 1257/1257/1257 1256/1256/1256
f 1256/1256/1256 1257/1257/1257 1258/1258/1258
f 1257/1257/1257 1259/1259/1259 1258/1258/1258
f 1258/1258/1258 1259/1259/1259 1260/1260/1260
f 1259/1259/1259 1261/1261/1261 1260/1260/1260
v -8.453808 46.83689 7.430297
v -8.808538 43.30003 7.124599
v -3.887501 42.82371 1.120971
v -9.163009 39.76881 6.819672
vn 0.1367188 -0.01953125 -0.9902344
vn -0.05664063 -0.01953125 -0.9980469
vn 0.05664063 -0.9804688 -0.1855469
vn -0.1113281 -0.01367188 -0.9941406
vt 0.46875 -0.3867188
vt 0.46875 -0.3886719
vt 0.4677734 -0.3886719
vt 0.46875 -0.3896484
f 1262/1262/1262 1263/1263/1263 1264/1264/1264
f 1263/1263/1263 1265/1265/1265 1264/1264/1264
v -22.45984 21.86544 -10.64808
v -5.954501 68.37569 -10.34219
v -5.966412 67.83293 -9.381525
v 0.005055428 17.80436 -14.48705
vn 0.1425781 0.7089844 -0.6914063
vn 0.9179688 -0.3339844 0.21875
vn 0.9375 -0.3378906 0.0859375
vn 0.9160156 -0.3984375 0.009765625
vt 0.46875 -0.390625
vt 0.4707031 -0.3916016
vt 0.46875 -0.3916016
vt 0.46875 -0.3935547
f 1266/1266/1266 1267/1267/1267 1268/1268/1268
f 1267/1267/1267 1269/1269/1269 1268/1268/1268
v -35.66232 110.6108 26.20718
v -34.36152 109.7495 18.90856
v -35.19497 108.7272 25.74438
v -31.90423 107.4885 18.92981
vn 0.3652344 -0.7597656 0.5371094
vn -0.140625 -0.1113281 -0.984375
vn -0.2890625 -0.7890625 -0.5429688
vn -0.1621094 0.9609375 -0.2246094
vt 0.4755859 -0.390625
vt 0.4746094 -0.3867188
vt 0.4755859 -0.3964844
vt 0.4755859 -0.3867188
f 1270/1270/1270 1271/1271/1271 1272/1272/1272
f 1271/1271/1271 1273/1273/1273 1272/1272/1272
v -13.47768 114.6831 -3.333772
v -16.31746 114.1424 -2.595206
v -13.61719 115.3748 -0.6966958
v -16.12837 114.1302 1.779994
v -13.40065 114.5903 1.932106
vn 0.1972656 -0.7070313 -0.6796875
vn 0.2441406 -0.7871094 -0.5664063
vn 0.9746094 -0.2207031 -0.04492188
vn 0.1855469 -0.7910156 0.5839844
vn 0 -0.8046875 0.59375
vt 0.4804688 -0.3818359
vt 0.4794922 -0.3857422
vt 0.4785156 -0.3818359
vt 0.4765625 -0.3857422
vt 0.4775391 -0.3818359
f 1274/1274/1274 1275/1275/1275 1276/1276/1276
f 1275/1275/1275 1277/1277/1277 1276/1276/1276
f 1276/1276/1276 1277/1277/1277 1278/1278/1278
v 0 122.31 -9.091466
v -5.658805 116.5437 -5.490814
v -10.26172 122.3268 0.5821609
v -6.546875 114.8373 2.392922
vn 0.6933594 0 0.7207031
vn 0.46875 -0.3144531 -0.8261719
vn 0.7441406 -0.6582031 -0.1132813
vn 0.2734375 -0.8984375 -0.3417969
vt 0.4677734 -0.3847656
vt 0.4736328 -0.4003906
vt 0.4873047 -0.3808594
vt 0.4833984 -0.4003906
f 1279/1279/1279 1280/1280/1280 1281/1281/1281
f 1280/1280/1280 1282/1282/1282 1281/1281/1281
v 0 117.1397 -4.249717
v 0 122.31 -9.091466
v -3.558594 116.6749 -1.401517
v -10.26172 122.3268 0.5821609
v -4.804688 114.7752 1.857692
v -11.85938 121.915 7.492588
v -3.714844 110.7868 7.066
v -6.546875 114.8373 2.392922
vn 0.703125 0 -0.7109375
vn 0.6933594 0 0.7207031
vn 0.5507813 0.5839844 -0.5957031
vn 0.7441406 -0.6582031 -0.1132813
vn 0.5703125 0.7363281 -0.3632813
vn 0.5742188 -0.5429688 -0.6113281
vn 0.2578125 -0.2441406 -0.9355469
vn 0.2734375 -0.8984375 -0.3417969
vt 0.008789063 -0.4970703
vt 0.008789063 -0.3095703
vt 0.1376953 -0.4980469
vt 0.3476563 -0.2685547
vt 0.2724609 -0.4980469
vt 0.4960938 -0.2460938
vt 0.4501953 -0.5498047
vt 0.2724609 -0.4980469
f 1283/1283/1283 1284/1284/1284 1285/1285/1285
f 1284/1284/1284 1286/1286/1286 1285/1285/1285
f 1285/1285/1285 1286/1286/1286 1287/1287/1287
f 1286/1286/1286 1288/1288/1288 1287/1287/1287
f 1287/1287/1287 1288/1288/1288 1289/1289/1289
f 1288/1288/1288 1290/1290/1290 1289/1289/1289
v -34.82561 109.5939 -0.1593634
v -31.32359 112.7299 0.7826291
v -32.9026 109.5798 -2.488649
v -29.22679 112.7557 0.8039212
vn 0.9277344 -0.03320313 -0.3691406
vn 0.09960938 -0.9785156 -0.1757813
vn 0.4570313 -0.00390625 -0.8886719
vn -0.05664063 -0.9960938 0.06835938
vt 0.4833984 -0.3945313
vt 0.4785156 -0.3945313
vt 0.4833984 -0.3935547
vt 0.4785156 -0.3916016
f 1291/1291/1291 1292/1292/1292 1293/1293/1293
f 1292/1292/1292 1294/1294/1294 1293/1293/1293
v -26.51869 107.9494 23.34501
v -27.9953 109.7851 21.52066
v -27.82877 108.2899 24.442
v -28.16432 111.0413 24.15889
vn 0.02929688 0.9121094 0.40625
vn -0.2929688 0.8574219 0.4238281
vn 0.8261719 0.5625 0.05078125
vn 0.05664063 0.7089844 0.703125
vt 0.46875 -0.390625
vt 0.4697266 -0.390625
vt 0.46875 -0.3925781
vt 0.4697266 -0.3925781
f 1295/1295/1295 1296/1296/1296 1297/1297/1297
f 1296/1296/1296 1298/1298/1298 1297/1297/1297
v -10.875 106.5091 -3.375184
v -8.386719 98.16237 0.03687825
v -10.20067 107.0425 4.224943
v -4.367188 98.93416 7.705824
v -3.714844 110.7868 7.066
vn -0.6113281 -0.4824219 0.6269531
vn -0.234375 -0.9726563 -0.01367188
vn 0.59375 0.2890625 0.75
vn -0.125 -0.796875 -0.5917969
vn 0.2578125 -0.2441406 -0.9355469
vt 0.3154297 -0.5400391
vt 0.2900391 -0.7363281
vt 0.1708984 -0.5371094
vt 0.04980469 -0.7402344
vt 0.004882813 -0.4716797
f 1299/1299/1299 1300/1300/1300 1301/1301/1301
f 1300/1300/1300 1302/1302/1302 1301/1301/1301
f 1301/1301/1301 1302/1302/1302 1303/1303/1303
v 0 98.11165 -5.408764
v 0 92.0546 -4.287636
v -6.386719 98.29411 -3.838235
v -7.914063 91.72736 -0.1704649
v -8.386719 98.16237 0.03687825
v -4.578125 91.15176 7.028722
v -4.367188 98.93416 7.705824
vn -0.2109375 0 0.9765625
vn 0.03515625 0 0.9980469
vn -0.265625 -0.5527344 0.7910156
vn 0.09375 -0.9628906 0.25
vn -0.234375 -0.9726563 -0.01367188
vn 0.06640625 -0.5957031 -0.8007813
vn -0.125 -0.796875 -0.5917969
vt 0.4746094 -0.7548828
vt 0.3789063 -0.8828125
vt 0.3876953 -0.7382813
vt 0.2753906 -0.8681641
vt 0.2900391 -0.7363281
vt 0.109375 -0.8847656
vt 0.04980469 -0.7402344
f 1304/1304/1304 1305/1305/1305 1306/1306/1306
f 1305/1305/1305 1307/1307/1307 1306/1306/1306
f 1306/1306/1306 1307/1307/1307 1308/1308/1308
f 1307/1307/1307 1309/1309/1309 1308/1308/1308
f 1308/1308/1308 1309/1309/1309 1310/1310/1310
v -11.62109 109.866 -5.126736
v -13.47768 114.6831 -3.333772
v -5.658805 116.5437 -5.490814
v -13.61719 115.3748 -0.6966958
v -6.546875 114.8373 2.392922
v -13.40065 114.5903 1.932106
vn -0.1386719 -0.2714844 0.953125
vn 0.1972656 -0.7070313 -0.6796875
vn 0.46875 -0.3144531 -0.8261719
vn 0.9746094 -0.2207031 -0.04492188
vn 0.2734375 -0.8984375 -0.3417969
vn 0 -0.8046875 0.59375
vt 0.4746094 -0.3994141
vt 0.4746094 -0.3916016
vt 0.4833984 -0.3896484
vt 0.4746094 -0.3857422
vt 0.4833984 -0.3798828
vt 0.4746094 -0.3808594
f 1311/1311/1311 1312/1312/1312 1313/1313/1313
f 1312/1312/1312 1314/1314/1314 1313/1313/1313
f 1313/1313/1313 1314/1314/1314 1315/1315/1315
f 1314/1314/1314 1316/1316/1316 1315/1315/1315
v -9.454071 72.13638 -5.558462
v -10.92474 75.60471 0.6826759
v -9.128906 73.3941 -5.566194
v -10.73047 77.03371 0.6341448
vn -0.1132813 0.6425781 0.7578125
vn -0.06445313 0.984375 -0.1621094
vn 0.1035156 -0.5820313 0.8066406
vn 0.1835938 -0.9824219 -0.046875
vt 0.9648438 -0.4580078
vt 0.7880859 -0.3837891
vt 0.9667969 -0.4296875
vt 0.7890625 -0.3554688
f 1317/1317/1317 1318/1318/1318 1319/1319/1319
f 1318/1318/1318 1320/1320/1320 1319/1319/1319
v -5.631847 74.10986 8.304129
v -5.464844 75.48656 8.275789
v -10.92474 75.60471 0.6826759
v -10.73047 77.03371 0.6341448
vn 0.08007813 0.02539063 -0.9960938
vn -0.1015625 -0.2910156 -0.9511719
vn -0.06445313 0.984375 -0.1621094
vn 0.1835938 -0.9824219 -0.046875
vt 0.6220703 -0.3955078
vt 0.6230469 -0.3652344
vt 0.7880859 -0.3837891
vt 0.7890625 -0.3554688
f 1321/1321/1321 1322/1322/1322 1323/1323/1323
f 1322/1322/1322 1324/1324/1324 1323/1323/1323
v -3.022926 71.41467 -6.177751
v -2.914063 72.6564 -6.194636
v -0.109375 71.73378 1.02658
v 0 73.01688 1.016013
vn -0.01953125 -0.5214844 0.8535156
vn -0.2597656 0.3476563 0.9003906
vn -0.09375 0.984375 -0.1523438
vn -0.8339844 0 -0.5527344
vt 0.46875 -0.390625
vt 0.46875 -0.3837891
vt 0.4853516 -0.3886719
vt 0.4853516 -0.3818359
f 1325/1325/1325 1326/1326/1326 1327/1327/1327
f 1326/1326/1326 1328/1328/1328 1327/1327/1327
v -32.9026 109.5798 -2.488649
v -30.02618 106.9486 0.3024251
v -34.82561 109.5939 -0.1593634
v -31.4338 106.9019 1.736492
vn 0.4570313 -0.00390625 -0.8886719
vn 0.1347656 0.9785156 -0.1621094
vn 0.9277344 -0.03320313 -0.3691406
vn -0.04101563 0.9746094 -0.2167969
vt 0.4667969 -0.3935547
vt 0.46875 -0.3935547
vt 0.4667969 -0.3945313
vt 0.4697266 -0.3945313
f 1329/1329/1329 1330/1330/1330 1331/1331/1331
f 1330/1330/1330 1332/1332/1332 1331/1331/1331
v -9.163009 39.76881 6.819672
v -8.808538 43.30003 7.124599
v -13.81436 43.72561 1.593809
v -8.453808 46.83689 7.430297
vn -0.1113281 -0.01367188 -0.9941406
vn -0.05664063 -0.01953125 -0.9980469
vn -0.0234375 0.984375 -0.171875
vn 0.1367188 -0.01953125 -0.9902344
vt 0.46875 -0.4033203
vt 0.46875 -0.390625
vt 0.4794922 -0.3916016
vt 0.46875 -0.3789063
f 1333/1333/1333 1334/1334/1334 1335/1335/1335
f 1334/1334/1334 1336/1336/1336 1335/1335/1335
v -4.925781 82.96344 7.554026
v -7.472656 83.18671 6.729926
v -5.464844 75.48656 8.275789
v -10.73047 77.03371 0.6341448
vn 0.09375 -0.2597656 -0.9609375
vn 0.140625 -0.7089844 -0.6894531
vn -0.1015625 -0.2910156 -0.9511719
vn 0.1835938 -0.9824219 -0.046875
vt 0.6279297 -0.2060547
vt 0.7021484 -0.2099609
vt 0.6230469 -0.3652344
vt 0.7890625 -0.3554688
f 1337/1337/1337 1338/1338/1338 1339/1339/1339
f 1338/1338/1338 1340/1340/1340 1339/1339/1339
v 3.887501 42.82371 1.120971
v 6.034213 42.07024 -5.109396
v 6.794761 13.70582 -7.910894
v 4.737374 8.027011 -0.9928454
v 7.090438 4.973545 -0.7601575
v 4.737374 8.027011 -0.9928454
v 6.750699 9.232656 -6.193351
v 11.1539 3.122385 -6.854982
v 11.1539 3.122385 -6.854982
v 15.74411 9.260186 -6.165565
v 18.40303 8.417014 -0.3672832
v 15.89255 5.531498 -0.1462914
v 8.453808 46.83689 7.430297
v 5.631847 74.10986 8.304129
v 0.109375 71.73378 1.02658
v 3.887501 42.82371 1.120971
v 8.886719 83.1132 0.3974991
v 10.73047 77.03371 0.6341448
v 9.128906 73.3941 -5.566194
v 6.324219 82.53119 -5.032906
v 27.82852 108.2899 24.442
v 28.25873 108.8603 26.32865
v 28.04594 110.679 26.2662
v 28.16408 111.0413 24.15889
v 6.546875 114.8373 2.392922
v 3.714844 110.7868 7.066
v 11.99215 110.8321 4.486814
v 13.4004 114.5903 1.932106
v 18.84749 110.0344 -3.390023
v 32.90236 109.5798 -2.488649
v 30.02593 106.9486 0.3024251
v 17.73439 106.9454 -1.446039
v 31.86407 106.9061 18.77597
v 28.63204 109.7585 18.77746
v 28.08447 109.5795 3.872253
v 31.43355 106.9019 1.736492
v 31.86562 112.7783 18.77758
v 31.90574 111.7571 18.91006
v 34.36127 109.7495 18.90856
v 35.15025 109.7569 18.77812
v 31.86407 106.9061 18.77597
v 31.90398 107.4885 18.92981
v 29.3949 109.6065 18.92993
v 28.63204 109.7585 18.77746
v 6.794761 13.70582 -7.910894
v 15.18836 13.7654 -7.858768
v 15.74411 9.260186 -6.165565
v 6.750699 9.232656 -6.193351
v 28.63204 109.7585 18.77746
v 29.3949 109.6065 18.92993
v 31.90574 111.7571 18.91006
v 31.86562 112.7783 18.77758
v 35.15025 109.7569 18.77812
v 34.36127 109.7495 18.90856
v 31.90398 107.4885 18.92981
v 31.86407 106.9061 18.77597
v 26.4345 106.2321 22.64468
v 29.3949 109.6065 18.92993
v 31.90398 107.4885 18.92981
v 28.17876 105.7155 22.66988
v 4.578125 91.15176 7.028722
v 4.367188 98.93416 7.705824
v 0 98.93395 7.983182
v 0 91.151 8.071747
v 28.08447 109.5795 3.872253
v 28.63204 109.7585 18.77746
v 31.86562 112.7783 18.77758
v 31.32547 112.7297 0.7812732
v 13.49097 109.732 -4.575999
v 18.84749 110.0344 -3.390023
v 17.73439 106.9454 -1.446039
v 10.875 106.5091 -3.375184
v 35.15025 109.7569 18.77812
v 34.82383 109.5941 -0.1576271
v 31.32547 112.7297 0.7812732
v 31.86562 112.7783 18.77758
v 10.92578 75.60223 0.6828508
v 13.81436 43.72561 1.593809
v 10.91749 43.62309 -4.627398
v 9.454071 72.13638 -5.558462
v 0.109375 71.73378 1.02658
v 3.022926 71.41467 -6.177751
v 6.03363 43.27013 -5.024687
v 3.887501 42.82371 1.120971
v 15.18836 13.7654 -7.858768
v 11.10768 42.38231 -4.71888
v 13.81436 43.72561 1.593809
v 18.40303 8.417014 -0.3672832
v 10.92578 75.60223 0.6828508
v 5.631847 74.10986 8.304129
v 8.453808 46.83689 7.430297
v 13.81436 43.72561 1.593809
v 35.15025 109.7569 18.77812
v 31.86407 106.9061 18.77597
v 31.43355 106.9019 1.736492
v 34.82383 109.5941 -0.1576271
v -6.794761 13.70582 -7.910894
v -6.034213 42.07024 -5.109396
v -3.887501 42.82371 1.120971
v -4.737374 8.027011 -0.9928454
v -6.749897 9.229962 -6.191038
v -4.737374 8.027011 -0.9928454
v -7.090438 4.973545 -0.7601575
v -11.1539 3.122385 -6.854982
v -18.40303 8.417014 -0.3672832
v -15.74353 9.263193 -6.167013
v -11.1539 3.122385 -6.854982
v -15.89255 5.531498 -0.1462914
v -0.109375 71.73378 1.02658
v -5.631847 74.10986 8.304129
v -8.453808 46.83689 7.430297
v -3.887501 42.82371 1.120971
v -9.128906 73.3941 -5.566194
v -10.73047 77.03371 0.6341448
v -8.886719 83.1132 0.3974991
v -6.324219 82.53119 -5.032906
v -28.04628 110.6791 26.2623
v -28.25897 108.8603 26.32865
v -27.82877 108.2899 24.442
v -28.16432 111.0413 24.15889
v -11.99239 110.8321 4.486814
v -3.714844 110.7868 7.066
v -6.546875 114.8373 2.392922
v -13.40065 114.5903 1.932106
v -30.02618 106.9486 0.3024251
v -32.9026 109.5798 -2.488649
v -18.84774 110.0344 -3.390023
v -17.73463 106.9454 -1.446039
v -28.08471 109.5795 3.872253
v -29.39514 109.6065 18.92993
v -31.90423 107.4885 18.92981
v -31.4338 106.9019 1.736492
v -15.74353 9.263193 -6.167013
v -15.18836 13.7654 -7.858768
v -6.794761 13.70582 -7.910894
v -6.749897 9.229962 -6.191038
v -31.90423 107.4885 18.92981
v -29.39514 109.6065 18.92993
v -26.43474 106.2321 22.64468
v -28.179 105.7155 22.66988
v 0 98.93395 7.983182
v -4.367188 98.93416 7.705824
v -4.578125 91.15176 7.028722
v 0 91.151 8.071747
v -31.90598 111.7571 18.91006
v -29.39514 109.6065 18.92993
v -28.08471 109.5795 3.872253
v -31.32359 112.7299 0.7826291
v -17.73463 106.9454 -1.446039
v -18.84774 110.0344 -3.390023
v -13.49121 109.732 -4.575999
v -10.875 106.5091 -3.375184
v -31.32359 112.7299 0.7826291
v -34.82561 109.5939 -0.1593634
v -34.36152 109.7495 18.90856
v -31.90598 111.7571 18.91006
v -10.91749 43.62309 -4.627398
v -13.81436 43.72561 1.593809
v -10.92474 75.60471 0.6826759
v -9.454071 72.13638 -5.558462
v -6.03363 43.27013 -5.024687
v -3.022926 71.41467 -6.177751
v -0.109375 71.73378 1.02658
v -3.887501 42.82371 1.120971
v -13.81436 43.72561 1.593809
v -11.10768 42.38231 -4.71888
v -15.18836 13.7654 -7.858768
v -18.40303 8.417014 -0.3672832
v -8.453808 46.83689 7.430297
v -5.631847 74.10986 8.304129
v -10.92474 75.60471 0.6826759
v -13.81436 43.72561 1.593809
v -31.4338 106.9019 1.736492
v -31.90423 107.4885 18.92981
v -34.36152 109.7495 18.90856
v -34.82561 109.5939 -0.1593634
vn 0.05664063 0.9804688 -0.1855469
vn 0.03515625 0.5546875 0.8320313
vn 0.1933594 0.546875 0.8144531
vn 0.2714844 0.9433594 -0.1953125
vn 0.46875 0.8828125 0.0546875
vn 0.2714844 0.9433594 -0.1953125
vn 0.375 0.6171875 0.6914063
vn 0.390625 0.01171875 0.9199219
vn 0.390625 0.01171875 0.9199219
vn 0.4199219 -0.6015625 0.6796875
vn 0.3203125 -0.9257813 -0.2011719
vn 0.4199219 -0.9003906 0.1054688
vn 0.1367188 0.01953125 -0.9902344
vn 0.08007813 -0.02539063 -0.9960938
vn -0.09375 -0.984375 -0.1523438
vn 0.05664063 0.9804688 -0.1855469
vn 0.2832031 0.9511719 0.125
vn 0.1835938 0.9824219 -0.046875
vn 0.1035156 0.5820313 0.8066406
vn 0.1816406 0.5390625 0.8222656
vn 0.8261719 -0.5625 0.05078125
vn 0.078125 -0.6679688 -0.7402344
vn 0.2167969 -0.8144531 0.5390625
vn 0.05664063 -0.7089844 0.703125
vn 0.2734375 0.8984375 -0.3417969
vn 0.2578125 0.2441406 -0.9355469
vn 0.2382813 0.265625 0.9335938
vn 0 0.8046875 0.59375
vn 0.02539063 -0.046875 -0.9980469
vn 0.4570313 0.00390625 -0.8886719
vn 0.1347656 -0.9785156 -0.1621094
vn 0.0859375 -0.8886719 -0.4511719
vn 0.5058594 -0.859375 -0.07421875
vn 0.5332031 -0.08398438 0.8417969
vn 0.7167969 -0.171875 0.6738281
vn -0.05664063 -0.9765625 -0.2089844
vn 0.5527344 0.8300781 0.06054688
vn 0.7792969 0.6269531 0.01757813
vn 0.7910156 0.05664063 -0.6113281
vn 0.5195313 0.05859375 -0.8535156
vn 0.5058594 -0.859375 -0.07421875
vn 0.6425781 -0.734375 -0.2207031
vn 0.5800781 -0.02148438 0.8144531
vn 0.5332031 -0.08398438 0.8417969
vn 0.1933594 0.546875 0.8144531
vn 0.1679688 -0.5488281 0.8183594
vn 0.4199219 -0.6015625 0.6796875
vn 0.375 0.6171875 0.6914063
vn 0.5332031 -0.08398438 0.8417969
vn 0.5800781 -0.02148438 0.8144531
vn 0.7792969 0.6269531 0.01757813
vn 0.5527344 0.8300781 0.06054688
vn 0.5195313 0.05859375 -0.8535156
vn 0.7910156 0.05664063 -0.6113281
vn 0.6425781 -0.734375 -0.2207031
vn 0.5058594 -0.859375 -0.07421875
vn -0.4335938 -0.7480469 -0.5019531
vn 0.5800781 -0.02148438 0.8144531
vn 0.6425781 -0.734375 -0.2207031
vn -0.15625 0.3164063 -0.9355469
vn 0.06640625 0.5957031 -0.8007813
vn 0.0234375 0.08789063 -0.9960938
vn 0.04296875 0 -1
vn 0.01171875 0 -1
vn 0.7167969 -0.171875 0.6738281
vn 0.5332031 -0.08398438 0.8417969
vn 0.5527344 0.8300781 0.06054688
vn -0.1933594 0.9765625 -0.09570313
vn 0.2773438 -0.09375 -0.9570313
vn 0.3417969 0.09570313 -0.9355469
vn 0.234375 -0.8652344 -0.4414063
vn -0.6113281 0.4824219 0.6269531
vn 0.5195313 0.05859375 -0.8535156
vn -0.3613281 0.03125 -0.9316406
vn -0.1933594 0.9765625 -0.09570313
vn 0.5527344 0.8300781 0.06054688
vn 0.1347656 0.9804688 -0.1464844
vn -0.0234375 -0.984375 -0.171875
vn -0.1152344 -0.5683594 0.8144531
vn -0.1132813 -0.6425781 0.7578125
vn -0.09375 -0.984375 -0.1523438
vn -0.01953125 0.5214844 0.8535156
vn -0.078125 0.5410156 0.8378906
vn 0.05664063 0.9804688 -0.1855469
vn 0.1679688 -0.5488281 0.8183594
vn 0 -0.5722656 0.8203125
vn -0.0234375 -0.984375 -0.171875
vn 0.3203125 -0.9257813 -0.2011719
vn 0.1347656 0.9804688 -0.1464844
vn 0.08007813 -0.02539063 -0.9960938
vn 0.1367188 0.01953125 -0.9902344
vn -0.0234375 -0.984375 -0.171875
vn 0.5195313 0.05859375 -0.8535156
vn 0.5058594 -0.859375 -0.07421875
vn -0.05664063 -0.9765625 -0.2089844
vn -0.3613281 0.03125 -0.9316406
vn 0.1933594 -0.546875 0.8144531
vn 0.03515625 -0.5546875 0.8320313
vn 0.05664063 -0.9804688 -0.1855469
vn 0.2714844 -0.9433594 -0.1953125
vn 0.2890625 -0.6054688 0.7421875
vn 0.2714844 -0.9433594 -0.1953125
vn 0.46875 -0.8828125 0.0546875
vn 0.390625 -0.01171875 0.9199219
vn 0.3203125 0.9257813 -0.2011719
vn 0.2792969 0.6152344 0.7363281
vn 0.390625 -0.01171875 0.9199219
vn 0.4199219 0.9003906 0.1054688
vn -0.09375 0.984375 -0.1523438
vn 0.08007813 0.02539063 -0.9960938
vn 0.1367188 -0.01953125 -0.9902344
vn 0.05664063 -0.9804688 -0.1855469
vn 0.1035156 -0.5820313 0.8066406
vn 0.1835938 -0.9824219 -0.046875
vn 0.2832031 -0.9511719 0.125
vn 0.1816406 -0.5390625 0.8222656
vn 0.2167969 0.8144531 0.5390625
vn 0.078125 0.6679688 -0.7402344
vn 0.8261719 0.5625 0.05078125
vn 0.05664063 0.7089844 0.703125
vn 0.2382813 -0.265625 0.9335938
vn 0.2578125 -0.2441406 -0.9355469
vn 0.2734375 -0.8984375 -0.3417969
vn 0 -0.8046875 0.59375
vn 0.1347656 0.9785156 -0.1621094
vn 0.4570313 -0.00390625 -0.8886719
vn 0.02539063 0.046875 -0.9980469
vn 0.0859375 0.8886719 -0.4511719
vn 0.7460938 0.1601563 0.6464844
vn -0.4023438 -0.04296875 0.9140625
vn -0.1621094 0.9609375 -0.2246094
vn -0.04101563 0.9746094 -0.2167969
vn 0.2792969 0.6152344 0.7363281
vn 0.1679688 0.5488281 0.8183594
vn 0.1933594 -0.546875 0.8144531
vn 0.2890625 -0.6054688 0.7421875
vn -0.1621094 0.9609375 -0.2246094
vn -0.4023438 -0.04296875 0.9140625
vn -0.4335938 0.7480469 -0.5019531
vn -0.15625 -0.3164063 -0.9355469
vn 0.04296875 0 -1
vn 0.0234375 -0.08789063 -0.9960938
vn 0.06640625 -0.5957031 -0.8007813
vn 0.01171875 0 -1
vn -0.06445313 -0.9960938 0.0625
vn -0.4023438 -0.04296875 0.9140625
vn 0.7460938 0.1601563 0.6464844
vn 0.09960938 -0.9785156 -0.1757813
vn 0.234375 0.8652344 -0.4414063
vn 0.3417969 -0.09570313 -0.9355469
vn 0.2773438 0.09375 -0.9570313
vn -0.6113281 -0.4824219 0.6269531
vn 0.09960938 -0.9785156 -0.1757813
vn 0.9277344 -0.03320313 -0.3691406
vn -0.140625 -0.1113281 -0.984375
vn -0.06445313 -0.9960938 0.0625
vn -0.1152344 0.5683594 0.8144531
vn -0.0234375 0.984375 -0.171875
vn -0.06445313 0.984375 -0.1621094
vn -0.1132813 0.6425781 0.7578125
vn -0.078125 -0.5410156 0.8378906
vn -0.01953125 -0.5214844 0.8535156
vn -0.09375 0.984375 -0.1523438
vn 0.05664063 -0.9804688 -0.1855469
vn -0.0234375 0.984375 -0.171875
vn 0 0.5722656 0.8203125
vn 0.1679688 0.5488281 0.8183594
vn 0.3203125 0.9257813 -0.2011719
vn 0.1367188 -0.01953125 -0.9902344
vn 0.08007813 0.02539063 -0.9960938
vn -0.06445313 0.984375 -0.1621094
vn -0.0234375 0.984375 -0.171875
vn -0.04101563 0.9746094 -0.2167969
vn -0.1621094 0.9609375 -0.2246094
vn -0.140625 -0.1113281 -0.984375
vn 0.9277344 -0.03320313 -0.3691406
vt 0.4746094 -0.3896484
vt 0.4736328 -0.3896484
vt 0.4736328 -0.3984375
vt 0.4746094 -0.3984375
vt 0.6542969 -0.09472656
vt 0.5839844 -0.01757813
vt 0.6787109 -0.05761719
vt 0.6582031 -0.09472656
vt 0.6582031 -0.09472656
vt 0.6787109 -0.06835938
vt 0.5839844 -0.01757813
vt 0.6542969 -0.09472656
vt 0.46875 -0.3867188
vt 0.46875 -0.3798828
vt 0.4677734 -0.3798828
vt 0.4677734 -0.3886719
vt 0.8369141 -0.2216797
vt 0.7890625 -0.3554688
vt 0.9667969 -0.4296875
vt 0.9667969 -0.2236328
vt 0.46875 -0.3925781
vt 0.46875 -0.3964844
vt 0.4697266 -0.3964844
vt 0.4697266 -0.3925781
vt 0.1982422 -0.1738281
vt 0.265625 -0.265625
vt 0.08984375 -0.2841797
vt 0.04980469 -0.1875
vt 0.4667969 -0.3847656
vt 0.4667969 -0.3935547
vt 0.46875 -0.3935547
vt 0.46875 -0.3847656
vt 0.006835938 -0.009765625
vt 0.006835938 -0.006835938
vt 0.5830078 -0.006835938
vt 0.6660156 -0.008789063
vt 0.04980469 -0.5263672
vt 0.008789063 -0.5273438
vt -0.04882813 -0.5273438
vt -0.03710938 -0.5273438
vt 0.03808594 -0.5302734
vt 0.008789063 -0.5302734
vt -0.09570313 -0.5332031
vt -0.1376953 -0.5341797
vt 0.4736328 -0.3994141
vt 0.4726563 -0.3994141
vt 0.4726563 -0.4003906
vt 0.4736328 -0.4003906
vt -0.0234375 -0.5234375
vt -0.06152344 -0.5244141
vt 0.008789063 -0.5273438
vt 0.04980469 -0.5263672
vt -0.03613281 -0.5273438
vt -0.05078125 -0.5273438
vt 0.008789063 -0.5302734
vt 0.04296875 -0.5302734
vt 0.4824219 -0.3896484
vt 0.4814453 -0.3867188
vt 0.4794922 -0.3857422
vt 0.4824219 -0.3916016
vt 0.9970703 -0.1972656
vt 0.9697266 -0.002929688
vt 0.8505859 -0.002929688
vt 0.8505859 -0.1962891
vt 0.5830078 -0.006835938
vt 0.006835938 -0.006835938
vt 0.006835938 -0.009765625
vt 0.703125 -0.009765625
vt 0.4833984 -0.3837891
vt 0.4833984 -0.3955078
vt 0.4882813 -0.3974609
vt 0.4882813 -0.3818359
vt 0.006835938 -0.01171875
vt 0.7392578 -0.01171875
vt 0.703125 -0.008789063
vt 0.006835938 -0.009765625
vt 0.7880859 -0.3837891
vt 0.7832031 -1.066406
vt 0.9306641 -1.068359
vt 0.9648438 -0.4580078
vt 0.4833984 -0.3876953
vt 0.4785156 -0.3876953
vt 0.4765625 -0.3964844
vt 0.4833984 -0.3964844
vt 0.4716797 -0.3984375
vt 0.4726563 -0.3896484
vt 0.4716797 -0.3896484
vt 0.4697266 -0.3984375
vt 0.7880859 -0.3837891
vt 0.6220703 -0.3955078
vt 0.6162109 -0.9833984
vt 0.7851563 -1.06543
vt 0.006835938 -0.01171875
vt 0.006835938 -0.009765625
vt 0.6660156 -0.009765625
vt 0.7392578 -0.01171875
vt 0.4736328 -0.3984375
vt 0.4736328 -0.3896484
vt 0.4746094 -0.3896484
vt 0.4746094 -0.3984375
vt 0.6787109 -0.05761719
vt 0.5839844 -0.01757813
vt 0.6542969 -0.09472656
vt 0.6582031 -0.09472656
vt 0.5839844 -0.01757813
vt 0.6787109 -0.06835938
vt 0.6582031 -0.09472656
vt 0.6542969 -0.09472656
vt 0.4677734 -0.3798828
vt 0.46875 -0.3798828
vt 0.46875 -0.3867188
vt 0.4677734 -0.3886719
vt 0.9667969 -0.4296875
vt 0.7890625 -0.3554688
vt 0.8369141 -0.2216797
vt 0.9667969 -0.2236328
vt 0.4697266 -0.3964844
vt 0.46875 -0.3964844
vt 0.46875 -0.3925781
vt 0.4697266 -0.3925781
vt 0.08984375 -0.2841797
vt 0.265625 -0.265625
vt 0.1982422 -0.1738281
vt 0.04980469 -0.1875
vt 0.46875 -0.3935547
vt 0.4667969 -0.3935547
vt 0.4667969 -0.3847656
vt 0.46875 -0.3847656
vt 0.5419922 -0.0234375
vt 0.01269531 -0.0234375
vt 0.01269531 -0.02441406
vt 0.6171875 -0.02441406
vt 0.4726563 -0.4003906
vt 0.4726563 -0.3994141
vt 0.4736328 -0.3994141
vt 0.4736328 -0.4003906
vt 0.4794922 -0.3857422
vt 0.4814453 -0.3867188
vt 0.4824219 -0.3896484
vt 0.4824219 -0.3916016
vt 0.8505859 -0.002929688
vt 0.7304688 -0.002929688
vt 0.7041016 -0.1972656
vt 0.8505859 -0.1962891
vt 0.01269531 -0.02929688
vt 0.01269531 -0.1328125
vt 0.5419922 -0.1347656
vt 0.6513672 -0.03027344
vt 0.4882813 -0.3974609
vt 0.4833984 -0.3955078
vt 0.4833984 -0.3837891
vt 0.4882813 -0.3818359
vt 0.6513672 -0.02441406
vt 0.6845703 -0.02441406
vt 0.01269531 -0.02441406
vt 0.01269531 -0.02441406
vt 0.9306641 -1.068359
vt 0.7832031 -1.066406
vt 0.7880859 -0.3837891
vt 0.9648438 -0.4580078
vt 0.4765625 -0.3964844
vt 0.4785156 -0.3876953
vt 0.4833984 -0.3876953
vt 0.4833984 -0.3964844
vt 0.4716797 -0.3896484
vt 0.4726563 -0.3896484
vt 0.4716797 -0.3984375
vt 0.4697266 -0.3984375
vt 0.6162109 -0.9833984
vt 0.6220703 -0.3955078
vt 0.7880859 -0.3837891
vt 0.7851563 -1.06543
vt 0.6171875 -0.02441406
vt 0.01269531 -0.02441406
vt 0.01269531 -0.02441406
vt 0.6845703 -0.02441406
f 1341/1341/1341 1342/1342/1342 1343/1343/1343 1344/1344/1344
f 1345/1345/1345 1346/1346/1346 1347/1347/1347 1348/1348/1348
f 1349/1349/1349 1350/1350/1350 1351/1351/1351 1352/1352/1352
f 1353/1353/1353 1354/1354/1354 1355/1355/1355 1356/1356/1356
f 1357/1357/1357 1358/1358/1358 1359/1359/1359 1360/1360/1360
f 1361/1361/1361 1362/1362/1362 1363/1363/1363 1364/1364/1364
f 1365/1365/1365 1366/1366/1366 1367/1367/1367 1368/1368/1368
f 1369/1369/1369 1370/1370/1370 1371/1371/1371 1372/1372/1372
f 1373/1373/1373 1374/1374/1374 1375/1375/1375 1376/1376/1376
f 1377/1377/1377 1378/1378/1378 1379/1379/1379 1380/1380/1380
f 1381/1381/1381 1382/1382/1382 1383/1383/1383 1384/1384/1384
f 1385/1385/1385 1386/1386/1386 1387/1387/1387 1388/1388/1388
f 1389/1389/1389 1390/1390/1390 1391/1391/1391 1392/1392/1392
f 1393/1393/1393 1394/1394/1394 1395/1395/1395 1396/1396/1396
f 1397/1397/1397 1398/1398/1398 1399/1399/1399 1400/1400/1400
f 1401/1401/1401 1402/1402/1402 1403/1403/1403 1404/1404/1404
f 1405/1405/1405 1406/1406/1406 1407/1407/1407 1408/1408/1408
f 1409/1409/1409 1410/1410/1410 1411/1411/1411 1412/1412/1412
f 1413/1413/1413 1414/1414/1414 1415/1415/1415 1416/1416/1416
f 1417/1417/1417 1418/1418/1418 1419/1419/1419 1420/1420/1420
f 1421/1421/1421 1422/1422/1422 1423/1423/1423 1424/1424/1424
f 1425/1425/1425 1426/1426/1426 1427/1427/1427 1428/1428/1428
f 1429/1429/1429 1430/1430/1430 1431/1431/1431 1432/1432/1432
f 1433/1433/1433 1434/1434/1434 1435/1435/1435 1436/1436/1436
f 1437/1437/1437 1438/1438/1438 1439/1439/1439 1440/1440/1440
f 1441/1441/1441 1442/1442/1442 1443/1443/1443 1444/1444/1444
f 1445/1445/1445 1446/1446/1446 1447/1447/1447 1448/1448/1448
f 1449/1449/1449 1450/1450/1450 1451/1451/1451 1452/1452/1452
f 1453/1453/1453 1454/1454/1454 1455/1455/1455 1456/1456/1456
f 1457/1457/1457 1458/1458/1458 1459/1459/1459 1460/1460/1460
f 1461/1461/1461 1462/1462/1462 1463/1463/1463 1464/1464/1464
f 1465/1465/1465 1466/1466/1466 1467/1467/1467 1468/1468/1468
f 1469/1469/1469 1470/1470/1470 1471/1471/1471 1472/1472/1472
f 1473/1473/1473 1474/1474/1474 1475/1475/1475 1476/1476/1476
f 1477/1477/1477 1478/1478/1478 1479/1479/1479 1480/1480/1480
f 1481/1481/1481 1482/1482/1482 1483/1483/1483 1484/1484/1484
f 1485/1485/1485 1486/1486/1486 1487/1487/1487 1488/1488/1488
f 1489/1489/1489 1490/1490/1490 1491/1491/1491 1492/1492/1492
f 1493/1493/1493 1494/1494/1494 1495/1495/1495 1496/1496/1496
f 1497/1497/1497 1498/1498/1498 1499/1499/1499 1500/1500/1500
f 1501/1501/1501 1502/1502/1502 1503/1503/1503 1504/1504/1504
f 1505/1505/1505 1506/1506/1506 1507/1507/1507 1508/1508/1508
f 1509/1509/1509 1510/1510/1510 1511/1511/1511 1512/1512/1512
f 1513/1513/1513 1514/1514/1514 1515/1515/1515 1516/1516/1516
v 10.91749 43.62309 -4.627398
v 13.81436 43.72561 1.593809
v 11.10768 42.38231 -4.71888
v 13.75169 69.26032 -4.749762
v 12.92325 68.63446 -4.305536
v 22.45984 21.86571 -10.6483
v 12.92325 68.63446 -4.305536
v 13.75169 69.26032 -4.749762
v 26.77974 30.57031 -0.2462139
v 10.875 106.5091 -3.375184
v 11.61993 109.8645 -5.123064
v 13.49097 109.732 -4.575999
v 3.714844 110.7868 7.066
v 11.85938 121.915 7.492588
v 4.804688 114.7752 1.857692
v 17.73418 106.9443 2.055909
v 17.73439 106.9454 -1.446039
v 30.02593 106.9486 0.3024251
v 6.750699 9.232656 -6.193351
v 15.74411 9.260186 -6.165565
v 11.1539 3.122385 -6.854982
v 2.914063 72.6564 -6.194636
v 0 74.29032 -5.727857
v 0 82.53585 -6.064208
v 12.76387 110.2422 4.377503
v 11.99215 110.8321 4.486814
v 10.19922 107.0426 4.223271
v 34.00873 108.9739 26.06616
v 31.90574 108.942 26.76299
v 31.70992 107.943 22.15635
v 4.804688 114.7752 1.857692
v 3.558594 116.6749 -1.401517
v 0 113.7863 2.638263
v 9.163009 39.76881 6.819672
v 4.737374 8.027011 -0.9928454
v 11.32835 11.63806 7.043868
v 10.92578 75.60223 0.6828508
v 5.464844 75.48656 8.275789
v 5.631847 74.10986 8.304129
v 6.794761 13.70582 -7.910894
v 6.750699 9.232656 -6.193351
v 4.737374 8.027011 -0.9928454
v 18.40303 8.417014 -0.3672832
v 15.74411 9.260186 -6.165565
v 15.18836 13.7654 -7.858768
v 11.32835 11.63806 7.043868
v 18.40303 8.417014 -0.3672832
v 9.163009 39.76881 6.819672
v 6.324219 82.53119 -5.032906
v 0 82.53585 -6.064208
v 3.147125E-05 68.19701 -9.783132
v 10.13672 83.37564 -0.5750181
v 7.472656 83.18671 6.729926
v 14.1799 69.51725 4.664314
v 7.472656 83.18671 6.729926
v 13.59593 69.05717 4.880273
v 14.1799 69.51725 4.664314
v 7.472656 83.18671 6.729926
v 8.886719 83.1132 0.3974991
v 13.59593 69.05717 4.880273
v 26.77974 30.57031 -0.2462139
v 13.75169 69.26032 -4.749762
v 14.1799 69.51725 4.664314
v 26.77974 30.57031 -0.2462139
v 14.1799 69.51725 4.664314
v 13.59593 69.05717 4.880273
v 26.77974 30.57031 -0.2462139
v 13.59593 69.05717 4.880273
v 12.92325 68.63446 -4.305536
v 0.005055428 17.80436 -14.48705
v 0.0003833771 68.37054 -10.99391
v 5.956828 68.37823 -10.34318
v 22.45984 21.86571 -10.6483
v 5.956828 68.37823 -10.34318
v 13.75169 69.26032 -4.749762
v 0.005055428 17.80436 -14.48705
v 5.968394 67.83187 -9.383142
v 3.147125E-05 68.19701 -9.783132
v 22.45984 21.86571 -10.6483
v 12.92325 68.63446 -4.305536
v 5.968394 67.83187 -9.383142
v 3.147125E-05 68.19701 -9.783132
v 5.968394 67.83187 -9.383142
v 6.324219 82.53119 -5.032906
v 6.160156 82.84405 -5.497546
v 5.956828 68.37823 -10.34318
v 0 82.89571 -6.704605
v 10.13672 83.37564 -0.5750181
v 13.75169 69.26032 -4.749762
v 6.160156 82.84405 -5.497546
v 6.324219 82.53119 -5.032906
v 12.92325 68.63446 -4.305536
v 8.886719 83.1132 0.3974991
v 5.956828 68.37823 -10.34318
v 0.0003833771 68.37054 -10.99391
v 0 82.89571 -6.704605
v 6.160156 82.84405 -5.497546
v 13.75169 69.26032 -4.749762
v 5.956828 68.37823 -10.34318
v 14.1799 69.51725 4.664314
v 13.75169 69.26032 -4.749762
v 10.13672 83.37564 -0.5750181
v 8.886719 83.1132 0.3974991
v 12.92325 68.63446 -4.305536
v 13.59593 69.05717 4.880273
v 6.324219 82.53119 -5.032906
v 5.968394 67.83187 -9.383142
v 12.92325 68.63446 -4.305536
v 15.89255 5.531498 -0.1462914
v 18.40303 8.417014 -0.3672832
v 11.32835 11.63806 7.043868
v 13.61856 115.3721 -0.6969139
v 13.4004 114.5903 1.932106
v 16.12812 114.1302 1.779994
v 9.163009 39.76881 6.819672
v 18.40303 8.417014 -0.3672832
v 13.81436 43.72561 1.593809
v 3.887501 42.82371 1.120971
v 4.737374 8.027011 -0.9928454
v 9.163009 39.76881 6.819672
v 3.887501 42.82371 1.120971
v 6.03363 43.27013 -5.024687
v 6.034213 42.07024 -5.109396
v 10.73047 77.03371 0.6341448
v 8.886719 83.1132 0.3974991
v 7.472656 83.18671 6.729926
v 4.737374 8.027011 -0.9928454
v 7.090438 4.973545 -0.7601575
v 11.32835 11.63806 7.043868
v 10.19922 107.0426 4.223271
v 11.99215 110.8321 4.486814
v 3.714844 110.7868 7.066
v 28.17876 105.7155 22.66988
v 29.82181 107.4292 23.40636
v 27.82852 108.2899 24.442
v 10.19922 107.0426 4.223271
v 3.714844 110.7868 7.066
v 4.367188 98.93416 7.705824
v -10.91749 43.62309 -4.627398
v -11.10768 42.38231 -4.71888
v -13.81436 43.72561 1.593809
v -13.75169 69.26006 -4.74954
v -22.45984 21.86544 -10.64808
v -12.92325 68.63419 -4.305314
v -12.92325 68.63419 -4.305314
v -26.77974 30.57004 -0.2459917
v -13.75169 69.26006 -4.74954
v -10.875 106.5091 -3.375184
v -13.49121 109.732 -4.575999
v -11.62109 109.866 -5.126736
v -17.73442 106.9443 2.055909
v -30.02618 106.9486 0.3024251
v -17.73463 106.9454 -1.446039
v -6.749897 9.229962 -6.191038
v -11.1539 3.122385 -6.854982
v -15.74353 9.263193 -6.167013
v -12.76412 110.2422 4.377503
v -10.20067 107.0425 4.224943
v -11.99239 110.8321 4.486814
v -34.00897 108.9739 26.06616
v -31.71016 107.943 22.15635
v -31.90598 108.942 26.76299
v -4.804688 114.7752 1.857692
v 0 113.7863 2.638263
v -3.558594 116.6749 -1.401517
v -9.163009 39.76881 6.819672
v -11.32835 11.63806 7.043868
v -4.737374 8.027011 -0.9928454
v -6.794761 13.70582 -7.910894
v -4.737374 8.027011 -0.9928454
v -6.749897 9.229962 -6.191038
v -18.40303 8.417014 -0.3672832
v -15.18836 13.7654 -7.858768
v -15.74353 9.263193 -6.167013
v -11.32835 11.63806 7.043868
v -9.163009 39.76881 6.819672
v -18.40303 8.417014 -0.3672832
v -6.324219 82.53119 -5.032906
v 3.147125E-05 68.19701 -9.783132
v 0 82.53585 -6.064208
v -10.13672 83.37564 -0.5750181
v -14.1799 69.51698 4.664536
v -7.472656 83.18671 6.729926
v -7.472656 83.18671 6.729926
v -14.1799 69.51698 4.664536
v -13.59593 69.05691 4.880495
v -7.472656 83.18671 6.729926
v -13.59593 69.05691 4.880495
v -8.886719 83.1132 0.3974991
v -26.77974 30.57004 -0.2459917
v -14.1799 69.51698 4.664536
v -13.75169 69.26006 -4.74954
v -26.77974 30.57004 -0.2459917
v -13.59593 69.05691 4.880495
v -14.1799 69.51698 4.664536
v -26.77974 30.57004 -0.2459917
v -12.92325 68.63419 -4.305314
v -13.59593 69.05691 4.880495
v 0.005055428 17.80436 -14.48705
v -5.954501 68.37569 -10.34219
v 0.0003833771 68.37054 -10.99391
v -22.45984 21.86544 -10.64808
v -13.75169 69.26006 -4.74954
v -5.954501 68.37569 -10.34219
v 0.005055428 17.80436 -14.48705
v 3.147125E-05 68.19701 -9.783132
v -5.966412 67.83293 -9.381525
v -22.45984 21.86544 -10.64808
v -5.966412 67.83293 -9.381525
v -12.92325 68.63419 -4.305314
v 3.147125E-05 68.19701 -9.783132
v -6.324219 82.53119 -5.032906
v -5.966412 67.83293 -9.381525
v -6.160156 82.84405 -5.497546
v 0 82.89571 -6.704605
v -5.954501 68.37569 -10.34219
v -10.13672 83.37564 -0.5750181
v -6.160156 82.84405 -5.497546
v -13.75169 69.26006 -4.74954
v -6.324219 82.53119 -5.032906
v -8.886719 83.1132 0.3974991
v -12.92325 68.63419 -4.305314
v -5.954501 68.37569 -10.34219
v 0 82.89571 -6.704605
v 0.0003833771 68.37054 -10.99391
v -6.160156 82.84405 -5.497546
v -5.954501 68.37569 -10.34219
v -13.75169 69.26006 -4.74954
v -14.1799 69.51698 4.664536
v -10.13672 83.37564 -0.5750181
v -13.75169 69.26006 -4.74954
v -8.886719 83.1132 0.3974991
v -13.59593 69.05691 4.880495
v -12.92325 68.63419 -4.305314
v -6.324219 82.53119 -5.032906
v -12.92325 68.63419 -4.305314
v -5.966412 67.83293 -9.381525
v -15.89255 5.531498 -0.1462914
v -11.32835 11.63806 7.043868
v -18.40303 8.417014 -0.3672832
v -9.163009 39.76881 6.819672
v -13.81436 43.72561 1.593809
v -18.40303 8.417014 -0.3672832
v -3.887501 42.82371 1.120971
v -9.163009 39.76881 6.819672
v -4.737374 8.027011 -0.9928454
v -3.887501 42.82371 1.120971
v -6.034213 42.07024 -5.109396
v -6.03363 43.27013 -5.024687
v -10.73047 77.03371 0.6341448
v -7.472656 83.18671 6.729926
v -8.886719 83.1132 0.3974991
v -4.737374 8.027011 -0.9928454
v -11.32835 11.63806 7.043868
v -7.090438 4.973545 -0.7601575
v -10.20067 107.0425 4.224943
v -3.714844 110.7868 7.066
v -11.99239 110.8321 4.486814
v -28.179 105.7155 22.66988
v -27.82877 108.2899 24.442
v -29.82205 107.4292 23.40636
v -6.546875 114.8373 2.392922
v -11.85938 121.915 7.492588
v -10.26172 122.3268 0.5821609
v 0 110.0793 -8.349409
v -10.875 106.5091 -3.375184
v -11.62109 109.866 -5.126736
v -16.31746 114.1424 -2.595206
v -21.12802 112.7424 0.3059709
v -16.12837 114.1302 1.779994
vn -0.1152344 -0.5683594 0.8144531
vn -0.0234375 -0.984375 -0.171875
vn 0 -0.5722656 0.8203125
vn 0.9667969 -0.09570313 -0.2402344
vn 0.9609375 0.05078125 -0.2734375
vn 0.1425781 0.7089844 0.6914063
vn 0.9609375 0.05078125 -0.2734375
vn 0.9667969 -0.09570313 -0.2402344
vn 0.1855469 -0.9667969 0.1777344
vn -0.6113281 0.4824219 0.6269531
vn 0.2929688 -0.0859375 -0.953125
vn 0.2773438 -0.09375 -0.9570313
vn 0.2578125 0.2441406 -0.9355469
vn 0.5742188 0.5429688 -0.6113281
vn 0.5703125 -0.7363281 -0.3632813
vn 0.1523438 -0.8847656 0.4394531
vn 0.0859375 -0.8886719 -0.4511719
vn 0.1347656 -0.9785156 -0.1621094
vn 0.375 0.6171875 0.6914063
vn 0.4199219 -0.6015625 0.6796875
vn 0.390625 0.01171875 0.9199219
vn -0.2597656 -0.3476563 0.9003906
vn -0.6074219 0 0.7949219
vn 0.04101563 0 0.9980469
vn 0.2128906 0.09765625 0.9726563
vn 0.2382813 0.265625 0.9335938
vn -0.3925781 0.53125 -0.75
vn -0.3359375 -0.1816406 -0.9238281
vn -0.2050781 -0.0390625 -0.9785156
vn 0.203125 0.4179688 -0.8847656
vn 0.8203125 -0.08789063 -0.5644531
vn 0.3007813 0.9414063 -0.1464844
vn 0.625 0 -0.78125
vn -0.1113281 0.01367188 -0.9941406
vn 0.2714844 0.9433594 -0.1953125
vn -0.4042969 0.04296875 -0.9140625
vn 0.1347656 0.9804688 -0.1464844
vn -0.1015625 0.2910156 -0.9511719
vn 0.08007813 -0.02539063 -0.9960938
vn 0.1933594 0.546875 0.8144531
vn 0.375 0.6171875 0.6914063
vn 0.2714844 0.9433594 -0.1953125
vn 0.3203125 -0.9257813 -0.2011719
vn 0.4199219 -0.6015625 0.6796875
vn 0.1679688 -0.5488281 0.8183594
vn -0.4042969 0.04296875 -0.9140625
vn 0.3203125 -0.9257813 -0.2011719
vn -0.1113281 0.01367188 -0.9941406
vn -0.2480469 -0.15625 -0.9570313
vn -0.2480469 -0.15625 -0.9570313
vn 0.08007813 0.984375 0.15625
vn 0.3769531 0.8671875 -0.3261719
vn 0.3769531 0.8671875 -0.3261719
vn -0.1113281 0.5117188 -0.8515625
vn 0.02148438 0.3320313 -0.9433594
vn 0 0.9941406 -0.1113281
vn 0 0.9941406 -0.1113281
vn -0.3671875 -0.9082031 0.1992188
vn -0.3671875 -0.9082031 0.1992188
vn 0.078125 -0.3984375 0.9140625
vn 0.0078125 0.1640625 -0.9863281
vn 0.0078125 0.1640625 -0.9863281
vn 0.0078125 0.1640625 -0.9863281
vn 0.02929688 0.9921875 -0.1210938
vn 0.02929688 0.9921875 -0.1210938
vn 0.02929688 0.9921875 -0.1210938
vn 0.009765625 -0.1308594 0.9921875
vn 0.009765625 -0.1308594 0.9921875
vn 0.009765625 -0.1308594 0.9921875
vn 0.1015625 -0.9882813 -0.1074219
vn 0.1015625 -0.9882813 -0.1074219
vn 0.1015625 -0.9882813 -0.1074219
vn 0.05664063 -0.6582031 -0.75
vn -0.05664063 -0.828125 -0.5566406
vn 0.05664063 -0.6582031 -0.75
vn -0.078125 0.9941406 0.07226563
vn -0.078125 0.9941406 0.07226563
vn -0.078125 0.9941406 0.07226563
vn -0.0390625 0.6523438 0.7578125
vn -0.0390625 0.6523438 0.7578125
vn 0.078125 0.8261719 0.5585938
vn 0.1132813 0.9902344 0.08203125
vn 0.1132813 0.9902344 0.08203125
vn -0.28125 -0.08203125 -0.9570313
vn 0.3085938 0.1855469 0.9335938
vn -0.1445313 -0.9707031 -0.1875
vn 0.3085938 0.1855469 0.9335938
vn 0.3613281 0.7050781 0.609375
vn -0.0625 -0.4355469 -0.8984375
vn 0.3613281 0.7050781 0.609375
vn -0.3691406 -0.8242188 -0.4296875
vn 0.04882813 0.2324219 0.9707031
vn -0.3691406 -0.8242188 -0.4296875
vn -0.1132813 -0.9882813 -0.1054688
vn -0.1132813 -0.9882813 -0.1054688
vn 0.28125 0.1035156 0.953125
vn 0.2597656 0.5429688 0.7988281
vn -0.001953125 -0.6542969 -0.7558594
vn -0.1152344 -0.8300781 -0.5449219
vn 0.0625 0.1699219 -0.984375
vn 0.0625 0.1699219 -0.984375
vn 0.2617188 0.9628906 0.05078125
vn -0.2929688 -0.953125 -0.08398438
vn -0.03125 -0.1347656 0.9902344
vn -0.03125 -0.1347656 0.9902344
vn -0.2226563 -0.5566406 -0.7988281
vn 0.078125 0.8261719 0.5585938
vn -0.03710938 0.6523438 0.7578125
vn 0.4199219 -0.9003906 0.1054688
vn 0.3203125 -0.9257813 -0.2011719
vn -0.4042969 0.04296875 -0.9140625
vn 0.03710938 0.9980469 0.04492188
vn 0 0.8046875 0.59375
vn 0.1855469 0.7910156 0.5839844
vn -0.1113281 0.01367188 -0.9941406
vn 0.3203125 -0.9257813 -0.2011719
vn -0.0234375 -0.984375 -0.171875
vn 0.05664063 0.9804688 -0.1855469
vn 0.2714844 0.9433594 -0.1953125
vn -0.1113281 0.01367188 -0.9941406
vn 0.05664063 0.9804688 -0.1855469
vn -0.078125 0.5410156 0.8378906
vn 0.03515625 0.5546875 0.8320313
vn 0.1835938 0.9824219 -0.046875
vn 0.2832031 0.9511719 0.125
vn 0.140625 0.7089844 -0.6894531
vn 0.2714844 0.9433594 -0.1953125
vn 0.46875 0.8828125 0.0546875
vn -0.4042969 0.04296875 -0.9140625
vn -0.3925781 0.53125 -0.75
vn 0.2382813 0.265625 0.9335938
vn 0.2578125 0.2441406 -0.9355469
vn -0.15625 0.3164063 -0.9355469
vn 0.5234375 0.359375 -0.7714844
vn 0.8261719 -0.5625 0.05078125
vn -0.3925781 0.53125 -0.75
vn 0.2578125 0.2441406 -0.9355469
vn -0.125 0.796875 -0.5917969
vn -0.1152344 0.5683594 0.8144531
vn 0 0.5722656 0.8203125
vn -0.0234375 0.984375 -0.171875
vn 0.9667969 -0.09570313 0.2402344
vn 0.1425781 0.7089844 -0.6914063
vn 0.9609375 0.05078125 0.2734375
vn 0.9609375 0.05078125 0.2734375
vn 0.1855469 -0.9667969 -0.1777344
vn 0.9667969 -0.09570313 0.2402344
vn -0.6113281 -0.4824219 0.6269531
vn 0.2773438 0.09375 -0.9570313
vn -0.1386719 -0.2714844 0.953125
vn 0.1523438 0.8847656 0.4394531
vn 0.1347656 0.9785156 -0.1621094
vn 0.0859375 0.8886719 -0.4511719
vn 0.2890625 -0.6054688 0.7421875
vn 0.390625 -0.01171875 0.9199219
vn 0.2792969 0.6152344 0.7363281
vn 0.2128906 -0.09765625 0.9726563
vn 0.59375 0.2890625 0.75
vn 0.2382813 -0.265625 0.9335938
vn -0.3144531 0.1933594 -0.9296875
vn 0.203125 -0.4179688 -0.8847656
vn -0.1953125 0.01953125 -0.9804688
vn 0.8203125 0.08789063 -0.5644531
vn 0.625 0 -0.78125
vn 0.3007813 -0.9414063 -0.1464844
vn -0.1113281 -0.01367188 -0.9941406
vn -0.4042969 -0.04296875 -0.9140625
vn 0.2714844 -0.9433594 -0.1953125
vn 0.1933594 -0.546875 0.8144531
vn 0.2714844 -0.9433594 -0.1953125
vn 0.2890625 -0.6054688 0.7421875
vn 0.3203125 0.9257813 -0.2011719
vn 0.1679688 0.5488281 0.8183594
vn 0.2792969 0.6152344 0.7363281
vn -0.4042969 -0.04296875 -0.9140625
vn -0.1113281 -0.01367188 -0.9941406
vn 0.3203125 0.9257813 -0.2011719
vn -0.2480469 0.15625 -0.9570313
vn 0.08398438 0.984375 -0.15625
vn -0.2480469 0.15625 -0.9570313
vn 0.3769531 -0.8671875 -0.3261719
vn -0.1113281 0.5117188 0.8515625
vn 0.3769531 -0.8671875 -0.3261719
vn 0.02148438 -0.3320313 -0.9433594
vn 0 0.9941406 0.1113281
vn 0 0.9941406 0.1113281
vn -0.3671875 0.9082031 0.1992188
vn 0.078125 -0.3984375 -0.9140625
vn -0.3671875 0.9082031 0.1992188
vn 0.0078125 0.1640625 0.9863281
vn 0.0078125 0.1640625 0.9863281
vn 0.0078125 0.1640625 0.9863281
vn 0.02929688 0.9921875 0.1210938
vn 0.02929688 0.9921875 0.1210938
vn 0.02929688 0.9921875 0.1210938
vn 0.009765625 -0.1308594 -0.9921875
vn 0.009765625 -0.1308594 -0.9921875
vn 0.009765625 -0.1308594 -0.9921875
vn 0.09960938 -0.9882813 0.109375
vn 0.09960938 -0.9882813 0.109375
vn 0.09960938 -0.9882813 0.109375
vn 0.05664063 -0.6582031 0.75
vn 0.05664063 -0.6582031 0.75
vn -0.06835938 -0.828125 0.5546875
vn -0.07617188 0.9941406 -0.07421875
vn -0.07617188 0.9941406 -0.07421875
vn -0.07617188 0.9941406 -0.07421875
vn -0.0390625 0.6523438 -0.7578125
vn 0.08789063 0.8261719 -0.5566406
vn -0.0390625 0.6523438 -0.7578125
vn 0.1152344 0.9902344 -0.08007813
vn -0.28125 0.08203125 -0.9570313
vn 0.1152344 0.9902344 -0.08007813
vn 0.3085938 -0.1855469 0.9335938
vn 0.3085938 -0.1855469 0.9335938
vn -0.1484375 -0.9707031 0.1835938
vn 0.3613281 -0.7050781 0.609375
vn 0.3613281 -0.7050781 0.609375
vn -0.0625 -0.4355469 0.8984375
vn -0.3691406 0.8242188 -0.4296875
vn -0.3691406 0.8242188 -0.4296875
vn 0.04882813 0.2324219 -0.9707031
vn -0.1152344 -0.9882813 0.1035156
vn 0.28125 -0.1035156 0.953125
vn -0.1152344 -0.9882813 0.1035156
vn 0.2597656 -0.5429688 0.7988281
vn -0.125 -0.8300781 0.5429688
vn -0.001953125 -0.6542969 0.7558594
vn 0.0625 0.1699219 0.984375
vn 0.2617188 -0.9628906 0.05078125
vn 0.0625 0.1699219 0.984375
vn -0.2929688 0.953125 -0.08398438
vn -0.03125 -0.1347656 -0.9902344
vn -0.03125 -0.1347656 -0.9902344
vn -0.2226563 0.5566406 -0.7988281
vn -0.03710938 0.6523438 -0.7578125
vn 0.08984375 0.8261719 -0.5566406
vn 0.4199219 0.9003906 0.1054688
vn -0.4042969 -0.04296875 -0.9140625
vn 0.3203125 0.9257813 -0.2011719
vn -0.1113281 -0.01367188 -0.9941406
vn -0.0234375 0.984375 -0.171875
vn 0.3203125 0.9257813 -0.2011719
vn 0.05664063 -0.9804688 -0.1855469
vn -0.1113281 -0.01367188 -0.9941406
vn 0.2714844 -0.9433594 -0.1953125
vn 0.05664063 -0.9804688 -0.1855469
vn 0.03515625 -0.5546875 0.8320313
vn -0.078125 -0.5410156 0.8378906
vn 0.1835938 -0.9824219 -0.046875
vn 0.140625 -0.7089844 -0.6894531
vn 0.2832031 -0.9511719 0.125
vn 0.2714844 -0.9433594 -0.1953125
vn -0.4042969 -0.04296875 -0.9140625
vn 0.46875 -0.8828125 0.0546875
vn 0.59375 0.2890625 0.75
vn 0.2578125 -0.2441406 -0.9355469
vn 0.2382813 -0.265625 0.9335938
vn -0.15625 -0.3164063 -0.9355469
vn 0.8261719 0.5625 0.05078125
vn 0.5234375 -0.359375 -0.7714844
vn 0.2734375 -0.8984375 -0.3417969
vn 0.5742188 -0.5429688 -0.6113281
vn 0.7441406 -0.6582031 -0.1132813
vn -0.01953125 0 0.9980469
vn -0.6113281 -0.4824219 0.6269531
vn -0.1386719 -0.2714844 0.953125
vn 0.2441406 -0.7871094 -0.5664063
vn 0.3964844 -0.9101563 0.1210938
vn 0.1855469 -0.7910156 0.5839844
vt 0.4726563 -0.3896484
vt 0.4716797 -0.3896484
vt 0.4726563 -0.3896484
vt 0.4707031 -0.3867188
vt 0.46875 -0.3867188
vt 0.46875 -0.3896484
vt 0.46875 -0.3867188
vt 0.4707031 -0.3867188
vt 0.4707031 -0.3828125
vt 0.4882813 -0.3818359
vt 0.4833984 -0.3818359
vt 0.4833984 -0.3837891
vt 0.4501953 -0.5498047
vt 0.4960938 -0.2460938
vt 0.2724609 -0.4980469
vt 0.4716797 -0.3847656
vt 0.46875 -0.3847656
vt 0.46875 -0.3935547
vt 0.6787109 -0.05761719
vt 0.6787109 -0.06835938
vt 0.6582031 -0.09472656
vt 0.4785156 -0.3876953
vt 0.4824219 -0.3857422
vt 0.4804688 -0.3808594
vt 0.4736328 -0.3847656
vt 0.4736328 -0.3818359
vt 0.4697266 -0.3818359
vt 0.4365234 0.6376953
vt 0.3818359 0.6611328
vt 0.3642578 0.5322266
vt 0.4746094 -0.3896484
vt 0.4775391 -0.3896484
vt 0.4716797 -0.3896484
vt 0.46875 -0.390625
vt 0.4677734 -0.3994141
vt 0.4697266 -0.3994141
vt 0.7880859 -0.3837891
vt 0.6230469 -0.3652344
vt 0.6220703 -0.3955078
vt 0.4736328 -0.3994141
vt 0.4736328 -0.4003906
vt 0.4746094 -0.3994141
vt 0.4697266 -0.3984375
vt 0.4726563 -0.4003906
vt 0.4726563 -0.3994141
vt 0.4697266 -0.3994141
vt 0.4697266 -0.3984375
vt 0.4697266 -0.3916016
vt 0.01269531 -0.2128906
vt 0.01367188 -0.2128906
vt 0.01464844 -0.2138672
vt 0.4707031 -0.3867188
vt 0.4707031 -0.3828125
vt 0.4707031 -0.3828125
vt 0.4707031 -0.3828125
vt 0.46875 -0.3828125
vt 0.4707031 -0.3828125
vt 0.01074219 -0.2128906
vt 0.01171875 -0.2128906
vt 0.01367188 -0.2119141
vt 0.4707031 -0.3828125
vt 0.4707031 -0.3867188
vt 0.4707031 -0.3828125
vt 0.4707031 -0.3828125
vt 0.4707031 -0.3828125
vt 0.46875 -0.3828125
vt 0.02050781 -0.2109375
vt 0.01367188 -0.2119141
vt 0.02050781 -0.2138672
vt 0.46875 -0.3935547
vt 0.4707031 -0.3935547
vt 0.4707031 -0.3916016
vt 0.46875 -0.390625
vt 0.4707031 -0.3916016
vt 0.4707031 -0.3896484
vt 0.02050781 -0.2207031
vt 0.02050781 -0.21875
vt 0.01464844 -0.2138672
vt 0.02050781 -0.2177734
vt 0.01171875 -0.2109375
vt 0.02050781 -0.21875
vt 0.01464844 -0.2138672
vt 0.02050781 -0.21875
vt 0.01269531 -0.2128906
vt 0.4707031 -0.390625
vt 0.4707031 -0.3916016
vt 0.4707031 -0.3935547
vt 0.4707031 -0.3867188
vt 0.4707031 -0.3867188
vt 0.4707031 -0.3896484
vt 0.01269531 -0.2128906
vt 0.02050781 -0.2138672
vt 0.01171875 -0.2128906
vt 0.4707031 -0.3916016
vt 0.4707031 -0.3935547
vt 0.4707031 -0.3935547
vt 0.4707031 -0.390625
vt 0.4707031 -0.3896484
vt 0.4707031 -0.3916016
vt 0.4707031 -0.3828125
vt 0.4707031 -0.3867188
vt 0.4707031 -0.3867188
vt 0.01171875 -0.2128906
vt 0.02050781 -0.2138672
vt 0.01367188 -0.2119141
vt 0.01269531 -0.2128906
vt 0.02050781 -0.21875
vt 0.01171875 -0.2109375
vt 0.6542969 -0.09472656
vt 0.5839844 -0.01757813
vt 0.5078125 -0.005859375
vt 0.4785156 -0.3818359
vt 0.4775391 -0.3818359
vt 0.4765625 -0.3857422
vt 0.4697266 -0.3916016
vt 0.4697266 -0.3984375
vt 0.4716797 -0.390625
vt 0.4677734 -0.3886719
vt 0.4677734 -0.3994141
vt 0.46875 -0.390625
vt 0.4746094 -0.3896484
vt 0.4736328 -0.3896484
vt 0.4736328 -0.3896484
vt 0.7890625 -0.3554688
vt 0.8369141 -0.2216797
vt 0.7021484 -0.2099609
vt 0.5839844 -0.01757813
vt 0.6542969 -0.09472656
vt 0.5078125 -0.005859375
vt 0.1738281 -0.5400391
vt 0.2050781 -0.4394531
vt 0.00390625 -0.4716797
vt 0.2353516 0.5234375
vt 0.3046875 0.5703125
vt 0.2607422 0.6220703
vt 0.1689453 -0.5371094
vt 0.004882813 -0.4716797
vt 0.04980469 -0.7402344
vt 0.4726563 -0.3896484
vt 0.4726563 -0.3896484
vt 0.4716797 -0.3896484
vt 0.4707031 -0.3867188
vt 0.46875 -0.3896484
vt 0.46875 -0.3867188
vt 0.46875 -0.3867188
vt 0.4707031 -0.3828125
vt 0.4707031 -0.3867188
vt 0.4882813 -0.3818359
vt 0.4833984 -0.3837891
vt 0.4833984 -0.3818359
vt 0.4716797 -0.3847656
vt 0.46875 -0.3935547
vt 0.46875 -0.3847656
vt 0.6787109 -0.05761719
vt 0.6582031 -0.09472656
vt 0.6787109 -0.06835938
vt 0.4736328 -0.3847656
vt 0.4697266 -0.3818359
vt 0.4736328 -0.3818359
vt 0.4365234 0.6376953
vt 0.3642578 0.5322266
vt 0.3818359 0.6611328
vt 0.4746094 -0.3896484
vt 0.4716797 -0.3896484
vt 0.4775391 -0.3896484
vt 0.46875 -0.390625
vt 0.4697266 -0.3994141
vt 0.4677734 -0.3994141
vt 0.4736328 -0.3994141
vt 0.4746094 -0.3994141
vt 0.4736328 -0.4003906
vt 0.4697266 -0.3984375
vt 0.4726563 -0.3994141
vt 0.4726563 -0.4003906
vt 0.4697266 -0.3994141
vt 0.4697266 -0.3916016
vt 0.4697266 -0.3984375
vt 0.01269531 -0.2128906
vt 0.01464844 -0.2138672
vt 0.01367188 -0.2128906
vt 0.4707031 -0.3867188
vt 0.4707031 -0.3828125
vt 0.4707031 -0.3828125
vt 0.4707031 -0.3828125
vt 0.4707031 -0.3828125
vt 0.46875 -0.3828125
vt 0.01074219 -0.2128906
vt 0.01367188 -0.2119141
vt 0.01171875 -0.2128906
vt 0.4707031 -0.3828125
vt 0.4707031 -0.3828125
vt 0.4707031 -0.3867188
vt 0.4707031 -0.3828125
vt 0.46875 -0.3828125
vt 0.4707031 -0.3828125
vt 0.02050781 -0.2109375
vt 0.02050781 -0.2138672
vt 0.01367188 -0.2119141
vt 0.46875 -0.3935547
vt 0.4707031 -0.3916016
vt 0.4707031 -0.3935547
vt 0.46875 -0.390625
vt 0.4707031 -0.3896484
vt 0.4707031 -0.3916016
vt 0.02050781 -0.2207031
vt 0.01464844 -0.2138672
vt 0.02050781 -0.21875
vt 0.02050781 -0.2177734
vt 0.02050781 -0.21875
vt 0.01171875 -0.2109375
vt 0.01464844 -0.2138672
vt 0.01269531 -0.2128906
vt 0.02050781 -0.21875
vt 0.4707031 -0.390625
vt 0.4707031 -0.3935547
vt 0.4707031 -0.3916016
vt 0.4707031 -0.3867188
vt 0.4707031 -0.3896484
vt 0.4707031 -0.3867188
vt 0.01269531 -0.2128906
vt 0.01171875 -0.2128906
vt 0.02050781 -0.2138672
vt 0.4707031 -0.3916016
vt 0.4707031 -0.3935547
vt 0.4707031 -0.3935547
vt 0.4707031 -0.390625
vt 0.4707031 -0.3916016
vt 0.4707031 -0.3896484
vt 0.4707031 -0.3828125
vt 0.4707031 -0.3867188
vt 0.4707031 -0.3867188
vt 0.01171875 -0.2128906
vt 0.01367188 -0.2119141
vt 0.02050781 -0.2138672
vt 0.01269531 -0.2128906
vt 0.01171875 -0.2109375
vt 0.02050781 -0.21875
vt 0.6542969 -0.09472656
vt 0.5078125 -0.005859375
vt 0.5839844 -0.01757813
vt 0.4697266 -0.3916016
vt 0.4716797 -0.390625
vt 0.4697266 -0.3984375
vt 0.4677734 -0.3886719
vt 0.46875 -0.390625
vt 0.4677734 -0.3994141
vt 0.4746094 -0.3896484
vt 0.4736328 -0.3896484
vt 0.4736328 -0.3896484
vt 0.7890625 -0.3554688
vt 0.7021484 -0.2099609
vt 0.8369141 -0.2216797
vt 0.5839844 -0.01757813
vt 0.5078125 -0.005859375
vt 0.6542969 -0.09472656
vt 0.171875 -0.5400391
vt 0.00390625 -0.4716797
vt 0.2041016 -0.4404297
vt 0.2353516 0.5234375
vt 0.2607422 0.6220703
vt 0.3046875 0.5703125
vt 0.2724609 -0.4980469
vt 0.4960938 -0.2460938
vt 0.3476563 -0.2685547
vt 0.4736328 -0.4863281
vt 0.3134766 -0.5351563
vt 0.3603516 -0.4658203
vt 0.4794922 -0.3857422
vt 0.4794922 -0.3984375
vt 0.4765625 -0.3857422
f 1517/1517/1517 1518/1518/1518 1519/1519/1519
f 1520/1520/1520 1521/1521/1521 1522/1522/1522
f 1523/1523/1523 1524/1524/1524 1525/1525/1525
f 1526/1526/1526 1527/1527/1527 1528/1528/1528
f 1529/1529/1529 1530/1530/1530 1531/1531/1531
f 1532/1532/1532 1533/1533/1533 1534/1534/1534
f 1535/1535/1535 1536/1536/1536 1537/1537/1537
f 1538/1538/1538 1539/1539/1539 1540/1540/1540
f 1541/1541/1541 1542/1542/1542 1543/1543/1543
f 1544/1544/1544 1545/1545/1545 1546/1546/1546
f 1547/1547/1547 1548/1548/1548 1549/1549/1549
f 1550/1550/1550 1551/1551/1551 1552/1552/1552
f 1553/1553/1553 1554/1554/1554 1555/1555/1555
f 1556/1556/1556 1557/1557/1557 1558/1558/1558
f 1559/1559/1559 1560/1560/1560 1561/1561/1561
f 1562/1562/1562 1563/1563/1563 1564/1564/1564
f 1565/1565/1565 1566/1566/1566 1567/1567/1567
f 1568/1568/1568 1569/1569/1569 1570/1570/1570
f 1571/1571/1571 1572/1572/1572 1573/1573/1573
f 1574/1574/1574 1575/1575/1575 1576/1576/1576
f 1577/1577/1577 1578/1578/1578 1579/1579/1579
f 1580/1580/1580 1581/1581/1581 1582/1582/1582
f 1583/1583/1583 1584/1584/1584 1585/1585/1585
f 1586/1586/1586 1587/1587/1587 1588/1588/1588
f 1589/1589/1589 1590/1590/1590 1591/1591/1591
f 1592/1592/1592 1593/1593/1593 1594/1594/1594
f 1595/1595/1595 1596/1596/1596 1597/1597/1597
f 1598/1598/1598 1599/1599/1599 1600/1600/1600
f 1601/1601/1601 1602/1602/1602 1603/1603/1603
f 1604/1604/1604 1605/1605/1605 1606/1606/1606
f 1607/1607/1607 1608/1608/1608 1609/1609/1609
f 1610/1610/1610 1611/1611/1611 1612/1612/1612
f 1613/1613/1613 1614/1614/1614 1615/1615/1615
f 1616/1616/1616 1617/1617/1617 1618/1618/1618
f 1619/1619/1619 1620/1620/1620 1621/1621/1621
f 1622/1622/1622 1623/1623/1623 1624/1624/1624
f 1625/1625/1625 1626/1626/1626 1627/1627/1627
f 1628/1628/1628 1629/1629/1629 1630/1630/1630
f 1631/1631/1631 1632/1632/1632 1633/1633/1633
f 1634/1634/1634 1635/1635/1635 1636/1636/1636
f 1637/1637/1637 1638/1638/1638 1639/1639/1639
f 1640/1640/1640 1641/1641/1641 1642/1642/1642
f 1643/1643/1643 1644/1644/1644 1645/1645/1645
f 1646/1646/1646 1647/1647/1647 1648/1648/1648
f 1649/1649/1649 1650/1650/1650 1651/1651/1651
f 1652/1652/1652 1653/1653/1653 1654/1654/1654
f 1655/1655/1655 1656/1656/1656 1657/1657/1657
f 1658/1658/1658 1659/1659/1659 1660/1660/1660
f 1661/1661/1661 1662/1662/1662 1663/1663/1663
f 1664/1664/1664 1665/1665/1665 1666/1666/1666
f 1667/1667/1667 1668/1668/1668 1669/1669/1669
f 1670/1670/1670 1671/1671/1671 1672/1672/1672
f 1673/1673/1673 1674/1674/1674 1675/1675/1675
f 1676/1676/1676 1677/1677/1677 1678/1678/1678
f 1679/1679/1679 1680/1680/1680 1681/1681/1681
f 1682/1682/1682 1683/1683/1683 1684/1684/1684
f 1685/1685/1685 1686/1686/1686 1687/1687/1687
f 1688/1688/1688 1689/1689/1689 1690/1690/1690
f 1691/1691/1691 1692/1692/1692 1693/1693/1693
f 1694/1694/1694 1695/1695/1695 1696/1696/1696
f 1697/1697/1697 1698/1698/1698 1699/1699/1699
f 1700/1700/1700 1701/1701/1701 1702/1702/1702
f 1703/1703/1703 1704/1704/1704 1705/1705/1705
f 1706/1706/1706 1707/1707/1707 1708/1708/1708
f 1709/1709/1709 1710/1710/1710 1711/1711/1711
f 1712/1712/1712 1713/1713/1713 1714/1714/1714
f 1715/1715/1715 1716/1716/1716 1717/1717/1717
f 1718/1718/1718 1719/1719/1719 1720/1720/1720
f 1721/1721/1721 1722/1722/1722 1723/1723/1723
f 1724/1724/1724 1725/1725/1725 1726/1726/1726
f 1727/1727/1727 1728/1728/1728 1729/1729/1729
f 1730/1730/1730 1731/1731/1731 1732/1732/1732
f 1733/1733/1733 1734/1734/1734 1735/1735/1735
f 1736/1736/1736 1737/1737/1737 1738/1738/1738
f 1739/1739/1739 1740/1740/1740 1741/1741/1741
f 1742/1742/1742 1743/1743/1743 1744/1744/1744
f 1745/1745/1745 1746/1746/1746 1747/1747/1747
f 1748/1748/1748 1749/1749/1749 1750/1750/1750
f 1751/1751/1751 1752/1752/1752 1753/1753/1753
f 1754/1754/1754 1755/1755/1755 1756/1756/1756
f 1757/1757/1757 1758/1758/1758 1759/1759/1759
f 1760/1760/1760 1761/1761/1761 1762/1762/1762
f 1763/1763/1763 1764/1764/1764 1765/1765/1765
f 1766/1766/1766 1767/1767/1767 1768/1768/1768
f 1769/1769/1769 1770/1770/1770 1771/1771/1771
f 1772/1772/1772 1773/1773/1773 1774/1774/1774
f 1775/1775/1775 1776/1776/1776 1777/1777/1777
f 1778/1778/1778 1779/1779/1779 1780/1780/1780
f 1781/1781/1781 1782/1782/1782 1783/1783/1783
f 1784/1784/1784 1785/1785/1785 1786/1786/1786
