<?xml version="1.0" encoding="UTF-8"?>
<COLLADA xmlns="http://www.collada.org/2005/11/COLLADASchema" version="1.4.1">
 <asset>
  <contributor>
   <authoring_tool>ExpCollada for Metasequoia</authoring_tool>
  </contributor>
  <created>2024-07-21T23:31:38Z</created>
  <modified>2024-07-21T23:31:38Z</modified>
  <up_axis>Y_UP</up_axis>
 </asset>
 <library_cameras>
  <camera id="Camera-Camera" name="Camera-Camera">
   <optics>
    <technique_common>
     <perspective>
      <yfov>0.000</yfov>
      <znear>0.1</znear>
      <zfar>10000.0</zfar>
     </perspective>
    </technique_common>
   </optics>
  </camera>
 </library_cameras>
 <library_images>
  <image id="texture1" name="texture1">
   <init_from>mat4.png</init_from>
  </image>
  <image id="texture2" name="texture2">
   <init_from>mat1.png</init_from>
  </image>
  <image id="texture3" name="texture3">
   <init_from>mat3.png</init_from>
  </image>
  <image id="texture4" name="texture4">
   <init_from>mat2.png</init_from>
  </image>
  <image id="texture5" name="texture5">
   <init_from>mat6.png</init_from>
  </image>
  <image id="texture6" name="texture6">
   <init_from>mat5.png</init_from>
  </image>
 </library_images>
 <library_effects>
  <effect id="mat4.png-fx" name="mat4.png-fx">
   <profile_COMMON>
    <newparam sid="texture1-surface">
     <surface type="2D">
      <init_from>texture1</init_from>
     </surface>
    </newparam>
    <newparam sid="texture1-sampler">
    <sampler2D>
     <source>texture1-surface</source>
     <minfilter>LINEAR</minfilter>
     <magfilter>LINEAR</magfilter>
    </sampler2D>
   </newparam>
    <technique sid="metaseq">
     <lambert>
      <emission>
       <color>0.500 0.500 0.500 1</color>
      </emission>
      <ambient>
       <color>0.000 0.000 0.000 1</color>
      </ambient>
      <diffuse>
       <texture texture="texture1-sampler" texcoord="UVSET0"/>
      </diffuse>
      <reflective>
       <color>1 1 1 1</color>
      </reflective>
      <reflectivity>
       <float>0.0</float>
      </reflectivity>
      <transparent>
       <color>1 1 1 1</color>
      </transparent>
      <transparency>
       <float>1.000</float>
      </transparency>
     </lambert>
    </technique>
   </profile_COMMON>
  </effect>
  <effect id="mat1.png-fx" name="mat1.png-fx">
   <profile_COMMON>
    <newparam sid="texture2-surface">
     <surface type="2D">
      <init_from>texture2</init_from>
     </surface>
    </newparam>
    <newparam sid="texture2-sampler">
    <sampler2D>
     <source>texture2-surface</source>
     <minfilter>LINEAR</minfilter>
     <magfilter>LINEAR</magfilter>
    </sampler2D>
   </newparam>
    <technique sid="metaseq">
     <lambert>
      <emission>
       <color>0.500 0.500 0.500 1</color>
      </emission>
      <ambient>
       <color>0.000 0.000 0.000 1</color>
      </ambient>
      <diffuse>
       <texture texture="texture2-sampler" texcoord="UVSET0"/>
      </diffuse>
      <reflective>
       <color>1 1 1 1</color>
      </reflective>
      <reflectivity>
       <float>0.0</float>
      </reflectivity>
      <transparent>
       <color>1 1 1 1</color>
      </transparent>
      <transparency>
       <float>1.000</float>
      </transparency>
     </lambert>
    </technique>
   </profile_COMMON>
  </effect>
  <effect id="mat3.png-fx" name="mat3.png-fx">
   <profile_COMMON>
    <newparam sid="texture3-surface">
     <surface type="2D">
      <init_from>texture3</init_from>
     </surface>
    </newparam>
    <newparam sid="texture3-sampler">
    <sampler2D>
     <source>texture3-surface</source>
     <minfilter>LINEAR</minfilter>
     <magfilter>LINEAR</magfilter>
    </sampler2D>
   </newparam>
    <technique sid="metaseq">
     <lambert>
      <emission>
       <color>0.500 0.500 0.500 1</color>
      </emission>
      <ambient>
       <color>0.000 0.000 0.000 1</color>
      </ambient>
      <diffuse>
       <texture texture="texture3-sampler" texcoord="UVSET0"/>
      </diffuse>
      <reflective>
       <color>1 1 1 1</color>
      </reflective>
      <reflectivity>
       <float>0.0</float>
      </reflectivity>
      <transparent>
       <color>1 1 1 1</color>
      </transparent>
      <transparency>
       <float>1.000</float>
      </transparency>
     </lambert>
    </technique>
   </profile_COMMON>
  </effect>
  <effect id="mat2.png-fx" name="mat2.png-fx">
   <profile_COMMON>
    <newparam sid="texture4-surface">
     <surface type="2D">
      <init_from>texture4</init_from>
     </surface>
    </newparam>
    <newparam sid="texture4-sampler">
    <sampler2D>
     <source>texture4-surface</source>
     <minfilter>LINEAR</minfilter>
     <magfilter>LINEAR</magfilter>
    </sampler2D>
   </newparam>
    <technique sid="metaseq">
     <lambert>
      <emission>
       <color>0.500 0.500 0.500 1</color>
      </emission>
      <ambient>
       <color>0.000 0.000 0.000 1</color>
      </ambient>
      <diffuse>
       <texture texture="texture4-sampler" texcoord="UVSET0"/>
      </diffuse>
      <reflective>
       <color>1 1 1 1</color>
      </reflective>
      <reflectivity>
       <float>0.0</float>
      </reflectivity>
      <transparent>
       <color>1 1 1 1</color>
      </transparent>
      <transparency>
       <float>1.000</float>
      </transparency>
     </lambert>
    </technique>
   </profile_COMMON>
  </effect>
  <effect id="mat6.png-fx" name="mat6.png-fx">
   <profile_COMMON>
    <newparam sid="texture5-surface">
     <surface type="2D">
      <init_from>texture5</init_from>
     </surface>
    </newparam>
    <newparam sid="texture5-sampler">
    <sampler2D>
     <source>texture5-surface</source>
     <minfilter>LINEAR</minfilter>
     <magfilter>LINEAR</magfilter>
    </sampler2D>
   </newparam>
    <technique sid="metaseq">
     <lambert>
      <emission>
       <color>0.500 0.500 0.500 1</color>
      </emission>
      <ambient>
       <color>0.000 0.000 0.000 1</color>
      </ambient>
      <diffuse>
       <texture texture="texture5-sampler" texcoord="UVSET0"/>
      </diffuse>
      <reflective>
       <color>1 1 1 1</color>
      </reflective>
      <reflectivity>
       <float>0.0</float>
      </reflectivity>
      <transparent>
       <color>1 1 1 1</color>
      </transparent>
      <transparency>
       <float>1.000</float>
      </transparency>
     </lambert>
    </technique>
   </profile_COMMON>
  </effect>
  <effect id="mat5.png-fx" name="mat5.png-fx">
   <profile_COMMON>
    <newparam sid="texture6-surface">
     <surface type="2D">
      <init_from>texture6</init_from>
     </surface>
    </newparam>
    <newparam sid="texture6-sampler">
    <sampler2D>
     <source>texture6-surface</source>
     <minfilter>LINEAR</minfilter>
     <magfilter>LINEAR</magfilter>
    </sampler2D>
   </newparam>
    <technique sid="metaseq">
     <lambert>
      <emission>
       <color>0.500 0.500 0.500 1</color>
      </emission>
      <ambient>
       <color>0.000 0.000 0.000 1</color>
      </ambient>
      <diffuse>
       <texture texture="texture6-sampler" texcoord="UVSET0"/>
      </diffuse>
      <reflective>
       <color>1 1 1 1</color>
      </reflective>
      <reflectivity>
       <float>0.0</float>
      </reflectivity>
      <transparent>
       <color>1 1 1 1</color>
      </transparent>
      <transparency>
       <float>1.000</float>
      </transparency>
     </lambert>
    </technique>
   </profile_COMMON>
  </effect>
 </library_effects>
 <library_materials>
  <material id="mat4.png" name="mat4.png">
   <instance_effect url="#mat4.png-fx"/>
  </material>
  <material id="mat1.png" name="mat1.png">
   <instance_effect url="#mat1.png-fx"/>
  </material>
  <material id="mat3.png" name="mat3.png">
   <instance_effect url="#mat3.png-fx"/>
  </material>
  <material id="mat2.png" name="mat2.png">
   <instance_effect url="#mat2.png-fx"/>
  </material>
  <material id="mat6.png" name="mat6.png">
   <instance_effect url="#mat6.png-fx"/>
  </material>
  <material id="mat5.png" name="mat5.png">
   <instance_effect url="#mat5.png-fx"/>
  </material>
 </library_materials>
 <library_geometries>
  <geometry id="realb07-lib" name="realb07">
   <mesh>
    <source id="realb07-lib-positions" name="position">
     <float_array id="realb07-lib-positions-array" count="78">0.77616 6.31820 -0.68480 1.65100 6.41739 -0.03991 1.00874 4.95733 -0.70993 1.78763 4.95728 0.12576 1.59310 3.92179 0.04282 1.12344 4.16301 0.63013 0.78861 6.33976 0.98287 0.97939 4.95710 0.97535 1.17707 3.84695 -0.28743 0.77940 3.92163 -0.00708 0.34539 4.95728 0.01686 0.10133 6.26243 -0.11449 0.18432 6.24948 0.50365 -0.77616 6.31820 -0.68480 -1.00874 4.95733 -0.70993 -1.65100 6.41739 -0.03991 -1.78763 4.95728 0.12576 -0.97939 4.95710 0.97535 -1.12344 4.16301 0.63013 -0.34539 4.95728 0.01686 -0.77940 3.92163 -0.00708 -1.17707 3.84695 -0.28743 -0.78861 6.33976 0.98287 -0.18432 6.24948 0.50365 -1.59310 3.92179 0.04282 -0.10133 6.26243 -0.11449</float_array>
     <technique_common>
      <accessor count="26" source="#realb07-lib-positions-array" stride="3">
       <param name="X" type="float"/>
       <param name="Y" type="float"/>
       <param name="Z" type="float"/>
      </accessor>
     </technique_common>
    </source>
    <source id="realb07-lib-normals" name="normal">
     <float_array id="realb07-lib-normals-array" count="306">0.68778 -0.02522 -0.72548 0.65083 0.06100 -0.75677 0.58106 0.11419 -0.80581 0.68778 -0.02522 -0.72548 0.73078 -0.04525 -0.68111 0.65083 0.06100 -0.75677 0.68065 -0.13880 -0.71934 0.73078 -0.04525 -0.68111 0.68778 -0.02522 -0.72548 0.72741 -0.18948 0.65952 0.72075 -0.17713 0.67019 0.72832 -0.01201 0.68514 0.73943 0.12043 0.66237 0.73477 0.00521 0.67830 0.75682 0.10091 0.64579 0.73943 0.12043 0.66237 0.72832 -0.01201 0.68514 0.73477 0.00521 0.67830 -0.68622 -0.23377 -0.68880 -0.63520 -0.33244 -0.69714 -0.58127 -0.36486 -0.72732 -0.68622 -0.23377 -0.68880 -0.78528 -0.23809 -0.57154 -0.63520 -0.33244 -0.69714 -0.91854 -0.17163 -0.35613 -0.78528 -0.23809 -0.57154 -0.68622 -0.23377 -0.68880 -0.91854 -0.17163 -0.35613 -0.85539 -0.18478 0.48390 -0.78528 -0.23809 -0.57154 -0.78524 -0.32472 0.52721 -0.77360 -0.34987 0.52833 -0.77007 -0.33526 0.54276 -0.78524 -0.32472 0.52721 -0.76367 -0.29502 0.57426 -0.77360 -0.34987 0.52833 -0.85539 -0.18478 0.48390 -0.76367 -0.29502 0.57426 -0.78524 -0.32472 0.52721 -0.85539 -0.18478 0.48390 -0.61076 -0.08855 0.78685 -0.76367 -0.29502 0.57426 -0.65083 0.06100 -0.75677 -0.68778 -0.02522 -0.72548 -0.58106 0.11419 -0.80581 -0.65083 0.06100 -0.75677 -0.73078 -0.04525 -0.68111 -0.68778 -0.02522 -0.72548 -0.73477 0.00521 0.67830 -0.72832 -0.01201 0.68514 -0.73943 0.12043 0.66237 -0.73477 0.00521 0.67830 -0.72075 -0.17713 0.67019 -0.72832 -0.01201 0.68514 0.82442 -0.30648 0.47582 0.77360 -0.34987 0.52833 0.76367 -0.29502 0.57426 0.82442 -0.30648 0.47582 0.77007 -0.33526 0.54276 0.77360 -0.34987 0.52833 0.68622 -0.23377 -0.68880 0.63520 -0.33244 -0.69714 0.71746 -0.23752 -0.65486 0.68622 -0.23377 -0.68880 0.58127 -0.36486 -0.72732 0.63520 -0.33244 -0.69714 -0.75682 0.10091 0.64579 -0.73477 0.00521 0.67830 -0.73943 0.12043 0.66237 0.61076 -0.08855 0.78685 0.85539 -0.18478 0.48390 0.76367 -0.29502 0.57426 -0.72741 -0.18948 0.65952 -0.72832 -0.01201 0.68514 -0.72075 -0.17713 0.67019 -0.68065 -0.13880 -0.71934 -0.68778 -0.02522 -0.72548 -0.73078 -0.04525 -0.68111 -0.63113 -0.19044 -0.75193 -0.68778 -0.02522 -0.72548 -0.68065 -0.13880 -0.71934 0.85539 -0.18478 0.48390 0.82442 -0.30648 0.47582 0.76367 -0.29502 0.57426 0.85539 -0.18478 0.48390 0.91854 -0.17163 -0.35613 0.82442 -0.30648 0.47582 0.91854 -0.17163 -0.35613 0.68622 -0.23377 -0.68880 0.71746 -0.23752 -0.65486 0.91854 -0.17163 -0.35613 0.63798 -0.09492 -0.76418 0.68622 -0.23377 -0.68880 0.72075 -0.17713 0.67019 0.73477 0.00521 0.67830 0.72832 -0.01201 0.68514 0.68778 -0.02522 -0.72548 0.63113 -0.19044 -0.75193 0.68065 -0.13880 -0.71934 -0.68622 -0.23377 -0.68880 -0.63798 -0.09492 -0.76418 -0.91854 -0.17163 -0.35613</float_array>
     <technique_common>
      <accessor count="102" source="#realb07-lib-normals-array" stride="3">
       <param name="X" type="float"/>
       <param name="Y" type="float"/>
       <param name="Z" type="float"/>
      </accessor>
     </technique_common>
    </source>
    <source id="realb07-lib-texcoords">
     <float_array id="realb07-lib-texcoords-array" count="204">10.00391 -1.49414 7.63672 -0.00977 10.00391 -0.00977 10.00391 -1.49414 7.63672 -1.49414 7.63672 -0.00977 7.63672 -3.01172 7.63672 -1.49414 10.00391 -1.49414 7.63672 -3.01172 5.05664 -3.02930 7.63672 -1.49414 7.63672 -0.00977 5.05664 -1.49414 5.05664 -0.00977 7.63672 -0.00977 7.63672 -1.49414 5.05664 -1.49414 0.01953 -1.49414 2.46289 -3.01172 0.01953 -2.99805 0.01953 -1.49414 2.46289 -1.49414 2.46289 -3.01172 2.46289 -0.00977 2.46289 -1.49414 0.01953 -1.49414 2.46289 -0.00977 3.40625 -0.00977 2.46289 -1.49414 2.46289 -1.49414 5.05664 -3.02930 2.46289 -3.01172 2.46289 -1.49414 5.05664 -1.49414 5.05664 -3.02930 3.40625 -0.00977 5.05664 -1.49414 2.46289 -1.49414 3.40625 -0.00977 5.05664 -0.00977 5.05664 -1.49414 7.63672 -0.00977 10.00391 -1.49414 10.00391 -0.00977 7.63672 -0.00977 7.63672 -1.49414 10.00391 -1.49414 5.05664 -1.49414 7.63672 -1.49414 7.63672 -0.00977 5.05664 -1.49414 5.05664 -3.02930 7.63672 -1.49414 2.46289 -1.49414 5.05664 -3.02930 5.05664 -1.49414 2.46289 -1.49414 2.46289 -3.01172 5.05664 -3.02930 0.01953 -1.49414 2.46289 -3.01172 2.46289 -1.49414 0.01953 -1.49414 0.01953 -2.99805 2.46289 -3.01172 5.05664 -0.00977 5.05664 -1.49414 7.63672 -0.00977 5.05664 -0.00977 3.40625 -0.00977 5.05664 -1.49414 7.63672 -3.01172 7.63672 -1.49414 5.05664 -3.02930 7.63672 -3.01172 10.00391 -1.49414 7.63672 -1.49414 10.00391 -2.99805 10.00391 -1.49414 7.63672 -3.01172 3.40625 -0.00977 2.46289 -1.49414 5.05664 -1.49414 3.40625 -0.00977 2.46289 -0.00977 2.46289 -1.49414 2.46289 -0.00977 0.01953 -1.49414 2.46289 -1.49414 2.46289 -0.00977 0.01953 -0.00977 0.01953 -1.49414 5.05664 -3.02930 5.05664 -1.49414 7.63672 -1.49414 10.00391 -1.49414 10.00391 -2.99805 7.63672 -3.01172 0.01953 -1.49414 0.01953 -0.00977 2.46289 -0.00977</float_array>
     <technique_common>
      <accessor count="102" offset="0" source="#realb07-lib-texcoords-array" stride="2">
       <param name="U" type="float"/>
       <param name="V" type="float"/>
      </accessor>
     </technique_common>
    </source>
    <vertices id="realb07-lib-vertices">
     <input semantic="POSITION" source="#realb07-lib-positions"/>
    </vertices>
    <polylist count="34" material="mat2.png">
     <input offset="0" semantic="VERTEX" source="#realb07-lib-vertices"/>
     <input offset="1" semantic="NORMAL" source="#realb07-lib-normals"/>
     <input offset="2" semantic="TEXCOORD" source="#realb07-lib-texcoords"/>
     <vcount>3 3 3 3 3 3 3 3 3 3 3 3 3 3 3 3 3 3 3 3 3 3 3 3 3 3 3 3 3 3 3 3 3 3</vcount>
     <p>0 2 2 1 1 1 2 0 0 1 5 5 3 4 4 2 3 3 2 8 8 3 7 7 4 6 6 3 11 11 5 10 10 4 9 9 6 14 14 7 13 13 1 12 12 7 17 17 3 16 16 1 15 15 8 20 20 9 19 19 2 18 18 9 23 23 10 22 22 2 21 21 2 26 26 10 25 25 11 24 24 10 29 29 12 28 28 11 27 27 9 32 32 5 31 31 10 30 30 5 35 35 7 34 34 10 33 33 10 38 38 7 37 37 12 36 36 7 41 41 6 40 40 12 39 39 13 44 44 14 43 43 15 42 42 14 47 47 16 46 46 15 45 45 15 50 50 16 49 49 17 48 48 16 53 53 18 52 52 17 51 51 17 56 56 18 55 55 19 54 54 18 59 59 20 58 58 19 57 57 19 62 62 20 61 61 14 60 60 20 65 65 21 64 64 14 63 63 15 68 68 17 67 67 22 66 66 17 71 71 23 70 70 22 69 69 18 74 74 16 73 73 24 72 72 16 77 77 14 76 76 24 75 75 24 80 80 14 79 79 21 78 78 17 83 83 19 82 82 23 81 81 19 86 86 25 85 85 23 84 84 19 89 89 14 88 88 25 87 87 14 92 92 13 91 91 25 90 90 3 95 95 7 94 94 5 93 93 4 98 98 8 97 97 2 96 96 11 101 101 0 100 100 2 99 99</p>
    </polylist>
   </mesh>
  </geometry>
  <geometry id="realb07_1-lib" name="realb07_1">
   <mesh>
    <source id="realb07_1-lib-positions" name="position">
     <float_array id="realb07_1-lib-positions-array" count="75">0.44531 11.00418 -0.03277 0.62134 10.89576 0.47834 0.50171 11.32481 0.50437 0.71777 10.84997 0.01078 0.00000 10.52455 -0.61078 0.80444 10.22792 -0.61271 0.00000 9.72807 -0.82743 0.40283 10.88609 0.70360 1.05444 10.50505 0.67314 0.37549 10.35912 0.92108 0.39307 11.25874 0.65813 1.40137 10.88432 0.18026 1.24487 10.42035 -0.35158 0.00000 10.88430 -0.42355 -0.44531 11.00418 -0.03277 -0.62134 10.89576 0.47834 -0.39307 11.25874 0.65813 -0.40283 10.88609 0.70360 -0.50171 11.32481 0.50437 -1.05444 10.50505 0.67314 -0.37549 10.35912 0.92108 -0.71777 10.84997 0.01078 -1.40137 10.88432 0.18026 -1.24487 10.42035 -0.35158 -0.80444 10.22792 -0.61271</float_array>
     <technique_common>
      <accessor count="25" source="#realb07_1-lib-positions-array" stride="3">
       <param name="X" type="float"/>
       <param name="Y" type="float"/>
       <param name="Z" type="float"/>
      </accessor>
     </technique_common>
    </source>
    <source id="realb07_1-lib-normals" name="normal">
     <float_array id="realb07_1-lib-normals-array" count="252">0.60429 0.61137 -0.51093 0.74511 0.61516 0.25765 0.92867 0.24187 0.28118 0.60429 0.61137 -0.51093 0.39509 0.79980 -0.45191 0.74511 0.61516 0.25765 -0.00000 0.48707 -0.87336 0.39509 0.79980 -0.45191 0.60429 0.61137 -0.51093 -0.00000 0.48707 -0.87336 0.16441 0.59611 -0.78589 0.39509 0.79980 -0.45191 -0.00000 0.26247 -0.96494 0.16441 0.59611 -0.78589 -0.00000 0.48707 -0.87336 0.53311 0.37815 0.75683 0.26020 0.76296 0.59176 0.25141 0.35806 0.89921 0.53311 0.37815 0.75683 0.74511 0.61516 0.25765 0.26020 0.76296 0.59176 0.74760 0.14964 0.64707 0.74511 0.61516 0.25765 0.53311 0.37815 0.75683 0.74760 0.14964 0.64707 0.92867 0.24187 0.28118 0.74511 0.61516 0.25765 0.39509 0.79980 -0.45191 0.26020 0.76296 0.59176 0.74511 0.61516 0.25765 -0.17144 0.83543 0.52218 -0.17144 0.83543 0.52218 0.26020 0.76296 0.59176 0.11327 0.71812 -0.68664 0.13035 0.72780 -0.67329 0.39509 0.79980 -0.45191 0.54744 0.38633 -0.74233 -0.00000 0.48707 -0.87336 0.60429 0.61137 -0.51093 -0.54744 0.38633 -0.74233 -0.60429 0.61137 -0.51093 -0.00000 0.48707 -0.87336 -0.74511 0.61516 0.25765 -0.74760 0.14964 0.64707 -0.53311 0.37815 0.75683 -0.74511 0.61516 0.25765 -0.92867 0.24187 0.28118 -0.74760 0.14964 0.64707 -0.60429 0.61137 -0.51093 -0.92867 0.24187 0.28118 -0.74511 0.61516 0.25765 -0.26020 0.76296 0.59176 -0.53311 0.37815 0.75683 -0.25141 0.35806 0.89921 -0.26020 0.76296 0.59176 -0.74511 0.61516 0.25765 -0.53311 0.37815 0.75683 -0.39509 0.79980 -0.45191 -0.74511 0.61516 0.25765 -0.26020 0.76296 0.59176 -0.39509 0.79980 -0.45191 -0.60429 0.61137 -0.51093 -0.74511 0.61516 0.25765 -0.00000 0.48707 -0.87336 -0.60429 0.61137 -0.51093 -0.39509 0.79980 -0.45191 0.17144 0.83543 0.52218 0.17144 0.83543 0.52218 -0.26020 0.76296 0.59176 -0.13035 0.72780 -0.67329 -0.11327 0.71812 -0.68664 -0.39509 0.79980 -0.45191 -0.16441 0.59611 -0.78589 -0.39509 0.79980 -0.45191 -0.11327 0.71812 -0.68664 -0.16441 0.59611 -0.78589 -0.00000 0.48707 -0.87336 -0.39509 0.79980 -0.45191 -0.00000 0.26247 -0.96494 -0.00000 0.48707 -0.87336 -0.16441 0.59611 -0.78589 0.39509 0.79980 -0.45191 0.16441 0.59611 -0.78589 0.11327 0.71812 -0.68664</float_array>
     <technique_common>
      <accessor count="84" source="#realb07_1-lib-normals-array" stride="3">
       <param name="X" type="float"/>
       <param name="Y" type="float"/>
       <param name="Z" type="float"/>
      </accessor>
     </technique_common>
    </source>
    <source id="realb07_1-lib-texcoords">
     <float_array id="realb07_1-lib-texcoords-array" count="168">3.51074 -0.39355 3.33984 -0.61328 3.25488 -0.34570 3.51074 -0.39355 3.61523 -0.48633 3.33984 -0.61328 3.77051 -0.17871 3.61523 -0.48633 3.51074 -0.39355 3.77051 -0.17871 3.96094 -0.48145 3.61523 -0.48633 4.01660 -0.19629 3.96094 -0.48145 3.77051 -0.17871 3.03516 -0.67578 3.53320 -0.95215 2.99609 -0.93945 3.03516 -0.67578 3.33984 -0.61328 3.53320 -0.95215 3.13965 -0.33984 3.33984 -0.61328 3.03516 -0.67578 3.13965 -0.33984 3.25488 -0.34570 3.33984 -0.61328 3.61523 -0.48633 3.53320 -0.95215 3.33984 -0.61328 3.61523 -0.48633 3.77734 -0.89746 3.53320 -0.95215 3.92969 -0.67090 3.77734 -0.89746 3.61523 -0.48633 3.57031 -0.19922 3.77051 -0.17871 3.51074 -0.39355 3.57031 -0.19922 3.51074 -0.39355 3.77051 -0.17871 3.33984 -0.61328 3.13965 -0.33984 3.03516 -0.67578 3.33984 -0.61328 3.25488 -0.34570 3.13965 -0.33984 3.51074 -0.39355 3.25488 -0.34570 3.33984 -0.61328 3.53320 -0.95215 3.03516 -0.67578 2.99609 -0.93945 3.53320 -0.95215 3.33984 -0.61328 3.03516 -0.67578 3.61523 -0.48633 3.33984 -0.61328 3.53320 -0.95215 3.61523 -0.48633 3.51074 -0.39355 3.33984 -0.61328 3.77051 -0.17871 3.51074 -0.39355 3.61523 -0.48633 3.77734 -0.89746 3.61523 -0.48633 3.53320 -0.95215 3.77734 -0.89746 3.92969 -0.67090 3.61523 -0.48633 3.96094 -0.48145 3.61523 -0.48633 3.92969 -0.67090 3.96094 -0.48145 3.77051 -0.17871 3.61523 -0.48633 4.01660 -0.19629 3.77051 -0.17871 3.96094 -0.48145 3.61523 -0.48633 3.96094 -0.48145 3.92969 -0.67090</float_array>
     <technique_common>
      <accessor count="84" offset="0" source="#realb07_1-lib-texcoords-array" stride="2">
       <param name="U" type="float"/>
       <param name="V" type="float"/>
      </accessor>
     </technique_common>
    </source>
    <vertices id="realb07_1-lib-vertices">
     <input semantic="POSITION" source="#realb07_1-lib-positions"/>
    </vertices>
    <polylist count="28" material="mat5.png">
     <input offset="0" semantic="VERTEX" source="#realb07_1-lib-vertices"/>
     <input offset="1" semantic="NORMAL" source="#realb07_1-lib-normals"/>
     <input offset="2" semantic="TEXCOORD" source="#realb07_1-lib-texcoords"/>
     <vcount>3 3 3 3 3 3 3 3 3 3 3 3 3 3 3 3 3 3 3 3 3 3 3 3 3 3 3 3</vcount>
     <p>2 2 2 1 1 1 0 0 0 1 5 5 3 4 4 0 3 3 0 8 8 3 7 7 4 6 6 3 11 11 5 10 10 4 9 9 4 14 14 5 13 13 6 12 12 9 17 17 8 16 16 7 15 15 8 20 20 1 19 19 7 18 18 7 23 23 1 22 22 10 21 21 1 26 26 2 25 25 10 24 24 1 29 29 8 28 28 3 27 27 8 32 32 11 31 31 3 30 30 3 35 35 11 34 34 12 33 33 0 38 38 4 37 37 13 36 36 4 41 41 14 40 40 13 39 39 17 44 44 16 43 43 15 42 42 16 47 47 18 46 46 15 45 45 15 50 50 18 49 49 14 48 48 20 53 53 17 52 52 19 51 51 17 56 56 15 55 55 19 54 54 19 59 59 15 58 58 21 57 57 15 62 62 14 61 61 21 60 60 21 65 65 14 64 64 4 63 63 19 68 68 21 67 67 22 66 66 21 71 71 23 70 70 22 69 69 23 74 74 21 73 73 24 72 72 21 77 77 4 76 76 24 75 75 24 80 80 4 79 79 6 78 78 12 83 83 5 82 82 3 81 81</p>
    </polylist>
   </mesh>
  </geometry>
  <geometry id="realb07_2-lib" name="realb07_2">
   <mesh>
    <source id="realb07_2-lib-positions" name="position">
     <float_array id="realb07_2-lib-positions-array" count="174">1.33635 10.86759 0.17462 0.91838 10.65582 -0.09854 1.11661 10.47499 -0.22282 0.87421 10.67997 0.17466 1.07397 10.48672 0.70785 3.22754 10.64535 0.14736 1.42639 10.42445 0.65921 1.97907 10.91230 0.17451 3.15424 10.28248 0.42724 3.46899 10.68526 0.05810 3.54168 10.28938 0.62423 5.35681 10.31173 0.37837 1.86233 2.74473 -0.13915 1.26802 3.37088 0.50130 1.62762 3.64402 0.04312 1.28657 2.71916 0.38134 1.33599 1.32390 0.17892 0.72001 2.69402 -0.16176 1.04259 1.32392 -0.16145 1.53953 10.20438 -0.45230 3.35051 10.18841 -0.18769 1.60809 0.91062 0.22601 1.09028 0.92324 0.26332 1.59826 1.32385 -0.20776 5.34809 10.17398 -0.05556 5.38170 10.41841 0.09884 1.06190 0.72994 -0.06875 0.81101 3.64416 0.00001 -1.33627 10.86775 0.17461 -0.91838 10.65582 -0.09854 -0.87421 10.67997 0.17466 -1.11661 10.47499 -0.22282 -1.53953 10.20438 -0.45230 -1.07397 10.48672 0.70785 -1.42639 10.42445 0.65921 -3.22754 10.64535 0.14736 -3.15424 10.28248 0.42724 -1.97907 10.91230 0.17451 -3.35051 10.18841 -0.18769 -1.26802 3.37088 0.50130 -1.86233 2.74473 -0.13915 -1.62762 3.64402 0.04312 -1.28657 2.71916 0.38134 -0.72001 2.69402 -0.16176 -1.33599 1.32390 0.17892 -1.04259 1.32392 -0.16145 -3.46899 10.68526 0.05810 -5.38170 10.41841 0.09884 -5.34809 10.17398 -0.05556 -5.35681 10.31173 0.37837 -3.54168 10.28938 0.62423 -1.09028 0.92324 0.26332 -1.06190 0.72994 -0.06875 -1.60809 0.91062 0.22601 -1.59826 1.32385 -0.20776 -1.77855 0.70881 -0.18353 1.77855 0.70881 -0.18353 -0.81101 3.64416 0.00001</float_array>
     <technique_common>
      <accessor count="58" source="#realb07_2-lib-positions-array" stride="3">
       <param name="X" type="float"/>
       <param name="Y" type="float"/>
       <param name="Z" type="float"/>
      </accessor>
     </technique_common>
    </source>
    <source id="realb07_2-lib-normals" name="normal">
     <float_array id="realb07_2-lib-normals-array" count="558">-0.12271 0.91503 0.38426 -0.08748 0.84765 -0.52329 0.08865 0.68368 -0.72438 -0.12271 0.91503 0.38426 -0.37227 0.91700 0.14329 -0.08748 0.84765 -0.52329 -0.00021 0.81379 0.58116 -0.37227 0.91700 0.14329 -0.12271 0.91503 0.38426 0.17927 0.58055 0.79424 0.12977 0.70629 0.69593 0.09093 0.64816 0.75605 0.17927 0.58055 0.79424 -0.02238 0.67768 0.73501 0.12977 0.70629 0.69593 0.01472 0.77278 0.63451 -0.02238 0.67768 0.73501 0.17927 0.58055 0.79424 0.01472 0.77278 0.63451 -0.08844 0.81093 0.57842 -0.02238 0.67768 0.73501 0.11055 0.90705 0.40625 -0.08844 0.81093 0.57842 0.01472 0.77278 0.63451 0.71264 -0.06675 0.69834 0.72792 -0.01033 0.68558 0.76421 0.06950 0.64121 0.71264 -0.06675 0.69834 0.66965 -0.10073 0.73582 0.72792 -0.01033 0.68558 0.63585 0.16717 0.75349 0.66965 -0.10073 0.73582 0.71264 -0.06675 0.69834 -0.73619 0.15457 0.65889 -0.70752 -0.11646 0.69703 -0.68185 -0.14078 0.71782 -0.83198 0.05347 0.55222 -0.70752 -0.11646 0.69703 -0.73619 0.15457 0.65889 -0.12271 0.91503 0.38426 0.12977 0.70629 0.69593 -0.00021 0.81379 0.58116 -0.12271 0.91503 0.38426 0.09093 0.64816 0.75605 0.12977 0.70629 0.69593 0.05550 0.65730 -0.75158 0.05676 0.64054 -0.76582 -0.01671 0.68414 -0.72916 0.05550 0.65730 -0.75158 0.02492 0.52766 -0.84909 0.05676 0.64054 -0.76582 0.63585 0.16717 0.75349 0.68874 0.35840 0.63023 -0.28096 0.35972 0.88975 0.63585 0.16717 0.75349 0.86240 0.13354 0.48829 0.68874 0.35840 0.63023 0.02492 0.52766 -0.84909 -0.08253 0.57476 -0.81415 0.05676 0.64054 -0.76582 0.02492 0.52766 -0.84909 -0.13757 0.47032 -0.87171 -0.08253 0.57476 -0.81415 0.08634 0.50786 -0.85710 -0.13757 0.47032 -0.87171 0.02492 0.52766 -0.84909 0.08634 0.50786 -0.85710 0.09100 0.52285 -0.84755 -0.13757 0.47032 -0.87171 -0.83198 0.05347 0.55222 -0.99530 -0.01748 0.09526 -0.99530 -0.01748 0.09526 -0.83198 0.05347 0.55222 -0.73619 0.15457 0.65889 -0.28096 0.35972 0.88975 -0.70752 -0.11646 0.69703 -0.72157 -0.08845 0.68667 -0.68185 -0.14078 0.71782 -0.70752 -0.11646 0.69703 -0.74934 -0.04076 0.66093 -0.72157 -0.08845 0.68667 0.05430 0.75364 -0.65504 0.08769 0.84755 -0.52342 0.37260 0.91686 0.14331 0.05430 0.75364 -0.65504 -0.08851 0.68359 -0.72448 0.08769 0.84755 -0.52342 -0.05551 0.65725 -0.75162 -0.08851 0.68359 -0.72448 0.05430 0.75364 -0.65504 0.00029 0.81370 0.58129 0.10128 0.78915 0.60579 0.37260 0.91686 0.14331 0.00029 0.81370 0.58129 -0.12981 0.70620 0.69601 0.10128 0.78915 0.60579 -0.17927 0.58055 0.79424 -0.12981 0.70620 0.69601 0.02238 0.67768 0.73501 -0.17927 0.58055 0.79424 -0.09097 0.64813 0.75608 -0.12981 0.70620 0.69601 -0.02492 0.52766 -0.84909 -0.05682 0.64052 -0.76584 0.08253 0.57476 -0.81415 -0.02492 0.52766 -0.84909 -0.05551 0.65725 -0.75162 -0.05682 0.64052 -0.76584 -0.72792 -0.01033 0.68558 -0.71264 -0.06675 0.69834 -0.76421 0.06950 0.64121 -0.72792 -0.01033 0.68558 -0.66965 -0.10073 0.73582 -0.71264 -0.06675 0.69834 0.70752 -0.11646 0.69703 0.68185 -0.14078 0.71782 0.72157 -0.08845 0.68667 0.70752 -0.11646 0.69703 0.55089 0.17026 0.81702 0.68185 -0.14078 0.71782 0.83198 0.05347 0.55222 0.55089 0.17026 0.81702 0.70752 -0.11646 0.69703 -0.09097 0.64813 0.75608 0.10128 0.78915 0.60579 -0.12981 0.70620 0.69601 -0.05682 0.64052 -0.76584 -0.05551 0.65725 -0.75162 0.05430 0.75364 -0.65504 0.13757 0.47032 -0.87171 -0.09100 0.52285 -0.84755 -0.08634 0.50786 -0.85710 -0.01472 0.77278 0.63451 -0.11055 0.90705 0.40625 -0.12114 0.92376 0.36332 0.08844 0.81093 0.57842 -0.11055 0.90705 0.40625 -0.01472 0.77278 0.63451 -0.02492 0.52766 -0.84909 0.13757 0.47032 -0.87171 -0.08634 0.50786 -0.85710 -0.02492 0.52766 -0.84909 0.08253 0.57476 -0.81415 0.13757 0.47032 -0.87171 -0.01472 0.77278 0.63451 0.02238 0.67768 0.73501 0.08844 0.81093 0.57842 -0.01472 0.77278 0.63451 -0.17927 0.58055 0.79424 0.02238 0.67768 0.73501 0.92881 0.21178 0.30406 0.83198 0.05347 0.55222 0.99530 -0.01748 0.09526 0.92881 0.21178 0.30406 0.55089 0.17026 0.81702 0.83198 0.05347 0.55222 -0.68874 0.35840 0.63023 0.55089 0.17026 0.81702 -0.07483 0.16139 0.98405 -0.68874 0.35840 0.63023 -0.86240 0.13354 0.48829 -0.79315 0.15306 0.58948 -0.92717 0.28152 0.24718 -0.86240 0.13354 0.48829 -0.68874 0.35840 0.63023 -0.71264 -0.06675 0.69834 -0.79315 0.15306 0.58948 -0.86240 0.13354 0.48829 -0.71264 -0.06675 0.69834 -0.66965 -0.10073 0.73582 -0.79315 0.15306 0.58948 0.01472 0.77278 0.63451 0.12114 0.92376 0.36332 0.11055 0.90705 0.40625 -0.01671 0.68414 -0.72916 0.08865 0.68368 -0.72438 0.05550 0.65730 -0.75158 0.86240 0.13354 0.48829 0.92717 0.28152 0.24718 0.68874 0.35840 0.63023 0.71264 -0.06675 0.69834 0.86240 0.13354 0.48829 0.63585 0.16717 0.75349 0.72157 -0.08845 0.68667 0.74934 -0.04076 0.66093 0.70752 -0.11646 0.69703</float_array>
     <technique_common>
      <accessor count="186" source="#realb07_2-lib-normals-array" stride="3">
       <param name="X" type="float"/>
       <param name="Y" type="float"/>
       <param name="Z" type="float"/>
      </accessor>
     </technique_common>
    </source>
    <source id="realb07_2-lib-texcoords">
     <float_array id="realb07_2-lib-texcoords-array" count="372">1.48242 -4.63672 1.29297 -5.00000 1.17969 -4.89453 1.48242 -4.63672 1.47852 -5.02344 1.29297 -5.00000 1.86133 -4.85742 1.47852 -5.02344 1.48242 -4.63672 1.48438 -2.98633 1.83984 -4.52734 1.49023 -4.17773 1.48438 -2.98633 1.77539 -2.97656 1.83984 -4.52734 1.44727 -2.80664 1.77539 -2.97656 1.48438 -2.98633 1.44727 -2.80664 1.75586 -2.66992 1.77539 -2.97656 1.69336 -0.91992 1.75586 -2.66992 1.44727 -2.80664 -0.07617 -2.29883 -0.51172 -1.26953 -0.19922 -1.26953 -0.07617 -2.29883 -0.51562 -2.25391 -0.51172 -1.26953 -0.52930 -3.62695 -0.51562 -2.25391 -0.07617 -2.29883 -0.52930 -3.62695 -0.93750 -2.29883 -0.51562 -2.25391 -0.83008 -3.64453 -0.93750 -2.29883 -0.52930 -3.62695 1.48242 -4.63672 1.83984 -4.52734 1.86133 -4.85742 1.48242 -4.63672 1.49023 -4.17773 1.83984 -4.52734 1.07227 -4.57422 1.49023 -4.17773 1.48242 -4.63672 1.07227 -4.57422 1.20312 -2.90234 1.49023 -4.17773 -0.52930 -3.62695 -0.36133 -3.94922 -0.65039 -3.94922 -0.52930 -3.62695 -0.21875 -3.64453 -0.36133 -3.94922 1.20312 -2.90234 1.48438 -2.98633 1.49023 -4.17773 1.20312 -2.90234 1.44727 -2.80664 1.48438 -2.98633 1.27930 -0.91992 1.44727 -2.80664 1.20312 -2.90234 1.27930 -0.91992 1.48047 -0.91992 1.44727 -2.80664 -0.83203 -3.64648 -0.65039 -3.94922 -0.80273 -4.04297 -0.83203 -3.64648 -0.52930 -3.62695 -0.65039 -3.94922 -0.93750 -2.29883 -0.51172 -1.26953 -0.51562 -2.25391 -0.93750 -2.29883 -0.82617 -1.26953 -0.51172 -1.26953 1.48242 -4.63672 1.29297 -5.00000 1.47852 -5.02344 1.48242 -4.63672 1.17969 -4.89453 1.29297 -5.00000 1.07227 -4.57422 1.17969 -4.89453 1.48242 -4.63672 1.86133 -4.85742 1.48242 -4.63672 1.47852 -5.02344 1.86133 -4.85742 1.83984 -4.52734 1.48242 -4.63672 1.48438 -2.98633 1.83984 -4.52734 1.77539 -2.97656 1.48438 -2.98633 1.49023 -4.17773 1.83984 -4.52734 1.20312 -2.90234 1.49023 -4.17773 1.48438 -2.98633 1.20312 -2.90234 1.07227 -4.57422 1.49023 -4.17773 -0.51172 -1.26953 -0.07617 -2.29883 -0.19922 -1.26953 -0.51172 -1.26953 -0.51562 -2.25391 -0.07617 -2.29883 -0.93750 -2.29883 -0.51562 -2.25391 -0.51172 -1.26953 -0.93750 -2.29883 -0.52930 -3.62695 -0.51562 -2.25391 -0.83008 -3.64453 -0.52930 -3.62695 -0.93750 -2.29883 1.49023 -4.17773 1.48242 -4.63672 1.83984 -4.52734 1.49023 -4.17773 1.07227 -4.57422 1.48242 -4.63672 1.44727 -2.80664 1.48047 -0.91992 1.27930 -0.91992 1.44727 -2.80664 1.69336 -0.91992 1.48047 -0.91992 1.75586 -2.66992 1.69336 -0.91992 1.44727 -2.80664 1.20312 -2.90234 1.44727 -2.80664 1.27930 -0.91992 1.20312 -2.90234 1.48438 -2.98633 1.44727 -2.80664 1.44727 -2.80664 1.77539 -2.97656 1.75586 -2.66992 1.44727 -2.80664 1.48438 -2.98633 1.77539 -2.97656 -0.65039 -3.94922 -0.83203 -3.64648 -0.80273 -4.04297 -0.65039 -3.94922 -0.52930 -3.62695 -0.83203 -3.64648 -0.36133 -3.94922 -0.52930 -3.62695 -0.65039 -3.94922 -0.36133 -3.94922 -0.21875 -3.64453 -0.52930 -3.62695 -0.21289 -4.04297 -0.21875 -3.64453 -0.36133 -3.94922 -0.07617 -2.29883 -0.52930 -3.62695 -0.22266 -3.64453 -0.07617 -2.29883 -0.51562 -2.25391 -0.52930 -3.62695 1.44727 -2.80664 1.48047 -0.91992 1.69336 -0.91992 1.48242 -4.63672 1.17969 -4.89453 1.07227 -4.57422 -0.21875 -3.64453 -0.21289 -4.04297 -0.36133 -3.94922 -0.07617 -2.29883 -0.22266 -3.64453 -0.52930 -3.62695 -0.51172 -1.26953 -0.82617 -1.26953 -0.93750 -2.29883</float_array>
     <technique_common>
      <accessor count="186" offset="0" source="#realb07_2-lib-texcoords-array" stride="2">
       <param name="U" type="float"/>
       <param name="V" type="float"/>
      </accessor>
     </technique_common>
    </source>
    <vertices id="realb07_2-lib-vertices">
     <input semantic="POSITION" source="#realb07_2-lib-positions"/>
    </vertices>
    <polylist count="62" material="mat1.png">
     <input offset="0" semantic="VERTEX" source="#realb07_2-lib-vertices"/>
     <input offset="1" semantic="NORMAL" source="#realb07_2-lib-normals"/>
     <input offset="2" semantic="TEXCOORD" source="#realb07_2-lib-texcoords"/>
     <vcount>3 3 3 3 3 3 3 3 3 3 3 3 3 3 3 3 3 3 3 3 3 3 3 3 3 3 3 3 3 3 3 3 3 3 3 3 3 3 3 3 3 3 3 3 3 3 3 3 3 3 3 3 3 3 3 3 3 3 3 3 3 3</vcount>
     <p>2 2 2 1 1 1 0 0 0 1 5 5 3 4 4 0 3 3 0 8 8 3 7 7 4 6 6 7 11 11 6 10 10 5 9 9 6 14 14 8 13 13 5 12 12 5 17 17 8 16 16 9 15 15 8 20 20 10 19 19 9 18 18 9 23 23 10 22 22 11 21 21 14 26 26 13 25 25 12 24 24 13 29 29 15 28 28 12 27 27 12 32 32 15 31 31 16 30 30 15 35 35 17 34 34 16 33 33 16 38 38 17 37 37 18 36 36 4 41 41 6 40 40 0 39 39 6 44 44 7 43 43 0 42 42 0 47 47 7 46 46 19 45 45 7 50 50 20 49 49 19 48 48 22 53 53 21 52 52 16 51 51 21 56 56 23 55 55 16 54 54 7 59 59 5 58 58 20 57 57 5 62 62 9 61 61 20 60 60 20 65 65 9 64 64 24 63 63 9 68 68 25 67 67 24 66 66 26 71 71 22 70 70 18 69 69 22 74 74 16 73 73 18 72 72 15 77 77 13 76 76 17 75 75 13 80 80 27 79 79 17 78 78 30 83 83 29 82 82 28 81 81 29 86 86 31 85 85 28 84 84 28 89 89 31 88 88 32 87 87 30 92 92 28 91 91 33 90 90 28 95 95 34 94 94 33 93 93 36 98 98 34 97 97 35 96 96 34 101 101 37 100 100 35 99 99 35 104 104 37 103 103 38 102 102 37 107 107 32 106 106 38 105 105 41 110 110 40 109 109 39 108 108 40 113 113 42 112 112 39 111 111 39 116 116 42 115 115 43 114 114 42 119 119 44 118 118 43 117 117 43 122 122 44 121 121 45 120 120 34 125 125 28 124 124 37 123 123 28 128 128 32 127 127 37 126 126 48 131 131 47 130 130 46 129 129 47 134 134 49 133 133 46 132 132 46 137 137 49 136 136 50 135 135 48 140 140 46 139 139 38 138 138 46 143 143 35 142 142 38 141 141 50 146 146 36 145 145 46 144 144 36 149 149 35 148 148 46 147 147 52 152 152 45 151 151 51 150 150 45 155 155 44 154 154 51 153 153 51 158 158 44 157 157 53 156 156 44 161 161 54 160 160 53 159 159 53 164 164 54 163 163 55 162 162 54 167 167 44 166 166 40 165 165 44 170 170 42 169 169 40 168 168 11 173 173 25 172 172 9 171 171 19 176 176 2 175 175 0 174 174 21 179 179 56 178 178 23 177 177 16 182 182 23 181 181 12 180 180 43 185 185 57 184 184 39 183 183</p>
    </polylist>
   </mesh>
  </geometry>
  <geometry id="realb07_3-lib" name="realb07_3">
   <mesh>
    <source id="realb07_3-lib-positions" name="position">
     <float_array id="realb07_3-lib-positions-array" count="444">1.04259 1.32392 -0.16145 1.46036 0.39613 -0.72352 1.29250 1.32385 -0.44984 1.06190 0.72994 -0.06875 1.59826 1.32385 -0.20776 1.30495 2.85863 -0.90498 1.86233 2.74473 -0.13915 0.96684 0.00179 -0.61855 0.87345 0.00214 0.14741 0.94951 0.60045 0.44423 0.61635 0.00245 1.01424 0.73360 0.33446 1.14639 0.93187 0.00246 1.19685 0.98741 0.23025 1.10329 1.26288 0.40572 1.64529 1.11769 0.57798 0.64613 2.34498 0.40592 1.30413 1.90598 0.46947 0.50422 2.07394 0.00248 0.42694 2.01261 0.00206 0.00417 1.76259 0.00190 -0.70620 3.33211 9.94475 0.05164 5.35681 10.31173 0.37837 5.34807 10.08890 0.21706 3.54168 10.28938 0.62423 3.15424 10.28248 0.42724 1.75946 9.86032 0.37193 1.42639 10.42445 0.65921 3.22289 10.03070 0.10379 1.09028 0.92324 0.26332 1.60809 0.91062 0.22601 1.77855 0.70881 -0.18353 0.81101 3.64416 0.00001 1.18337 3.76514 -0.28946 0.72001 2.69402 -0.16176 3.35051 10.18841 -0.18769 1.53953 10.20438 -0.45230 5.34809 10.17398 -0.05556 2.51775 0.00168 1.17840 1.07780 0.00142 1.68720 1.12661 9.97346 -0.43423 1.11661 10.47499 -0.22282 1.45021 9.84390 0.39754 1.62762 3.64402 0.04312 1.43321 0.51271 -1.53649 2.05074 10.02575 1.04650 2.03049 10.99089 0.20143 2.66727 10.85925 0.21186 1.74729 10.41635 0.77498 1.39453 10.08953 0.99340 1.65658 10.70086 -0.43398 1.25024 10.23135 -0.63419 1.96151 10.37334 -0.59365 1.10962 10.70298 -0.57256 0.00000 10.09385 -0.89942 0.00000 10.60737 -0.68836 -2.07394 0.00248 0.42694 -0.93187 0.00246 1.19685 -2.01261 0.00206 0.00417 -2.51775 0.00168 1.17840 -1.04259 1.32392 -0.16145 -1.46036 0.39613 -0.72352 -1.06190 0.72994 -0.06875 -1.29250 1.32385 -0.44984 -1.30495 2.85863 -0.90498 -1.59826 1.32385 -0.20776 -1.86233 2.74473 -0.13915 -1.62762 3.64402 0.04312 -0.96684 0.00179 -0.61855 -0.87345 0.00214 0.14741 -0.61635 0.00245 1.01424 -1.76259 0.00190 -0.70620 -0.73360 0.33446 1.14639 -1.11769 0.57798 0.64613 -0.94951 0.60045 0.44423 -0.98741 0.23025 1.10329 -1.26288 0.40572 1.64529 -2.34498 0.40592 1.30413 -1.90598 0.46947 0.50422 -3.15424 10.28248 0.42724 -1.75946 9.86032 0.37193 -3.22289 10.03070 0.10379 -1.42639 10.42445 0.65921 -3.33211 9.94475 0.05164 -3.54168 10.28938 0.62423 -1.60809 0.91062 0.22601 -1.77855 0.70881 -0.18353 -1.09028 0.92324 0.26332 -0.81101 3.64416 0.00001 -1.18337 3.76514 -0.28946 -0.72001 2.69402 -0.16176 -5.34807 10.08890 0.21706 -3.35051 10.18841 -0.18769 -5.34809 10.17398 -0.05556 -5.35681 10.31173 0.37837 -1.07780 0.00142 1.68720 -1.53953 10.20438 -0.45230 -1.12661 9.97346 -0.43423 -1.11661 10.47499 -0.22282 -1.43321 0.51271 -1.53649 -1.45021 9.84390 0.39754 1.52905 9.64045 1.14712 0.00000 9.79266 1.31666 0.00000 9.37948 1.45113 -1.52808 9.64045 1.14712 -1.39356 10.08953 0.99340 -2.04976 10.02577 1.04671 -2.02927 10.99094 0.20139 -2.66629 10.85929 0.21183 -1.74632 10.41639 0.77495 -1.10864 10.70298 -0.57256 -1.24927 10.23135 -0.63419 -1.65560 10.70090 -0.43401 -1.96054 10.37339 -0.59369 0.44913 0.00062 1.63129 2.23761 0.00249 2.01441 2.17193 0.00259 1.30430 1.81472 0.00253 1.42899 2.00188 0.40683 1.41361 1.25259 0.00232 2.26349 1.43849 0.00246 1.56024 1.07780 0.00239 1.68720 1.26288 0.40670 1.64529 2.65013 0.00258 1.74616 2.51775 0.00266 1.17840 2.34498 0.40689 1.30413 3.14779 11.17702 0.08932 3.46899 10.68526 0.05810 3.22754 10.64535 0.14736 1.82429 0.00241 2.18396 1.63347 0.40677 1.53071 -0.44913 0.00062 1.63129 -2.17193 0.00259 1.30430 -2.23761 0.00249 2.01441 -1.81472 0.00253 1.42899 -2.00188 0.40683 1.41361 -1.43849 0.00246 1.56024 -1.25259 0.00232 2.26349 -1.07780 0.00239 1.68720 -1.26288 0.40670 1.64529 -2.51775 0.00266 1.17840 -2.65013 0.00258 1.74616 -2.34498 0.40689 1.30413 -3.46899 10.68526 0.05810 -3.14779 11.17702 0.08932 -3.22754 10.64535 0.14736 -1.82429 0.00241 2.18396 -1.63347 0.40677 1.53071</float_array>
     <technique_common>
      <accessor count="148" source="#realb07_3-lib-positions-array" stride="3">
       <param name="X" type="float"/>
       <param name="Y" type="float"/>
       <param name="Z" type="float"/>
      </accessor>
     </technique_common>
    </source>
    <source id="realb07_3-lib-normals" name="normal">
     <float_array id="realb07_3-lib-normals-array" count="1638">-0.78362 -0.10066 -0.61303 -0.73280 0.61021 -0.30108 -0.75432 -0.06118 -0.65365 -0.78362 -0.10066 -0.61303 -0.92393 0.17645 -0.33945 -0.73280 0.61021 -0.30108 0.69018 0.05090 -0.72185 0.77368 0.13252 -0.61956 0.62031 0.03744 -0.78346 0.69018 0.05090 -0.72185 0.81155 0.09390 -0.57669 0.77368 0.13252 -0.61956 -0.92393 0.17645 -0.33945 -0.78852 0.55298 -0.26916 -0.73280 0.61021 -0.30108 -0.92393 0.17645 -0.33945 -0.95578 0.22749 -0.18639 -0.78852 0.55298 -0.26916 -0.91462 0.40052 0.05534 -0.95578 0.22749 -0.18639 -0.92393 0.17645 -0.33945 -0.91462 0.40052 0.05534 -0.90769 0.36099 -0.21398 -0.95578 0.22749 -0.18639 -0.87204 0.46924 -0.13916 -0.90769 0.36099 -0.21398 -0.91462 0.40052 0.05534 0.25432 0.39602 0.88232 0.18052 0.25230 0.95066 -0.49403 -0.16531 0.85358 0.34276 0.50809 0.79017 0.18052 0.25230 0.95066 0.25432 0.39602 0.88232 -0.83504 0.47994 0.26902 -0.84919 0.45859 0.26187 -0.87401 0.37836 0.30488 -0.13808 0.89002 0.43450 -0.84919 0.45859 0.26187 -0.83504 0.47994 0.26902 -0.13808 0.89002 0.43450 0.08726 0.99150 0.09652 0.05105 0.98539 0.16247 0.53796 0.82204 0.18669 0.08726 0.99150 0.09652 -0.13808 0.89002 0.43450 0.86615 0.36756 -0.33866 0.87993 0.38061 -0.28435 0.78501 0.43393 -0.44213 0.94004 0.28280 -0.19068 0.87993 0.38061 -0.28435 0.86615 0.36756 -0.33866 0.00018 -1.00000 -0.00105 0.00000 -1.00000 0.00033 0.00055 -1.00000 -0.00089 0.00018 -1.00000 -0.00105 0.00017 -1.00000 0.00046 0.00000 -1.00000 0.00033 0.00015 -1.00000 0.00019 0.00017 -1.00000 0.00046 0.00018 -1.00000 -0.00105 -0.13808 0.89002 0.43450 -0.87204 0.46924 -0.13916 -0.21882 0.93288 0.28612 -0.13808 0.89002 0.43450 0.34276 0.50809 0.79017 0.25432 0.39602 0.88232 0.00000 -1.00000 0.00033 -0.02461 -0.97429 -0.22395 -0.02119 -0.98083 -0.19369 0.00000 -1.00000 0.00033 0.00017 -1.00000 0.00046 -0.02461 -0.97429 -0.22395 -0.12907 -0.82378 0.55202 -0.00373 -0.65341 0.75700 -0.02462 -0.58558 0.81024 -0.12907 -0.82378 0.55202 -0.03944 -0.84967 0.52584 -0.00373 -0.65341 0.75700 -0.04521 -0.75530 0.65381 -0.03944 -0.84967 0.52584 -0.12907 -0.82378 0.55202 -0.04521 -0.75530 0.65381 0.10223 -0.44279 0.89078 0.09093 -0.40877 0.90810 -0.04521 -0.75530 0.65381 -0.16361 -0.79500 0.58413 0.10223 -0.44279 0.89078 -0.90254 0.42658 0.05880 -0.91462 0.40052 0.05534 -0.92393 0.17645 -0.33945 -0.90254 0.42658 0.05880 -0.13808 0.89002 0.43450 -0.91462 0.40052 0.05534 0.48883 0.71507 0.49972 -0.13808 0.89002 0.43450 0.06608 0.74332 0.66567 0.48883 0.71507 0.49972 0.53796 0.82204 0.18669 -0.13808 0.89002 0.43450 0.87161 0.33745 -0.35556 0.53796 0.82204 0.18669 0.48883 0.71507 0.49972 0.87161 0.33745 -0.35556 0.94004 0.28280 -0.19068 0.53796 0.82204 0.18669 0.83337 0.45035 -0.32043 0.94004 0.28280 -0.19068 0.87161 0.33745 -0.35556 -0.71689 0.28318 -0.63708 -0.76832 0.03290 -0.63922 -0.64215 0.36981 -0.67148 -0.71689 0.28318 -0.63708 -0.78489 -0.00836 -0.61958 -0.76832 0.03290 -0.63922 0.69018 0.05090 -0.72185 0.76969 0.50803 -0.38663 0.87161 0.33745 -0.35556 0.69018 0.05090 -0.72185 0.62031 0.03744 -0.78346 0.76969 0.50803 -0.38663 -0.78362 -0.10066 -0.61303 -0.76832 0.03290 -0.63922 -0.78489 -0.00836 -0.61958 -0.78362 -0.10066 -0.61303 -0.75432 -0.06118 -0.65365 -0.76832 0.03290 -0.63922 0.10391 -0.93474 -0.33981 -0.02659 -0.80384 -0.59425 0.26654 -0.86209 -0.43099 0.10391 -0.93474 -0.33981 -0.25377 -0.79986 -0.54389 -0.02659 -0.80384 -0.59425 -0.02659 -0.80384 -0.59425 0.02352 -0.93771 -0.34662 0.01281 -0.95452 -0.29788 -0.02659 -0.80384 -0.59425 -0.29074 -0.65920 -0.69349 0.02352 -0.93771 -0.34662 -0.25377 -0.79986 -0.54389 -0.29074 -0.65920 -0.69349 -0.02659 -0.80384 -0.59425 -0.16361 -0.79500 0.58413 -0.04521 -0.75530 0.65381 -0.12907 -0.82378 0.55202 0.30653 -0.13652 0.94202 0.32760 -0.07120 0.94213 0.29655 -0.16578 0.94052 0.30653 -0.13652 0.94202 0.33266 -0.05471 0.94146 0.32760 -0.07120 0.94213 0.00018 -1.00000 -0.00105 -0.00051 -1.00000 -0.00197 -0.00050 -1.00000 -0.00106 -0.24729 0.37217 -0.89462 -0.24729 0.37217 -0.89462 -0.24729 0.37217 -0.89462 0.34946 -0.85024 -0.39366 0.10391 -0.93474 -0.33981 0.26654 -0.86209 -0.43099 0.03835 -0.98498 -0.16834 0.10391 -0.93474 -0.33981 0.34946 -0.85024 -0.39366 0.09681 -0.40568 0.90887 0.09093 -0.40877 0.90810 0.10223 -0.44279 0.89078 0.77368 0.13252 -0.61956 0.69239 0.42202 -0.58524 0.60179 0.50231 -0.62091 0.77368 0.13252 -0.61956 0.81155 0.09390 -0.57669 0.69239 0.42202 -0.58524 -0.78852 0.55298 -0.26916 -0.60127 0.78789 0.13306 -0.73280 0.61021 -0.30108 -0.02119 -0.98083 -0.19369 -0.02461 -0.97429 -0.22395 -0.05573 -0.86011 -0.50705 0.04311 0.53681 0.84260 0.13412 0.65440 0.74416 0.12324 0.65520 0.74534 0.04311 0.53681 0.84260 0.10752 0.62243 0.77525 0.13412 0.65440 0.74416 0.04109 0.40045 0.91540 0.10752 0.62243 0.77525 0.04311 0.53681 0.84260 0.25181 0.52307 -0.81424 0.15632 0.24067 -0.95794 0.18647 0.62094 -0.76136 0.25181 0.52307 -0.81424 0.19282 0.21646 -0.95706 0.15632 0.24067 -0.95794 0.19282 0.21646 -0.95706 -0.00005 0.32841 -0.94453 0.15632 0.24067 -0.95794 0.19282 0.21646 -0.95706 -0.00003 0.38016 -0.92492 -0.00005 0.32841 -0.94453 -0.00015 -1.00000 0.00019 -0.00018 -1.00000 -0.00105 -0.00017 -1.00000 0.00046 -0.00015 -1.00000 0.00019 0.00050 -1.00000 -0.00106 -0.00018 -1.00000 -0.00105 0.78362 -0.10066 -0.61303 0.73280 0.61021 -0.30108 0.92393 0.17645 -0.33945 0.78362 -0.10066 -0.61303 0.75432 -0.06118 -0.65365 0.73280 0.61021 -0.30108 -0.77368 0.13252 -0.61956 -0.69018 0.05090 -0.72185 -0.62031 0.03744 -0.78346 -0.77368 0.13252 -0.61956 -0.81155 0.09390 -0.57669 -0.69018 0.05090 -0.72185 -0.69239 0.42202 -0.58524 -0.81155 0.09390 -0.57669 -0.77368 0.13252 -0.61956 0.78852 0.55298 -0.26916 0.92393 0.17645 -0.33945 0.73280 0.61021 -0.30108 0.78852 0.55298 -0.26916 0.95578 0.22749 -0.18639 0.92393 0.17645 -0.33945 -0.00000 -1.00000 0.00033 -0.00018 -1.00000 -0.00105 -0.00055 -1.00000 -0.00089 -0.00000 -1.00000 0.00033 -0.00017 -1.00000 0.00046 -0.00018 -1.00000 -0.00105 0.02461 -0.97429 -0.22395 -0.00017 -1.00000 0.00046 -0.00000 -1.00000 0.00033 -0.40603 0.57712 0.70857 0.13808 0.89002 0.43450 0.80028 0.56810 0.19189 -0.40603 0.57712 0.70857 -0.34276 0.50809 0.79017 0.13808 0.89002 0.43450 0.90769 0.36099 -0.21398 0.92717 0.25432 -0.27509 0.95578 0.22749 -0.18639 0.90769 0.36099 -0.21398 0.90242 0.39085 -0.18133 0.80028 0.56810 0.19189 -0.18052 0.25230 0.95066 0.49403 -0.16531 0.85358 0.49403 -0.16531 0.85358 -0.18052 0.25230 0.95066 -0.34276 0.50809 0.79017 -0.40603 0.57712 0.70857 0.84919 0.45859 0.26187 0.83504 0.47994 0.26902 0.87401 0.37836 0.30488 0.84919 0.45859 0.26187 0.13808 0.89002 0.43450 0.83504 0.47994 0.26902 -0.08726 0.99150 0.09652 0.13808 0.89002 0.43450 -0.05105 0.98539 0.16247 -0.08726 0.99150 0.09652 -0.70015 0.71397 0.00499 0.13808 0.89002 0.43450 0.04521 -0.75530 0.65381 -0.10223 -0.44279 0.89078 0.16361 -0.79500 0.58413 0.04521 -0.75530 0.65381 -0.09093 -0.40877 0.90810 -0.10223 -0.44279 0.89078 0.04521 -0.75530 0.65381 0.12907 -0.82378 0.55202 0.03944 -0.84967 0.52584 0.04521 -0.75530 0.65381 0.16361 -0.79500 0.58413 0.12907 -0.82378 0.55202 -0.48883 0.71507 0.49972 -0.70015 0.71397 0.00499 -0.87161 0.33745 -0.35556 -0.48883 0.71507 0.49972 0.13808 0.89002 0.43450 -0.70015 0.71397 0.00499 0.10608 0.73461 0.67015 0.13808 0.89002 0.43450 -0.48883 0.71507 0.49972 0.10608 0.73461 0.67015 0.80028 0.56810 0.19189 0.13808 0.89002 0.43450 0.92393 0.17645 -0.33945 0.80028 0.56810 0.19189 0.93278 0.34044 -0.11843 0.92393 0.17645 -0.33945 0.95578 0.22749 -0.18639 0.80028 0.56810 0.19189 -0.87161 0.33745 -0.35556 -0.83337 0.45035 -0.32043 -0.76969 0.50803 -0.38663 -0.87161 0.33745 -0.35556 -0.94004 0.28280 -0.19068 -0.83337 0.45035 -0.32043 -0.70015 0.71397 0.00499 -0.94004 0.28280 -0.19068 -0.87161 0.33745 -0.35556 -0.70015 0.71397 0.00499 -0.87993 0.38061 -0.28435 -0.94004 0.28280 -0.19068 -0.78501 0.43393 -0.44213 -0.87993 0.38061 -0.28435 -0.70015 0.71397 0.00499 -0.78501 0.43393 -0.44213 -0.76221 0.46565 -0.44967 -0.87993 0.38061 -0.28435 0.76832 0.03290 -0.63922 0.71689 0.28318 -0.63708 0.64215 0.36981 -0.67148 0.76832 0.03290 -0.63922 0.78489 -0.00836 -0.61958 0.71689 0.28318 -0.63708 0.78362 -0.10066 -0.61303 0.78489 -0.00836 -0.61958 0.76832 0.03290 -0.63922 -0.69018 0.05090 -0.72185 -0.76969 0.50803 -0.38663 -0.62031 0.03744 -0.78346 -0.69018 0.05090 -0.72185 -0.87161 0.33745 -0.35556 -0.76969 0.50803 -0.38663 -0.02352 -0.93771 -0.34662 0.02659 -0.80384 -0.59425 -0.01281 -0.95452 -0.29788 -0.02352 -0.93771 -0.34662 0.29074 -0.65920 -0.69349 0.02659 -0.80384 -0.59425 0.00373 -0.65341 0.75700 0.12907 -0.82378 0.55202 0.02462 -0.58558 0.81024 0.00373 -0.65341 0.75700 0.03944 -0.84967 0.52584 0.12907 -0.82378 0.55202 -0.32760 -0.07120 0.94213 -0.30653 -0.13652 0.94202 -0.29655 -0.16578 0.94052 -0.32760 -0.07120 0.94213 -0.33266 -0.05471 0.94146 -0.30653 -0.13652 0.94202 0.24729 0.37217 -0.89462 0.24729 0.37217 -0.89462 0.24729 0.37217 -0.89462 -0.26654 -0.86209 -0.43099 -0.10391 -0.93474 -0.33981 -0.34946 -0.85024 -0.39366 0.02659 -0.80384 -0.59425 -0.10391 -0.93474 -0.33981 -0.26654 -0.86209 -0.43099 0.02659 -0.80384 -0.59425 0.25377 -0.79986 -0.54389 -0.10391 -0.93474 -0.33981 0.60127 0.78789 0.13306 0.78852 0.55298 -0.26916 0.73280 0.61021 -0.30108 0.05573 -0.86011 -0.50705 0.02461 -0.97429 -0.22395 0.02119 -0.98083 -0.19369 -0.76969 0.50803 -0.38663 -0.83337 0.45035 -0.32043 -0.79085 0.60897 0.06092 -0.09681 -0.40568 0.90887 -0.10223 -0.44279 0.89078 -0.09093 -0.40877 0.90810 -0.03835 -0.98498 -0.16834 -0.34946 -0.85024 -0.39366 -0.10391 -0.93474 -0.33981 0.05657 0.33330 0.94112 0.04109 0.40045 0.91540 0.04311 0.53681 0.84260 0.05657 0.33330 0.94112 -0.00005 0.31864 0.94788 0.04109 0.40045 0.91540 -0.00004 0.30946 0.95091 -0.00005 0.31864 0.94788 0.05657 0.33330 0.94112 -0.00004 0.30946 0.95091 -0.05648 0.33327 0.94114 -0.00005 0.31864 0.94788 0.23579 0.75748 -0.60879 0.18647 0.62094 -0.76136 0.16947 0.77116 -0.61367 0.23579 0.75748 -0.60879 0.25181 0.52307 -0.81424 0.18647 0.62094 -0.76136 -0.05648 0.33327 0.94114 -0.04095 0.40050 0.91538 -0.00005 0.31864 0.94788 -0.05648 0.33327 0.94114 -0.04285 0.53690 0.84256 -0.04095 0.40050 0.91538 -0.13405 0.65452 0.74407 -0.04285 0.53690 0.84256 -0.12322 0.65531 0.74524 -0.13405 0.65452 0.74407 -0.10726 0.62261 0.77515 -0.04285 0.53690 0.84256 -0.19285 0.21649 -0.95705 -0.00005 0.32841 -0.94453 -0.00003 0.38016 -0.92492 -0.19285 0.21649 -0.95705 -0.15635 0.24067 -0.95793 -0.00005 0.32841 -0.94453 -0.25183 0.52310 -0.81422 -0.15635 0.24067 -0.95793 -0.19285 0.21649 -0.95705 -0.25183 0.52310 -0.81422 -0.18643 0.62096 -0.76135 -0.15635 0.24067 -0.95793 -0.23578 0.75751 -0.60875 -0.18643 0.62096 -0.76135 -0.25183 0.52310 -0.81422 -0.23578 0.75751 -0.60875 -0.16943 0.77119 -0.61364 -0.18643 0.62096 -0.76135 0.87161 0.33745 -0.35556 0.76969 0.50803 -0.38663 0.83337 0.45035 -0.32043 -0.00050 -1.00000 -0.00106 0.00015 -1.00000 0.00019 0.00018 -1.00000 -0.00105 0.87993 0.38061 -0.28435 0.76221 0.46565 -0.44967 0.78501 0.43393 -0.44213 -0.84919 0.45859 0.26187 -0.86776 0.42408 0.25915 -0.87401 0.37836 0.30488 0.79085 0.60897 0.06092 0.83337 0.45035 -0.32043 0.76969 0.50803 -0.38663 0.00151 -1.00000 -0.00256 0.00018 -1.00000 -0.00105 0.00055 -1.00000 -0.00089 0.59447 0.45573 0.66251 0.25432 0.39602 0.88232 0.18052 0.25230 0.95066 -0.88225 0.40624 -0.23789 -0.90769 0.36099 -0.21398 -0.87204 0.46924 -0.13916 0.00013 -1.00000 -0.00017 0.00013 -1.00000 -0.00017 0.00013 -1.00000 -0.00017 0.91016 0.40562 -0.08413 -0.75328 0.36939 0.54417 -0.75328 0.36939 0.54417 -0.75328 0.36939 0.54417 0.00013 -1.00000 -0.00017 0.00013 -1.00000 -0.00017 0.00013 -1.00000 -0.00017 0.90782 0.34387 0.24004 0.90782 0.34387 0.24004 0.90782 0.34387 0.24004 -0.86667 0.42398 0.26291 -0.86667 0.42398 0.26291 0.00013 -1.00000 -0.00017 0.00013 -1.00000 -0.00017 0.00013 -1.00000 -0.00017 0.87563 0.43774 -0.20409 0.87563 0.43774 -0.20409 0.87563 0.43774 -0.20409 -0.65166 0.27921 0.70526 -0.65166 0.27921 0.70526 0.32089 0.15022 0.93513 0.32089 0.15022 0.93513 0.00013 -1.00000 -0.00017 0.00013 -1.00000 -0.00017 0.00013 -1.00000 -0.00017 0.91133 0.41152 -0.01148 -0.77594 0.40928 0.48000 -0.77594 0.40928 0.48000 -0.77594 0.40928 0.48000 -0.00000 -1.00000 0.00033 0.02119 -0.98083 -0.19369 0.02461 -0.97429 -0.22395 0.76832 0.03290 -0.63922 0.75432 -0.06118 -0.65365 0.78362 -0.10066 -0.61303 0.25377 -0.79986 -0.54389 0.02659 -0.80384 -0.59425 0.29074 -0.65920 -0.69349 0.00050 -1.00000 -0.00106 0.00051 -1.00000 -0.00197 -0.00018 -1.00000 -0.00105 0.87401 0.37836 0.30488 0.86776 0.42408 0.25915 0.84919 0.45859 0.26187 -0.77368 0.13252 -0.61956 -0.60179 0.50231 -0.62091 -0.69239 0.42202 -0.58524 -0.00018 -1.00000 -0.00105 -0.00151 -1.00000 -0.00256 -0.00055 -1.00000 -0.00089 -0.40603 0.57712 0.70857 -0.59447 0.45573 0.66251 -0.18052 0.25230 0.95066 0.90769 0.36099 -0.21398 0.88225 0.40624 -0.23789 0.90242 0.39085 -0.18133 -0.00013 -1.00000 -0.00017 -0.00013 -1.00000 -0.00017 -0.00013 -1.00000 -0.00017 -0.91016 0.40562 -0.08413 -0.91016 0.40562 -0.08413 -0.91016 0.40562 -0.08413 0.75328 0.36939 0.54417 0.75328 0.36939 0.54417 0.75328 0.36939 0.54417 -0.00013 -1.00000 -0.00017 -0.00013 -1.00000 -0.00017 -0.00013 -1.00000 -0.00017 -0.90782 0.34387 0.24004 -0.90782 0.34387 0.24004 -0.90782 0.34387 0.24004 0.86667 0.42398 0.26291 0.86667 0.42398 0.26291 0.86667 0.42398 0.26291 -0.00013 -1.00000 -0.00017 -0.00013 -1.00000 -0.00017 -0.87563 0.43774 -0.20409 -0.87563 0.43774 -0.20409 -0.87563 0.43774 -0.20409 0.65166 0.27921 0.70526 0.65166 0.27921 0.70526 0.65166 0.27921 0.70526 -0.32089 0.15022 0.93513 -0.32089 0.15022 0.93513 -0.00013 -1.00000 -0.00017 -0.00013 -1.00000 -0.00017 -0.00013 -1.00000 -0.00017 -0.91133 0.41152 -0.01148 -0.91133 0.41152 -0.01148 -0.91133 0.41152 -0.01148 0.77594 0.40928 0.48000 0.77594 0.40928 0.48000 0.77594 0.40928 0.48000 -0.04285 0.53690 0.84256 -0.10726 0.62261 0.77515 -0.04095 0.40050 0.91538</float_array>
     <technique_common>
      <accessor count="543" source="#realb07_3-lib-normals-array" stride="3">
       <param name="X" type="float"/>
       <param name="Y" type="float"/>
       <param name="Z" type="float"/>
      </accessor>
     </technique_common>
    </source>
    <source id="realb07_3-lib-texcoords">
     <float_array id="realb07_3-lib-texcoords-array" count="1104">2.78027 -2.57031 2.71191 -2.69336 2.72559 -2.58008 2.78027 -2.57031 2.78906 -2.66016 2.71191 -2.69336 2.78418 -2.57129 2.72656 -2.26953 2.72949 -2.58105 2.78418 -2.57129 2.80566 -2.28418 2.72656 -2.26953 0.19141 -0.58984 0.02148 -0.48828 0.10254 -0.47168 0.19141 -0.58984 0.02930 -0.62305 0.02148 -0.48828 0.15820 -0.68457 0.02930 -0.62305 0.19141 -0.58984 0.15820 -0.68457 0.00586 -0.76758 0.02930 -0.62305 0.08301 -0.78418 0.00586 -0.76758 0.15820 -0.68457 0.08301 -0.78418 0.06836 -0.88281 0.00586 -0.76758 0.11816 -0.85156 0.06836 -0.88281 0.08301 -0.78418 0.11816 -0.85156 0.16309 -0.94141 0.06836 -0.88281 0.21484 -0.73438 0.16309 -0.94141 0.11816 -0.85156 0.21484 -0.73438 0.36230 -0.96289 0.16309 -0.94141 0.35547 -0.74316 0.36230 -0.96289 0.21484 -0.73438 0.35547 -0.74316 0.45801 -0.80957 0.36230 -0.96289 0.51758 -0.73242 0.45801 -0.80957 0.35547 -0.74316 0.68066 -0.79199 0.86523 -0.82422 0.71094 -0.73828 0.68066 -0.79199 0.85254 -0.96582 0.86523 -0.82422 0.76367 -0.98047 0.85254 -0.96582 0.68066 -0.79199 0.21484 -0.73438 0.08301 -0.78418 0.15820 -0.68457 0.21484 -0.73438 0.11816 -0.85156 0.08301 -0.78418 0.86523 -0.82422 0.96680 -0.94727 0.97852 -0.85938 0.86523 -0.82422 0.85254 -0.96582 0.96680 -0.94727 0.89941 -0.63379 0.85059 -0.02930 0.90527 -0.04395 0.89941 -0.63379 0.76270 -0.55273 0.85059 -0.02930 0.80176 -0.67285 0.76270 -0.55273 0.89941 -0.63379 0.63965 -0.02832 0.54688 -0.42969 0.39941 -0.43945 0.63965 -0.02832 0.72949 -0.05078 0.54688 -0.42969 0.22949 -0.64746 0.15820 -0.68457 0.19141 -0.58984 0.22949 -0.64746 0.21484 -0.73438 0.15820 -0.68457 0.35156 -0.65723 0.21484 -0.73438 0.22949 -0.64746 0.35156 -0.65723 0.35547 -0.74316 0.21484 -0.73438 0.43945 -0.62109 0.35547 -0.74316 0.35156 -0.65723 0.43945 -0.62109 0.51758 -0.73242 0.35547 -0.74316 0.59375 -0.64941 0.51758 -0.73242 0.43945 -0.62109 2.82715 -2.03613 2.73633 -2.26758 2.76660 -2.03418 2.82715 -2.03613 2.81152 -2.28223 2.73633 -2.26758 2.78320 -2.57129 2.70898 -2.69434 2.78418 -2.66113 2.78320 -2.57129 2.72949 -2.58105 2.70898 -2.69434 2.78125 -2.57031 2.73633 -2.26758 2.81152 -2.28223 2.78125 -2.57031 2.72559 -2.58008 2.73633 -2.26758 0.54688 -0.42969 0.81152 -0.04004 0.71289 -0.55078 0.54688 -0.42969 0.72949 -0.05078 0.81152 -0.04004 0.96680 -0.63965 0.90527 -0.04395 0.96777 -0.04980 0.96680 -0.63965 0.89941 -0.63379 0.90527 -0.04395 0.88672 -0.67285 0.89941 -0.63379 0.96680 -0.63965 0.88672 -0.67285 0.80176 -0.67285 0.89941 -0.63379 0.61230 -0.97266 0.51953 -0.80664 0.52930 -0.95215 0.61230 -0.97266 0.59863 -0.77734 0.51953 -0.80664 0.68066 -0.79199 0.59863 -0.77734 0.61230 -0.97266 0.65723 -0.65918 0.71289 -0.55078 0.75781 -0.66504 0.65723 -0.65918 0.54688 -0.42969 0.71289 -0.55078 0.51367 -0.50977 0.54688 -0.42969 0.65723 -0.65918 0.51367 -0.50977 0.39941 -0.43945 0.54688 -0.42969 2.72656 -2.26953 2.82422 -2.03809 2.76270 -2.03516 2.72656 -2.26953 2.80566 -2.28418 2.82422 -2.03809 0.30664 -0.19043 0.02832 -0.03711 0.26465 -0.02832 0.30664 -0.19043 0.19336 -0.30957 0.02832 -0.03711 0.48828 -0.19922 0.45508 -0.02441 0.59473 -0.02539 0.48828 -0.19922 0.39648 -0.14453 0.45508 -0.02441 0.32422 -0.29395 0.39648 -0.14453 0.48828 -0.19922 0.40234 -0.13379 0.40039 -0.34570 0.49707 -0.18555 0.40234 -0.13379 0.32422 -0.29395 0.40039 -0.34570 0.32422 -0.29395 0.22070 -0.54883 0.40039 -0.34570 0.32422 -0.29395 0.14844 -0.46484 0.22070 -0.54883 0.76367 -0.98047 0.68066 -0.79199 0.85254 -0.96582 0.76367 -0.98047 0.61230 -0.97266 0.68066 -0.79199 2.78027 -2.57031 2.71191 -2.69336 2.78906 -2.66016 2.78027 -2.57031 2.72559 -2.58008 2.71191 -2.69336 2.72656 -2.26953 2.78418 -2.57129 2.72949 -2.58105 2.72656 -2.26953 2.80566 -2.28418 2.78418 -2.57129 2.82422 -2.03809 2.80566 -2.28418 2.72656 -2.26953 0.02148 -0.48828 0.19141 -0.58984 0.10254 -0.47168 0.02148 -0.48828 0.02930 -0.62305 0.19141 -0.58984 0.86523 -0.82422 0.68066 -0.79199 0.71094 -0.73828 0.86523 -0.82422 0.85254 -0.96582 0.68066 -0.79199 0.96680 -0.94727 0.85254 -0.96582 0.86523 -0.82422 0.08301 -0.78418 0.21484 -0.73438 0.15820 -0.68457 0.08301 -0.78418 0.11816 -0.85156 0.21484 -0.73438 0.00586 -0.76758 0.15820 -0.68457 0.02930 -0.62305 0.00586 -0.76758 0.08301 -0.78418 0.15820 -0.68457 0.06836 -0.88281 0.08301 -0.78418 0.00586 -0.76758 0.06836 -0.88281 0.11816 -0.85156 0.08301 -0.78418 0.16309 -0.94141 0.11816 -0.85156 0.06836 -0.88281 0.16309 -0.94141 0.21484 -0.73438 0.11816 -0.85156 0.36230 -0.96289 0.21484 -0.73438 0.16309 -0.94141 0.36230 -0.96289 0.35547 -0.74316 0.21484 -0.73438 0.63965 -0.02832 0.54688 -0.42969 0.72949 -0.05078 0.63965 -0.02832 0.39941 -0.43945 0.54688 -0.42969 0.80176 -0.67285 0.89941 -0.63379 0.76270 -0.55273 0.80176 -0.67285 0.88672 -0.67285 0.89941 -0.63379 0.35156 -0.65723 0.35547 -0.74316 0.43945 -0.62109 0.35156 -0.65723 0.21484 -0.73438 0.35547 -0.74316 0.22949 -0.64746 0.21484 -0.73438 0.35156 -0.65723 0.22949 -0.64746 0.15820 -0.68457 0.21484 -0.73438 0.19141 -0.58984 0.15820 -0.68457 0.22949 -0.64746 0.19141 -0.58984 0.02930 -0.62305 0.15820 -0.68457 0.43945 -0.62109 0.59375 -0.64941 0.52148 -0.57129 0.43945 -0.62109 0.51758 -0.73242 0.59375 -0.64941 0.35547 -0.74316 0.51758 -0.73242 0.43945 -0.62109 0.35547 -0.74316 0.45801 -0.80957 0.51758 -0.73242 0.36230 -0.96289 0.45801 -0.80957 0.35547 -0.74316 0.36230 -0.96289 0.39355 -0.99219 0.45801 -0.80957 2.73633 -2.26758 2.82715 -2.03613 2.76660 -2.03418 2.73633 -2.26758 2.81152 -2.28223 2.82715 -2.03613 2.78125 -2.57031 2.81152 -2.28223 2.73633 -2.26758 2.78320 -2.57129 2.70898 -2.69434 2.72949 -2.58105 2.78320 -2.57129 2.78418 -2.66113 2.70898 -2.69434 0.90527 -0.04395 0.96680 -0.63965 0.96777 -0.04980 0.90527 -0.04395 0.89941 -0.63379 0.96680 -0.63965 0.85059 -0.02930 0.89941 -0.63379 0.90527 -0.04395 0.85059 -0.02930 0.76270 -0.55273 0.89941 -0.63379 0.51953 -0.80664 0.61230 -0.97266 0.52930 -0.95215 0.51953 -0.80664 0.59863 -0.77734 0.61230 -0.97266 0.71289 -0.55078 0.65723 -0.65918 0.75781 -0.66504 0.71289 -0.55078 0.54688 -0.42969 0.65723 -0.65918 0.81152 -0.04004 0.54688 -0.42969 0.71289 -0.55078 0.81152 -0.04004 0.72949 -0.05078 0.54688 -0.42969 0.02832 -0.03711 0.30664 -0.19043 0.26465 -0.02832 0.02832 -0.03711 0.19336 -0.30957 0.30664 -0.19043 0.02637 -0.27344 0.19336 -0.30957 0.02832 -0.03711 0.51367 -0.50977 0.54688 -0.42969 0.39941 -0.43945 0.51367 -0.50977 0.65723 -0.65918 0.54688 -0.42969 0.39746 -0.34668 0.32422 -0.29395 0.48828 -0.19922 0.39746 -0.34668 0.14844 -0.46582 0.32422 -0.29395 0.22070 -0.54980 0.14844 -0.46582 0.39746 -0.34668 0.22070 -0.54980 0.39746 -0.34668 0.14844 -0.46582 0.45605 -0.02344 0.49707 -0.18555 0.59375 -0.02637 0.45605 -0.02344 0.40234 -0.13379 0.49707 -0.18555 0.39746 -0.34668 0.32422 -0.29395 0.14844 -0.46582 0.39746 -0.34668 0.48828 -0.19922 0.32422 -0.29395 0.45508 -0.02441 0.48828 -0.19922 0.59473 -0.02539 0.45508 -0.02441 0.39648 -0.14453 0.48828 -0.19922 0.32422 -0.29395 0.22070 -0.54883 0.14844 -0.46484 0.32422 -0.29395 0.40039 -0.34570 0.22070 -0.54883 0.40234 -0.13379 0.40039 -0.34570 0.32422 -0.29395 0.40234 -0.13379 0.49707 -0.18555 0.40039 -0.34570 0.45605 -0.02344 0.49707 -0.18555 0.40234 -0.13379 0.45605 -0.02344 0.59375 -0.02637 0.49707 -0.18555 0.43945 -0.62109 0.52148 -0.57129 0.59375 -0.64941 0.61230 -0.97266 0.76367 -0.98047 0.68066 -0.79199 0.45801 -0.80957 0.39355 -0.99219 0.36230 -0.96289 0.16309 -0.94141 0.13281 -0.98535 0.06836 -0.88281 0.02832 -0.03711 0.19336 -0.30957 0.02637 -0.27344 0.02832 -0.03711 0.30371 -0.18945 0.19238 -0.30957 0.02734 -0.03809 0.26367 -0.02930 0.30664 -0.18848 0.02734 -0.03906 0.19434 -0.30957 0.02539 -0.27441 0.02930 -0.03516 0.30469 -0.18848 0.19434 -0.30957 0.03125 -0.03711 0.26465 -0.02832 0.30371 -0.18945 0.02832 -0.03711 0.19336 -0.30957 0.02441 -0.27441 0.02637 -0.03516 0.30078 -0.18945 0.19531 -0.30762 0.02832 -0.03711 0.26660 -0.03125 0.30078 -0.18555 0.03027 -0.04102 0.19238 -0.30469 0.02832 -0.27637 0.02734 -0.03906 0.30469 -0.18555 0.19141 -0.31055 0.03125 -0.03613 0.26367 -0.02734 0.30273 -0.18750 0.02734 -0.04199 0.19434 -0.31055 0.02441 -0.27441 0.03027 -0.03809 0.30566 -0.18750 0.26562 -0.03027 0.02734 -0.03711 0.30566 -0.19043 0.19434 -0.30859 0.02832 -0.03711 0.26465 -0.02832 0.30566 -0.19043 0.02734 -0.03809 0.19238 -0.30957 0.02637 -0.27344 0.86523 -0.82422 0.97852 -0.85938 0.96680 -0.94727 2.73633 -2.26758 2.72559 -2.58008 2.78125 -2.57031 0.88672 -0.67285 0.96680 -0.63965 0.89941 -0.63379 0.61230 -0.97266 0.59863 -0.77734 0.68066 -0.79199 0.06836 -0.88281 0.13281 -0.98535 0.16309 -0.94141 2.72656 -2.26953 2.76270 -2.03516 2.82422 -2.03809 0.30371 -0.18945 0.02832 -0.03711 0.19238 -0.30957 0.26367 -0.02930 0.02734 -0.03809 0.30664 -0.18848 0.19434 -0.30957 0.02734 -0.03906 0.02539 -0.27441 0.30469 -0.18848 0.02930 -0.03516 0.19434 -0.30957 0.26465 -0.02832 0.03125 -0.03711 0.30371 -0.18945 0.19336 -0.30957 0.02832 -0.03711 0.02441 -0.27441 0.30078 -0.18945 0.02637 -0.03516 0.19531 -0.30762 0.26660 -0.03125 0.02832 -0.03711 0.30078 -0.18555 0.19238 -0.30469 0.03027 -0.04102 0.02832 -0.27637 0.30469 -0.18555 0.02734 -0.03906 0.19141 -0.31055 0.26367 -0.02734 0.03125 -0.03613 0.30273 -0.18750 0.19434 -0.31055 0.02734 -0.04199 0.02441 -0.27441 0.30566 -0.18750 0.03027 -0.03809 0.26562 -0.03027 0.30566 -0.19043 0.02734 -0.03711 0.19434 -0.30859 0.26465 -0.02832 0.02832 -0.03711 0.30566 -0.19043 0.19238 -0.30957 0.02734 -0.03809 0.02637 -0.27344 0.48828 -0.19922 0.39648 -0.14453 0.32422 -0.29395</float_array>
     <technique_common>
      <accessor count="552" offset="0" source="#realb07_3-lib-texcoords-array" stride="2">
       <param name="U" type="float"/>
       <param name="V" type="float"/>
      </accessor>
     </technique_common>
    </source>
    <vertices id="realb07_3-lib-vertices">
     <input semantic="POSITION" source="#realb07_3-lib-positions"/>
    </vertices>
    <polylist count="184" material="mat4.png">
     <input offset="0" semantic="VERTEX" source="#realb07_3-lib-vertices"/>
     <input offset="1" semantic="NORMAL" source="#realb07_3-lib-normals"/>
     <input offset="2" semantic="TEXCOORD" source="#realb07_3-lib-texcoords"/>
     <vcount>3 3 3 3 3 3 3 3 3 3 3 3 3 3 3 3 3 3 3 3 3 3 3 3 3 3 3 3 3 3 3 3 3 3 3 3 3 3 3 3 3 3 3 3 3 3 3 3 3 3 3 3 3 3 3 3 3 3 3 3 3 3 3 3 3 3 3 3 3 3 3 3 3 3 3 3 3 3 3 3 3 3 3 3 3 3 3 3 3 3 3 3 3 3 3 3 3 3 3 3 3 3 3 3 3 3 3 3 3 3 3 3 3 3 3 3 3 3 3 3 3 3 3 3 3 3 3 3 3 3 3 3 3 3 3 3 3 3 3 3 3 3 3 3 3 3 3 3 3 3 3 3 3 3 3 3 3 3 3 3 3 3 3 3 3 3 3 3 3 3 3 3 3 3 3 3 3 3 3 3 3 3 3 3</vcount>
     <p>2 2 2 1 1 1 0 0 0 1 5 5 3 4 4 0 3 3 2 8 8 5 7 7 4 6 6 5 11 11 6 10 10 4 9 9 1 14 14 7 13 13 3 12 12 7 17 17 8 16 16 3 15 15 3 20 20 8 19 19 9 18 18 8 23 23 10 22 22 9 21 21 9 26 26 10 25 25 11 24 24 10 29 29 12 28 28 11 27 27 11 32 32 12 31 31 13 30 30 12 35 35 14 34 34 13 33 33 13 38 38 14 37 37 15 36 36 14 41 41 16 40 40 15 39 39 15 44 44 16 43 43 17 42 42 16 47 47 18 46 46 17 45 45 17 50 50 18 49 49 19 48 48 10 53 53 8 52 52 12 51 51 8 56 56 19 55 55 12 54 54 12 59 59 19 58 58 18 57 57 9 62 62 11 61 61 15 60 60 11 65 65 13 64 64 15 63 63 7 68 68 20 67 67 8 66 66 20 71 71 19 70 70 8 69 69 23 74 74 22 73 73 21 72 72 22 77 77 24 76 76 21 75 75 21 80 80 24 79 79 25 78 78 27 83 83 26 82 82 25 81 81 26 86 86 28 85 85 25 84 84 3 89 89 9 88 88 29 87 87 9 92 92 15 91 91 29 90 90 29 95 95 15 94 94 30 93 93 15 98 98 17 97 97 30 96 96 30 101 101 17 100 100 31 99 99 17 104 104 19 103 103 31 102 102 31 107 107 19 106 106 20 105 105 33 110 110 5 109 109 32 108 108 5 113 113 34 112 112 32 111 111 31 116 116 1 115 115 4 114 114 1 119 119 2 118 118 4 117 117 34 122 122 5 121 121 0 120 120 5 125 125 2 124 124 0 123 123 36 128 128 35 127 127 26 126 126 35 131 131 28 130 130 26 129 129 37 134 134 23 133 133 35 132 132 23 137 137 21 136 136 35 135 135 35 140 140 21 139 139 28 138 138 21 143 143 25 142 142 28 141 141 16 146 146 14 145 145 38 144 144 14 149 149 39 148 148 38 147 147 38 152 152 39 151 151 12 150 150 41 155 155 36 154 154 40 153 153 36 158 158 26 157 157 40 156 156 40 161 161 26 160 160 42 159 159 26 164 164 27 163 163 42 162 162 33 167 167 43 166 166 5 165 165 43 170 170 6 169 169 5 168 168 1 173 173 44 172 172 7 171 171 44 176 176 20 175 175 7 174 174 47 179 179 46 178 178 45 177 177 46 182 182 48 181 181 45 180 180 45 185 185 48 184 184 49 183 183 52 188 188 51 187 187 50 186 186 51 191 191 53 190 190 50 189 189 51 194 194 54 193 193 53 192 192 54 197 197 55 196 196 53 195 195 58 200 200 57 199 199 56 198 198 57 203 203 59 202 202 56 201 201 62 206 206 61 205 205 60 204 204 61 209 209 63 208 208 60 207 207 63 212 212 65 211 211 64 210 210 65 215 215 66 214 214 64 213 213 64 218 218 66 217 217 67 216 216 61 221 221 62 220 220 68 219 219 62 224 224 69 223 223 68 222 222 70 227 227 57 226 226 69 225 225 57 230 230 58 229 229 69 228 228 69 233 233 58 232 232 71 231 231 74 236 236 73 235 235 72 234 234 73 239 239 75 238 238 72 237 237 69 242 242 74 241 241 70 240 240 74 245 245 72 244 244 70 243 243 70 248 248 72 247 247 57 246 246 72 251 251 75 250 250 57 249 249 57 254 254 75 253 253 76 252 252 75 257 257 73 256 256 76 255 255 76 260 260 73 259 259 77 258 258 73 263 263 78 262 262 77 261 261 81 266 266 80 265 265 79 264 264 80 269 269 82 268 268 79 267 267 84 272 272 83 271 271 79 270 270 83 275 275 81 274 274 79 273 273 86 278 278 78 277 277 85 276 276 78 281 281 73 280 280 85 279 279 85 284 284 73 283 283 87 282 282 73 287 287 74 286 286 87 285 285 87 290 290 74 289 289 62 288 288 74 293 293 69 292 292 62 291 291 61 296 296 71 295 295 86 294 294 71 299 299 58 298 298 86 297 297 86 302 302 58 301 301 78 300 300 58 305 305 56 304 304 78 303 303 78 308 308 56 307 307 77 306 306 56 311 311 59 310 310 77 309 309 89 314 314 88 313 313 64 312 312 88 317 317 90 316 316 64 315 315 64 320 320 90 319 319 60 318 318 63 323 323 61 322 322 65 321 321 61 326 326 86 325 325 65 324 324 93 329 329 92 328 328 91 327 327 92 332 332 83 331 331 91 330 330 91 335 335 83 334 334 94 333 333 83 338 338 84 337 337 94 336 336 77 341 341 59 340 340 76 339 339 59 344 344 95 343 343 76 342 342 98 347 347 97 346 346 96 345 345 97 350 350 80 349 349 96 348 348 96 353 353 80 352 352 92 351 351 80 356 356 81 355 355 92 354 354 61 359 359 68 358 358 99 357 357 68 362 362 71 361 361 99 360 360 99 365 365 71 364 364 61 363 363 82 368 368 80 367 367 100 366 366 80 371 371 97 370 370 100 369 369 45 374 374 49 373 373 101 372 372 49 377 377 102 376 376 101 375 375 101 380 380 102 379 379 103 378 378 102 383 383 104 382 382 103 381 381 47 386 386 52 385 385 46 384 384 52 389 389 50 388 388 46 387 387 102 392 392 105 391 391 104 390 390 105 395 395 106 394 394 104 393 393 108 398 398 106 397 397 107 396 396 106 401 401 109 400 400 107 399 399 55 404 404 54 403 403 110 402 402 54 407 407 111 406 406 110 405 405 110 410 410 111 409 409 112 408 408 111 413 413 113 412 412 112 411 411 112 416 416 113 415 415 107 414 414 113 419 419 108 418 418 107 417 417 20 422 422 1 421 421 31 420 420 12 425 425 18 424 424 38 423 423 16 428 428 38 427 427 18 426 426 12 431 431 39 430 430 14 429 429 1 434 434 20 433 433 44 432 432 10 437 437 12 436 436 114 435 435 12 440 440 11 439 439 114 438 438 11 443 443 10 442 442 114 441 441 117 446 446 116 445 445 115 444 444 116 447 449 118 447 448 115 447 447 118 450 452 117 449 451 115 448 450 121 453 455 120 452 454 119 451 453 120 456 458 122 455 457 119 454 456 122 458 461 121 458 460 119 457 459 116 461 464 124 460 463 123 459 462 124 464 467 125 463 466 123 462 465 125 466 470 116 466 469 123 465 468 128 468 473 127 468 472 126 467 471 120 471 476 117 470 475 129 469 474 117 472 479 130 472 478 129 472 477 130 475 482 120 474 481 129 473 480 71 478 485 68 477 484 69 476 483 60 481 488 63 480 487 64 479 486 83 484 491 92 483 490 81 482 489 57 487 494 95 486 493 59 485 492 76 490 497 95 489 496 57 488 495 67 493 500 89 492 499 64 491 498 70 496 503 131 495 502 57 494 501 57 499 506 131 498 505 72 497 504 72 502 509 131 501 508 70 500 507 134 505 512 133 504 511 132 503 510 132 508 515 133 507 514 135 506 513 135 511 518 133 510 517 134 509 516 138 514 521 137 513 520 136 512 519 136 517 524 137 516 523 139 515 522 139 520 527 137 519 526 138 518 525 132 522 530 141 521 529 140 521 528 140 525 533 141 524 532 142 523 531 142 528 536 141 527 535 132 526 534 145 530 539 144 530 538 143 529 537 136 533 542 146 532 541 134 531 540 134 536 545 146 535 544 147 534 543 147 539 548 146 538 547 136 537 546 105 542 551 109 541 550 106 540 549</p>
    </polylist>
   </mesh>
  </geometry>
  <geometry id="realb07_4-lib" name="realb07_4">
   <mesh>
    <source id="realb07_4-lib-positions" name="position">
     <float_array id="realb07_4-lib-positions-array" count="144">6.00303 11.22203 -0.05237 3.99531 10.55154 0.04321 3.27255 11.59207 -0.13415 5.28421 10.41385 0.10055 2.40029 2.66306 -0.66819 1.93513 1.00527 -0.30965 1.59601 2.02219 -0.15212 3.05793 0.29395 -0.99266 0.00000 7.25019 -9.84567 0.00000 7.25002 -12.95164 1.00855 7.25013 -11.44614 -1.00855 7.25013 -11.44614 -3.99531 10.55154 0.04321 -6.00304 11.22205 -0.05261 -3.27255 11.59207 -0.13415 -5.28421 10.41385 0.10055 -2.40029 2.66306 -0.66819 -1.93513 1.00527 -0.30965 -3.05793 0.29395 -0.99266 -1.59601 2.02219 -0.15212 0.00000 8.48945 1.30912 0.00000 7.01856 0.98535 0.00000 8.49986 1.09209 0.00000 6.98340 1.19141 -11.51394 10.34479 -2.35136 -9.71594 5.00788 -4.51887 -15.15357 9.01167 -2.26364 -5.24550 6.91001 -4.69401 -8.90701 11.29957 -2.41427 -6.32024 12.32292 -1.48489 -2.49066 8.85674 -3.27693 -0.11841 9.26187 -0.30409 -0.12622 8.46256 -0.31981 -1.25372 10.51812 -0.38802 -3.78916 13.32434 -0.57509 -5.01088 12.84084 -1.01443 9.71617 5.00784 -4.51884 11.51421 10.34497 -2.35124 15.15381 9.01162 -2.26361 5.24584 6.91019 -4.69418 3.78947 13.32436 -0.57525 2.49085 8.85689 -3.27692 1.25357 10.51805 -0.38797 5.01125 12.84082 -1.01422 0.11870 9.26168 -0.30414 0.12646 8.46256 -0.31981 8.90722 11.29946 -2.41430 6.32028 12.32281 -1.48468</float_array>
     <technique_common>
      <accessor count="48" source="#realb07_4-lib-positions-array" stride="3">
       <param name="X" type="float"/>
       <param name="Y" type="float"/>
       <param name="Z" type="float"/>
      </accessor>
     </technique_common>
    </source>
    <source id="realb07_4-lib-normals" name="normal">
     <float_array id="realb07_4-lib-normals-array" count="273">-0.01504 0.18513 0.98260 -0.01019 0.17096 0.98522 -0.00746 0.16299 0.98660 -0.01504 0.18513 0.98260 -0.02169 0.20446 0.97863 -0.01019 0.17096 0.98522 0.52568 0.03631 0.84991 0.52948 0.03475 0.84761 0.51689 0.03990 0.85512 0.52568 0.03631 0.84991 0.53446 0.03269 0.84456 0.52948 0.03475 0.84761 0.00000 1.00000 -0.00005 -0.00002 1.00000 -0.00005 0.00000 1.00000 -0.00005 0.00002 1.00000 -0.00005 0.00000 1.00000 -0.00005 0.01011 0.17107 0.98521 0.01498 0.18529 0.98257 0.00737 0.16305 0.98659 0.01011 0.17107 0.98521 0.02166 0.20472 0.97858 0.01498 0.18529 0.98257 -0.52568 0.03631 0.84991 -0.52948 0.03475 0.84761 -0.53446 0.03269 0.84456 -0.52568 0.03631 0.84991 -0.51689 0.03990 0.85512 -0.52948 0.03475 0.84761 -1.00000 0.00000 0.00000 -1.00000 0.00000 0.00000 0.15234 -0.33459 0.92997 0.16468 -0.32302 0.93195 0.14354 -0.33050 0.93283 0.15234 -0.33459 0.92997 0.03471 -0.43753 0.89853 0.16468 -0.32302 0.93195 0.04568 -0.43015 0.90160 0.03471 -0.43753 0.89853 0.15234 -0.33459 0.92997 0.04568 -0.43015 0.90160 -0.08980 -0.52648 0.84543 0.03471 -0.43753 0.89853 -0.33343 -0.52463 0.78332 -0.73981 -0.25041 0.62448 -0.78132 -0.00464 0.62411 -0.33343 -0.52463 0.78332 -0.62704 -0.52841 0.57236 -0.73981 -0.25041 0.62448 -0.29089 -0.55560 0.77891 -0.62704 -0.52841 0.57236 -0.33343 -0.52463 0.78332 -0.33343 -0.52463 0.78332 -0.09058 -0.53449 0.84031 -0.29089 -0.55560 0.77891 -0.33343 -0.52463 0.78332 -0.08980 -0.52648 0.84543 -0.09058 -0.53449 0.84031 0.03471 -0.43753 0.89853 -0.08980 -0.52648 0.84543 -0.33343 -0.52463 0.78332 -0.16471 -0.32301 0.93195 -0.15236 -0.33460 0.92996 -0.14354 -0.33050 0.93283 -0.16471 -0.32301 0.93195 -0.03473 -0.43757 0.89851 -0.15236 -0.33460 0.92996 0.29072 -0.55559 0.77898 0.33343 -0.52465 0.78330 0.62708 -0.52835 0.57237 0.29072 -0.55559 0.77898 0.09045 -0.53449 0.84032 0.33343 -0.52465 0.78330 0.73985 -0.25035 0.62446 0.33343 -0.52465 0.78330 0.78133 -0.00465 0.62410 0.73985 -0.25035 0.62446 0.62708 -0.52835 0.57237 0.33343 -0.52465 0.78330 -0.03473 -0.43757 0.89851 -0.04568 -0.43019 0.90158 -0.15236 -0.33460 0.92996 -0.03473 -0.43757 0.89851 0.08980 -0.52653 0.84540 -0.04568 -0.43019 0.90158 0.33343 -0.52465 0.78330 0.08980 -0.52653 0.84540 -0.03473 -0.43757 0.89851 0.33343 -0.52465 0.78330 0.09045 -0.53449 0.84032 0.08980 -0.52653 0.84540</float_array>
     <technique_common>
      <accessor count="91" source="#realb07_4-lib-normals-array" stride="3">
       <param name="X" type="float"/>
       <param name="Y" type="float"/>
       <param name="Z" type="float"/>
      </accessor>
     </technique_common>
    </source>
    <source id="realb07_4-lib-texcoords">
     <float_array id="realb07_4-lib-texcoords-array" count="192">0.95850 -0.27881 0.79297 -0.00488 0.61719 -0.27002 0.95850 -0.27881 1.00098 -0.01807 0.79297 -0.00488 0.40137 -0.02490 0.62354 -0.26953 0.46240 -0.29102 0.40137 -0.02490 0.76758 -0.01953 0.62354 -0.26953 0.43115 -0.00488 0.00977 -0.00488 0.31104 -0.18408 0.43115 -0.00488 0.31104 -0.18408 0.00977 -0.00488 0.79297 -0.00488 0.95850 -0.27881 0.61719 -0.27002 0.79297 -0.00488 1.00098 -0.01807 0.95850 -0.27881 0.40137 -0.02490 0.62354 -0.26953 0.76758 -0.01953 0.40137 -0.02490 0.46240 -0.29102 0.62354 -0.26953 0.03369 -0.20312 0.39258 -0.27686 0.03516 -0.27930 0.03369 -0.20312 0.39746 -0.20410 0.39258 -0.27686 0.73291 -0.29883 0.99414 -0.93652 0.99463 -0.29834 0.73291 -0.29883 0.55029 -0.92725 0.99414 -0.93652 0.54541 -0.29932 0.55029 -0.92725 0.73291 -0.29883 0.54541 -0.29932 0.27246 -0.29883 0.55029 -0.92725 0.29004 -0.89209 0.00391 -0.85596 0.08350 -0.97607 0.29004 -0.89209 0.00439 -0.68359 0.00391 -0.85596 0.00586 -0.29834 0.00439 -0.68359 0.29004 -0.89209 0.29004 -0.89209 0.13477 -0.29834 0.00586 -0.29834 0.29004 -0.89209 0.27246 -0.29883 0.13477 -0.29834 0.55029 -0.92725 0.27246 -0.29883 0.29004 -0.89209 0.99414 -0.93652 0.73291 -0.29883 0.99463 -0.29834 0.99414 -0.93652 0.55029 -0.92725 0.73291 -0.29883 0.00586 -0.29834 0.29004 -0.89209 0.00439 -0.68359 0.00586 -0.29834 0.13477 -0.29834 0.29004 -0.89209 0.00391 -0.85596 0.29004 -0.89209 0.08350 -0.97607 0.00391 -0.85596 0.00439 -0.68359 0.29004 -0.89209 0.55029 -0.92725 0.54541 -0.29932 0.73291 -0.29883 0.55029 -0.92725 0.27246 -0.29883 0.54541 -0.29932 0.29004 -0.89209 0.27246 -0.29883 0.55029 -0.92725 0.29004 -0.89209 0.13477 -0.29834 0.27246 -0.29883</float_array>
     <technique_common>
      <accessor count="96" offset="0" source="#realb07_4-lib-texcoords-array" stride="2">
       <param name="U" type="float"/>
       <param name="V" type="float"/>
      </accessor>
     </technique_common>
    </source>
    <vertices id="realb07_4-lib-vertices">
     <input semantic="POSITION" source="#realb07_4-lib-positions"/>
    </vertices>
    <polylist count="32" material="mat6.png">
     <input offset="0" semantic="VERTEX" source="#realb07_4-lib-vertices"/>
     <input offset="1" semantic="NORMAL" source="#realb07_4-lib-normals"/>
     <input offset="2" semantic="TEXCOORD" source="#realb07_4-lib-texcoords"/>
     <vcount>3 3 3 3 3 3 3 3 3 3 3 3 3 3 3 3 3 3 3 3 3 3 3 3 3 3 3 3 3 3 3 3</vcount>
     <p>2 2 2 1 1 1 0 0 0 1 5 5 3 4 4 0 3 3 6 8 8 5 7 7 4 6 6 5 11 11 7 10 10 4 9 9 10 13 14 9 12 13 8 12 12 9 16 17 11 15 16 8 14 15 14 19 20 13 18 19 12 17 18 13 22 23 15 21 22 12 20 21 18 25 26 17 24 25 16 23 24 17 28 29 19 27 28 16 26 27 22 29 32 21 29 31 20 29 30 21 30 35 23 30 34 20 30 33 26 33 38 25 32 37 24 31 36 25 36 41 27 35 40 24 34 39 24 39 44 27 38 43 28 37 42 27 42 47 29 41 46 28 40 45 32 45 50 31 44 49 30 43 48 31 48 53 33 47 52 30 46 51 30 51 56 33 50 55 34 49 54 34 54 59 35 53 58 30 52 57 35 57 62 29 56 61 30 55 60 30 60 65 29 59 64 27 58 63 38 63 68 37 62 67 36 61 66 37 66 71 39 65 70 36 64 69 42 69 74 41 68 73 40 67 72 41 72 77 43 71 76 40 70 75 45 75 80 41 74 79 44 73 78 41 78 83 42 77 82 44 76 81 37 81 86 46 80 85 39 79 84 46 84 89 47 83 88 39 82 87 39 87 92 47 86 91 41 85 90 47 90 95 43 89 94 41 88 93</p>
    </polylist>
   </mesh>
  </geometry>
  <geometry id="realb07_5-lib" name="realb07_5">
   <mesh>
    <source id="realb07_5-lib-positions" name="position">
     <float_array id="realb07_5-lib-positions-array" count="768">0.00000 11.30127 0.50174 0.41284 11.13871 0.89506 0.56299 11.30127 0.50174 0.00000 10.97709 1.26662 -0.41284 11.13871 0.89506 0.00000 6.35840 0.48926 0.14819 6.45093 -0.11401 0.00000 6.45093 -0.11401 0.13989 6.35840 0.48926 0.28223 6.53052 0.82983 0.35303 10.73931 0.24116 0.91838 10.65582 -0.09854 0.87421 10.67997 0.17466 0.33325 10.84441 -0.09735 0.00000 10.36757 -0.62212 1.11661 10.47499 -0.22282 1.12661 9.97346 -0.43423 0.00000 8.84720 -0.81220 1.17798 9.39051 -0.27763 0.23560 8.49181 -0.58639 0.80029 8.32136 0.13883 0.52319 7.28613 -0.41919 0.86206 7.65088 0.19775 1.21167 9.65526 0.91715 0.71362 8.36436 0.76386 0.00000 8.49986 1.09209 1.32910 8.91081 0.34239 1.45021 9.84390 0.39754 0.00000 6.51440 0.82202 0.00000 7.01856 0.98535 -0.28223 6.53052 0.82983 0.00000 6.64331 -0.54468 0.33008 6.81079 -0.70435 -0.14819 6.45093 -0.11401 -0.13989 6.35840 0.48926 0.35645 11.76972 0.97876 0.44800 12.06291 0.38055 0.00000 12.13039 0.84363 0.00000 12.21685 0.36079 -0.44800 12.06291 0.38055 0.00000 11.95010 -0.19853 -0.29321 11.86745 -0.04188 -0.41724 11.41502 -0.23604 -0.56299 11.30127 0.50174 -0.35645 11.76972 0.97876 0.39087 11.09842 0.51108 0.00000 10.29892 0.77700 0.41881 6.44965 0.85983 0.87226 6.89440 0.89659 0.53906 7.02271 0.79810 0.75977 7.42822 0.61401 0.61387 6.86034 -0.67347 1.26349 7.23390 -0.09549 1.65100 6.41739 -0.03991 0.78861 6.33976 0.98287 0.18432 6.24948 0.50365 0.10133 6.26243 -0.11449 1.19062 3.79562 0.68758 0.77940 3.92163 -0.00708 1.12344 4.16301 0.63013 0.79757 3.76925 -0.00340 0.81101 3.64416 0.00001 1.18337 3.76514 -0.28946 1.62762 3.64402 0.04312 1.61271 3.76941 0.04295 1.26802 3.37088 0.50130 1.59310 3.92179 0.04282 1.17707 3.84695 -0.28743 0.49341 7.28146 -0.87677 0.37817 7.26297 -2.65933 0.00000 8.08656 -1.17589 0.00000 7.78414 -2.65948 -0.37817 7.26297 -2.65933 0.00000 7.25194 -11.55136 0.00000 7.07788 -8.33553 0.13428 7.25710 -8.33550 -0.13403 7.25710 -8.33550 0.00000 7.43607 -8.33547 0.00000 6.80525 -3.73115 0.00000 6.74179 -2.65943 -0.33618 7.26277 -3.72796 0.00000 7.72078 -3.72477 0.00000 7.63806 -5.11999 0.33618 7.26277 -3.72796 0.28125 7.26257 -5.12005 0.00000 6.88732 -5.11986 0.00000 7.04616 -7.79597 -0.28125 7.26257 -5.12005 -0.15796 7.25807 -7.81634 0.00000 7.46753 -7.83646 0.00000 8.20787 -0.58220 -0.49268 7.28123 -0.88899 0.00000 11.51897 1.28676 0.41724 11.41502 -0.23604 0.64209 10.93615 0.32172 0.56787 10.86383 -0.58177 0.00000 10.86376 -0.74387 0.00000 10.83182 -0.25599 -0.33325 10.84441 -0.09735 5.38170 10.41841 0.09884 5.72436 10.47790 0.44545 5.35681 10.31173 0.37837 5.75961 10.48899 0.11837 5.71856 10.29212 -0.18629 6.18706 10.34750 -0.08813 6.01365 10.10174 -0.25482 6.34079 9.92370 -0.28294 5.57058 9.99783 0.61635 5.34807 10.08890 0.21706 5.61413 10.19964 0.62898 5.96211 10.34968 0.59381 6.19721 10.39453 0.40036 6.52971 10.12547 0.38138 6.51127 10.14187 0.12597 6.53038 9.37758 0.22245 6.50826 9.94630 0.12474 6.40408 9.94397 0.58793 6.52531 9.52550 0.50080 6.47817 9.93198 0.35706 6.45578 10.09726 -0.14352 6.45831 9.57482 -0.21259 6.42735 9.93501 -0.09077 6.02621 10.07276 0.02562 6.52990 9.45035 0.00780 5.74789 9.91767 0.72452 5.79969 10.10813 0.75429 6.16061 9.86893 0.82390 6.16923 9.93356 0.72594 6.60205 9.56887 0.91166 6.19560 10.38412 0.12566 6.08921 9.75913 0.73804 6.02029 10.09700 0.50771 6.10920 9.85171 0.65696 5.67895 10.03120 0.26816 5.68938 10.07240 0.08370 5.34809 10.17398 -0.05556 6.02220 10.06926 0.31085 1.07397 10.48672 0.70785 0.00000 9.51823 1.34600 -1.07397 10.48672 0.70785 -1.21167 9.65526 0.91715 -1.42639 10.42445 0.65921 -1.45021 9.84390 0.39754 0.00000 10.63254 0.70823 -0.39087 11.09842 0.51108 -0.35303 10.73931 0.24116 0.77616 6.31820 -0.68480 0.00000 11.09842 0.51108 0.29321 11.86745 -0.04188 0.10815 10.53797 0.89391 0.24658 10.85361 0.89864 0.00000 10.51625 0.93003 -0.10815 10.53797 0.89391 -0.24658 10.85361 0.89864 0.00000 10.74462 1.08117 0.22656 10.92151 0.92698 0.00000 10.74090 1.05495 0.00073 10.81155 1.09798 0.22583 10.85104 0.88411 0.35205 11.13159 0.59293 0.35132 11.06094 0.54990 0.22656 11.10681 1.01488 0.00000 10.94905 1.17020 0.00073 11.02544 1.20121 0.22583 11.03042 0.98388 0.35205 11.26079 0.65150 0.35132 11.18439 0.62049 -1.12661 9.97346 -0.43423 -1.11661 10.47499 -0.22282 -1.17798 9.39051 -0.27763 -0.23560 8.49181 -0.58639 -0.80029 8.32136 0.13883 -0.52319 7.28613 -0.41919 -0.86206 7.65088 0.19775 -0.91838 10.65582 -0.09854 -0.87421 10.67997 0.17466 -0.23364 10.63202 -0.34239 0.23364 10.63202 -0.34239 -0.71362 8.36436 0.76386 -0.75977 7.42822 0.61401 -0.53906 7.02271 0.79810 1.42639 10.42445 0.65921 -0.87226 6.89440 0.89659 -0.41881 6.44965 0.85983 -0.18432 6.24948 0.50365 -0.10133 6.26243 -0.11449 -0.33008 6.81079 -0.70435 -0.61387 6.86034 -0.67347 -1.26349 7.23390 -0.09549 -1.19062 3.79562 0.68758 -1.12344 4.16301 0.63013 -0.77940 3.92163 -0.00708 -1.59310 3.92179 0.04282 -1.61271 3.76941 0.04295 -1.17707 3.84695 -0.28743 -1.18337 3.76514 -0.28946 -0.79757 3.76925 -0.00340 -1.62762 3.64402 0.04312 -0.64209 10.93615 0.32172 -0.56787 10.86383 -0.58177 -5.35681 10.31173 0.37837 -5.72436 10.47790 0.44545 -5.38170 10.41841 0.09884 -5.61413 10.19964 0.62898 -5.57058 9.99783 0.61635 -5.34807 10.08890 0.21706 -5.74789 9.91767 0.72452 -5.79969 10.10813 0.75429 -6.16061 9.86893 0.82390 -5.96211 10.34968 0.59381 -6.16923 9.93356 0.72594 -6.19721 10.39453 0.40036 -6.51127 10.14187 0.12597 -6.19560 10.38412 0.12566 -6.52971 10.12547 0.38138 -6.40408 9.94397 0.58793 -6.02621 10.07276 0.02562 -6.01365 10.10174 -0.25482 -6.34079 9.92370 -0.28294 -5.71857 10.29214 -0.18653 -5.68938 10.07240 0.08370 -5.34809 10.17398 -0.05556 -6.18706 10.34750 -0.08813 -6.45578 10.09726 -0.14352 -5.75961 10.48899 0.11837 -6.52990 9.45035 0.00780 -6.42735 9.93501 -0.09077 -6.02220 10.06926 0.31085 -5.67895 10.03120 0.26816 -6.02029 10.09700 0.50771 -6.08922 9.75915 0.73780 -6.60205 9.56887 0.91166 -6.10920 9.85171 0.65696 -6.45831 9.57482 -0.21259 -6.50826 9.94630 0.12474 -6.53038 9.37758 0.22245 -6.47817 9.93198 0.35706 -6.52531 9.52550 0.50080 -0.78861 6.33976 0.98287 -1.65100 6.41739 -0.03991 -0.77616 6.31820 -0.68480 -1.26802 3.37088 0.50130 -0.81101 3.64416 0.00001 -1.32910 8.91081 0.34239 0.00000 11.41499 -0.39839 -0.22656 10.92151 0.92698 -0.00073 10.81155 1.09798 -0.22583 10.85104 0.88411 -0.35205 11.13159 0.59293 -0.35132 11.06094 0.54990 -0.22656 11.10681 1.01488 -0.00073 11.02544 1.20121 -0.22583 11.03042 0.98388 -0.35205 11.26079 0.65150 -0.35132 11.18439 0.62049 0.15796 7.25807 -7.81634</float_array>
     <technique_common>
      <accessor count="256" source="#realb07_5-lib-positions-array" stride="3">
       <param name="X" type="float"/>
       <param name="Y" type="float"/>
       <param name="Z" type="float"/>
      </accessor>
     </technique_common>
    </source>
    <source id="realb07_5-lib-normals" name="normal">
     <float_array id="realb07_5-lib-normals-array" count="3912">0.00000 -0.92249 -0.38602 0.00543 -0.92214 -0.38681 0.00000 -0.92418 -0.38196 0.00000 -0.92249 -0.38602 0.00000 -0.92072 -0.39023 0.00543 -0.92214 -0.38681 -0.00543 -0.92214 -0.38681 0.00000 -0.92072 -0.39023 0.00000 -0.92249 -0.38602 0.00000 -0.98849 0.15129 0.03696 -0.95216 -0.30336 0.00000 -0.95934 -0.28227 0.00000 -0.98849 0.15129 -0.04800 -0.97298 0.22583 0.03696 -0.95216 -0.30336 -0.14815 -0.43493 0.88819 -0.04800 -0.97298 0.22583 0.00000 -0.98849 0.15129 0.09674 0.92290 0.37268 0.21125 0.85469 -0.47421 0.12616 0.98602 0.10886 0.09674 0.92290 0.37268 0.30338 0.86638 -0.39668 0.21125 0.85469 -0.47421 0.00000 0.39458 -0.91886 0.24119 0.52557 -0.81584 0.21125 0.85469 -0.47421 0.00000 0.39458 -0.91886 0.51843 0.10245 -0.84896 0.24119 0.52557 -0.81584 -0.00000 -0.15900 -0.98728 0.51843 0.10245 -0.84896 0.00000 0.39458 -0.91886 -0.00000 -0.15900 -0.98728 0.76064 -0.21641 -0.61204 0.51843 0.10245 -0.84896 0.50361 -0.22443 -0.83427 0.76064 -0.21641 -0.61204 -0.00000 -0.15900 -0.98728 0.50361 -0.22443 -0.83427 0.91327 -0.26387 -0.31034 0.76064 -0.21641 -0.61204 0.61826 0.47510 -0.62612 0.91327 -0.26387 -0.31034 0.50361 -0.22443 -0.83427 0.61826 0.47510 -0.62612 0.93133 0.23092 -0.28160 0.91327 -0.26387 -0.31034 0.63484 -0.04704 0.77121 0.68534 -0.24928 0.68423 0.00000 -0.17827 0.98398 0.63484 -0.04704 0.77121 0.90851 -0.41687 0.02881 0.68534 -0.24928 0.68423 0.98617 -0.11688 0.11752 0.90851 -0.41687 0.02881 0.63484 -0.04704 0.77121 0.00000 -0.67297 0.73967 0.00000 -0.09041 0.99590 -0.14815 -0.43493 0.88819 0.00000 -0.67297 0.73967 0.14815 -0.43493 0.88819 0.00000 -0.09041 0.99590 0.00000 -0.98849 0.15129 0.14815 -0.43493 0.88819 0.00000 -0.67297 0.73967 0.00000 -0.94345 -0.33152 0.03696 -0.95216 -0.30336 0.56674 -0.76932 -0.29489 0.00000 -0.94345 -0.33152 0.00000 -0.95934 -0.28227 0.03696 -0.95216 -0.30336 -0.03696 -0.95216 -0.30336 0.00000 -0.95934 -0.28227 0.00000 -0.94345 -0.33152 -0.03696 -0.95216 -0.30336 0.00000 -0.98849 0.15129 0.00000 -0.95934 -0.28227 0.04800 -0.97298 0.22583 0.00000 -0.98849 0.15129 -0.03696 -0.95216 -0.30336 0.04800 -0.97298 0.22583 0.14815 -0.43493 0.88819 0.00000 -0.98849 0.15129 0.70530 0.36339 0.60868 0.98552 0.16220 0.04950 0.80912 -0.00563 0.58762 0.70530 0.36339 0.60868 0.75347 0.65511 -0.05589 0.98552 0.16220 0.04950 0.00000 0.85153 0.52431 0.75347 0.65511 -0.05589 0.70530 0.36339 0.60868 0.00000 0.85153 0.52431 0.00000 0.99110 -0.13315 0.75347 0.65511 -0.05589 -0.75347 0.65511 -0.05589 0.00000 0.99110 -0.13315 0.00000 0.85153 0.52431 -0.75347 0.65511 -0.05589 0.00000 0.66840 -0.74380 0.00000 0.99110 -0.13315 -0.60863 0.54710 -0.57467 0.00000 0.66840 -0.74380 -0.75347 0.65511 -0.05589 -0.60863 0.54710 -0.57467 -0.72980 0.40550 -0.55042 0.00000 0.66840 -0.74380 -0.75347 0.65511 -0.05589 -0.72980 0.40550 -0.55042 -0.60863 0.54710 -0.57467 -0.75347 0.65511 -0.05589 -0.98552 0.16220 0.04950 -0.72980 0.40550 -0.55042 -0.70530 0.36339 0.60868 -0.98552 0.16220 0.04950 -0.75347 0.65511 -0.05589 -0.70530 0.36339 0.60868 -0.80912 -0.00563 0.58762 -0.98552 0.16220 0.04950 -0.67158 -0.03320 0.74019 -0.80912 -0.00563 0.58762 -0.70530 0.36339 0.60868 0.97666 -0.18498 0.10918 0.53697 -0.23124 0.81129 0.53422 -0.83631 0.12323 0.97666 -0.18498 0.10918 0.88983 -0.33034 0.31475 0.53697 -0.23124 0.81129 -0.14815 -0.43493 0.88819 -0.38279 -0.31517 0.86841 -0.04800 -0.97298 0.22583 -0.14815 -0.43493 0.88819 -0.18156 0.26813 0.94612 -0.38279 -0.31517 0.86841 0.08755 0.22674 0.97001 -0.18156 0.26813 0.94612 -0.14815 -0.43493 0.88819 0.08755 0.22674 0.97001 0.69792 0.20665 0.68572 -0.18156 0.26813 0.94612 0.33338 0.41092 -0.84853 0.61826 0.47510 -0.62612 0.00375 0.51331 -0.85820 0.33338 0.41092 -0.84853 0.46732 0.47031 -0.74861 0.61826 0.47510 -0.62612 0.57305 0.20793 -0.79270 0.46732 0.47031 -0.74861 0.33338 0.41092 -0.84853 0.80334 0.28666 0.52199 0.80229 0.21947 0.55512 0.79117 0.41641 0.44795 0.76499 -0.01522 0.64387 0.80229 0.21947 0.55512 0.80334 0.28666 0.52199 -0.32794 -0.04717 0.94352 -0.38279 -0.31517 0.86841 -0.18156 0.26813 0.94612 -0.86583 -0.32567 0.37984 -0.38279 -0.31517 0.86841 -0.32794 -0.04717 0.94352 -0.86583 -0.32567 0.37984 -0.90776 -0.33733 0.24935 -0.38279 -0.31517 0.86841 0.46732 0.47031 -0.74861 0.93133 0.23092 -0.28160 0.61826 0.47510 -0.62612 0.79117 0.41641 0.44795 0.69792 0.20665 0.68572 0.78206 0.44889 0.43230 0.80229 0.21947 0.55512 0.69792 0.20665 0.68572 0.79117 0.41641 0.44795 -0.86583 -0.32567 0.37984 -0.97615 0.21214 -0.04607 -0.90776 -0.33733 0.24935 -0.86583 -0.32567 0.37984 -0.97587 0.16808 -0.13940 -0.97615 0.21214 -0.04607 -0.83707 -0.20353 0.50782 -0.86410 -0.08823 0.49552 -0.86407 -0.08030 0.49693 -0.83707 -0.20353 0.50782 -0.86463 -0.08542 0.49509 -0.86410 -0.08823 0.49552 -0.84729 -0.16628 0.50442 -0.86463 -0.08542 0.49509 -0.83707 -0.20353 0.50782 -0.59400 -0.08561 -0.79989 -0.59548 -0.03486 -0.80261 -0.58992 -0.08408 -0.80307 0.61019 0.07149 -0.78903 0.61063 0.07399 -0.78845 0.61039 0.06724 -0.78924 0.83085 0.03364 0.55548 0.82057 0.09778 0.56312 0.83403 0.10360 0.54190 0.81160 -0.10420 0.57485 0.82057 0.09778 0.56312 0.83085 0.03364 0.55548 -0.77839 -0.36565 0.51030 -0.84729 -0.16628 0.50442 -0.83707 -0.20353 0.50782 0.82760 0.13905 0.54383 0.82057 0.09778 0.56312 0.80393 0.23259 0.54736 0.82760 0.13905 0.54383 0.83403 0.10360 0.54190 0.82057 0.09778 0.56312 0.61056 0.06856 -0.78900 0.61063 0.07399 -0.78845 0.61119 0.07794 -0.78764 0.61056 0.06856 -0.78900 0.61039 0.06724 -0.78924 0.61063 0.07399 -0.78845 0.99424 0.08173 -0.06936 0.56674 -0.76932 -0.29489 0.93647 -0.34601 -0.05742 0.99424 0.08173 -0.06936 0.85172 0.51956 -0.06809 0.56674 -0.76932 -0.29489 0.85647 0.50898 -0.08602 0.85172 0.51956 -0.06809 0.99424 0.08173 -0.06936 0.85647 0.50898 -0.08602 0.80681 0.58542 -0.07966 0.85172 0.51956 -0.06809 -0.81724 0.57241 -0.06677 -0.80681 0.58542 -0.07966 -0.85637 0.50912 -0.08621 0.79986 -0.59930 -0.03244 0.79980 -0.59931 -0.03392 0.79983 -0.59927 -0.03393 -0.80039 -0.59861 -0.03240 -0.80034 -0.59857 -0.03411 -0.80024 -0.59871 -0.03405 -0.79989 0.59906 -0.03609 -0.79986 0.59911 -0.03609 -0.79994 0.59909 -0.03430 0.80610 -0.59081 -0.03377 0.79048 -0.60818 -0.07253 0.80671 -0.58653 -0.07209 -0.80610 -0.59081 -0.03377 -0.80821 -0.58753 -0.04014 -0.80398 -0.59263 -0.04911 -0.80493 -0.59246 -0.03286 -0.80821 -0.58753 -0.04014 -0.80610 -0.59081 -0.03377 -0.80502 0.59233 -0.03305 -0.80616 0.59072 -0.03392 -0.81724 0.57241 -0.06677 -0.80060 0.59818 -0.03497 -0.80616 0.59072 -0.03392 -0.80502 0.59233 -0.03305 0.80060 0.59818 -0.03497 0.80502 0.59233 -0.03305 0.80616 0.59072 -0.03392 0.79989 0.59915 -0.03458 0.80502 0.59233 -0.03305 0.80060 0.59818 -0.03497 0.79973 -0.59943 -0.03349 0.80045 -0.59844 -0.03390 0.80493 -0.59246 -0.03286 0.79962 -0.59946 -0.03542 0.80045 -0.59844 -0.03390 0.79973 -0.59943 -0.03349 -0.79962 -0.59946 -0.03542 -0.79973 -0.59943 -0.03349 -0.80045 -0.59844 -0.03390 -0.79971 -0.59934 -0.03547 -0.79973 -0.59943 -0.03349 -0.79962 -0.59946 -0.03542 -0.79959 0.59936 -0.03775 -0.79964 0.59930 -0.03774 -0.79989 0.59915 -0.03458 -0.79986 0.59911 -0.03609 -0.79964 0.59930 -0.03774 -0.79959 0.59936 -0.03775 -0.79986 0.59911 -0.03609 -0.79989 0.59906 -0.03609 -0.79964 0.59930 -0.03774 0.86690 0.49030 -0.08991 0.99424 0.08173 -0.06936 0.61826 0.47510 -0.62612 0.86690 0.49030 -0.08991 0.85647 0.50898 -0.08602 0.99424 0.08173 -0.06936 -0.99046 0.10015 -0.09460 -0.85637 0.50912 -0.08621 -0.86679 0.49055 -0.08970 -0.99046 0.10015 -0.09460 -0.81724 0.57241 -0.06677 -0.85637 0.50912 -0.08621 -0.80398 -0.59263 -0.04911 -0.80821 -0.58753 -0.04014 -0.80852 -0.58665 -0.04624 0.67158 -0.03320 0.74019 0.70530 0.36339 0.60868 0.80912 -0.00563 0.58762 0.67158 -0.03320 0.74019 0.58826 0.14169 0.79616 0.70530 0.36339 0.60868 -0.70530 0.36339 0.60868 -0.58826 0.14169 0.79616 -0.67158 -0.03320 0.74019 -0.70530 0.36339 0.60868 0.00000 0.85153 0.52431 -0.58826 0.14169 0.79616 -0.75347 0.65511 -0.05589 0.00000 0.85153 0.52431 -0.70530 0.36339 0.60868 0.78408 0.37056 -0.49790 0.94691 0.29457 -0.12883 0.98552 0.16220 0.04950 0.78408 0.37056 -0.49790 0.94116 0.32186 -0.10308 0.94691 0.29457 -0.12883 0.00000 0.55973 -0.82868 0.22712 0.56126 -0.79586 0.22712 0.56126 -0.79586 -0.07114 -0.99740 -0.01185 -0.48001 -0.87045 0.10911 -0.48001 -0.87045 0.10911 0.59876 -0.75768 0.25962 0.53422 -0.83631 0.12323 0.53697 -0.23124 0.81129 0.00000 -0.99893 -0.04626 0.53422 -0.83631 0.12323 -0.07114 -0.99740 -0.01185 0.00000 -0.99893 -0.04626 0.00000 -0.99786 -0.06533 0.53422 -0.83631 0.12323 -0.40114 -0.90398 0.14800 0.00000 -0.99786 -0.06533 0.00000 -0.99893 -0.04626 -0.35286 0.88670 -0.29877 -0.13255 0.89610 0.42360 -0.49587 0.69597 0.51936 -0.35286 0.88670 -0.29877 -0.00015 0.97262 -0.23241 -0.13255 0.89610 0.42360 -0.08501 0.73650 -0.67107 -0.00015 0.97262 -0.23241 -0.35286 0.88670 -0.29877 -0.08501 0.73650 -0.67107 0.33225 0.77803 -0.53318 -0.00015 0.97262 -0.23241 0.14944 0.48064 -0.86409 0.33225 0.77803 -0.53318 -0.08501 0.73650 -0.67107 0.14944 0.48064 -0.86409 0.51868 0.27910 -0.80813 0.33225 0.77803 -0.53318 -0.86585 -0.27066 0.42078 -0.63997 0.00818 0.76836 -0.86585 -0.27066 0.42078 -0.49587 0.69597 0.51936 -0.46335 0.36374 0.80809 -0.63997 0.00818 0.76836 -0.13255 0.89610 0.42360 -0.46335 0.36374 0.80809 -0.49587 0.69597 0.51936 -0.13255 0.89610 0.42360 0.15008 0.69488 0.70329 -0.46335 0.36374 0.80809 0.44545 0.83534 0.32215 0.15008 0.69488 0.70329 -0.13255 0.89610 0.42360 0.44545 0.83534 0.32215 0.82298 0.46257 0.32974 0.15008 0.69488 0.70329 0.87953 0.45834 -0.12789 0.82298 0.46257 0.32974 0.44545 0.83534 0.32215 0.87953 0.45834 -0.12789 0.99510 0.01250 -0.09809 0.82298 0.46257 0.32974 0.99959 -0.01522 -0.02432 0.99510 0.01250 -0.09809 0.87953 0.45834 -0.12789 0.82298 0.46257 0.32974 0.68124 0.29227 0.67118 0.15008 0.69488 0.70329 0.82298 0.46257 0.32974 0.80297 0.11068 0.58565 0.68124 0.29227 0.67118 0.77520 -0.12878 -0.61844 0.51868 0.27910 -0.80813 0.70486 0.43857 -0.55752 0.33225 0.77803 -0.53318 0.51868 0.27910 -0.80813 0.70576 0.09622 -0.70189 0.70486 0.43857 -0.55752 -0.27518 -0.96123 0.01788 -0.50633 -0.82061 0.26500 -0.27263 -0.95753 -0.09386 -0.98908 -0.09523 0.11245 -0.92681 -0.12401 0.35446 -0.92681 -0.12401 0.35446 -0.46335 0.36374 0.80809 -0.38641 -0.07685 0.91912 -0.63997 0.00818 0.76836 -0.46335 0.36374 0.80809 -0.22932 0.29112 0.92880 -0.38641 -0.07685 0.91912 0.15008 0.69488 0.70329 -0.22932 0.29112 0.92880 -0.46335 0.36374 0.80809 0.15008 0.69488 0.70329 0.44747 0.67214 0.58991 -0.22932 0.29112 0.92880 0.73490 0.58158 0.34884 0.44747 0.67214 0.58991 0.15008 0.69488 0.70329 0.73490 0.58158 0.34884 0.40288 0.74727 0.52846 0.44747 0.67214 0.58991 -0.00015 0.97262 -0.23241 0.44545 0.83534 0.32215 -0.13255 0.89610 0.42360 -0.00015 0.97262 -0.23241 0.42786 0.89807 -0.10205 0.44545 0.83534 0.32215 0.33225 0.77803 -0.53318 0.42786 0.89807 -0.10205 -0.00015 0.97262 -0.23241 0.33225 0.77803 -0.53318 0.87953 0.45834 -0.12789 0.42786 0.89807 -0.10205 0.70486 0.43857 -0.55752 0.87953 0.45834 -0.12789 0.33225 0.77803 -0.53318 0.70486 0.43857 -0.55752 0.98725 0.05229 -0.15034 0.87953 0.45834 -0.12789 -0.29054 -0.24936 -0.92380 -0.29054 -0.24936 -0.92380 -0.34380 -0.37389 0.86140 -0.38641 -0.07685 0.91912 -0.22932 0.29112 0.92880 -0.34380 -0.37389 0.86140 -0.32693 -0.44104 0.83583 -0.38641 -0.07685 0.91912 -0.41897 -0.37444 0.82720 -0.32693 -0.44104 0.83583 -0.34380 -0.37389 0.86140 -0.06252 -0.97478 -0.21422 -0.10806 -0.63226 -0.76718 -0.24475 -0.60840 -0.75495 -0.06252 -0.97478 -0.21422 -0.06158 -0.86868 -0.49152 -0.10806 -0.63226 -0.76718 0.00557 -0.98322 -0.18234 -0.06158 -0.86868 -0.49152 -0.06252 -0.97478 -0.21422 -0.04284 -0.92274 -0.38303 -0.18552 -0.83976 -0.51028 -0.07915 -0.88772 -0.45354 -0.04284 -0.92274 -0.38303 -0.27263 -0.95753 -0.09386 -0.18552 -0.83976 -0.51028 -0.10655 -0.99343 0.04188 -0.27263 -0.95753 -0.09386 -0.04284 -0.92274 -0.38303 -0.10655 -0.99343 0.04188 -0.27518 -0.96123 0.01788 -0.27263 -0.95753 -0.09386 -0.30789 -0.94982 -0.05515 -0.27518 -0.96123 0.01788 -0.10655 -0.99343 0.04188 -0.96826 -0.13522 -0.21020 -0.98937 -0.06114 -0.13193 -0.98908 -0.09523 0.11245 -0.27263 -0.95753 -0.09386 -0.51572 -0.85427 -0.06520 -0.18552 -0.83976 -0.51028 -0.27263 -0.95753 -0.09386 -0.64835 -0.71711 0.25573 -0.51572 -0.85427 -0.06520 -0.50633 -0.82061 0.26500 -0.64835 -0.71711 0.25573 -0.27263 -0.95753 -0.09386 -0.50633 -0.82061 0.26500 -0.88557 -0.21533 0.41158 -0.64835 -0.71711 0.25573 -0.96826 -0.13522 -0.21020 -0.68278 -0.70748 -0.18241 -0.93397 -0.21044 -0.28882 -0.30789 -0.94982 -0.05515 -0.06252 -0.97478 -0.21422 -0.68278 -0.70748 -0.18241 -0.10655 -0.99343 0.04188 -0.06252 -0.97478 -0.21422 -0.30789 -0.94982 -0.05515 -0.10655 -0.99343 0.04188 0.00557 -0.98322 -0.18234 -0.06252 -0.97478 -0.21422 -0.04284 -0.92274 -0.38303 0.00557 -0.98322 -0.18234 -0.10655 -0.99343 0.04188 -0.04284 -0.92274 -0.38303 -0.15164 -0.96162 -0.22869 0.00557 -0.98322 -0.18234 -0.07915 -0.88772 -0.45354 -0.15164 -0.96162 -0.22869 -0.04284 -0.92274 -0.38303 0.12242 0.55524 0.82263 0.09674 0.92290 0.37268 0.12616 0.98602 0.10886 0.12242 0.55524 0.82263 0.00000 0.61579 0.78791 0.09674 0.92290 0.37268 0.00000 0.09269 0.99569 0.00000 0.61579 0.78791 0.12242 0.55524 0.82263 0.00000 0.09269 0.99569 -0.12242 0.55524 0.82263 0.00000 0.61579 0.78791 -0.63484 -0.04704 0.77121 -0.12242 0.55524 0.82263 0.00000 0.09269 0.99569 -0.63484 -0.04704 0.77121 -0.17800 0.26783 0.94688 -0.12242 0.55524 0.82263 -0.98617 -0.11688 0.11752 -0.91815 -0.13089 0.37398 -0.63484 -0.04704 0.77121 -0.26062 -0.94997 -0.17216 0.00557 -0.98322 -0.18234 -0.15164 -0.96162 -0.22869 -0.26062 -0.94997 -0.17216 -0.06158 -0.86868 -0.49152 0.00557 -0.98322 -0.18234 -0.58992 -0.08408 -0.80307 -0.59391 -0.03706 -0.80368 -0.58503 -0.08921 -0.80609 -0.58992 -0.08408 -0.80307 -0.59548 -0.03486 -0.80261 -0.59391 -0.03706 -0.80368 -0.32959 -0.37164 0.86790 -0.32959 -0.37164 0.86790 -0.32959 -0.37164 0.86790 0.87705 0.25879 -0.40473 0.73490 0.58158 0.34884 0.87671 0.32325 -0.35622 0.70297 0.08011 -0.70670 0.67700 0.11608 -0.72677 0.87705 0.25879 -0.40473 0.70297 0.08011 -0.70670 0.55627 0.25790 -0.78997 0.67700 0.11608 -0.72677 -0.10806 -0.63226 -0.76718 0.00945 -0.66001 -0.75120 -0.24475 -0.60840 -0.75495 0.76064 -0.21641 -0.61204 0.98617 -0.11688 0.11752 0.51843 0.10245 -0.84896 0.76064 -0.21641 -0.61204 0.90851 -0.41687 0.02881 0.98617 -0.11688 0.11752 0.91327 -0.26387 -0.31034 0.90851 -0.41687 0.02881 0.76064 -0.21641 -0.61204 0.91327 -0.26387 -0.31034 0.68534 -0.24928 0.68423 0.90851 -0.41687 0.02881 0.93133 0.23092 -0.28160 0.68534 -0.24928 0.68423 0.91327 -0.26387 -0.31034 0.93133 0.23092 -0.28160 0.69792 0.20665 0.68572 0.68534 -0.24928 0.68423 0.50361 -0.22443 -0.83427 0.00000 -0.17251 -0.98501 0.61826 0.47510 -0.62612 0.50361 -0.22443 -0.83427 -0.00000 -0.15900 -0.98728 0.00000 -0.17251 -0.98501 0.00000 0.61579 0.78791 0.00000 0.20188 0.97941 0.04463 0.78111 0.62280 0.00000 0.61579 0.78791 -0.15121 0.16830 0.97407 0.00000 0.20188 0.97941 -0.97666 -0.18498 0.10918 -0.91891 -0.35006 0.18182 -0.88983 -0.33034 0.31475 -0.97666 -0.18498 0.10918 -0.99605 -0.04964 -0.07360 -0.91891 -0.35006 0.18182 -0.97587 0.16808 -0.13940 -0.95939 0.23890 -0.14996 -0.97615 0.21214 -0.04607 0.19976 -0.75507 -0.62448 0.56674 -0.76932 -0.29489 -0.62753 -0.17199 -0.75936 -0.62753 -0.17199 -0.75936 -0.97587 0.16808 -0.13940 0.56906 0.18708 -0.80073 0.57305 0.20793 -0.79270 0.33338 0.41092 -0.84853 0.53697 -0.23124 0.81129 0.24023 -0.15975 0.95748 0.42726 -0.32366 0.84421 0.53697 -0.23124 0.81129 0.00000 0.04600 0.99894 0.24023 -0.15975 0.95748 0.00000 0.50613 0.86246 0.00000 0.04600 0.99894 0.53697 -0.23124 0.81129 0.00000 0.50613 0.86246 -0.15121 0.16830 0.97407 0.00000 0.04600 0.99894 0.00000 0.66840 -0.74380 0.75347 0.65511 -0.05589 0.00000 0.99110 -0.13315 0.00000 0.66840 -0.74380 0.60863 0.54710 -0.57467 0.75347 0.65511 -0.05589 0.78408 0.37056 -0.49790 0.60863 0.54710 -0.57467 0.00000 0.66840 -0.74380 0.78408 0.37056 -0.49790 0.75347 0.65511 -0.05589 0.60863 0.54710 -0.57467 0.98552 0.16220 0.04950 0.75347 0.65511 -0.05589 0.78408 0.37056 -0.49790 0.08755 0.22674 0.97001 0.00000 -0.09041 0.99590 0.69792 0.20665 0.68572 0.08755 0.22674 0.97001 -0.14815 -0.43493 0.88819 0.00000 -0.09041 0.99590 0.68879 -0.61244 -0.38792 0.87846 -0.41987 0.22806 0.53697 -0.23124 0.81129 0.34193 -0.16383 0.92533 0.26980 -0.28925 0.91845 0.34193 -0.16383 0.92533 0.00000 -0.77205 -0.63556 0.00000 -0.88565 -0.46435 0.02278 -0.88542 -0.46423 0.00000 -0.77205 -0.63556 -0.21030 -0.81617 -0.53818 0.00000 -0.88565 -0.46435 -0.46770 -0.64716 -0.60203 -0.21030 -0.81617 -0.53818 0.00000 -0.77205 -0.63556 -0.91891 -0.35006 0.18182 -0.86318 -0.41259 0.29100 -0.91193 -0.40123 0.08606 0.26980 -0.28925 0.91845 0.65258 -0.41819 0.63187 0.87846 -0.41987 0.22806 -0.65258 -0.41819 0.63187 -0.86318 -0.41259 0.29100 -0.65258 -0.41819 0.63187 -0.34193 -0.16383 0.92533 -0.86318 -0.41259 0.29100 0.26980 -0.28925 0.91845 -0.00000 0.84614 0.53297 0.04463 0.78111 0.62280 0.02966 0.84006 0.54168 -0.00000 0.84614 0.53297 0.00000 0.50613 0.86246 0.04463 0.78111 0.62280 -0.15121 0.16830 0.97407 0.00000 0.50613 0.86246 -0.00000 0.84614 0.53297 0.84219 -0.28661 0.45669 0.66901 -0.39162 0.63172 0.66902 -0.39166 0.63167 0.84219 -0.28661 0.45669 0.83842 -0.28960 0.46171 0.66901 -0.39162 0.63172 0.95298 -0.16477 0.25434 0.83842 -0.28960 0.46171 0.84219 -0.28661 0.45669 0.95298 -0.16477 0.25434 0.95298 -0.16478 0.25433 0.83842 -0.28960 0.46171 0.84229 -0.20963 0.49660 0.66903 -0.28501 0.68642 0.66903 -0.28502 0.68642 0.84229 -0.20963 0.49660 0.83841 -0.21186 0.50217 0.66903 -0.28501 0.68642 0.95298 -0.12175 0.27750 0.83841 -0.21186 0.50217 0.84229 -0.20963 0.49660 0.95298 -0.12175 0.27750 0.95298 -0.12175 0.27750 0.83841 -0.21186 0.50217 -0.51843 0.10245 -0.84896 0.00000 0.39458 -0.91886 -0.24119 0.52557 -0.81584 -0.51843 0.10245 -0.84896 -0.00000 -0.15900 -0.98728 0.00000 0.39458 -0.91886 -0.76064 -0.21641 -0.61204 -0.00000 -0.15900 -0.98728 -0.51843 0.10245 -0.84896 -0.76064 -0.21641 -0.61204 -0.50361 -0.22443 -0.83427 -0.00000 -0.15900 -0.98728 -0.91327 -0.26387 -0.31034 -0.50361 -0.22443 -0.83427 -0.76064 -0.21641 -0.61204 -0.91327 -0.26387 -0.31034 -0.61828 0.47511 -0.62610 -0.50361 -0.22443 -0.83427 -0.98173 0.18432 0.04718 -0.61828 0.47511 -0.62610 -0.91327 -0.26387 -0.31034 -0.21125 0.85469 -0.47421 -0.09674 0.92290 0.37268 -0.12616 0.98602 0.10886 -0.21125 0.85469 -0.47421 -0.30338 0.86638 -0.39668 -0.09674 0.92290 0.37268 -0.25250 0.62231 -0.74092 -0.30338 0.86638 -0.39668 -0.21125 0.85469 -0.47421 -0.25250 0.62231 -0.74092 -0.00000 0.65689 -0.75399 -0.30338 0.86638 -0.39668 0.00000 0.39458 -0.91886 -0.00000 0.65689 -0.75399 -0.25250 0.62231 -0.74092 0.00000 0.39458 -0.91886 0.25250 0.62231 -0.74092 -0.00000 0.65689 -0.75399 0.21125 0.85469 -0.47421 0.25250 0.62231 -0.74092 0.00000 0.39458 -0.91886 0.21125 0.85469 -0.47421 0.30338 0.86638 -0.39668 0.25250 0.62231 -0.74092 -0.68534 -0.24928 0.68423 -0.98173 0.18432 0.04718 -0.91327 -0.26387 -0.31034 -0.68534 -0.24928 0.68423 -0.69792 0.20665 0.68572 -0.98173 0.18432 0.04718 0.00000 -0.09041 0.99590 -0.69792 0.20665 0.68572 -0.68534 -0.24928 0.68423 0.00000 -0.09041 0.99590 -0.08755 0.22674 0.97001 -0.69792 0.20665 0.68572 0.14815 -0.43493 0.88819 -0.08755 0.22674 0.97001 0.00000 -0.09041 0.99590 -0.21125 0.85469 -0.47421 0.00000 0.39458 -0.91886 -0.25250 0.62231 -0.74092 -0.21125 0.85469 -0.47421 -0.24119 0.52557 -0.81584 0.00000 0.39458 -0.91886 0.00000 0.09269 0.99569 0.00000 -0.17827 0.98398 -0.63484 -0.04704 0.77121 0.00000 0.09269 0.99569 0.63484 -0.04704 0.77121 0.00000 -0.17827 0.98398 0.12242 0.55524 0.82263 0.63484 -0.04704 0.77121 0.00000 0.09269 0.99569 0.12242 0.55524 0.82263 0.17800 0.26783 0.94688 0.63484 -0.04704 0.77121 -0.50361 -0.22443 -0.83427 0.00000 -0.17251 -0.98501 -0.00000 -0.15900 -0.98728 -0.50361 -0.22443 -0.83427 -0.61828 0.47511 -0.62610 0.00000 -0.17251 -0.98501 0.14815 -0.43493 0.88819 0.18156 0.26813 0.94612 -0.08755 0.22674 0.97001 0.14815 -0.43493 0.88819 0.38279 -0.31517 0.86841 0.18156 0.26813 0.94612 0.04800 -0.97298 0.22583 0.38279 -0.31517 0.86841 0.14815 -0.43493 0.88819 0.90776 -0.33733 0.24935 0.86583 -0.32567 0.37984 0.38279 -0.31517 0.86841 0.97615 0.21214 -0.04607 0.86583 -0.32567 0.37984 0.90776 -0.33733 0.24935 0.97615 0.21214 -0.04607 0.97587 0.16808 -0.13940 0.86583 -0.32567 0.37984 0.95939 0.23890 -0.14996 0.97587 0.16808 -0.13940 0.97615 0.21214 -0.04607 -0.48661 -0.80401 -0.34172 -0.19976 -0.75507 -0.62448 -0.61828 0.47511 -0.62610 -0.33338 0.41092 -0.84853 -0.00375 0.51331 -0.85820 -0.61828 0.47511 -0.62610 -0.46732 0.47031 -0.74861 -0.33338 0.41092 -0.84853 -0.31628 0.73031 -0.60549 -0.46732 0.47031 -0.74861 -0.61828 0.47511 -0.62610 -0.98173 0.18432 0.04718 -0.69792 0.20665 0.68572 -0.79117 0.41641 0.44795 0.83707 -0.20353 0.50782 0.86407 -0.08030 0.49693 0.86410 -0.08823 0.49552 -0.82057 0.09778 0.56312 -0.82760 0.13905 0.54383 -0.80393 0.23259 0.54736 -0.83403 0.10360 0.54190 -0.82760 0.13905 0.54383 -0.82057 0.09778 0.56312 -0.61063 0.07399 -0.78845 -0.61056 0.06856 -0.78900 -0.61119 0.07794 -0.78764 -0.61039 0.06724 -0.78924 -0.61056 0.06856 -0.78900 -0.61063 0.07399 -0.78845 0.86410 -0.08823 0.49552 0.86463 -0.08542 0.49509 0.83707 -0.20353 0.50782 0.58503 -0.08921 -0.80609 0.59391 -0.03706 -0.80368 0.58992 -0.08408 -0.80307 -0.61063 0.07399 -0.78845 -0.61019 0.07149 -0.78903 -0.61039 0.06724 -0.78924 -0.83403 0.10360 0.54190 -0.82057 0.09778 0.56312 -0.83085 0.03364 0.55548 -0.61828 0.47511 -0.62610 -0.99046 0.10015 -0.09460 -0.86679 0.49055 -0.08970 -0.93644 -0.34612 -0.05722 -0.93644 -0.34612 -0.05722 -0.99046 0.10015 -0.09460 -0.94691 0.29457 -0.12883 -0.72980 0.40550 -0.55042 -0.98552 0.16220 0.04950 -0.94691 0.29457 -0.12883 -0.94116 0.32186 -0.10308 -0.72980 0.40550 -0.55042 0.48001 -0.87045 0.10911 0.07114 -0.99740 -0.01185 0.48001 -0.87045 0.10911 -0.91891 -0.35006 0.18182 -0.40114 -0.90398 0.14800 -0.59876 -0.75768 0.25962 0.49587 0.69597 0.51936 0.13255 0.89610 0.42360 0.28272 0.95655 -0.07123 0.49587 0.69597 0.51936 0.46335 0.36374 0.80809 0.13255 0.89610 0.42360 0.63997 0.00818 0.76836 0.86585 -0.27066 0.42078 0.86585 -0.27066 0.42078 0.63997 0.00818 0.76836 0.46335 0.36374 0.80809 0.49587 0.69597 0.51936 0.38643 -0.07705 0.91910 0.46335 0.36374 0.80809 0.63997 0.00818 0.76836 0.38643 -0.07705 0.91910 0.22932 0.29112 0.92880 0.46335 0.36374 0.80809 0.28192 -0.25108 0.92600 0.22932 0.29112 0.92880 0.38643 -0.07705 0.91910 0.28192 -0.25108 0.92600 -0.15008 0.69488 0.70329 0.22932 0.29112 0.92880 -0.73490 0.58158 0.34884 -0.15008 0.69488 0.70329 -0.50580 0.69893 0.50563 -0.44545 0.83534 0.32215 -0.87953 0.45834 -0.12789 -0.42786 0.89807 -0.10205 -0.44545 0.83534 0.32215 -0.82298 0.46257 0.32974 -0.87953 0.45834 -0.12789 -0.15008 0.69488 0.70329 -0.82298 0.46257 0.32974 -0.44545 0.83534 0.32215 -0.15008 0.69488 0.70329 -0.68124 0.29227 0.67118 -0.82298 0.46257 0.32974 0.27258 -0.95754 -0.09385 0.51574 -0.85426 -0.06519 0.64835 -0.71711 0.25573 0.27258 -0.95754 -0.09385 0.18559 -0.83991 -0.51001 0.51574 -0.85426 -0.06519 0.04287 -0.92280 -0.38288 0.18559 -0.83991 -0.51001 0.27258 -0.95754 -0.09385 0.04287 -0.92280 -0.38288 0.07921 -0.88777 -0.45342 0.18559 -0.83991 -0.51001 0.15164 -0.96162 -0.22869 0.07921 -0.88777 -0.45342 0.04287 -0.92280 -0.38288 -0.51868 0.27910 -0.80813 -0.33234 0.77802 -0.53314 -0.70486 0.43857 -0.55752 -0.51868 0.27910 -0.80813 -0.14970 0.48048 -0.86413 -0.33234 0.77802 -0.53314 -0.15008 0.69488 0.70329 0.46335 0.36374 0.80809 0.22932 0.29112 0.92880 -0.15008 0.69488 0.70329 0.13255 0.89610 0.42360 0.46335 0.36374 0.80809 -0.44545 0.83534 0.32215 0.13255 0.89610 0.42360 -0.15008 0.69488 0.70329 -0.44545 0.83534 0.32215 0.00012 0.97265 -0.23226 0.13255 0.89610 0.42360 -0.42786 0.89807 -0.10205 0.00012 0.97265 -0.23226 -0.44545 0.83534 0.32215 -0.42786 0.89807 -0.10205 -0.33234 0.77802 -0.53314 0.00012 0.97265 -0.23226 -0.87953 0.45834 -0.12789 -0.33234 0.77802 -0.53314 -0.42786 0.89807 -0.10205 -0.87953 0.45834 -0.12789 -0.70486 0.43857 -0.55752 -0.33234 0.77802 -0.53314 -0.98725 0.05229 -0.15034 -0.70486 0.43857 -0.55752 -0.87953 0.45834 -0.12789 0.29054 -0.24936 -0.92380 0.29054 -0.24936 -0.92380 0.29054 -0.24936 -0.92380 0.10655 -0.99343 0.04188 0.04287 -0.92280 -0.38288 0.27258 -0.95754 -0.09385 0.10655 -0.99343 0.04188 -0.00557 -0.98322 -0.18234 0.04287 -0.92280 -0.38288 0.06252 -0.97476 -0.21430 -0.00557 -0.98322 -0.18234 0.10655 -0.99343 0.04188 0.06252 -0.97476 -0.21430 0.06170 -0.86864 -0.49158 -0.00557 -0.98322 -0.18234 0.10733 -0.63158 -0.76785 0.06170 -0.86864 -0.49158 0.06252 -0.97476 -0.21430 0.32714 -0.44226 0.83510 0.28192 -0.25108 0.92600 0.38643 -0.07705 0.91910 0.32714 -0.44226 0.83510 0.41950 -0.37543 0.82648 0.28192 -0.25108 0.92600 0.24257 -0.60794 -0.75602 0.10733 -0.63158 -0.76785 0.06252 -0.97476 -0.21430 0.24257 -0.60794 -0.75602 -0.01041 -0.65906 -0.75202 0.10733 -0.63158 -0.76785 -0.67700 0.11608 -0.72677 -0.55627 0.25790 -0.78997 -0.70297 0.08011 -0.70670 0.26062 -0.94997 -0.17216 -0.00557 -0.98322 -0.18234 0.06170 -0.86864 -0.49158 0.26062 -0.94997 -0.17216 0.15164 -0.96162 -0.22869 -0.00557 -0.98322 -0.18234 -0.92955 -0.04390 0.36608 -0.92955 -0.04390 0.36608 -0.92955 -0.04390 0.36608 -0.70576 0.09622 -0.70189 -0.51868 0.27910 -0.80813 -0.70486 0.43857 -0.55752 -0.87953 0.45834 -0.12789 -0.99959 -0.01522 -0.02432 -0.98725 0.05229 -0.15034 -0.87953 0.45834 -0.12789 -0.99510 0.01250 -0.09809 -0.99959 -0.01522 -0.02432 -0.82298 0.46257 0.32974 -0.99510 0.01250 -0.09809 -0.87953 0.45834 -0.12789 -0.30289 -0.19784 0.93227 -0.30289 -0.19784 0.93227 -0.30289 -0.19784 0.93227 -0.77520 -0.12878 -0.61844 -0.77520 -0.12878 -0.61844 0.42754 0.52406 -0.73660 0.08490 0.73663 -0.67095 0.42754 0.52406 -0.73660 0.28272 0.95655 -0.07123 0.00012 0.97265 -0.23226 0.08490 0.73663 -0.67095 0.13255 0.89610 0.42360 0.00012 0.97265 -0.23226 0.28272 0.95655 -0.07123 0.68278 -0.70748 -0.18241 0.73617 -0.65936 -0.15264 0.93397 -0.21044 -0.28882 0.68278 -0.70748 -0.18241 0.06252 -0.97476 -0.21430 0.73617 -0.65936 -0.15264 0.32959 -0.37164 0.86790 0.32959 -0.37164 0.86790 0.32959 -0.37164 0.86790 -0.87671 0.32325 -0.35622 -0.73490 0.58158 0.34884 -0.87705 0.25879 -0.40473 0.65946 -0.68539 0.30880 0.64835 -0.71711 0.25573 0.88557 -0.21533 0.41158 0.65946 -0.68539 0.30880 0.27258 -0.95754 -0.09385 0.64835 -0.71711 0.25573 0.27518 -0.96123 0.01788 0.27258 -0.95754 -0.09385 0.65946 -0.68539 0.30880 0.27518 -0.96123 0.01788 0.10655 -0.99343 0.04188 0.27258 -0.95754 -0.09385 0.73617 -0.65936 -0.15264 0.10655 -0.99343 0.04188 0.27518 -0.96123 0.01788 0.73617 -0.65936 -0.15264 0.06252 -0.97476 -0.21430 0.10655 -0.99343 0.04188 0.32794 -0.04717 0.94352 0.38279 -0.31517 0.86841 0.86583 -0.32567 0.37984 0.32794 -0.04717 0.94352 0.18156 0.26813 0.94612 0.38279 -0.31517 0.86841 -0.80334 0.28666 0.52199 -0.80229 0.21947 0.55512 -0.76499 -0.01522 0.64387 0.62753 -0.17199 -0.75936 0.62753 -0.17199 -0.75936 0.97587 0.16808 -0.13940 -0.33338 0.41092 -0.84853 -0.57305 0.20793 -0.79270 -0.56906 0.18708 -0.80073 -0.46732 0.47031 -0.74861 -0.57305 0.20793 -0.79270 -0.33338 0.41092 -0.84853 -0.79117 0.41641 0.44795 -0.80229 0.21947 0.55512 -0.80334 0.28666 0.52199 -0.69792 0.20665 0.68572 -0.80229 0.21947 0.55512 -0.79117 0.41641 0.44795 -0.69792 0.20665 0.68572 -0.08755 0.22674 0.97001 0.18156 0.26813 0.94612 -0.12242 0.55524 0.82263 -0.09674 0.92290 0.37268 0.00000 0.61579 0.78791 -0.12242 0.55524 0.82263 -0.12616 0.98602 0.10886 -0.09674 0.92290 0.37268 -0.33234 0.77802 -0.53314 0.08490 0.73663 -0.67095 0.00012 0.97265 -0.23226 -0.33234 0.77802 -0.53314 -0.14970 0.48048 -0.86413 0.08490 0.73663 -0.67095 -0.82057 0.09778 0.56312 -0.81160 -0.10420 0.57485 -0.83085 0.03364 0.55548 0.83707 -0.20353 0.50782 0.84729 -0.16628 0.50443 0.77839 -0.36565 0.51030 0.86463 -0.08542 0.49509 0.84729 -0.16628 0.50443 0.83707 -0.20353 0.50782 0.58992 -0.08408 -0.80307 0.59548 -0.03486 -0.80261 0.59400 -0.08561 -0.79989 0.59391 -0.03706 -0.80368 0.59548 -0.03486 -0.80261 0.58992 -0.08408 -0.80307 -0.90851 -0.41687 0.02881 -0.91327 -0.26387 -0.31034 -0.76064 -0.21641 -0.61204 -0.90851 -0.41687 0.02881 -0.68534 -0.24928 0.68423 -0.91327 -0.26387 -0.31034 -0.98617 -0.11688 0.11752 -0.76064 -0.21641 -0.61204 -0.51843 0.10245 -0.84896 -0.98617 -0.11688 0.11752 -0.90851 -0.41687 0.02881 -0.76064 -0.21641 -0.61204 -0.63484 -0.04704 0.77121 -0.90851 -0.41687 0.02881 -0.98617 -0.11688 0.11752 -0.63484 -0.04704 0.77121 -0.68534 -0.24928 0.68423 -0.90851 -0.41687 0.02881 0.00000 -0.17827 0.98398 -0.68534 -0.24928 0.68423 -0.63484 -0.04704 0.77121 0.00000 -0.17827 0.98398 0.00000 -0.09041 0.99590 -0.68534 -0.24928 0.68423 0.68534 -0.24928 0.68423 0.00000 -0.09041 0.99590 0.00000 -0.17827 0.98398 0.68534 -0.24928 0.68423 0.69792 0.20665 0.68572 0.00000 -0.09041 0.99590 0.00000 0.55973 -0.82868 -0.72980 0.40550 -0.55042 -0.22712 0.56126 -0.79586 0.00000 0.55973 -0.82868 0.00000 0.45231 -0.89186 -0.72980 0.40550 -0.55042 0.78408 0.37056 -0.49790 0.00000 0.45231 -0.89186 0.00000 0.55973 -0.82868 0.78408 0.37056 -0.49790 0.00000 0.66840 -0.74380 0.00000 0.45231 -0.89186 -0.15121 0.16830 0.97407 -0.24023 -0.15975 0.95748 0.00000 0.04600 0.99894 -0.15121 0.16830 0.97407 -0.42726 -0.32366 0.84421 -0.24023 -0.15975 0.95748 -0.66901 -0.39162 0.63172 -0.84219 -0.28661 0.45669 -0.66902 -0.39166 0.63168 -0.66901 -0.39162 0.63172 -0.83842 -0.28960 0.46171 -0.84219 -0.28661 0.45669 -0.83842 -0.28960 0.46171 -0.95298 -0.16477 0.25434 -0.84219 -0.28661 0.45669 -0.83842 -0.28960 0.46171 -0.95298 -0.16478 0.25433 -0.95298 -0.16477 0.25434 -0.66903 -0.28501 0.68642 -0.84229 -0.20963 0.49660 -0.66903 -0.28502 0.68642 -0.66903 -0.28501 0.68642 -0.83841 -0.21186 0.50217 -0.84229 -0.20963 0.49660 -0.83841 -0.21186 0.50217 -0.95298 -0.12175 0.27750 -0.84229 -0.20963 0.49660 -0.83841 -0.21186 0.50217 -0.95298 -0.12175 0.27750 -0.95298 -0.12175 0.27750 -0.80616 0.59072 -0.03392 -0.80681 0.58542 -0.07966 -0.81724 0.57241 -0.06677 0.80616 0.59072 -0.03392 0.85172 0.51956 -0.06809 0.80681 0.58542 -0.07966 0.80502 0.59233 -0.03305 0.85172 0.51956 -0.06809 0.80616 0.59072 -0.03392 0.80493 -0.59246 -0.03286 0.80610 -0.59081 -0.03377 0.80671 -0.58653 -0.07209 0.80045 -0.59844 -0.03390 0.80610 -0.59081 -0.03377 0.80493 -0.59246 -0.03286 -0.80045 -0.59844 -0.03390 -0.80493 -0.59246 -0.03286 -0.80610 -0.59081 -0.03377 -0.79973 -0.59943 -0.03349 -0.80493 -0.59246 -0.03286 -0.80045 -0.59844 -0.03390 -0.79989 0.59915 -0.03458 -0.80060 0.59818 -0.03497 -0.80502 0.59233 -0.03305 -0.79964 0.59930 -0.03774 -0.80060 0.59818 -0.03497 -0.79989 0.59915 -0.03458 0.79956 0.59940 -0.03761 0.79989 0.59915 -0.03458 0.80060 0.59818 -0.03497 0.79959 0.59937 -0.03758 0.79989 0.59915 -0.03458 0.79956 0.59940 -0.03761 0.79964 -0.59943 -0.03541 0.79962 -0.59946 -0.03542 0.79973 -0.59943 -0.03349 0.79980 -0.59931 -0.03392 0.79962 -0.59946 -0.03542 0.79964 -0.59943 -0.03541 -0.80024 -0.59871 -0.03405 -0.79971 -0.59934 -0.03547 -0.79962 -0.59946 -0.03542 -0.80034 -0.59857 -0.03411 -0.79971 -0.59934 -0.03547 -0.80024 -0.59871 -0.03405 0.79941 0.59970 -0.03607 0.79956 0.59940 -0.03761 0.79937 0.59975 -0.03613 0.79941 0.59970 -0.03607 0.79959 0.59937 -0.03758 0.79956 0.59940 -0.03761 0.79980 -0.59931 -0.03392 0.79964 -0.59943 -0.03541 0.79983 -0.59927 -0.03393 0.79048 -0.60818 -0.07253 0.56674 -0.76932 -0.29489 0.80671 -0.58653 -0.07209 0.79048 -0.60818 -0.07253 0.00000 -0.94345 -0.33152 0.56674 -0.76932 -0.29489 -0.48661 -0.80401 -0.34172 0.00000 -0.94345 -0.33152 -0.80398 -0.59263 -0.04911 0.00000 -0.98849 0.15129 0.00000 -0.67297 0.73967 -0.14815 -0.43493 0.88819 0.70530 0.36339 0.60868 0.58826 0.14169 0.79616 0.00000 0.85153 0.52431 0.44545 0.83534 0.32215 0.42786 0.89807 -0.10205 0.87953 0.45834 -0.12789 0.92955 -0.04390 0.36608 0.92955 -0.04390 0.36608 0.92955 -0.04390 0.36608 0.99959 -0.01522 -0.02432 0.87953 0.45834 -0.12789 0.98725 0.05229 -0.15034 -0.35286 0.88670 -0.29877 -0.42712 0.52412 -0.73679 -0.08501 0.73650 -0.67107 0.30289 -0.19784 0.93227 0.30289 -0.19784 0.93227 0.30289 -0.19784 0.93227 0.91815 -0.13089 0.37398 0.98617 -0.11688 0.11752 0.63484 -0.04704 0.77121 0.25250 0.62231 -0.74092 0.30338 0.86638 -0.39668 -0.00000 0.65689 -0.75399 0.79942 0.59979 -0.03434 0.79941 0.59970 -0.03607 0.79937 0.59975 -0.03613 0.46770 -0.64716 -0.60203 0.00000 -0.77205 -0.63556 0.68879 -0.61244 -0.38792 0.00000 -0.92418 -0.38196 -0.00543 -0.92214 -0.38681 0.00000 -0.92249 -0.38602 0.00000 -0.94345 -0.33152 -0.48661 -0.80401 -0.34172 -0.03696 -0.95216 -0.30336 0.00000 -0.99893 -0.04626 0.07114 -0.99740 -0.01185 -0.40114 -0.90398 0.14800 -0.67700 0.11608 -0.72677 -0.70297 0.08011 -0.70670 -0.87705 0.25879 -0.40473 0.65946 -0.68539 0.30880 0.92681 -0.12401 0.35446 0.98908 -0.09523 0.11245 -0.00557 -0.98322 -0.18234 0.15164 -0.96162 -0.22869 0.04287 -0.92280 -0.38288 -0.82298 0.46257 0.32974 -0.68124 0.29227 0.67118 -0.80297 0.11068 0.58565 0.98908 -0.09523 0.11245 0.98937 -0.06114 -0.13193 0.73617 -0.65936 -0.15264 -0.50580 0.69893 0.50563 -0.40288 0.74727 0.52846 -0.73490 0.58158 0.34884 -0.72980 0.40550 -0.55042 0.00000 0.45231 -0.89186 0.00000 0.66840 -0.74380 -0.00000 0.84614 0.53297 -0.02966 0.84006 0.54168 -0.15121 0.16830 0.97407 -0.99046 0.10015 -0.09460 -0.48661 -0.80401 -0.34172 -0.80398 -0.59263 -0.04911</float_array>
     <technique_common>
      <accessor count="1302" source="#realb07_5-lib-normals-array" stride="3">
       <param name="X" type="float"/>
       <param name="Y" type="float"/>
       <param name="Z" type="float"/>
      </accessor>
     </technique_common>
    </source>
    <source id="realb07_5-lib-texcoords">
     <float_array id="realb07_5-lib-texcoords-array" count="2616">1.83398 -0.06982 1.78369 -0.06982 1.77441 -0.09570 1.83398 -0.06982 1.80859 -0.04297 1.78369 -0.06982 1.78369 -0.06982 1.80859 -0.04297 1.83398 -0.06982 0.02637 -0.79150 0.04980 -0.88672 0.02734 -0.88672 0.02637 -0.79150 0.05273 -0.79150 0.04980 -0.88672 0.07715 -0.73926 0.05273 -0.79150 0.02637 -0.79150 0.60449 -0.08398 0.50781 -0.12402 0.52100 -0.08252 0.60449 -0.08398 0.60205 -0.13672 0.50781 -0.12402 0.61914 -0.24854 0.46875 -0.14258 0.50781 -0.12402 0.61914 -0.24854 0.43555 -0.21631 0.46875 -0.14258 0.49463 -0.45703 0.43555 -0.21631 0.61914 -0.24854 0.49463 -0.45703 0.38330 -0.29932 0.43555 -0.21631 0.42188 -0.48584 0.38330 -0.29932 0.49463 -0.45703 0.42188 -0.48584 0.28857 -0.45361 0.38330 -0.29932 0.34424 -0.62744 0.28857 -0.45361 0.42188 -0.48584 0.34424 -0.62744 0.25781 -0.56104 0.28857 -0.45361 0.20459 -0.23438 0.17676 -0.45508 0.03271 -0.43896 0.20459 -0.23438 0.27344 -0.35596 0.17676 -0.45508 0.29346 -0.20654 0.27344 -0.35596 0.20459 -0.23438 0.02783 -0.73389 0.02930 -0.65479 0.07715 -0.73926 0.02783 -0.73389 0.07715 -0.73926 0.02930 -0.65479 0.02637 -0.79150 0.07715 -0.73926 0.02783 -0.73389 0.02734 -0.95264 0.04980 -0.88672 0.07422 -0.97510 0.02734 -0.95264 0.02734 -0.88672 0.04980 -0.88672 0.04980 -0.88672 0.02734 -0.88672 0.02734 -0.95264 0.04980 -0.88672 0.02637 -0.79150 0.02734 -0.88672 0.05273 -0.79150 0.02637 -0.79150 0.04980 -0.88672 0.05273 -0.79150 0.07715 -0.73926 0.02637 -0.79150 0.81641 -0.05957 0.85693 -0.21045 0.91553 -0.15039 0.81641 -0.05957 0.76660 -0.14893 0.85693 -0.21045 0.79004 -0.01025 0.76660 -0.14893 0.81641 -0.05957 0.79004 -0.01025 0.70703 -0.07275 0.76660 -0.14893 0.76660 -0.14893 0.70703 -0.07275 0.79004 -0.01025 0.76660 -0.14893 0.67773 -0.14844 0.70703 -0.07275 0.73633 -0.18066 0.67773 -0.14844 0.76660 -0.14893 0.73633 -0.18066 0.72070 -0.26660 0.67773 -0.14844 0.76660 -0.14893 0.72070 -0.26660 0.73633 -0.18066 0.76660 -0.14893 0.85693 -0.21045 0.72070 -0.26660 0.81641 -0.05957 0.85693 -0.21045 0.76660 -0.14893 0.81641 -0.05957 0.91553 -0.15039 0.85693 -0.21045 0.98633 -0.07324 0.91553 -0.15039 0.81641 -0.05957 0.13770 -0.83545 0.10205 -0.75439 0.09473 -0.88672 0.13770 -0.83545 0.24316 -0.80127 0.10205 -0.75439 0.82715 -0.60205 0.81494 -0.58691 0.79590 -0.63770 0.82715 -0.60205 0.85791 -0.52979 0.81494 -0.58691 0.88330 -0.56201 0.85791 -0.52979 0.82715 -0.60205 0.88330 -0.56201 0.92920 -0.51611 0.85791 -0.52979 0.94580 -0.31836 0.97852 -0.36816 0.97461 -0.30029 0.94580 -0.31836 0.90527 -0.41650 0.97852 -0.36816 0.80811 -0.38574 0.90527 -0.41650 0.94580 -0.31836 0.80811 -0.38574 0.85791 -0.52979 0.90527 -0.41650 0.79541 -0.54297 0.85791 -0.52979 0.80811 -0.38574 0.79541 -0.54297 0.81494 -0.58691 0.85791 -0.52979 0.78516 -0.63184 0.81494 -0.58691 0.79541 -0.54297 0.78516 -0.63184 0.79590 -0.63770 0.81494 -0.58691 0.90527 -0.41650 0.96143 -0.46045 0.97852 -0.36816 0.90527 -0.41650 0.92920 -0.51611 0.96143 -0.46045 0.85791 -0.52979 0.92920 -0.51611 0.90527 -0.41650 0.97363 -0.13916 0.97412 -0.21582 0.98340 -0.14453 0.97363 -0.13916 0.95361 -0.20654 0.97412 -0.21582 0.32666 -0.92920 0.46631 -0.91211 0.32861 -0.87646 0.32666 -0.92920 0.46680 -0.93896 0.46631 -0.91211 0.46680 -0.96289 0.46680 -0.93896 0.32666 -0.92920 0.46680 -0.96289 0.55322 -0.95020 0.46680 -0.93896 0.19238 -0.96143 0.19238 -0.93652 0.09424 -0.94727 0.19238 -0.96143 0.32666 -0.92920 0.19238 -0.93652 0.32568 -0.98438 0.32666 -0.92920 0.19238 -0.96143 0.32568 -0.98438 0.46680 -0.96289 0.32666 -0.92920 0.19336 -0.90576 0.32666 -0.92920 0.32861 -0.87646 0.19336 -0.90576 0.19238 -0.93652 0.32666 -0.92920 0.09521 -0.93262 0.19238 -0.93652 0.19336 -0.90576 0.09521 -0.93262 0.09424 -0.94727 0.19238 -0.93652 0.92236 -0.73975 0.95850 -0.74951 0.92871 -0.77539 0.92236 -0.73975 0.89648 -0.60205 0.95850 -0.74951 0.87207 -0.72314 0.89648 -0.60205 0.92236 -0.73975 0.87207 -0.72314 0.85254 -0.60938 0.89648 -0.60205 0.89648 -0.60205 0.85254 -0.60938 0.87207 -0.72314 0.92969 -0.76758 0.96387 -0.97900 0.94824 -0.98145 0.92969 -0.76758 0.94824 -0.98145 0.96387 -0.97900 0.93213 -0.98340 0.94824 -0.98145 0.92969 -0.76758 0.95752 -0.66553 0.95557 -0.59277 0.89600 -0.60010 0.95752 -0.66553 0.89600 -0.60010 0.95557 -0.59277 0.91064 -0.67139 0.89600 -0.60010 0.95752 -0.66553 0.91064 -0.67139 0.87207 -0.67871 0.89600 -0.60010 0.89844 -0.76904 0.87207 -0.67871 0.91064 -0.67139 0.89844 -0.76904 0.91064 -0.67139 0.87207 -0.67871 0.93018 -0.76416 0.91064 -0.67139 0.89844 -0.76904 0.93018 -0.76416 0.96045 -0.76025 0.91064 -0.67139 0.96289 -0.94287 0.96045 -0.76025 0.93018 -0.76416 0.96289 -0.94287 0.93018 -0.76416 0.96045 -0.76025 0.94482 -0.94678 0.93018 -0.76416 0.96289 -0.94287 0.94482 -0.94678 0.92627 -0.95068 0.93018 -0.76416 0.94775 -0.98193 0.92627 -0.95068 0.94482 -0.94678 0.94775 -0.98193 0.93164 -0.98438 0.92627 -0.95068 0.87988 -0.76855 0.92236 -0.73975 0.92871 -0.77539 0.87988 -0.76855 0.87207 -0.72314 0.92236 -0.73975 0.92236 -0.73877 0.87207 -0.72314 0.87988 -0.76855 0.92236 -0.73877 0.89648 -0.60205 0.87207 -0.72314 0.95557 -0.59180 0.89648 -0.60205 0.92236 -0.73877 0.98633 -0.07324 0.81641 -0.05957 0.91553 -0.15039 0.98633 -0.07324 0.88281 -0.01465 0.81641 -0.05957 0.81641 -0.05957 0.88281 -0.01465 0.98633 -0.07324 0.81641 -0.05957 0.79004 -0.01025 0.88281 -0.01465 0.76660 -0.14893 0.79004 -0.01025 0.81641 -0.05957 0.72070 -0.26660 0.87402 -0.26025 0.85693 -0.21045 0.72070 -0.26660 0.71533 -0.38818 0.87402 -0.26025 0.62646 -0.38721 0.71533 -0.38818 0.72070 -0.26660 1.77441 -0.11035 1.78516 -0.04053 1.77441 -0.03955 1.77441 -0.11035 1.78857 -0.08105 1.78516 -0.04053 1.80859 -0.12012 1.78857 -0.08105 1.77441 -0.11035 1.80859 -0.12012 1.80859 -0.09033 1.78857 -0.08105 1.78857 -0.08105 1.80859 -0.09033 1.80859 -0.12012 0.50537 -0.71582 0.55859 -0.79297 0.48340 -0.77832 0.50537 -0.71582 0.57275 -0.73535 0.55859 -0.79297 0.59033 -0.66650 0.57275 -0.73535 0.50537 -0.71582 0.59033 -0.66650 0.66260 -0.72314 0.57275 -0.73535 0.67041 -0.65918 0.66260 -0.72314 0.59033 -0.66650 0.67041 -0.65918 0.71680 -0.66504 0.66260 -0.72314 0.48340 -0.77832 0.50439 -0.87207 0.43555 -0.79248 0.48340 -0.77832 0.52979 -0.84277 0.50439 -0.87207 0.55859 -0.79297 0.52979 -0.84277 0.48340 -0.77832 0.55859 -0.79297 0.59961 -0.83496 0.52979 -0.84277 0.64551 -0.80811 0.59961 -0.83496 0.55859 -0.79297 0.64551 -0.80811 0.72510 -0.82275 0.59961 -0.83496 0.73633 -0.78125 0.72510 -0.82275 0.64551 -0.80811 0.73633 -0.78125 0.87109 -0.83447 0.72510 -0.82275 0.77002 -0.78027 0.87109 -0.83447 0.73633 -0.78125 0.72510 -0.82275 0.71143 -0.88086 0.59961 -0.83496 0.72510 -0.82275 0.78613 -0.92432 0.71143 -0.88086 0.75928 -0.84131 0.78613 -0.92432 0.72510 -0.82275 0.71680 -0.66504 0.71680 -0.70703 0.66260 -0.72314 0.71680 -0.66504 0.80664 -0.67773 0.71680 -0.70703 0.68555 -0.56641 0.67285 -0.60059 0.60205 -0.57471 0.68555 -0.56641 0.75293 -0.60010 0.67285 -0.60059 0.52979 -0.84277 0.53711 -0.90527 0.50439 -0.87207 0.52979 -0.84277 0.56396 -0.87646 0.53711 -0.90527 0.59961 -0.83496 0.56396 -0.87646 0.52979 -0.84277 0.59961 -0.83496 0.62354 -0.91553 0.56396 -0.87646 0.63623 -0.89502 0.62354 -0.91553 0.59961 -0.83496 0.63623 -0.89502 0.72119 -0.96826 0.62354 -0.91553 0.57275 -0.73535 0.64551 -0.80811 0.55859 -0.79297 0.57275 -0.73535 0.65625 -0.76025 0.64551 -0.80811 0.66260 -0.72314 0.65625 -0.76025 0.57275 -0.73535 0.66260 -0.72314 0.73633 -0.78125 0.65625 -0.76025 0.71680 -0.70703 0.73633 -0.78125 0.66260 -0.72314 0.71680 -0.70703 0.83691 -0.73877 0.73633 -0.78125 0.74072 -0.70361 0.83691 -0.73877 0.71680 -0.70703 0.62354 -0.91553 0.53711 -0.90527 0.56396 -0.87646 0.62354 -0.91553 0.59766 -0.93164 0.53711 -0.90527 0.72119 -0.96826 0.59766 -0.93164 0.62354 -0.91553 0.59814 -0.47461 0.56348 -0.41406 0.57764 -0.42578 0.59814 -0.47461 0.52881 -0.46875 0.56348 -0.41406 0.54395 -0.53857 0.52881 -0.46875 0.59814 -0.47461 0.54688 -0.57080 0.55225 -0.62744 0.49121 -0.60693 0.54688 -0.57080 0.60205 -0.57471 0.55225 -0.62744 0.59912 -0.52100 0.60205 -0.57471 0.54688 -0.57080 0.59912 -0.52100 0.68555 -0.56641 0.60205 -0.57471 0.67871 -0.53223 0.68555 -0.56641 0.59912 -0.52100 0.67871 -0.53223 0.76562 -0.54883 0.68555 -0.56641 0.60205 -0.57471 0.60010 -0.61865 0.55225 -0.62744 0.60205 -0.57471 0.65820 -0.63184 0.60010 -0.61865 0.67285 -0.60059 0.65820 -0.63184 0.60205 -0.57471 0.67285 -0.60059 0.72363 -0.63721 0.65820 -0.63184 0.67871 -0.53223 0.67188 -0.50146 0.74121 -0.50293 0.67871 -0.53223 0.59814 -0.47461 0.67188 -0.50146 0.59912 -0.52100 0.59814 -0.47461 0.67871 -0.53223 0.59912 -0.52100 0.54395 -0.53857 0.59814 -0.47461 0.54688 -0.57080 0.54395 -0.53857 0.59912 -0.52100 0.54688 -0.57080 0.48730 -0.56006 0.54395 -0.53857 0.49121 -0.60693 0.48730 -0.56006 0.54688 -0.57080 0.19189 -0.10645 0.06348 -0.02783 0.15625 -0.02637 0.19189 -0.10645 0.02295 -0.14209 0.06348 -0.02783 0.03027 -0.25781 0.02295 -0.14209 0.19189 -0.10645 0.03027 -0.25781 0.19189 -0.10645 0.02295 -0.14209 0.20459 -0.23438 0.19189 -0.10645 0.03027 -0.25781 0.20459 -0.23438 0.24609 -0.11426 0.19189 -0.10645 0.29346 -0.20654 0.24609 -0.11426 0.20459 -0.23438 0.50781 -0.48877 0.54395 -0.53857 0.48730 -0.56006 0.50781 -0.48877 0.52881 -0.46875 0.54395 -0.53857 0.46680 -0.93896 0.55371 -0.93506 0.46631 -0.91211 0.46680 -0.93896 0.55322 -0.95020 0.55371 -0.93506 0.59814 -0.47461 0.62451 -0.43994 0.67188 -0.50146 0.59814 -0.47461 0.59229 -0.41748 0.62451 -0.43994 0.57764 -0.42578 0.59229 -0.41748 0.59814 -0.47461 0.57764 -0.42578 0.60205 -0.32617 0.59229 -0.41748 0.56348 -0.41406 0.60205 -0.32617 0.57764 -0.42578 0.38330 -0.29932 0.29346 -0.20654 0.43555 -0.21631 0.38330 -0.29932 0.27344 -0.35596 0.29346 -0.20654 0.28857 -0.45361 0.27344 -0.35596 0.38330 -0.29932 0.28857 -0.45361 0.17676 -0.45508 0.27344 -0.35596 0.25781 -0.56104 0.17676 -0.45508 0.28857 -0.45361 0.25781 -0.56104 0.17529 -0.60156 0.17676 -0.45508 0.42188 -0.48584 0.45947 -0.55127 0.34424 -0.62744 0.42188 -0.48584 0.49463 -0.45703 0.45947 -0.55127 0.24316 -0.80127 0.19385 -0.76953 0.10205 -0.75439 0.24316 -0.80127 0.10205 -0.75439 0.19385 -0.76953 0.13770 -0.83545 0.10205 -0.75439 0.24316 -0.80127 0.13770 -0.83545 0.09473 -0.88672 0.10205 -0.75439 0.95361 -0.20654 0.97461 -0.30029 0.97412 -0.21582 0.95361 -0.20654 0.94580 -0.31836 0.97461 -0.30029 0.88770 -0.28467 0.94580 -0.31836 0.95361 -0.20654 0.88770 -0.28467 0.80811 -0.38574 0.94580 -0.31836 1.78516 -0.10938 1.77441 -0.09473 1.77441 -0.10938 1.78516 -0.10938 1.84277 -0.09473 1.77441 -0.09473 1.83203 -0.10938 1.84277 -0.09473 1.78516 -0.10938 1.83203 -0.10938 1.78516 -0.10938 1.84277 -0.09473 0.67773 -0.14844 0.76660 -0.14893 0.70703 -0.07275 0.67773 -0.14844 0.73633 -0.18066 0.76660 -0.14893 0.72070 -0.26660 0.73633 -0.18066 0.67773 -0.14844 0.72070 -0.26660 0.76660 -0.14893 0.73633 -0.18066 0.85693 -0.21045 0.76660 -0.14893 0.72070 -0.26660 0.12842 -0.66455 0.02930 -0.65479 0.17529 -0.60156 0.12842 -0.66455 0.07715 -0.73926 0.02930 -0.65479 0.35693 -0.14990 0.33594 -0.06104 0.39746 -0.02344 0.35693 -0.14990 0.30518 -0.17822 0.33594 -0.06104 0.40918 -0.19141 0.30518 -0.17822 0.35693 -0.14990 0.40918 -0.19141 0.35693 -0.14990 0.30518 -0.17822 0.39746 -0.02344 0.35693 -0.14990 0.40918 -0.19141 0.39746 -0.02344 0.33594 -0.06104 0.35693 -0.14990 0.30518 -0.17822 0.25195 -0.07520 0.33594 -0.06104 0.30518 -0.17822 0.33594 -0.06104 0.25195 -0.07520 0.35693 -0.14990 0.33594 -0.06104 0.30518 -0.17822 0.68359 -0.00195 0.53027 -0.06787 0.67627 -0.06738 0.68359 -0.00195 0.53027 -0.00244 0.53027 -0.06787 0.53027 -0.06787 0.53027 -0.00244 0.68359 -0.00195 0.27783 -0.03711 0.18359 -0.00195 0.18359 -0.03711 0.27783 -0.03711 0.27783 -0.00195 0.18359 -0.00195 0.37109 -0.03711 0.27783 -0.00195 0.27783 -0.03711 0.37109 -0.03711 0.37109 -0.00146 0.27783 -0.00195 0.27783 -0.00146 0.18359 -0.03711 0.18359 -0.00146 0.27783 -0.00146 0.27783 -0.03711 0.18359 -0.03711 0.37109 -0.00195 0.27783 -0.03711 0.27783 -0.00146 0.37109 -0.00195 0.37109 -0.03711 0.27783 -0.03711 0.43555 -0.21631 0.61914 -0.24854 0.46875 -0.14258 0.43555 -0.21631 0.49463 -0.45703 0.61914 -0.24854 0.38330 -0.29932 0.49463 -0.45703 0.43555 -0.21631 0.38330 -0.29932 0.42188 -0.48584 0.49463 -0.45703 0.28857 -0.45361 0.42188 -0.48584 0.38330 -0.29932 0.28857 -0.45361 0.34424 -0.62744 0.42188 -0.48584 0.25781 -0.56104 0.34424 -0.62744 0.28857 -0.45361 0.50781 -0.12402 0.60449 -0.08398 0.52100 -0.08252 0.50781 -0.12402 0.60205 -0.13672 0.60449 -0.08398 0.60156 -0.18945 0.60205 -0.13672 0.50781 -0.12402 0.60156 -0.18945 0.64795 -0.16895 0.60205 -0.13672 0.61914 -0.24854 0.64795 -0.16895 0.60156 -0.18945 0.61914 -0.24854 0.60156 -0.18945 0.64795 -0.16895 0.50781 -0.12402 0.60156 -0.18945 0.61914 -0.24854 0.50781 -0.12402 0.60205 -0.13672 0.60156 -0.18945 0.17676 -0.45508 0.25781 -0.56104 0.28857 -0.45361 0.17676 -0.45508 0.17529 -0.60156 0.25781 -0.56104 0.02930 -0.65479 0.17529 -0.60156 0.17676 -0.45508 0.02930 -0.65479 0.12842 -0.66455 0.17529 -0.60156 0.07715 -0.73926 0.12842 -0.66455 0.02930 -0.65479 0.50781 -0.12402 0.61914 -0.24854 0.60156 -0.18945 0.50781 -0.12402 0.46875 -0.14258 0.61914 -0.24854 0.03027 -0.25781 0.03271 -0.43896 0.20459 -0.23438 0.03027 -0.25781 0.20459 -0.23438 0.03271 -0.43896 0.19189 -0.10645 0.20459 -0.23438 0.03027 -0.25781 0.19189 -0.10645 0.24609 -0.11426 0.20459 -0.23438 0.42188 -0.48584 0.45947 -0.55127 0.49463 -0.45703 0.42188 -0.48584 0.34424 -0.62744 0.45947 -0.55127 0.82715 -0.60205 0.85791 -0.52979 0.88330 -0.56201 0.82715 -0.60205 0.81494 -0.58691 0.85791 -0.52979 0.79590 -0.63770 0.81494 -0.58691 0.82715 -0.60205 0.79590 -0.63770 0.78516 -0.63184 0.81494 -0.58691 0.97412 -0.21582 0.97363 -0.13916 0.98340 -0.14453 0.97412 -0.21582 0.95361 -0.20654 0.97363 -0.13916 0.97461 -0.30029 0.95361 -0.20654 0.97412 -0.21582 0.97461 -0.30029 0.94580 -0.31836 0.95361 -0.20654 0.97852 -0.36816 0.94580 -0.31836 0.97461 -0.30029 0.97852 -0.36816 0.90527 -0.41650 0.94580 -0.31836 0.96143 -0.46045 0.90527 -0.41650 0.97852 -0.36816 0.96143 -0.46045 0.92920 -0.51611 0.90527 -0.41650 0.32666 -0.92920 0.32861 -0.87646 0.46631 -0.91211 0.32666 -0.92920 0.19336 -0.90576 0.32861 -0.87646 0.19238 -0.93652 0.19336 -0.90576 0.32666 -0.92920 0.19238 -0.93652 0.09521 -0.93262 0.19336 -0.90576 0.09424 -0.94727 0.09521 -0.93262 0.19238 -0.93652 0.46631 -0.91211 0.46680 -0.93896 0.32666 -0.92920 0.46631 -0.91211 0.55371 -0.93506 0.46680 -0.93896 0.19238 -0.93652 0.19238 -0.96143 0.09424 -0.94727 0.19238 -0.93652 0.32666 -0.92920 0.19238 -0.96143 0.92871 -0.77539 0.92236 -0.73877 0.87988 -0.76855 0.92871 -0.77539 0.95850 -0.74951 0.92236 -0.73877 0.87402 -0.26025 0.72070 -0.26660 0.85693 -0.21045 0.87402 -0.26025 0.71533 -0.38818 0.72070 -0.26660 1.78516 -0.04053 1.77441 -0.11035 1.77441 -0.03955 1.78516 -0.04053 1.78857 -0.08105 1.77441 -0.11035 0.48340 -0.77832 0.55859 -0.79297 0.50537 -0.71582 0.48340 -0.77832 0.52979 -0.84277 0.55859 -0.79297 0.50439 -0.87207 0.48340 -0.77832 0.43555 -0.79248 0.50439 -0.87207 0.52979 -0.84277 0.48340 -0.77832 0.53711 -0.90527 0.52979 -0.84277 0.50439 -0.87207 0.53711 -0.90527 0.56396 -0.87646 0.52979 -0.84277 0.62354 -0.91553 0.56396 -0.87646 0.53711 -0.90527 0.62354 -0.91553 0.59961 -0.83496 0.56396 -0.87646 0.63623 -0.89502 0.59961 -0.83496 0.62354 -0.91553 0.64551 -0.80811 0.73633 -0.78125 0.65625 -0.76025 0.64551 -0.80811 0.72510 -0.82275 0.73633 -0.78125 0.59961 -0.83496 0.72510 -0.82275 0.64551 -0.80811 0.59961 -0.83496 0.71143 -0.88086 0.72510 -0.82275 0.60205 -0.57471 0.60010 -0.61865 0.65820 -0.63184 0.60205 -0.57471 0.55225 -0.62744 0.60010 -0.61865 0.54688 -0.57080 0.55225 -0.62744 0.60205 -0.57471 0.54688 -0.57080 0.49121 -0.60693 0.55225 -0.62744 0.48730 -0.56006 0.49121 -0.60693 0.54688 -0.57080 0.71680 -0.66504 0.66260 -0.72314 0.71680 -0.70703 0.71680 -0.66504 0.67041 -0.65918 0.66260 -0.72314 0.59961 -0.83496 0.52979 -0.84277 0.56396 -0.87646 0.59961 -0.83496 0.55859 -0.79297 0.52979 -0.84277 0.64551 -0.80811 0.55859 -0.79297 0.59961 -0.83496 0.64551 -0.80811 0.57275 -0.73535 0.55859 -0.79297 0.65625 -0.76025 0.57275 -0.73535 0.64551 -0.80811 0.65625 -0.76025 0.66260 -0.72314 0.57275 -0.73535 0.73633 -0.78125 0.66260 -0.72314 0.65625 -0.76025 0.73633 -0.78125 0.71680 -0.70703 0.66260 -0.72314 0.83691 -0.73877 0.71680 -0.70703 0.73633 -0.78125 0.83691 -0.73877 0.74072 -0.70361 0.71680 -0.70703 0.59912 -0.52100 0.54688 -0.57080 0.60205 -0.57471 0.59912 -0.52100 0.54395 -0.53857 0.54688 -0.57080 0.59814 -0.47461 0.54395 -0.53857 0.59912 -0.52100 0.59814 -0.47461 0.52881 -0.46875 0.54395 -0.53857 0.56348 -0.41406 0.52881 -0.46875 0.59814 -0.47461 0.59766 -0.93164 0.62354 -0.91553 0.53711 -0.90527 0.59766 -0.93164 0.72119 -0.96826 0.62354 -0.91553 0.57764 -0.42578 0.56348 -0.41406 0.59814 -0.47461 0.57764 -0.42578 0.60205 -0.32617 0.56348 -0.41406 0.59229 -0.41748 0.60205 -0.32617 0.57764 -0.42578 0.50781 -0.48877 0.54395 -0.53857 0.52881 -0.46875 0.50781 -0.48877 0.48730 -0.56006 0.54395 -0.53857 0.80664 -0.67773 0.71680 -0.70703 0.74072 -0.70361 0.80664 -0.67773 0.71680 -0.66504 0.71680 -0.70703 0.73633 -0.78125 0.77002 -0.78027 0.83691 -0.73877 0.73633 -0.78125 0.87109 -0.83447 0.77002 -0.78027 0.72510 -0.82275 0.87109 -0.83447 0.73633 -0.78125 0.72510 -0.82275 0.75928 -0.84131 0.87109 -0.83447 0.78613 -0.92432 0.75928 -0.84131 0.72510 -0.82275 0.50537 -0.71582 0.59033 -0.66650 0.50684 -0.65674 0.50537 -0.71582 0.57275 -0.73535 0.59033 -0.66650 0.55859 -0.79297 0.57275 -0.73535 0.50537 -0.71582 0.67188 -0.50146 0.67871 -0.53223 0.74121 -0.50293 0.67188 -0.50146 0.59814 -0.47461 0.67871 -0.53223 0.62451 -0.43994 0.59814 -0.47461 0.67188 -0.50146 0.62451 -0.43994 0.59229 -0.41748 0.59814 -0.47461 0.67285 -0.60059 0.65820 -0.63184 0.72363 -0.63721 0.67285 -0.60059 0.60205 -0.57471 0.65820 -0.63184 0.68555 -0.56641 0.60205 -0.57471 0.67285 -0.60059 0.68555 -0.56641 0.59912 -0.52100 0.60205 -0.57471 0.67871 -0.53223 0.59912 -0.52100 0.68555 -0.56641 0.67871 -0.53223 0.59814 -0.47461 0.59912 -0.52100 0.79541 -0.54297 0.81494 -0.58691 0.78516 -0.63184 0.79541 -0.54297 0.85791 -0.52979 0.81494 -0.58691 0.80811 -0.38574 0.85791 -0.52979 0.79541 -0.54297 0.94580 -0.31836 0.88770 -0.28467 0.95361 -0.20654 0.94580 -0.31836 0.80811 -0.38574 0.88770 -0.28467 0.90527 -0.41650 0.80811 -0.38574 0.94580 -0.31836 0.90527 -0.41650 0.85791 -0.52979 0.80811 -0.38574 0.92920 -0.51611 0.85791 -0.52979 0.90527 -0.41650 0.92920 -0.51611 0.88330 -0.56201 0.85791 -0.52979 0.19189 -0.10645 0.06348 -0.02783 0.02295 -0.14209 0.19189 -0.10645 0.15625 -0.02637 0.06348 -0.02783 0.66260 -0.72314 0.59033 -0.66650 0.57275 -0.73535 0.66260 -0.72314 0.67041 -0.65918 0.59033 -0.66650 0.32666 -0.92920 0.32568 -0.98438 0.19238 -0.96143 0.32666 -0.92920 0.46680 -0.96289 0.32568 -0.98438 0.46680 -0.93896 0.46680 -0.96289 0.32666 -0.92920 0.46680 -0.93896 0.55322 -0.95020 0.46680 -0.96289 0.55371 -0.93506 0.55322 -0.95020 0.46680 -0.93896 0.27344 -0.35596 0.28857 -0.45361 0.38330 -0.29932 0.27344 -0.35596 0.17676 -0.45508 0.28857 -0.45361 0.29346 -0.20654 0.38330 -0.29932 0.43555 -0.21631 0.29346 -0.20654 0.27344 -0.35596 0.38330 -0.29932 0.20459 -0.23438 0.27344 -0.35596 0.29346 -0.20654 0.20459 -0.23438 0.17676 -0.45508 0.27344 -0.35596 0.03271 -0.43896 0.17676 -0.45508 0.20459 -0.23438 0.03271 -0.43896 0.02930 -0.65479 0.17676 -0.45508 0.17676 -0.45508 0.02930 -0.65479 0.03271 -0.43896 0.17676 -0.45508 0.17529 -0.60156 0.02930 -0.65479 0.62646 -0.38721 0.72070 -0.26660 0.71533 -0.38818 0.62646 -0.38721 0.63672 -0.26660 0.72070 -0.26660 0.72070 -0.26660 0.63672 -0.26660 0.62646 -0.38721 0.72070 -0.26660 0.67773 -0.14844 0.63672 -0.26660 1.78516 -0.10938 1.77441 -0.09473 1.84277 -0.09473 1.78516 -0.10938 1.77441 -0.10938 1.77441 -0.09473 0.18359 -0.00195 0.27783 -0.03711 0.18359 -0.03711 0.18359 -0.00195 0.27783 -0.00195 0.27783 -0.03711 0.27783 -0.00195 0.37109 -0.03711 0.27783 -0.03711 0.27783 -0.00195 0.37109 -0.00146 0.37109 -0.03711 0.18359 -0.03711 0.27783 -0.00146 0.18359 -0.00146 0.18359 -0.03711 0.27783 -0.03711 0.27783 -0.00146 0.27783 -0.03711 0.37109 -0.00195 0.27783 -0.00146 0.27783 -0.03711 0.37109 -0.03711 0.37109 -0.00195 0.87207 -0.67871 0.85254 -0.60986 0.89600 -0.60010 0.87207 -0.67871 0.89600 -0.60010 0.85254 -0.60986 0.91064 -0.67139 0.89600 -0.60010 0.87207 -0.67871 0.91064 -0.67139 0.95752 -0.66553 0.89600 -0.60010 0.96045 -0.76025 0.95752 -0.66553 0.91064 -0.67139 0.96045 -0.76025 0.91064 -0.67139 0.95752 -0.66553 0.93018 -0.76416 0.91064 -0.67139 0.96045 -0.76025 0.93018 -0.76416 0.89844 -0.76904 0.91064 -0.67139 0.92627 -0.95068 0.89844 -0.76904 0.93018 -0.76416 0.92627 -0.95068 0.93018 -0.76416 0.89844 -0.76904 0.94482 -0.94678 0.93018 -0.76416 0.92627 -0.95068 0.94482 -0.94678 0.96289 -0.94287 0.93018 -0.76416 0.96338 -0.97998 0.96289 -0.94287 0.94482 -0.94678 0.96338 -0.97998 0.94482 -0.94678 0.96289 -0.94287 0.94775 -0.98193 0.94482 -0.94678 0.96338 -0.97998 0.94775 -0.98193 0.92627 -0.95068 0.93164 -0.98438 0.94775 -0.98193 0.94482 -0.94678 0.92627 -0.95068 0.96338 -0.97998 0.94482 -0.94678 0.94775 -0.98193 0.95557 -0.59180 0.95850 -0.74951 0.89648 -0.60205 0.95557 -0.59180 0.97852 -0.75391 0.95850 -0.74951 0.95850 -0.74951 0.97852 -0.75391 0.95557 -0.59180 0.02637 -0.79150 0.02783 -0.73389 0.07715 -0.73926 0.81641 -0.05957 0.88281 -0.01465 0.79004 -0.01025 0.64551 -0.80811 0.65625 -0.76025 0.73633 -0.78125 0.74072 -0.70361 0.71680 -0.70703 0.80664 -0.67773 0.77002 -0.78027 0.73633 -0.78125 0.83691 -0.73877 0.50537 -0.71582 0.50684 -0.65674 0.59033 -0.66650 0.75928 -0.84131 0.72510 -0.82275 0.87109 -0.83447 0.24609 -0.11426 0.29346 -0.20654 0.20459 -0.23438 0.60156 -0.18945 0.60205 -0.13672 0.64795 -0.16895 0.92969 -0.76758 0.94824 -0.98145 0.93213 -0.98340 0.39746 -0.02344 0.40918 -0.19141 0.35693 -0.14990 1.77441 -0.09570 1.78369 -0.06982 1.83398 -0.06982 0.02734 -0.95264 0.07422 -0.97510 0.04980 -0.88672 1.80859 -0.12012 1.77441 -0.11035 1.78857 -0.08105 0.59229 -0.41748 0.57764 -0.42578 0.59814 -0.47461 0.67285 -0.60059 0.75293 -0.60010 0.68555 -0.56641 0.54395 -0.53857 0.48730 -0.56006 0.54688 -0.57080 0.72510 -0.82275 0.71143 -0.88086 0.78613 -0.92432 0.68555 -0.56641 0.76562 -0.54883 0.67871 -0.53223 0.62354 -0.91553 0.72119 -0.96826 0.63623 -0.89502 0.72070 -0.26660 0.63672 -0.26660 0.67773 -0.14844 0.68359 -0.00195 0.67627 -0.06738 0.53027 -0.06787 0.92236 -0.73877 0.95850 -0.74951 0.95557 -0.59180</float_array>
     <technique_common>
      <accessor count="1308" offset="0" source="#realb07_5-lib-texcoords-array" stride="2">
       <param name="U" type="float"/>
       <param name="V" type="float"/>
      </accessor>
     </technique_common>
    </source>
    <vertices id="realb07_5-lib-vertices">
     <input semantic="POSITION" source="#realb07_5-lib-positions"/>
    </vertices>
    <polylist count="436" material="mat3.png">
     <input offset="0" semantic="VERTEX" source="#realb07_5-lib-vertices"/>
     <input offset="1" semantic="NORMAL" source="#realb07_5-lib-normals"/>
     <input offset="2" semantic="TEXCOORD" source="#realb07_5-lib-texcoords"/>
     <vcount>3 3 3 3 3 3 3 3 3 3 3 3 3 3 3 3 3 3 3 3 3 3 3 3 3 3 3 3 3 3 3 3 3 3 3 3 3 3 3 3 3 3 3 3 3 3 3 3 3 3 3 3 3 3 3 3 3 3 3 3 3 3 3 3 3 3 3 3 3 3 3 3 3 3 3 3 3 3 3 3 3 3 3 3 3 3 3 3 3 3 3 3 3 3 3 3 3 3 3 3 3 3 3 3 3 3 3 3 3 3 3 3 3 3 3 3 3 3 3 3 3 3 3 3 3 3 3 3 3 3 3 3 3 3 3 3 3 3 3 3 3 3 3 3 3 3 3 3 3 3 3 3 3 3 3 3 3 3 3 3 3 3 3 3 3 3 3 3 3 3 3 3 3 3 3 3 3 3 3 3 3 3 3 3 3 3 3 3 3 3 3 3 3 3 3 3 3 3 3 3 3 3 3 3 3 3 3 3 3 3 3 3 3 3 3 3 3 3 3 3 3 3 3 3 3 3 3 3 3 3 3 3 3 3 3 3 3 3 3 3 3 3 3 3 3 3 3 3 3 3 3 3 3 3 3 3 3 3 3 3 3 3 3 3 3 3 3 3 3 3 3 3 3 3 3 3 3 3 3 3 3 3 3 3 3 3 3 3 3 3 3 3 3 3 3 3 3 3 3 3 3 3 3 3 3 3 3 3 3 3 3 3 3 3 3 3 3 3 3 3 3 3 3 3 3 3 3 3 3 3 3 3 3 3 3 3 3 3 3 3 3 3 3 3 3 3 3 3 3 3 3 3 3 3 3 3 3 3 3 3 3 3 3 3 3 3 3 3 3 3 3 3 3 3 3 3 3 3 3 3 3 3 3 3 3 3 3 3 3 3 3 3 3 3 3 3 3 3 3 3 3 3 3 3 3 3 3 3 3 3 3 3 3 3 3 3 3 3 3 3 3 3 3 3 3 3 3 3 3 3 3 3 3 3 3 3</vcount>
     <p>2 2 2 1 1 1 0 0 0 1 5 5 3 4 4 0 3 3 0 8 8 3 7 7 4 6 6 7 11 11 6 10 10 5 9 9 6 14 14 8 13 13 5 12 12 5 17 17 8 16 16 9 15 15 12 20 20 11 19 19 10 18 18 11 23 23 13 22 22 10 21 21 11 26 26 15 25 25 14 24 24 15 29 29 16 28 28 14 27 27 14 32 32 16 31 31 17 30 30 16 35 35 18 34 34 17 33 33 17 38 38 18 37 37 19 36 36 18 41 41 20 40 40 19 39 39 19 44 44 20 43 43 21 42 42 20 47 47 22 46 46 21 45 45 25 50 50 24 49 49 23 48 48 24 53 53 26 52 52 23 51 51 23 56 56 26 55 55 27 54 54 9 59 59 29 58 58 28 57 57 29 62 62 30 61 61 28 60 60 28 65 65 30 64 64 5 63 63 32 68 68 6 67 67 31 66 66 6 71 71 7 70 70 31 69 69 31 74 74 7 73 73 33 72 72 7 77 77 5 76 76 33 75 75 33 80 80 5 79 79 34 78 78 5 83 83 30 82 82 34 81 81 1 86 86 2 85 85 35 84 84 2 89 89 36 88 88 35 87 87 35 92 92 36 91 91 37 90 90 36 95 95 38 94 94 37 93 93 37 98 98 38 97 97 39 96 96 38 101 101 40 100 100 39 99 99 39 104 104 40 103 103 41 102 102 40 107 107 42 106 106 41 105 105 41 110 110 42 109 109 39 108 108 42 113 113 43 112 112 39 111 111 39 116 116 43 115 115 44 114 114 43 119 119 4 118 118 44 117 117 44 122 122 4 121 121 3 120 120 13 125 125 45 124 124 10 123 123 45 128 128 46 127 127 10 126 126 8 131 131 47 130 130 9 129 129 47 134 134 48 133 133 9 132 132 9 137 137 48 136 136 49 135 135 48 140 140 50 139 139 49 138 138 32 143 143 21 142 142 51 141 141 21 146 146 52 145 145 51 144 144 51 149 149 52 148 148 53 147 147 52 152 152 48 151 151 53 150 150 53 155 155 48 154 154 54 153 153 48 158 158 47 157 157 54 156 156 54 161 161 47 160 160 55 159 159 47 164 164 8 163 163 55 162 162 21 167 167 22 166 166 52 165 165 22 170 170 50 169 169 52 168 168 52 173 173 50 172 172 48 171 171 8 176 176 6 175 175 55 174 174 6 179 179 56 178 178 55 177 177 59 182 182 58 181 181 57 180 180 58 185 185 60 184 184 57 183 183 57 188 188 60 187 187 61 186 186 60 191 191 62 190 190 61 189 189 62 194 194 64 193 193 63 192 192 64 197 197 57 196 196 63 195 195 63 200 200 57 199 199 65 198 198 57 203 203 61 202 202 65 201 201 59 206 206 57 205 205 66 204 204 57 209 209 64 208 208 66 207 207 66 212 212 64 211 211 67 210 210 64 215 215 62 214 214 67 213 213 21 218 218 32 217 217 68 216 216 32 221 221 69 220 220 68 219 219 68 224 224 69 223 223 70 222 222 69 227 227 71 226 226 70 225 225 70 230 230 71 229 229 72 228 228 75 233 233 74 232 232 73 231 231 74 236 236 76 235 235 73 234 234 73 239 239 76 238 238 77 237 237 69 242 242 79 241 241 78 240 240 79 245 245 72 244 244 78 243 243 78 248 248 72 247 247 80 246 246 72 251 251 81 250 250 80 249 249 80 254 254 81 253 253 82 252 252 81 257 257 83 256 256 82 255 255 82 260 260 83 259 259 84 258 258 83 263 263 85 262 262 84 261 261 84 266 266 85 265 265 86 264 264 85 269 269 87 268 268 86 267 267 86 272 272 87 271 271 88 270 270 87 275 275 89 274 274 88 273 273 88 278 278 89 277 277 76 276 276 89 281 281 77 280 280 76 279 279 21 284 284 68 283 283 90 282 282 68 287 287 70 286 286 90 285 285 90 290 290 70 289 289 91 288 288 70 293 293 72 292 292 91 291 291 91 296 296 72 295 295 79 294 294 1 299 299 35 298 298 3 297 297 35 302 302 92 301 301 3 300 300 3 305 305 92 304 304 44 303 303 92 308 308 37 307 307 44 306 306 44 311 311 37 310 310 39 309 309 2 314 314 94 313 313 93 312 312 94 317 317 95 316 316 93 315 315 93 320 320 95 319 319 96 318 318 94 323 323 45 322 322 95 321 321 45 326 326 13 325 325 95 324 324 95 329 329 13 328 328 96 327 327 13 332 332 97 331 331 96 330 330 96 335 335 97 334 334 98 333 333 101 338 338 100 337 337 99 336 336 100 341 341 102 340 340 99 339 339 99 344 344 102 343 343 103 342 342 102 347 347 104 346 346 103 345 345 103 350 350 104 349 349 105 348 348 104 353 353 106 352 352 105 351 351 108 356 356 107 355 355 101 354 354 107 359 359 109 358 358 101 357 357 101 362 362 109 361 361 100 360 360 109 365 365 110 364 364 100 363 363 100 368 368 110 367 367 111 366 366 110 371 371 112 370 370 111 369 369 111 374 374 112 373 373 113 372 372 112 377 377 114 376 376 113 375 375 113 380 380 114 379 379 115 378 378 110 383 383 116 382 382 112 381 381 116 386 386 117 385 385 112 384 384 112 387 389 117 387 388 118 387 387 104 390 392 119 389 391 106 388 390 119 393 395 120 392 394 106 391 393 122 396 398 121 395 397 115 394 396 121 399 401 123 398 400 115 397 399 107 402 404 124 401 403 109 400 402 124 405 407 125 404 406 109 403 405 109 408 410 125 407 409 110 406 408 125 411 413 126 410 412 110 409 411 110 414 416 126 413 415 127 412 414 126 417 419 128 416 418 127 415 417 100 420 422 111 419 421 102 418 420 111 423 425 129 422 424 102 421 423 102 426 428 129 425 427 104 424 426 129 429 431 113 428 430 104 427 429 104 432 434 113 431 433 119 430 432 113 435 437 123 434 436 119 433 435 119 437 440 123 437 439 121 436 438 125 440 443 124 439 442 126 438 441 124 443 446 130 442 445 126 441 444 126 446 449 130 445 448 128 444 447 132 449 452 130 448 451 131 447 450 130 452 455 124 451 454 131 450 453 131 455 458 124 454 457 133 453 456 135 458 461 103 457 460 134 456 459 103 461 464 122 460 463 134 459 462 134 464 467 122 463 466 136 462 465 122 467 470 115 466 469 136 465 468 136 470 473 115 469 472 118 468 471 115 473 476 114 472 475 118 471 474 103 476 479 105 475 478 122 474 477 105 479 482 106 478 481 122 477 480 122 482 485 106 481 484 121 480 483 106 485 488 120 484 487 121 483 486 117 488 491 116 487 490 118 486 489 116 491 494 131 490 493 118 489 492 118 494 497 131 493 496 136 492 495 131 497 500 133 496 499 136 495 498 136 500 503 133 499 502 134 498 501 133 503 506 108 502 505 134 501 504 134 506 509 108 505 508 135 504 507 12 509 512 10 508 511 137 507 510 10 512 515 46 511 514 137 510 513 137 515 518 46 514 517 138 513 516 46 518 521 139 517 520 138 516 519 138 521 524 139 520 523 140 519 522 139 524 527 141 523 526 140 522 525 140 527 530 141 526 529 142 525 528 108 530 533 133 529 532 107 528 531 133 533 536 124 532 535 107 531 534 58 536 539 67 535 538 60 534 537 67 539 542 62 538 541 60 537 540 116 542 545 110 541 544 131 540 543 110 545 548 127 544 547 131 543 546 131 548 551 127 547 550 132 546 549 127 551 554 128 550 553 132 549 552 132 554 557 128 553 556 130 552 555 16 557 560 27 556 559 18 555 558 27 560 563 26 559 562 18 558 561 18 563 566 26 562 565 20 561 564 26 566 569 24 565 568 20 564 567 20 569 572 24 568 571 22 567 570 24 572 575 50 571 574 22 570 573 21 575 578 90 574 577 19 573 576 90 578 581 17 577 580 19 576 579 45 581 584 143 580 583 46 579 582 143 584 587 144 583 586 46 582 585 46 587 590 144 586 589 145 585 588 144 590 593 98 589 592 145 588 591 6 593 596 32 592 595 56 591 594 32 595 599 51 594 598 56 594 597 56 598 602 51 597 601 146 596 600 51 601 605 53 600 604 146 599 603 94 604 608 2 603 607 45 602 606 2 607 611 0 606 610 45 605 609 45 610 614 0 609 613 147 608 612 0 613 617 144 612 616 147 611 615 38 616 620 36 615 619 40 614 618 36 619 623 148 618 622 40 617 621 40 622 626 148 621 625 93 620 624 148 625 629 36 624 628 93 623 627 93 628 632 36 627 631 2 626 630 50 631 635 29 630 634 49 629 633 29 634 638 9 633 637 49 632 636 45 637 641 150 636 640 149 635 639 150 640 644 151 639 643 149 638 642 149 643 647 151 642 646 143 641 645 151 646 650 152 645 649 143 644 648 143 649 653 152 648 652 144 647 651 152 652 656 153 651 655 144 650 654 150 655 659 154 654 658 151 653 657 154 658 662 153 657 661 151 656 660 151 661 665 153 660 664 152 659 663 150 664 668 45 663 667 154 662 666 45 667 671 147 666 670 154 665 669 154 670 674 147 669 673 144 668 672 157 673 677 156 672 676 155 671 675 156 676 680 158 675 679 155 674 678 155 679 683 158 678 682 159 677 681 158 682 686 160 681 685 159 680 684 163 685 689 162 684 688 161 683 687 162 688 692 164 687 691 161 686 690 161 691 695 164 690 694 165 689 693 164 694 698 166 693 697 165 692 696 168 697 701 14 696 700 167 695 699 14 700 704 17 699 703 167 698 702 167 703 707 17 702 706 169 701 705 17 706 710 170 705 709 169 704 708 169 709 713 170 708 712 171 707 711 170 712 716 172 711 715 171 710 714 171 715 719 172 714 718 173 713 717 175 718 722 145 717 721 174 716 720 145 721 725 98 720 724 174 719 723 174 724 728 98 723 727 176 722 726 98 727 731 97 726 730 176 725 729 176 730 734 97 729 733 14 728 732 97 733 737 177 732 736 14 731 735 14 736 740 177 735 739 11 734 738 177 739 743 13 738 742 11 737 741 171 742 746 173 741 745 178 740 744 173 745 749 179 744 748 178 743 747 178 748 752 179 747 751 29 746 750 179 751 755 180 750 754 29 749 753 29 754 758 180 753 757 30 752 756 176 757 761 14 756 760 174 755 759 14 760 764 168 759 763 174 758 762 140 763 767 25 762 766 138 761 765 25 766 770 23 765 769 138 764 768 138 769 773 23 768 772 137 767 771 23 772 776 181 771 775 137 770 774 17 775 779 90 774 778 170 773 777 90 778 782 172 777 781 170 776 780 180 781 785 182 780 784 30 779 783 182 784 788 183 783 787 30 782 786 30 787 791 183 786 790 34 785 789 183 790 794 184 789 793 34 788 792 34 793 797 184 792 796 33 791 795 184 796 800 185 795 799 33 794 798 33 799 803 185 798 802 186 797 801 185 801 806 187 801 805 186 800 804 186 804 809 187 803 808 172 802 807 187 807 812 188 806 811 172 805 810 172 810 815 188 809 814 173 808 813 188 813 818 179 812 817 173 811 816 191 816 821 190 815 820 189 814 819 190 819 824 192 818 823 189 817 822 189 822 827 192 821 826 193 820 825 192 825 830 194 824 829 193 823 828 193 828 833 194 827 832 195 826 831 189 831 836 196 830 835 191 829 834 196 834 839 194 833 838 191 832 837 195 837 842 197 836 841 193 835 840 197 840 845 189 839 844 193 838 843 90 843 848 91 842 847 172 841 846 91 846 851 186 845 850 172 844 849 43 849 854 42 848 853 198 847 852 42 852 857 199 851 856 198 850 855 198 855 860 199 854 859 144 853 858 199 858 863 98 857 862 144 856 861 202 861 866 201 860 865 200 859 864 201 864 869 203 863 868 200 862 867 205 867 872 200 866 871 204 865 870 200 870 875 203 869 874 204 868 873 204 873 878 203 872 877 206 871 876 203 876 881 207 875 880 206 874 879 206 879 884 207 878 883 208 877 882 207 882 887 209 881 886 208 880 885 208 885 890 209 884 889 210 883 888 213 888 893 212 887 892 211 886 891 212 891 896 214 890 895 211 889 894 211 894 899 214 893 898 209 892 897 214 897 902 215 896 901 209 895 900 218 900 905 217 899 904 216 898 903 217 903 908 219 902 907 216 901 906 216 906 911 219 905 910 220 904 909 219 909 914 221 908 913 220 907 912 220 912 917 221 911 916 205 910 915 223 915 920 222 914 919 218 913 918 222 918 923 217 917 922 218 916 921 207 921 926 203 920 925 209 919 924 203 924 929 201 923 928 209 922 927 209 927 932 201 926 931 211 925 930 201 930 935 224 929 934 211 928 933 211 933 938 224 932 937 213 931 936 224 936 941 222 935 940 213 934 939 213 939 944 222 938 943 212 937 942 222 942 947 223 941 946 212 940 945 212 945 950 223 944 949 225 943 948 223 948 953 226 947 952 225 946 951 216 951 956 220 950 955 227 949 954 220 954 959 228 953 958 227 952 957 227 957 962 228 956 961 229 955 960 228 960 965 206 959 964 229 958 963 229 963 968 206 962 967 230 961 966 206 966 971 208 965 970 230 964 969 208 969 974 231 968 973 230 967 972 229 972 977 230 971 976 232 970 975 230 975 980 231 974 979 232 973 978 232 978 983 231 977 982 210 976 981 206 981 986 228 980 985 204 979 984 228 984 989 205 983 988 204 982 987 226 987 992 223 986 991 233 985 990 223 990 995 218 989 994 233 988 993 225 993 998 234 992 997 212 991 996 234 996 1001 235 995 1000 212 994 999 212 999 1004 235 998 1003 214 997 1002 235 1002 1007 236 1001 1006 214 1000 1005 214 1004 1010 236 1004 1009 237 1003 1008 221 1007 1013 219 1006 1012 202 1005 1011 219 1010 1016 224 1009 1015 202 1008 1014 202 1013 1019 224 1012 1018 201 1011 1017 237 1016 1022 236 1015 1021 215 1014 1020 236 1019 1025 229 1018 1024 215 1017 1023 215 1022 1028 229 1021 1027 209 1020 1026 229 1025 1031 210 1024 1030 209 1023 1029 233 1028 1034 218 1027 1033 226 1026 1032 218 1031 1037 216 1030 1036 226 1029 1035 226 1034 1040 216 1033 1039 234 1032 1038 216 1037 1043 227 1036 1042 234 1035 1041 234 1040 1046 227 1039 1045 236 1038 1044 227 1043 1049 229 1042 1048 236 1041 1047 184 1046 1052 183 1045 1051 238 1044 1050 183 1049 1055 182 1048 1054 238 1047 1053 238 1052 1058 182 1051 1057 239 1050 1056 185 1055 1061 240 1054 1060 187 1053 1059 240 1058 1064 239 1057 1063 187 1056 1062 187 1061 1067 239 1060 1066 188 1059 1065 239 1064 1070 182 1063 1069 188 1062 1068 188 1067 1073 182 1066 1072 179 1065 1071 182 1070 1076 180 1069 1075 179 1068 1074 46 1073 1079 145 1072 1078 139 1071 1077 145 1076 1082 175 1075 1081 139 1074 1080 224 1079 1085 219 1078 1084 222 1077 1083 219 1082 1088 217 1081 1087 222 1080 1086 197 1085 1091 241 1084 1090 189 1083 1089 241 1088 1094 242 1087 1093 189 1086 1092 189 1091 1097 242 1090 1096 196 1089 1095 242 1094 1100 195 1093 1099 196 1092 1098 196 1097 1103 195 1096 1102 194 1095 1101 169 1100 1106 171 1099 1105 243 1098 1104 171 1103 1109 178 1102 1108 243 1101 1107 167 1106 1112 169 1105 1111 142 1104 1110 169 1109 1115 243 1108 1114 142 1107 1113 142 1112 1118 243 1111 1117 140 1110 1116 243 1115 1121 178 1114 1120 140 1113 1119 140 1118 1124 178 1117 1123 25 1116 1122 178 1121 1127 29 1120 1126 25 1119 1125 25 1124 1130 29 1123 1129 24 1122 1128 29 1127 1133 50 1126 1132 24 1125 1131 199 1130 1136 42 1129 1135 96 1128 1134 42 1133 1139 244 1132 1138 96 1131 1137 96 1136 1142 244 1135 1141 93 1134 1140 244 1139 1145 40 1138 1144 93 1137 1143 0 1142 1148 43 1141 1147 144 1140 1146 43 1145 1151 198 1144 1150 144 1143 1149 246 1148 1154 245 1147 1153 156 1146 1152 245 1151 1157 247 1150 1156 156 1149 1155 245 1154 1160 248 1153 1159 247 1152 1158 248 1157 1163 249 1156 1162 247 1155 1161 251 1160 1166 250 1159 1165 162 1158 1164 250 1163 1169 252 1162 1168 162 1161 1167 250 1166 1172 253 1165 1171 252 1164 1170 253 1169 1175 254 1168 1174 252 1167 1173 72 1172 1178 71 1171 1177 81 1170 1176 71 1175 1181 69 1174 1180 81 1173 1179 81 1178 1184 69 1177 1183 83 1176 1182 69 1181 1187 78 1180 1186 83 1179 1185 83 1184 1190 78 1183 1189 85 1182 1188 78 1187 1193 80 1186 1192 85 1185 1191 85 1190 1196 80 1189 1195 87 1188 1194 80 1193 1199 82 1192 1198 87 1191 1197 87 1196 1202 82 1195 1201 89 1194 1200 82 1199 1205 84 1198 1204 89 1197 1203 89 1202 1208 84 1201 1207 255 1200 1206 84 1205 1211 86 1204 1210 255 1203 1209 255 1208 1214 86 1207 1213 74 1206 1212 86 1211 1217 88 1210 1216 74 1209 1215 74 1214 1220 88 1213 1219 76 1212 1218 77 1217 1223 89 1216 1222 75 1215 1221 89 1220 1226 255 1219 1225 75 1218 1224 75 1223 1229 255 1222 1228 74 1221 1227 69 1226 1232 32 1225 1231 79 1224 1230 32 1229 1235 31 1228 1234 79 1227 1233 79 1232 1238 31 1231 1237 186 1230 1236 9 1235 1241 28 1234 1240 5 1233 1239 37 1238 1244 92 1237 1243 35 1236 1242 113 1241 1247 129 1240 1246 111 1239 1245 120 1244 1250 119 1243 1249 121 1242 1248 123 1247 1253 113 1246 1252 115 1245 1251 103 1250 1256 135 1249 1255 99 1248 1254 114 1253 1259 112 1252 1258 118 1251 1257 23 1256 1262 27 1255 1261 181 1254 1260 97 1259 1265 13 1258 1264 177 1257 1263 77 1262 1268 75 1261 1267 73 1260 1266 149 1265 1271 143 1264 1270 45 1263 1269 0 1268 1274 4 1267 1273 43 1266 1272 33 1271 1277 186 1270 1276 31 1269 1275 98 1274 1280 199 1273 1279 96 1272 1278 229 1277 1283 232 1276 1282 210 1275 1281 234 1280 1286 225 1279 1285 226 1278 1284 220 1283 1289 205 1282 1288 228 1281 1287 237 1286 1292 215 1285 1291 214 1284 1290 236 1289 1295 235 1288 1294 234 1287 1293 210 1292 1298 231 1291 1297 208 1290 1296 40 1295 1301 244 1294 1300 42 1293 1299 144 1298 1304 153 1297 1303 154 1296 1302 79 1301 1307 186 1300 1306 91 1299 1305</p>
    </polylist>
   </mesh>
  </geometry>
 </library_geometries>
 <library_visual_scenes>
  <visual_scene id="Scene" name="Scene">
   <node id="Camera" name="Camera">
    <rotate sid="rotateY">0 1 0 -0.00000</rotate>
    <rotate sid="rotateX">1 0 0 -0.00000</rotate>
    <rotate sid="rotateZ">0 0 1 -0.00000</rotate>
    <translate sid="translate">0.00000 0.00000 12.53042</translate>
    <instance_camera url="#Camera-Camera"/>
   </node>
   <node id="realb07" name="realb07">
    <translate sid="translate">0.00000 0.00000 0.00000</translate>
    <rotate sid="head">0 1 0 0.00000</rotate>
    <rotate sid="pitch">1 0 0 0.00000</rotate>
    <rotate sid="bank">0 0 1 0.00000</rotate>
    <scale sid="scale">1.00000 1.00000 1.00000</scale>
    <instance_geometry url="#realb07-lib">
     <bind_material>
      <technique_common>
       <instance_material symbol="mat2.png" target="#mat2.png">
        <bind_vertex_input semantic="UVSET0" input_semantic="TEXCOORD"/>
       </instance_material>
      </technique_common>
     </bind_material>
    </instance_geometry>
   </node>
   <node id="realb07_1" name="realb07_1">
    <translate sid="translate">0.00000 0.00000 0.00000</translate>
    <rotate sid="head">0 1 0 0.00000</rotate>
    <rotate sid="pitch">1 0 0 0.00000</rotate>
    <rotate sid="bank">0 0 1 0.00000</rotate>
    <scale sid="scale">1.00000 1.00000 1.00000</scale>
    <instance_geometry url="#realb07_1-lib">
     <bind_material>
      <technique_common>
       <instance_material symbol="mat5.png" target="#mat5.png">
        <bind_vertex_input semantic="UVSET0" input_semantic="TEXCOORD"/>
       </instance_material>
      </technique_common>
     </bind_material>
    </instance_geometry>
   </node>
   <node id="realb07_2" name="realb07_2">
    <translate sid="translate">0.00000 0.00000 0.00000</translate>
    <rotate sid="head">0 1 0 0.00000</rotate>
    <rotate sid="pitch">1 0 0 0.00000</rotate>
    <rotate sid="bank">0 0 1 0.00000</rotate>
    <scale sid="scale">1.00000 1.00000 1.00000</scale>
    <instance_geometry url="#realb07_2-lib">
     <bind_material>
      <technique_common>
       <instance_material symbol="mat1.png" target="#mat1.png">
        <bind_vertex_input semantic="UVSET0" input_semantic="TEXCOORD"/>
       </instance_material>
      </technique_common>
     </bind_material>
    </instance_geometry>
   </node>
   <node id="realb07_3" name="realb07_3">
    <translate sid="translate">0.00000 0.00000 0.00000</translate>
    <rotate sid="head">0 1 0 0.00000</rotate>
    <rotate sid="pitch">1 0 0 0.00000</rotate>
    <rotate sid="bank">0 0 1 0.00000</rotate>
    <scale sid="scale">1.00000 1.00000 1.00000</scale>
    <instance_geometry url="#realb07_3-lib">
     <bind_material>
      <technique_common>
       <instance_material symbol="mat4.png" target="#mat4.png">
        <bind_vertex_input semantic="UVSET0" input_semantic="TEXCOORD"/>
       </instance_material>
      </technique_common>
     </bind_material>
    </instance_geometry>
   </node>
   <node id="realb07_4" name="realb07_4">
    <translate sid="translate">0.00000 0.00000 0.00000</translate>
    <rotate sid="head">0 1 0 0.00000</rotate>
    <rotate sid="pitch">1 0 0 0.00000</rotate>
    <rotate sid="bank">0 0 1 0.00000</rotate>
    <scale sid="scale">1.00000 1.00000 1.00000</scale>
    <instance_geometry url="#realb07_4-lib">
     <bind_material>
      <technique_common>
       <instance_material symbol="mat6.png" target="#mat6.png">
        <bind_vertex_input semantic="UVSET0" input_semantic="TEXCOORD"/>
       </instance_material>
      </technique_common>
     </bind_material>
    </instance_geometry>
   </node>
   <node id="realb07_5" name="realb07_5">
    <translate sid="translate">0.00000 0.00000 0.00000</translate>
    <rotate sid="head">0 1 0 0.00000</rotate>
    <rotate sid="pitch">1 0 0 0.00000</rotate>
    <rotate sid="bank">0 0 1 0.00000</rotate>
    <scale sid="scale">1.00000 1.00000 1.00000</scale>
    <instance_geometry url="#realb07_5-lib">
     <bind_material>
      <technique_common>
       <instance_material symbol="mat3.png" target="#mat3.png">
        <bind_vertex_input semantic="UVSET0" input_semantic="TEXCOORD"/>
       </instance_material>
      </technique_common>
     </bind_material>
    </instance_geometry>
   </node>
  </visual_scene>
 </library_visual_scenes>
 <scene>
  <instance_visual_scene url="#Scene"/>
 </scene>
</COLLADA>
