<?xml version="1.0" encoding="UTF-8"?>
<COLLADA xmlns="http://www.collada.org/2005/11/COLLADASchema" version="1.4.1">
 <asset>
  <contributor>
   <authoring_tool>ExpCollada for Metasequoia</authoring_tool>
  </contributor>
  <created>2024-08-02T01:34:06Z</created>
  <modified>2024-08-02T01:34:06Z</modified>
  <up_axis>Y_UP</up_axis>
 </asset>
 <library_images>
  <image id="texture1" name="texture1">
   <init_from>mat1.png</init_from>
  </image>
 </library_images>
 <library_effects>
  <effect id="mat1.png-fx" name="mat1.png-fx">
   <profile_COMMON>
    <newparam sid="texture1-surface">
     <surface type="2D">
      <init_from>texture1</init_from>
     </surface>
    </newparam>
    <newparam sid="texture1-sampler">
    <sampler2D>
     <source>texture1-surface</source>
     <minfilter>LINEAR</minfilter>
     <magfilter>LINEAR</magfilter>
    </sampler2D>
   </newparam>
    <technique sid="metaseq">
     <phong>
      <emission>
       <color>0.500 0.500 0.500 1</color>
      </emission>
      <ambient>
       <color>0.000 0.000 0.000 1</color>
      </ambient>
      <diffuse>
       <texture texture="texture1-sampler" texcoord="UVSET0"/>
      </diffuse>
      <specular>
       <color>0.000 0.000 0.000 1</color>
      </specular>
      <shininess>
       <float>0.000</float>
      </shininess>
      <reflective>
       <color>1 1 1 1</color>
      </reflective>
      <reflectivity>
       <float>0.0</float>
      </reflectivity>
      <transparent>
       <color>1 1 1 1</color>
      </transparent>
      <transparency>
       <float>1.000</float>
      </transparency>
     </phong>
    </technique>
   </profile_COMMON>
  </effect>
 </library_effects>
 <library_materials>
  <material id="mat1.png" name="mat1.png">
   <instance_effect url="#mat1.png-fx"/>
  </material>
 </library_materials>
 <library_geometries>
  <geometry id="realb29-lib" name="realb29">
   <mesh>
    <source id="realb29-lib-positions" name="position">
     <float_array id="realb29-lib-positions-array" count="336">-3.23267 7.89258 0.17163 -2.87451 7.62280 0.04810 -2.84033 7.67114 0.04810 -2.52075 7.46460 -0.09009 -3.55737 8.13892 0.21802 -3.21582 7.91675 0.17163 -2.64111 8.45386 0.17163 -2.38306 8.08691 0.04810 -2.33594 8.12256 0.04810 -2.09497 7.82788 -0.09009 -2.87451 8.78784 0.21802 -2.61768 8.47168 0.17163 -1.57007 9.01538 0.17163 -1.37671 8.61035 0.04810 -1.32422 8.63770 0.04810 -1.13599 8.30688 -0.09009 -1.74439 9.38354 0.21802 -1.54394 9.02881 0.17163 -0.72168 9.24121 0.17163 -0.67578 8.79492 0.04810 -0.61719 8.80298 0.04810 -0.55127 8.42822 -0.09009 -0.76196 9.64673 0.21802 -0.69238 9.24512 0.17163 3.55737 8.13892 0.21802 3.21558 7.91675 0.17163 3.23267 7.89258 0.17163 2.84033 7.67114 0.04810 2.87427 7.62280 0.04810 2.52075 7.46460 -0.09009 2.57178 7.39209 -0.09009 2.91870 8.76538 0.21802 2.66162 8.44922 0.17163 2.68530 8.43140 0.17163 2.37988 8.10010 0.04810 2.42725 8.06445 0.04810 2.13916 7.80542 -0.09009 2.20996 7.75195 -0.09009 1.74439 9.38354 0.21802 1.54370 9.02881 0.17163 1.57007 9.01538 0.17163 1.32422 8.63770 0.04810 1.37671 8.61035 0.04810 1.13599 8.30688 -0.09009 1.21484 8.26611 -0.09009 0.76196 9.64673 0.21802 0.69238 9.24512 0.17163 0.72168 9.24121 0.17163 0.61719 8.80298 0.04810 0.67578 8.79492 0.04810 0.55127 8.42822 -0.09009 0.63916 8.41626 -0.09009 -3.55737 5.74560 0.21973 -3.21582 5.96753 0.17358 -3.23267 5.99170 0.17358 -2.84033 6.21313 0.04980 -2.87451 6.26172 0.04980 -2.52075 6.41968 -0.08813 -2.57178 6.49243 -0.08813 -2.94409 5.20435 0.21973 -2.68701 5.52051 0.17358 -2.71069 5.53833 0.17358 -2.40527 5.86963 0.04980 -2.45264 5.90527 0.04980 -2.16455 6.16455 -0.08813 -2.23535 6.21777 -0.08813 -1.74439 4.50098 0.21973 -1.54394 4.85547 0.17358 -1.57007 4.86914 0.17358 -1.32422 5.24658 0.04980 -1.37671 5.27393 0.04980 -1.13599 5.57739 -0.08813 -1.21484 5.61841 -0.08813 -0.76196 4.23779 0.21973 -0.69238 4.63916 0.17358 -0.72168 4.64307 0.17358 -0.61719 5.08130 0.05005 -0.67578 5.08935 0.05005 -0.55127 5.45630 -0.08813 -0.63916 5.46826 -0.08813 3.23267 5.99170 0.17358 2.87427 6.26172 0.05005 2.84033 6.21313 0.05005 2.52075 6.41968 -0.08813 3.55737 5.74560 0.21973 3.21558 5.96753 0.17358 2.74487 5.55005 0.17358 2.48682 5.91699 0.05005 2.43945 5.88135 0.05005 2.19873 6.17602 -0.08813 2.97827 5.21606 0.21973 2.72119 5.53223 0.17358 1.57007 4.86914 0.17358 1.37671 5.27393 0.05005 1.32422 5.24658 0.05005 1.13599 5.57739 -0.08813 1.74439 4.50098 0.21973 1.54370 4.85547 0.17358 0.72168 4.64307 0.17358 0.67578 5.08935 0.05005 0.61719 5.08130 0.05005 0.55127 5.45630 -0.08813 0.76196 4.23779 0.21973 0.69238 4.63916 0.17358 -2.57178 7.39209 -0.09009 -2.16602 7.77441 -0.09009 -1.21484 8.26611 -0.09009 -0.63916 8.41626 -0.09009 2.57178 6.49243 -0.08813 2.26953 6.22949 -0.08813 1.21484 5.61841 -0.08813 0.63916 5.46826 -0.08813</float_array>
     <technique_common>
      <accessor count="112" source="#realb29-lib-positions-array" stride="3">
       <param name="X" type="float"/>
       <param name="Y" type="float"/>
       <param name="Z" type="float"/>
      </accessor>
     </technique_common>
    </source>
    <source id="realb29-lib-normals" name="normal">
     <float_array id="realb29-lib-normals-array" count="720">0.24889 -0.17594 0.95242 0.24878 -0.17584 0.95246 0.15730 -0.10972 0.98144 0.24889 -0.17594 0.95242 0.27922 -0.19658 0.93989 0.24878 -0.17584 0.95246 0.15703 -0.10944 0.98151 0.15730 -0.10972 0.98144 0.09285 -0.06471 0.99358 0.15703 -0.10944 0.98151 0.24889 -0.17594 0.95242 0.15730 -0.10972 0.98144 0.18376 -0.24289 0.95249 0.18375 -0.24300 0.95246 0.11609 -0.15270 0.98143 0.18376 -0.24289 0.95249 0.20546 -0.27287 0.93986 0.18375 -0.24300 0.95246 0.11587 -0.15237 0.98151 0.11609 -0.15270 0.98143 0.06852 -0.09011 0.99357 0.11587 -0.15237 0.98151 0.18376 -0.24289 0.95249 0.11609 -0.15270 0.98143 0.14067 -0.27009 0.95250 0.14067 -0.27019 0.95247 0.08759 -0.17027 0.98150 0.14067 -0.27009 0.95250 0.15699 -0.30342 0.93983 0.14067 -0.27019 0.95247 0.08770 -0.17061 0.98143 0.08759 -0.17027 0.98150 0.05175 -0.10068 0.99357 0.08770 -0.17061 0.98143 0.14067 -0.27009 0.95250 0.08759 -0.17027 0.98150 0.04148 -0.30179 0.95247 0.04148 -0.30185 0.95245 0.02536 -0.18984 0.98149 0.04148 -0.30179 0.95247 0.04612 -0.33850 0.93984 0.04148 -0.30185 0.95245 0.02535 -0.19012 0.98143 0.02536 -0.18984 0.98149 0.01496 -0.11217 0.99358 0.02535 -0.19012 0.98143 0.04148 -0.30179 0.95247 0.02536 -0.18984 0.98149 -0.15640 -0.11054 0.98149 -0.15661 -0.11073 0.98143 -0.09238 -0.06532 0.99358 -0.15640 -0.11054 0.98149 -0.24934 -0.17506 0.95246 -0.15661 -0.11073 0.98143 -0.24935 -0.17508 0.95245 -0.24934 -0.17506 0.95246 -0.15640 -0.11054 0.98149 -0.24935 -0.17508 0.95245 -0.27940 -0.19657 0.93984 -0.24934 -0.17506 0.95246 -0.27938 -0.19660 0.93984 -0.27940 -0.19657 0.93984 -0.24935 -0.17508 0.95245 -0.11521 -0.15308 0.98148 -0.11526 -0.15315 0.98146 -0.06806 -0.09043 0.99357 -0.11521 -0.15308 0.98148 -0.18322 -0.24345 0.95245 -0.11526 -0.15315 0.98146 -0.18322 -0.24339 0.95247 -0.18322 -0.24345 0.95245 -0.11521 -0.15308 0.98148 -0.18322 -0.24339 0.95247 -0.20576 -0.27255 0.93988 -0.18322 -0.24345 0.95245 -0.20579 -0.27251 0.93989 -0.20576 -0.27255 0.93988 -0.18322 -0.24339 0.95247 -0.08692 -0.17046 0.98152 -0.08716 -0.17114 0.98138 -0.05137 -0.10086 0.99357 -0.08692 -0.17046 0.98152 -0.14065 -0.27010 0.95250 -0.08716 -0.17114 0.98138 -0.14067 -0.27019 0.95247 -0.14065 -0.27010 0.95250 -0.08692 -0.17046 0.98152 -0.14067 -0.27019 0.95247 -0.15699 -0.30342 0.93983 -0.14065 -0.27010 0.95250 -0.15691 -0.30348 0.93983 -0.15699 -0.30342 0.93983 -0.14067 -0.27019 0.95247 -0.02536 -0.18984 0.98149 -0.02535 -0.19012 0.98143 -0.01496 -0.11217 0.99358 -0.02536 -0.18984 0.98149 -0.04148 -0.30179 0.95247 -0.02535 -0.19012 0.98143 -0.04148 -0.30185 0.95245 -0.04148 -0.30179 0.95247 -0.02536 -0.18984 0.98149 -0.04148 -0.30185 0.95245 -0.04612 -0.33850 0.93984 -0.04148 -0.30179 0.95247 -0.04608 -0.33851 0.93983 -0.04612 -0.33850 0.93984 -0.04148 -0.30185 0.95245 0.15730 0.10969 0.98144 0.15703 0.10944 0.98151 0.09240 0.06440 0.99364 0.15730 0.10969 0.98144 0.24919 0.17528 0.95246 0.15703 0.10944 0.98151 0.24917 0.17525 0.95247 0.24919 0.17528 0.95246 0.15730 0.10969 0.98144 0.24917 0.17525 0.95247 0.27912 0.19582 0.94008 0.24919 0.17528 0.95246 0.27914 0.19577 0.94008 0.27912 0.19582 0.94008 0.24917 0.17525 0.95247 0.11519 0.15306 0.98148 0.11525 0.15313 0.98146 0.06771 0.08996 0.99364 0.11519 0.15306 0.98148 0.18314 0.24336 0.95249 0.11525 0.15313 0.98146 0.18311 0.24334 0.95250 0.18314 0.24336 0.95249 0.11519 0.15306 0.98148 0.18311 0.24334 0.95250 0.20487 0.27251 0.94009 0.18314 0.24336 0.95249 0.20486 0.27252 0.94009 0.20487 0.27251 0.94009 0.18311 0.24334 0.95250 0.08891 0.16993 0.98144 0.08877 0.16962 0.98150 0.05223 0.09980 0.99364 0.08891 0.16993 0.98144 0.14071 0.27009 0.95250 0.08877 0.16962 0.98150 0.14073 0.27017 0.95247 0.14071 0.27009 0.95250 0.08891 0.16993 0.98144 0.14073 0.27017 0.95247 0.15735 0.30249 0.94008 0.14071 0.27009 0.95250 0.15733 0.30250 0.94007 0.15735 0.30249 0.94008 0.14073 0.27017 0.95247 0.02532 0.18959 0.98154 0.02531 0.18987 0.98148 0.01489 0.11165 0.99364 0.02532 0.18959 0.98154 0.04146 0.30169 0.95250 0.02531 0.18987 0.98148 0.04146 0.30175 0.95248 0.04146 0.30169 0.95250 0.02532 0.18959 0.98154 0.04146 0.30175 0.95248 0.04609 0.33831 0.93991 0.04146 0.30169 0.95250 0.04605 0.33832 0.93990 0.04609 0.33831 0.93991 0.04146 0.30175 0.95248 -0.24967 0.17443 0.95249 -0.24977 0.17452 0.95245 -0.15619 0.11036 0.98154 -0.24967 0.17443 0.95249 -0.27974 0.19612 0.93983 -0.24977 0.17452 0.95245 -0.15640 0.11059 0.98148 -0.15619 0.11036 0.98154 -0.09194 0.06500 0.99364 -0.15640 0.11059 0.98148 -0.24967 0.17443 0.95249 -0.15619 0.11036 0.98154 -0.18322 0.24345 0.95245 -0.18322 0.24339 0.95247 -0.11503 0.15286 0.98153 -0.18322 0.24345 0.95245 -0.20576 0.27255 0.93988 -0.18322 0.24339 0.95247 -0.11509 0.15293 0.98151 -0.11503 0.15286 0.98153 -0.06770 0.08997 0.99364 -0.11509 0.15293 0.98151 -0.18322 0.24345 0.95245 -0.11503 0.15286 0.98153 -0.14071 0.27013 0.95249 -0.14074 0.27021 0.95246 -0.08812 0.16990 0.98151 -0.14071 0.27013 0.95249 -0.15760 0.30296 0.93988 -0.14074 0.27021 0.95246 -0.08811 0.16993 0.98151 -0.08812 0.16990 0.98151 -0.05185 0.09999 0.99364 -0.08811 0.16993 0.98151 -0.14071 0.27013 0.95249 -0.08812 0.16990 0.98151 -0.04146 0.30169 0.95250 -0.04146 0.30175 0.95248 -0.02532 0.18959 0.98154 -0.04146 0.30169 0.95250 -0.04609 0.33831 0.93991 -0.04146 0.30175 0.95248 -0.02531 0.18987 0.98148 -0.02532 0.18959 0.98154 -0.01489 0.11165 0.99364 -0.02531 0.18987 0.98148 -0.04146 0.30169 0.95250 -0.02532 0.18959 0.98154 0.27922 -0.19658 0.93989 0.27926 -0.19651 0.93989 0.24878 -0.17584 0.95246 0.20546 -0.27287 0.93986 0.20540 -0.27293 0.93985 0.18375 -0.24300 0.95246 0.15699 -0.30342 0.93983 0.15691 -0.30348 0.93983 0.14067 -0.27019 0.95247 0.04612 -0.33850 0.93984 0.04608 -0.33851 0.93983 0.04148 -0.30185 0.95245 -0.27974 0.19612 0.93983 -0.27971 0.19617 0.93983 -0.24977 0.17452 0.95245 -0.20576 0.27255 0.93988 -0.20580 0.27251 0.93989 -0.18322 0.24339 0.95247 -0.15760 0.30296 0.93988 -0.15758 0.30297 0.93988 -0.14074 0.27021 0.95246 -0.04609 0.33831 0.93991 -0.04605 0.33832 0.93990 -0.04146 0.30175 0.95248</float_array>
     <technique_common>
      <accessor count="240" source="#realb29-lib-normals-array" stride="3">
       <param name="X" type="float"/>
       <param name="Y" type="float"/>
       <param name="Z" type="float"/>
      </accessor>
     </technique_common>
    </source>
    <source id="realb29-lib-texcoords">
     <float_array id="realb29-lib-texcoords-array" count="480">0.17676 -0.76855 0.15332 -0.76855 0.15918 -0.87988 0.17676 -0.76855 0.18262 -0.65723 0.15332 -0.76855 0.17090 -0.87988 0.15918 -0.87988 0.16504 -0.99219 0.17090 -0.87988 0.17676 -0.76855 0.15918 -0.87988 0.17676 -0.76855 0.15332 -0.76855 0.15918 -0.87988 0.17676 -0.76855 0.18262 -0.65723 0.15332 -0.76855 0.17090 -0.87988 0.15918 -0.87988 0.16504 -0.99219 0.17090 -0.87988 0.17676 -0.76855 0.15918 -0.87988 0.17676 -0.76855 0.15332 -0.76855 0.15918 -0.87988 0.17676 -0.76855 0.18262 -0.65723 0.15332 -0.76855 0.17090 -0.87988 0.15918 -0.87988 0.16504 -0.99219 0.17090 -0.87988 0.17676 -0.76855 0.15918 -0.87988 0.17676 -0.76855 0.15332 -0.76855 0.15918 -0.87988 0.17676 -0.76855 0.18262 -0.65723 0.15332 -0.76855 0.17090 -0.87988 0.15918 -0.87988 0.16504 -0.99219 0.17090 -0.87988 0.17676 -0.76855 0.15918 -0.87988 0.15918 -0.87988 0.17090 -0.87988 0.16504 -0.99219 0.15918 -0.87988 0.17676 -0.76855 0.17090 -0.87988 0.15332 -0.76855 0.17676 -0.76855 0.15918 -0.87988 0.15332 -0.76855 0.18262 -0.65723 0.17676 -0.76855 0.14746 -0.65723 0.18262 -0.65723 0.15332 -0.76855 0.15918 -0.87988 0.17090 -0.87988 0.16504 -0.99219 0.15918 -0.87988 0.17676 -0.76855 0.17090 -0.87988 0.15332 -0.76855 0.17676 -0.76855 0.15918 -0.87988 0.15332 -0.76855 0.18262 -0.65723 0.17676 -0.76855 0.14746 -0.65723 0.18262 -0.65723 0.15332 -0.76855 0.15918 -0.87988 0.17090 -0.87988 0.16504 -0.99219 0.15918 -0.87988 0.17676 -0.76855 0.17090 -0.87988 0.15332 -0.76855 0.17676 -0.76855 0.15918 -0.87988 0.15332 -0.76855 0.18262 -0.65723 0.17676 -0.76855 0.14746 -0.65723 0.18262 -0.65723 0.15332 -0.76855 0.15918 -0.87988 0.17090 -0.87988 0.16504 -0.99219 0.15918 -0.87988 0.17676 -0.76855 0.17090 -0.87988 0.15332 -0.76855 0.17676 -0.76855 0.15918 -0.87988 0.15332 -0.76855 0.18262 -0.65723 0.17676 -0.76855 0.14746 -0.65723 0.18262 -0.65723 0.15332 -0.76855 0.15918 -0.87988 0.17090 -0.87988 0.16504 -0.99219 0.15918 -0.87988 0.17676 -0.76855 0.17090 -0.87988 0.15332 -0.76855 0.17676 -0.76855 0.15918 -0.87988 0.15332 -0.76855 0.18262 -0.65723 0.17676 -0.76855 0.14746 -0.65723 0.18262 -0.65723 0.15332 -0.76855 0.15918 -0.87988 0.17090 -0.87988 0.16504 -0.99219 0.15918 -0.87988 0.17676 -0.76855 0.17090 -0.87988 0.15332 -0.76855 0.17676 -0.76855 0.15918 -0.87988 0.15332 -0.76855 0.18262 -0.65723 0.17676 -0.76855 0.14746 -0.65723 0.18262 -0.65723 0.15332 -0.76855 0.15918 -0.87988 0.17090 -0.87988 0.16504 -0.99219 0.15918 -0.87988 0.17676 -0.76855 0.17090 -0.87988 0.15332 -0.76855 0.17676 -0.76855 0.15918 -0.87988 0.15332 -0.76855 0.18262 -0.65723 0.17676 -0.76855 0.14746 -0.65723 0.18262 -0.65723 0.15332 -0.76855 0.15918 -0.87988 0.17090 -0.87988 0.16504 -0.99219 0.15918 -0.87988 0.17676 -0.76855 0.17090 -0.87988 0.15332 -0.76855 0.17676 -0.76855 0.15918 -0.87988 0.15332 -0.76855 0.18262 -0.65723 0.17676 -0.76855 0.14746 -0.65723 0.18262 -0.65723 0.15332 -0.76855 0.17676 -0.76855 0.15332 -0.76855 0.15918 -0.87988 0.17676 -0.76855 0.18262 -0.65723 0.15332 -0.76855 0.17090 -0.87988 0.15918 -0.87988 0.16504 -0.99219 0.17090 -0.87988 0.17676 -0.76855 0.15918 -0.87988 0.17676 -0.76855 0.15332 -0.76855 0.15918 -0.87988 0.17676 -0.76855 0.18262 -0.65723 0.15332 -0.76855 0.17090 -0.87988 0.15918 -0.87988 0.16504 -0.99219 0.17090 -0.87988 0.17676 -0.76855 0.15918 -0.87988 0.17676 -0.76855 0.15332 -0.76855 0.15918 -0.87988 0.17676 -0.76855 0.18262 -0.65723 0.15332 -0.76855 0.17090 -0.87988 0.15918 -0.87988 0.16504 -0.99219 0.17090 -0.87988 0.17676 -0.76855 0.15918 -0.87988 0.17676 -0.76855 0.15332 -0.76855 0.15918 -0.87988 0.17676 -0.76855 0.18262 -0.65723 0.15332 -0.76855 0.17090 -0.87988 0.15918 -0.87988 0.16504 -0.99219 0.17090 -0.87988 0.17676 -0.76855 0.15918 -0.87988 0.18262 -0.65723 0.14746 -0.65723 0.15332 -0.76855 0.18262 -0.65723 0.14746 -0.65723 0.15332 -0.76855 0.18262 -0.65723 0.14746 -0.65723 0.15332 -0.76855 0.18262 -0.65723 0.14746 -0.65723 0.15332 -0.76855 0.18262 -0.65723 0.14746 -0.65723 0.15332 -0.76855 0.18262 -0.65723 0.14746 -0.65723 0.15332 -0.76855 0.18262 -0.65723 0.14746 -0.65723 0.15332 -0.76855 0.18262 -0.65723 0.14746 -0.65723 0.15332 -0.76855</float_array>
     <technique_common>
      <accessor count="240" offset="0" source="#realb29-lib-texcoords-array" stride="2">
       <param name="U" type="float"/>
       <param name="V" type="float"/>
      </accessor>
     </technique_common>
    </source>
    <vertices id="realb29-lib-vertices">
     <input semantic="POSITION" source="#realb29-lib-positions"/>
    </vertices>
    <polylist count="80" material="mat1.png">
     <input offset="0" semantic="VERTEX" source="#realb29-lib-vertices"/>
     <input offset="1" semantic="NORMAL" source="#realb29-lib-normals"/>
     <input offset="2" semantic="TEXCOORD" source="#realb29-lib-texcoords"/>
     <vcount>3 3 3 3 3 3 3 3 3 3 3 3 3 3 3 3 3 3 3 3 3 3 3 3 3 3 3 3 3 3 3 3 3 3 3 3 3 3 3 3 3 3 3 3 3 3 3 3 3 3 3 3 3 3 3 3 3 3 3 3 3 3 3 3 3 3 3 3 3 3 3 3 3 3 3 3 3 3 3 3</vcount>
     <p>0 2 2 1 1 1 2 0 0 1 5 5 3 4 4 2 3 3 4 8 8 0 7 7 5 6 6 0 11 11 2 10 10 5 9 9 6 14 14 7 13 13 8 12 12 7 17 17 9 16 16 8 15 15 10 20 20 6 19 19 11 18 18 6 23 23 8 22 22 11 21 21 12 26 26 13 25 25 14 24 24 13 29 29 15 28 28 14 27 27 16 32 32 12 31 31 17 30 30 12 35 35 14 34 34 17 33 33 18 38 38 19 37 37 20 36 36 19 41 41 21 40 40 20 39 39 22 44 44 18 43 43 23 42 42 18 47 47 20 46 46 23 45 45 24 50 50 25 49 49 26 48 48 25 53 53 27 52 52 26 51 51 26 56 56 27 55 55 28 54 54 27 59 59 29 58 58 28 57 57 28 62 62 29 61 61 30 60 60 31 65 65 32 64 64 33 63 63 32 68 68 34 67 67 33 66 66 33 71 71 34 70 70 35 69 69 34 74 74 36 73 73 35 72 72 35 77 77 36 76 76 37 75 75 38 80 80 39 79 79 40 78 78 39 83 83 41 82 82 40 81 81 40 86 86 41 85 85 42 84 84 41 89 89 43 88 88 42 87 87 42 92 92 43 91 91 44 90 90 45 95 95 46 94 94 47 93 93 46 98 98 48 97 97 47 96 96 47 101 101 48 100 100 49 99 99 48 104 104 50 103 103 49 102 102 49 107 107 50 106 106 51 105 105 52 110 110 53 109 109 54 108 108 53 113 113 55 112 112 54 111 111 54 116 116 55 115 115 56 114 114 55 119 119 57 118 118 56 117 117 56 122 122 57 121 121 58 120 120 59 125 125 60 124 124 61 123 123 60 128 128 62 127 127 61 126 126 61 131 131 62 130 130 63 129 129 62 134 134 64 133 133 63 132 132 63 137 137 64 136 136 65 135 135 66 140 140 67 139 139 68 138 138 67 143 143 69 142 142 68 141 141 68 146 146 69 145 145 70 144 144 69 149 149 71 148 148 70 147 147 70 152 152 71 151 151 72 150 150 73 155 155 74 154 154 75 153 153 74 158 158 76 157 157 75 156 156 75 161 161 76 160 160 77 159 159 76 164 164 78 163 163 77 162 162 77 167 167 78 166 166 79 165 165 80 170 170 81 169 169 82 168 168 81 173 173 83 172 172 82 171 171 84 176 176 80 175 175 85 174 174 80 179 179 82 178 178 85 177 177 86 182 182 87 181 181 88 180 180 87 185 185 89 184 184 88 183 183 90 188 188 86 187 187 91 186 186 86 191 191 88 190 190 91 189 189 92 194 194 93 193 193 94 192 192 93 197 197 95 196 196 94 195 195 96 200 200 92 199 199 97 198 198 92 203 203 94 202 202 97 201 201 98 206 206 99 205 205 100 204 204 99 209 209 101 208 208 100 207 207 102 212 212 98 211 211 103 210 210 98 215 215 100 214 214 103 213 213 1 218 218 104 217 217 3 216 216 7 221 221 105 220 220 9 219 219 13 224 224 106 223 223 15 222 222 19 227 227 107 226 226 21 225 225 81 230 230 108 229 229 83 228 228 87 233 233 109 232 232 89 231 231 93 236 236 110 235 235 95 234 234 99 239 239 111 238 238 101 237 237</p>
    </polylist>
   </mesh>
  </geometry>
  <geometry id="realb29_1-lib" name="realb29_1">
   <mesh>
    <source id="realb29_1-lib-positions" name="position">
     <float_array id="realb29_1-lib-positions-array" count="1068">1.37187 10.09802 -0.01465 0.92293 8.44064 -0.00244 0.88668 8.43892 -0.00244 1.40883 10.10207 -0.01465 1.52745 10.63447 -0.01709 1.56432 10.63929 -0.01709 1.99251 12.30194 -0.01709 2.02872 12.30441 -0.01709 2.00267 12.46396 -0.01709 2.09830 12.45222 -0.01465 2.17959 12.41662 -0.01709 2.05596 12.28405 -0.01709 1.59258 10.61356 -0.01709 1.43959 10.07738 -0.01465 0.94791 8.43047 -0.00244 3.04146 8.42534 -0.01465 2.18178 7.60389 -0.00244 2.14776 7.61890 -0.00244 3.07369 8.40866 -0.01465 3.29806 8.65845 -0.01709 3.33213 8.64354 -0.01709 4.41199 9.78335 -0.01709 4.44261 9.76855 -0.01709 4.47108 9.95590 -0.01709 4.54846 9.89123 -0.01465 4.60301 9.81521 -0.01709 4.45875 9.73348 -0.01709 3.34660 8.61026 -0.01709 3.08640 8.37713 -0.01465 2.19449 7.57235 -0.00244 1.32433 4.36345 -0.01221 0.98412 5.63001 -0.00244 1.02105 5.62562 -0.00244 1.38825 4.37975 -0.01221 1.55871 3.77788 -0.01709 1.53148 3.75750 -0.01709 2.07804 1.80344 -0.01709 2.04846 1.78241 -0.01709 2.18057 1.66494 -0.01709 2.09225 1.62732 -0.01465 1.99427 1.61488 -0.01709 2.01460 1.78553 -0.01709 1.49527 3.75996 -0.01709 1.35822 4.36071 -0.01221 1.04805 5.64630 -0.00244 2.99627 5.51673 -0.01465 2.13372 6.44464 -0.00244 2.16948 6.46454 -0.00244 3.05187 5.57166 -0.01465 3.34324 5.26862 -0.01709 3.32863 5.23540 -0.01709 4.50285 4.19266 -0.01709 4.48992 4.16121 -0.01709 4.67852 4.14752 -0.01709 4.61864 4.06640 -0.01465 4.54605 4.00738 -0.01709 4.45589 4.14298 -0.01709 3.29461 5.21717 -0.01709 3.03380 5.53495 -0.01465 2.19605 6.50665 -0.00244 0.00000 9.38379 -0.00520 0.31909 9.38379 -0.00520 0.55420 11.39527 -0.01593 0.40576 8.55176 -0.00532 -0.40576 8.55176 -0.00532 0.00000 12.21046 -0.01485 0.75635 13.02589 -0.01376 -0.55444 11.39527 -0.01593 -0.31909 9.38379 -0.00520 0.00000 13.93750 -0.00748 0.55859 13.71314 -0.00886 -0.75635 13.02589 -0.01376 2.17309 8.78268 -0.00795 2.43415 8.60575 -0.00800 3.49418 9.75545 -0.02825 2.07423 7.92180 -0.00411 1.40995 8.29683 -0.00394 2.58658 10.37042 -0.02821 3.47702 10.70737 -0.03126 3.29460 11.77103 -0.03435 1.91168 8.95955 -0.00812 4.53278 10.93224 -0.03447 3.88954 12.30094 -0.03339 4.48471 12.19455 -0.03320 4.80433 11.68134 -0.03342 0.55445 2.68138 -0.01465 0.00139 1.86595 -0.01465 0.75693 1.05139 -0.01221 -0.00065 4.69312 -0.00488 0.31918 4.69548 -0.00488 0.40483 5.52554 -0.00488 0.00165 0.13985 -0.00732 0.55975 0.36447 -0.00732 3.47614 3.37138 -0.03065 2.58585 3.70806 -0.02773 3.29353 2.30750 -0.03375 1.91128 5.11863 -0.00774 2.17254 5.29562 -0.00772 1.40975 5.78135 -0.00391 2.07400 6.15648 -0.00384 3.49346 4.32298 -0.02755 4.53157 3.14632 -0.03356 2.43381 5.47261 -0.00769 3.88857 1.77767 -0.03242 4.48357 1.88420 -0.03210 4.80306 2.39724 -0.03229 -0.31803 4.69319 -0.00488 -0.55396 2.68139 -0.01465 -0.40572 5.52573 -0.00488 -0.75677 1.05206 -0.01221 -0.55843 0.36444 -0.00732 -0.55859 13.71314 -0.00886 -3.45888 10.70740 -0.03126 -2.56865 10.37032 -0.02822 -3.27646 11.77106 -0.03436 -1.89351 8.95955 -0.00796 -2.15492 8.78268 -0.00804 -1.39177 8.29683 -0.00403 -2.05607 7.92180 -0.00396 -3.47618 9.75568 -0.02825 -4.51464 10.93227 -0.03447 -2.41598 8.60574 -0.00809 -3.87140 12.30097 -0.03340 -4.46658 12.19458 -0.03320 -4.78619 11.68137 -0.03343 -2.15447 5.29566 -0.00770 -2.41574 5.47265 -0.00767 -3.47518 4.32294 -0.02762 -2.05593 6.15652 -0.00382 -1.39168 5.78139 -0.00390 -2.56778 3.70815 -0.02780 -3.45800 3.37114 -0.03071 -3.27547 2.30759 -0.03382 -1.89321 5.11867 -0.00773 -4.51350 3.14641 -0.03362 -3.87050 1.77776 -0.03248 -4.46564 1.88409 -0.03216 -4.78499 2.39733 -0.03235 -1.34950 10.09821 -0.01465 -0.86192 8.43936 -0.00244 -0.89983 8.43926 -0.00244 -1.41487 10.07806 -0.01465 -1.56923 10.61413 -0.01709 -1.53818 10.63846 -0.01709 -2.02898 12.28339 -0.01709 -2.00428 12.30333 -0.01709 -2.15455 12.41714 -0.01709 -2.07291 12.45117 -0.01465 -1.97974 12.46313 -0.01709 -1.96804 12.30120 -0.01709 -1.50429 10.63565 -0.01709 -1.38332 10.10173 -0.01465 -0.92276 8.43055 -0.00244 -3.01781 8.42679 -0.01465 -2.12432 7.61968 -0.00244 -2.15670 7.60328 -0.00244 -3.06317 8.37896 -0.01465 -3.32158 8.61011 -0.01709 -3.30701 8.64335 -0.01709 -4.43236 9.73473 -0.01709 -4.41780 9.76798 -0.01709 -4.57808 9.81509 -0.01709 -4.52331 9.89097 -0.01465 -4.44575 9.95542 -0.01709 -4.38714 9.78269 -0.01709 -3.27635 8.65807 -0.01709 -3.05019 8.41039 -0.01465 -2.16969 7.57185 -0.00244 -1.30015 4.36521 -0.01221 -0.99494 5.62684 -0.00244 -0.96105 5.62953 -0.00244 -1.33474 4.36019 -0.01221 -1.47058 3.75904 -0.01709 -1.50681 3.75686 -0.01709 -1.99134 1.78495 -0.01709 -2.02522 1.78210 -0.01709 -1.97001 1.61349 -0.01709 -2.06787 1.62670 -0.01465 -2.15589 1.66501 -0.01709 -2.05463 1.80336 -0.01709 -1.53622 3.77813 -0.01709 -1.36405 4.38160 -0.01221 -1.02494 5.64592 -0.00244 -2.97330 5.51663 -0.01465 -2.14650 6.46398 -0.00244 -2.11067 6.44422 -0.00244 -3.00913 5.53640 -0.01465 -3.27090 5.21727 -0.01709 -3.30509 5.23518 -0.01709 -4.43390 4.14433 -0.01709 -4.46464 4.16217 -0.01709 -4.52277 4.00786 -0.01709 -4.59592 4.06620 -0.01465 -4.65482 4.14845 -0.01709 -4.47787 4.19349 -0.01709 -3.32002 5.26826 -0.01709 -3.02733 5.57305 -0.01465 -2.16977 6.50593 -0.00244 1.83496 7.75610 -0.79321 0.79785 8.34888 -0.79321 0.93872 7.73901 -1.34692 0.94409 8.51880 -0.16162 1.84204 8.09204 -0.16162 1.67065 7.03906 -1.34692 2.34106 7.03906 -0.79321 1.83496 6.32202 -0.79321 2.44946 6.45825 -0.16162 2.44946 7.61987 -0.16162 2.92456 7.03906 -0.16113 0.00000 8.47534 -0.79321 0.00000 7.98926 -1.34692 -0.93872 7.73901 -1.34692 0.00000 7.03906 -1.61108 3.07959 7.15698 -0.06104 3.27319 7.03906 -0.12378 3.20483 7.12402 -0.06104 0.00000 8.64771 -0.16162 -0.79785 8.34888 -0.79321 1.84204 8.09204 -0.02173 1.97876 8.13989 -0.06104 2.44946 7.61987 -0.02173 1.02026 8.58813 -0.06104 0.94409 8.51880 -0.02173 0.00000 8.72095 -0.06104 0.00000 8.64771 -0.02173 -0.94409 8.51880 -0.02173 2.92456 7.03906 0.16992 2.92627 7.26440 0.05054 3.06567 7.03906 0.05029 2.53052 7.64062 0.08228 2.34375 7.59717 0.20239 1.91480 8.13550 0.08105 1.78613 8.06299 0.20239 0.97729 8.57886 0.08008 0.90649 8.47510 0.20239 0.00000 8.71436 0.07983 0.00000 8.60327 0.20239 -0.90649 8.47510 0.20239 3.27319 7.03906 0.01782 3.07959 6.92090 -0.06104 2.78833 7.21387 -0.03442 -0.97729 8.57886 0.08008 2.65064 7.65015 -0.06104 -0.94409 8.51880 -0.16162 3.52564 7.15576 0.01807 3.45630 7.19727 -0.06104 3.52564 7.15576 -0.12402 3.62305 7.42505 0.01807 3.53760 7.40430 -0.06104 3.62305 7.42505 -0.12402 3.40894 7.62280 -0.06104 3.46069 7.68481 -0.12402 3.46069 7.68481 0.01807 0.93872 6.33911 -1.34692 0.79785 5.72900 -0.79321 0.94409 5.55933 -0.16162 1.84204 5.98608 -0.16162 0.00000 5.35718 -0.06104 1.02026 5.48999 -0.06104 0.00000 5.43042 -0.16162 1.97876 5.93799 -0.06104 2.65064 6.42773 -0.06104 3.20483 6.95410 -0.06104 0.00000 5.60278 -0.79321 0.00000 6.08862 -1.34692 -0.93872 6.33911 -1.34692 0.00000 5.43042 -0.02222 0.94409 5.55933 -0.02197 -0.94409 5.55933 -0.02222 -1.02026 5.48999 -0.06104 -1.84204 5.98608 -0.02222 -1.97876 5.93799 -0.06104 -2.44946 6.45825 -0.02222 -2.65088 6.42773 -0.06104 -3.07959 6.92090 -0.06104 1.84204 5.98608 -0.02197 2.44946 6.45825 -0.02197 3.45630 6.88062 -0.06104 3.52564 6.92236 -0.12402 3.53760 6.67383 -0.06104 3.62305 6.65308 -0.12402 3.40894 6.45532 -0.06104 3.46069 6.39307 -0.12402 3.52564 6.92236 0.01807 3.62305 6.65308 0.01807 3.46069 6.39331 0.01807 -1.83496 7.75610 -0.79321 -1.67065 7.03906 -1.34692 -2.34106 7.03906 -0.79321 -2.44946 7.61987 -0.16162 -2.92456 7.03906 -0.16113 -1.84204 8.09204 -0.16162 -1.02026 8.58813 -0.06104 -1.97876 8.13989 -0.06104 -2.65088 7.65015 -0.06104 -3.07959 7.15698 -0.06104 -3.27319 7.03906 -0.12378 -3.20483 7.12402 -0.06104 -1.84204 8.09204 -0.02173 -2.44946 7.61987 -0.02173 -2.78833 7.21387 -0.03442 -1.91480 8.13550 0.08105 -2.53076 7.64062 0.08228 -3.00366 7.11035 0.04443 -1.78613 8.06299 0.20239 -2.34375 7.59717 0.20239 -2.92456 7.03906 0.16992 -3.27319 7.03906 0.01782 -3.06567 7.03906 0.05029 -3.45654 7.19727 -0.06104 -3.52564 7.15576 -0.12402 -3.53760 7.40430 -0.06104 -3.62305 7.42505 -0.12402 -3.40894 7.62280 -0.06104 -3.46069 7.68481 -0.12402 -3.52564 7.15576 0.01807 -3.62305 7.42505 0.01807 -3.46069 7.68481 0.01807 -3.52564 6.92236 -0.12402 -1.83496 6.32202 -0.79321 -0.79785 5.72900 -0.79321 -0.94409 5.55933 -0.16162 -1.84204 5.98608 -0.16162 -2.44946 6.45825 -0.16162 -3.20483 6.95410 -0.06104 -3.52564 6.92236 0.01807 -3.45654 6.88062 -0.06104 -3.62305 6.65308 -0.12402 -3.62305 6.65308 0.01807 -3.46069 6.39307 -0.12402 -3.46069 6.39331 0.01807 -3.53760 6.67383 -0.06104 -3.40894 6.45532 -0.06104 0.79785 8.34888 0.67041 0.00000 8.47510 0.67041 0.00000 8.16933 1.13408 -0.79785 8.34888 0.67041 -0.75439 7.95929 1.13507 -1.83472 7.75571 0.67094 -1.27808 7.47148 1.15975 -2.34009 7.03798 0.67128 -1.32935 6.82382 1.13421 -1.83472 6.32338 0.66969 -0.75439 6.11878 1.13420 -0.79834 5.73028 0.66995 0.00000 5.60202 0.67111 0.79834 5.73028 0.66995 1.83472 6.32338 0.66969 1.83472 7.75571 0.67094 2.34009 7.03798 0.67128 1.27808 7.47148 1.15975 0.75439 7.95929 1.13507 0.75439 6.11878 1.13420 1.32935 6.82382 1.13421 0.00000 7.02964 1.52503 0.00000 5.90887 1.13539</float_array>
     <technique_common>
      <accessor count="356" source="#realb29_1-lib-positions-array" stride="3">
       <param name="X" type="float"/>
       <param name="Y" type="float"/>
       <param name="Z" type="float"/>
      </accessor>
     </technique_common>
    </source>
    <source id="realb29_1-lib-normals" name="normal">
     <float_array id="realb29_1-lib-normals-array" count="5988">-0.00071 0.00651 0.99998 0.00106 0.00704 0.99997 -0.00035 0.00746 0.99997 -0.00071 0.00651 0.99998 0.00150 0.00517 0.99999 0.00106 0.00704 0.99997 -0.00039 0.00297 1.00000 0.00150 0.00517 0.99999 -0.00071 0.00651 0.99998 -0.00039 0.00297 1.00000 0.00047 0.00151 1.00000 0.00150 0.00517 0.99999 0.00000 0.00000 1.00000 0.00047 0.00151 1.00000 -0.00039 0.00297 1.00000 0.00000 0.00000 1.00000 -0.00102 -0.00239 1.00000 0.00047 0.00151 1.00000 -0.02218 -0.00362 0.99975 -0.00102 -0.00239 1.00000 0.00000 0.00000 1.00000 -0.02218 -0.00362 0.99975 -0.00086 -0.01611 0.99987 -0.00102 -0.00239 1.00000 0.00579 0.02163 -0.99975 0.04641 0.17343 -0.98375 0.00435 0.01624 -0.99986 0.01613 -0.02168 0.99963 -0.00102 -0.00239 1.00000 -0.00086 -0.01611 0.99987 0.00000 0.00000 1.00000 -0.00102 -0.00239 1.00000 0.01613 -0.02168 0.99963 0.00000 0.00000 1.00000 0.00047 0.00151 1.00000 -0.00102 -0.00239 1.00000 0.00213 0.00234 0.99999 0.00047 0.00151 1.00000 0.00000 0.00000 1.00000 0.00213 0.00234 0.99999 0.00412 0.00512 0.99998 0.00047 0.00151 1.00000 -0.00167 -0.00546 -0.99998 -0.00166 -0.00549 -0.99998 -0.00068 -0.00213 -1.00000 -0.00167 -0.00546 -0.99998 -0.00101 -0.00711 -0.99997 -0.00166 -0.00549 -0.99998 0.00150 0.00517 0.99999 0.00270 0.00656 0.99997 0.00106 0.00704 0.99997 0.00150 0.00517 0.99999 0.00412 0.00512 0.99998 0.00270 0.00656 0.99997 0.00047 0.00151 1.00000 0.00412 0.00512 0.99998 0.00150 0.00517 0.99999 0.00000 0.00000 -1.00000 -0.00065 -0.00204 -1.00000 0.00000 0.00000 -1.00000 0.00435 0.01624 -0.99986 0.00000 0.00000 -1.00000 0.00579 0.02163 -0.99975 0.00435 0.01624 -0.99986 0.00000 0.00000 -1.00000 -0.00068 -0.00213 -1.00000 -0.00065 -0.00204 -1.00000 -0.00167 -0.00546 -0.99998 -0.00068 -0.00213 -1.00000 0.00000 0.00000 -1.00000 -0.00065 -0.00204 -1.00000 0.00439 0.00850 0.99995 0.00721 0.00716 0.99995 0.00449 0.01017 0.99994 0.00439 0.00850 0.99995 0.00608 0.00555 0.99997 0.00721 0.00716 0.99995 0.00193 0.00436 0.99999 0.00608 0.00555 0.99997 0.00439 0.00850 0.99995 0.00193 0.00436 0.99999 0.00190 0.00186 1.00000 0.00608 0.00555 0.99997 0.00000 0.00000 1.00000 0.00190 0.00186 1.00000 0.00193 0.00436 0.99999 0.00000 0.00000 1.00000 -0.00179 -0.00205 1.00000 0.00190 0.00186 1.00000 -0.02383 0.00362 0.99971 -0.00179 -0.00205 1.00000 0.00000 0.00000 1.00000 -0.02383 0.00362 0.99971 -0.01150 -0.00998 0.99988 -0.00179 -0.00205 1.00000 0.01303 0.01222 -0.99984 0.14307 0.13416 -0.98058 0.01469 0.01378 -0.99980 0.00650 -0.02234 0.99973 -0.00179 -0.00205 1.00000 -0.01150 -0.00998 0.99988 0.00000 0.00000 1.00000 -0.00179 -0.00205 1.00000 0.00650 -0.02234 0.99973 0.00000 0.00000 1.00000 0.00190 0.00186 1.00000 -0.00179 -0.00205 1.00000 0.00414 0.00180 0.99999 0.00190 0.00186 1.00000 0.00000 0.00000 1.00000 0.00414 0.00180 0.99999 0.00882 0.00356 0.99995 0.00190 0.00186 1.00000 -0.00627 -0.00587 -0.99996 -0.00625 -0.00583 -0.99996 -0.00245 -0.00244 -0.99999 -0.00627 -0.00587 -0.99996 -0.00719 -0.00720 -0.99995 -0.00625 -0.00583 -0.99996 0.00608 0.00555 0.99997 0.01004 0.00405 0.99994 0.00721 0.00716 0.99995 0.00608 0.00555 0.99997 0.00882 0.00356 0.99995 0.01004 0.00405 0.99994 0.00190 0.00186 1.00000 0.00882 0.00356 0.99995 0.00608 0.00555 0.99997 0.00000 0.00000 -1.00000 -0.00252 -0.00254 -0.99999 0.00000 0.00000 -1.00000 0.01469 0.01378 -0.99980 0.00000 0.00000 -1.00000 0.01303 0.01222 -0.99984 0.01469 0.01378 -0.99980 0.00000 0.00000 -1.00000 -0.00245 -0.00244 -0.99999 -0.00252 -0.00254 -0.99999 -0.00627 -0.00587 -0.99996 -0.00245 -0.00244 -0.99999 0.00000 0.00000 -1.00000 -0.00252 -0.00254 -0.99999 -0.00065 -0.00804 0.99997 -0.00095 -0.00796 0.99997 0.00200 -0.00718 0.99997 -0.00189 0.00739 -0.99997 -0.00188 0.00739 -0.99997 -0.00184 0.00722 -0.99997 -0.00106 0.00377 -0.99999 -0.00188 0.00739 -0.99997 -0.00189 0.00739 -0.99997 0.00311 -0.00415 0.99999 0.00085 -0.00290 1.00000 0.00425 -0.00669 0.99997 0.00000 0.00000 1.00000 0.00085 -0.00290 1.00000 0.00311 -0.00415 0.99999 0.00000 0.00000 1.00000 -0.00074 0.00269 1.00000 0.00085 -0.00290 1.00000 0.01579 0.01776 0.99972 -0.00074 0.00269 1.00000 0.00000 0.00000 1.00000 0.01579 0.01776 0.99972 -0.00348 0.01476 0.99989 -0.00074 0.00269 1.00000 0.00485 -0.01805 -0.99983 0.04647 -0.17294 -0.98384 0.00495 -0.01843 -0.99982 -0.02217 0.00717 0.99973 -0.00074 0.00269 1.00000 -0.00348 0.01476 0.99989 0.00000 0.00000 1.00000 -0.00074 0.00269 1.00000 -0.02217 0.00717 0.99973 0.00000 0.00000 1.00000 0.00085 -0.00290 1.00000 -0.00074 0.00269 1.00000 -0.00034 -0.00500 0.99999 0.00085 -0.00290 1.00000 0.00000 0.00000 1.00000 -0.00034 -0.00500 0.99999 0.00180 -0.00744 0.99997 0.00085 -0.00290 1.00000 -0.00065 -0.00804 0.99997 0.00180 -0.00744 0.99997 -0.00034 -0.00500 0.99999 -0.00065 -0.00804 0.99997 0.00200 -0.00718 0.99997 0.00180 -0.00744 0.99997 0.00490 -0.00641 0.99997 0.00180 -0.00744 0.99997 0.00200 -0.00718 0.99997 0.00490 -0.00641 0.99997 0.00425 -0.00669 0.99997 0.00180 -0.00744 0.99997 -0.00184 0.00722 -0.99997 -0.00188 0.00739 -0.99997 -0.00184 0.00722 -0.99997 -0.00105 0.00373 -0.99999 -0.00106 0.00377 -0.99999 -0.00189 0.00739 -0.99997 -0.00105 0.00373 -0.99999 0.00000 0.00000 -1.00000 -0.00106 0.00377 -0.99999 0.00000 0.00000 -1.00000 -0.00105 0.00373 -0.99999 0.00000 0.00000 -1.00000 0.00485 -0.01805 -0.99983 0.00000 0.00000 -1.00000 0.00371 -0.00763 0.99996 0.00482 -0.00867 0.99995 0.00662 -0.00698 0.99995 -0.00542 0.00547 -0.99997 -0.00545 0.00552 -0.99997 -0.00680 0.00683 -0.99995 -0.00212 0.00202 -1.00000 -0.00545 0.00552 -0.99997 -0.00542 0.00547 -0.99997 0.00353 -0.00155 0.99999 0.00167 -0.00157 1.00000 0.00783 -0.00385 0.99996 0.00000 0.00000 1.00000 0.00167 -0.00157 1.00000 0.00353 -0.00155 0.99999 0.00000 0.00000 1.00000 -0.00223 0.00167 1.00000 0.00167 -0.00157 1.00000 0.00176 0.02425 0.99970 -0.00223 0.00167 1.00000 0.00000 0.00000 1.00000 0.00176 0.02425 0.99970 -0.01070 0.01122 0.99988 -0.00223 0.00167 1.00000 0.01289 -0.01218 -0.99984 0.14254 -0.13474 -0.98057 0.01486 -0.01405 -0.99979 -0.02176 -0.00794 0.99973 -0.00223 0.00167 1.00000 -0.01070 0.01122 0.99988 0.00000 0.00000 1.00000 -0.00223 0.00167 1.00000 -0.02176 -0.00794 0.99973 0.00000 0.00000 1.00000 0.00167 -0.00157 1.00000 -0.00223 0.00167 1.00000 0.00171 -0.00321 0.99999 0.00167 -0.00157 1.00000 0.00000 0.00000 1.00000 0.00171 -0.00321 0.99999 0.00515 -0.00520 0.99997 0.00167 -0.00157 1.00000 0.00371 -0.00763 0.99996 0.00515 -0.00520 0.99997 0.00171 -0.00321 0.99999 0.00371 -0.00763 0.99996 0.00662 -0.00698 0.99995 0.00515 -0.00520 0.99997 0.00843 -0.00529 0.99995 0.00515 -0.00520 0.99997 0.00662 -0.00698 0.99995 0.00843 -0.00529 0.99995 0.00783 -0.00385 0.99996 0.00515 -0.00520 0.99997 -0.00680 0.00683 -0.99995 -0.00545 0.00552 -0.99997 -0.00680 0.00683 -0.99995 -0.00209 0.00197 -1.00000 -0.00212 0.00202 -1.00000 -0.00542 0.00547 -0.99997 -0.00209 0.00197 -1.00000 0.00000 0.00000 -1.00000 -0.00212 0.00202 -1.00000 0.00000 0.00000 -1.00000 -0.00209 0.00197 -1.00000 0.00000 0.00000 -1.00000 0.01289 -0.01218 -0.99984 0.00000 0.00000 -1.00000 -0.00000 -0.00243 -1.00000 0.00000 -0.00261 -1.00000 -0.00504 -0.00242 -0.99998 -0.00000 -0.00243 -1.00000 0.00000 0.00015 -1.00000 0.00000 -0.00261 -1.00000 0.00000 0.00015 -1.00000 -0.00000 -0.00243 -1.00000 -0.00000 0.00113 -1.00000 -0.00504 -0.00242 -0.99998 -0.00190 0.00405 -0.99999 -0.00000 0.00113 -1.00000 -0.00000 -0.00243 -1.00000 -0.00504 -0.00242 -0.99998 0.00504 -0.00242 -0.99998 -0.00000 -0.00243 -1.00000 -0.00000 0.00113 -1.00000 0.00504 -0.00242 -0.99998 0.00000 -0.00261 -1.00000 -0.00000 -0.00243 -1.00000 -0.00000 0.00551 -0.99998 -0.00190 0.00405 -0.99999 0.00043 0.00725 -0.99997 -0.00000 0.00551 -0.99998 -0.00000 0.00113 -1.00000 -0.00190 0.00405 -0.99999 0.00190 0.00405 -0.99999 -0.00000 0.00113 -1.00000 -0.00000 0.00551 -0.99998 -0.00479 -0.00656 -0.99997 -0.00526 -0.00745 -0.99996 -0.01004 -0.00380 -0.99994 -0.00479 -0.00656 -0.99997 -0.00270 -0.00414 -0.99999 -0.00526 -0.00745 -0.99996 -0.00256 -0.00424 -0.99999 -0.00270 -0.00414 -0.99999 -0.00479 -0.00656 -0.99997 0.00131 -0.01251 -0.99992 -0.00260 -0.00363 -0.99999 0.00230 -0.00251 -0.99999 0.00131 -0.01251 -0.99992 -0.00318 -0.00718 -0.99997 -0.00260 -0.00363 -0.99999 -0.00260 -0.00363 -0.99999 -0.01004 -0.00380 -0.99994 -0.00244 -0.00004 -1.00000 -0.00260 -0.00363 -0.99999 -0.00479 -0.00656 -0.99997 -0.01004 -0.00380 -0.99994 -0.00318 -0.00718 -0.99997 -0.00479 -0.00656 -0.99997 -0.00260 -0.00363 -0.99999 -0.00318 -0.00718 -0.99997 -0.00256 -0.00424 -0.99999 -0.00479 -0.00656 -0.99997 -0.00260 -0.00363 -0.99999 0.00103 -0.00161 -1.00000 0.00230 -0.00251 -0.99999 -0.00260 -0.00363 -0.99999 -0.00063 -0.00020 -1.00000 0.00103 -0.00161 -1.00000 -0.00244 -0.00004 -1.00000 -0.00063 -0.00020 -1.00000 -0.00260 -0.00363 -0.99999 -0.00244 -0.00004 -1.00000 0.00096 0.00104 -1.00000 -0.00063 -0.00020 -1.00000 -0.00325 0.00244 -0.99999 0.00000 -0.00108 -1.00000 0.00008 -0.00414 -0.99999 -0.00325 0.00244 -0.99999 -0.00001 0.00231 -1.00000 0.00000 -0.00108 -1.00000 -0.00002 0.00242 -1.00000 -0.00001 0.00231 -1.00000 -0.00325 0.00244 -0.99999 -0.00002 0.00242 -1.00000 0.00000 0.00000 -1.00000 -0.00001 0.00231 -1.00000 0.00008 -0.00414 -0.99999 0.00000 -0.00582 -0.99998 0.00323 -0.00804 -0.99996 0.00008 -0.00414 -0.99999 0.00000 -0.00108 -1.00000 0.00000 -0.00582 -0.99998 -0.00235 0.00361 -0.99999 0.00145 0.01250 -0.99992 0.00276 0.00244 -0.99999 -0.00235 0.00361 -0.99999 -0.00335 0.00672 -0.99997 0.00145 0.01250 -0.99992 -0.00470 0.00638 -0.99997 -0.00335 0.00672 -0.99997 -0.00235 0.00361 -0.99999 -0.00470 0.00638 -0.99997 -0.00234 0.00415 -0.99999 -0.00335 0.00672 -0.99997 -0.00239 0.00423 -0.99999 -0.00234 0.00415 -0.99999 -0.00470 0.00638 -0.99997 -0.00966 0.00388 -0.99995 -0.00235 0.00361 -0.99999 -0.00216 -0.00007 -1.00000 -0.00966 0.00388 -0.99995 -0.00470 0.00638 -0.99997 -0.00235 0.00361 -0.99999 -0.00496 0.00748 -0.99996 -0.00470 0.00638 -0.99997 -0.00966 0.00388 -0.99995 -0.00496 0.00748 -0.99996 -0.00239 0.00423 -0.99999 -0.00470 0.00638 -0.99997 0.00135 0.00146 -1.00000 -0.00235 0.00361 -0.99999 0.00276 0.00244 -0.99999 0.00135 0.00146 -1.00000 -0.00035 0.00004 -1.00000 -0.00235 0.00361 -0.99999 -0.00035 0.00004 -1.00000 -0.00216 -0.00007 -1.00000 -0.00235 0.00361 -0.99999 -0.00035 0.00004 -1.00000 0.00134 -0.00121 -1.00000 -0.00216 -0.00007 -1.00000 -0.00001 0.00231 -1.00000 0.00000 0.00244 -1.00000 0.00324 0.00244 -0.99999 -0.00001 0.00231 -1.00000 0.00000 0.00000 -1.00000 0.00000 0.00244 -1.00000 0.00000 0.00000 -1.00000 -0.00001 0.00231 -1.00000 0.00000 -0.00108 -1.00000 0.00324 0.00244 -0.99999 -0.00008 -0.00413 -0.99999 0.00000 -0.00108 -1.00000 -0.00001 0.00231 -1.00000 0.00324 0.00244 -0.99999 0.00000 -0.00582 -0.99998 -0.00008 -0.00413 -0.99999 -0.00322 -0.00803 -0.99996 0.00000 -0.00582 -0.99998 0.00000 -0.00108 -1.00000 -0.00008 -0.00413 -0.99999 0.00190 -0.00405 0.99999 -0.00000 -0.00551 0.99998 -0.00043 -0.00725 0.99997 0.00190 -0.00405 0.99999 0.00000 -0.00113 1.00000 -0.00000 -0.00551 0.99998 0.00504 0.00242 0.99998 0.00000 -0.00113 1.00000 0.00190 -0.00405 0.99999 0.00504 0.00242 0.99998 0.00000 0.00243 1.00000 0.00000 -0.00113 1.00000 0.00000 0.00261 1.00000 0.00000 0.00243 1.00000 0.00504 0.00242 0.99998 0.00000 0.00261 1.00000 0.00000 -0.00015 1.00000 0.00000 0.00243 1.00000 0.00479 0.00656 0.99997 0.00256 0.00424 0.99999 0.00318 0.00718 0.99997 0.00479 0.00656 0.99997 0.00270 0.00414 0.99999 0.00256 0.00424 0.99999 0.00260 0.00363 0.99999 0.00318 0.00718 0.99997 -0.00131 0.01251 0.99992 0.00260 0.00363 0.99999 0.00479 0.00656 0.99997 0.00318 0.00718 0.99997 0.00260 0.00363 0.99999 -0.00103 0.00161 1.00000 0.00063 0.00020 1.00000 0.00260 0.00363 0.99999 -0.00230 0.00251 0.99999 -0.00103 0.00161 1.00000 -0.00131 0.01251 0.99992 -0.00230 0.00251 0.99999 0.00260 0.00363 0.99999 0.00244 0.00004 1.00000 0.00063 0.00020 1.00000 -0.00096 -0.00104 1.00000 0.00244 0.00004 1.00000 0.00260 0.00363 0.99999 0.00063 0.00020 1.00000 0.01004 0.00380 0.99994 0.00260 0.00363 0.99999 0.00244 0.00004 1.00000 0.01004 0.00380 0.99994 0.00479 0.00656 0.99997 0.00260 0.00363 0.99999 0.00526 0.00745 0.99996 0.00479 0.00656 0.99997 0.01004 0.00380 0.99994 0.00526 0.00745 0.99996 0.00270 0.00414 0.99999 0.00479 0.00656 0.99997 0.00000 0.00243 1.00000 0.00000 0.00261 1.00000 -0.00504 0.00242 0.99998 0.00000 0.00243 1.00000 0.00000 -0.00015 1.00000 0.00000 0.00261 1.00000 0.00000 -0.00015 1.00000 0.00000 0.00243 1.00000 0.00000 -0.00113 1.00000 -0.00504 0.00242 0.99998 -0.00190 -0.00405 0.99999 0.00000 -0.00113 1.00000 0.00000 0.00243 1.00000 -0.00504 0.00242 0.99998 -0.00000 -0.00551 0.99998 -0.00190 -0.00405 0.99999 0.00043 -0.00725 0.99997 -0.00000 -0.00551 0.99998 0.00000 -0.00113 1.00000 -0.00190 -0.00405 0.99999 0.00001 -0.00231 1.00000 0.00002 -0.00242 1.00000 0.00325 -0.00244 0.99999 0.00001 -0.00231 1.00000 0.00000 0.00000 1.00000 0.00002 -0.00242 1.00000 0.00000 0.00000 1.00000 0.00001 -0.00231 1.00000 -0.00000 0.00108 1.00000 0.00325 -0.00244 0.99999 -0.00008 0.00414 0.99999 -0.00000 0.00108 1.00000 0.00001 -0.00231 1.00000 0.00325 -0.00244 0.99999 -0.00324 -0.00244 0.99999 0.00001 -0.00231 1.00000 -0.00000 0.00108 1.00000 -0.00324 -0.00244 0.99999 -0.00000 -0.00244 1.00000 0.00001 -0.00231 1.00000 -0.00000 0.00582 0.99998 -0.00008 0.00414 0.99999 -0.00323 0.00804 0.99996 -0.00000 0.00582 0.99998 -0.00000 0.00108 1.00000 -0.00008 0.00414 0.99999 0.00008 0.00413 0.99999 -0.00000 0.00108 1.00000 -0.00000 0.00582 0.99998 0.00008 0.00413 0.99999 -0.00324 -0.00244 0.99999 -0.00000 0.00108 1.00000 0.00470 -0.00638 0.99997 0.00496 -0.00748 0.99996 0.00966 -0.00388 0.99995 0.00470 -0.00638 0.99997 0.00239 -0.00423 0.99999 0.00496 -0.00748 0.99996 0.00234 -0.00415 0.99999 0.00239 -0.00423 0.99999 0.00470 -0.00638 0.99997 -0.00145 -0.01250 0.99992 0.00235 -0.00361 0.99999 -0.00276 -0.00244 0.99999 -0.00145 -0.01250 0.99992 0.00335 -0.00672 0.99997 0.00235 -0.00361 0.99999 0.00235 -0.00361 0.99999 0.00966 -0.00388 0.99995 0.00216 0.00007 1.00000 0.00235 -0.00361 0.99999 0.00470 -0.00638 0.99997 0.00966 -0.00388 0.99995 0.00335 -0.00672 0.99997 0.00470 -0.00638 0.99997 0.00235 -0.00361 0.99999 0.00335 -0.00672 0.99997 0.00234 -0.00415 0.99999 0.00470 -0.00638 0.99997 0.00035 -0.00004 1.00000 0.00216 0.00007 1.00000 -0.00134 0.00121 1.00000 0.00035 -0.00004 1.00000 0.00235 -0.00361 0.99999 0.00216 0.00007 1.00000 -0.00135 -0.00146 1.00000 0.00235 -0.00361 0.99999 0.00035 -0.00004 1.00000 -0.00135 -0.00146 1.00000 -0.00276 -0.00244 0.99999 0.00235 -0.00361 0.99999 0.00260 -0.00363 -0.99999 -0.00136 -0.01262 -0.99992 -0.00230 -0.00251 -0.99999 0.00260 -0.00363 -0.99999 0.00366 -0.00665 -0.99997 -0.00136 -0.01262 -0.99992 0.00502 -0.00640 -0.99997 0.00366 -0.00665 -0.99997 0.00260 -0.00363 -0.99999 0.00502 -0.00640 -0.99997 0.00252 -0.00429 -0.99999 0.00366 -0.00665 -0.99997 0.00260 -0.00444 -0.99999 0.00252 -0.00429 -0.99999 0.00502 -0.00640 -0.99997 0.00999 -0.00380 -0.99994 0.00260 -0.00363 -0.99999 0.00244 -0.00004 -1.00000 0.00999 -0.00380 -0.99994 0.00502 -0.00640 -0.99997 0.00260 -0.00363 -0.99999 0.00533 -0.00756 -0.99996 0.00502 -0.00640 -0.99997 0.00999 -0.00380 -0.99994 0.00533 -0.00756 -0.99996 0.00260 -0.00444 -0.99999 0.00502 -0.00640 -0.99997 -0.00103 -0.00161 -1.00000 0.00260 -0.00363 -0.99999 -0.00230 -0.00251 -0.99999 -0.00103 -0.00161 -1.00000 0.00063 -0.00020 -1.00000 0.00260 -0.00363 -0.99999 0.00063 -0.00020 -1.00000 0.00244 -0.00004 -1.00000 0.00260 -0.00363 -0.99999 0.00063 -0.00020 -1.00000 -0.00096 0.00104 -1.00000 0.00244 -0.00004 -1.00000 0.00471 0.00640 -0.99997 0.00497 0.00750 -0.99996 0.00971 0.00388 -0.99995 0.00471 0.00640 -0.99997 0.00239 0.00423 -0.99999 0.00497 0.00750 -0.99996 0.00234 0.00415 -0.99999 0.00239 0.00423 -0.99999 0.00471 0.00640 -0.99997 -0.00148 0.01257 -0.99992 0.00235 0.00362 -0.99999 -0.00276 0.00245 -0.99999 -0.00148 0.01257 -0.99992 0.00335 0.00674 -0.99997 0.00235 0.00362 -0.99999 0.00235 0.00362 -0.99999 0.00971 0.00388 -0.99995 0.00217 -0.00007 -1.00000 0.00235 0.00362 -0.99999 0.00471 0.00640 -0.99997 0.00971 0.00388 -0.99995 0.00335 0.00674 -0.99997 0.00471 0.00640 -0.99997 0.00235 0.00362 -0.99999 0.00335 0.00674 -0.99997 0.00234 0.00415 -0.99999 0.00471 0.00640 -0.99997 0.00235 0.00362 -0.99999 -0.00135 0.00146 -1.00000 -0.00276 0.00245 -0.99999 0.00235 0.00362 -0.99999 0.00035 0.00004 -1.00000 -0.00135 0.00146 -1.00000 0.00217 -0.00007 -1.00000 0.00035 0.00004 -1.00000 0.00235 0.00362 -0.99999 0.00217 -0.00007 -1.00000 -0.00133 -0.00121 -1.00000 0.00035 0.00004 -1.00000 -0.00502 0.00640 0.99997 -0.00533 0.00756 0.99996 -0.00999 0.00380 0.99994 -0.00502 0.00640 0.99997 -0.00260 0.00444 0.99999 -0.00533 0.00756 0.99996 -0.00252 0.00429 0.99999 -0.00260 0.00444 0.99999 -0.00502 0.00640 0.99997 0.00136 0.01262 0.99992 -0.00260 0.00363 0.99999 0.00230 0.00251 0.99999 0.00136 0.01262 0.99992 -0.00366 0.00665 0.99997 -0.00260 0.00363 0.99999 -0.00260 0.00363 0.99999 -0.00999 0.00380 0.99994 -0.00244 0.00004 1.00000 -0.00260 0.00363 0.99999 -0.00502 0.00640 0.99997 -0.00999 0.00380 0.99994 -0.00366 0.00665 0.99997 -0.00502 0.00640 0.99997 -0.00260 0.00363 0.99999 -0.00366 0.00665 0.99997 -0.00252 0.00429 0.99999 -0.00502 0.00640 0.99997 -0.00063 0.00020 1.00000 -0.00244 0.00004 1.00000 0.00096 -0.00104 1.00000 -0.00063 0.00020 1.00000 -0.00260 0.00363 0.99999 -0.00244 0.00004 1.00000 0.00103 0.00161 1.00000 -0.00260 0.00363 0.99999 -0.00063 0.00020 1.00000 0.00103 0.00161 1.00000 0.00230 0.00251 0.99999 -0.00260 0.00363 0.99999 -0.00471 -0.00640 0.99997 -0.00234 -0.00415 0.99999 -0.00335 -0.00674 0.99997 -0.00471 -0.00640 0.99997 -0.00239 -0.00423 0.99999 -0.00234 -0.00415 0.99999 -0.00235 -0.00362 0.99999 -0.00335 -0.00674 0.99997 0.00148 -0.01257 0.99992 -0.00235 -0.00362 0.99999 -0.00471 -0.00640 0.99997 -0.00335 -0.00674 0.99997 -0.00235 -0.00362 0.99999 0.00135 -0.00146 1.00000 -0.00035 -0.00004 1.00000 -0.00235 -0.00362 0.99999 0.00276 -0.00245 0.99999 0.00135 -0.00146 1.00000 0.00148 -0.01257 0.99992 0.00276 -0.00245 0.99999 -0.00235 -0.00362 0.99999 -0.00217 0.00007 1.00000 -0.00035 -0.00004 1.00000 0.00133 0.00121 1.00000 -0.00217 0.00007 1.00000 -0.00235 -0.00362 0.99999 -0.00035 -0.00004 1.00000 -0.00971 -0.00388 0.99995 -0.00235 -0.00362 0.99999 -0.00217 0.00007 1.00000 -0.00971 -0.00388 0.99995 -0.00471 -0.00640 0.99997 -0.00235 -0.00362 0.99999 -0.00497 -0.00750 0.99996 -0.00471 -0.00640 0.99997 -0.00971 -0.00388 0.99995 -0.00497 -0.00750 0.99996 -0.00239 -0.00423 0.99999 -0.00471 -0.00640 0.99997 0.00067 0.00648 0.99998 -0.00002 0.00735 0.99997 -0.00119 0.00700 0.99997 0.00168 -0.00545 -0.99998 0.00168 -0.00548 -0.99998 0.00106 -0.00709 -0.99997 0.00070 -0.00214 -1.00000 0.00168 -0.00548 -0.99998 0.00168 -0.00545 -0.99998 -0.00182 0.00232 1.00000 -0.00047 0.00160 1.00000 -0.00387 0.00516 0.99998 0.00000 0.00000 1.00000 -0.00047 0.00160 1.00000 -0.00182 0.00232 1.00000 0.00000 0.00000 1.00000 0.00100 -0.00236 1.00000 -0.00047 0.00160 1.00000 -0.01660 -0.02191 0.99962 0.00100 -0.00236 1.00000 0.00000 0.00000 1.00000 -0.01660 -0.02191 0.99962 0.00095 -0.01607 0.99987 0.00100 -0.00236 1.00000 -0.00437 0.01663 -0.99985 -0.05017 0.19068 -0.98037 -0.00581 0.02209 -0.99974 0.02276 -0.00350 0.99973 0.00100 -0.00236 1.00000 0.00095 -0.01607 0.99987 0.00000 0.00000 1.00000 0.00100 -0.00236 1.00000 0.02276 -0.00350 0.99973 0.00000 0.00000 1.00000 -0.00047 0.00160 1.00000 0.00100 -0.00236 1.00000 0.00024 0.00286 1.00000 -0.00047 0.00160 1.00000 0.00000 0.00000 1.00000 0.00024 0.00286 1.00000 -0.00143 0.00520 0.99999 -0.00047 0.00160 1.00000 0.00067 0.00648 0.99998 -0.00143 0.00520 0.99999 0.00024 0.00286 1.00000 0.00067 0.00648 0.99998 -0.00119 0.00700 0.99997 -0.00143 0.00520 0.99999 -0.00254 0.00660 0.99998 -0.00143 0.00520 0.99999 -0.00119 0.00700 0.99997 -0.00254 0.00660 0.99998 -0.00387 0.00516 0.99998 -0.00143 0.00520 0.99999 0.00106 -0.00709 -0.99997 0.00168 -0.00548 -0.99998 0.00103 -0.00710 -0.99997 0.00067 -0.00202 -1.00000 0.00070 -0.00214 -1.00000 0.00168 -0.00545 -0.99998 0.00067 -0.00202 -1.00000 0.00000 0.00000 -1.00000 0.00070 -0.00214 -1.00000 0.00000 0.00000 -1.00000 0.00067 -0.00202 -1.00000 0.00000 0.00000 -1.00000 -0.00437 0.01663 -0.99985 0.00000 0.00000 -1.00000 -0.00434 0.00856 0.99995 -0.00491 0.00969 0.99994 -0.00741 0.00692 0.99995 0.00625 -0.00593 -0.99996 0.00622 -0.00590 -0.99996 0.00736 -0.00698 -0.99995 0.00257 -0.00242 -0.99999 0.00622 -0.00590 -0.99996 0.00625 -0.00593 -0.99996 -0.00416 0.00182 0.99999 -0.00197 0.00188 1.00000 -0.00876 0.00362 0.99996 0.00000 0.00000 1.00000 -0.00197 0.00188 1.00000 -0.00416 0.00182 0.99999 0.00000 0.00000 1.00000 0.00179 -0.00206 1.00000 -0.00197 0.00188 1.00000 -0.00663 -0.02254 0.99972 0.00179 -0.00206 1.00000 0.00000 0.00000 1.00000 -0.00663 -0.02254 0.99972 0.01147 -0.01001 0.99988 0.00179 -0.00206 1.00000 -0.01465 0.01382 -0.99980 -0.14267 0.13454 -0.98058 -0.01313 0.01238 -0.99984 0.02383 0.00355 0.99971 0.00179 -0.00206 1.00000 0.01147 -0.01001 0.99988 0.00000 0.00000 1.00000 0.00179 -0.00206 1.00000 0.02383 0.00355 0.99971 0.00000 0.00000 1.00000 -0.00197 0.00188 1.00000 0.00179 -0.00206 1.00000 -0.00202 0.00420 0.99999 -0.00197 0.00188 1.00000 0.00000 0.00000 1.00000 -0.00202 0.00420 0.99999 -0.00604 0.00561 0.99997 -0.00197 0.00188 1.00000 -0.00434 0.00856 0.99995 -0.00604 0.00561 0.99997 -0.00202 0.00420 0.99999 -0.00434 0.00856 0.99995 -0.00741 0.00692 0.99995 -0.00604 0.00561 0.99997 -0.00995 0.00411 0.99994 -0.00604 0.00561 0.99997 -0.00741 0.00692 0.99995 -0.00995 0.00411 0.99994 -0.00876 0.00362 0.99996 -0.00604 0.00561 0.99997 0.00736 -0.00698 -0.99995 0.00622 -0.00590 -0.99996 0.00736 -0.00698 -0.99995 0.00255 -0.00241 -0.99999 0.00257 -0.00242 -0.99999 0.00625 -0.00593 -0.99996 0.00255 -0.00241 -0.99999 0.00000 0.00000 -1.00000 0.00257 -0.00242 -0.99999 0.00000 0.00000 -1.00000 0.00255 -0.00241 -0.99999 0.00000 0.00000 -1.00000 -0.01465 0.01382 -0.99980 0.00000 0.00000 -1.00000 0.00118 -0.00816 0.99997 -0.00175 -0.00725 0.99997 0.00062 -0.00789 0.99997 0.00118 -0.00816 0.99997 -0.00180 -0.00744 0.99997 -0.00175 -0.00725 0.99997 0.00031 -0.00497 0.99999 -0.00180 -0.00744 0.99997 0.00118 -0.00816 0.99997 0.00031 -0.00497 0.99999 -0.00085 -0.00292 1.00000 -0.00180 -0.00744 0.99997 0.00000 0.00000 1.00000 -0.00085 -0.00292 1.00000 0.00031 -0.00497 0.99999 0.00000 0.00000 1.00000 0.00073 0.00269 1.00000 -0.00085 -0.00292 1.00000 0.02226 0.00729 0.99973 0.00073 0.00269 1.00000 0.00000 0.00000 1.00000 0.02226 0.00729 0.99973 0.00379 0.01467 0.99989 0.00073 0.00269 1.00000 -0.00505 -0.01821 -0.99982 -0.04784 -0.17259 -0.98383 -0.00504 -0.01820 -0.99982 -0.01578 0.01761 0.99972 0.00073 0.00269 1.00000 0.00379 0.01467 0.99989 0.00000 0.00000 1.00000 0.00073 0.00269 1.00000 -0.01578 0.01761 0.99972 0.00000 0.00000 1.00000 -0.00085 -0.00292 1.00000 0.00073 0.00269 1.00000 -0.00298 -0.00412 0.99999 -0.00085 -0.00292 1.00000 0.00000 0.00000 1.00000 -0.00298 -0.00412 0.99999 -0.00479 -0.00655 0.99997 -0.00085 -0.00292 1.00000 0.00190 0.00738 -0.99997 0.00189 0.00738 -0.99997 0.00109 0.00376 -0.99999 0.00190 0.00738 -0.99997 0.00185 0.00723 -0.99997 0.00189 0.00738 -0.99997 -0.00180 -0.00744 0.99997 -0.00420 -0.00658 0.99997 -0.00175 -0.00725 0.99997 -0.00180 -0.00744 0.99997 -0.00479 -0.00655 0.99997 -0.00420 -0.00658 0.99997 -0.00085 -0.00292 1.00000 -0.00479 -0.00655 0.99997 -0.00180 -0.00744 0.99997 0.00000 0.00000 -1.00000 0.00107 0.00368 -0.99999 0.00000 0.00000 -1.00000 -0.00504 -0.01820 -0.99982 0.00000 0.00000 -1.00000 -0.00505 -0.01821 -0.99982 -0.00504 -0.01820 -0.99982 0.00000 0.00000 -1.00000 0.00109 0.00376 -0.99999 0.00107 0.00368 -0.99999 0.00190 0.00738 -0.99997 0.00109 0.00376 -0.99999 0.00000 0.00000 -1.00000 0.00107 0.00368 -0.99999 -0.00401 -0.00727 0.99997 -0.00687 -0.00677 0.99995 -0.00480 -0.00870 0.99995 -0.00401 -0.00727 0.99997 -0.00530 -0.00509 0.99997 -0.00687 -0.00677 0.99995 -0.00170 -0.00323 0.99999 -0.00530 -0.00509 0.99997 -0.00401 -0.00727 0.99997 -0.00170 -0.00323 0.99999 -0.00165 -0.00158 1.00000 -0.00530 -0.00509 0.99997 0.00000 0.00000 1.00000 -0.00165 -0.00158 1.00000 -0.00170 -0.00323 0.99999 0.00000 0.00000 1.00000 0.00218 0.00162 1.00000 -0.00165 -0.00158 1.00000 0.02188 -0.00824 0.99973 0.00218 0.00162 1.00000 0.00000 0.00000 1.00000 0.02188 -0.00824 0.99973 0.01057 0.01097 0.99988 0.00218 0.00162 1.00000 -0.01471 -0.01382 -0.99980 -0.13084 -0.12290 -0.98376 -0.01293 -0.01215 -0.99984 -0.00173 0.02404 0.99971 0.00218 0.00162 1.00000 0.01057 0.01097 0.99988 0.00000 0.00000 1.00000 0.00218 0.00162 1.00000 -0.00173 0.02404 0.99971 0.00000 0.00000 1.00000 -0.00165 -0.00158 1.00000 0.00218 0.00162 1.00000 -0.00346 -0.00156 0.99999 -0.00165 -0.00158 1.00000 0.00000 0.00000 1.00000 -0.00346 -0.00156 0.99999 -0.00779 -0.00386 0.99996 -0.00165 -0.00158 1.00000 0.00554 0.00530 -0.99997 0.00562 0.00538 -0.99997 0.00210 0.00202 -1.00000 0.00554 0.00530 -0.99997 0.00697 0.00668 -0.99995 0.00562 0.00538 -0.99997 -0.00530 -0.00509 0.99997 -0.00887 -0.00491 0.99995 -0.00687 -0.00677 0.99995 -0.00530 -0.00509 0.99997 -0.00779 -0.00386 0.99996 -0.00887 -0.00491 0.99995 -0.00165 -0.00158 1.00000 -0.00779 -0.00386 0.99996 -0.00530 -0.00509 0.99997 0.00000 0.00000 -1.00000 0.00208 0.00201 -1.00000 0.00000 0.00000 -1.00000 -0.01293 -0.01215 -0.99984 0.00000 0.00000 -1.00000 -0.01471 -0.01382 -0.99980 -0.01293 -0.01215 -0.99984 0.00000 0.00000 -1.00000 0.00210 0.00202 -1.00000 0.00208 0.00201 -1.00000 0.00554 0.00530 -0.99997 0.00210 0.00202 -1.00000 0.00000 0.00000 -1.00000 0.00208 0.00201 -1.00000 0.52810 0.62052 -0.57972 0.26146 0.82244 -0.50521 0.24829 0.46651 -0.84896 0.52810 0.62052 -0.57972 0.24580 0.82592 -0.50738 0.26146 0.82244 -0.50521 0.40235 0.69723 -0.59328 0.24580 0.82592 -0.50738 0.52810 0.62052 -0.57972 0.46745 0.00000 -0.88402 0.52810 0.62052 -0.57972 0.24829 0.46651 -0.84896 0.46745 0.00000 -0.88402 0.71414 0.00000 -0.70001 0.52810 0.62052 -0.57972 0.52813 -0.62050 -0.57971 0.71414 0.00000 -0.70001 0.46745 0.00000 -0.88402 0.52813 -0.62050 -0.57971 0.50197 -0.50290 -0.70364 0.71414 0.00000 -0.70001 0.71414 0.00000 -0.70001 0.50210 0.50309 -0.70342 0.52810 0.62052 -0.57972 0.71414 0.00000 -0.70001 0.41320 0.21582 -0.88470 0.50210 0.50309 -0.70342 0.50197 -0.50290 -0.70364 0.43706 -0.56226 -0.70203 0.71414 0.00000 -0.70001 0.00000 0.87628 -0.48180 0.24829 0.46651 -0.84896 0.26146 0.82244 -0.50521 0.00000 0.87628 -0.48180 -0.00000 0.56402 -0.82576 0.24829 0.46651 -0.84896 -0.24829 0.46651 -0.84896 -0.00000 0.56402 -0.82576 0.00000 0.87628 -0.48180 -0.24829 0.46651 -0.84896 -0.00000 0.00002 -1.00000 -0.00000 0.56402 -0.82576 0.20740 0.48223 -0.85114 -0.06697 0.57066 -0.81845 0.06623 0.62670 -0.77644 0.20740 0.48223 -0.85114 0.41320 0.21582 -0.88470 -0.06697 0.57066 -0.81845 0.00000 0.89592 -0.44421 0.26146 0.82244 -0.50521 0.24580 0.82592 -0.50738 0.00000 0.89592 -0.44421 0.00000 0.87628 -0.48180 0.26146 0.82244 -0.50521 -0.26146 0.82244 -0.50521 0.00000 0.87628 -0.48180 0.00000 0.89592 -0.44421 -0.26146 0.82244 -0.50521 -0.24829 0.46651 -0.84896 0.00000 0.87628 -0.48180 0.16455 0.30267 0.93878 0.17682 0.26416 0.94813 0.15705 0.18840 0.96945 0.16455 0.30267 0.93878 0.12940 0.37658 0.91730 0.17682 0.26416 0.94813 0.09556 0.41028 0.90694 0.12940 0.37658 0.91730 0.16455 0.30267 0.93878 0.09556 0.41028 0.90694 -0.00000 0.47110 0.88208 0.12940 0.37658 0.91730 0.00000 0.47287 0.88113 -0.00000 0.47110 0.88208 0.09556 0.41028 0.90694 0.00000 0.47287 0.88113 -0.09556 0.41028 0.90694 -0.00000 0.47110 0.88208 0.59624 0.30473 0.74272 0.49383 0.40416 0.76993 0.30413 0.59285 0.74568 0.59624 0.30473 0.74272 0.41890 0.42958 0.79999 0.49383 0.40416 0.76993 0.52369 0.56558 0.63708 0.41890 0.42958 0.79999 0.59624 0.30473 0.74272 0.52369 0.56558 0.63708 0.37661 0.55747 0.73985 0.41890 0.42958 0.79999 0.42608 0.68521 0.59072 0.37661 0.55747 0.73985 0.52369 0.56558 0.63708 0.42608 0.68521 0.59072 0.21567 0.68001 0.70077 0.37661 0.55747 0.73985 0.24138 0.81646 0.52453 0.21567 0.68001 0.70077 0.42608 0.68521 0.59072 0.24138 0.81646 0.52453 0.00000 0.73998 0.67263 0.21567 0.68001 0.70077 0.00000 0.87174 0.48997 0.00000 0.73998 0.67263 0.24138 0.81646 0.52453 0.00000 0.87174 0.48997 -0.24138 0.81646 0.52453 0.00000 0.73998 0.67263 0.09755 0.81741 0.56774 0.16557 0.59129 0.78928 0.04029 0.71485 0.69812 0.09755 0.81741 0.56774 0.30413 0.59285 0.74568 0.16557 0.59129 0.78928 0.32151 -0.61415 0.72073 0.34638 -0.63941 0.68642 0.09773 -0.81734 0.56781 0.55400 0.57649 -0.60062 0.55844 0.61405 -0.55774 0.40454 0.39611 -0.82428 0.55400 0.57649 -0.60062 0.41519 0.69773 -0.58377 0.55844 0.61405 -0.55774 0.44120 0.67120 -0.59568 0.41519 0.69773 -0.58377 0.55400 0.57649 -0.60062 0.44120 0.67120 -0.59568 0.22809 0.80403 -0.54910 0.41519 0.69773 -0.58377 0.24658 0.79702 -0.55133 0.22809 0.80403 -0.54910 0.44120 0.67120 -0.59568 0.24658 0.79702 -0.55133 0.00000 0.83668 -0.54770 0.22809 0.80403 -0.54910 0.00000 0.83605 -0.54866 0.00000 0.83668 -0.54770 0.24658 0.79702 -0.55133 0.00000 0.83605 -0.54866 -0.24658 0.79702 -0.55133 0.00000 0.83668 -0.54770 0.36863 0.35918 -0.85738 0.41320 0.21582 -0.88470 0.20740 0.48223 -0.85114 0.36863 0.35918 -0.85738 0.50210 0.50309 -0.70342 0.41320 0.21582 -0.88470 0.35892 0.54438 -0.75817 0.50210 0.50309 -0.70342 0.36863 0.35918 -0.85738 0.35892 0.54438 -0.75817 0.40235 0.69723 -0.59328 0.50210 0.50309 -0.70342 0.23490 0.70678 -0.66729 0.40235 0.69723 -0.59328 0.35892 0.54438 -0.75817 0.23490 0.70678 -0.66729 0.24580 0.82592 -0.50738 0.40235 0.69723 -0.59328 -0.00000 0.80642 -0.59134 0.24580 0.82592 -0.50738 0.23490 0.70678 -0.66729 -0.00000 0.80642 -0.59134 0.00000 0.89592 -0.44421 0.24580 0.82592 -0.50738 -0.24580 0.82592 -0.50738 0.00000 0.89592 -0.44421 -0.00000 0.80642 -0.59134 0.15705 0.18840 0.96945 0.16557 0.59129 0.78928 0.12104 0.16158 0.97941 0.15705 0.18840 0.96945 0.16515 0.16505 0.97236 0.16557 0.59129 0.78928 0.17682 0.26416 0.94813 0.16515 0.16505 0.97236 0.15705 0.18840 0.96945 0.04029 0.71485 0.69812 -0.49759 0.46737 0.73073 0.09755 0.81741 0.56774 0.04029 0.71485 0.69812 -0.45136 0.56965 0.68686 -0.49759 0.46737 0.73073 -0.06697 0.57066 -0.81845 -0.41125 0.44745 -0.79415 0.06623 0.62670 -0.77644 -0.06697 0.57066 -0.81845 -0.47065 0.41242 -0.78000 -0.41125 0.44745 -0.79415 0.73690 -0.67600 0.00000 0.09773 -0.81734 0.56781 0.73691 -0.67600 0.00000 0.73690 -0.67600 0.00000 0.12283 -0.79016 -0.60046 0.09773 -0.81734 0.56781 -0.45136 0.56965 0.68686 -0.66211 -0.07983 0.74514 -0.49759 0.46737 0.73073 -0.45136 0.56965 0.68686 -0.67889 -0.03010 0.73362 -0.66211 -0.07983 0.74514 -0.47065 0.41242 -0.78000 -0.58529 -0.02461 -0.81045 -0.41125 0.44745 -0.79415 -0.47065 0.41242 -0.78000 -0.58540 -0.07087 -0.80764 -0.58529 -0.02461 -0.81045 0.99441 0.10555 0.00000 0.73691 -0.67600 0.00000 0.99441 0.10556 0.00000 0.99441 0.10555 0.00000 0.73690 -0.67600 0.00000 0.73691 -0.67600 0.00000 -0.53381 -0.32997 -0.77857 -0.58540 -0.07087 -0.80764 -0.53795 -0.33622 -0.77303 -0.53381 -0.32997 -0.77857 -0.58529 -0.02461 -0.81045 -0.58540 -0.07087 -0.80764 -0.61031 -0.36550 0.70281 -0.67889 -0.03010 0.73362 -0.62113 -0.36574 0.69313 -0.61031 -0.36550 0.70281 -0.66211 -0.07983 0.74514 -0.67889 -0.03010 0.73362 0.84800 0.53000 0.00000 0.99441 0.10556 0.00000 0.84800 0.53000 0.00000 0.84800 0.53000 0.00000 0.99441 0.10555 0.00000 0.99441 0.10556 0.00000 -0.00000 0.00002 -1.00000 0.46745 0.00000 -0.88402 0.24829 0.46651 -0.84896 -0.00000 0.00002 -1.00000 0.24830 -0.46644 -0.84899 0.46745 0.00000 -0.88402 0.26143 -0.82246 -0.50518 0.52813 -0.62050 -0.57971 0.24830 -0.46644 -0.84899 0.26143 -0.82246 -0.50518 0.24586 -0.82597 -0.50727 0.52813 -0.62050 -0.57971 0.40219 -0.69699 -0.59367 0.52813 -0.62050 -0.57971 0.24586 -0.82597 -0.50727 0.40219 -0.69699 -0.59367 0.50197 -0.50290 -0.70364 0.52813 -0.62050 -0.57971 0.24586 -0.82597 -0.50727 -0.00000 -0.80642 -0.59134 0.23489 -0.70675 -0.66733 0.24586 -0.82597 -0.50727 -0.00000 -0.89596 -0.44414 -0.00000 -0.80642 -0.59134 0.50197 -0.50290 -0.70364 0.35850 -0.54392 -0.75870 0.36834 -0.35895 -0.85760 0.50197 -0.50290 -0.70364 0.40219 -0.69699 -0.59367 0.35850 -0.54392 -0.75870 0.40219 -0.69699 -0.59367 0.23489 -0.70675 -0.66733 0.35850 -0.54392 -0.75870 0.40219 -0.69699 -0.59367 0.24586 -0.82597 -0.50727 0.23489 -0.70675 -0.66733 0.12283 -0.79016 -0.60046 0.20757 -0.48168 -0.85141 0.06707 -0.62709 -0.77606 0.12283 -0.79016 -0.60046 0.43706 -0.56226 -0.70203 0.20757 -0.48168 -0.85141 0.26143 -0.82246 -0.50518 -0.00000 -0.89596 -0.44414 0.24586 -0.82597 -0.50727 0.26143 -0.82246 -0.50518 0.00000 -0.87628 -0.48181 -0.00000 -0.89596 -0.44414 0.24830 -0.46644 -0.84899 0.00000 -0.87628 -0.48181 0.26143 -0.82246 -0.50518 0.24830 -0.46644 -0.84899 0.00000 -0.56414 -0.82568 0.00000 -0.87628 -0.48181 -0.00000 0.00002 -1.00000 0.00000 -0.56414 -0.82568 0.24830 -0.46644 -0.84899 -0.00000 0.00002 -1.00000 -0.24830 -0.46644 -0.84899 0.00000 -0.56414 -0.82568 -0.00010 -0.46660 0.88447 -0.00008 -0.77014 0.63788 0.21119 -0.69699 0.68527 -0.00010 -0.46660 0.88447 -0.21102 -0.69616 0.68617 -0.00008 -0.77014 0.63788 -0.12806 -0.37259 0.91912 -0.21102 -0.69616 0.68617 -0.00010 -0.46660 0.88447 -0.12806 -0.37259 0.91912 -0.33766 -0.58166 0.74004 -0.21102 -0.69616 0.68617 -0.17454 -0.26082 0.94948 -0.33766 -0.58166 0.74004 -0.12806 -0.37259 0.91912 -0.17454 -0.26082 0.94948 -0.41945 -0.48250 0.76893 -0.33766 -0.58166 0.74004 -0.16289 -0.16276 0.97313 -0.41945 -0.48250 0.76893 -0.17454 -0.26082 0.94948 -0.16289 -0.16276 0.97313 -0.32135 -0.61412 0.72083 -0.41945 -0.48250 0.76893 0.17554 -0.26232 0.94888 0.33801 -0.58232 0.73936 0.41988 -0.48295 0.76841 0.17554 -0.26232 0.94888 0.12872 -0.37457 0.91822 0.33801 -0.58232 0.73936 0.12872 -0.37457 0.91822 0.21119 -0.69699 0.68527 0.33801 -0.58232 0.73936 0.12872 -0.37457 0.91822 -0.00010 -0.46660 0.88447 0.21119 -0.69699 0.68527 0.41320 0.21582 -0.88470 0.36834 -0.35895 -0.85760 0.20757 -0.48168 -0.85141 0.41320 0.21582 -0.88470 0.50197 -0.50290 -0.70364 0.36834 -0.35895 -0.85760 0.16401 -0.16393 0.97274 0.41988 -0.48295 0.76841 0.32151 -0.61415 0.72073 0.16401 -0.16393 0.97274 0.17554 -0.26232 0.94888 0.41988 -0.48295 0.76841 -0.41094 -0.44668 -0.79473 0.12283 -0.79016 -0.60046 0.06707 -0.62709 -0.77606 -0.41094 -0.44668 -0.79473 -0.46994 -0.41220 -0.78054 0.12283 -0.79016 -0.60046 -0.58524 0.02458 -0.81049 -0.46994 -0.41220 -0.78054 -0.41094 -0.44668 -0.79473 -0.58524 0.02458 -0.81049 -0.58533 0.07083 -0.80770 -0.46994 -0.41220 -0.78054 -0.53352 0.32954 -0.77895 -0.58533 0.07083 -0.80770 -0.58524 0.02458 -0.81049 -0.53352 0.32954 -0.77895 -0.53759 0.33568 -0.77351 -0.58533 0.07083 -0.80770 -0.49710 -0.46703 0.73128 0.04132 -0.71513 0.69776 0.09773 -0.81734 0.56781 -0.49710 -0.46703 0.73128 -0.45147 -0.56831 0.68789 0.04132 -0.71513 0.69776 -0.66206 0.07975 0.74520 -0.45147 -0.56831 0.68789 -0.49710 -0.46703 0.73128 -0.66206 0.07975 0.74520 -0.67892 0.02991 0.73360 -0.45147 -0.56831 0.68789 -0.61031 0.36550 0.70281 -0.67892 0.02991 0.73360 -0.66206 0.07975 0.74520 -0.61031 0.36550 0.70281 -0.62113 0.36574 0.69313 -0.67892 0.02991 0.73360 0.73690 0.67600 0.00000 0.09755 0.81741 0.56774 0.41962 0.90770 0.00000 0.73690 0.67600 0.00000 0.73691 0.67599 0.00000 0.09755 0.81741 0.56774 0.99444 -0.10534 0.00000 0.73691 0.67599 0.00000 0.73690 0.67600 0.00000 0.99444 -0.10534 0.00000 0.99443 -0.10541 0.00014 0.73691 0.67599 0.00000 0.84806 -0.52990 0.00066 0.99443 -0.10541 0.00014 0.99444 -0.10534 0.00000 0.84806 -0.52990 0.00066 0.84800 -0.53000 0.00091 0.99443 -0.10541 0.00014 0.40016 0.33910 -0.85140 0.40454 0.39611 -0.82428 0.43206 0.26822 -0.86103 0.40016 0.33910 -0.85140 0.55400 0.57649 -0.60062 0.40454 0.39611 -0.82428 0.34638 -0.63941 0.68642 0.41988 -0.48295 0.76841 0.54278 -0.62818 0.55748 0.34638 -0.63941 0.68642 0.32151 -0.61415 0.72073 0.41988 -0.48295 0.76841 -0.26146 0.82244 -0.50521 -0.52810 0.62052 -0.57972 -0.24829 0.46651 -0.84896 -0.26146 0.82244 -0.50521 -0.24580 0.82592 -0.50738 -0.52810 0.62052 -0.57972 -0.52810 0.62052 -0.57972 -0.46745 0.00000 -0.88402 -0.24829 0.46651 -0.84896 -0.52810 0.62052 -0.57972 -0.71414 0.00000 -0.70001 -0.46745 0.00000 -0.88402 -0.50197 0.50301 -0.70357 -0.71414 0.00000 -0.70001 -0.52810 0.62052 -0.57972 -0.50197 0.50301 -0.70357 -0.41320 0.21581 -0.88470 -0.71414 0.00000 -0.70001 -0.40235 0.69723 -0.59328 -0.52810 0.62052 -0.57972 -0.24580 0.82592 -0.50738 -0.40235 0.69723 -0.59328 -0.50197 0.50301 -0.70357 -0.52810 0.62052 -0.57972 -0.23490 0.70678 -0.66729 -0.24580 0.82592 -0.50738 -0.00000 0.80642 -0.59134 -0.23490 0.70678 -0.66729 -0.40235 0.69723 -0.59328 -0.24580 0.82592 -0.50738 -0.35890 0.54436 -0.75819 -0.40235 0.69723 -0.59328 -0.23490 0.70678 -0.66729 -0.35890 0.54436 -0.75819 -0.50197 0.50301 -0.70357 -0.40235 0.69723 -0.59328 -0.36837 0.35894 -0.85759 -0.50197 0.50301 -0.70357 -0.35890 0.54436 -0.75819 -0.36837 0.35894 -0.85759 -0.41320 0.21581 -0.88470 -0.50197 0.50301 -0.70357 -0.20744 0.48218 -0.85116 -0.41320 0.21581 -0.88470 -0.36837 0.35894 -0.85759 0.06692 0.57074 -0.81840 -0.20744 0.48218 -0.85116 -0.06629 0.62673 -0.77641 0.06692 0.57074 -0.81840 -0.41320 0.21581 -0.88470 -0.20744 0.48218 -0.85116 -0.20762 -0.48163 -0.85143 -0.43706 -0.56226 -0.70203 -0.12287 -0.79020 -0.60041 -0.09556 0.41028 0.90694 -0.12940 0.37658 0.91730 -0.00000 0.47110 0.88208 -0.09556 0.41028 0.90694 -0.16455 0.30267 0.93878 -0.12940 0.37658 0.91730 -0.15691 0.18826 0.96950 -0.16499 0.16484 0.97242 -0.17681 0.26414 0.94814 -0.15691 0.18826 0.96950 -0.23753 0.63402 0.73593 -0.16499 0.16484 0.97242 -0.12633 0.19150 0.97333 -0.23753 0.63402 0.73593 -0.15691 0.18826 0.96950 -0.16455 0.30267 0.93878 -0.17681 0.26414 0.94814 -0.12940 0.37658 0.91730 -0.16455 0.30267 0.93878 -0.15691 0.18826 0.96950 -0.17681 0.26414 0.94814 -0.24658 0.79702 -0.55133 -0.22809 0.80403 -0.54910 0.00000 0.83668 -0.54770 -0.24658 0.79702 -0.55133 -0.44114 0.67126 -0.59566 -0.22809 0.80403 -0.54910 -0.56749 0.58074 -0.58369 -0.55799 0.61366 -0.55862 -0.41513 0.69774 -0.58380 -0.56749 0.58074 -0.58369 -0.51058 0.49953 -0.69984 -0.55799 0.61366 -0.55862 -0.49865 0.49545 -0.71125 -0.51058 0.49953 -0.69984 -0.56749 0.58074 -0.58369 -0.44114 0.67126 -0.59566 -0.41513 0.69774 -0.58380 -0.22809 0.80403 -0.54910 -0.44114 0.67126 -0.59566 -0.56749 0.58074 -0.58369 -0.41513 0.69774 -0.58380 -0.24138 0.81646 0.52453 -0.21567 0.68001 0.70077 0.00000 0.73998 0.67263 -0.24138 0.81646 0.52453 -0.42608 0.68521 0.59072 -0.21567 0.68001 0.70077 -0.52357 0.56551 0.63724 -0.42885 0.43558 0.79143 -0.37659 0.55745 0.73988 -0.52357 0.56551 0.63724 -0.61522 0.36563 0.69844 -0.42885 0.43558 0.79143 -0.42608 0.68521 0.59072 -0.37659 0.55745 0.73988 -0.21567 0.68001 0.70077 -0.42608 0.68521 0.59072 -0.52357 0.56551 0.63724 -0.37659 0.55745 0.73988 -0.23753 0.63402 0.73593 -0.09755 0.81741 0.56774 -0.04031 0.71489 0.69808 -0.23753 0.63402 0.73593 -0.38867 0.60506 0.69486 -0.09755 0.81741 0.56774 -0.48177 0.61441 0.62482 -0.38867 0.60506 0.69486 -0.23753 0.63402 0.73593 -0.48177 0.61441 0.62482 -0.61522 0.36563 0.69844 -0.38867 0.60506 0.69486 -0.48177 0.61441 0.62482 -0.42885 0.43558 0.79143 -0.61522 0.36563 0.69844 0.41215 0.44752 -0.79364 0.06692 0.57074 -0.81840 -0.06629 0.62673 -0.77641 0.41215 0.44752 -0.79364 0.47120 0.41285 -0.77944 0.06692 0.57074 -0.81840 0.58543 -0.02468 -0.81035 0.47120 0.41285 -0.77944 0.41215 0.44752 -0.79364 0.58543 -0.02468 -0.81035 0.58540 -0.07087 -0.80764 0.47120 0.41285 -0.77944 0.53381 -0.32997 -0.77857 0.58540 -0.07087 -0.80764 0.58543 -0.02468 -0.81035 0.53381 -0.32997 -0.77857 0.53795 -0.33622 -0.77303 0.58540 -0.07087 -0.80764 0.49797 0.46808 0.73002 -0.04031 0.71489 0.69808 -0.09755 0.81741 0.56774 0.49797 0.46808 0.73002 0.45194 0.56981 0.68635 -0.04031 0.71489 0.69808 0.66225 -0.08002 0.74500 0.45194 0.56981 0.68635 0.49797 0.46808 0.73002 0.66225 -0.08002 0.74500 0.67881 -0.03060 0.73367 0.45194 0.56981 0.68635 0.61031 -0.36550 0.70281 0.67881 -0.03060 0.73367 0.66225 -0.08002 0.74500 0.61031 -0.36550 0.70281 0.62113 -0.36574 0.69313 0.67881 -0.03060 0.73367 -0.99441 0.10556 0.00000 -0.84800 0.53000 0.00000 -0.84800 0.53000 0.00000 -0.99441 0.10556 0.00000 -0.99441 0.10555 0.00000 -0.84800 0.53000 0.00000 -0.73691 -0.67600 0.00000 -0.99441 0.10555 0.00000 -0.99441 0.10556 0.00000 -0.73691 -0.67600 0.00000 -0.73690 -0.67600 0.00000 -0.99441 0.10555 0.00000 -0.09773 -0.81734 0.56781 -0.73690 -0.67600 0.00000 -0.73691 -0.67600 0.00000 -0.09773 -0.81734 0.56781 -0.12287 -0.79020 -0.60041 -0.73690 -0.67600 0.00000 -0.73690 0.67600 0.00000 -0.41962 0.90770 0.00000 -0.09755 0.81741 0.56774 -0.46745 0.00000 -0.88402 -0.00000 0.00002 -1.00000 -0.24829 0.46651 -0.84896 -0.46745 0.00000 -0.88402 -0.24830 -0.46644 -0.84899 -0.00000 0.00002 -1.00000 -0.52813 -0.62050 -0.57971 -0.24830 -0.46644 -0.84899 -0.46745 0.00000 -0.88402 -0.52813 -0.62050 -0.57971 -0.26143 -0.82246 -0.50518 -0.24830 -0.46644 -0.84899 -0.52813 -0.62050 -0.57971 -0.24586 -0.82597 -0.50727 -0.26143 -0.82246 -0.50518 -0.40219 -0.69699 -0.59367 -0.24586 -0.82597 -0.50727 -0.52813 -0.62050 -0.57971 -0.71414 0.00000 -0.70001 -0.52813 -0.62050 -0.57971 -0.46745 0.00000 -0.88402 -0.71414 0.00000 -0.70001 -0.50185 -0.50282 -0.70379 -0.52813 -0.62050 -0.57971 -0.43706 -0.56226 -0.70203 -0.50185 -0.50282 -0.70379 -0.71414 0.00000 -0.70001 -0.24830 -0.46644 -0.84899 0.00000 -0.87628 -0.48181 0.00000 -0.56414 -0.82568 -0.24830 -0.46644 -0.84899 -0.26143 -0.82246 -0.50518 0.00000 -0.87628 -0.48181 -0.24586 -0.82597 -0.50727 -0.00000 -0.80642 -0.59134 -0.00000 -0.89596 -0.44414 -0.24586 -0.82597 -0.50727 -0.23489 -0.70675 -0.66733 -0.00000 -0.80642 -0.59134 -0.40219 -0.69699 -0.59367 -0.23489 -0.70675 -0.66733 -0.24586 -0.82597 -0.50727 -0.40219 -0.69699 -0.59367 -0.35848 -0.54390 -0.75873 -0.23489 -0.70675 -0.66733 -0.50185 -0.50282 -0.70379 -0.35848 -0.54390 -0.75873 -0.40219 -0.69699 -0.59367 -0.50185 -0.50282 -0.70379 -0.36808 -0.35871 -0.85781 -0.35848 -0.54390 -0.75873 -0.41320 0.21581 -0.88470 -0.36808 -0.35871 -0.85781 -0.50185 -0.50282 -0.70379 -0.41320 0.21581 -0.88470 -0.20762 -0.48163 -0.85143 -0.36808 -0.35871 -0.85781 -0.26143 -0.82246 -0.50518 -0.00000 -0.89596 -0.44414 0.00000 -0.87628 -0.48181 -0.26143 -0.82246 -0.50518 -0.24586 -0.82597 -0.50727 -0.00000 -0.89596 -0.44414 -0.32135 -0.61412 0.72083 -0.09773 -0.81734 0.56781 -0.34630 -0.63948 0.68640 -0.32135 -0.61412 0.72083 -0.04134 -0.71517 0.69772 -0.09773 -0.81734 0.56781 -0.34630 -0.63948 0.68640 -0.41945 -0.48250 0.76893 -0.32135 -0.61412 0.72083 -0.34630 -0.63948 0.68640 -0.54273 -0.62833 0.55735 -0.41945 -0.48250 0.76893 -0.04134 -0.71517 0.69772 0.49748 -0.46774 0.73057 -0.09773 -0.81734 0.56781 -0.04134 -0.71517 0.69772 0.45205 -0.56848 0.68738 0.49748 -0.46774 0.73057 -0.12287 -0.79020 -0.60041 0.41185 -0.44675 -0.79423 -0.06712 -0.62711 -0.77603 -0.12287 -0.79020 -0.60041 0.47049 -0.41263 -0.77998 0.41185 -0.44675 -0.79423 -0.73691 0.67599 0.00000 -0.73690 0.67600 0.00000 -0.09755 0.81741 0.56774 -0.73691 0.67599 0.00000 -0.99444 -0.10534 0.00000 -0.73690 0.67600 0.00000 -0.99443 -0.10541 0.00014 -0.99444 -0.10534 0.00000 -0.73691 0.67599 0.00000 -0.99443 -0.10541 0.00014 -0.84806 -0.52990 0.00066 -0.99444 -0.10534 0.00000 -0.84800 -0.53000 0.00091 -0.84806 -0.52990 0.00066 -0.99443 -0.10541 0.00014 0.45205 -0.56848 0.68738 0.66220 0.07994 0.74505 0.49748 -0.46774 0.73057 0.45205 -0.56848 0.68738 0.67884 0.03040 0.73365 0.66220 0.07994 0.74505 0.47049 -0.41263 -0.77998 0.58538 0.02465 -0.81039 0.41185 -0.44675 -0.79423 0.47049 -0.41263 -0.77998 0.58533 0.07083 -0.80770 0.58538 0.02465 -0.81039 0.53352 0.32954 -0.77895 0.58533 0.07083 -0.80770 0.53759 0.33568 -0.77351 0.53352 0.32954 -0.77895 0.58538 0.02465 -0.81039 0.58533 0.07083 -0.80770 0.61031 0.36550 0.70281 0.67884 0.03040 0.73365 0.62113 0.36574 0.69313 0.61031 0.36550 0.70281 0.66220 0.07994 0.74505 0.67884 0.03040 0.73365 0.27939 0.83738 0.46983 0.24138 0.81646 0.52453 0.42608 0.68521 0.59072 0.27939 0.83738 0.46983 0.00000 0.91164 0.41099 0.24138 0.81646 0.52453 0.00000 0.62378 0.78160 0.00000 0.91164 0.41099 0.27939 0.83738 0.46983 0.00000 0.62378 0.78160 -0.27939 0.83738 0.46983 0.00000 0.91164 0.41099 -0.25292 0.52195 0.81462 -0.27939 0.83738 0.46983 0.00000 0.62378 0.78160 -0.25292 0.52195 0.81462 -0.52203 0.58742 0.61841 -0.27939 0.83738 0.46983 -0.36992 0.23783 0.89811 -0.52203 0.58742 0.61841 -0.25292 0.52195 0.81462 -0.36992 0.23783 0.89811 -0.59463 -0.00574 0.80398 -0.52203 0.58742 0.61841 -0.37105 -0.16886 0.91313 -0.59463 -0.00574 0.80398 -0.36992 0.23783 0.89811 -0.37105 -0.16886 0.91313 -0.50668 -0.59533 0.62358 -0.59463 -0.00574 0.80398 -0.26448 -0.51178 0.81740 -0.50668 -0.59533 0.62358 -0.37105 -0.16886 0.91313 -0.26448 -0.51178 0.81740 -0.28064 -0.84312 0.45867 -0.50668 -0.59533 0.62358 -0.00000 -0.90850 0.41788 -0.28064 -0.84312 0.45867 -0.26448 -0.51178 0.81740 -0.00000 -0.90850 0.41788 -0.00008 -0.77014 0.63788 -0.28064 -0.84312 0.45867 0.28062 -0.84311 0.45871 -0.00008 -0.77014 0.63788 -0.00000 -0.90850 0.41788 0.28062 -0.84311 0.45871 0.21119 -0.69699 0.68527 -0.00008 -0.77014 0.63788 0.50666 -0.59530 0.62363 0.21119 -0.69699 0.68527 0.28062 -0.84311 0.45871 0.50666 -0.59530 0.62363 0.33801 -0.58232 0.73936 0.21119 -0.69699 0.68527 0.41988 -0.48295 0.76841 0.33801 -0.58232 0.73936 0.50666 -0.59530 0.62363 0.52203 0.58742 0.61841 0.59624 0.30473 0.74272 0.59463 -0.00574 0.80398 0.52203 0.58742 0.61841 0.52369 0.56558 0.63708 0.59624 0.30473 0.74272 0.42608 0.68521 0.59072 0.52369 0.56558 0.63708 0.52203 0.58742 0.61841 0.00000 0.91164 0.41099 0.00000 0.87174 0.48997 0.24138 0.81646 0.52453 0.00000 0.91164 0.41099 -0.24138 0.81646 0.52453 0.00000 0.87174 0.48997 -0.27939 0.83738 0.46983 -0.24138 0.81646 0.52453 0.00000 0.91164 0.41099 -0.27939 0.83738 0.46983 -0.42608 0.68521 0.59072 -0.24138 0.81646 0.52453 -0.52203 0.58742 0.61841 -0.42608 0.68521 0.59072 -0.27939 0.83738 0.46983 -0.52203 0.58742 0.61841 -0.52357 0.56551 0.63724 -0.42608 0.68521 0.59072 -0.61522 0.36563 0.69844 -0.52357 0.56551 0.63724 -0.52203 0.58742 0.61841 0.36992 0.23783 0.89811 0.52203 0.58742 0.61841 0.59463 -0.00574 0.80398 0.36992 0.23783 0.89811 0.25292 0.52195 0.81462 0.52203 0.58742 0.61841 0.27939 0.83738 0.46983 0.52203 0.58742 0.61841 0.25292 0.52195 0.81462 0.27939 0.83738 0.46983 0.42608 0.68521 0.59072 0.52203 0.58742 0.61841 0.26448 -0.51178 0.81740 0.50666 -0.59530 0.62363 0.28062 -0.84311 0.45871 0.26448 -0.51178 0.81740 0.37105 -0.16886 0.91313 0.50666 -0.59530 0.62363 0.00000 -0.00693 0.99998 0.37105 -0.16886 0.91313 0.26448 -0.51178 0.81740 -0.59463 -0.00574 0.80398 -0.61522 0.36563 0.69844 -0.52203 0.58742 0.61841 -0.59463 -0.00574 0.80398 -0.50668 -0.59533 0.62358 -0.61522 0.36563 0.69844 -0.21102 -0.69616 0.68617 -0.28064 -0.84312 0.45867 -0.00008 -0.77014 0.63788 -0.21102 -0.69616 0.68617 -0.50668 -0.59533 0.62358 -0.28064 -0.84312 0.45867 -0.33766 -0.58166 0.74004 -0.50668 -0.59533 0.62358 -0.21102 -0.69616 0.68617 -0.33766 -0.58166 0.74004 -0.41945 -0.48250 0.76893 -0.50668 -0.59533 0.62358 0.00000 -0.00693 0.99998 -0.25292 0.52195 0.81462 0.00000 0.62378 0.78160 0.00000 -0.00693 0.99998 -0.36992 0.23783 0.89811 -0.25292 0.52195 0.81462 -0.37105 -0.16886 0.91313 -0.36992 0.23783 0.89811 0.00000 -0.00693 0.99998 0.00000 -0.00693 0.99998 -0.26448 -0.51178 0.81740 -0.37105 -0.16886 0.91313 0.00000 -0.00693 0.99998 0.00000 -0.64563 0.76365 -0.26448 -0.51178 0.81740 0.26448 -0.51178 0.81740 0.00000 -0.64563 0.76365 0.00000 -0.00693 0.99998 0.26448 -0.51178 0.81740 -0.00000 -0.90850 0.41788 0.00000 -0.64563 0.76365 0.28062 -0.84311 0.45871 -0.00000 -0.90850 0.41788 0.26448 -0.51178 0.81740 0.50666 -0.59530 0.62363 0.54278 -0.62818 0.55748 0.41988 -0.48295 0.76841 0.50666 -0.59530 0.62363 0.59463 -0.00574 0.80398 0.59624 0.30473 0.74272 0.37105 -0.16886 0.91313 0.59463 -0.00574 0.80398 0.50666 -0.59530 0.62363 0.37105 -0.16886 0.91313 0.36992 0.23783 0.89811 0.59463 -0.00574 0.80398 0.00000 -0.00693 0.99998 0.36992 0.23783 0.89811 0.37105 -0.16886 0.91313 0.00000 -0.00693 0.99998 0.25292 0.52195 0.81462 0.36992 0.23783 0.89811 0.00000 0.62378 0.78160 0.25292 0.52195 0.81462 0.00000 -0.00693 0.99998 0.00000 0.62378 0.78160 0.27939 0.83738 0.46983 0.25292 0.52195 0.81462 -0.00101 -0.00711 -0.99997 -0.00098 -0.00712 -0.99997 -0.00166 -0.00549 -0.99998 -0.00719 -0.00720 -0.99995 -0.00718 -0.00721 -0.99995 -0.00625 -0.00583 -0.99996 0.00085 -0.00290 1.00000 0.00180 -0.00744 0.99997 0.00425 -0.00669 0.99997 0.00485 -0.01805 -0.99983 0.00495 -0.01843 -0.99982 0.00000 0.00000 -1.00000 0.00167 -0.00157 1.00000 0.00515 -0.00520 0.99997 0.00783 -0.00385 0.99996 0.01289 -0.01218 -0.99984 0.01486 -0.01405 -0.99979 0.00000 0.00000 -1.00000 0.00190 0.00405 -0.99999 0.00504 -0.00242 -0.99998 -0.00000 0.00113 -1.00000 -0.00000 0.00551 -0.99998 -0.00043 0.00725 -0.99997 0.00190 0.00405 -0.99999 0.00000 -0.00261 -1.00000 0.00000 0.00015 -1.00000 -0.00000 -0.00243 -1.00000 -0.00000 0.00582 0.99998 0.00322 0.00803 0.99996 0.00008 0.00413 0.99999 -0.00000 -0.00244 1.00000 0.00000 0.00000 1.00000 0.00001 -0.00231 1.00000 -0.00047 0.00160 1.00000 -0.00143 0.00520 0.99999 -0.00387 0.00516 0.99998 -0.00437 0.01663 -0.99985 -0.00581 0.02209 -0.99974 0.00000 0.00000 -1.00000 -0.00197 0.00188 1.00000 -0.00604 0.00561 0.99997 -0.00876 0.00362 0.99996 -0.01465 0.01382 -0.99980 -0.01313 0.01238 -0.99984 0.00000 0.00000 -1.00000 0.00185 0.00723 -0.99997 0.00185 0.00723 -0.99997 0.00189 0.00738 -0.99997 0.00697 0.00668 -0.99995 0.00697 0.00668 -0.99995 0.00562 0.00538 -0.99997 0.40235 0.69723 -0.59328 0.52810 0.62052 -0.57972 0.50210 0.50309 -0.70342 0.12104 0.16158 0.97941 0.16557 0.59129 0.78928 0.30413 0.59285 0.74568 -0.76773 0.64078 0.00000 -0.76773 0.64078 0.00000 -0.76773 0.64078 0.00000 0.24829 0.46651 -0.84896 -0.00000 0.56402 -0.82576 -0.00000 0.00002 -1.00000 0.46745 0.00000 -0.88402 0.24830 -0.46644 -0.84899 0.52813 -0.62050 -0.57971 0.09773 -0.81734 0.56781 0.04132 -0.71513 0.69776 0.32151 -0.61415 0.72073 -0.76842 -0.63995 0.00110 -0.76842 -0.63995 0.00110 -0.76842 -0.63995 0.00110 0.00000 0.89592 -0.44421 -0.24580 0.82592 -0.50738 -0.26146 0.82244 -0.50521 -0.23753 0.63402 0.73593 -0.12633 0.19150 0.97333 -0.48177 0.61441 0.62482 0.76773 0.64078 0.00000 0.76773 0.64078 0.00000 0.76773 0.64078 0.00000 -0.12287 -0.79020 -0.60041 -0.06712 -0.62711 -0.77603 -0.20762 -0.48163 -0.85143 -0.40219 -0.69699 -0.59367 -0.52813 -0.62050 -0.57971 -0.50185 -0.50282 -0.70379 0.76842 -0.63995 0.00110 0.76842 -0.63995 0.00110 -0.54273 -0.62833 0.55735 -0.50668 -0.59533 0.62358 -0.41945 -0.48250 0.76893 -0.26448 -0.51178 0.81740 0.00000 -0.64563 0.76365 -0.00000 -0.90850 0.41788</float_array>
     <technique_common>
      <accessor count="1991" source="#realb29_1-lib-normals-array" stride="3">
       <param name="X" type="float"/>
       <param name="Y" type="float"/>
       <param name="Z" type="float"/>
      </accessor>
     </technique_common>
    </source>
    <source id="realb29_1-lib-texcoords">
     <float_array id="realb29_1-lib-texcoords-array" count="4008">0.07520 -0.77051 0.05273 -0.69531 0.07520 -0.69531 0.07520 -0.77051 0.05273 -0.77051 0.05273 -0.69531 0.07520 -0.80762 0.05273 -0.77051 0.07520 -0.77051 0.07520 -0.80762 0.05273 -0.80762 0.05273 -0.77051 0.07520 -0.83789 0.05273 -0.80762 0.07520 -0.80762 0.07520 -0.83789 0.05273 -0.83789 0.05273 -0.80762 0.07520 -0.99707 0.05273 -0.83789 0.07520 -0.83789 0.07520 -0.99707 0.05273 -0.99707 0.05273 -0.83789 0.03125 -0.99707 0.05273 -0.99707 0.07520 -0.99707 0.03125 -0.99707 0.05273 -0.83789 0.05273 -0.99707 0.03125 -0.83789 0.05273 -0.83789 0.03125 -0.99707 0.03125 -0.83789 0.05273 -0.80762 0.05273 -0.83789 0.03125 -0.80762 0.05273 -0.80762 0.03125 -0.83789 0.03125 -0.80762 0.03125 -0.77051 0.05273 -0.80762 0.07520 -0.77051 0.03125 -0.77051 0.03125 -0.80762 0.07520 -0.77051 0.07520 -0.69531 0.03125 -0.77051 0.05273 -0.77051 0.03125 -0.69531 0.05273 -0.69531 0.05273 -0.77051 0.03125 -0.77051 0.03125 -0.69531 0.05273 -0.80762 0.03125 -0.77051 0.05273 -0.77051 0.03125 -0.83789 0.07520 -0.83789 0.07520 -0.80762 0.03125 -0.83789 0.07520 -0.99707 0.07520 -0.83789 0.03125 -0.99707 0.07520 -0.99707 0.03125 -0.83789 0.03125 -0.80762 0.07520 -0.80762 0.07520 -0.77051 0.03125 -0.80762 0.03125 -0.83789 0.07520 -0.80762 0.07520 -0.77051 0.05273 -0.69531 0.07520 -0.69531 0.07520 -0.77051 0.05273 -0.77051 0.05273 -0.69531 0.07520 -0.80762 0.05273 -0.77051 0.07520 -0.77051 0.07520 -0.80762 0.05273 -0.80762 0.05273 -0.77051 0.07520 -0.83789 0.05273 -0.80762 0.07520 -0.80762 0.07520 -0.83789 0.05273 -0.83789 0.05273 -0.80762 0.07520 -0.99707 0.05273 -0.83789 0.07520 -0.83789 0.07520 -0.99707 0.05273 -0.99707 0.05273 -0.83789 0.03125 -0.99707 0.05273 -0.99707 0.07520 -0.99707 0.03125 -0.99707 0.05273 -0.83789 0.05273 -0.99707 0.03125 -0.83789 0.05273 -0.83789 0.03125 -0.99707 0.03125 -0.83789 0.05273 -0.80762 0.05273 -0.83789 0.03125 -0.80762 0.05273 -0.80762 0.03125 -0.83789 0.03125 -0.80762 0.03125 -0.77051 0.05273 -0.80762 0.07520 -0.77051 0.03125 -0.77051 0.03125 -0.80762 0.07520 -0.77051 0.07520 -0.69531 0.03125 -0.77051 0.05273 -0.77051 0.03125 -0.69531 0.05273 -0.69531 0.05273 -0.77051 0.03125 -0.77051 0.03125 -0.69531 0.05273 -0.80762 0.03125 -0.77051 0.05273 -0.77051 0.03125 -0.83789 0.07520 -0.83789 0.07520 -0.80762 0.03125 -0.83789 0.07520 -0.99707 0.07520 -0.83789 0.03125 -0.99707 0.07520 -0.99707 0.03125 -0.83789 0.03125 -0.80762 0.07520 -0.80762 0.07520 -0.77051 0.03125 -0.80762 0.03125 -0.83789 0.07520 -0.80762 0.07520 -0.77051 0.07520 -0.69531 0.05273 -0.69531 0.07520 -0.77051 0.03125 -0.77051 0.07520 -0.69531 0.03125 -0.80762 0.03125 -0.77051 0.07520 -0.77051 0.03125 -0.80762 0.05273 -0.80762 0.03125 -0.77051 0.03125 -0.83789 0.05273 -0.80762 0.03125 -0.80762 0.03125 -0.83789 0.05273 -0.83789 0.05273 -0.80762 0.03125 -0.99707 0.05273 -0.83789 0.03125 -0.83789 0.03125 -0.99707 0.05273 -0.99707 0.05273 -0.83789 0.07520 -0.99707 0.05273 -0.99707 0.03125 -0.99707 0.07520 -0.99707 0.05273 -0.83789 0.05273 -0.99707 0.07520 -0.83789 0.05273 -0.83789 0.07520 -0.99707 0.07520 -0.83789 0.05273 -0.80762 0.05273 -0.83789 0.07520 -0.80762 0.05273 -0.80762 0.07520 -0.83789 0.07520 -0.80762 0.05273 -0.77051 0.05273 -0.80762 0.07520 -0.77051 0.05273 -0.77051 0.07520 -0.80762 0.07520 -0.77051 0.05273 -0.69531 0.05273 -0.77051 0.03125 -0.69531 0.05273 -0.77051 0.05273 -0.69531 0.03125 -0.69531 0.03125 -0.77051 0.05273 -0.77051 0.07520 -0.69531 0.03125 -0.77051 0.03125 -0.69531 0.07520 -0.80762 0.03125 -0.80762 0.07520 -0.77051 0.07520 -0.80762 0.03125 -0.83789 0.03125 -0.80762 0.07520 -0.83789 0.03125 -0.83789 0.07520 -0.80762 0.07520 -0.83789 0.07520 -0.99707 0.03125 -0.83789 0.07520 -0.77051 0.07520 -0.69531 0.05273 -0.69531 0.07520 -0.77051 0.03125 -0.77051 0.07520 -0.69531 0.03125 -0.80762 0.03125 -0.77051 0.07520 -0.77051 0.03125 -0.80762 0.05273 -0.80762 0.03125 -0.77051 0.03125 -0.83789 0.05273 -0.80762 0.03125 -0.80762 0.03125 -0.83789 0.05273 -0.83789 0.05273 -0.80762 0.03125 -0.99707 0.05273 -0.83789 0.03125 -0.83789 0.03125 -0.99707 0.05273 -0.99707 0.05273 -0.83789 0.07520 -0.99707 0.05273 -0.99707 0.03125 -0.99707 0.07520 -0.99707 0.05273 -0.83789 0.05273 -0.99707 0.07520 -0.83789 0.05273 -0.83789 0.07520 -0.99707 0.07520 -0.83789 0.05273 -0.80762 0.05273 -0.83789 0.07520 -0.80762 0.05273 -0.80762 0.07520 -0.83789 0.07520 -0.80762 0.05273 -0.77051 0.05273 -0.80762 0.07520 -0.77051 0.05273 -0.77051 0.07520 -0.80762 0.07520 -0.77051 0.05273 -0.69531 0.05273 -0.77051 0.03125 -0.69531 0.05273 -0.77051 0.05273 -0.69531 0.03125 -0.69531 0.03125 -0.77051 0.05273 -0.77051 0.07520 -0.69531 0.03125 -0.77051 0.03125 -0.69531 0.07520 -0.80762 0.03125 -0.80762 0.07520 -0.77051 0.07520 -0.80762 0.03125 -0.83789 0.03125 -0.80762 0.07520 -0.83789 0.03125 -0.83789 0.07520 -0.80762 0.07520 -0.83789 0.07520 -0.99707 0.03125 -0.83789 0.61914 -0.85449 0.61328 -0.83984 0.72949 -0.51855 0.61914 -0.85449 0.70215 -0.99805 0.61328 -0.83984 0.56055 -0.99805 0.70215 -0.99805 0.61914 -0.85449 0.62891 -0.39648 0.72949 -0.51855 0.76562 -0.18066 0.62891 -0.39648 0.61914 -0.85449 0.72949 -0.51855 0.52832 -0.51855 0.61914 -0.85449 0.62891 -0.39648 0.52832 -0.51855 0.58887 -0.85254 0.61914 -0.85449 0.62891 -0.00586 0.76465 -0.17480 0.72754 -0.04492 0.62891 -0.00586 0.62891 -0.39648 0.76465 -0.17480 0.50098 -0.18262 0.62891 -0.39648 0.62891 -0.00586 0.61914 -0.85449 0.61328 -0.83984 0.72949 -0.51855 0.61914 -0.85449 0.70215 -0.99805 0.61328 -0.83984 0.56055 -0.99805 0.70215 -0.99805 0.61914 -0.85449 0.52832 -0.51855 0.62891 -0.39648 0.49219 -0.18066 0.52832 -0.51855 0.58887 -0.85254 0.62891 -0.39648 0.62891 -0.39648 0.72949 -0.51855 0.76562 -0.18066 0.62891 -0.39648 0.61914 -0.85449 0.72949 -0.51855 0.58887 -0.85254 0.61914 -0.85449 0.62891 -0.39648 0.58887 -0.85254 0.56055 -0.99805 0.61914 -0.85449 0.62891 -0.39648 0.53223 -0.05078 0.50098 -0.18262 0.62891 -0.39648 0.62891 -0.00586 0.53223 -0.05078 0.76465 -0.17480 0.62891 -0.00586 0.62891 -0.39648 0.76465 -0.17480 0.72754 -0.04492 0.62891 -0.00586 0.72949 -0.51855 0.62891 -0.39648 0.76562 -0.18066 0.72949 -0.51855 0.61426 -0.85449 0.62891 -0.39648 0.60938 -0.83984 0.61426 -0.85449 0.72949 -0.51855 0.60938 -0.83984 0.69727 -0.99805 0.61426 -0.85449 0.75684 -0.18262 0.62891 -0.00586 0.72559 -0.05078 0.75684 -0.18262 0.62891 -0.39648 0.62891 -0.00586 0.62891 -0.39648 0.52832 -0.51855 0.49219 -0.18066 0.62891 -0.39648 0.58398 -0.85254 0.52832 -0.51855 0.61426 -0.85449 0.58398 -0.85254 0.62891 -0.39648 0.61426 -0.85449 0.55566 -0.99805 0.58398 -0.85254 0.69727 -0.99805 0.55566 -0.99805 0.61426 -0.85449 0.72949 -0.51855 0.62891 -0.39648 0.76562 -0.18066 0.72949 -0.51855 0.61426 -0.85449 0.62891 -0.39648 0.60938 -0.83984 0.61426 -0.85449 0.72949 -0.51855 0.60938 -0.83984 0.69727 -0.99805 0.61426 -0.85449 0.53027 -0.04492 0.62891 -0.39648 0.49316 -0.17480 0.53027 -0.04492 0.62891 -0.00586 0.62891 -0.39648 0.62891 -0.00586 0.75684 -0.18262 0.62891 -0.39648 0.62891 -0.00586 0.72559 -0.05078 0.75684 -0.18262 0.61426 -0.85449 0.58398 -0.85254 0.52832 -0.51855 0.61426 -0.85449 0.55566 -0.99805 0.58398 -0.85254 0.69727 -0.99805 0.55566 -0.99805 0.61426 -0.85449 0.62891 -0.39648 0.52832 -0.51855 0.49219 -0.18066 0.62891 -0.39648 0.61426 -0.85449 0.52832 -0.51855 0.62891 -0.00586 0.49316 -0.17480 0.53027 -0.04492 0.62891 -0.00586 0.62891 -0.39648 0.49316 -0.17480 0.95312 -0.16504 0.85449 0.00293 0.94141 -0.03906 0.95312 -0.16504 0.83594 -0.31836 0.85449 0.00293 0.92383 -0.46973 0.83594 -0.31836 0.95312 -0.16504 0.92383 -0.46973 0.83594 -0.83691 0.83594 -0.31836 0.88574 -0.83594 0.83594 -0.83691 0.92383 -0.46973 0.88574 -0.83594 0.90039 -0.99023 0.83594 -0.83691 0.84961 -0.84180 0.78711 -1.01172 0.79297 -0.84473 0.84961 -0.84180 0.92383 -0.99316 0.78711 -1.01172 0.84180 -0.33789 0.79297 -0.84473 0.74512 -0.49609 0.84180 -0.33789 0.84961 -0.84180 0.79297 -0.84473 0.84180 -0.33789 0.74023 -0.05273 0.83887 -0.00293 0.84180 -0.33789 0.74121 -0.20312 0.74023 -0.05273 0.74512 -0.49609 0.74121 -0.20312 0.84180 -0.33789 0.97461 -0.17773 0.83887 -0.00293 0.93848 -0.04199 0.97461 -0.17773 0.84180 -0.33789 0.83887 -0.00293 0.94238 -0.48633 0.84180 -0.33789 0.97461 -0.17773 0.94238 -0.48633 0.84961 -0.84180 0.84180 -0.33789 0.90723 -0.83887 0.84961 -0.84180 0.94238 -0.48633 0.90723 -0.83887 0.92383 -0.99316 0.84961 -0.84180 0.83594 -0.83691 0.78711 -0.83691 0.75098 -0.47070 0.83594 -0.83691 0.77441 -0.99121 0.78711 -0.83691 0.90039 -0.99023 0.77441 -0.99121 0.83594 -0.83691 0.83594 -0.31836 0.75098 -0.47070 0.73926 -0.16992 0.83594 -0.31836 0.83594 -0.83691 0.75098 -0.47070 0.85449 0.00293 0.73926 -0.16992 0.76855 -0.04102 0.85449 0.00293 0.83594 -0.31836 0.73926 -0.16992 0.84863 -0.84180 0.90430 -0.84082 0.93555 -0.47559 0.84863 -0.84180 0.92090 -0.99512 0.90430 -0.84082 0.78125 -0.99707 0.92090 -0.99512 0.84863 -0.84180 0.83789 -0.32617 0.93555 -0.47559 0.96582 -0.17285 0.83789 -0.32617 0.84863 -0.84180 0.93555 -0.47559 0.74414 -0.47949 0.84863 -0.84180 0.83789 -0.32617 0.74414 -0.47949 0.79395 -0.84277 0.84863 -0.84180 0.83496 -0.00195 0.96582 -0.17285 0.93164 -0.04297 0.83496 -0.00195 0.83789 -0.32617 0.96582 -0.17285 0.70508 -0.17773 0.83789 -0.32617 0.83496 -0.00195 0.70508 -0.17773 0.74414 -0.47949 0.83789 -0.32617 0.87109 -0.84180 0.92578 -0.83691 0.95020 -0.48047 0.87109 -0.84180 0.94727 -0.99023 0.92578 -0.83691 0.81445 -1.01269 0.94727 -0.99023 0.87109 -0.84180 0.75781 -0.49707 0.84863 -0.33594 0.71191 -0.19434 0.75781 -0.49707 0.81543 -0.84668 0.84863 -0.33594 0.84863 -0.33594 0.95020 -0.48047 0.97461 -0.17188 0.84863 -0.33594 0.87109 -0.84180 0.95020 -0.48047 0.81543 -0.84668 0.87109 -0.84180 0.84863 -0.33594 0.81543 -0.84668 0.81445 -1.01269 0.87109 -0.84180 0.83789 -0.00293 0.97461 -0.17188 0.93555 -0.03906 0.83789 -0.00293 0.84863 -0.33594 0.97461 -0.17188 0.74219 -0.05566 0.84863 -0.33594 0.83789 -0.00293 0.74219 -0.05566 0.71191 -0.19434 0.84863 -0.33594 0.62891 -0.39648 0.52832 -0.51855 0.49219 -0.18066 0.62891 -0.39648 0.58887 -0.85254 0.52832 -0.51855 0.61914 -0.85449 0.58887 -0.85254 0.62891 -0.39648 0.61914 -0.85449 0.56055 -0.99805 0.58887 -0.85254 0.70215 -0.99805 0.56055 -0.99805 0.61914 -0.85449 0.72949 -0.51855 0.62891 -0.39648 0.76562 -0.18066 0.72949 -0.51855 0.61914 -0.85449 0.62891 -0.39648 0.61328 -0.83984 0.61914 -0.85449 0.72949 -0.51855 0.61328 -0.83984 0.70215 -0.99805 0.61914 -0.85449 0.53223 -0.05078 0.62891 -0.39648 0.50098 -0.18262 0.53223 -0.05078 0.62891 -0.00586 0.62891 -0.39648 0.62891 -0.00586 0.76465 -0.17480 0.62891 -0.39648 0.62891 -0.00586 0.72754 -0.04492 0.76465 -0.17480 0.61914 -0.85449 0.58887 -0.85254 0.52832 -0.51855 0.61914 -0.85449 0.56055 -0.99805 0.58887 -0.85254 0.70215 -0.99805 0.56055 -0.99805 0.61914 -0.85449 0.72949 -0.51855 0.62891 -0.39648 0.76562 -0.18066 0.72949 -0.51855 0.61328 -0.83984 0.62891 -0.39648 0.62891 -0.39648 0.52832 -0.51855 0.49219 -0.18066 0.62891 -0.39648 0.61914 -0.85449 0.52832 -0.51855 0.61328 -0.83984 0.61914 -0.85449 0.62891 -0.39648 0.61328 -0.83984 0.70215 -0.99805 0.61914 -0.85449 0.62891 -0.39648 0.72754 -0.04492 0.76465 -0.17480 0.62891 -0.39648 0.62891 -0.00586 0.72754 -0.04492 0.50098 -0.18262 0.62891 -0.00586 0.62891 -0.39648 0.50098 -0.18262 0.53223 -0.05078 0.62891 -0.00586 0.84961 -0.84180 0.90723 -0.83887 0.94238 -0.48633 0.84961 -0.84180 0.92383 -0.99316 0.90723 -0.83887 0.78711 -1.01172 0.92383 -0.99316 0.84961 -0.84180 0.74512 -0.49609 0.84180 -0.33789 0.74316 -0.20020 0.74512 -0.49609 0.79297 -0.84473 0.84180 -0.33789 0.84180 -0.33789 0.94238 -0.48633 0.97461 -0.17773 0.84180 -0.33789 0.84961 -0.84180 0.94238 -0.48633 0.79297 -0.84473 0.84961 -0.84180 0.84180 -0.33789 0.79297 -0.84473 0.78711 -1.01172 0.84961 -0.84180 0.83887 -0.00293 0.97461 -0.17773 0.93848 -0.04199 0.83887 -0.00293 0.84180 -0.33789 0.97461 -0.17773 0.74023 -0.05273 0.84180 -0.33789 0.83887 -0.00293 0.74023 -0.05273 0.74316 -0.20020 0.84180 -0.33789 0.87109 -0.84180 0.81445 -1.01269 0.81543 -0.84668 0.87109 -0.84180 0.94727 -0.99023 0.81445 -1.01269 0.84863 -0.33594 0.81543 -0.84668 0.75781 -0.49707 0.84863 -0.33594 0.87109 -0.84180 0.81543 -0.84668 0.84863 -0.33594 0.74219 -0.05566 0.83789 -0.00293 0.84863 -0.33594 0.71191 -0.19434 0.74219 -0.05566 0.75781 -0.49707 0.71191 -0.19434 0.84863 -0.33594 0.97461 -0.17188 0.83789 -0.00293 0.93555 -0.03906 0.97461 -0.17188 0.84863 -0.33594 0.83789 -0.00293 0.95020 -0.48047 0.84863 -0.33594 0.97461 -0.17188 0.95020 -0.48047 0.87109 -0.84180 0.84863 -0.33594 0.92578 -0.83691 0.87109 -0.84180 0.95020 -0.48047 0.92578 -0.83691 0.94727 -0.99023 0.87109 -0.84180 0.07520 -0.77051 0.07520 -0.69531 0.05273 -0.69531 0.07520 -0.77051 0.03125 -0.77051 0.07520 -0.69531 0.03125 -0.80762 0.03125 -0.77051 0.07520 -0.77051 0.03125 -0.80762 0.05273 -0.80762 0.03125 -0.77051 0.03125 -0.83789 0.05273 -0.80762 0.03125 -0.80762 0.03125 -0.83789 0.05273 -0.83789 0.05273 -0.80762 0.03125 -0.99707 0.05273 -0.83789 0.03125 -0.83789 0.03125 -0.99707 0.05273 -0.99707 0.05273 -0.83789 0.07520 -0.99707 0.05273 -0.99707 0.03125 -0.99707 0.07520 -0.99707 0.05273 -0.83789 0.05273 -0.99707 0.07520 -0.83789 0.05273 -0.83789 0.07520 -0.99707 0.07520 -0.83789 0.05273 -0.80762 0.05273 -0.83789 0.07520 -0.80762 0.05273 -0.80762 0.07520 -0.83789 0.07520 -0.80762 0.05273 -0.77051 0.05273 -0.80762 0.07520 -0.77051 0.05273 -0.77051 0.07520 -0.80762 0.07520 -0.77051 0.05273 -0.69531 0.05273 -0.77051 0.03125 -0.69531 0.05273 -0.77051 0.05273 -0.69531 0.03125 -0.69531 0.03125 -0.77051 0.05273 -0.77051 0.07520 -0.69531 0.03125 -0.77051 0.03125 -0.69531 0.07520 -0.80762 0.03125 -0.80762 0.07520 -0.77051 0.07520 -0.80762 0.03125 -0.83789 0.03125 -0.80762 0.07520 -0.83789 0.03125 -0.83789 0.07520 -0.80762 0.07520 -0.83789 0.07520 -0.99707 0.03125 -0.83789 0.07520 -0.77051 0.07520 -0.69531 0.05273 -0.69531 0.07520 -0.77051 0.03125 -0.77051 0.07520 -0.69531 0.03125 -0.80762 0.03125 -0.77051 0.07520 -0.77051 0.03125 -0.80762 0.05273 -0.80762 0.03125 -0.77051 0.03125 -0.83789 0.05273 -0.80762 0.03125 -0.80762 0.03125 -0.83789 0.05273 -0.83789 0.05273 -0.80762 0.03125 -0.99707 0.05273 -0.83789 0.03125 -0.83789 0.03125 -0.99707 0.05273 -0.99707 0.05273 -0.83789 0.07520 -0.99707 0.05273 -0.99707 0.03125 -0.99707 0.07520 -0.99707 0.05273 -0.83789 0.05273 -0.99707 0.07520 -0.83789 0.05273 -0.83789 0.07520 -0.99707 0.07520 -0.83789 0.05273 -0.80762 0.05273 -0.83789 0.07520 -0.80762 0.05273 -0.80762 0.07520 -0.83789 0.07520 -0.80762 0.05273 -0.77051 0.05273 -0.80762 0.07520 -0.77051 0.05273 -0.77051 0.07520 -0.80762 0.07520 -0.77051 0.05273 -0.69531 0.05273 -0.77051 0.03125 -0.69531 0.05273 -0.77051 0.05273 -0.69531 0.03125 -0.69531 0.03125 -0.77051 0.05273 -0.77051 0.07520 -0.69531 0.03125 -0.77051 0.03125 -0.69531 0.07520 -0.80762 0.03125 -0.80762 0.07520 -0.77051 0.07520 -0.80762 0.03125 -0.83789 0.03125 -0.80762 0.07520 -0.83789 0.03125 -0.83789 0.07520 -0.80762 0.07520 -0.83789 0.07520 -0.99707 0.03125 -0.83789 0.07520 -0.77051 0.05273 -0.69531 0.07520 -0.69531 0.07520 -0.77051 0.05273 -0.77051 0.05273 -0.69531 0.07520 -0.80762 0.05273 -0.77051 0.07520 -0.77051 0.07520 -0.80762 0.05273 -0.80762 0.05273 -0.77051 0.07520 -0.83789 0.05273 -0.80762 0.07520 -0.80762 0.07520 -0.83789 0.05273 -0.83789 0.05273 -0.80762 0.07520 -0.99707 0.05273 -0.83789 0.07520 -0.83789 0.07520 -0.99707 0.05273 -0.99707 0.05273 -0.83789 0.03125 -0.99707 0.05273 -0.99707 0.07520 -0.99707 0.03125 -0.99707 0.05273 -0.83789 0.05273 -0.99707 0.03125 -0.83789 0.05273 -0.83789 0.03125 -0.99707 0.03125 -0.83789 0.05273 -0.80762 0.05273 -0.83789 0.03125 -0.80762 0.05273 -0.80762 0.03125 -0.83789 0.03125 -0.80762 0.03125 -0.77051 0.05273 -0.80762 0.07520 -0.77051 0.03125 -0.77051 0.03125 -0.80762 0.07520 -0.77051 0.07520 -0.69531 0.03125 -0.77051 0.05273 -0.77051 0.03125 -0.69531 0.05273 -0.69531 0.05273 -0.77051 0.03125 -0.77051 0.03125 -0.69531 0.05273 -0.80762 0.03125 -0.77051 0.05273 -0.77051 0.03125 -0.83789 0.07520 -0.83789 0.07520 -0.80762 0.03125 -0.83789 0.07520 -0.99707 0.07520 -0.83789 0.03125 -0.99707 0.07520 -0.99707 0.03125 -0.83789 0.03125 -0.80762 0.07520 -0.80762 0.07520 -0.77051 0.03125 -0.80762 0.03125 -0.83789 0.07520 -0.80762 0.07520 -0.77051 0.05273 -0.69531 0.07520 -0.69531 0.07520 -0.77051 0.05273 -0.77051 0.05273 -0.69531 0.07520 -0.80762 0.05273 -0.77051 0.07520 -0.77051 0.07520 -0.80762 0.05273 -0.80762 0.05273 -0.77051 0.07520 -0.83789 0.05273 -0.80762 0.07520 -0.80762 0.07520 -0.83789 0.05273 -0.83789 0.05273 -0.80762 0.07520 -0.99707 0.05273 -0.83789 0.07520 -0.83789 0.07520 -0.99707 0.05273 -0.99707 0.05273 -0.83789 0.03125 -0.99707 0.05273 -0.99707 0.07520 -0.99707 0.03125 -0.99707 0.05273 -0.83789 0.05273 -0.99707 0.03125 -0.83789 0.05273 -0.83789 0.03125 -0.99707 0.03125 -0.83789 0.05273 -0.80762 0.05273 -0.83789 0.03125 -0.80762 0.05273 -0.80762 0.03125 -0.83789 0.03125 -0.80762 0.03125 -0.77051 0.05273 -0.80762 0.07520 -0.77051 0.03125 -0.77051 0.03125 -0.80762 0.07520 -0.77051 0.07520 -0.69531 0.03125 -0.77051 0.05273 -0.77051 0.03125 -0.69531 0.05273 -0.69531 0.05273 -0.77051 0.03125 -0.77051 0.03125 -0.69531 0.05273 -0.80762 0.03125 -0.77051 0.05273 -0.77051 0.03125 -0.83789 0.07520 -0.83789 0.07520 -0.80762 0.03125 -0.83789 0.07520 -0.99707 0.07520 -0.83789 0.03125 -0.99707 0.07520 -0.99707 0.03125 -0.83789 0.03125 -0.80762 0.07520 -0.80762 0.07520 -0.77051 0.03125 -0.80762 0.03125 -0.83789 0.07520 -0.80762 0.46973 -0.67480 0.47363 -0.65723 0.47363 -0.67578 0.46973 -0.67480 0.47363 -0.65234 0.47363 -0.65723 0.46973 -0.66504 0.47363 -0.65234 0.46973 -0.67480 0.84473 -0.18848 0.95020 -0.24609 0.94824 -0.11523 0.84473 -0.18848 0.84473 -0.29590 0.95020 -0.24609 0.73926 -0.24609 0.84473 -0.29590 0.84473 -0.18848 0.73926 -0.24609 0.75977 -0.35352 0.84473 -0.29590 0.84473 -0.29590 0.93066 -0.35352 0.95020 -0.24609 0.84473 -0.29590 0.84473 -0.40137 0.93066 -0.35352 0.75977 -0.35352 0.84473 -0.40137 0.84473 -0.29590 0.84766 -0.32129 0.99316 -0.09277 0.97168 -0.29785 0.84766 -0.32129 0.84766 -0.14160 0.99316 -0.09277 0.74219 -0.09277 0.84766 -0.14160 0.84766 -0.32129 0.74219 -0.09277 0.84766 -0.02637 0.84766 -0.14160 0.01660 -0.78613 0.17871 -0.84863 0.06152 -0.81445 0.01660 -0.78613 0.17676 -0.62402 0.17871 -0.84863 0.84766 -0.35938 0.97168 -0.29785 0.99414 -0.33301 0.84766 -0.35938 0.84766 -0.32129 0.97168 -0.29785 0.75879 -0.29785 0.84766 -0.32129 0.84766 -0.35938 0.75879 -0.29785 0.74219 -0.09277 0.84766 -0.32129 0.08984 -0.61230 0.08301 -0.79688 0.05859 -0.61230 0.08984 -0.61230 0.13281 -0.79688 0.08301 -0.79688 0.13672 -0.61230 0.13281 -0.79688 0.08984 -0.61230 0.13672 -0.61230 0.18555 -0.79688 0.13281 -0.79688 0.18555 -0.61230 0.18555 -0.79688 0.13672 -0.61230 0.18555 -0.61230 0.23438 -0.61230 0.18555 -0.79688 0.01660 -0.62012 0.01660 -0.81055 0.00781 -0.81055 0.01660 -0.62012 0.04199 -0.81055 0.01660 -0.81055 0.05469 -0.62012 0.04199 -0.81055 0.01660 -0.62012 0.05469 -0.62012 0.08203 -0.81055 0.04199 -0.81055 0.09082 -0.62012 0.08203 -0.81055 0.05469 -0.62012 0.09082 -0.62012 0.14258 -0.81055 0.08203 -0.81055 0.14746 -0.62012 0.14258 -0.81055 0.09082 -0.62012 0.14746 -0.62012 0.20605 -0.81055 0.14258 -0.81055 0.20605 -0.62012 0.20605 -0.81055 0.14746 -0.62012 0.20605 -0.62012 0.26465 -0.62012 0.20605 -0.81055 0.33496 -0.77832 0.27344 -0.72461 0.31836 -0.73926 0.33496 -0.77832 0.25586 -0.78320 0.27344 -0.72461 0.28223 -0.79590 0.25586 -0.78320 0.33496 -0.77832 0.37305 -0.78027 0.36816 -0.61328 0.38867 -0.61328 0.37305 -0.78027 0.33105 -0.61328 0.36816 -0.61328 0.33594 -0.78027 0.33105 -0.61328 0.37305 -0.78027 0.33594 -0.78027 0.27539 -0.61328 0.33105 -0.61328 0.27734 -0.78027 0.27539 -0.61328 0.33594 -0.78027 0.27734 -0.78027 0.21777 -0.61328 0.27539 -0.61328 0.21777 -0.78027 0.21777 -0.61328 0.27734 -0.78027 0.21777 -0.78027 0.15723 -0.78027 0.21777 -0.61328 0.25586 -0.81250 0.26465 -0.61523 0.26953 -0.81250 0.25586 -0.81250 0.24902 -0.61523 0.26465 -0.61523 0.23438 -0.81250 0.24902 -0.61523 0.25586 -0.81250 0.23438 -0.81250 0.23047 -0.61523 0.24902 -0.61523 0.20410 -0.81250 0.23047 -0.61523 0.23438 -0.81250 0.20410 -0.81250 0.20117 -0.61523 0.23047 -0.61523 0.17188 -0.81250 0.20117 -0.61523 0.20410 -0.81250 0.17188 -0.81250 0.17188 -0.61523 0.20117 -0.61523 0.14160 -0.61523 0.17188 -0.61523 0.17188 -0.81250 0.05859 -0.61230 0.02539 -0.79688 0.04102 -0.61230 0.05859 -0.61230 0.04785 -0.79688 0.02539 -0.79688 0.08301 -0.79688 0.04785 -0.79688 0.05859 -0.61230 0.24805 -0.96777 0.26855 -0.86035 0.21484 -0.93262 0.24805 -0.96777 0.28418 -0.92285 0.26855 -0.86035 0.21484 -0.93262 0.28418 -0.92285 0.24805 -0.96777 0.21484 -0.93262 0.26855 -0.86035 0.28418 -0.92285 0.25195 -0.67871 0.24121 -0.65918 0.25195 -0.65918 0.25195 -0.67871 0.24121 -0.67871 0.24121 -0.65918 0.28418 -0.92285 0.33984 -0.85742 0.26855 -0.86035 0.28418 -0.92285 0.32422 -0.92578 0.33984 -0.85742 0.26855 -0.86035 0.32422 -0.92578 0.28418 -0.92285 0.26855 -0.86035 0.33984 -0.85742 0.32422 -0.92578 0.27734 -0.67871 0.25195 -0.65918 0.27734 -0.65918 0.27734 -0.67871 0.25195 -0.67871 0.25195 -0.65918 0.34570 -0.95996 0.33984 -0.85742 0.37598 -0.91699 0.34570 -0.95996 0.32422 -0.92578 0.33984 -0.85742 0.37598 -0.91699 0.32422 -0.92578 0.34570 -0.95996 0.37598 -0.91699 0.33984 -0.85742 0.32422 -0.92578 0.30176 -0.67871 0.27734 -0.65918 0.30176 -0.65918 0.30176 -0.67871 0.27734 -0.67871 0.27734 -0.65918 0.84473 -0.00195 0.84473 -0.18848 0.94824 -0.11523 0.84473 -0.00195 0.74219 -0.11523 0.84473 -0.18848 0.47363 -0.73535 0.46973 -0.71777 0.47363 -0.71777 0.47363 -0.73535 0.47363 -0.74023 0.46973 -0.71777 0.46973 -0.72754 0.46973 -0.71777 0.47363 -0.74023 0.46973 -0.72754 0.46680 -0.71387 0.46973 -0.71777 0.11914 -0.61914 0.15039 -0.80371 0.11719 -0.80371 0.11914 -0.61914 0.15039 -0.61914 0.15039 -0.80371 0.07129 -0.61914 0.08594 -0.80371 0.06445 -0.80371 0.07129 -0.61914 0.09082 -0.61914 0.08594 -0.80371 0.09082 -0.61914 0.11719 -0.80371 0.08594 -0.80371 0.09082 -0.61914 0.11914 -0.61914 0.11719 -0.80371 0.17871 -0.84863 0.32324 -0.78613 0.28223 -0.81445 0.17871 -0.84863 0.17676 -0.62402 0.32324 -0.78613 0.97168 -0.29785 0.84766 -0.35938 0.99414 -0.33301 0.97168 -0.29785 0.84766 -0.32129 0.84766 -0.35938 0.99316 -0.09277 0.84766 -0.32129 0.97168 -0.29785 0.99316 -0.09277 0.84766 -0.14160 0.84766 -0.32129 0.84766 -0.02637 0.84766 -0.14160 0.99316 -0.09277 0.84766 -0.02637 0.74902 -0.09277 0.84766 -0.14160 0.16504 -0.84277 0.16504 -0.62793 0.19336 -0.62793 0.16504 -0.84277 0.13672 -0.62793 0.16504 -0.62793 0.13379 -0.84277 0.13672 -0.62793 0.16504 -0.84277 0.13379 -0.84277 0.10938 -0.62793 0.13672 -0.62793 0.10547 -0.84277 0.10938 -0.62793 0.13379 -0.84277 0.10547 -0.84277 0.09082 -0.62793 0.10938 -0.62793 0.08496 -0.84277 0.09082 -0.62793 0.10547 -0.84277 0.08496 -0.84277 0.07324 -0.84277 0.09082 -0.62793 0.22461 -0.84277 0.22070 -0.62793 0.23926 -0.62793 0.22461 -0.84277 0.19629 -0.84277 0.22070 -0.62793 0.19629 -0.84277 0.19336 -0.62793 0.22070 -0.62793 0.19629 -0.84277 0.16504 -0.84277 0.19336 -0.62793 0.05566 -0.61914 0.06445 -0.80371 0.05078 -0.80371 0.05566 -0.61914 0.07129 -0.61914 0.06445 -0.80371 0.24512 -0.84277 0.23926 -0.62793 0.25586 -0.84277 0.24512 -0.84277 0.22461 -0.84277 0.23926 -0.62793 0.32617 -0.87207 0.38477 -0.89648 0.36914 -0.92480 0.32617 -0.87207 0.32422 -0.84180 0.38477 -0.89648 0.26758 -0.86816 0.32422 -0.84180 0.32617 -0.87207 0.26758 -0.86816 0.24902 -0.84863 0.32422 -0.84180 0.23145 -0.93848 0.24902 -0.84863 0.26758 -0.86816 0.23145 -0.93848 0.20996 -0.92578 0.24902 -0.84863 0.32422 -0.84180 0.36914 -0.92480 0.38477 -0.89648 0.32422 -0.84180 0.32617 -0.87207 0.36914 -0.92480 0.24902 -0.84863 0.32617 -0.87207 0.32422 -0.84180 0.24902 -0.84863 0.26758 -0.86816 0.32617 -0.87207 0.20996 -0.92578 0.26758 -0.86816 0.24902 -0.84863 0.20996 -0.92578 0.23145 -0.93848 0.26758 -0.86816 0.22949 -0.67871 0.24121 -0.65918 0.24121 -0.67871 0.22949 -0.67871 0.22949 -0.65918 0.24121 -0.65918 0.20410 -0.67871 0.22949 -0.65918 0.22949 -0.67871 0.20410 -0.67871 0.20410 -0.65918 0.22949 -0.65918 0.17969 -0.67871 0.20410 -0.65918 0.20410 -0.67871 0.17969 -0.67871 0.17969 -0.65918 0.20410 -0.65918 0.39746 -0.78027 0.38867 -0.61328 0.40625 -0.78027 0.39746 -0.78027 0.37305 -0.78027 0.38867 -0.61328 0.25586 -0.74023 0.23926 -0.62793 0.25586 -0.62793 0.25586 -0.74023 0.25586 -0.84277 0.23926 -0.62793 0.48145 -0.65723 0.48535 -0.67480 0.48145 -0.67578 0.48145 -0.65723 0.48145 -0.65234 0.48535 -0.67480 0.95117 -0.24707 0.84570 -0.18945 0.94824 -0.11621 0.95117 -0.24707 0.84570 -0.29785 0.84570 -0.18945 0.93066 -0.35449 0.84570 -0.29785 0.95117 -0.24707 0.93066 -0.35449 0.84473 -0.40234 0.84570 -0.29785 0.48535 -0.66504 0.48535 -0.67480 0.48145 -0.65234 0.48535 -0.66504 0.48828 -0.67871 0.48535 -0.67480 0.13867 -0.81250 0.14160 -0.61523 0.17188 -0.81250 0.13867 -0.81250 0.11328 -0.61523 0.14160 -0.61523 0.10840 -0.81250 0.11328 -0.61523 0.13867 -0.81250 0.10840 -0.81250 0.09375 -0.61523 0.11328 -0.61523 0.08691 -0.81250 0.09375 -0.61523 0.10840 -0.81250 0.08691 -0.81250 0.07812 -0.61523 0.09375 -0.61523 0.07324 -0.81250 0.07812 -0.61523 0.08691 -0.81250 0.20996 -0.85254 0.35645 -0.79492 0.31445 -0.82715 0.20996 -0.85254 0.20703 -0.62305 0.35645 -0.79492 0.04590 -0.77539 0.20703 -0.62305 0.20996 -0.85254 0.23438 -0.61230 0.23828 -0.79688 0.18555 -0.79688 0.23438 -0.61230 0.28125 -0.61230 0.23828 -0.79688 0.31250 -0.61230 0.32324 -0.79688 0.28809 -0.79688 0.31250 -0.61230 0.34570 -0.79688 0.32324 -0.79688 0.33008 -0.61230 0.34570 -0.79688 0.31250 -0.61230 0.28125 -0.61230 0.28809 -0.79688 0.23828 -0.79688 0.28125 -0.61230 0.31250 -0.61230 0.28809 -0.79688 0.15723 -0.78027 0.15918 -0.61328 0.21777 -0.61328 0.15723 -0.78027 0.09961 -0.78027 0.15918 -0.61328 0.06152 -0.78027 0.06641 -0.61328 0.10449 -0.61328 0.06152 -0.78027 0.04590 -0.61328 0.06641 -0.61328 0.03320 -0.78027 0.04590 -0.61328 0.06152 -0.78027 0.09961 -0.78027 0.10449 -0.61328 0.15918 -0.61328 0.09961 -0.78027 0.06152 -0.78027 0.10449 -0.61328 0.26465 -0.62012 0.26855 -0.81055 0.20605 -0.81055 0.26465 -0.62012 0.32129 -0.62012 0.26855 -0.81055 0.35742 -0.62012 0.36914 -0.81055 0.32910 -0.81055 0.35742 -0.62012 0.39453 -0.62012 0.36914 -0.81055 0.32129 -0.62012 0.32910 -0.81055 0.26855 -0.81055 0.32129 -0.62012 0.35742 -0.62012 0.32910 -0.81055 0.27344 -0.72461 0.33496 -0.77832 0.31836 -0.73926 0.27344 -0.72461 0.25586 -0.78320 0.33496 -0.77832 0.23242 -0.75879 0.25586 -0.78320 0.27344 -0.72461 0.39941 -0.81055 0.39453 -0.62012 0.40430 -0.81055 0.39941 -0.81055 0.36914 -0.81055 0.39453 -0.62012 0.32812 -0.94141 0.37988 -0.91211 0.34766 -0.97852 0.32812 -0.94141 0.32520 -0.84766 0.37988 -0.91211 0.27344 -0.94434 0.32520 -0.84766 0.32812 -0.94141 0.27344 -0.94434 0.25977 -0.86133 0.32520 -0.84766 0.25586 -0.98730 0.25977 -0.86133 0.27344 -0.94434 0.25586 -0.98730 0.21582 -0.93359 0.25977 -0.86133 0.32520 -0.84766 0.34766 -0.97852 0.37988 -0.91211 0.32520 -0.84766 0.32812 -0.94141 0.34766 -0.97852 0.25977 -0.86133 0.32812 -0.94141 0.32520 -0.84766 0.25977 -0.86133 0.27344 -0.94434 0.32812 -0.94141 0.21582 -0.93359 0.27344 -0.94434 0.25977 -0.86133 0.21582 -0.93359 0.25586 -0.98730 0.27344 -0.94434 0.14062 -0.66016 0.10352 -0.68262 0.10352 -0.66016 0.14062 -0.66016 0.14062 -0.68262 0.10352 -0.68262 0.17871 -0.66016 0.14062 -0.68262 0.14062 -0.66016 0.17871 -0.66016 0.17871 -0.68262 0.14062 -0.68262 0.19531 -0.66016 0.17871 -0.68262 0.17871 -0.66016 0.19531 -0.66016 0.19531 -0.68164 0.17871 -0.68262 0.21289 -0.68262 0.19531 -0.68164 0.19531 -0.66016 0.84570 -0.18945 0.84473 -0.00293 0.94824 -0.11621 0.84570 -0.18945 0.74219 -0.11621 0.84473 -0.00293 0.73926 -0.24707 0.74219 -0.11621 0.84570 -0.18945 0.48535 -0.71777 0.48145 -0.73535 0.48145 -0.71777 0.48535 -0.71777 0.48145 -0.74023 0.48145 -0.73535 0.48535 -0.72754 0.48145 -0.74023 0.48535 -0.71777 0.84570 -0.29785 0.73926 -0.24707 0.84570 -0.18945 0.84570 -0.29785 0.75977 -0.35449 0.73926 -0.24707 0.84473 -0.40234 0.75977 -0.35449 0.84570 -0.29785 0.74902 -0.09277 0.84766 -0.32129 0.84766 -0.14160 0.74902 -0.09277 0.76367 -0.29785 0.84766 -0.32129 0.18066 -0.61914 0.15039 -0.80371 0.15039 -0.61914 0.18066 -0.61914 0.18262 -0.80371 0.15039 -0.80371 0.20898 -0.61914 0.18262 -0.80371 0.18066 -0.61914 0.20898 -0.61914 0.21387 -0.80371 0.18262 -0.80371 0.22852 -0.61914 0.21387 -0.80371 0.20898 -0.61914 0.22852 -0.61914 0.23535 -0.80371 0.21387 -0.80371 0.24414 -0.61914 0.23535 -0.80371 0.22852 -0.61914 0.24414 -0.61914 0.24902 -0.80371 0.23535 -0.80371 0.76367 -0.29785 0.84766 -0.35938 0.84766 -0.32129 0.76367 -0.29785 0.74902 -0.33301 0.84766 -0.35938 0.28223 -0.79590 0.33496 -0.77832 0.25586 -0.78320 0.28223 -0.79590 0.31836 -0.79102 0.33496 -0.77832 0.07324 -0.79102 0.09082 -0.62793 0.07324 -0.84277 0.07324 -0.79102 0.07324 -0.62793 0.09082 -0.62793 0.22754 -0.95020 0.25977 -0.80566 0.17090 -0.89258 0.22754 -0.95020 0.26855 -0.87305 0.25977 -0.80566 0.17090 -0.89258 0.26855 -0.87305 0.22754 -0.95020 0.17090 -0.89258 0.25977 -0.80566 0.26855 -0.87305 0.21289 -0.66016 0.21289 -0.68262 0.19531 -0.66016 0.21289 -0.66016 0.25098 -0.68262 0.21289 -0.68262 0.25098 -0.66016 0.25098 -0.68262 0.21289 -0.66016 0.25098 -0.66016 0.28809 -0.68262 0.25098 -0.68262 0.28809 -0.66016 0.28809 -0.68262 0.25098 -0.66016 0.26855 -0.87305 0.34375 -0.80664 0.25977 -0.80566 0.26855 -0.87305 0.33301 -0.87207 0.34375 -0.80664 0.25977 -0.80566 0.33301 -0.87207 0.26855 -0.87305 0.25977 -0.80566 0.34375 -0.80664 0.33301 -0.87207 0.36426 -0.92480 0.34375 -0.80664 0.40918 -0.89355 0.36426 -0.92480 0.33301 -0.87207 0.34375 -0.80664 0.40918 -0.89355 0.33301 -0.87207 0.36426 -0.92480 0.40918 -0.89355 0.34375 -0.80664 0.33301 -0.87207 0.04199 -0.22168 0.01172 -0.21094 0.02637 -0.12695 0.04199 -0.22168 0.03320 -0.29785 0.01172 -0.21094 0.06250 -0.29785 0.03320 -0.29785 0.04199 -0.22168 0.06250 -0.29785 0.04297 -0.37402 0.03320 -0.29785 0.07129 -0.37402 0.04297 -0.37402 0.06250 -0.29785 0.07129 -0.37402 0.08984 -0.47266 0.04297 -0.37402 0.16699 -0.46777 0.08984 -0.47266 0.07129 -0.37402 0.16699 -0.46777 0.18750 -0.50684 0.08984 -0.47266 0.28320 -0.47363 0.18750 -0.50684 0.16699 -0.46777 0.28320 -0.47363 0.34082 -0.46875 0.18750 -0.50684 0.39648 -0.37891 0.34082 -0.46875 0.28320 -0.47363 0.39648 -0.37891 0.44336 -0.37012 0.34082 -0.46875 0.46289 -0.29395 0.44336 -0.37012 0.39648 -0.37891 0.46289 -0.29395 0.49121 -0.29297 0.44336 -0.37012 0.44238 -0.21777 0.49121 -0.29297 0.46289 -0.29395 0.44238 -0.21777 0.46973 -0.20312 0.49121 -0.29297 0.33789 -0.12109 0.46973 -0.20312 0.44238 -0.21777 0.33789 -0.12109 0.41602 -0.11816 0.46973 -0.20312 0.21875 -0.02832 0.41602 -0.11816 0.33789 -0.12109 0.08691 -0.12109 0.08203 -0.03906 0.18457 -0.08496 0.08691 -0.12109 0.04395 -0.07227 0.08203 -0.03906 0.02637 -0.12695 0.04395 -0.07227 0.08691 -0.12109 0.03320 -0.29785 0.00098 -0.29785 0.01172 -0.21094 0.03320 -0.29785 0.01367 -0.38477 0.00098 -0.29785 0.04297 -0.37402 0.01367 -0.38477 0.03320 -0.29785 0.04297 -0.37402 0.02930 -0.46777 0.01367 -0.38477 0.08984 -0.47266 0.02930 -0.46777 0.04297 -0.37402 0.08984 -0.47266 0.04785 -0.52051 0.02930 -0.46777 0.08691 -0.55176 0.04785 -0.52051 0.08984 -0.47266 0.16504 -0.12500 0.08691 -0.12109 0.18457 -0.08496 0.16504 -0.12500 0.06934 -0.21973 0.08691 -0.12109 0.04199 -0.22168 0.08691 -0.12109 0.06934 -0.21973 0.04199 -0.22168 0.02637 -0.12695 0.08691 -0.12109 0.39551 -0.20996 0.33789 -0.12109 0.44238 -0.21777 0.39551 -0.20996 0.28125 -0.11719 0.33789 -0.12109 0.24902 -0.29590 0.28125 -0.11719 0.39551 -0.20996 0.18750 -0.50684 0.08691 -0.55176 0.08984 -0.47266 0.18750 -0.50684 0.34082 -0.46875 0.08691 -0.55176 0.47070 -0.38379 0.44336 -0.37012 0.49121 -0.29297 0.47070 -0.38379 0.34082 -0.46875 0.44336 -0.37012 0.41895 -0.47070 0.34082 -0.46875 0.47070 -0.38379 0.41895 -0.47070 0.22266 -0.56152 0.34082 -0.46875 0.24902 -0.29590 0.07129 -0.37402 0.06250 -0.29785 0.24902 -0.29590 0.16699 -0.46777 0.07129 -0.37402 0.28320 -0.47363 0.16699 -0.46777 0.24902 -0.29590 0.24902 -0.29590 0.39648 -0.37891 0.28320 -0.47363 0.24902 -0.29590 0.42969 -0.29395 0.39648 -0.37891 0.39551 -0.20996 0.42969 -0.29395 0.24902 -0.29590 0.39551 -0.20996 0.46289 -0.29395 0.42969 -0.29395 0.44238 -0.21777 0.46289 -0.29395 0.39551 -0.20996 0.33789 -0.12109 0.08203 -0.03906 0.21875 -0.02832 0.33789 -0.12109 0.18457 -0.08496 0.08203 -0.03906 0.28125 -0.11719 0.18457 -0.08496 0.33789 -0.12109 0.28125 -0.11719 0.16504 -0.12500 0.18457 -0.08496 0.24902 -0.29590 0.16504 -0.12500 0.28125 -0.11719 0.24902 -0.29590 0.06934 -0.21973 0.16504 -0.12500 0.06250 -0.29785 0.06934 -0.21973 0.24902 -0.29590 0.06250 -0.29785 0.04199 -0.22168 0.06934 -0.21973 0.07520 -0.69531 0.03125 -0.69531 0.03125 -0.77051 0.07520 -0.69531 0.03125 -0.69531 0.03125 -0.77051 0.05273 -0.80762 0.05273 -0.77051 0.03125 -0.77051 0.07520 -0.99707 0.03125 -0.99707 0.03125 -0.83789 0.05273 -0.80762 0.05273 -0.77051 0.03125 -0.77051 0.07520 -0.99707 0.03125 -0.99707 0.03125 -0.83789 0.49219 -0.18066 0.52832 -0.51855 0.62891 -0.39648 0.62891 -0.00586 0.53223 -0.05078 0.50098 -0.18262 0.58887 -0.85254 0.56055 -0.99805 0.61914 -0.85449 0.83496 -0.00195 0.73828 -0.04688 0.70508 -0.17773 0.79395 -0.84277 0.78125 -0.99707 0.84863 -0.84180 0.05273 -0.80762 0.05273 -0.77051 0.03125 -0.77051 0.07520 -0.99707 0.03125 -0.99707 0.03125 -0.83789 0.05273 -0.80762 0.05273 -0.77051 0.03125 -0.77051 0.07520 -0.99707 0.03125 -0.99707 0.03125 -0.83789 0.07520 -0.69531 0.03125 -0.69531 0.03125 -0.77051 0.07520 -0.69531 0.03125 -0.69531 0.03125 -0.77051 0.46973 -0.66504 0.46973 -0.67480 0.46680 -0.67871 0.00586 -0.61328 0.39746 -0.63477 0.33105 -0.79297 0.23828 -0.74023 0.23828 -0.74121 0.23828 -0.74023 0.99316 -0.09277 0.84766 -0.14160 0.84766 -0.02637 0.84473 -0.18848 0.74219 -0.11523 0.73926 -0.24609 0.33496 -0.77832 0.31836 -0.79102 0.28223 -0.79590 0.23828 -0.76465 0.23828 -0.76562 0.23828 -0.76562 0.84766 -0.35938 0.74219 -0.33301 0.75879 -0.29785 0.01562 -0.61230 0.40527 -0.62109 0.13867 -0.75977 0.18555 -0.74121 0.18555 -0.74023 0.18555 -0.74023 0.20996 -0.85254 0.08594 -0.83301 0.04590 -0.77539 0.48535 -0.72754 0.48535 -0.71777 0.48828 -0.71387 0.18555 -0.76562 0.18555 -0.76465 0.18555 -0.76562 0.08691 -0.55176 0.34082 -0.46875 0.22266 -0.56152 0.39648 -0.37891 0.42969 -0.29395 0.46289 -0.29395</float_array>
     <technique_common>
      <accessor count="2004" offset="0" source="#realb29_1-lib-texcoords-array" stride="2">
       <param name="U" type="float"/>
       <param name="V" type="float"/>
      </accessor>
     </technique_common>
    </source>
    <vertices id="realb29_1-lib-vertices">
     <input semantic="POSITION" source="#realb29_1-lib-positions"/>
    </vertices>
    <polylist count="668" material="mat1.png">
     <input offset="0" semantic="VERTEX" source="#realb29_1-lib-vertices"/>
     <input offset="1" semantic="NORMAL" source="#realb29_1-lib-normals"/>
     <input offset="2" semantic="TEXCOORD" source="#realb29_1-lib-texcoords"/>
     <vcount>3 3 3 3 3 3 3 3 3 3 3 3 3 3 3 3 3 3 3 3 3 3 3 3 3 3 3 3 3 3 3 3 3 3 3 3 3 3 3 3 3 3 3 3 3 3 3 3 3 3 3 3 3 3 3 3 3 3 3 3 3 3 3 3 3 3 3 3 3 3 3 3 3 3 3 3 3 3 3 3 3 3 3 3 3 3 3 3 3 3 3 3 3 3 3 3 3 3 3 3 3 3 3 3 3 3 3 3 3 3 3 3 3 3 3 3 3 3 3 3 3 3 3 3 3 3 3 3 3 3 3 3 3 3 3 3 3 3 3 3 3 3 3 3 3 3 3 3 3 3 3 3 3 3 3 3 3 3 3 3 3 3 3 3 3 3 3 3 3 3 3 3 3 3 3 3 3 3 3 3 3 3 3 3 3 3 3 3 3 3 3 3 3 3 3 3 3 3 3 3 3 3 3 3 3 3 3 3 3 3 3 3 3 3 3 3 3 3 3 3 3 3 3 3 3 3 3 3 3 3 3 3 3 3 3 3 3 3 3 3 3 3 3 3 3 3 3 3 3 3 3 3 3 3 3 3 3 3 3 3 3 3 3 3 3 3 3 3 3 3 3 3 3 3 3 3 3 3 3 3 3 3 3 3 3 3 3 3 3 3 3 3 3 3 3 3 3 3 3 3 3 3 3 3 3 3 3 3 3 3 3 3 3 3 3 3 3 3 3 3 3 3 3 3 3 3 3 3 3 3 3 3 3 3 3 3 3 3 3 3 3 3 3 3 3 3 3 3 3 3 3 3 3 3 3 3 3 3 3 3 3 3 3 3 3 3 3 3 3 3 3 3 3 3 3 3 3 3 3 3 3 3 3 3 3 3 3 3 3 3 3 3 3 3 3 3 3 3 3 3 3 3 3 3 3 3 3 3 3 3 3 3 3 3 3 3 3 3 3 3 3 3 3 3 3 3 3 3 3 3 3 3 3 3 3 3 3 3 3 3 3 3 3 3 3 3 3 3 3 3 3 3 3 3 3 3 3 3 3 3 3 3 3 3 3 3 3 3 3 3 3 3 3 3 3 3 3 3 3 3 3 3 3 3 3 3 3 3 3 3 3 3 3 3 3 3 3 3 3 3 3 3 3 3 3 3 3 3 3 3 3 3 3 3 3 3 3 3 3 3 3 3 3 3 3 3 3 3 3 3 3 3 3 3 3 3 3 3 3 3 3 3 3 3 3 3 3 3 3 3 3 3 3 3 3 3 3 3 3 3 3 3 3 3 3 3 3 3 3 3 3 3 3 3 3 3 3 3 3 3 3 3 3 3 3 3 3 3 3 3 3 3 3 3 3 3 3 3 3 3 3 3 3 3 3 3 3 3 3 3 3 3 3 3 3 3 3 3 3 3 3 3 3 3 3 3 3 3 3 3 3 3 3 3 3 3 3 3 3 3 3 3 3 3 3 3 3 3 3 3 3 3 3 3 3 3 3 3 3 3 3 3 3 3 3 3 3 3</vcount>
     <p>2 2 2 1 1 1 0 0 0 1 5 5 3 4 4 0 3 3 0 8 8 3 7 7 4 6 6 3 11 11 5 10 10 4 9 9 4 14 14 5 13 13 6 12 12 5 17 17 7 16 16 6 15 15 6 20 20 7 19 19 8 18 18 7 23 23 9 22 22 8 21 21 8 26 26 9 25 25 10 24 24 9 29 29 7 28 28 10 27 27 10 32 32 7 31 31 11 30 30 7 35 35 5 34 34 11 33 33 11 38 38 5 37 37 12 36 36 5 41 41 13 40 40 12 39 39 12 44 44 13 43 43 0 42 42 13 47 47 2 46 46 0 45 45 1 50 50 14 49 49 3 48 48 14 53 53 13 52 52 3 51 51 3 56 56 13 55 55 5 54 54 4 58 59 6 57 58 11 57 57 6 61 62 8 60 61 11 59 60 11 64 65 8 63 64 10 62 63 0 67 68 4 66 67 12 65 66 4 70 71 11 69 70 12 68 69 17 73 74 16 72 73 15 71 72 16 76 77 18 75 76 15 74 75 15 79 80 18 78 79 19 77 78 18 82 83 20 81 82 19 80 81 19 85 86 20 84 85 21 83 84 20 88 89 22 87 88 21 86 87 21 91 92 22 90 91 23 89 90 22 94 95 24 93 94 23 92 93 23 97 98 24 96 97 25 95 96 24 100 101 22 99 100 25 98 99 25 103 104 22 102 103 26 101 102 22 106 107 20 105 106 26 104 105 26 109 110 20 108 109 27 107 108 20 112 113 28 111 112 27 110 111 27 115 116 28 114 115 15 113 114 28 118 119 17 117 118 15 116 117 16 121 122 29 120 121 18 119 120 29 124 125 28 123 124 18 122 123 18 127 128 28 126 127 20 125 126 19 129 131 21 128 130 26 128 129 21 132 134 23 131 133 26 130 132 26 135 137 23 134 136 25 133 135 15 138 140 19 137 139 27 136 138 19 141 143 26 140 142 27 139 141 32 144 146 31 143 145 30 142 144 31 147 149 33 146 148 30 145 147 30 150 152 33 149 151 34 148 150 33 153 155 35 152 154 34 151 153 34 156 158 35 155 157 36 154 156 35 159 161 37 158 160 36 157 159 36 162 164 37 161 163 38 160 162 37 165 167 39 164 166 38 163 165 38 168 170 39 167 169 40 166 168 39 171 173 37 170 172 40 169 171 40 174 176 37 173 175 41 172 174 37 177 179 35 176 178 41 175 177 41 180 182 35 179 181 42 178 180 35 183 185 43 182 184 42 181 183 42 186 188 43 185 187 30 184 186 43 189 191 32 188 190 30 187 189 32 192 194 43 191 193 44 190 192 43 195 197 33 194 196 44 193 195 44 198 200 33 197 199 31 196 198 30 201 203 34 200 202 42 199 201 34 204 206 36 203 205 42 202 204 42 206 209 36 205 208 41 205 207 36 209 212 40 208 211 41 207 210 47 212 215 46 211 214 45 210 213 46 215 218 48 214 217 45 213 216 45 218 221 48 217 220 49 216 219 48 221 224 50 220 223 49 219 222 49 224 227 50 223 226 51 222 225 50 227 230 52 226 229 51 225 228 51 230 233 52 229 232 53 228 231 52 233 236 54 232 235 53 231 234 53 236 239 54 235 238 55 234 237 54 239 242 52 238 241 55 237 240 55 242 245 52 241 244 56 240 243 52 245 248 50 244 247 56 243 246 56 248 251 50 247 250 57 246 249 50 251 254 58 250 253 57 249 252 57 254 257 58 253 256 45 252 255 58 257 260 47 256 259 45 255 258 47 260 263 58 259 262 59 258 261 58 263 266 48 262 265 59 261 264 59 266 269 48 265 268 46 264 267 45 269 272 49 268 271 57 267 270 49 272 275 51 271 274 57 270 273 57 274 278 51 273 277 56 273 276 51 277 281 55 276 280 56 275 279 62 280 284 61 279 283 60 278 282 61 283 287 63 282 286 60 281 285 60 285 290 63 284 289 64 284 288 66 288 293 62 287 292 65 286 291 62 291 296 60 290 295 65 289 294 65 294 299 60 293 298 67 292 297 60 297 302 68 296 301 67 295 300 70 300 305 66 299 304 69 298 303 66 303 308 65 302 307 69 301 306 69 306 311 65 305 310 71 304 309 74 309 314 73 308 313 72 307 312 73 312 317 75 311 316 72 310 315 72 315 320 75 314 319 76 313 318 79 318 323 78 317 322 77 316 321 78 321 326 80 320 325 77 319 324 81 324 329 74 323 328 78 322 327 74 327 332 72 326 331 78 325 330 78 330 335 72 329 334 80 328 333 72 333 338 76 332 337 80 331 336 79 336 341 82 335 340 78 334 339 82 339 344 83 338 343 78 337 342 78 342 347 83 341 346 81 340 345 83 345 350 84 344 349 81 343 348 87 348 353 86 347 352 85 346 351 86 351 356 88 350 355 85 349 354 85 354 359 88 353 358 89 352 357 88 357 362 90 356 361 89 355 360 92 360 365 91 359 364 87 358 363 91 363 368 86 362 367 87 361 366 95 366 371 94 365 370 93 364 369 94 369 374 96 368 373 93 367 372 93 372 377 96 371 376 97 370 375 96 375 380 98 374 379 97 373 378 97 378 383 98 377 382 99 376 381 101 381 386 93 380 385 100 379 384 93 384 389 97 383 388 100 382 387 100 387 392 97 386 391 102 385 390 97 390 395 99 389 394 102 388 393 95 393 398 93 392 397 103 391 396 93 396 401 104 395 400 103 394 399 93 399 404 101 398 403 104 397 402 101 402 407 105 401 406 104 400 405 107 405 410 106 404 409 88 403 408 106 408 413 108 407 412 88 406 411 88 410 416 108 409 415 90 409 414 109 413 419 107 412 418 86 411 417 107 416 422 88 415 421 86 414 420 110 419 425 109 418 424 91 417 423 109 422 428 86 421 427 91 420 426 70 425 431 69 424 430 66 423 429 69 428 434 65 427 433 66 426 432 66 431 437 65 430 436 62 429 435 65 434 440 60 433 439 62 432 438 62 437 443 60 436 442 61 435 441 60 440 446 63 439 445 61 438 444 80 443 449 76 442 448 72 441 447 76 446 452 75 445 451 72 444 450 77 449 455 80 448 454 78 447 453 80 452 458 72 451 457 78 450 456 83 455 461 82 454 460 78 453 459 82 458 464 79 457 463 78 456 462 78 461 467 79 460 466 77 459 465 84 464 470 83 463 469 81 462 468 83 467 473 78 466 472 81 465 471 81 470 476 78 469 475 74 468 474 78 473 479 72 472 478 74 471 477 74 476 482 72 475 481 73 474 480 72 479 485 75 478 484 73 477 483 67 482 488 68 481 487 60 480 486 68 485 491 64 484 490 60 483 489 60 487 494 64 486 493 63 486 492 71 490 497 67 489 496 65 488 495 67 493 500 60 492 499 65 491 498 111 496 503 71 495 502 69 494 501 71 499 506 65 498 505 69 497 504 85 502 509 89 501 508 88 500 507 89 505 512 90 504 511 88 503 510 88 507 515 90 506 514 108 506 513 87 510 518 85 509 517 86 508 516 85 513 521 88 512 520 86 511 519 86 516 524 88 515 523 107 514 522 88 519 527 106 518 526 107 517 525 92 522 530 87 521 529 91 520 528 87 525 533 86 524 532 91 523 531 91 528 536 86 527 535 109 526 534 86 531 539 107 530 538 109 529 537 100 534 542 102 533 541 97 532 540 102 537 545 99 536 544 97 535 543 97 540 548 99 539 547 98 538 546 95 543 551 93 542 550 94 541 549 93 546 554 96 545 553 94 544 552 101 549 557 100 548 556 93 547 555 100 552 560 97 551 559 93 550 558 93 555 563 97 554 562 96 553 561 97 558 566 98 557 565 96 556 564 105 561 569 101 560 568 104 559 567 101 564 572 93 563 571 104 562 570 104 567 575 93 566 574 103 565 573 93 570 578 95 569 577 103 568 576 114 573 581 113 572 580 112 571 579 113 576 584 115 575 583 112 574 582 112 579 587 115 578 586 116 577 585 115 582 590 117 581 589 116 580 588 116 585 593 117 584 592 118 583 591 120 588 596 112 587 595 119 586 594 112 591 599 116 590 598 119 589 597 119 594 602 116 593 601 121 592 600 116 597 605 118 596 604 121 595 603 114 600 608 112 599 607 122 598 606 112 603 611 123 602 610 122 601 609 112 606 614 120 605 613 123 604 612 120 609 617 124 608 616 123 607 615 127 612 620 126 611 619 125 610 618 126 615 623 128 614 622 125 613 621 125 618 626 128 617 625 129 616 624 132 621 629 131 620 628 130 619 627 131 624 632 133 623 631 130 622 630 134 627 635 127 626 634 131 625 633 127 630 638 125 629 637 131 628 636 131 633 641 125 632 640 133 631 639 125 636 644 129 635 643 133 634 642 132 639 647 135 638 646 131 637 645 135 642 650 136 641 649 131 640 648 131 645 653 136 644 652 134 643 651 136 648 656 137 647 655 134 646 654 119 651 659 121 650 658 116 649 657 121 654 662 118 653 661 116 652 660 116 657 665 118 656 664 117 655 663 114 660 668 112 659 667 113 658 666 112 663 671 115 662 670 113 661 669 120 666 674 119 665 673 112 664 672 119 669 677 116 668 676 112 667 675 112 672 680 116 671 679 115 670 678 116 675 683 117 674 682 115 673 681 124 678 686 120 677 685 123 676 684 120 681 689 112 680 688 123 679 687 123 684 692 112 683 691 122 682 690 112 687 695 114 686 694 122 685 693 133 690 698 129 689 697 125 688 696 129 693 701 128 692 700 125 691 699 130 696 704 133 695 703 131 694 702 133 699 707 125 698 706 131 697 705 136 702 710 135 701 709 131 700 708 135 705 713 132 704 712 131 703 711 131 708 716 132 707 715 130 706 714 137 711 719 136 710 718 134 709 717 136 714 722 131 713 721 134 712 720 134 717 725 131 716 724 127 715 723 131 720 728 125 719 727 127 718 726 127 723 731 125 722 730 126 721 729 125 726 734 128 725 733 126 724 732 140 729 737 139 728 736 138 727 735 139 732 740 141 731 739 138 730 738 138 735 743 141 734 742 142 733 741 141 738 746 143 737 745 142 736 744 142 741 749 143 740 748 144 739 747 143 744 752 145 743 751 144 742 750 144 747 755 145 746 754 146 745 753 145 750 758 147 749 757 146 748 756 146 753 761 147 752 760 148 751 759 147 756 764 145 755 763 148 754 762 148 759 767 145 758 766 149 757 765 145 762 770 143 761 769 149 760 768 149 765 773 143 764 772 150 763 771 143 768 776 151 767 775 150 766 774 150 771 779 151 770 778 138 769 777 151 774 782 140 773 781 138 772 780 140 777 785 151 776 784 152 775 783 151 780 788 141 779 787 152 778 786 152 783 791 141 782 790 139 781 789 138 786 794 142 785 793 150 784 792 142 789 797 144 788 796 150 787 795 150 791 800 144 790 799 149 790 798 144 794 803 148 793 802 149 792 801 155 797 806 154 796 805 153 795 804 154 800 809 156 799 808 153 798 807 153 803 812 156 802 811 157 801 810 156 806 815 158 805 814 157 804 813 157 809 818 158 808 817 159 807 816 158 812 821 160 811 820 159 810 819 159 815 824 160 814 823 161 813 822 160 818 827 162 817 826 161 816 825 161 821 830 162 820 829 163 819 828 162 824 833 160 823 832 163 822 831 163 827 836 160 826 835 164 825 834 160 830 839 158 829 838 164 828 837 164 833 842 158 832 841 165 831 840 158 836 845 166 835 844 165 834 843 165 839 848 166 838 847 153 837 846 166 842 851 155 841 850 153 840 849 155 845 854 166 844 853 167 843 852 166 848 857 156 847 856 167 846 855 167 851 860 156 850 859 154 849 858 153 854 863 157 853 862 165 852 861 157 857 866 159 856 865 165 855 864 165 859 869 159 858 868 164 858 867 159 862 872 163 861 871 164 860 870 170 865 875 169 864 874 168 863 873 169 868 878 171 867 877 168 866 876 168 871 881 171 870 880 172 869 879 171 874 884 173 873 883 172 872 882 172 877 887 173 876 886 174 875 885 173 880 890 175 879 889 174 878 888 174 883 893 175 882 892 176 881 891 175 886 896 177 885 895 176 884 894 176 889 899 177 888 898 178 887 897 177 892 902 175 891 901 178 890 900 178 895 905 175 894 904 179 893 903 175 898 908 173 897 907 179 896 906 179 901 911 173 900 910 180 899 909 173 904 914 181 903 913 180 902 912 180 907 917 181 906 916 168 905 915 181 910 920 170 909 919 168 908 918 169 913 923 182 912 922 171 911 921 182 916 926 181 915 925 171 914 924 171 919 929 181 918 928 173 917 927 172 921 932 174 920 931 179 920 930 174 924 935 176 923 934 179 922 933 179 927 938 176 926 937 178 925 936 168 930 941 172 929 940 180 928 939 172 933 944 179 932 943 180 931 942 185 936 947 184 935 946 183 934 945 184 939 950 186 938 949 183 937 948 183 942 953 186 941 952 187 940 951 186 945 956 188 944 955 187 943 954 187 948 959 188 947 958 189 946 957 188 951 962 190 950 961 189 949 960 189 954 965 190 953 964 191 952 963 190 957 968 192 956 967 191 955 966 191 960 971 192 959 970 193 958 969 192 963 974 190 962 973 193 961 972 193 966 977 190 965 976 194 964 975 190 969 980 188 968 979 194 967 978 194 972 983 188 971 982 195 970 981 188 975 986 196 974 985 195 973 984 195 978 989 196 977 988 183 976 987 196 981 992 185 980 991 183 979 990 184 984 995 197 983 994 186 982 993 197 987 998 196 986 997 186 985 996 186 990 1001 196 989 1000 188 988 999 187 992 1004 189 991 1003 194 991 1002 189 995 1007 191 994 1006 194 993 1005 194 998 1010 191 997 1009 193 996 1008 183 1001 1013 187 1000 1012 195 999 1011 187 1004 1016 194 1003 1015 195 1002 1014 200 1007 1019 199 1006 1018 198 1005 1017 199 1010 1022 201 1009 1021 198 1008 1020 198 1013 1025 201 1012 1024 202 1011 1023 200 1016 1028 198 1015 1027 203 1014 1026 198 1019 1031 204 1018 1030 203 1017 1029 203 1022 1034 204 1021 1033 205 1020 1032 204 1025 1037 206 1024 1036 205 1023 1035 198 1028 1040 207 1027 1039 204 1026 1038 207 1031 1043 208 1030 1042 204 1029 1041 204 1034 1046 208 1033 1045 206 1032 1044 199 1037 1049 200 1036 1048 209 1035 1047 200 1040 1052 210 1039 1051 209 1038 1050 209 1043 1055 210 1042 1054 211 1041 1053 210 1046 1058 212 1045 1057 211 1044 1056 215 1049 1061 214 1048 1060 213 1047 1059 214 1052 1064 208 1051 1063 213 1050 1062 201 1055 1067 199 1054 1066 216 1053 1065 199 1058 1070 209 1057 1069 216 1056 1068 216 1061 1073 209 1060 1072 217 1059 1071 209 1064 1076 211 1063 1075 217 1062 1074 220 1067 1079 219 1066 1078 218 1065 1077 219 1070 1082 221 1069 1081 218 1068 1080 218 1073 1085 221 1072 1084 222 1071 1083 221 1076 1088 223 1075 1087 222 1074 1086 222 1079 1091 223 1078 1090 224 1077 1089 223 1082 1094 225 1081 1093 224 1080 1092 228 1085 1097 227 1084 1096 226 1083 1095 227 1088 1100 229 1087 1099 226 1086 1098 226 1091 1103 229 1090 1102 230 1089 1101 229 1094 1106 231 1093 1105 230 1092 1104 230 1097 1109 231 1096 1108 232 1095 1107 231 1100 1112 233 1099 1111 232 1098 1110 232 1103 1115 233 1102 1114 234 1101 1113 233 1106 1118 235 1105 1117 234 1104 1116 234 1109 1121 235 1108 1120 236 1107 1119 235 1112 1124 237 1111 1123 236 1110 1122 215 1115 1127 213 1114 1126 238 1113 1125 213 1118 1130 228 1117 1129 238 1116 1128 238 1121 1133 228 1120 1132 239 1119 1131 240 1124 1136 220 1123 1135 229 1122 1134 220 1127 1139 218 1126 1138 229 1125 1137 229 1130 1142 218 1129 1141 231 1128 1140 218 1133 1145 222 1132 1144 231 1131 1143 231 1136 1148 222 1135 1147 233 1134 1146 222 1139 1151 224 1138 1150 233 1137 1149 233 1142 1154 224 1141 1153 235 1140 1152 224 1145 1157 241 1144 1156 235 1143 1155 213 1148 1160 208 1147 1159 242 1146 1158 208 1151 1163 207 1150 1162 242 1149 1161 242 1154 1166 207 1153 1165 219 1152 1164 207 1157 1169 202 1156 1168 219 1155 1167 219 1160 1172 202 1159 1171 221 1158 1170 202 1163 1175 201 1162 1174 221 1161 1173 221 1166 1178 201 1165 1177 223 1164 1176 201 1169 1181 216 1168 1180 223 1167 1179 223 1172 1184 216 1171 1183 243 1170 1182 240 1175 1187 213 1174 1186 220 1173 1185 213 1178 1190 242 1177 1189 220 1176 1188 220 1181 1193 242 1180 1192 219 1179 1191 238 1184 1196 244 1183 1195 215 1182 1194 244 1187 1199 245 1186 1198 215 1185 1197 215 1190 1202 245 1189 1201 214 1188 1200 245 1193 1205 246 1192 1204 214 1191 1203 244 1196 1208 238 1195 1207 246 1194 1206 238 1199 1211 214 1198 1210 246 1197 1209 244 1202 1214 247 1201 1213 245 1200 1212 247 1205 1217 248 1204 1216 245 1203 1215 245 1208 1220 248 1207 1219 246 1206 1218 248 1211 1223 249 1210 1222 246 1209 1221 247 1214 1226 244 1213 1225 249 1212 1224 244 1217 1229 246 1216 1228 249 1215 1227 251 1220 1232 249 1219 1231 250 1218 1230 249 1223 1235 248 1222 1234 250 1221 1233 250 1226 1238 248 1225 1237 252 1224 1236 248 1229 1241 247 1228 1240 252 1227 1239 252 1232 1244 247 1231 1243 251 1230 1242 247 1235 1247 249 1234 1246 251 1233 1245 200 1238 1250 203 1237 1249 212 1236 1248 203 1241 1253 253 1240 1252 212 1239 1251 253 1244 1256 205 1243 1255 254 1242 1254 205 1247 1259 255 1246 1258 254 1245 1257 255 1250 1262 205 1249 1261 256 1248 1260 205 1253 1265 206 1252 1264 256 1251 1263 258 1256 1268 257 1255 1267 255 1254 1266 257 1259 1271 259 1258 1270 255 1257 1269 261 1262 1274 260 1261 1273 206 1260 1272 260 1265 1277 256 1264 1276 206 1263 1275 260 1268 1280 258 1267 1279 256 1266 1278 258 1271 1283 255 1270 1282 256 1269 1281 262 1274 1286 239 1273 1285 214 1272 1284 239 1277 1289 208 1276 1288 214 1275 1287 255 1280 1292 259 1279 1291 254 1278 1290 259 1283 1295 263 1282 1294 254 1281 1293 254 1286 1298 263 1285 1297 253 1284 1296 263 1289 1301 264 1288 1300 253 1287 1299 253 1292 1304 264 1291 1303 212 1290 1302 264 1295 1307 265 1294 1306 212 1293 1305 267 1298 1310 266 1297 1309 257 1296 1308 266 1301 1313 268 1300 1312 257 1299 1311 257 1304 1316 268 1303 1315 269 1302 1314 268 1307 1319 270 1306 1318 269 1305 1317 269 1310 1322 270 1309 1321 271 1308 1320 270 1313 1325 272 1312 1324 271 1311 1323 271 1316 1328 272 1315 1327 273 1314 1326 272 1319 1331 274 1318 1330 273 1317 1329 276 1322 1334 275 1321 1333 260 1320 1332 275 1325 1337 258 1324 1336 260 1323 1335 275 1328 1340 267 1327 1339 258 1326 1338 267 1331 1343 257 1330 1342 258 1329 1341 239 1334 1346 261 1333 1345 208 1332 1344 261 1337 1349 206 1336 1348 208 1335 1347 239 1340 1352 276 1339 1351 261 1338 1350 276 1343 1355 260 1342 1354 261 1341 1353 262 1346 1358 214 1345 1357 277 1344 1356 214 1349 1361 278 1348 1360 277 1347 1359 277 1352 1364 278 1351 1363 279 1350 1362 278 1355 1367 280 1354 1366 279 1353 1365 279 1358 1370 280 1357 1369 281 1356 1368 280 1361 1373 282 1360 1372 281 1359 1371 238 1364 1376 262 1363 1375 283 1362 1374 262 1367 1379 277 1366 1378 283 1365 1377 283 1370 1382 277 1369 1381 284 1368 1380 277 1373 1385 279 1372 1384 284 1371 1383 284 1376 1388 279 1375 1387 285 1374 1386 279 1379 1391 281 1378 1390 285 1377 1389 214 1382 1394 238 1381 1393 278 1380 1392 238 1385 1397 283 1384 1396 278 1383 1395 278 1388 1400 283 1387 1399 280 1386 1398 283 1391 1403 284 1390 1402 280 1389 1401 280 1394 1406 284 1393 1405 282 1392 1404 284 1397 1409 285 1396 1408 282 1395 1407 228 1400 1412 240 1399 1411 227 1398 1410 240 1403 1415 229 1402 1414 227 1401 1413 226 1406 1418 276 1405 1417 228 1404 1416 276 1409 1421 239 1408 1420 228 1407 1419 211 1412 1424 286 1411 1423 217 1410 1422 286 1415 1427 243 1414 1426 217 1413 1425 211 1418 1430 287 1417 1429 286 1416 1428 287 1421 1433 288 1420 1432 286 1419 1431 286 1424 1436 288 1423 1435 289 1422 1434 288 1427 1439 290 1426 1438 289 1425 1437 243 1430 1442 286 1429 1441 291 1428 1440 286 1433 1445 289 1432 1444 291 1431 1443 223 1436 1448 243 1435 1447 292 1434 1446 243 1439 1451 291 1438 1450 292 1437 1449 292 1442 1454 291 1441 1453 293 1440 1452 291 1445 1457 289 1444 1456 293 1443 1455 293 1448 1460 289 1447 1459 294 1446 1458 289 1451 1463 290 1450 1462 294 1449 1461 294 1454 1466 290 1453 1465 295 1452 1464 297 1457 1469 295 1456 1468 296 1455 1467 295 1460 1472 290 1459 1471 296 1458 1470 296 1463 1475 290 1462 1474 274 1461 1473 223 1466 1478 292 1465 1477 225 1464 1476 292 1469 1481 298 1468 1480 225 1467 1479 293 1472 1484 294 1471 1483 299 1470 1482 294 1475 1487 295 1474 1486 299 1473 1485 299 1478 1490 295 1477 1489 300 1476 1488 292 1481 1493 293 1480 1492 298 1479 1491 293 1484 1496 299 1483 1495 298 1482 1494 224 1487 1499 225 1486 1498 241 1485 1497 225 1490 1502 301 1489 1501 241 1488 1500 298 1493 1505 299 1492 1504 302 1491 1503 299 1496 1508 300 1495 1507 302 1494 1506 302 1499 1511 300 1498 1510 303 1497 1509 225 1502 1514 298 1501 1513 301 1500 1512 298 1505 1517 302 1504 1516 301 1503 1515 235 1508 1520 241 1507 1519 237 1506 1518 241 1511 1523 304 1510 1522 237 1509 1521 301 1514 1526 302 1513 1525 305 1512 1524 302 1517 1529 306 1516 1528 305 1515 1527 241 1520 1532 301 1519 1531 304 1518 1530 301 1523 1535 305 1522 1534 304 1521 1533 297 1526 1538 307 1525 1537 295 1524 1536 307 1529 1541 308 1528 1540 295 1527 1539 295 1532 1544 308 1531 1543 303 1530 1542 308 1535 1547 306 1534 1546 303 1533 1545 306 1538 1550 302 1537 1549 303 1536 1548 297 1541 1553 296 1540 1552 309 1539 1551 296 1544 1556 310 1543 1555 309 1542 1554 309 1547 1559 310 1546 1558 311 1545 1557 310 1550 1562 312 1549 1561 311 1548 1560 311 1553 1565 312 1552 1564 313 1551 1563 312 1556 1568 314 1555 1567 313 1554 1566 307 1559 1571 297 1558 1570 315 1557 1569 297 1562 1574 309 1561 1573 315 1560 1572 315 1565 1577 309 1564 1576 316 1563 1575 309 1568 1580 311 1567 1579 316 1566 1578 316 1571 1583 311 1570 1582 317 1569 1581 311 1574 1586 313 1573 1585 317 1572 1584 317 1577 1589 314 1576 1588 316 1575 1587 314 1580 1592 312 1579 1591 316 1578 1590 316 1583 1595 312 1582 1594 315 1581 1593 312 1586 1598 310 1585 1597 315 1584 1596 315 1589 1601 310 1588 1600 307 1587 1599 310 1592 1604 296 1591 1603 307 1590 1602 307 1595 1607 296 1594 1606 318 1593 1605 211 1598 1610 212 1597 1609 287 1596 1608 212 1601 1613 265 1600 1612 287 1599 1611 287 1604 1616 265 1603 1615 319 1602 1614 265 1607 1619 320 1606 1618 319 1605 1617 320 1610 1622 321 1609 1621 319 1608 1620 319 1613 1625 321 1612 1624 322 1611 1623 287 1616 1628 319 1615 1627 288 1614 1626 319 1619 1631 323 1618 1630 288 1617 1629 288 1622 1634 323 1621 1633 290 1620 1632 264 1625 1637 263 1624 1636 265 1623 1635 263 1628 1640 320 1627 1639 265 1626 1638 259 1631 1643 257 1630 1642 321 1629 1641 257 1634 1646 269 1633 1645 321 1632 1644 321 1637 1649 269 1636 1648 322 1635 1647 269 1640 1652 271 1639 1651 322 1638 1650 322 1643 1655 271 1642 1654 323 1641 1653 271 1646 1658 273 1645 1657 323 1644 1656 323 1649 1661 273 1648 1660 290 1647 1659 273 1652 1664 274 1651 1663 290 1650 1662 263 1655 1667 259 1654 1666 320 1653 1665 259 1658 1670 321 1657 1669 320 1656 1668 308 1661 1673 307 1660 1672 274 1659 1671 307 1664 1676 324 1663 1675 274 1662 1674 274 1667 1679 272 1666 1678 308 1665 1677 272 1670 1682 306 1669 1681 308 1668 1680 307 1673 1685 325 1672 1684 324 1671 1683 325 1676 1688 326 1675 1687 324 1674 1686 324 1679 1691 326 1678 1690 296 1677 1689 326 1682 1694 318 1681 1693 296 1680 1692 307 1685 1697 318 1684 1696 325 1683 1695 318 1688 1700 327 1687 1699 325 1686 1698 325 1691 1703 327 1690 1702 328 1689 1701 327 1694 1706 329 1693 1705 328 1692 1704 328 1697 1709 329 1696 1708 330 1695 1707 325 1700 1712 328 1699 1711 326 1698 1710 328 1703 1715 331 1702 1714 326 1701 1713 326 1706 1718 331 1705 1717 318 1704 1716 331 1709 1721 327 1708 1720 318 1707 1719 329 1712 1724 327 1711 1723 332 1710 1722 327 1715 1727 331 1714 1726 332 1713 1725 332 1718 1730 331 1717 1729 330 1716 1728 331 1721 1733 328 1720 1732 330 1719 1731 232 1724 1736 234 1723 1735 333 1722 1734 234 1727 1739 334 1726 1738 333 1725 1737 333 1730 1742 334 1729 1741 335 1728 1740 334 1733 1745 336 1732 1744 335 1731 1743 335 1736 1748 336 1735 1747 337 1734 1746 336 1739 1751 338 1738 1750 337 1737 1749 337 1742 1754 338 1741 1753 339 1740 1752 338 1745 1757 340 1744 1756 339 1743 1755 339 1748 1760 340 1747 1759 341 1746 1758 340 1751 1763 342 1750 1762 341 1749 1761 341 1754 1766 342 1753 1765 343 1752 1764 342 1757 1769 344 1756 1768 343 1755 1767 343 1760 1772 344 1759 1771 345 1758 1770 344 1763 1775 266 1762 1774 345 1761 1773 345 1766 1778 266 1765 1777 346 1764 1776 266 1769 1781 267 1768 1780 346 1767 1779 346 1772 1784 267 1771 1783 347 1770 1782 267 1775 1787 275 1774 1786 347 1773 1785 347 1778 1790 275 1777 1789 276 1776 1788 349 1781 1793 226 1780 1792 348 1779 1791 226 1784 1796 230 1783 1795 348 1782 1794 348 1787 1799 230 1786 1798 232 1785 1797 234 1790 1802 236 1789 1801 334 1788 1800 236 1793 1805 237 1792 1804 334 1791 1803 334 1796 1808 237 1795 1807 336 1794 1806 237 1799 1811 304 1798 1810 336 1797 1809 336 1802 1814 304 1801 1813 338 1800 1812 304 1805 1817 305 1804 1816 338 1803 1815 338 1808 1820 305 1807 1819 306 1806 1818 349 1811 1823 348 1810 1822 350 1809 1821 348 1814 1826 351 1813 1825 350 1812 1824 351 1817 1829 348 1816 1828 333 1815 1827 348 1820 1832 232 1819 1831 333 1818 1830 346 1823 1835 347 1822 1834 352 1821 1833 347 1826 1838 353 1825 1837 352 1824 1836 352 1829 1841 353 1828 1840 354 1827 1839 338 1832 1844 306 1831 1843 340 1830 1842 306 1835 1847 342 1834 1846 340 1833 1845 266 1838 1850 344 1837 1849 268 1836 1848 344 1841 1853 342 1840 1852 268 1839 1851 268 1844 1856 342 1843 1855 270 1842 1854 342 1847 1859 272 1846 1858 270 1845 1857 335 1850 1862 337 1849 1861 354 1848 1860 337 1853 1865 339 1852 1864 354 1851 1863 354 1856 1868 339 1855 1867 341 1854 1866 341 1859 1871 343 1858 1870 354 1857 1869 343 1862 1874 355 1861 1873 354 1860 1872 354 1865 1877 355 1864 1876 352 1863 1875 355 1868 1880 345 1867 1879 352 1866 1878 352 1871 1883 345 1870 1882 346 1869 1881 276 1874 1886 226 1873 1885 347 1872 1884 226 1877 1889 349 1876 1888 347 1875 1887 347 1880 1892 349 1879 1891 353 1878 1890 349 1883 1895 350 1882 1894 353 1881 1893 353 1886 1898 350 1885 1897 354 1884 1896 350 1889 1901 351 1888 1900 354 1887 1899 354 1892 1904 351 1891 1903 335 1890 1902 351 1895 1907 333 1894 1906 335 1893 1905 13 1898 1910 14 1897 1909 2 1896 1908 28 1901 1913 29 1900 1912 17 1899 1911 33 1904 1916 43 1903 1915 35 1902 1914 36 1907 1919 38 1906 1918 40 1905 1917 48 1910 1922 58 1909 1921 50 1908 1920 51 1913 1925 53 1912 1924 55 1911 1923 65 1916 1928 67 1915 1927 71 1914 1926 71 1919 1931 111 1918 1930 69 1917 1929 60 1922 1934 64 1921 1933 68 1920 1932 109 1925 1937 110 1924 1936 91 1923 1935 88 1928 1940 108 1927 1939 106 1926 1938 141 1931 1943 151 1930 1942 143 1929 1941 144 1934 1946 146 1933 1945 148 1932 1944 156 1937 1949 166 1936 1948 158 1935 1947 159 1940 1952 161 1939 1951 163 1938 1950 181 1943 1955 182 1942 1954 170 1941 1953 196 1946 1958 197 1945 1957 185 1944 1956 207 1949 1961 198 1948 1960 202 1947 1959 228 1952 1964 213 1951 1963 240 1950 1962 251 1955 1967 250 1954 1966 252 1953 1965 212 1958 1970 210 1957 1969 200 1956 1968 205 1961 1973 253 1960 1972 203 1959 1971 239 1964 1976 262 1963 1975 238 1962 1974 282 1967 1979 285 1966 1978 281 1965 1977 217 1970 1982 243 1969 1981 216 1968 1980 303 1973 1985 300 1972 1984 295 1971 1983 314 1976 1988 317 1975 1987 313 1974 1986 274 1979 1991 324 1978 1990 296 1977 1989 323 1982 1994 319 1981 1993 322 1980 1992 329 1984 1997 332 1984 1996 330 1983 1995 272 1987 2000 342 1986 1999 306 1985 1998 345 1990 2003 355 1989 2002 343 1988 2001</p>
    </polylist>
   </mesh>
  </geometry>
 </library_geometries>
 <library_visual_scenes>
  <visual_scene id="Scene" name="Scene">
   <node id="realb29" name="realb29">
    <translate sid="translate">0.00000 0.00000 0.00000</translate>
    <rotate sid="head">0 1 0 0.00000</rotate>
    <rotate sid="pitch">1 0 0 0.00000</rotate>
    <rotate sid="bank">0 0 1 0.00000</rotate>
    <scale sid="scale">1.00000 1.00000 1.00000</scale>
    <instance_geometry url="#realb29-lib">
     <bind_material>
      <technique_common>
       <instance_material symbol="mat1.png" target="#mat1.png">
        <bind_vertex_input semantic="UVSET0" input_semantic="TEXCOORD"/>
       </instance_material>
      </technique_common>
     </bind_material>
    </instance_geometry>
   </node>
   <node id="realb29_1" name="realb29_1">
    <translate sid="translate">0.00000 0.00000 0.00000</translate>
    <rotate sid="head">0 1 0 0.00000</rotate>
    <rotate sid="pitch">1 0 0 0.00000</rotate>
    <rotate sid="bank">0 0 1 0.00000</rotate>
    <scale sid="scale">1.00000 1.00000 1.00000</scale>
    <instance_geometry url="#realb29_1-lib">
     <bind_material>
      <technique_common>
       <instance_material symbol="mat1.png" target="#mat1.png">
        <bind_vertex_input semantic="UVSET0" input_semantic="TEXCOORD"/>
       </instance_material>
      </technique_common>
     </bind_material>
    </instance_geometry>
   </node>
  </visual_scene>
 </library_visual_scenes>
 <scene>
  <instance_visual_scene url="#Scene"/>
 </scene>
</COLLADA>
