<?xml version="1.0" encoding="UTF-8"?>
<COLLADA xmlns="http://www.collada.org/2005/11/COLLADASchema" version="1.4.1">
 <asset>
  <contributor>
   <authoring_tool>ExpCollada for Metasequoia</authoring_tool>
  </contributor>
  <created>2024-07-21T22:19:26Z</created>
  <modified>2024-07-21T22:19:26Z</modified>
  <up_axis>Y_UP</up_axis>
 </asset>
 <library_cameras>
  <camera id="Camera-Camera" name="Camera-Camera">
   <optics>
    <technique_common>
     <perspective>
      <yfov>0.000</yfov>
      <znear>0.1</znear>
      <zfar>10000.0</zfar>
     </perspective>
    </technique_common>
   </optics>
  </camera>
 </library_cameras>
 <library_images>
  <image id="texture1" name="texture1">
   <init_from>mat1.png</init_from>
  </image>
  <image id="texture2" name="texture2">
   <init_from>mat2.png</init_from>
  </image>
  <image id="texture3" name="texture3">
   <init_from>mat3.png</init_from>
  </image>
  <image id="texture4" name="texture4">
   <init_from>mat4.png</init_from>
  </image>
  <image id="texture5" name="texture5">
   <init_from>mat5.png</init_from>
  </image>
 </library_images>
 <library_effects>
  <effect id="mat1.png-fx" name="mat1.png-fx">
   <profile_COMMON>
    <newparam sid="texture1-surface">
     <surface type="2D">
      <init_from>texture1</init_from>
     </surface>
    </newparam>
    <newparam sid="texture1-sampler">
    <sampler2D>
     <source>texture1-surface</source>
     <minfilter>LINEAR</minfilter>
     <magfilter>LINEAR</magfilter>
    </sampler2D>
   </newparam>
    <technique sid="metaseq">
     <lambert>
      <emission>
       <color>0.500 0.500 0.500 1</color>
      </emission>
      <ambient>
       <color>0.000 0.000 0.000 1</color>
      </ambient>
      <diffuse>
       <texture texture="texture1-sampler" texcoord="UVSET0"/>
      </diffuse>
      <reflective>
       <color>1 1 1 1</color>
      </reflective>
      <reflectivity>
       <float>0.0</float>
      </reflectivity>
      <transparent>
       <color>1 1 1 1</color>
      </transparent>
      <transparency>
       <float>1.000</float>
      </transparency>
     </lambert>
    </technique>
   </profile_COMMON>
  </effect>
  <effect id="mat2.png-fx" name="mat2.png-fx">
   <profile_COMMON>
    <newparam sid="texture2-surface">
     <surface type="2D">
      <init_from>texture2</init_from>
     </surface>
    </newparam>
    <newparam sid="texture2-sampler">
    <sampler2D>
     <source>texture2-surface</source>
     <minfilter>LINEAR</minfilter>
     <magfilter>LINEAR</magfilter>
    </sampler2D>
   </newparam>
    <technique sid="metaseq">
     <lambert>
      <emission>
       <color>0.500 0.500 0.500 1</color>
      </emission>
      <ambient>
       <color>0.000 0.000 0.000 1</color>
      </ambient>
      <diffuse>
       <texture texture="texture2-sampler" texcoord="UVSET0"/>
      </diffuse>
      <reflective>
       <color>1 1 1 1</color>
      </reflective>
      <reflectivity>
       <float>0.0</float>
      </reflectivity>
      <transparent>
       <color>1 1 1 1</color>
      </transparent>
      <transparency>
       <float>1.000</float>
      </transparency>
     </lambert>
    </technique>
   </profile_COMMON>
  </effect>
  <effect id="mat3.png-fx" name="mat3.png-fx">
   <profile_COMMON>
    <newparam sid="texture3-surface">
     <surface type="2D">
      <init_from>texture3</init_from>
     </surface>
    </newparam>
    <newparam sid="texture3-sampler">
    <sampler2D>
     <source>texture3-surface</source>
     <minfilter>LINEAR</minfilter>
     <magfilter>LINEAR</magfilter>
    </sampler2D>
   </newparam>
    <technique sid="metaseq">
     <lambert>
      <emission>
       <color>0.500 0.500 0.500 1</color>
      </emission>
      <ambient>
       <color>0.000 0.000 0.000 1</color>
      </ambient>
      <diffuse>
       <texture texture="texture3-sampler" texcoord="UVSET0"/>
      </diffuse>
      <reflective>
       <color>1 1 1 1</color>
      </reflective>
      <reflectivity>
       <float>0.0</float>
      </reflectivity>
      <transparent>
       <color>1 1 1 1</color>
      </transparent>
      <transparency>
       <float>1.000</float>
      </transparency>
     </lambert>
    </technique>
   </profile_COMMON>
  </effect>
  <effect id="mat4.png-fx" name="mat4.png-fx">
   <profile_COMMON>
    <newparam sid="texture4-surface">
     <surface type="2D">
      <init_from>texture4</init_from>
     </surface>
    </newparam>
    <newparam sid="texture4-sampler">
    <sampler2D>
     <source>texture4-surface</source>
     <minfilter>LINEAR</minfilter>
     <magfilter>LINEAR</magfilter>
    </sampler2D>
   </newparam>
    <technique sid="metaseq">
     <lambert>
      <emission>
       <color>0.500 0.500 0.500 1</color>
      </emission>
      <ambient>
       <color>0.000 0.000 0.000 1</color>
      </ambient>
      <diffuse>
       <texture texture="texture4-sampler" texcoord="UVSET0"/>
      </diffuse>
      <reflective>
       <color>1 1 1 1</color>
      </reflective>
      <reflectivity>
       <float>0.0</float>
      </reflectivity>
      <transparent>
       <color>1 1 1 1</color>
      </transparent>
      <transparency>
       <float>1.000</float>
      </transparency>
     </lambert>
    </technique>
   </profile_COMMON>
  </effect>
  <effect id="mat5.png-fx" name="mat5.png-fx">
   <profile_COMMON>
    <newparam sid="texture5-surface">
     <surface type="2D">
      <init_from>texture5</init_from>
     </surface>
    </newparam>
    <newparam sid="texture5-sampler">
    <sampler2D>
     <source>texture5-surface</source>
     <minfilter>LINEAR</minfilter>
     <magfilter>LINEAR</magfilter>
    </sampler2D>
   </newparam>
    <technique sid="metaseq">
     <lambert>
      <emission>
       <color>0.500 0.500 0.500 1</color>
      </emission>
      <ambient>
       <color>0.000 0.000 0.000 1</color>
      </ambient>
      <diffuse>
       <texture texture="texture5-sampler" texcoord="UVSET0"/>
      </diffuse>
      <reflective>
       <color>1 1 1 1</color>
      </reflective>
      <reflectivity>
       <float>0.0</float>
      </reflectivity>
      <transparent>
       <color>1 1 1 1</color>
      </transparent>
      <transparency>
       <float>1.000</float>
      </transparency>
     </lambert>
    </technique>
   </profile_COMMON>
  </effect>
 </library_effects>
 <library_materials>
  <material id="mat1.png" name="mat1.png">
   <instance_effect url="#mat1.png-fx"/>
  </material>
  <material id="mat2.png" name="mat2.png">
   <instance_effect url="#mat2.png-fx"/>
  </material>
  <material id="mat3.png" name="mat3.png">
   <instance_effect url="#mat3.png-fx"/>
  </material>
  <material id="mat4.png" name="mat4.png">
   <instance_effect url="#mat4.png-fx"/>
  </material>
  <material id="mat5.png" name="mat5.png">
   <instance_effect url="#mat5.png-fx"/>
  </material>
 </library_materials>
 <library_geometries>
  <geometry id="realb01-lib" name="realb01">
   <mesh>
    <source id="realb01-lib-positions" name="position">
     <float_array id="realb01-lib-positions-array" count="468">0.31197 17.30628 6.52906 0.28121 17.08270 6.50572 0.38613 17.35603 6.05681 0.38613 17.15583 6.07012 0.00051 16.82940 7.04050 0.00097 16.76986 6.84162 0.13624 16.99168 6.97460 0.13573 16.95392 6.78375 0.16447 16.54111 6.26428 0.13031 16.64255 6.39517 0.00090 16.46457 6.31088 0.00043 16.53981 6.47142 0.36318 17.18630 6.04913 0.40564 17.15933 5.90732 0.00048 16.76986 6.84162 0.00051 16.83008 7.04047 6.35456 0.14586 -0.40984 6.00727 1.19984 0.52936 7.61080 0.08399 1.50885 7.49326 0.48040 1.84779 8.06639 0.22151 2.41751 5.60711 -0.07727 2.30244 5.93362 0.59810 2.49773 4.81732 -0.14290 0.82390 4.97292 1.21370 0.91596 3.90858 0.19107 0.43826 4.15244 -0.13808 2.26639 4.43723 1.09195 1.08295 4.33122 0.33213 2.57680 4.64588 -0.10379 2.20334 5.84453 -0.05471 0.46715 6.17316 -0.01753 2.09538 6.31397 0.17990 3.33953 7.28935 0.02426 1.81468 7.52225 6.91398 -2.44412 5.73066 7.74505 0.30779 4.17627 8.23315 -1.35425 4.34766 8.44849 1.21606 2.61426 8.88599 -0.10083 5.05870 6.61632 0.35831 3.94901 6.88479 -1.36637 0.00043 16.54014 6.47105 0.00041 16.46457 6.31088 -0.38490 17.15584 6.07009 -0.27985 17.08271 6.50570 -0.38490 17.35603 6.05678 -0.31061 17.30628 6.52903 -0.13479 16.95393 6.78374 -0.13476 16.99168 6.97459 -0.12898 16.64255 6.39516 -0.16318 16.54111 6.26426 -0.40494 17.15934 5.90729 -0.36244 17.18631 6.04910 -6.35456 0.14586 -0.40984 -7.61080 0.08399 1.50885 -6.00727 1.19984 0.52936 -7.49326 0.48040 1.84779 -4.97292 1.21370 0.91596 -5.93362 0.59810 2.49773 -4.81732 -0.14290 0.82390 -5.60711 -0.07727 2.30244 -4.43723 1.09195 1.08295 -4.33122 0.33213 2.57680 -4.64588 -0.10379 2.20334 -4.34083 0.12189 3.44053 -3.90858 0.19107 0.43826 -4.15244 -0.13808 2.26639 -6.17316 -0.01753 2.09538 -5.84453 -0.05471 0.46715 -6.31397 0.17990 3.33953 -8.06620 0.22151 2.41706 -7.28935 0.02426 1.81468 -5.56210 1.20118 0.65601 -7.52225 6.91398 -2.44412 -4.17627 8.23315 -1.35474 -5.73066 7.74505 0.30779 -4.34766 8.44849 1.21606 -2.61426 8.88599 -0.10083 -5.05870 6.61632 0.35831 -3.94901 6.88479 -1.36637 -5.41413 4.45818 -2.12112 3.70228 2.49575 -2.44374 4.14857 3.14321 -2.32680 3.76107 2.57124 -4.59687 4.77059 2.52277 -2.54248 -3.70228 2.49575 -2.44374 -3.76107 2.57124 -4.59687 -4.14857 3.14321 -2.32680 -4.77059 2.52277 -2.54248 3.23535 8.84058 0.40356 5.16530 5.09470 -1.82938 6.95721 7.23454 -1.90439 6.91794 5.81982 -2.51302 3.10449 8.59497 -0.27710 4.15039 8.47681 1.12671 2.36182 9.66373 -4.19971 2.60482 15.44553 -2.53091 2.38524 14.14121 -1.29809 2.59654 14.70294 -2.82716 2.12537 14.11731 -1.31937 2.79985 14.04242 -1.30988 2.61084 10.92870 -4.64703 2.12151 14.10403 -1.31701 2.79970 14.06194 -1.32912 4.89328 15.38735 1.33674 4.52547 15.78814 1.46470 4.18013 15.08573 1.99038 4.26221 15.39184 1.16070 5.24099 15.87245 1.37264 4.87384 15.19174 2.30812 5.55229 15.28042 1.38723 5.91055 15.71648 1.43576 5.74475 14.82166 2.23702 6.04329 14.95467 1.15348 4.34083 0.12189 3.44053 5.56210 1.20118 0.65601 2.90728 14.03097 -1.35026 1.98229 14.13345 -1.32356 2.65099 15.70344 -2.84850 2.38037 8.96336 -4.63382 5.41413 4.45818 -2.12112 6.36939 4.77852 -2.35682 3.25293 8.40845 -0.37671 4.29541 8.37085 1.03394 -3.23535 8.84058 0.40356 -6.95721 7.23454 -1.90439 -5.16530 5.09470 -1.82938 -6.91794 5.81982 -2.51302 -4.15039 8.47681 1.12671 -3.10449 8.59497 -0.27710 -2.36182 9.66373 -4.19971 -2.39274 14.14105 -1.29923 -2.61598 15.44467 -2.52963 -2.60743 14.70356 -2.82713 -2.80807 14.04011 -1.30846 -2.13371 14.11724 -1.31757 -2.61084 10.92870 -4.64703 -2.80843 14.06157 -1.32913 -2.13215 14.10513 -1.31748 -4.89326 15.38654 1.33644 -4.18015 15.08506 1.99004 -4.52532 15.78740 1.46441 -4.26211 15.39115 1.16047 -5.24090 15.87158 1.37232 -5.55236 15.27949 1.38689 -4.87392 15.19094 2.30769 -5.91056 15.71548 1.43539 -6.04348 14.95365 1.15314 -5.74501 14.82070 2.23654 -2.91791 14.03202 -1.34922 -2.65997 15.70249 -2.84649 -1.99055 14.13321 -1.32283 -2.38037 8.96336 -4.63382 -6.36939 4.77852 -2.35682 -4.29541 8.37085 1.03394 -3.25293 8.40845 -0.37720</float_array>
     <technique_common>
      <accessor count="156" source="#realb01-lib-positions-array" stride="3">
       <param name="X" type="float"/>
       <param name="Y" type="float"/>
       <param name="Z" type="float"/>
      </accessor>
     </technique_common>
    </source>
    <source id="realb01-lib-normals" name="normal">
     <float_array id="realb01-lib-normals-array" count="1152">0.97772 -0.03557 0.20686 0.94424 -0.14171 0.29720 0.96083 -0.18609 0.20535 0.97772 -0.03557 0.20686 0.97147 0.01575 0.23664 0.94424 -0.14171 0.29720 0.84548 -0.52029 0.12024 0.45171 -0.85864 0.24226 0.95596 -0.28096 0.08491 0.84548 -0.52029 0.12024 0.88826 -0.44076 0.12932 0.45171 -0.85864 0.24226 0.96083 -0.18609 0.20535 0.88826 -0.44076 0.12932 0.84548 -0.52029 0.12024 0.96083 -0.18609 0.20535 0.94424 -0.14171 0.29720 0.88826 -0.44076 0.12932 0.32341 -0.82133 0.46992 0.78695 -0.43547 0.43712 0.74927 -0.41434 0.51664 0.32341 -0.82133 0.46992 0.90378 -0.38710 0.18257 0.78695 -0.43547 0.43712 0.92720 -0.18840 0.32372 0.78695 -0.43547 0.43712 0.92831 -0.19683 0.31542 0.92720 -0.18840 0.32372 0.74927 -0.41434 0.51664 0.78695 -0.43547 0.43712 -0.45128 -0.85884 0.24237 0.95596 -0.28096 0.08491 0.45171 -0.85864 0.24226 -1.00000 -0.00000 0.00014 -1.00000 -0.00000 0.00014 -0.95632 -0.28001 0.08396 0.68285 0.58502 -0.43756 0.67759 0.59829 -0.42770 0.67735 0.60111 -0.42410 0.68285 0.58502 -0.43756 0.68547 0.57980 -0.44041 0.67759 0.59829 -0.42770 0.69211 0.57653 -0.43428 0.68547 0.57980 -0.44041 0.68285 0.58502 -0.43756 -0.84892 0.11221 0.51648 -0.84032 0.21988 0.49549 -0.84409 0.27498 0.46032 -0.84892 0.11221 0.51648 -0.84256 0.06032 0.53521 -0.84032 0.21988 0.49549 -0.91173 0.37418 0.16951 -0.93849 0.32648 0.11246 -0.90010 0.39179 0.19061 -0.91173 0.37418 0.16951 -0.94876 0.30414 0.08571 -0.93849 0.32648 0.11246 0.93430 0.31064 0.17491 0.87755 0.46155 0.12990 0.94817 0.25095 0.19493 0.93430 0.31064 0.17491 0.84421 0.52741 0.09568 0.87755 0.46155 0.12990 -0.09382 -0.99383 -0.05913 0.01473 -0.99610 0.08697 0.08211 -0.99124 0.10348 -0.09382 -0.99383 -0.05913 -0.29229 -0.94724 -0.13156 0.01473 -0.99610 0.08697 -0.09382 -0.99383 -0.05913 0.12193 -0.99082 0.05834 0.12290 -0.99013 -0.06735 -0.09382 -0.99383 -0.05913 0.12440 -0.99075 0.05422 0.12193 -0.99082 0.05834 -0.84032 0.21988 0.49549 -0.82724 0.25520 0.50055 -0.84409 0.27498 0.46032 0.86414 0.48740 -0.12531 0.87072 0.45720 -0.18115 0.87537 0.45227 -0.17084 0.94868 0.28656 -0.13375 0.87072 0.45720 -0.18115 0.86414 0.48740 -0.12531 -0.62589 0.18332 0.75806 -0.61234 0.21859 0.75978 -0.63230 0.22894 0.74012 -0.62589 0.18332 0.75806 -0.66855 0.07934 0.73943 -0.61234 0.21859 0.75978 -0.68265 0.05241 0.72886 -0.66855 0.07934 0.73943 -0.62589 0.18332 0.75806 0.16691 -0.98541 -0.03325 0.12290 -0.99013 -0.06735 0.16467 -0.98616 -0.01952 0.16691 -0.98541 -0.03325 0.15554 -0.97878 -0.13340 0.12290 -0.99013 -0.06735 -0.35069 -0.93282 0.08283 -0.37347 -0.92437 0.07782 -0.35104 -0.93481 0.05377 -0.35069 -0.93282 0.08283 -0.35928 -0.92768 0.10167 -0.37347 -0.92437 0.07782 -0.31428 -0.94404 0.10004 -0.35928 -0.92768 0.10167 -0.35069 -0.93282 0.08283 0.64364 0.59610 -0.47999 0.68373 0.59005 -0.42936 0.59642 0.51837 -0.61284 0.64364 0.59610 -0.47999 0.70377 0.61409 -0.35722 0.68373 0.59005 -0.42936 -1.00000 -0.00221 -0.00187 -0.90382 -0.38798 0.18048 -1.00000 -0.00221 -0.00187 1.00000 0.00000 -0.00014 1.00000 0.00000 -0.00014 0.90378 -0.38710 0.18257 0.32341 -0.82133 0.46992 -0.32332 -0.82159 0.46952 0.00000 -0.90439 0.42671 -0.97767 -0.03557 0.20711 -0.94441 -0.14166 0.29668 -0.97141 0.01574 0.23689 -0.97767 -0.03557 0.20711 -0.96088 -0.18575 0.20542 -0.94441 -0.14166 0.29668 -0.84569 -0.51972 0.12126 -0.45128 -0.85884 0.24237 -0.88843 -0.43986 0.13121 -0.84569 -0.51972 0.12126 -0.95632 -0.28001 0.08396 -0.45128 -0.85884 0.24237 -0.96088 -0.18575 0.20542 -0.88843 -0.43986 0.13121 -0.94441 -0.14166 0.29668 -0.96088 -0.18575 0.20542 -0.84569 -0.51972 0.12126 -0.88843 -0.43986 0.13121 -0.32332 -0.82159 0.46952 -0.78702 -0.43566 0.43682 -0.90382 -0.38798 0.18048 -0.32332 -0.82159 0.46952 -0.74905 -0.41445 0.51687 -0.78702 -0.43566 0.43682 -0.92695 -0.18905 0.32406 -0.78702 -0.43566 0.43682 -0.74905 -0.41445 0.51687 -0.92695 -0.18905 0.32406 -0.92807 -0.19752 0.31572 -0.78702 -0.43566 0.43682 0.95596 -0.28096 0.08491 1.00000 0.00000 -0.00014 1.00000 0.00000 -0.00014 -0.67759 0.59829 -0.42770 -0.68284 0.58503 -0.43758 -0.67735 0.60111 -0.42410 -0.67759 0.59829 -0.42770 -0.68544 0.57981 -0.44043 -0.68284 0.58503 -0.43758 0.84892 0.11221 0.51648 0.84032 0.21988 0.49549 0.84256 0.06032 0.53521 0.84892 0.11221 0.51648 0.84409 0.27498 0.46032 0.84032 0.21988 0.49549 -0.87755 0.46155 0.12990 -0.93430 0.31064 0.17491 -0.94817 0.25095 0.19493 -0.87755 0.46155 0.12990 -0.84421 0.52741 0.09568 -0.93430 0.31064 0.17491 -0.84979 0.51427 0.11572 -0.84421 0.52741 0.09568 -0.87755 0.46155 0.12990 0.93849 0.32648 0.11246 0.91173 0.37418 0.16951 0.90010 0.39179 0.19061 0.93849 0.32648 0.11246 0.94876 0.30414 0.08571 0.91173 0.37418 0.16951 0.94866 0.30475 0.08474 0.94876 0.30414 0.08571 0.93849 0.32648 0.11246 0.09382 -0.99383 -0.05913 -0.01473 -0.99610 0.08697 0.29229 -0.94724 -0.13156 0.09382 -0.99383 -0.05913 -0.08211 -0.99124 0.10348 -0.01473 -0.99610 0.08697 0.09382 -0.99383 -0.05913 -0.12193 -0.99082 0.05834 -0.12440 -0.99075 0.05422 0.09382 -0.99383 -0.05913 -0.12290 -0.99013 -0.06735 -0.12193 -0.99082 0.05834 0.82724 0.25520 0.50055 0.84032 0.21988 0.49549 0.84409 0.27498 0.46032 -0.87537 0.45227 -0.17084 -0.87072 0.45720 -0.18115 -0.89761 0.40913 -0.16404 0.61225 0.21855 0.75986 0.62583 0.18329 0.75811 0.63214 0.22886 0.74029 0.61225 0.21855 0.75986 0.66855 0.07934 0.73943 0.62583 0.18329 0.75811 -0.89761 0.40913 -0.16404 -0.94868 0.28656 -0.13375 -0.96490 0.23470 -0.11779 -0.89761 0.40913 -0.16404 -0.87072 0.45720 -0.18115 -0.94868 0.28656 -0.13375 -0.16693 -0.98541 -0.03323 -0.12290 -0.99013 -0.06735 -0.15554 -0.97878 -0.13340 -0.16693 -0.98541 -0.03323 -0.16468 -0.98615 -0.01950 -0.12290 -0.99013 -0.06735 0.37349 -0.92437 0.07781 0.35070 -0.93282 0.08281 0.35105 -0.93481 0.05376 0.37349 -0.92437 0.07781 0.35928 -0.92768 0.10165 0.35070 -0.93282 0.08281 -0.68373 0.59005 -0.42936 -0.64364 0.59610 -0.47999 -0.59642 0.51837 -0.61284 -0.68373 0.59005 -0.42936 -0.70377 0.61409 -0.35722 -0.64364 0.59610 -0.47999 -0.73273 0.56184 -0.38399 -0.70377 0.61409 -0.35722 -0.68373 0.59005 -0.42936 -0.82313 0.56785 -0.00257 -0.82313 0.56785 -0.00257 0.62382 0.72601 -0.28941 0.82313 0.56785 -0.00257 0.82313 0.56785 -0.00257 -0.62382 0.72601 -0.28941 0.40246 -0.30679 0.86250 0.40246 -0.30679 0.86250 0.40246 -0.30679 0.86250 0.45805 0.84694 -0.26998 0.45805 0.84694 -0.26998 0.45805 0.84694 -0.26998 0.99229 -0.07103 0.10160 0.99229 -0.07103 0.10160 0.99229 -0.07103 0.10160 0.09641 0.91728 0.38640 0.09641 0.91728 0.38640 0.09641 0.91728 0.38640 0.03277 0.72573 -0.68720 0.03277 0.72573 -0.68720 0.03277 0.72573 -0.68720 0.57844 0.28706 0.76355 0.57844 0.28706 0.76355 -0.86201 0.49729 0.09821 -0.86201 0.49729 0.09821 -0.86201 0.49729 0.09821 0.08739 -0.93737 -0.33720 -0.04781 -0.96500 -0.25785 0.08739 -0.93737 -0.33720 0.72165 0.39349 0.56955 0.72165 0.39349 0.56955 0.72165 0.39349 0.56955 -0.81221 0.57482 0.09950 -0.81221 0.57482 0.09950 -0.14218 -0.96981 -0.19814 -0.43790 -0.86534 -0.24378 -0.04781 -0.96500 -0.25785 0.95985 0.06624 0.27259 0.95985 0.06624 0.27259 -0.71358 0.53608 0.45102 -0.71358 0.53608 0.45102 -0.71358 0.53608 0.45102 -0.61689 -0.74247 -0.26111 -0.61689 -0.74247 -0.26111 -0.43790 -0.86534 -0.24378 0.84979 0.51427 0.11572 0.87755 0.46155 0.12990 0.84421 0.52741 0.09568 -0.94866 0.30475 0.08474 -0.93849 0.32648 0.11246 -0.94876 0.30414 0.08571 0.09344 -0.97514 0.20092 0.08211 -0.99124 0.10348 0.01473 -0.99610 0.08697 0.15370 -0.97845 0.13787 0.12193 -0.99082 0.05834 0.12440 -0.99075 0.05422 0.21776 -0.97525 0.03842 0.16691 -0.98541 -0.03325 0.16467 -0.98616 -0.01952 0.14436 0.94864 0.28152 0.86414 0.48740 -0.12531 0.02209 -0.99916 -0.03443 0.02209 -0.99916 -0.03443 0.86414 0.48740 -0.12531 0.96490 0.23470 -0.11779 0.94868 0.28656 -0.13375 -0.09567 -0.67228 -0.73409 -0.09567 -0.67228 -0.73409 0.03566 0.54082 -0.84038 0.03566 0.54082 -0.84038 0.03566 0.54082 -0.84038 0.70377 0.61409 -0.35722 0.73273 0.56184 -0.38399 0.68373 0.59005 -0.42936 0.57309 0.71269 -0.40452 0.57309 0.71269 -0.40452 -0.40246 -0.30679 0.86250 -0.40246 -0.30679 0.86250 -0.45805 0.84694 -0.26998 -0.45805 0.84694 -0.26998 -0.45805 0.84694 -0.26998 -0.99204 -0.07321 0.10243 -0.99204 -0.07321 0.10243 -0.09960 0.91658 0.38726 -0.09960 0.91658 0.38726 -0.09960 0.91658 0.38726 -0.03490 0.72561 -0.68722 -0.03490 0.72561 -0.68722 -0.03490 0.72561 -0.68722 -0.57841 0.28716 0.76353 0.86204 0.49722 0.09830 0.86204 0.49722 0.09830 0.04800 -0.96498 -0.25788 -0.08718 -0.93737 -0.33725 -0.08718 -0.93737 -0.33725 -0.72160 0.39361 0.56953 -0.72160 0.39361 0.56953 0.81223 0.57478 0.09958 0.81223 0.57478 0.09958 0.43794 -0.86533 -0.24375 0.14235 -0.96978 -0.19814 0.04800 -0.96498 -0.25788 -0.95983 0.06647 0.27259 -0.95983 0.06647 0.27259 0.71351 0.53602 0.45121 0.71351 0.53602 0.45121 0.61688 -0.74250 -0.26106 0.61688 -0.74250 -0.26106 0.43794 -0.86533 -0.24375 -0.08211 -0.99124 0.10348 -0.09344 -0.97514 0.20092 -0.01473 -0.99610 0.08697 -0.12193 -0.99082 0.05834 -0.15370 -0.97845 0.13787 -0.12440 -0.99075 0.05422 -0.68544 0.57981 -0.44043 -0.69206 0.57655 -0.43432 -0.68284 0.58503 -0.43758 -0.16693 -0.98541 -0.03323 -0.21780 -0.97524 0.03846 -0.16468 -0.98615 -0.01950 -0.14436 0.94864 0.28152 -0.02209 -0.99916 -0.03443 -0.02209 -0.99916 -0.03443 0.66855 0.07934 0.73943 0.68265 0.05241 0.72886 0.62583 0.18329 0.75811 0.09427 -0.67251 -0.73406 0.09427 -0.67251 -0.73406 0.09427 -0.67251 -0.73406 -0.03510 0.54086 -0.84038 0.35928 -0.92768 0.10165 0.31426 -0.94405 0.10003 0.35070 -0.93282 0.08281 -0.57317 0.71267 -0.40445 -0.57317 0.71267 -0.40445 -0.57317 0.71267 -0.40445</float_array>
     <technique_common>
      <accessor count="375" source="#realb01-lib-normals-array" stride="3">
       <param name="X" type="float"/>
       <param name="Y" type="float"/>
       <param name="Z" type="float"/>
      </accessor>
     </technique_common>
    </source>
    <source id="realb01-lib-texcoords">
     <float_array id="realb01-lib-texcoords-array" count="804">0.27637 -0.74023 0.64355 -0.63672 0.64355 -0.73926 0.27637 -0.74023 0.27539 -0.63574 0.64355 -0.63672 0.28613 -0.74219 0.50195 -0.60156 0.52539 -0.74023 0.28613 -0.74219 0.29004 -0.60059 0.50195 -0.60156 0.27734 -0.73926 0.71484 -0.65625 0.74512 -0.73926 0.27734 -0.73926 0.34277 -0.60156 0.71484 -0.65625 0.30078 -0.73926 0.40918 -0.63477 0.41699 -0.74121 0.30078 -0.73926 0.29590 -0.62988 0.40918 -0.63477 0.27930 -0.73926 0.73535 -0.65723 0.29883 -0.62305 0.27930 -0.73926 0.74316 -0.73926 0.73535 -0.65723 0.47852 -0.12891 0.49219 -0.01953 0.47852 -0.12891 0.47852 -0.12891 0.49121 -0.01953 0.49219 -0.01953 0.99023 -0.24219 0.88086 -0.01074 0.99316 -0.01074 0.99023 -0.24219 0.89062 -0.23730 0.88086 -0.01074 0.96484 -0.28906 0.89062 -0.23730 0.99023 -0.24219 0.99414 -0.01074 0.88574 -0.23438 0.98438 -0.24023 0.99414 -0.01074 0.88379 -0.01074 0.88574 -0.23438 0.88281 -0.01074 0.98828 -0.23828 0.99316 -0.01074 0.88281 -0.01074 0.89062 -0.23438 0.98828 -0.23828 0.99316 -0.01074 0.89062 -0.23438 0.88281 -0.01074 0.99316 -0.01074 0.98828 -0.23828 0.89062 -0.23438 0.77344 -0.24219 0.76562 -0.24219 0.76953 -0.23828 0.77344 -0.24219 0.77344 -0.25000 0.76562 -0.24219 0.76953 -0.24219 0.76562 -0.24219 0.76953 -0.24609 0.76953 -0.24219 0.76562 -0.23828 0.76562 -0.24219 0.88574 -0.23438 0.96094 -0.28906 0.99023 -0.23926 0.88574 -0.23438 0.98730 -0.23828 0.96094 -0.28906 0.99316 -0.01074 0.98730 -0.23828 0.88574 -0.23438 0.98926 -0.24316 0.89062 -0.23730 0.96484 -0.28906 0.98926 -0.24316 0.88184 -0.01074 0.89062 -0.23730 0.99316 -0.01074 0.88184 -0.01074 0.98926 -0.24316 0.76562 -0.24219 0.77344 -0.24219 0.76953 -0.23828 0.76562 -0.24219 0.77344 -0.25000 0.77344 -0.24219 0.39746 -0.76074 0.39453 -0.99902 0.67090 -0.87402 0.39746 -0.76074 0.01074 -0.99316 0.39453 -0.99902 0.01172 -0.76367 0.01074 -0.99316 0.39746 -0.76074 0.70605 -0.99121 0.99805 -0.95801 1.00098 -0.99023 0.70605 -0.99121 0.70703 -0.95703 0.99805 -0.95801 0.59082 -0.66016 0.59082 -0.66016 0.69922 -0.66992 0.59082 -0.66016 0.69922 -0.66992 0.59082 -0.66016 0.69922 -0.66992 0.69922 -0.66992 0.59082 -0.66016 0.27637 -0.74023 0.64355 -0.63672 0.27539 -0.63574 0.27637 -0.74023 0.64355 -0.73926 0.64355 -0.63672 0.28613 -0.74219 0.50195 -0.60156 0.29004 -0.60059 0.28613 -0.74219 0.52539 -0.74023 0.50195 -0.60156 0.27734 -0.73926 0.71484 -0.65625 0.34277 -0.60156 0.27734 -0.73926 0.74512 -0.73926 0.71484 -0.65625 0.30078 -0.73926 0.40918 -0.63477 0.29590 -0.62988 0.30078 -0.73926 0.41699 -0.74121 0.40918 -0.63477 0.27930 -0.73926 0.73535 -0.65723 0.74316 -0.73926 0.27930 -0.73926 0.29883 -0.62305 0.73535 -0.65723 0.49219 -0.01953 0.49121 -0.01953 0.47852 -0.12891 0.88086 -0.01074 0.99023 -0.24219 0.99316 -0.01074 0.88086 -0.01074 0.89062 -0.23730 0.99023 -0.24219 0.99414 -0.01074 0.88574 -0.23438 0.88379 -0.01074 0.99414 -0.01074 0.98438 -0.24023 0.88574 -0.23438 0.89062 -0.23438 0.99316 -0.01074 0.88281 -0.01074 0.89062 -0.23438 0.98828 -0.23828 0.99316 -0.01074 0.96094 -0.29297 0.98828 -0.23828 0.89062 -0.23438 0.98828 -0.23828 0.88281 -0.01074 0.99316 -0.01074 0.98828 -0.23828 0.89062 -0.23438 0.88281 -0.01074 0.96094 -0.28906 0.89062 -0.23438 0.98828 -0.23828 0.77344 -0.24219 0.76562 -0.24219 0.77344 -0.25000 0.77344 -0.24219 0.76953 -0.23828 0.76562 -0.24219 0.76953 -0.24219 0.76562 -0.24219 0.76562 -0.23828 0.76953 -0.24219 0.76953 -0.24609 0.76562 -0.24219 0.96094 -0.28906 0.88574 -0.23438 0.99023 -0.23926 0.96094 -0.28906 0.98730 -0.23828 0.88574 -0.23438 0.89062 -0.23730 0.98926 -0.24316 0.96484 -0.28906 0.89062 -0.23730 0.88184 -0.01074 0.98926 -0.24316 0.88574 -0.23438 0.99316 -0.01074 0.88477 -0.01074 0.88574 -0.23438 0.98730 -0.23828 0.99316 -0.01074 0.76562 -0.24219 0.77344 -0.24219 0.77344 -0.25000 0.76562 -0.24219 0.76953 -0.23828 0.77344 -0.24219 0.39453 -0.99902 0.39746 -0.76074 0.67090 -0.87402 0.39453 -0.99902 0.01074 -0.99316 0.39746 -0.76074 0.99805 -0.95801 0.70605 -0.99121 1.00098 -0.99023 0.99805 -0.95801 0.70703 -0.95703 0.70605 -0.99121 0.84375 -0.41797 0.70703 -0.95703 0.99805 -0.95801 0.96094 -0.28906 0.98438 -0.06641 0.91797 -0.05469 0.96094 -0.28906 0.91797 -0.05469 0.98438 -0.06641 0.98438 -0.06641 0.96094 -0.28906 0.91797 -0.05469 0.98438 -0.06641 0.91797 -0.05469 0.96094 -0.28906 0.67578 -0.04785 0.02930 -0.60645 0.00195 -0.00195 1.00195 -0.99609 0.70215 -0.99609 0.84473 -0.41797 0.00000 0.00000 0.67578 -0.05078 0.02832 -0.60645 0.84473 -0.41797 0.70215 -0.99609 1.00195 -0.99609 1.00195 -0.99609 0.70215 -0.99609 0.84473 -0.41797 0.95508 -0.28613 0.89160 -0.01074 0.99121 -0.01074 0.96582 -0.28906 0.98828 -0.01074 0.89746 -0.01074 0.97363 -0.24414 0.95410 -0.26758 0.94531 -0.25195 0.98926 -0.01074 0.95801 -0.28711 0.89160 -0.01074 0.96875 -0.28809 0.98535 -0.01074 0.90039 -0.01074 0.96973 -0.24609 0.95801 -0.26367 0.94727 -0.25293 0.98926 -0.01074 0.95703 -0.29004 0.89062 -0.01074 0.96680 -0.29004 0.98438 -0.01074 0.89648 -0.01074 0.96973 -0.24219 0.94922 -0.25293 0.94434 -0.23535 0.96094 -0.29297 0.89062 -0.23438 0.98828 -0.23828 0.96094 -0.28906 0.98828 -0.23828 0.89062 -0.23438 0.77344 -0.25781 0.76562 -0.25781 0.76562 -0.25000 0.76953 -0.25781 0.76562 -0.25781 0.76562 -0.25000 0.77344 -0.25391 0.76562 -0.25000 0.76562 -0.25781 0.85156 -0.01074 0.74609 -0.01074 0.80078 -0.28125 0.76562 -0.25000 0.76562 -0.24609 0.76562 -0.25000 0.88574 -0.23438 0.88477 -0.01074 0.99316 -0.01074 0.66895 -0.87500 0.06641 -0.74805 0.06445 -0.99805 0.70215 -0.99609 0.84473 -0.41797 1.00195 -0.99609 0.70703 -0.95703 0.84375 -0.41797 0.99805 -0.95801 1.00195 -0.99609 0.70215 -0.99609 0.84473 -0.41797 0.02930 -0.60645 0.67578 -0.04785 0.00195 -0.00195 0.70215 -0.99609 1.00195 -0.99609 0.84473 -0.41797 0.67578 -0.05078 0.00000 0.00000 0.02832 -0.60645 0.70215 -0.99609 0.84473 -0.41797 1.00195 -0.99609 0.70215 -0.99609 1.00195 -0.99609 0.84473 -0.41797 0.89160 -0.01074 0.95508 -0.28613 0.99121 -0.01074 0.98828 -0.01074 0.96582 -0.28906 0.89746 -0.01074 0.95410 -0.26758 0.97363 -0.24414 0.94531 -0.25195 0.95801 -0.28711 0.98926 -0.01074 0.89160 -0.01074 0.98535 -0.01074 0.96875 -0.28809 0.90039 -0.01074 0.95801 -0.26367 0.96973 -0.24609 0.94727 -0.25293 0.95703 -0.29004 0.98926 -0.01074 0.89062 -0.01074 0.98438 -0.01074 0.96680 -0.29004 0.89648 -0.01074 0.94922 -0.25293 0.96973 -0.24219 0.94434 -0.23535 0.76562 -0.25781 0.77344 -0.25781 0.76562 -0.25000 0.76562 -0.25781 0.76953 -0.25781 0.76562 -0.25000 0.89062 -0.23730 0.96484 -0.28906 0.99023 -0.24219 0.76562 -0.25000 0.77344 -0.25391 0.76562 -0.25781 0.74609 -0.01074 0.85156 -0.01074 0.80078 -0.28125 0.76562 -0.24609 0.76562 -0.25000 0.76562 -0.25000 0.88184 -0.01074 0.99316 -0.01074 0.98926 -0.24316 0.06641 -0.74805 0.66895 -0.87500 0.06445 -0.99805 0.84473 -0.41797 0.70215 -0.99609 1.00195 -0.99609 0.01074 -0.99316 0.01172 -0.76367 0.39746 -0.76074 0.70215 -0.99609 1.00195 -0.99609 0.84473 -0.41797</float_array>
     <technique_common>
      <accessor count="402" offset="0" source="#realb01-lib-texcoords-array" stride="2">
       <param name="U" type="float"/>
       <param name="V" type="float"/>
      </accessor>
     </technique_common>
    </source>
    <vertices id="realb01-lib-vertices">
     <input semantic="POSITION" source="#realb01-lib-positions"/>
    </vertices>
    <polylist count="134" material="mat2.png">
     <input offset="0" semantic="VERTEX" source="#realb01-lib-vertices"/>
     <input offset="1" semantic="NORMAL" source="#realb01-lib-normals"/>
     <input offset="2" semantic="TEXCOORD" source="#realb01-lib-texcoords"/>
     <vcount>3 3 3 3 3 3 3 3 3 3 3 3 3 3 3 3 3 3 3 3 3 3 3 3 3 3 3 3 3 3 3 3 3 3 3 3 3 3 3 3 3 3 3 3 3 3 3 3 3 3 3 3 3 3 3 3 3 3 3 3 3 3 3 3 3 3 3 3 3 3 3 3 3 3 3 3 3 3 3 3 3 3 3 3 3 3 3 3 3 3 3 3 3 3 3 3 3 3 3 3 3 3 3 3 3 3 3 3 3 3 3 3 3 3 3 3 3 3 3 3 3 3 3 3 3 3 3 3 3 3 3 3 3 3</vcount>
     <p>0 2 2 1 1 1 2 0 0 1 5 5 3 4 4 2 3 3 4 8 8 5 7 7 6 6 6 5 11 11 7 10 10 6 9 9 6 14 14 7 13 13 0 12 12 7 17 17 1 16 16 0 15 15 8 20 20 9 19 19 10 18 18 9 23 23 11 22 22 10 21 21 12 26 26 9 25 25 13 24 24 9 29 29 8 28 28 13 27 27 5 32 32 4 31 31 14 30 30 4 35 35 15 34 34 14 33 33 16 38 38 17 37 37 18 36 36 17 41 41 19 40 40 18 39 39 18 44 44 19 43 43 20 42 42 21 47 47 22 46 46 23 45 45 22 50 50 24 49 49 23 48 48 25 53 53 26 52 52 27 51 51 26 56 56 28 55 55 27 54 54 27 59 59 28 58 58 23 57 57 28 62 62 29 61 61 23 60 60 29 65 65 26 64 64 23 63 63 26 68 68 25 67 67 23 66 66 30 71 71 31 70 70 23 69 69 31 74 74 21 73 73 23 72 72 21 77 77 32 76 76 22 75 75 32 80 80 31 79 79 22 78 78 22 83 83 31 82 82 30 81 81 20 86 86 19 85 85 33 84 84 19 89 89 17 88 88 33 87 87 33 92 92 17 91 91 30 90 90 33 95 95 30 94 94 18 93 93 30 98 98 16 97 97 18 96 96 34 101 101 35 100 100 36 99 99 35 104 104 37 103 103 36 102 102 36 107 107 37 106 106 38 105 105 37 110 110 39 109 109 38 108 108 39 113 113 40 112 112 38 111 111 10 116 116 11 115 115 41 114 114 11 119 119 42 118 118 41 117 117 41 122 122 42 121 121 10 120 120 43 125 125 44 124 124 45 123 123 44 128 128 46 127 127 45 126 126 47 131 131 14 130 130 48 129 129 14 134 134 4 133 133 48 132 132 44 137 137 47 136 136 46 135 135 47 140 140 48 139 139 46 138 138 11 143 143 49 142 142 42 141 141 49 146 146 50 145 145 42 144 144 50 149 149 49 148 148 51 147 147 49 152 152 52 151 151 51 150 150 14 155 155 15 154 154 4 153 153 53 158 158 54 157 157 55 156 156 54 161 161 56 160 160 55 159 159 57 164 164 58 163 163 59 162 162 58 167 167 60 166 166 59 165 165 61 170 170 59 169 169 62 168 168 59 173 173 63 172 172 62 171 171 62 176 176 63 175 175 64 174 174 65 179 179 61 178 178 66 177 177 61 182 182 62 181 181 66 180 180 66 185 185 62 184 184 64 183 183 65 188 188 66 187 187 59 186 186 66 191 191 63 190 190 59 189 189 60 194 194 67 193 193 59 192 192 67 197 197 68 196 196 59 195 195 60 200 200 58 199 199 69 198 198 58 203 203 67 202 202 69 201 201 70 206 206 71 205 205 56 204 204 71 209 209 55 208 208 56 207 207 72 212 212 68 211 211 58 210 210 68 215 215 67 214 214 58 213 213 53 218 218 68 217 217 54 216 216 68 221 221 71 220 220 54 219 219 73 224 224 74 223 223 75 222 222 74 227 227 76 226 226 75 225 225 76 230 230 77 229 229 78 228 228 77 233 233 79 232 232 78 231 231 78 236 236 79 235 235 80 234 234 81 238 239 82 238 238 83 237 237 82 239 242 84 239 241 83 239 240 85 241 245 86 240 244 87 240 243 86 242 248 88 242 247 87 242 246 89 245 251 90 244 250 91 243 249 92 248 254 93 247 253 94 246 252 95 251 257 96 250 256 97 249 255 98 254 260 99 253 259 100 252 258 101 257 263 102 256 262 103 255 261 104 259 266 105 259 265 106 258 264 105 262 269 107 261 268 106 260 267 107 265 272 104 264 271 106 263 270 108 268 275 109 267 274 110 266 273 108 270 278 104 270 277 109 269 276 104 273 281 110 272 280 109 271 279 111 275 284 112 275 283 113 274 282 111 278 287 110 277 286 112 276 285 110 281 290 113 280 289 112 279 288 29 284 293 28 283 292 114 282 291 28 287 296 26 286 295 114 285 294 26 290 299 29 289 298 114 288 297 21 293 302 31 292 301 32 291 300 33 296 305 18 295 304 20 294 303 22 298 308 115 297 307 24 297 306 84 300 311 81 299 310 83 299 309 30 303 314 115 302 313 22 301 312 116 305 317 117 304 316 118 304 315 116 308 320 119 307 319 117 306 318 39 311 323 120 310 322 40 309 321 121 313 326 122 312 325 123 312 324 124 315 329 125 314 328 126 314 327 127 318 332 128 317 331 129 316 330 130 320 335 131 320 334 132 319 333 133 323 338 134 322 337 135 321 336 136 326 341 137 325 340 138 324 339 139 327 344 140 327 343 141 327 342 141 329 347 140 329 346 142 328 345 142 332 350 140 331 349 139 330 348 143 334 353 144 333 352 145 333 351 143 336 356 145 335 355 139 335 354 139 339 359 145 338 358 144 337 357 146 341 362 147 340 361 148 340 360 146 343 365 148 342 364 144 342 363 144 346 368 148 345 367 147 344 366 66 349 371 64 348 370 63 347 369 60 352 374 69 351 373 67 350 372 54 355 377 70 354 376 56 353 375 71 358 380 70 357 379 54 356 378 58 359 383 57 359 382 72 359 381 88 361 386 86 360 385 85 360 384 71 364 389 68 363 388 55 362 387 149 367 392 150 366 391 151 365 390 149 368 395 151 368 394 152 368 393 74 371 398 77 370 397 76 369 396 153 374 401 154 373 400 155 372 399</p>
    </polylist>
   </mesh>
  </geometry>
  <geometry id="realb01_1-lib" name="realb01_1">
   <mesh>
    <source id="realb01_1-lib-positions" name="position">
     <float_array id="realb01_1-lib-positions-array" count="726">2.41465 14.55652 0.42299 2.90728 14.03097 -1.35026 3.12158 13.59685 1.11518 2.48641 14.55830 -0.76387 1.35933 13.81615 1.06416 1.98229 14.13345 -1.32356 2.24072 13.44786 -0.14030 2.01074 13.46378 2.12924 2.49828 4.99702 1.88488 1.89502 5.93921 -2.41870 1.94648 6.49766 1.94303 2.97074 5.07217 -0.70510 3.05835 3.86954 0.79654 3.48527 4.04206 -0.81108 3.95615 5.62887 2.64525 4.66062 3.96815 2.23599 5.15641 6.11859 1.26463 5.52869 4.66844 0.99277 4.07245 6.61147 -0.17668 4.76134 4.23069 -0.86275 3.36555 5.65858 -1.08604 3.94405 4.08855 -1.24621 5.20251 2.50484 -1.29472 4.86453 2.99640 -1.78866 4.11386 3.39189 -1.79888 4.07758 12.46949 0.22274 5.64102 14.36872 0.49462 5.04916 11.71791 -0.47224 5.13164 14.28796 0.85001 3.97843 12.93680 -1.09840 4.70916 14.55936 0.13003 6.35456 0.14586 -0.40984 3.70228 2.49575 -2.44374 3.90858 0.19107 0.43826 4.77059 2.52277 -2.54248 6.00727 1.19984 0.52936 0.31191 16.65657 6.06641 0.54723 17.35119 5.79457 0.57112 17.09820 5.51898 0.29777 16.77811 6.19114 0.18592 16.30069 5.99152 0.18597 16.49237 6.34929 0.00036 16.24547 5.97901 0.00042 16.37643 6.42410 -0.18470 16.30070 5.99151 -0.18514 16.49237 6.34927 -0.31067 16.65657 6.06639 -0.29650 16.77811 6.19112 -0.57004 17.09821 5.51893 -0.54607 17.35120 5.79453 0.35202 17.21959 6.56952 0.47354 17.22510 6.08920 0.51303 17.93158 5.65956 0.20557 17.44294 6.89459 0.44228 18.04378 6.05036 0.00050 17.52708 6.98488 0.00038 18.25430 6.13854 -0.20411 17.44294 6.89457 -0.44106 18.04378 6.05033 -0.35065 17.21959 6.56949 -0.51240 17.93158 5.65952 -0.47230 17.22510 6.08916 0.59111 17.74854 5.27672 0.54819 16.99520 4.73063 0.38895 16.98974 5.22339 1.04230 17.67521 2.90897 0.50709 18.27105 5.04874 0.00025 18.62001 5.18093 -0.50614 18.27106 5.04870 0.00037 16.60913 6.00096 0.00028 16.99140 5.40560 -2.49419 14.55784 -0.76273 -3.12158 13.59685 1.11518 -2.91791 14.03202 -1.34922 -2.41455 14.55634 0.42350 -1.99055 14.13321 -1.32283 -1.35938 13.81612 1.06407 -2.01074 13.46378 2.12924 -2.24072 13.44786 -0.14030 -2.97074 5.07217 -0.70510 -1.94648 6.49766 1.94303 -1.89502 5.93921 -2.41870 -2.49828 4.99702 1.88488 -3.48527 4.04206 -0.81108 -3.05835 3.86954 0.79654 -4.66062 3.96815 2.23599 -3.95599 5.62928 2.64506 -5.52869 4.66844 0.99277 -5.15687 6.11875 1.26459 -4.76134 4.23069 -0.86275 -4.07245 6.61147 -0.17668 -3.94405 4.08855 -1.24621 -3.36555 5.65858 -1.08604 -4.86453 2.99640 -1.78866 -5.20251 2.50484 -1.29472 -4.11386 3.39189 -1.79888 -5.13188 14.28710 0.84977 -5.04991 11.71707 -0.47228 -5.64127 14.36777 0.49441 -4.07810 12.46883 0.22266 -4.70925 14.55859 0.12992 -3.97874 12.93615 -1.09828 -4.77059 2.52277 -2.54248 -3.90858 0.19107 0.43826 -3.70228 2.49575 -2.44374 -6.35456 0.14586 -0.40984 -6.00727 1.19984 0.52936 -1.04176 17.67526 2.90903 -0.38794 16.98975 5.22336 -0.54755 16.99526 4.73049 -0.59009 17.74855 5.27667 0.71616 18.06632 5.63531 0.61220 18.46391 5.99350 1.20932 19.26494 5.48230 0.46378 17.74577 6.17340 1.07917 16.83831 3.31375 0.79892 16.78489 2.73082 0.78726 15.88057 4.24456 0.78584 17.43160 2.67330 0.72141 17.65269 3.21386 2.65099 15.70344 -2.84850 4.40625 9.29028 -0.06714 4.34766 8.44849 1.21606 2.65918 9.37378 1.01636 5.73066 7.74505 0.30779 7.52225 6.91398 -2.44412 4.17627 8.23315 -1.35425 2.61426 8.88599 -0.10083 5.41413 4.45818 -2.12112 4.47121 6.01273 -0.83807 5.05870 6.61632 0.35831 3.94901 6.88479 -1.36637 2.38037 8.96336 -4.63382 4.14857 3.14321 -2.32680 3.66430 2.86540 -1.87020 4.59341 2.50408 -0.70541 3.83936 2.23425 -1.06339 2.43945 9.43677 -1.22388 5.26945 15.33646 0.36181 4.52547 15.78814 1.46470 4.26221 15.39184 1.16070 4.89328 15.38735 1.33674 5.24099 15.87245 1.37264 5.55229 15.28042 1.38723 5.91055 15.71648 1.43576 6.04329 14.95467 1.15348 4.43723 1.09195 1.08295 4.97292 1.21370 0.91596 2.38916 9.19116 0.84692 0.32174 17.92141 6.58457 0.38376 17.59107 6.57734 0.26562 17.36405 6.80578 0.00031 16.47523 3.79955 0.43447 16.72132 3.79369 0.00030 18.33220 2.19316 0.00056 16.90414 7.45197 0.00040 18.69751 3.50660 0.00099 16.78687 7.03996 0.16798 16.90312 6.98023 0.00051 16.87756 7.03562 -0.61099 18.46392 5.99345 -0.71505 18.06633 5.63526 -1.20826 19.26496 5.48220 -0.46252 17.74578 6.17337 -0.32086 17.92142 6.58454 -0.38239 17.59108 6.57731 -0.26419 17.36405 6.80576 -1.07863 16.83834 3.31394 -0.78702 15.88059 4.24475 -0.79831 16.78505 2.73102 -0.72054 17.65238 3.21390 -0.78502 17.43159 2.67349 -2.65997 15.70249 -2.84649 -4.40625 9.29028 -0.06714 -2.65918 9.37378 1.01636 -4.34766 8.44849 1.21606 -2.61426 8.88599 -0.10083 -4.17627 8.23315 -1.35474 -7.52225 6.91398 -2.44412 -5.73066 7.74505 0.30779 -4.47121 6.01273 -0.83807 -5.41413 4.45818 -2.12112 -5.05870 6.61632 0.35831 -3.94901 6.88479 -1.36637 -2.38037 8.96336 -4.63382 -4.14857 3.14321 -2.32680 -3.66430 2.86540 -1.87020 -4.59341 2.50408 -0.70541 -3.83936 2.23425 -1.06339 -2.43945 9.43677 -1.22388 -5.26942 15.33558 0.36163 -6.04348 14.95365 1.15314 -4.52532 15.78740 1.46441 -4.26211 15.39115 1.16047 -4.89326 15.38654 1.33644 -5.55236 15.27949 1.38689 -5.24090 15.87158 1.37232 -5.91056 15.71548 1.43539 -4.43723 1.09195 1.08295 -4.97292 1.21370 0.91596 -2.38916 9.19116 0.84692 -0.43372 16.72153 3.79363 0.00051 16.78687 7.03996 -0.16699 16.90312 6.98022 0.89341 17.23443 2.19974 1.36328 14.14037 -0.97134 1.20898 13.63830 1.18601 0.52350 16.16722 2.32735 1.72941 13.16094 1.20752 1.95131 13.72944 -1.27803 2.38540 11.11918 -0.54617 5.56210 1.20118 0.65601 5.84453 -0.05471 0.46715 4.81732 -0.14290 0.82390 1.76901 11.28014 1.27412 -0.89279 17.23479 2.20021 -0.52342 16.16706 2.32751 -1.20898 13.63830 1.18601 -1.36328 14.14037 -0.97134 -1.95121 13.72916 -1.27775 -1.72958 13.16071 1.20746 -2.38601 11.11883 -0.54603 -5.56210 1.20118 0.65601 -5.84453 -0.05471 0.46715 -4.81732 -0.14290 0.82390 -1.76963 11.27991 1.27404 1.42578 9.42798 1.00464 4.49248 7.01822 2.57553 2.74385 6.03189 3.05319 4.52040 7.86651 -2.27374 2.41602 9.32300 -0.94702 3.31364 7.59351 -2.78006 5.46351 7.62052 1.50808 2.35384 6.66195 -2.96300 -4.49248 7.01822 2.57553 -1.42578 9.42798 1.00464 -2.74385 6.03189 3.05319 -2.41602 9.32300 -0.94702 -4.52040 7.86651 -2.27374 -3.31364 7.59351 -2.78006 -5.46351 7.62052 1.50808 -2.35322 6.66232 -2.96322</float_array>
     <technique_common>
      <accessor count="242" source="#realb01_1-lib-positions-array" stride="3">
       <param name="X" type="float"/>
       <param name="Y" type="float"/>
       <param name="Z" type="float"/>
      </accessor>
     </technique_common>
    </source>
    <source id="realb01_1-lib-normals" name="normal">
     <float_array id="realb01_1-lib-normals-array" count="2814">0.71951 0.66622 0.19610 0.94564 0.18319 0.26873 0.57977 0.71235 0.39550 0.71951 0.66622 0.19610 0.84115 0.52441 0.13213 0.94564 0.18319 0.26873 -0.41545 0.85555 0.30891 -0.67855 0.73174 0.06420 -0.53509 0.84006 0.08932 -0.41545 0.85555 0.30891 -0.90475 0.40296 0.13800 -0.67855 0.73174 0.06420 0.58587 -0.81018 0.01919 0.21466 -0.97607 -0.03478 0.42428 -0.88480 -0.19268 0.58587 -0.81018 0.01919 -0.01166 -0.99771 -0.06656 0.21466 -0.97607 -0.03478 -0.65790 -0.74033 -0.13816 -0.87477 -0.47696 -0.08530 -0.92747 -0.37364 -0.01392 -0.65790 -0.74033 -0.13816 -0.21747 -0.95854 -0.18412 -0.01166 -0.99771 -0.06656 -0.90737 -0.41772 -0.04670 -0.74393 -0.66695 -0.04174 -0.93642 -0.34648 0.05541 -0.90737 -0.41772 -0.04670 -0.72822 -0.55413 -0.40328 -0.74393 -0.66695 -0.04174 -0.82730 -0.53175 0.18115 -0.72822 -0.55413 -0.40328 -0.90737 -0.41772 -0.04670 -0.82730 -0.53175 0.18115 -0.87235 -0.14524 -0.46681 -0.72822 -0.55413 -0.40328 -0.36544 -0.25883 0.89412 -0.05972 -0.70847 0.70321 -0.22259 -0.49627 0.83915 -0.36544 -0.25883 0.89412 -0.49854 -0.58635 0.63848 -0.82730 -0.53175 0.18115 0.74613 0.41439 0.52112 0.81566 -0.15848 0.55640 0.64301 0.34774 0.68236 0.74613 0.41439 0.52112 0.85266 -0.20026 0.48257 0.81566 -0.15848 0.55640 0.78345 0.40497 -0.47138 0.82708 0.33528 -0.45114 0.80861 0.30222 -0.50478 0.78345 0.40497 -0.47138 0.66771 0.39758 -0.62936 0.82708 0.33528 -0.45114 0.60415 -0.01118 -0.79679 0.66771 0.39758 -0.62936 0.78345 0.40497 -0.47138 0.60415 -0.01118 -0.79679 -0.01930 0.49320 -0.86970 0.66771 0.39758 -0.62936 0.66771 0.39758 -0.62936 0.94229 0.16727 -0.29003 0.82708 0.33528 -0.45114 0.66771 0.39758 -0.62936 0.73019 0.51423 -0.44987 0.94229 0.16727 -0.29003 -0.01930 0.49320 -0.86970 0.73019 0.51423 -0.44987 0.66771 0.39758 -0.62936 -0.01930 0.49320 -0.86970 0.38742 0.72050 -0.57514 0.73019 0.51423 -0.44987 0.37388 -0.52432 0.76505 0.45993 -0.66084 0.59309 0.34156 -0.58306 0.73714 0.37388 -0.52432 0.76505 0.31330 -0.60407 0.73277 0.45993 -0.66084 0.59309 -0.89391 0.33740 0.29511 -0.91271 -0.22740 0.33950 -0.87508 0.43188 0.21844 -0.89391 0.33740 0.29511 -0.87152 -0.26898 0.41001 -0.91271 -0.22740 0.33950 0.35920 -0.04102 -0.93236 0.44935 0.15775 -0.87932 0.32229 -0.11865 -0.93918 0.35920 -0.04102 -0.93236 0.52094 0.16781 -0.83693 0.44935 0.15775 -0.87932 -0.16365 -0.81944 -0.54931 -0.12213 -0.72476 -0.67809 -0.18283 -0.82768 -0.53058 -0.16365 -0.81944 -0.54931 -0.04983 -0.68519 -0.72666 -0.12213 -0.72476 -0.67809 0.89627 0.40180 -0.18779 0.77683 0.49512 -0.38910 0.88289 0.43913 -0.16632 0.89627 0.40180 -0.18779 0.94229 0.16727 -0.29003 0.77683 0.49512 -0.38910 0.86455 -0.30992 0.39559 0.97732 -0.00160 0.21178 0.98604 -0.15488 -0.06112 0.86455 -0.30992 0.39559 0.92346 -0.25516 0.28657 0.97732 -0.00160 0.21178 0.51471 -0.74585 0.42282 0.92346 -0.25516 0.28657 0.86455 -0.30992 0.39559 0.51471 -0.74585 0.42282 0.76855 -0.59353 0.23887 0.92346 -0.25516 0.28657 0.04987 -0.93561 0.34949 0.76855 -0.59353 0.23887 0.51471 -0.74585 0.42282 0.04987 -0.93561 0.34949 0.41708 -0.87193 0.25649 0.76855 -0.59353 0.23887 -0.58713 -0.75630 0.28859 0.41708 -0.87193 0.25649 0.04987 -0.93561 0.34949 -0.58713 -0.75630 0.28859 -0.78461 -0.53296 0.31677 -0.59542 -0.70849 0.37884 -0.93273 -0.24186 0.26743 -0.78461 -0.53296 0.31677 -0.58713 -0.75630 0.28859 -0.93273 -0.24186 0.26743 -0.93558 -0.19744 0.29276 -0.78461 -0.53296 0.31677 -0.98613 -0.15518 -0.05885 -0.93558 -0.19744 0.29276 -0.93273 -0.24186 0.26743 -0.98613 -0.15518 -0.05885 -0.97460 0.00318 0.22391 -0.93558 -0.19744 0.29276 0.94241 0.10377 0.31795 0.97732 -0.00160 0.21178 0.96941 0.00670 0.24534 0.94241 0.10377 0.31795 0.97543 0.14480 0.16605 0.97732 -0.00160 0.21178 0.77716 0.34416 0.52685 0.97543 0.14480 0.16605 0.94241 0.10377 0.31795 0.77716 0.34416 0.52685 0.81507 0.46356 0.34754 0.97543 0.14480 0.16605 0.50533 0.57966 0.63925 0.81507 0.46356 0.34754 0.77716 0.34416 0.52685 0.50533 0.57966 0.63925 0.01159 0.86903 0.49463 0.81507 0.46356 0.34754 -0.76855 0.35370 0.53313 0.01159 0.86903 0.49463 -0.51655 0.58493 0.62533 -0.76855 0.35370 0.53313 -0.79924 0.48195 0.35909 0.01159 0.86903 0.49463 -0.94497 0.06316 0.32101 -0.79924 0.48195 0.35909 -0.76855 0.35370 0.53313 -0.94497 0.06316 0.32101 -0.97807 0.14661 0.14791 -0.79924 0.48195 0.35909 -0.96143 0.10101 0.25583 -0.97807 0.14661 0.14791 -0.94497 0.06316 0.32101 -0.96143 0.10101 0.25583 -0.97460 0.00318 0.22391 -0.97807 0.14661 0.14791 0.98975 -0.03964 0.13723 0.80993 -0.55429 0.19179 0.44343 -0.84127 0.30926 0.98975 -0.03964 0.13723 0.96053 -0.24781 0.12637 0.80993 -0.55429 0.19179 0.97543 0.14480 0.16605 0.96053 -0.24781 0.12637 0.98975 -0.03964 0.13723 0.97543 0.14480 0.16605 0.78321 0.60619 0.13825 0.96053 -0.24781 0.12637 0.01159 0.86903 0.49463 0.78321 0.60619 0.13825 0.81507 0.46356 0.34754 0.01159 0.86903 0.49463 0.58866 0.78992 0.17176 0.78321 0.60619 0.13825 -0.79924 0.48195 0.35909 -0.56695 0.81022 0.14871 0.01159 0.86903 0.49463 -0.79924 0.48195 0.35909 -0.80547 0.57913 0.12576 -0.56695 0.81022 0.14871 -0.02791 0.08855 -0.99568 0.10354 0.09260 -0.99031 0.18311 0.13995 -0.97308 -0.02791 0.08855 -0.99568 -0.02690 0.09631 -0.99499 0.10354 0.09260 -0.99031 -0.14290 0.10115 -0.98455 -0.02690 0.09631 -0.99499 -0.02791 0.08855 -0.99568 -0.14290 0.10115 -0.98455 -0.00521 0.20414 -0.97893 -0.02690 0.09631 -0.99499 -0.00147 -0.99603 -0.08906 0.24402 -0.81381 -0.52743 0.22409 -0.94506 -0.23802 -0.00147 -0.99603 -0.08906 -0.00530 -0.83869 -0.54459 0.24402 -0.81381 -0.52743 -0.22003 -0.94662 -0.23557 -0.00530 -0.83869 -0.54459 -0.00147 -0.99603 -0.08906 -0.22003 -0.94662 -0.23557 -0.23673 -0.80794 -0.53962 -0.00530 -0.83869 -0.54459 -0.83424 0.53621 0.12855 -0.57949 0.71117 0.39802 -0.94526 0.18245 0.27055 -0.83424 0.53621 0.12855 -0.71122 0.67225 0.20554 -0.57949 0.71117 0.39802 0.90362 0.40543 0.13822 0.54439 0.83518 0.07818 0.68689 0.72346 0.06918 0.90362 0.40543 0.13822 0.41474 0.85667 0.30676 0.54439 0.83518 0.07818 0.11594 -0.99019 -0.07802 -0.38906 -0.91992 -0.04881 0.03791 -0.98459 -0.17073 0.11594 -0.99019 -0.07802 -0.79981 -0.57574 0.16982 -0.38906 -0.91992 -0.04881 0.48477 -0.87014 -0.08869 0.79668 -0.59382 -0.11260 0.11594 -0.99019 -0.07802 0.48477 -0.87014 -0.08869 0.65936 -0.70256 -0.26769 0.79668 -0.59382 -0.11260 0.82728 -0.46918 -0.30898 0.87925 -0.46815 -0.08808 0.71385 -0.69352 0.09722 0.82728 -0.46918 -0.30898 0.86669 -0.49817 0.02578 0.87925 -0.46815 -0.08808 0.88275 -0.13476 -0.45010 0.86669 -0.49817 0.02578 0.82728 -0.46918 -0.30898 0.88275 -0.13476 -0.45010 0.95286 -0.19807 -0.22983 0.86669 -0.49817 0.02578 0.31156 -0.68420 0.65940 0.86669 -0.49817 0.02578 0.41639 -0.74938 0.51483 0.31156 -0.68420 0.65940 0.30787 -0.13349 0.94202 0.36391 -0.24232 0.89936 -0.83925 -0.18831 0.51010 -0.66202 0.33852 0.66868 -0.83634 -0.07191 0.54347 -0.83925 -0.18831 0.51010 -0.74590 0.39439 0.53674 -0.66202 0.33852 0.66868 -0.63015 0.43931 -0.64025 -0.82329 0.33981 -0.45466 -0.85419 0.30732 -0.41942 -0.63015 0.43931 -0.64025 -0.77869 0.40451 -0.47959 -0.82329 0.33981 -0.45466 0.02269 0.53822 -0.84250 -0.77869 0.40451 -0.47959 -0.63015 0.43931 -0.64025 0.02269 0.53822 -0.84250 -0.63798 -0.03001 -0.76947 -0.77869 0.40451 -0.47959 -0.72514 0.50160 -0.47178 -0.85419 0.30732 -0.41942 -0.93053 0.25367 -0.26415 -0.72514 0.50160 -0.47178 -0.63015 0.43931 -0.64025 -0.85419 0.30732 -0.41942 0.01123 0.69138 -0.72240 -0.63015 0.43931 -0.64025 -0.72514 0.50160 -0.47178 0.01123 0.69138 -0.72240 0.02269 0.53822 -0.84250 -0.63015 0.43931 -0.64025 -0.29372 -0.54497 0.78533 -0.34491 -0.60650 0.71637 -0.51323 -0.61820 0.59533 -0.29372 -0.54497 0.78533 -0.33841 -0.54060 0.77022 -0.34491 -0.60650 0.71637 0.91536 -0.09596 0.39102 0.91719 0.28918 0.27411 0.87632 -0.18665 0.44410 0.91536 -0.09596 0.39102 0.94053 0.29178 0.17397 0.91719 0.28918 0.27411 -0.56299 0.19838 -0.80230 -0.27486 -0.12538 -0.95327 -0.17560 0.39616 -0.90123 -0.56299 0.19838 -0.80230 -0.36631 -0.09054 -0.92608 -0.27486 -0.12538 -0.95327 0.10929 -0.76734 -0.63186 0.16660 -0.81341 -0.55732 0.03776 -0.78175 -0.62245 0.10929 -0.76734 -0.63186 0.19308 -0.80523 -0.56065 0.16660 -0.81341 -0.55732 -0.93053 0.25367 -0.26415 -0.90931 0.38341 -0.16172 -0.76346 0.50135 -0.40716 -0.93053 0.25367 -0.26415 -0.69739 0.68697 0.20424 -0.90931 0.38341 -0.16172 -0.80553 0.59090 -0.04433 -0.93138 -0.36343 -0.02130 -0.96481 0.00303 0.26291 -0.80553 0.59090 -0.04433 -0.99391 0.03086 0.10576 -0.93138 -0.36343 -0.02130 -0.80547 0.57913 0.12576 -0.99391 0.03086 0.10576 -0.80553 0.59090 -0.04433 -0.80547 0.57913 0.12576 -0.97807 0.14661 0.14791 -0.99391 0.03086 0.10576 0.87883 -0.17137 0.44530 0.87140 -0.18445 0.45458 0.80699 -0.26463 0.52796 0.87883 -0.17137 0.44530 0.93928 -0.03121 0.34173 0.87140 -0.18445 0.45458 0.90568 -0.27483 -0.32282 0.89034 -0.19824 -0.40988 0.77257 -0.54767 -0.32123 0.90568 -0.27483 -0.32282 0.94738 0.24124 -0.21042 0.89034 -0.19824 -0.40988 0.89778 0.41313 0.15270 0.94738 0.24124 -0.21042 0.90568 -0.27483 -0.32282 0.84115 0.52441 0.13213 0.87787 0.38711 0.28196 0.94564 0.18319 0.26873 -0.67855 0.73174 0.06420 -0.90475 0.40296 0.13800 -0.77357 0.57921 0.25710 0.55263 0.71095 0.43492 0.50113 0.71290 0.49055 0.36122 0.77203 0.52296 0.55263 0.71095 0.43492 0.68178 0.66061 0.31428 0.50113 0.71290 0.49055 0.70221 0.66412 0.25660 0.68178 0.66061 0.31428 0.55263 0.71095 0.43492 -0.09128 0.81137 -0.57736 0.00384 0.77243 -0.63509 0.09120 0.76149 -0.64172 -0.09128 0.81137 -0.57736 -0.18533 0.86093 -0.47377 0.00384 0.77243 -0.63509 -0.19614 0.90152 -0.38574 -0.18533 0.86093 -0.47377 -0.09128 0.81137 -0.57736 -0.68065 -0.66556 0.30618 -0.68409 -0.64314 0.34409 -0.50572 -0.59716 0.62262 -0.68065 -0.66556 0.30618 -0.83061 -0.54994 0.08748 -0.68409 -0.64314 0.34409 -0.53509 0.84006 0.08932 0.05594 0.83472 0.54782 -0.41545 0.85555 0.30891 0.71951 0.66622 0.19610 0.57977 0.71235 0.39550 0.05594 0.83472 0.54782 -0.92747 -0.37364 -0.01392 -0.98007 -0.15501 0.12424 -0.90475 0.40296 0.13800 0.58587 -0.81018 0.01919 0.94564 0.18319 0.26873 0.88770 -0.31180 0.33876 -0.70176 0.60498 -0.37621 -0.63758 0.52476 -0.56402 -0.94721 0.18115 -0.26454 0.47925 0.76587 -0.42867 0.73019 0.51423 -0.44987 0.38742 0.72050 -0.57514 0.94229 0.16727 -0.29003 0.81566 -0.15848 0.55640 0.85266 -0.20026 0.48257 0.39091 -0.82753 0.40297 0.25634 -0.86764 0.42601 0.81566 -0.15848 0.55640 -0.49854 -0.58635 0.63848 -0.10441 -0.86943 0.48290 -0.82730 -0.53175 0.18115 -0.49854 -0.58635 0.63848 0.25634 -0.86764 0.42601 -0.10441 -0.86943 0.48290 0.81009 0.41471 -0.41445 0.60415 -0.01118 -0.79679 0.78345 0.40497 -0.47138 0.81009 0.41471 -0.41445 0.66736 -0.03553 -0.74388 0.60415 -0.01118 -0.79679 -0.62098 0.63118 -0.46475 -0.41260 0.71094 -0.56949 -0.44180 0.66418 -0.60306 0.73579 0.28520 -0.61422 0.75144 0.60716 0.25825 -0.75801 0.56717 -0.32208 -0.75801 0.56717 -0.32208 -0.62098 0.63118 -0.46475 -0.19869 -0.43245 0.87949 0.31330 -0.60407 0.73277 -0.47944 -0.56630 0.67040 -0.19869 -0.43245 0.87949 -0.03281 -0.46499 0.88471 0.31330 -0.60407 0.73277 0.73579 0.28520 -0.61422 0.86668 0.45042 -0.21444 0.86668 0.45042 -0.21444 -0.62098 0.63118 -0.46475 -0.76258 0.59948 0.24310 0.75054 0.28270 -0.59730 0.74918 0.34095 -0.56787 0.73579 0.28520 -0.61422 -0.87152 -0.26898 0.41001 -0.47944 -0.56630 0.67040 -0.91271 -0.22740 0.33950 -0.49713 0.55689 -0.66539 -0.62098 0.63118 -0.46475 -0.44180 0.66418 -0.60306 0.52094 0.16781 -0.83693 0.73579 0.28520 -0.61422 0.44935 0.15775 -0.87932 0.52094 0.16781 -0.83693 0.75054 0.28270 -0.59730 0.73579 0.28520 -0.61422 0.31330 -0.60407 0.73277 0.19020 -0.61016 0.76911 0.45993 -0.66084 0.59309 0.31330 -0.60407 0.73277 -0.03281 -0.46499 0.88471 0.19020 -0.61016 0.76911 -0.91583 0.21720 0.33775 -0.98110 0.11448 0.15600 -0.55588 0.60324 0.57193 -0.91583 0.21720 0.33775 -0.96356 0.21754 -0.15564 -0.98110 0.11448 0.15600 -0.06368 0.82806 0.55700 -0.55588 0.60324 0.57193 -0.98110 0.11448 0.15600 -0.06368 0.82806 0.55700 0.20300 0.59635 0.77663 -0.55588 0.60324 0.57193 -0.23403 0.22343 0.94621 -0.36544 -0.25883 0.89412 -0.22259 -0.49627 0.83915 -0.23403 0.22343 0.94621 0.17097 0.50292 0.84725 -0.36544 -0.25883 0.89412 0.93127 0.05784 0.35972 0.87722 0.15475 0.45446 0.81535 0.14079 0.56158 0.93127 0.05784 0.35972 0.93928 -0.03121 0.34173 0.87722 0.15475 0.45446 0.87140 -0.18445 0.45458 0.93928 -0.03121 0.34173 0.93127 0.05784 0.35972 0.18021 -0.89916 -0.39879 0.44343 -0.84127 0.30926 0.80993 -0.55429 0.19179 0.18021 -0.89916 -0.39879 -0.00147 -0.99603 -0.08906 0.44343 -0.84127 0.30926 0.59916 -0.76353 -0.24091 -0.00004 -0.68792 -0.72579 0.18021 -0.89916 -0.39879 0.59916 -0.76353 -0.24091 0.05215 -0.69676 -0.71541 -0.00004 -0.68792 -0.72579 0.80993 -0.55429 0.19179 0.96053 -0.24781 0.12637 0.59916 -0.76353 -0.24091 0.90152 0.12969 0.41284 0.50533 0.57966 0.63925 0.77716 0.34416 0.52685 -0.90172 0.12891 0.41264 -0.76855 0.35370 0.53313 -0.51655 0.58493 0.62533 0.65628 0.75003 -0.08212 0.62065 0.75540 -0.21015 0.65724 0.74317 -0.12544 -0.65626 0.75006 -0.08206 -0.80553 0.59090 -0.04433 -0.62058 0.75548 -0.21007 -0.80547 0.57913 0.12576 -0.80553 0.59090 -0.04433 -0.65626 0.75006 -0.08206 0.60889 -0.76278 0.21775 0.90358 -0.24068 0.35442 -0.99999 -0.00537 0.00048 -0.99999 -0.00537 0.00048 -0.90172 0.12891 0.41264 0.98975 -0.03964 0.13723 0.97732 -0.00160 0.21178 0.97543 0.14480 0.16605 0.98975 -0.03964 0.13723 0.98604 -0.15488 -0.06112 0.97732 -0.00160 0.21178 0.86524 -0.19815 -0.46055 0.98604 -0.15488 -0.06112 0.98975 -0.03964 0.13723 0.44343 -0.84127 0.30926 -0.00147 -0.99603 -0.08906 0.22409 -0.94506 -0.23802 -0.87138 -0.18448 0.45460 -0.87873 -0.17136 0.44549 -0.80691 -0.26459 0.52810 -0.87138 -0.18448 0.45460 -0.93939 -0.03169 0.34138 -0.87873 -0.17136 0.44549 -0.93153 0.05695 0.35919 -0.93939 -0.03169 0.34138 -0.87138 -0.18448 0.45460 -0.93153 0.05695 0.35919 -0.87765 0.15353 0.45404 -0.93939 -0.03169 0.34138 -0.81594 0.13970 0.56101 -0.87765 0.15353 0.45404 -0.93153 0.05695 0.35919 -0.90564 -0.27475 -0.32299 -0.77253 -0.54761 -0.32144 -0.89032 -0.19797 -0.41005 -0.69529 0.38075 0.60959 -0.89756 0.41359 0.15274 -0.69529 0.38075 0.60959 -0.94727 0.24163 -0.21045 -0.89756 0.41359 0.15274 -0.90564 -0.27475 -0.32299 -0.87619 0.38960 0.28372 -0.83424 0.53621 0.12855 -0.94526 0.18245 0.27055 0.77373 0.57921 0.25662 0.90362 0.40543 0.13822 0.68689 0.72346 0.06918 -0.55263 0.71095 0.43492 -0.36122 0.77203 0.52296 -0.50113 0.71290 0.49055 0.09124 0.81145 -0.57725 0.18534 0.86095 -0.47372 0.19614 0.90152 -0.38574 -0.00395 0.77253 -0.63496 0.18534 0.86095 -0.47372 0.09124 0.81145 -0.57725 0.09124 0.81145 -0.57725 -0.09137 0.76159 -0.64159 -0.00395 0.77253 -0.63496 -0.55263 0.71095 0.43492 -0.68178 0.66061 0.31428 -0.70221 0.66412 0.25660 -0.50113 0.71290 0.49055 -0.68178 0.66061 0.31428 -0.55263 0.71095 0.43492 0.68409 -0.64314 0.34409 0.68065 -0.66556 0.30618 0.50572 -0.59716 0.62262 0.68409 -0.64314 0.34409 0.83061 -0.54994 0.08748 0.68065 -0.66556 0.30618 -0.05589 0.83470 0.54787 0.54439 0.83518 0.07818 0.41474 0.85667 0.30676 -0.05589 0.83470 0.54787 -0.57949 0.71117 0.39802 -0.71122 0.67225 0.20554 0.98122 -0.15092 0.12012 0.79668 -0.59382 -0.11260 0.90362 0.40543 0.13822 -0.88465 -0.31600 0.34285 -0.94526 0.18245 0.27055 -0.79981 -0.57574 0.16982 0.69019 0.63608 -0.34502 0.70176 0.60498 -0.37621 0.94721 0.18115 -0.26454 0.01123 0.69138 -0.72240 -0.72514 0.50160 -0.47178 -0.47925 0.76587 -0.42867 -0.83634 -0.07191 0.54347 -0.93053 0.25367 -0.26415 -0.83925 -0.18831 0.51010 0.31156 -0.68420 0.65940 -0.25634 -0.86764 0.42601 -0.39091 -0.82753 0.40297 0.10441 -0.86943 0.48290 -0.25634 -0.86764 0.42601 0.31156 -0.68420 0.65940 -0.63798 -0.03001 -0.76947 -0.81006 0.41471 -0.41452 -0.77869 0.40451 -0.47959 -0.63798 -0.03001 -0.76947 -0.66736 -0.03553 -0.74388 -0.81006 0.41471 -0.41452 -0.69279 0.23147 -0.68298 -0.56299 0.19838 -0.80230 -0.17560 0.39616 -0.90123 -0.69279 0.23147 -0.68298 -0.75042 0.28284 -0.59739 -0.56299 0.19838 -0.80230 0.41250 0.71091 -0.56960 0.62095 0.63114 -0.46485 0.44170 0.66414 -0.60317 -0.75139 0.60725 0.25820 -0.29372 -0.54497 0.78533 0.19868 -0.43244 0.87950 0.47940 -0.56634 0.67040 -0.29372 -0.54497 0.78533 0.03284 -0.46493 0.88474 0.19868 -0.43244 0.87950 -0.19015 -0.61013 0.76915 0.03284 -0.46493 0.88474 -0.29372 -0.54497 0.78533 0.75802 0.56712 -0.32215 0.62095 0.63114 -0.46485 0.75802 0.56712 -0.32215 -0.86658 0.45058 -0.21450 -0.86658 0.45058 -0.21450 -0.69279 0.23147 -0.68298 -0.69279 0.23147 -0.68298 -0.74906 0.34110 -0.56795 -0.75042 0.28284 -0.59739 0.62095 0.63114 -0.46485 0.76256 0.59945 0.24324 0.76256 0.59945 0.24324 0.47940 -0.56634 0.67040 0.91536 -0.09596 0.39102 0.87632 -0.18665 0.44410 0.44170 0.66414 -0.60317 0.62095 0.63114 -0.46485 -0.17560 0.39616 -0.90123 0.91583 0.21720 0.33775 0.98110 0.11448 0.15600 0.96356 0.21754 -0.15564 0.91583 0.21720 0.33775 0.83402 0.35580 0.42168 0.98110 0.11448 0.15600 0.06368 0.82806 0.55700 -0.21126 0.33162 0.91946 -0.20300 0.59635 0.77663 0.06368 0.82806 0.55700 0.98110 0.11448 0.15600 0.83402 0.35580 0.42168 0.30787 -0.13349 0.94202 0.23402 0.22341 0.94621 0.36391 -0.24232 0.89936 0.30787 -0.13349 0.94202 -0.17093 0.50292 0.84727 0.23402 0.22341 0.94621 -0.74590 0.39439 0.53674 -0.17093 0.50292 0.84727 -0.66202 0.33852 0.66868 0.18021 -0.89916 -0.39879 -0.13141 -0.94841 0.28852 -0.00147 -0.99603 -0.08906 -0.49484 -0.84943 0.18328 -0.51719 -0.83986 0.16479 -0.93138 -0.36343 -0.02130 -0.64724 -0.74299 -0.17046 -0.51719 -0.83986 0.16479 -0.49484 -0.84943 0.18328 -0.64724 -0.74299 -0.17046 -0.86034 -0.50783 0.04385 -0.96481 0.00303 0.26291 -0.00004 -0.68792 -0.72579 -0.05218 -0.69679 -0.71538 -0.05218 -0.69679 -0.71538 -0.60769 -0.76381 0.21749 -0.60769 -0.76381 0.21749 -0.90361 -0.24049 0.35449 0.90152 0.12969 0.41284 1.00000 0.00000 -0.00014 1.00000 0.00000 -0.00014 -0.97460 0.00318 0.22391 -0.99391 0.03086 0.10576 -0.97807 0.14661 0.14791 -0.97460 0.00318 0.22391 -0.98613 -0.15518 -0.05885 -0.99391 0.03086 0.10576 -0.98613 -0.15518 -0.05885 -0.93138 -0.36343 -0.02130 -0.99391 0.03086 0.10576 -0.22003 -0.94662 -0.23557 -0.00147 -0.99603 -0.08906 -0.13141 -0.94841 0.28852 0.78321 0.60619 0.13825 0.65628 0.75003 -0.08212 0.65724 0.74317 -0.12544 0.78321 0.60619 0.13825 0.58866 0.78992 0.17176 0.65628 0.75003 -0.08212 -0.70653 -0.58803 0.39374 -0.68409 -0.64314 0.34409 -0.83061 -0.54994 0.08748 -0.81979 -0.56025 0.11857 -0.70653 -0.58803 0.39374 -0.52837 -0.56285 0.63563 -0.50572 -0.59716 0.62262 -0.68409 -0.64314 0.34409 -0.87235 -0.14524 -0.46681 -0.82730 -0.53175 0.18115 -0.98110 0.11448 0.15600 -0.94721 0.18115 -0.26454 0.96474 -0.02649 0.26188 0.96474 -0.02649 0.26188 0.96474 -0.02649 0.26188 0.96474 -0.02649 0.26188 -0.61832 -0.19267 -0.76195 -0.61832 -0.19267 -0.76195 -0.72822 -0.55413 -0.40328 -0.87235 -0.14524 -0.46681 0.74613 0.41439 0.52112 0.80592 0.57753 -0.13018 0.81009 0.41471 -0.41445 0.78345 0.40497 -0.47138 0.34543 0.89992 0.26612 0.34543 0.89992 0.26612 0.34543 0.89992 0.26612 0.34543 0.89992 0.26612 0.32229 -0.11865 -0.93918 0.04438 -0.32582 -0.94439 0.04438 -0.32582 -0.94439 0.35920 -0.04102 -0.93236 0.29478 0.81870 0.49279 0.28196 0.80430 0.52307 -0.06368 0.82806 0.55700 0.29478 0.81870 0.49279 -0.10973 -0.91103 -0.39747 -0.16365 -0.81944 -0.54931 -0.18283 -0.82768 -0.53058 -0.10973 -0.91103 -0.39747 -0.94721 0.18115 -0.26454 -0.63758 0.52476 -0.56402 -0.01930 0.49320 -0.86970 -0.87235 -0.14524 -0.46681 0.34448 -0.75184 0.56220 0.41375 -0.35488 0.83838 0.37388 -0.52432 0.76505 0.34156 -0.58306 0.73714 0.90358 -0.24068 0.35442 0.90152 0.12969 0.41284 0.77716 0.34416 0.52685 0.94241 0.10377 0.31795 0.70653 -0.58803 0.39374 0.81979 -0.56025 0.11857 0.83061 -0.54994 0.08748 0.68409 -0.64314 0.34409 0.70653 -0.58803 0.39374 0.68409 -0.64314 0.34409 0.50572 -0.59716 0.62262 0.52837 -0.56285 0.63563 0.88275 -0.13476 -0.45010 0.94721 0.18115 -0.26454 0.98110 0.11448 0.15600 0.95286 -0.19807 -0.22983 -0.96477 -0.02629 0.26177 -0.96477 -0.02629 0.26177 -0.96477 -0.02629 0.26177 -0.96477 -0.02629 0.26177 0.61832 -0.19267 -0.76195 0.88275 -0.13476 -0.45010 0.82728 -0.46918 -0.30898 0.61832 -0.19267 -0.76195 -0.74590 0.39439 0.53674 -0.77869 0.40451 -0.47959 -0.81006 0.41471 -0.41452 -0.80589 0.57755 -0.13029 -0.34553 0.89989 0.26610 -0.34553 0.89989 0.26610 -0.04425 -0.32577 -0.94441 -0.27486 -0.12538 -0.95327 -0.36631 -0.09054 -0.92608 -0.69739 0.68697 0.20424 -0.29478 0.81870 0.49279 0.06368 0.82806 0.55700 -0.28196 0.80430 0.52307 0.10973 -0.91103 -0.39747 0.10973 -0.91103 -0.39747 0.16660 -0.81341 -0.55732 0.19308 -0.80523 -0.56065 0.94721 0.18115 -0.26454 0.88275 -0.13476 -0.45010 0.02269 0.53822 -0.84250 0.01123 0.69138 -0.72240 -0.33841 -0.54060 0.77022 -0.41370 -0.35474 0.83846 -0.34440 -0.75183 0.56227 -0.34491 -0.60650 0.71637 -0.90361 -0.24049 0.35449 -0.94497 0.06316 0.32101 -0.76855 0.35370 0.53313 -0.90172 0.12891 0.41264 -0.99658 -0.05437 -0.06223 -0.99631 -0.05023 -0.06964 -0.99693 -0.06362 -0.04568 0.89778 0.41313 0.15270 0.69561 0.38034 0.60949 0.69561 0.38034 0.60949 0.07789 0.61211 0.78693 0.11495 0.64099 0.75889 -0.04751 0.50235 0.86336 0.10534 0.74854 -0.65467 -0.12968 0.68873 -0.71333 -0.18614 0.66751 -0.72096 0.24740 0.73009 0.63700 0.11495 0.64099 0.75889 0.07789 0.61211 0.78693 -0.12968 0.68873 -0.71333 -0.40386 0.55840 -0.72462 -0.18614 0.66751 -0.72096 0.41980 -0.67604 -0.60559 0.60415 -0.01118 -0.79679 0.66736 -0.03553 -0.74388 0.77683 0.49512 -0.38910 0.94229 0.16727 -0.29003 0.73019 0.51423 -0.44987 0.27246 -0.08287 0.95859 0.27246 -0.08287 0.95859 0.27246 -0.08287 0.95859 -0.96356 0.21754 -0.15564 -0.70176 0.60498 -0.37621 -0.94721 0.18115 -0.26454 0.47925 0.76587 -0.42867 0.77683 0.49512 -0.38910 0.73019 0.51423 -0.44987 0.31682 -0.10034 0.94316 0.20300 0.59635 0.77663 0.31682 -0.10034 0.94316 -0.96356 0.21754 -0.15564 -0.94721 0.18115 -0.26454 -0.98110 0.11448 0.15600 0.28196 0.80430 0.52307 0.20300 0.59635 0.77663 -0.06368 0.82806 0.55700 0.39663 0.04083 0.91707 0.37388 -0.52432 0.76505 0.41375 -0.35488 0.83838 0.78321 0.60619 0.13825 0.97543 0.14480 0.16605 0.81507 0.46356 0.34754 0.18021 -0.89916 -0.39879 0.80993 -0.55429 0.19179 0.59916 -0.76353 -0.24091 -0.99631 -0.05023 -0.06964 -0.99658 -0.05437 -0.06223 -0.99389 -0.02956 -0.10638 0.17097 0.50292 0.84725 0.74613 0.41439 0.52112 0.64301 0.34774 0.68236 0.99629 -0.05057 -0.06962 0.99656 -0.05472 -0.06221 0.99691 -0.06396 -0.04565 -0.94727 0.24163 -0.21045 -0.90564 -0.27475 -0.32299 -0.89032 -0.19797 -0.41005 -0.11495 0.64099 0.75889 -0.07789 0.61211 0.78693 0.04751 0.50235 0.86336 0.12953 0.68879 -0.71330 -0.10534 0.74854 -0.65467 0.18588 0.66762 -0.72093 -0.11495 0.64099 0.75889 -0.24740 0.73009 0.63700 -0.07789 0.61211 0.78693 0.40346 0.55865 -0.72466 0.12953 0.68879 -0.71330 0.18588 0.66762 -0.72093 -0.63798 -0.03001 -0.76947 -0.41980 -0.67604 -0.60559 -0.66736 -0.03553 -0.74388 0.31156 -0.68420 0.65940 0.41639 -0.74938 0.51483 0.10441 -0.86943 0.48290 -0.93053 0.25367 -0.26415 -0.76346 0.50135 -0.40716 -0.72514 0.50160 -0.47178 -0.27246 -0.08287 0.95859 -0.27246 -0.08287 0.95859 -0.27246 -0.08287 0.95859 0.70176 0.60498 -0.37621 0.96356 0.21754 -0.15564 0.94721 0.18115 -0.26454 -0.76346 0.50135 -0.40716 -0.47925 0.76587 -0.42867 -0.72514 0.50160 -0.47178 -0.20300 0.59635 0.77663 -0.21126 0.33162 0.91946 -0.31682 -0.10034 0.94316 0.94721 0.18115 -0.26454 0.96356 0.21754 -0.15564 0.98110 0.11448 0.15600 -0.20300 0.59635 0.77663 -0.28196 0.80430 0.52307 0.06368 0.82806 0.55700 -0.51323 -0.61820 0.59533 -0.19015 -0.61013 0.76915 -0.29372 -0.54497 0.78533 -0.33841 -0.54060 0.77022 -0.39661 0.04091 0.91708 -0.41370 -0.35474 0.83846 0.18021 -0.89916 -0.39879 -0.00004 -0.68792 -0.72579 -0.64724 -0.74299 -0.17046 -0.97807 0.14661 0.14791 -0.80547 0.57913 0.12576 -0.79924 0.48195 0.35909 0.99656 -0.05472 -0.06221 0.99629 -0.05057 -0.06962 0.99388 -0.02989 -0.10637 -0.65626 0.75006 -0.08206 -0.56695 0.81022 0.14871 -0.80547 0.57913 0.12576</float_array>
     <technique_common>
      <accessor count="936" source="#realb01_1-lib-normals-array" stride="3">
       <param name="X" type="float"/>
       <param name="Y" type="float"/>
       <param name="Z" type="float"/>
      </accessor>
     </technique_common>
    </source>
    <source id="realb01_1-lib-texcoords">
     <float_array id="realb01_1-lib-texcoords-array" count="1888">0.44629 -0.12305 0.28809 -0.22949 0.53271 -0.23291 0.44629 -0.12305 0.29883 -0.12402 0.28809 -0.22949 0.53174 -0.00684 0.29883 -0.12402 0.44629 -0.12305 0.53174 -0.00684 0.26953 -0.00488 0.29883 -0.12402 0.16895 -0.93701 0.09180 -0.93799 0.13867 -0.89111 0.16895 -0.93701 0.11475 -0.98926 0.09180 -0.93799 0.13867 -0.89111 0.11475 -0.98926 0.16895 -0.93701 0.13867 -0.89111 0.09131 -0.93799 0.11475 -0.98926 1.09619 -0.38672 1.00537 -0.18555 1.06543 -0.25635 1.09619 -0.38672 1.00830 -0.40576 1.00537 -0.18555 1.13379 -0.49658 1.00830 -0.40576 1.09619 -0.38672 1.13379 -0.49658 1.00732 -0.54297 1.00830 -0.40576 1.11182 -0.32275 1.13379 -0.49658 1.09619 -0.38672 1.11182 -0.32275 1.21338 -0.47119 1.13379 -0.49658 1.20898 -0.32324 1.21338 -0.47119 1.11182 -0.32275 1.20898 -0.32324 1.27637 -0.40625 1.21338 -0.47119 1.21240 -0.31543 1.27637 -0.40625 1.20898 -0.32324 1.21240 -0.31543 1.35205 -0.40283 1.27637 -0.40625 1.28662 -0.29932 1.35205 -0.40283 1.21240 -0.31543 1.28662 -0.29932 1.38135 -0.36328 1.35205 -0.40283 1.35205 -0.40283 1.40137 -0.59717 1.27637 -0.40625 1.35205 -0.40283 1.45801 -0.52979 1.40137 -0.59717 1.38135 -0.36328 1.45801 -0.52979 1.35205 -0.40283 1.38135 -0.36328 1.46289 -0.41602 1.45801 -0.52979 0.05273 -0.25439 0.03906 -0.25635 0.05518 -0.25635 0.05273 -0.25439 0.03906 -0.25439 0.03906 -0.25635 0.05273 -0.25244 0.03906 -0.25439 0.05273 -0.25439 0.05273 -0.25244 0.03955 -0.25244 0.03906 -0.25439 0.04004 -0.24951 0.03955 -0.25244 0.05273 -0.25244 0.04004 -0.24951 0.03906 -0.25146 0.03955 -0.25244 0.55957 -0.58936 0.58203 -0.44922 0.58545 -0.58887 0.55957 -0.58936 0.56982 -0.44922 0.58203 -0.44922 0.55811 -0.58936 0.56982 -0.44922 0.55957 -0.58936 0.55811 -0.58936 0.55811 -0.47705 0.56982 -0.44922 0.33740 -0.95850 0.31104 -0.86914 0.42090 -0.91943 0.33740 -0.95850 0.28613 -0.90576 0.31104 -0.86914 0.32275 -0.97754 0.28613 -0.90576 0.33740 -0.95850 0.32275 -0.97754 0.24316 -0.95459 0.28613 -0.90576 0.31445 -0.99609 0.24316 -0.95459 0.32275 -0.97754 0.31445 -0.99609 0.21191 -0.99365 0.24316 -0.95459 0.32275 -0.97754 0.21191 -0.99365 0.31445 -0.99609 0.32275 -0.97754 0.24316 -0.95459 0.21191 -0.99365 0.33740 -0.95850 0.24316 -0.95459 0.32275 -0.97754 0.33740 -0.95850 0.28613 -0.90576 0.24316 -0.95459 0.42090 -0.91943 0.28613 -0.90576 0.33740 -0.95850 0.42090 -0.91943 0.31104 -0.86914 0.28613 -0.90576 0.15869 -0.88428 0.31104 -0.86914 0.28027 -0.85938 0.15869 -0.88428 0.41846 -0.75195 0.31104 -0.86914 0.10254 -0.82275 0.41846 -0.75195 0.15869 -0.88428 0.10254 -0.82275 0.34424 -0.68506 0.41846 -0.75195 0.04590 -0.81592 0.34424 -0.68506 0.10254 -0.82275 0.04590 -0.81592 0.22607 -0.70361 0.34424 -0.68506 0.10254 -0.82275 0.22607 -0.70361 0.04590 -0.81592 0.10254 -0.82275 0.34424 -0.68506 0.22607 -0.70361 0.15869 -0.88428 0.34424 -0.68506 0.10254 -0.82275 0.15869 -0.88428 0.41846 -0.75195 0.34424 -0.68506 0.28027 -0.85938 0.41846 -0.75195 0.15869 -0.88428 0.28027 -0.85938 0.31104 -0.86914 0.41846 -0.75195 0.44043 -0.77783 0.53613 -0.92334 0.49121 -0.91943 0.44043 -0.77783 0.91797 -0.70703 0.53613 -0.92334 0.41846 -0.75195 0.91797 -0.70703 0.44043 -0.77783 0.41846 -0.75195 0.50000 -0.63672 0.91797 -0.70703 0.22607 -0.70361 0.50000 -0.63672 0.34424 -0.68506 0.22607 -0.70361 0.49707 -0.64111 0.50000 -0.63672 0.34424 -0.68506 0.49707 -0.64111 0.22607 -0.70361 0.34424 -0.68506 0.50000 -0.63672 0.49707 -0.64111 0.50537 -0.99219 0.44629 -0.92236 0.52148 -0.92676 0.50537 -0.99219 0.33057 -0.99170 0.44629 -0.92236 0.52148 -0.92676 0.33057 -0.99170 0.50537 -0.99219 0.52148 -0.92676 0.44629 -0.92236 0.33057 -0.99170 0.85352 -0.98682 0.38232 -0.96729 0.42090 -0.91943 0.85352 -0.98682 0.39111 -0.98828 0.38232 -0.96729 0.42090 -0.91943 0.39111 -0.98828 0.85352 -0.98682 0.42090 -0.91943 0.38232 -0.96729 0.39111 -0.98828 0.29883 -0.12402 0.53271 -0.23291 0.28809 -0.22949 0.29883 -0.12402 0.44629 -0.12305 0.53271 -0.23291 0.26953 -0.00488 0.44629 -0.12305 0.29883 -0.12402 0.26953 -0.00488 0.53174 -0.00684 0.44629 -0.12305 0.11475 -0.98926 0.13867 -0.89111 0.09180 -0.93799 0.11475 -0.98926 0.16895 -0.93701 0.13867 -0.89111 0.09131 -0.93799 0.16895 -0.93701 0.11475 -0.98926 0.09131 -0.93799 0.13867 -0.89111 0.16895 -0.93701 1.00830 -0.40576 1.06543 -0.25635 1.00537 -0.18555 1.00830 -0.40576 1.09619 -0.38672 1.06543 -0.25635 1.00732 -0.54297 1.09619 -0.38672 1.00830 -0.40576 1.00732 -0.54297 1.13379 -0.49658 1.09619 -0.38672 1.21338 -0.47119 1.09619 -0.38672 1.13379 -0.49658 1.21338 -0.47119 1.11182 -0.32275 1.09619 -0.38672 1.27637 -0.40625 1.11182 -0.32275 1.21338 -0.47119 1.27637 -0.40625 1.20898 -0.32324 1.11182 -0.32275 1.35205 -0.40283 1.20898 -0.32324 1.27637 -0.40625 1.35205 -0.40283 1.21240 -0.31543 1.20898 -0.32324 1.38135 -0.36328 1.21240 -0.31543 1.35205 -0.40283 1.38135 -0.36328 1.28662 -0.29932 1.21240 -0.31543 1.45801 -0.52979 1.27637 -0.40625 1.40137 -0.59717 1.45801 -0.52979 1.35205 -0.40283 1.27637 -0.40625 1.46289 -0.41602 1.35205 -0.40283 1.45801 -0.52979 1.46289 -0.41602 1.38135 -0.36328 1.35205 -0.40283 0.03906 -0.25439 0.05518 -0.25635 0.03906 -0.25635 0.03906 -0.25439 0.05273 -0.25439 0.05518 -0.25635 0.03955 -0.25244 0.05273 -0.25439 0.03906 -0.25439 0.03955 -0.25244 0.05273 -0.25244 0.05273 -0.25439 0.03906 -0.25146 0.05273 -0.25244 0.03955 -0.25244 0.03906 -0.25146 0.04004 -0.24951 0.05273 -0.25244 0.56982 -0.44922 0.58545 -0.58887 0.58203 -0.44922 0.56982 -0.44922 0.55957 -0.58936 0.58545 -0.58887 0.55811 -0.47705 0.55957 -0.58936 0.56982 -0.44922 0.55811 -0.47705 0.55811 -0.58936 0.55957 -0.58936 0.91797 -0.70703 0.49121 -0.91943 0.53613 -0.92334 0.91797 -0.70703 0.44043 -0.77783 0.49121 -0.91943 0.50000 -0.63672 0.44043 -0.77783 0.91797 -0.70703 0.50000 -0.63672 0.41846 -0.75195 0.44043 -0.77783 0.99463 -0.23486 0.90332 -0.28223 0.86816 -0.15381 0.99463 -0.23486 0.99268 -0.37061 0.90332 -0.28223 0.56006 -0.34619 0.50781 -0.37500 0.55469 -0.21484 0.56006 -0.34619 0.56201 -0.44531 0.50781 -0.37500 0.61475 -0.37109 0.56201 -0.44531 0.56006 -0.34619 0.29883 -0.12402 0.00049 -0.12109 0.28809 -0.22949 0.29883 -0.12402 0.26953 -0.00488 0.00049 -0.12109 0.34033 -0.12402 0.51221 -0.23535 0.57861 -0.12109 0.34033 -0.12402 0.28760 -0.23145 0.51221 -0.23535 0.00195 -0.11963 0.28760 -0.23145 0.34033 -0.12402 0.34033 -0.12402 0.26807 -0.00488 0.00195 -0.11963 0.34033 -0.12402 0.49756 -0.01025 0.26807 -0.00488 0.57861 -0.12109 0.49756 -0.01025 0.34033 -0.12402 0.25635 -0.88672 0.16113 -0.95654 0.13916 -0.89111 0.25635 -0.88672 0.14014 -0.89111 0.16113 -0.95654 0.44629 -0.12305 0.57764 -0.12207 0.53174 -0.00684 0.44629 -0.12305 0.53271 -0.23291 0.57764 -0.12207 0.16211 -0.95557 0.25537 -0.88672 0.13916 -0.89111 0.16211 -0.95557 0.13965 -0.89111 0.25537 -0.88672 1.47754 -0.43262 1.46289 -0.41602 1.49512 -0.37988 1.47754 -0.43262 1.45801 -0.52979 1.46289 -0.41602 1.40137 -0.59717 1.21338 -0.47119 1.27637 -0.40625 1.40137 -0.59717 1.34082 -0.66992 1.21338 -0.47119 1.21338 -0.47119 1.26269 -0.67383 1.13379 -0.49658 1.21338 -0.47119 1.34082 -0.66992 1.26269 -0.67383 1.13769 -0.18799 1.28662 -0.29932 1.21240 -0.31543 1.13769 -0.18799 1.28369 -0.23193 1.28662 -0.29932 0.05078 -0.23779 0.05273 -0.23145 0.05420 -0.23340 0.05078 -0.23779 0.05078 -0.23242 0.05273 -0.23145 0.04785 -0.23145 0.05078 -0.23242 0.05078 -0.23779 0.05957 -0.25537 0.05713 -0.25537 0.05957 -0.25586 0.05957 -0.25537 0.06006 -0.25342 0.05713 -0.25537 0.05078 -0.23779 0.04688 -0.23584 0.04785 -0.23145 0.05078 -0.23779 0.04492 -0.23779 0.04688 -0.23584 0.04541 -0.24170 0.04492 -0.23779 0.05078 -0.23779 0.05713 -0.25391 0.05566 -0.25049 0.05713 -0.25537 0.05713 -0.25391 0.05811 -0.25049 0.05566 -0.25049 0.05762 -0.25342 0.05811 -0.25049 0.05713 -0.25391 0.05762 -0.25342 0.06055 -0.25098 0.05811 -0.25049 0.05713 -0.25537 0.06055 -0.25098 0.05762 -0.25342 0.05713 -0.25537 0.06006 -0.25342 0.06055 -0.25098 0.52295 -0.58984 0.54395 -0.47754 0.53613 -0.58984 0.52295 -0.58984 0.52588 -0.45020 0.54395 -0.47754 0.55127 -0.47705 0.53564 -0.58984 0.54395 -0.47705 0.55127 -0.47705 0.54102 -0.58984 0.53564 -0.58984 1.06543 -0.25635 1.11182 -0.32275 1.09619 -0.38672 1.06543 -0.25635 1.10059 -0.21680 1.11182 -0.32275 0.88916 -0.40479 0.96436 -0.41162 0.87842 -0.49707 0.88916 -0.40479 0.99268 -0.37061 0.96436 -0.41162 0.90332 -0.28223 0.99268 -0.37061 0.88916 -0.40479 0.96680 -0.99414 0.49121 -0.91943 0.53613 -0.92334 0.96680 -0.99414 0.85352 -0.98682 0.49121 -0.91943 0.74609 -0.98438 0.99609 -0.52734 0.96680 -0.99414 0.74609 -0.98438 0.91797 -0.70703 0.99609 -0.52734 0.53613 -0.92334 0.91797 -0.70703 0.74609 -0.98438 0.01074 -0.90918 0.04590 -0.81592 0.10254 -0.82275 0.01074 -0.90918 0.10254 -0.82275 0.04590 -0.81592 0.88965 -0.54053 0.99609 -0.53125 0.91797 -0.70703 0.88965 -0.54053 0.91797 -0.70703 0.99609 -0.53125 0.50049 -0.63672 0.91797 -0.70703 0.88965 -0.54053 0.08203 -0.93994 0.01074 -0.90918 0.10400 -0.90771 0.08203 -0.93994 0.08203 -0.93994 0.01074 -0.90918 0.44043 -0.77783 0.31104 -0.86914 0.41846 -0.75195 0.44043 -0.77783 0.42090 -0.91943 0.31104 -0.86914 0.49121 -0.91943 0.42090 -0.91943 0.44043 -0.77783 0.49121 -0.91943 0.85352 -0.98682 0.42090 -0.91943 0.90332 -0.28223 0.99463 -0.23486 0.86816 -0.15381 0.90332 -0.28223 0.99268 -0.37061 0.99463 -0.23486 0.88916 -0.40479 0.99268 -0.37061 0.90332 -0.28223 0.88916 -0.40479 0.96436 -0.41162 0.99268 -0.37061 0.87842 -0.49707 0.96436 -0.41162 0.88916 -0.40479 0.56006 -0.34619 0.55469 -0.21484 0.50781 -0.37500 0.56006 -0.34619 0.61475 -0.37109 0.55469 -0.21484 0.56201 -0.44531 0.61475 -0.37109 0.56006 -0.34619 0.00049 -0.12109 0.29883 -0.12402 0.28809 -0.22949 0.00049 -0.12109 0.26953 -0.00488 0.29883 -0.12402 0.34033 -0.12402 0.57861 -0.12109 0.51221 -0.23535 0.34033 -0.12402 0.49756 -0.01025 0.57861 -0.12109 0.26807 -0.00488 0.49756 -0.01025 0.34033 -0.12402 0.34033 -0.12402 0.00195 -0.11963 0.26807 -0.00488 0.34033 -0.12402 0.28760 -0.23145 0.00195 -0.11963 0.51221 -0.23535 0.28760 -0.23145 0.34033 -0.12402 0.16113 -0.95654 0.25635 -0.88672 0.13916 -0.89111 0.16113 -0.95654 0.14014 -0.89111 0.25635 -0.88672 0.57764 -0.12207 0.44629 -0.12305 0.53174 -0.00684 0.57764 -0.12207 0.53271 -0.23291 0.44629 -0.12305 0.25537 -0.88672 0.16211 -0.95557 0.13916 -0.89111 0.25537 -0.88672 0.13965 -0.89111 0.16211 -0.95557 1.46289 -0.41602 1.47754 -0.43262 1.49512 -0.37988 1.46289 -0.41602 1.45801 -0.52979 1.47754 -0.43262 1.21338 -0.47119 1.40137 -0.59717 1.27637 -0.40625 1.21338 -0.47119 1.34082 -0.66992 1.40137 -0.59717 1.26269 -0.67383 1.34082 -0.66992 1.21338 -0.47119 1.28662 -0.29932 1.13769 -0.18799 1.21240 -0.31543 1.28662 -0.29932 1.28369 -0.23193 1.13769 -0.18799 0.05811 -0.25049 0.05762 -0.25342 0.05713 -0.25391 0.05811 -0.25049 0.06055 -0.25098 0.05762 -0.25342 0.05273 -0.23145 0.05078 -0.23779 0.05420 -0.23340 0.05273 -0.23145 0.05078 -0.23242 0.05078 -0.23779 0.05713 -0.25537 0.05957 -0.25537 0.05957 -0.25586 0.05713 -0.25537 0.06006 -0.25342 0.05957 -0.25537 0.06055 -0.25098 0.06006 -0.25342 0.05713 -0.25537 0.04785 -0.23145 0.05078 -0.23779 0.05078 -0.23242 0.04785 -0.23145 0.04688 -0.23584 0.05078 -0.23779 0.05078 -0.23779 0.04492 -0.23779 0.04541 -0.24170 0.05078 -0.23779 0.04688 -0.23584 0.04492 -0.23779 0.05566 -0.25049 0.05713 -0.25391 0.05713 -0.25537 0.05566 -0.25049 0.05811 -0.25049 0.05713 -0.25391 0.52295 -0.58984 0.54395 -0.47754 0.52588 -0.45020 0.52295 -0.58984 0.53613 -0.58984 0.54395 -0.47754 0.55127 -0.47705 0.53564 -0.58984 0.54102 -0.58984 0.55127 -0.47705 0.54395 -0.47705 0.53564 -0.58984 1.11182 -0.32275 1.06543 -0.25635 1.09619 -0.38672 1.11182 -0.32275 1.10059 -0.21680 1.06543 -0.25635 1.20898 -0.32324 1.10059 -0.21680 1.11182 -0.32275 0.96680 -0.99414 0.49121 -0.91943 0.85352 -0.98682 0.96680 -0.99414 0.53613 -0.92334 0.49121 -0.91943 0.74609 -0.98438 0.53613 -0.92334 0.96680 -0.99414 0.74609 -0.98438 0.91797 -0.70703 0.53613 -0.92334 0.99609 -0.52734 0.91797 -0.70703 0.74609 -0.98438 0.01074 -0.90918 0.08203 -0.93994 0.10400 -0.90771 0.01074 -0.90918 0.08203 -0.93994 0.08203 -0.93994 0.31104 -0.86914 0.44043 -0.77783 0.41846 -0.75195 0.31104 -0.86914 0.42090 -0.91943 0.44043 -0.77783 0.42090 -0.91943 0.49121 -0.91943 0.44043 -0.77783 0.42090 -0.91943 0.85352 -0.98682 0.49121 -0.91943 0.50049 -0.63672 0.88965 -0.54053 0.91797 -0.70703 0.50049 -0.63672 0.49463 -0.64062 0.88965 -0.54053 0.11377 -0.98828 0.16113 -0.95654 0.14014 -0.89111 0.09180 -0.93799 0.11377 -0.98828 0.09131 -0.93799 0.13916 -0.89111 0.17432 -0.94238 1.00732 -0.52393 1.13818 -0.49219 1.08594 -0.69189 1.00537 -0.65430 0.83594 -0.31299 0.83105 -0.55371 0.65137 -0.53223 0.68506 -0.31201 1.37500 -0.36914 1.29248 -0.30518 1.31494 -0.25537 1.38232 -0.30811 1.20898 -0.32324 1.10059 -0.21680 1.13769 -0.18799 1.21240 -0.31543 0.85889 -0.00146 0.85889 -0.08398 0.61572 -0.08252 0.61035 -0.00146 0.38574 -0.52344 0.40820 -0.51025 0.39062 -0.50049 0.40771 -0.51025 0.55762 -0.58936 0.54688 -0.58984 0.55127 -0.47705 0.55811 -0.47705 0.74268 -0.13037 0.72363 -0.14600 0.72656 -0.11426 0.74316 -0.11328 1.49512 -0.37988 1.43994 -0.40332 1.38184 -0.37305 1.38232 -0.30811 0.73193 -0.25537 0.60986 -0.29590 0.85889 -0.08398 0.85205 -0.27051 0.10400 -0.90771 0.01074 -0.90918 0.10254 -0.82275 0.15869 -0.88428 0.11377 -0.98828 0.09180 -0.93799 0.14014 -0.89111 0.16113 -0.95654 0.11377 -0.98828 0.17432 -0.94238 0.13916 -0.89111 0.09131 -0.93799 1.00732 -0.52393 1.00537 -0.65430 1.08594 -0.69189 1.13818 -0.49219 0.83594 -0.31299 0.68506 -0.31201 0.65137 -0.53223 0.83105 -0.55371 1.37500 -0.36914 1.38232 -0.30811 1.31494 -0.25537 1.29248 -0.30518 1.20898 -0.32324 1.21240 -0.31543 1.13769 -0.18799 1.10059 -0.21680 0.85889 -0.00146 0.61035 -0.00146 0.61572 -0.08252 0.85889 -0.08398 0.39062 -0.50049 0.40820 -0.51025 0.38574 -0.52344 0.40771 -0.51025 0.55762 -0.58936 0.55811 -0.47705 0.55127 -0.47705 0.54688 -0.58984 0.74268 -0.13037 0.74316 -0.11328 0.72656 -0.11426 0.72363 -0.14600 1.49512 -0.37988 1.38232 -0.30811 1.38184 -0.37305 1.43994 -0.40332 0.85889 -0.08398 0.60986 -0.29590 0.73193 -0.25537 0.85205 -0.27051 0.10400 -0.90771 0.15869 -0.88428 0.10254 -0.82275 0.01074 -0.90918 0.37061 -0.40576 0.36182 -0.40576 0.36426 -0.40723 0.61475 -0.37109 0.56006 -0.34619 0.55469 -0.21484 0.99316 0.00928 0.99463 -0.14795 0.87646 -0.14795 0.98047 0.00000 0.86328 -0.14844 0.86328 0.00000 0.86328 0.00000 0.98145 -0.00098 0.86328 -0.14844 0.98047 0.00000 0.86328 -0.14844 0.86328 0.00000 1.01025 -0.40576 1.05469 -0.41699 1.00488 -0.18555 0.04395 -0.35693 0.04199 -0.36963 0.04199 -0.35645 1.39551 -0.59912 1.34131 -0.65723 1.35840 -0.58105 0.42236 -0.34033 0.40088 -0.40430 0.45703 -0.40527 0.40088 -0.40430 0.42236 -0.34033 0.45703 -0.40527 1.35693 -0.58154 1.39404 -0.59912 1.34082 -0.65820 0.04199 -0.35840 0.04004 -0.35742 0.03760 -0.37256 0.54736 -0.58984 0.54150 -0.58984 0.55127 -0.47705 0.61572 -0.08252 0.85889 -0.08398 0.60986 -0.29590 0.50000 -0.63672 0.41846 -0.75195 0.34424 -0.68506 0.96680 -0.99414 0.53613 -0.92334 0.74609 -0.98438 0.36182 -0.40576 0.33887 -0.40186 0.34570 -0.40137 1.10059 -0.21680 1.20898 -0.32324 1.11182 -0.32275 0.36182 -0.40576 0.37061 -0.40576 0.36426 -0.40723 0.56201 -0.44531 0.56006 -0.34619 0.50781 -0.37500 0.99463 -0.14795 0.99316 0.00928 0.87646 -0.14795 0.86328 -0.14844 0.98047 0.00000 0.86328 0.00000 0.98145 -0.00098 0.86328 0.00000 0.86328 -0.14844 0.86328 -0.14844 0.98047 0.00000 0.86328 0.00000 1.05469 -0.41699 1.01025 -0.40576 1.00488 -0.18555 1.21338 -0.47119 1.13379 -0.49658 1.26269 -0.67383 0.04199 -0.36963 0.04395 -0.35693 0.04199 -0.35645 1.34131 -0.65723 1.39551 -0.59912 1.35840 -0.58105 0.40088 -0.40430 0.42236 -0.34033 0.45703 -0.40527 0.42236 -0.34033 0.40088 -0.40430 0.45703 -0.40527 1.39404 -0.59912 1.35693 -0.58154 1.34082 -0.65820 0.04004 -0.35742 0.04199 -0.35840 0.03760 -0.37256 0.54150 -0.58984 0.54736 -0.58984 0.55127 -0.47705 0.05762 -0.25342 0.06055 -0.25098 0.05713 -0.25537 0.85889 -0.08398 0.61572 -0.08252 0.60986 -0.29590 0.96680 -0.99414 0.99609 -0.52734 0.74609 -0.98438 0.41846 -0.75195 0.50000 -0.63672 0.34424 -0.68506 0.33887 -0.40186 0.36182 -0.40576 0.34570 -0.40137 0.88965 -0.54053 0.49463 -0.64062 0.50049 -0.63672</float_array>
     <technique_common>
      <accessor count="944" offset="0" source="#realb01_1-lib-texcoords-array" stride="2">
       <param name="U" type="float"/>
       <param name="V" type="float"/>
      </accessor>
     </technique_common>
    </source>
    <vertices id="realb01_1-lib-vertices">
     <input semantic="POSITION" source="#realb01_1-lib-positions"/>
    </vertices>
    <polylist count="306" material="mat1.png">
     <input offset="0" semantic="VERTEX" source="#realb01_1-lib-vertices"/>
     <input offset="1" semantic="NORMAL" source="#realb01_1-lib-normals"/>
     <input offset="2" semantic="TEXCOORD" source="#realb01_1-lib-texcoords"/>
     <vcount>3 3 3 3 3 3 3 3 3 3 3 3 3 3 3 3 3 3 3 3 3 3 3 3 3 3 3 3 3 3 3 3 3 3 3 3 3 3 3 3 3 3 3 3 3 3 3 3 3 3 3 3 3 3 3 3 3 3 3 3 3 3 3 3 3 3 3 3 3 3 3 3 3 3 3 3 3 3 3 3 3 3 3 3 3 3 3 3 3 3 3 3 3 3 3 3 3 3 3 3 3 3 3 3 3 3 3 3 3 3 3 3 3 3 3 3 3 3 3 3 3 3 3 3 3 3 3 3 3 3 3 3 3 3 3 3 3 3 3 3 3 3 3 3 3 3 3 3 3 3 3 3 3 3 3 3 3 3 3 3 3 3 3 3 3 3 3 3 3 3 3 3 3 3 3 3 3 3 3 3 3 3 3 3 3 3 3 3 3 3 3 3 3 3 3 3 3 3 3 3 3 3 3 3 3 3 3 3 3 3 3 3 3 3 3 3 3 3 3 3 3 3 3 3 3 3 3 3 3 3 3 3 3 3 3 3 3 3 3 3 4 4 4 4 4 4 4 4 4 4 4 4 4 4 4 4 4 4 4 4 4 4 4 4 4 4 3 3 3 3 3 3 3 3 3 3 3 3 3 3 3 3 3 3 3 3 3 3 3 3 3 3 3 3 3 3 3 3 3 3 3 3 3 3 3 3</vcount>
     <p>2 2 2 1 1 1 0 0 0 1 5 5 3 4 4 0 3 3 0 8 8 3 7 7 4 6 6 3 11 11 5 10 10 4 9 9 1 14 14 2 13 13 6 12 12 2 17 17 7 16 16 6 15 15 6 20 20 7 19 19 5 18 18 7 23 23 4 22 22 5 21 21 10 26 26 9 25 25 8 24 24 9 29 29 11 28 28 8 27 27 8 32 32 11 31 31 12 30 30 11 35 35 13 34 34 12 33 33 8 38 38 12 37 37 14 36 36 12 41 41 15 40 40 14 39 39 14 44 44 15 43 43 16 42 42 15 47 47 17 46 46 16 45 45 16 50 50 17 49 49 18 48 48 17 53 53 19 52 52 18 51 51 18 56 56 19 55 55 20 54 54 19 59 59 21 58 58 20 57 57 17 62 62 22 61 61 19 60 60 22 65 65 23 64 64 19 63 63 19 68 68 23 67 67 21 66 66 23 71 71 24 70 70 21 69 69 27 74 74 26 73 73 25 72 72 26 77 77 28 76 76 25 75 75 25 80 80 28 79 79 29 78 78 28 83 83 30 82 82 29 81 81 29 86 86 30 85 85 27 84 84 30 89 89 26 88 88 27 87 87 33 92 92 32 91 91 31 90 90 32 95 95 34 94 94 31 93 93 31 98 98 34 97 97 35 96 96 34 101 101 22 100 100 35 99 99 38 104 104 37 103 103 36 102 102 37 107 107 39 106 106 36 105 105 36 110 110 39 109 109 40 108 108 39 113 113 41 112 112 40 111 111 40 116 116 41 115 115 42 114 114 41 119 119 43 118 118 42 117 117 42 122 122 43 121 121 44 120 120 43 125 125 45 124 124 44 123 123 44 128 128 45 127 127 46 126 126 45 131 131 47 130 130 46 129 129 46 134 134 47 133 133 48 132 132 47 137 137 49 136 136 48 135 135 51 140 140 37 139 139 50 138 138 37 143 143 52 142 142 50 141 141 50 146 146 52 145 145 53 144 144 52 149 149 54 148 148 53 147 147 53 152 152 54 151 151 55 150 150 54 155 155 56 154 154 55 153 153 55 158 158 56 157 157 57 156 156 56 161 161 58 160 160 57 159 159 57 164 164 58 163 163 59 162 162 58 167 167 60 166 166 59 165 165 59 170 170 60 169 169 61 168 168 60 173 173 49 172 172 61 171 171 64 176 176 63 175 175 62 174 174 63 179 179 65 178 178 62 177 177 62 182 182 65 181 181 52 180 180 65 185 185 66 184 184 52 183 183 54 188 188 66 187 187 56 186 186 66 191 191 67 190 190 56 189 189 56 194 194 67 193 193 58 192 192 67 197 197 68 196 196 58 195 195 36 200 200 40 199 199 69 198 198 40 203 203 42 202 202 69 201 201 69 206 206 42 205 205 46 204 204 42 209 209 44 208 208 46 207 207 38 212 212 36 211 211 70 210 210 36 215 215 69 214 214 70 213 213 70 218 218 69 217 217 48 216 216 69 221 221 46 220 220 48 219 219 73 224 224 72 223 223 71 222 222 72 227 227 74 226 226 71 225 225 71 230 230 74 229 229 75 228 228 74 233 233 76 232 232 75 231 231 72 236 236 73 235 235 77 234 234 73 239 239 78 238 238 77 237 237 77 242 242 78 241 241 76 240 240 78 245 245 75 244 244 76 243 243 81 248 248 80 247 247 79 246 246 80 251 251 82 250 250 79 249 249 79 254 254 82 253 253 83 252 252 82 257 257 84 256 256 83 255 255 84 260 260 82 259 259 85 258 258 82 263 263 86 262 262 85 261 261 85 266 266 86 265 265 87 264 264 86 269 269 88 268 268 87 267 267 87 272 272 88 271 271 89 270 270 88 275 275 90 274 274 89 273 273 89 278 278 90 277 277 91 276 276 90 281 281 92 280 280 91 279 279 94 284 284 87 283 283 93 282 282 87 287 287 89 286 286 93 285 285 93 290 290 89 289 289 95 288 288 89 293 293 91 292 292 95 291 291 98 296 296 97 295 295 96 294 294 97 299 299 99 298 298 96 297 297 96 302 302 99 301 301 100 300 300 99 305 305 101 304 304 100 303 303 100 308 308 101 307 307 98 306 306 101 311 311 97 310 310 98 309 309 104 314 314 103 313 313 102 312 312 103 317 317 105 316 316 102 315 315 102 320 320 105 319 319 94 318 318 105 323 323 106 322 322 94 321 321 109 326 326 108 325 325 107 324 324 108 329 329 110 328 328 107 327 327 107 332 332 110 331 331 68 330 330 110 335 335 60 334 334 68 333 333 113 338 338 112 337 337 111 336 336 112 341 341 114 340 340 111 339 339 117 344 344 116 343 343 115 342 342 116 347 347 118 346 346 115 345 345 115 350 350 118 349 349 119 348 348 1 353 353 120 352 352 3 351 351 120 356 356 5 355 355 3 354 354 123 359 359 122 358 358 121 357 357 122 362 362 124 361 361 121 360 360 121 365 365 124 364 364 125 363 363 125 368 368 126 367 367 121 366 366 126 371 371 127 370 370 121 369 369 121 374 374 127 373 373 123 372 372 130 377 377 129 376 376 128 375 375 129 380 380 131 379 379 128 378 378 4 383 383 7 382 382 0 381 381 7 386 386 2 385 385 0 384 384 5 389 389 132 388 388 6 387 387 132 392 392 1 391 391 6 390 390 134 395 395 24 394 394 133 393 393 24 398 398 23 397 397 133 396 396 17 401 401 15 400 400 22 399 399 15 404 404 135 403 403 22 402 402 12 407 407 136 406 406 15 405 405 136 410 410 135 409 409 15 408 408 18 413 413 20 412 412 137 411 411 20 416 416 9 415 415 137 414 414 140 419 419 139 418 418 138 417 417 139 421 422 141 421 421 138 420 420 138 424 425 141 423 424 142 422 423 140 427 428 28 426 427 141 425 426 28 430 431 143 429 430 141 428 429 142 433 434 143 432 433 138 431 432 143 435 437 144 435 436 138 434 435 138 438 440 144 437 439 145 436 438 28 441 443 140 440 442 30 439 441 140 444 446 138 443 445 30 442 444 30 447 449 138 446 448 26 445 447 138 450 452 145 449 451 26 448 450 26 453 455 145 452 454 28 451 453 145 456 458 143 455 457 28 454 456 146 459 461 136 458 460 33 457 459 136 462 464 32 461 463 33 460 462 136 465 467 146 464 466 135 463 465 146 468 470 147 467 469 135 466 468 8 471 473 14 470 472 10 469 471 14 474 476 148 473 475 10 472 474 151 477 479 150 476 478 149 475 477 150 480 482 114 479 481 149 478 480 149 483 485 114 482 484 112 481 483 63 486 488 64 485 487 152 484 486 64 489 491 70 488 490 152 487 489 152 492 494 154 491 493 153 490 492 154 495 497 65 494 496 153 493 495 153 498 500 65 497 499 63 496 498 53 501 503 55 500 502 155 499 501 55 504 506 57 503 505 155 502 504 65 507 509 154 506 508 156 505 507 154 510 512 107 509 511 156 508 510 156 513 515 107 512 514 68 511 513 158 515 518 155 514 517 157 514 516 155 518 521 159 517 520 157 516 519 52 521 524 37 520 523 62 519 522 37 524 527 38 523 526 62 522 525 62 527 530 38 526 529 64 525 528 38 530 533 70 529 532 64 528 531 162 533 536 161 532 535 160 531 534 161 536 539 163 535 538 160 534 537 160 539 542 163 538 541 164 537 540 163 542 545 165 541 544 164 540 543 164 545 548 165 544 547 166 543 546 169 548 551 168 547 550 167 546 549 168 551 554 170 550 553 167 549 552 167 554 557 170 553 556 171 552 555 73 557 560 71 556 559 172 555 558 71 560 563 75 559 562 172 558 561 175 563 566 174 562 565 173 561 564 174 566 569 176 565 568 173 564 567 173 569 572 176 568 571 177 567 570 177 572 575 178 571 574 173 570 573 178 575 578 179 574 577 173 573 576 173 578 581 179 577 580 175 576 579 182 581 584 181 580 583 180 579 582 181 584 587 183 583 586 180 582 585 76 587 590 74 586 589 77 585 588 74 590 593 72 589 592 77 588 591 75 593 596 78 592 595 184 591 594 78 596 599 73 595 598 184 594 597 186 599 602 185 598 601 95 597 600 185 602 605 93 601 604 95 600 603 87 605 608 94 604 607 85 603 606 94 608 611 187 607 610 85 606 609 85 611 614 187 610 613 188 609 612 90 614 617 189 613 616 92 612 615 189 617 620 81 616 619 92 615 618 100 620 623 98 619 622 190 618 621 98 623 626 191 622 625 190 621 624 193 626 629 190 625 628 192 624 627 190 627 632 194 627 631 192 627 630 193 630 635 194 629 634 96 628 633 194 633 638 195 632 637 96 631 636 96 636 641 195 635 640 191 634 639 194 639 644 190 638 643 196 637 642 190 642 647 195 641 646 196 640 645 191 645 650 197 644 649 190 643 648 197 648 653 195 647 652 190 646 651 96 651 656 100 650 655 193 649 654 100 654 659 190 653 658 193 652 657 104 657 662 188 656 661 103 655 660 188 660 665 198 659 664 103 658 663 199 663 668 198 662 667 187 661 666 198 666 671 188 665 670 187 664 669 82 669 674 80 668 673 86 667 672 80 672 677 200 671 676 86 670 675 86 675 680 200 674 679 88 673 678 70 678 683 108 677 682 152 676 681 108 681 686 109 680 685 152 679 684 152 684 689 109 683 688 201 682 687 109 687 692 107 686 691 201 685 690 201 690 695 107 689 694 154 688 693 203 693 698 202 692 697 155 691 696 202 696 701 159 695 700 155 694 699 60 699 704 110 698 703 49 697 702 110 702 707 48 701 706 49 700 705 110 705 710 108 704 709 48 703 708 108 708 713 70 707 712 48 706 711 65 711 716 156 710 715 66 709 714 156 714 719 67 713 718 66 712 717 127 718 723 131 717 722 129 716 721 123 715 720 129 722 727 130 721 726 122 720 725 123 719 724 134 726 731 136 725 730 12 724 729 13 723 728 207 730 735 206 729 734 205 728 733 204 727 732 13 734 739 11 733 738 20 732 737 21 731 736 18 738 743 137 737 742 148 736 741 16 735 740 209 742 747 208 741 746 25 740 745 29 739 744 27 746 751 210 745 750 209 744 749 29 743 748 22 750 755 135 749 754 211 748 753 35 747 752 213 754 759 33 753 758 31 752 757 212 751 756 13 758 763 21 757 762 24 756 761 134 755 760 27 762 767 25 761 766 214 760 765 210 759 764 50 766 771 53 765 770 155 764 769 158 763 768 180 770 775 183 769 774 176 768 773 174 767 772 175 774 779 182 773 778 180 772 777 174 771 776 84 778 783 188 777 782 186 776 781 83 775 780 218 782 787 217 781 786 216 780 785 215 779 784 92 786 791 79 785 790 83 784 789 91 783 788 200 790 795 189 789 794 90 788 793 88 787 792 99 792 799 220 791 798 219 791 797 101 791 796 97 795 803 101 794 802 219 793 801 221 793 800 222 799 807 187 798 806 94 797 805 106 796 804 105 803 811 103 802 810 224 801 809 223 800 808 95 807 815 91 806 814 83 805 813 186 804 812 97 811 819 221 810 818 225 809 817 99 808 816 155 815 823 57 814 822 59 813 821 203 812 820 117 818 826 119 817 825 116 816 824 117 821 829 115 820 828 119 819 827 228 824 832 227 823 831 226 822 830 231 827 835 230 826 834 229 825 833 226 830 838 227 829 837 232 828 836 231 833 841 233 832 840 230 831 839 9 836 844 20 835 843 11 834 842 23 839 847 22 838 846 34 837 845 211 842 850 212 841 849 35 840 848 134 845 853 133 844 852 32 843 851 23 848 856 34 847 855 133 846 854 213 851 859 147 850 858 146 849 857 136 854 862 134 853 861 32 852 860 135 857 865 147 856 864 211 855 863 214 860 868 25 859 867 208 858 866 54 863 871 52 862 870 66 861 869 153 866 874 63 865 873 152 864 872 118 869 877 116 868 876 119 867 875 14 872 880 16 871 879 148 870 878 168 875 883 169 874 882 170 873 881 169 878 886 167 877 885 171 876 884 236 881 889 235 880 888 234 879 887 239 884 892 238 883 891 237 882 890 235 887 895 240 886 894 234 885 893 239 890 898 237 889 897 241 888 896 81 893 901 79 892 900 92 891 899 188 896 904 84 895 903 85 894 902 93 899 907 102 898 906 94 897 905 222 902 910 106 901 909 223 900 908 186 905 913 104 904 912 185 903 911 93 908 916 185 907 915 102 906 914 224 911 919 198 910 918 199 909 917 188 914 922 104 913 921 186 912 920 187 917 925 222 916 924 199 915 923 96 920 928 191 919 927 98 918 926 225 923 931 220 922 930 99 921 929 201 926 934 154 925 933 152 924 932 58 929 937 68 928 936 60 927 935 171 932 940 170 931 939 169 930 938 68 935 943 67 934 942 156 933 941</p>
    </polylist>
   </mesh>
  </geometry>
  <geometry id="realb01_2-lib" name="realb01_2">
   <mesh>
    <source id="realb01_2-lib-positions" name="position">
     <float_array id="realb01_2-lib-positions-array" count="132">12.22905 14.23766 -1.23902 7.87880 16.41215 0.22500 12.82806 17.64434 0.01118 6.90584 15.69022 -0.31569 9.92455 14.11938 -1.69603 5.92663 15.52554 -0.25059 8.71518 11.85726 -2.09832 4.76856 14.45065 0.18152 14.52324 19.99703 2.21157 14.67916 19.62458 2.11049 7.71627 17.90898 0.74497 7.14412 16.57363 0.21467 5.81783 16.13686 0.00881 -6.92554 15.72143 -0.31784 -12.84870 17.67478 0.01149 -7.89892 16.44375 0.22556 -12.24940 14.27075 -1.23901 -5.94549 15.55861 -0.25088 -9.94356 14.15196 -1.69482 -4.76868 14.44986 0.18141 -8.57589 12.00179 -2.07497 -7.73495 17.93921 0.74632 -14.62428 19.70744 2.10951 -14.46833 20.02842 2.21171 -7.16448 16.60466 0.21256 -5.83684 16.17043 0.00835 5.39247 15.45910 -0.11808 5.34869 15.70517 -0.10957 6.95989 12.06822 -1.72296 5.80664 11.14120 -1.60028 -5.40989 15.49046 -0.11865 -5.36692 15.73562 -0.11164 -4.73557 15.25797 -0.13750 -6.81978 12.21508 -1.70007 -5.66510 11.28846 -1.57678 4.09490 12.71986 -0.95976 1.90337 10.77734 -0.54826 -4.09529 12.71919 -0.95967 -1.90401 10.77708 -0.54809 4.71532 15.22876 -0.13657 2.23199 12.81104 -1.12979 15.54756 19.89793 2.16113 -2.23215 12.81071 -1.12955 -15.56703 19.92773 2.16129</float_array>
     <technique_common>
      <accessor count="44" source="#realb01_2-lib-positions-array" stride="3">
       <param name="X" type="float"/>
       <param name="Y" type="float"/>
       <param name="Z" type="float"/>
      </accessor>
     </technique_common>
    </source>
    <source id="realb01_2-lib-normals" name="normal">
     <float_array id="realb01_2-lib-normals-array" count="402">0.05829 -0.49843 0.86497 -0.08495 -0.45026 0.88885 0.19859 -0.67423 0.71132 0.05829 -0.49843 0.86497 0.08404 -0.52826 0.84491 -0.08495 -0.45026 0.88885 0.03946 -0.59785 0.80064 0.08404 -0.52826 0.84491 0.05829 -0.49843 0.86497 0.03946 -0.59785 0.80064 0.24309 -0.28185 0.92815 0.08404 -0.52826 0.84491 0.23953 -0.33598 0.91090 0.24309 -0.28185 0.92815 0.03946 -0.59785 0.80064 0.23953 -0.33598 0.91090 0.30769 -0.21053 0.92790 0.24309 -0.28185 0.92815 -0.08495 -0.45026 0.88885 -0.05993 -0.28751 0.95590 -0.01067 -0.36331 0.93161 -0.08495 -0.45026 0.88885 -0.09915 -0.34945 0.93169 -0.05993 -0.28751 0.95590 0.08404 -0.52826 0.84491 -0.09915 -0.34945 0.93169 -0.08495 -0.45026 0.88885 0.08404 -0.52826 0.84491 0.55430 -0.52185 0.64841 -0.09915 -0.34945 0.93169 0.24309 -0.28185 0.92815 0.55430 -0.52185 0.64841 0.08404 -0.52826 0.84491 0.24309 -0.28185 0.92815 0.04600 -0.35155 0.93504 0.55430 -0.52185 0.64841 -0.07721 -0.38916 0.91793 -0.17787 -0.67428 0.71673 -0.04697 -0.57998 0.81328 -0.07721 -0.38916 0.91793 -0.03649 -0.46601 0.88403 -0.17787 -0.67428 0.71673 -0.23697 -0.20248 0.95018 -0.03649 -0.46601 0.88403 -0.07721 -0.38916 0.91793 -0.23697 -0.20248 0.95018 -0.06990 -0.66132 0.74684 -0.03649 -0.46601 0.88403 -0.26145 -0.22739 0.93805 -0.06990 -0.66132 0.74684 -0.23697 -0.20248 0.95018 -0.26145 -0.22739 0.93805 -0.25437 -0.41120 0.87533 -0.06990 -0.66132 0.74684 0.09696 -0.33694 0.93652 0.00220 -0.39411 0.91906 0.05300 -0.32627 0.94379 0.09696 -0.33694 0.93652 -0.04697 -0.57998 0.81328 0.00220 -0.39411 0.91906 0.07110 -0.44607 0.89217 -0.04697 -0.57998 0.81328 0.09696 -0.33694 0.93652 0.07110 -0.44607 0.89217 -0.07721 -0.38916 0.91793 -0.04697 -0.57998 0.81328 -0.10942 -0.38253 0.91744 -0.07721 -0.38916 0.91793 0.07110 -0.44607 0.89217 -0.10942 -0.38253 0.91744 -0.23697 -0.20248 0.95018 -0.07721 -0.38916 0.91793 0.10730 -0.01746 0.99407 0.24309 -0.28185 0.92815 0.30769 -0.21053 0.92790 0.10730 -0.01746 0.99407 0.04600 -0.35155 0.93504 0.24309 -0.28185 0.92815 -0.12796 -0.05702 0.99014 0.04600 -0.35155 0.93504 0.10730 -0.01746 0.99407 0.21104 -0.48452 0.84894 0.30769 -0.21053 0.92790 0.23953 -0.33598 0.91090 0.21104 -0.48452 0.84894 0.22077 -0.33587 0.91567 0.30769 -0.21053 0.92790 -0.23697 -0.20248 0.95018 -0.10523 -0.01778 0.99429 -0.26145 -0.22739 0.93805 -0.23697 -0.20248 0.95018 -0.10942 -0.38253 0.91744 -0.10523 -0.01778 0.99429 -0.10523 -0.01778 0.99429 0.13378 -0.05175 0.98966 0.01705 -0.03156 0.99936 -0.10523 -0.01778 0.99429 -0.10942 -0.38253 0.91744 0.13378 -0.05175 0.98966 -0.26145 -0.22739 0.93805 -0.21096 -0.50897 0.83453 -0.25437 -0.41120 0.87533 -0.26145 -0.22739 0.93805 -0.22866 -0.34767 0.90931 -0.21096 -0.50897 0.83453 0.02914 -0.16660 0.98559 0.30769 -0.21053 0.92790 0.22077 -0.33587 0.91567 -0.00809 -0.00339 0.99996 -0.03903 -0.17290 0.98417 0.00418 0.00313 0.99999 -0.22866 -0.34767 0.90931 -0.26145 -0.22739 0.93805 -0.01464 -0.03717 0.99920 -0.12796 -0.05702 0.99014 0.10730 -0.01746 0.99407 -0.07327 0.28511 0.95569 0.02914 -0.16660 0.98559 -0.00809 -0.00339 0.99996 0.02317 -0.25279 0.96724 -0.01067 -0.36331 0.93161 -0.05993 -0.28751 0.95590 -0.08495 -0.45026 0.88885 -0.01067 -0.36331 0.93161 0.19859 -0.67423 0.71132 -0.03903 -0.17290 0.98417 0.07314 0.28506 0.95571 0.00418 0.00313 0.99999 0.00220 -0.39411 0.91906 -0.01670 -0.29598 0.95505 0.05300 -0.32627 0.94379 0.00220 -0.39411 0.91906 -0.04697 -0.57998 0.81328 -0.17787 -0.67428 0.71673</float_array>
     <technique_common>
      <accessor count="134" source="#realb01_2-lib-normals-array" stride="3">
       <param name="X" type="float"/>
       <param name="Y" type="float"/>
       <param name="Z" type="float"/>
      </accessor>
     </technique_common>
    </source>
    <source id="realb01_2-lib-texcoords">
     <float_array id="realb01_2-lib-texcoords-array" count="268">0.90527 -0.70605 0.45410 -0.08789 0.96289 -0.40723 0.90527 -0.70605 0.22949 -0.10352 0.45410 -0.08789 0.68945 -0.73438 0.22949 -0.10352 0.90527 -0.70605 0.68945 -0.73438 0.13770 -0.09668 0.22949 -0.10352 0.47656 -0.98828 0.13770 -0.09668 0.68945 -0.73438 0.47656 -0.98828 0.09082 -0.08105 0.13770 -0.09668 0.45410 -0.08789 0.91016 -0.00293 0.87793 -0.08008 0.45410 -0.08789 0.34570 0.00000 0.91016 -0.00293 0.22949 -0.10352 0.34570 0.00000 0.45410 -0.08789 0.22949 -0.10352 0.24609 0.00000 0.34570 0.00000 0.13770 -0.09668 0.24609 0.00000 0.22949 -0.10352 0.13770 -0.09668 0.17578 -0.00879 0.24609 0.00000 0.22949 -0.10352 0.96289 -0.40723 0.45410 -0.08789 0.22949 -0.10352 0.90527 -0.70605 0.96289 -0.40723 0.13770 -0.09668 0.90527 -0.70605 0.22949 -0.10352 0.13770 -0.09668 0.68945 -0.73438 0.90527 -0.70605 0.09082 -0.08105 0.68945 -0.73438 0.13770 -0.09668 0.09082 -0.08105 0.47656 -0.98828 0.68945 -0.73438 0.34570 0.00000 0.87793 -0.08008 0.91016 -0.00293 0.34570 0.00000 0.45410 -0.08789 0.87793 -0.08008 0.24609 0.00000 0.45410 -0.08789 0.34570 0.00000 0.24609 0.00000 0.22949 -0.10352 0.45410 -0.08789 0.17578 -0.00879 0.22949 -0.10352 0.24609 0.00000 0.17578 -0.00879 0.13770 -0.09668 0.22949 -0.10352 0.08594 -0.05078 0.13770 -0.09668 0.09082 -0.08105 0.08594 -0.05078 0.17578 -0.00879 0.13770 -0.09668 0.10547 -0.01758 0.17578 -0.00879 0.08594 -0.05078 0.26270 -0.97754 0.09082 -0.08105 0.47656 -0.98828 0.26270 -0.97754 0.05176 -0.91895 0.09082 -0.08105 0.13770 -0.09668 0.08594 -0.05078 0.09082 -0.08105 0.13770 -0.09668 0.17578 -0.00879 0.08594 -0.05078 0.08594 -0.05078 0.10547 -0.01758 0.00391 -0.02148 0.08594 -0.05078 0.17578 -0.00879 0.10547 -0.01758 0.09082 -0.08105 0.26270 -0.97754 0.47656 -0.98828 0.09082 -0.08105 0.05176 -0.91895 0.26270 -0.97754 -0.04102 -0.11914 0.09082 -0.08105 0.05176 -0.91895 -0.26953 -0.38965 -0.04102 -0.11914 -0.26953 -0.38965 0.05176 -0.91895 0.09082 -0.08105 0.00391 -0.02148 0.10547 -0.01758 0.08594 -0.05078 0.83691 -0.82129 0.96094 -0.89062 0.94043 -0.95312 0.99707 -0.02344 0.87793 -0.08008 0.91016 -0.00293 0.45410 -0.08789 0.87793 -0.08008 0.96289 -0.40723 0.95996 -0.88770 0.83594 -0.81738 0.93848 -0.95020 0.87793 -0.08008 0.99707 -0.02344 0.91016 -0.00293 0.87793 -0.08008 0.45410 -0.08789 0.96289 -0.40723</float_array>
     <technique_common>
      <accessor count="134" offset="0" source="#realb01_2-lib-texcoords-array" stride="2">
       <param name="U" type="float"/>
       <param name="V" type="float"/>
      </accessor>
     </technique_common>
    </source>
    <vertices id="realb01_2-lib-vertices">
     <input semantic="POSITION" source="#realb01_2-lib-positions"/>
    </vertices>
    <polylist count="44" material="mat5.png">
     <input offset="0" semantic="VERTEX" source="#realb01_2-lib-vertices"/>
     <input offset="1" semantic="NORMAL" source="#realb01_2-lib-normals"/>
     <input offset="2" semantic="TEXCOORD" source="#realb01_2-lib-texcoords"/>
     <vcount>3 3 3 3 3 3 3 3 3 3 3 3 3 3 3 3 3 3 3 3 3 3 3 3 3 3 3 3 3 3 3 3 3 3 3 4 4 3 3 3 3 3 3 3</vcount>
     <p>2 2 2 1 1 1 0 0 0 1 5 5 3 4 4 0 3 3 0 8 8 3 7 7 4 6 6 3 11 11 5 10 10 4 9 9 4 14 14 5 13 13 6 12 12 5 17 17 7 16 16 6 15 15 9 20 20 8 19 19 1 18 18 8 23 23 10 22 22 1 21 21 1 26 26 10 25 25 3 24 24 10 29 29 11 28 28 3 27 27 3 32 32 11 31 31 5 30 30 11 35 35 12 34 34 5 33 33 15 38 38 14 37 37 13 36 36 14 41 41 16 40 40 13 39 39 13 44 44 16 43 43 17 42 42 16 47 47 18 46 46 17 45 45 17 50 50 18 49 49 19 48 48 18 53 53 20 52 52 19 51 51 23 56 56 22 55 55 21 54 54 22 59 59 15 58 58 21 57 57 21 62 62 15 61 61 24 60 60 15 65 65 13 64 64 24 63 63 24 68 68 13 67 67 25 66 66 13 71 71 17 70 70 25 69 69 7 74 74 5 73 73 26 72 72 5 77 77 12 76 76 26 75 75 26 80 80 12 79 79 27 78 78 6 83 83 7 82 82 28 81 81 7 86 86 29 85 85 28 84 84 19 89 89 30 88 88 17 87 87 30 92 92 25 91 91 17 90 90 32 95 95 31 94 94 30 93 93 31 98 98 25 97 97 30 96 96 20 101 101 33 100 100 19 99 99 33 104 104 34 103 103 19 102 102 36 108 108 29 107 107 7 106 106 35 105 105 19 112 112 34 111 111 38 110 110 37 109 109 26 115 115 27 114 114 39 113 113 36 118 118 35 117 117 40 116 116 8 121 121 9 120 120 41 119 119 2 124 124 9 123 123 1 122 122 38 127 127 42 126 126 37 125 125 23 130 130 43 129 129 22 128 128 14 133 133 15 132 132 22 131 131</p>
    </polylist>
   </mesh>
  </geometry>
  <geometry id="realb01_3-lib" name="realb01_3">
   <mesh>
    <source id="realb01_3-lib-positions" name="position">
     <float_array id="realb01_3-lib-positions-array" count="240">0.00000 6.57235 -4.90124 1.89502 5.93921 -2.41870 0.00000 8.13110 -2.87915 1.52197 4.86670 -5.19253 0.00000 5.72690 -12.59536 1.17822 4.48271 -11.41282 0.00000 5.58788 -14.05014 1.04443 4.33229 -13.98134 0.00000 5.40412 -15.97721 0.96240 4.24050 -15.54549 0.00000 5.09744 -19.18955 0.81348 4.07362 -18.39902 0.00000 4.66248 -24.95778 0.55127 3.95194 -24.63730 0.00000 4.42062 -27.80175 0.39307 3.88721 -27.50663 0.65374 17.91303 3.44204 0.52350 16.16722 2.32735 0.44430 17.12268 3.80034 0.89341 17.23443 2.19974 0.00046 18.62376 3.61532 0.00037 18.05201 1.51626 -0.65295 17.91295 3.44229 -0.89279 17.23479 2.20021 -0.44392 17.12254 3.80039 -0.52342 16.16706 2.32751 0.00019 16.83313 4.24872 0.00011 15.93968 2.43152 0.00060 15.93968 2.43152 1.20898 13.63830 1.18601 0.00000 13.41885 1.46906 0.00000 14.61050 -1.52129 2.38540 11.11918 -0.54617 1.95131 13.72944 -1.27803 0.00000 12.27957 -2.35698 -1.95121 13.72916 -1.27775 -2.38601 11.11883 -0.54603 0.00000 3.28091 -24.45425 0.00000 3.41925 -27.04344 0.00000 3.13754 -18.15649 0.00000 3.07977 -15.81746 0.00000 3.03305 -13.93495 0.00000 2.95930 -10.96062 0.00000 2.83156 -3.70157 0.00000 3.49634 0.58862 1.81348 4.39917 -0.96606 0.00000 4.75171 2.31323 1.94648 6.49766 1.94303 2.38916 9.19116 0.84692 1.76901 11.28014 1.27412 2.43945 9.43677 -1.22388 -2.43945 9.43677 -1.22388 -1.76963 11.27991 1.27404 -2.38916 9.19116 0.84692 -1.52197 4.86670 -5.19253 -1.89502 5.93921 -2.41870 -1.17822 4.48271 -11.41282 -1.04688 4.33511 -13.93406 -0.96191 4.23976 -15.55915 -0.81348 4.07362 -18.39902 -0.55127 3.95194 -24.63730 -0.39307 3.88721 -27.50663 -1.81348 4.39917 -0.96606 -1.94648 6.49766 1.94303 0.00000 7.73901 3.08374 1.77930 8.97925 2.35181 1.29394 11.58867 1.61908 1.36328 14.14037 -0.97134 0.00029 16.91759 -0.16271 1.72941 13.16094 1.20752 0.00012 15.94012 2.43174 -1.77930 8.97925 2.35181 -1.29394 11.58867 1.61908 -1.72958 13.16071 1.20746 0.00000 11.78228 1.93417 -1.36328 14.14037 -0.97134 -1.20898 13.63830 1.18601 0.00059 17.03385 4.86893 0.00029 17.23466 5.48874 0.00078 17.23466 5.48874</float_array>
     <technique_common>
      <accessor count="80" source="#realb01_3-lib-positions-array" stride="3">
       <param name="X" type="float"/>
       <param name="Y" type="float"/>
       <param name="Z" type="float"/>
      </accessor>
     </technique_common>
    </source>
    <source id="realb01_3-lib-normals" name="normal">
     <float_array id="realb01_3-lib-normals-array" count="1179">0.72380 0.63693 -0.26540 0.92378 0.18117 -0.33735 0.59788 0.31029 -0.73909 0.72380 0.63693 -0.26540 0.79105 0.58330 -0.18440 0.92378 0.18117 -0.33735 0.75403 0.65330 -0.06816 0.79105 0.58330 -0.18440 0.72380 0.63693 -0.26540 0.75403 0.65330 -0.06816 0.76161 0.64328 -0.07841 0.79105 0.58330 -0.18440 0.76591 0.63953 -0.06623 0.76161 0.64328 -0.07841 0.75403 0.65330 -0.06816 0.76591 0.63953 -0.06623 0.77157 0.63199 -0.07257 0.76161 0.64328 -0.07841 0.77797 0.62509 -0.06346 0.77157 0.63199 -0.07257 0.76591 0.63953 -0.06623 0.77797 0.62509 -0.06346 0.78453 0.61592 -0.07178 0.77157 0.63199 -0.07257 0.79868 0.59934 -0.05392 0.78453 0.61592 -0.07178 0.77797 0.62509 -0.06346 0.79868 0.59934 -0.05392 0.80550 0.58889 -0.06619 0.78453 0.61592 -0.07178 0.79963 0.59852 -0.04855 0.80550 0.58889 -0.06619 0.79868 0.59934 -0.05392 0.79963 0.59852 -0.04855 0.80070 0.59715 -0.04790 0.80550 0.58889 -0.06619 0.81442 0.57753 -0.05634 0.80070 0.59715 -0.04790 0.79963 0.59852 -0.04855 0.81442 0.57753 -0.05634 0.81874 0.57123 -0.05803 0.80070 0.59715 -0.04790 0.95027 -0.21484 0.22545 0.61287 -0.51574 0.59866 0.87607 -0.38167 0.29468 0.95027 -0.21484 0.22545 0.90499 -0.27485 0.32473 0.61287 -0.51574 0.59866 0.71223 0.67025 -0.20855 0.75587 0.59086 -0.28203 0.68366 0.68786 -0.24384 0.71223 0.67025 -0.20855 0.75657 0.58908 -0.28388 0.75587 0.59086 -0.28203 -0.92183 0.38748 -0.00983 -0.75224 0.59033 -0.29266 -0.69994 0.68910 -0.18767 -0.92183 0.38748 -0.00983 -0.94163 0.31902 -0.10748 -0.75224 0.59033 -0.29266 -0.85978 -0.38750 0.33261 -0.94163 0.31902 -0.10748 -0.92183 0.38748 -0.00983 -0.85978 -0.38750 0.33261 -0.60166 -0.53661 0.59165 -0.94163 0.31902 -0.10748 -0.68206 -0.61319 0.39848 -0.60166 -0.53661 0.59165 -0.85978 -0.38750 0.33261 -0.68206 -0.61319 0.39848 -0.38042 -0.58522 0.71610 -0.60166 -0.53661 0.59165 0.16657 -0.57053 0.80421 0.22382 -0.00450 0.97462 -0.00528 -0.02874 0.99957 0.16657 -0.57053 0.80421 0.61287 -0.51574 0.59866 0.22382 -0.00450 0.97462 0.68231 -0.61304 0.39830 0.61287 -0.51574 0.59866 0.16657 -0.57053 0.80421 0.68231 -0.61304 0.39830 0.87607 -0.38167 0.29468 0.61287 -0.51574 0.59866 0.06343 0.40884 -0.91040 0.59390 0.21192 -0.77612 -0.00201 -0.27027 -0.96278 0.06343 0.40884 -0.91040 0.46252 0.26508 -0.84606 0.59390 0.21192 -0.77612 -0.47093 0.24602 -0.84717 0.46252 0.26508 -0.84606 0.06343 0.40884 -0.91040 -0.47093 0.24602 -0.84717 -0.55874 0.08130 -0.82535 -0.60353 -0.00336 -0.79733 0.76857 -0.63943 -0.02067 0.75386 -0.65619 -0.03326 0.74769 -0.66310 -0.03543 0.76857 -0.63943 -0.02067 0.76845 -0.63953 -0.02219 0.75386 -0.65619 -0.03326 0.75325 -0.65751 -0.01717 0.76845 -0.63953 -0.02219 0.76857 -0.63943 -0.02067 0.75325 -0.65751 -0.01717 0.75545 -0.65502 -0.01535 0.76845 -0.63953 -0.02219 0.76834 -0.63995 -0.01057 0.75545 -0.65502 -0.01535 0.75325 -0.65751 -0.01717 0.76834 -0.63995 -0.01057 0.77306 -0.63429 -0.00726 0.75545 -0.65502 -0.01535 0.77734 -0.62895 -0.01276 0.77306 -0.63429 -0.00726 0.76834 -0.63995 -0.01057 0.77734 -0.62895 -0.01276 0.78133 -0.62407 -0.00805 0.77306 -0.63429 -0.00726 0.78801 -0.61559 -0.01011 0.78133 -0.62407 -0.00805 0.77734 -0.62895 -0.01276 0.78801 -0.61559 -0.01011 0.79085 -0.61196 -0.00736 0.78133 -0.62407 -0.00805 0.81766 -0.57315 0.05404 0.79085 -0.61196 -0.00736 0.78801 -0.61559 -0.01011 0.81766 -0.57315 0.05404 0.76920 -0.63901 0.00119 0.79085 -0.61196 -0.00736 0.66404 -0.69328 0.28002 0.76920 -0.63901 0.00119 0.81766 -0.57315 0.05404 0.66404 -0.69328 0.28002 0.79809 -0.60102 0.04275 0.76920 -0.63901 0.00119 0.59448 -0.51655 0.61626 0.79809 -0.60102 0.04275 0.66404 -0.69328 0.28002 0.59448 -0.51655 0.61626 0.67861 -0.30236 0.66938 0.79809 -0.60102 0.04275 0.97819 0.12291 0.16747 0.93735 0.13697 0.32032 0.71058 0.07369 0.69975 0.97819 0.12291 0.16747 0.76772 0.16294 -0.61973 0.93735 0.13697 0.32032 0.46252 0.26508 -0.84606 0.76772 0.16294 -0.61973 0.59390 0.21192 -0.77612 0.46252 0.26508 -0.84606 0.59788 0.31029 -0.73909 0.76772 0.16294 -0.61973 -0.55874 0.08130 -0.82535 -0.60222 0.35452 -0.71529 -0.60353 -0.00336 -0.79733 -0.55874 0.08130 -0.82535 -0.41013 0.31759 -0.85494 -0.60222 0.35452 -0.71529 -0.73391 0.04721 0.67761 -0.97744 0.11576 0.17669 -0.93944 -0.10200 0.32718 -0.73391 0.04721 0.67761 -0.93932 0.20100 0.27799 -0.97744 0.11576 0.17669 -0.79913 0.56448 -0.20677 -0.60222 0.35452 -0.71529 -0.93299 0.17353 -0.31531 -0.79913 0.56448 -0.20677 -0.67558 0.65701 -0.33455 -0.60222 0.35452 -0.71529 -0.75580 0.65057 -0.07437 -0.67558 0.65701 -0.33455 -0.79913 0.56448 -0.20677 -0.75580 0.65057 -0.07437 -0.76126 0.64455 -0.07097 -0.67558 0.65701 -0.33455 -0.76605 0.63856 -0.07358 -0.76126 0.64455 -0.07097 -0.75580 0.65057 -0.07437 -0.76605 0.63856 -0.07358 -0.77141 0.63303 -0.06480 -0.76126 0.64455 -0.07097 -0.77793 0.62428 -0.07148 -0.77141 0.63303 -0.06480 -0.76605 0.63856 -0.07358 -0.77793 0.62428 -0.07148 -0.78445 0.61665 -0.06615 -0.77141 0.63303 -0.06480 -0.79781 0.60025 -0.05660 -0.78445 0.61665 -0.06615 -0.77793 0.62428 -0.07148 -0.79781 0.60025 -0.05660 -0.80018 0.59773 -0.04926 -0.78445 0.61665 -0.06615 -0.79989 0.59806 -0.05001 -0.80018 0.59773 -0.04926 -0.79781 0.60025 -0.05660 -0.79989 0.59806 -0.05001 -0.80163 0.59557 -0.05180 -0.80018 0.59773 -0.04926 -0.81420 0.57839 -0.05036 -0.80163 0.59557 -0.05180 -0.79989 0.59806 -0.05001 -0.81420 0.57839 -0.05036 -0.81680 0.57485 -0.04889 -0.80163 0.59557 -0.05180 -0.76743 -0.64055 -0.02718 -0.75470 -0.65548 -0.02779 -0.75231 -0.65827 -0.02663 -0.76743 -0.64055 -0.02718 -0.76785 -0.64011 -0.02565 -0.75470 -0.65548 -0.02779 -0.75445 -0.65630 -0.00883 -0.76785 -0.64011 -0.02565 -0.76743 -0.64055 -0.02718 -0.75445 -0.65630 -0.00883 -0.75675 -0.65364 -0.00957 -0.76785 -0.64011 -0.02565 -0.76836 -0.63999 -0.00623 -0.75675 -0.65364 -0.00957 -0.75445 -0.65630 -0.00883 -0.76836 -0.63999 -0.00623 -0.77296 -0.63432 -0.01286 -0.75675 -0.65364 -0.00957 -0.77746 -0.62889 -0.00687 -0.77296 -0.63432 -0.01286 -0.76836 -0.63999 -0.00623 -0.77746 -0.62889 -0.00687 -0.78129 -0.62406 -0.01203 -0.77296 -0.63432 -0.01286 -0.78774 -0.61594 -0.00897 -0.78129 -0.62406 -0.01203 -0.77746 -0.62889 -0.00687 -0.78774 -0.61594 -0.00897 -0.79049 -0.61239 -0.01043 -0.78129 -0.62406 -0.01203 -0.78196 -0.62151 -0.04759 -0.79049 -0.61239 -0.01043 -0.78774 -0.61594 -0.00897 -0.78196 -0.62151 -0.04759 -0.72973 -0.68290 -0.03385 -0.79049 -0.61239 -0.01043 -0.85405 -0.50898 0.10743 -0.72973 -0.68290 -0.03385 -0.78196 -0.62151 -0.04759 -0.85405 -0.50898 0.10743 -0.62305 -0.70842 0.33158 -0.72973 -0.68290 -0.03385 -0.67975 -0.29816 0.67011 -0.62305 -0.70842 0.33158 -0.85405 -0.50898 0.10743 -0.67975 -0.29816 0.67011 -0.58189 -0.51531 0.62918 -0.62305 -0.70842 0.33158 -0.00000 -0.03174 0.99950 0.67861 -0.30236 0.66938 0.59448 -0.51655 0.61626 -0.00000 -0.03174 0.99950 0.63942 0.15548 0.75297 0.67861 -0.30236 0.66938 0.44219 0.18706 0.87720 0.63942 0.15548 0.75297 -0.00000 -0.03174 0.99950 0.44219 0.18706 0.87720 0.93735 0.13697 0.32032 0.63942 0.15548 0.75297 0.71058 0.07369 0.69975 0.93735 0.13697 0.32032 0.44219 0.18706 0.87720 0.58895 0.76982 -0.24602 0.06343 0.40884 -0.91040 0.59991 0.79815 0.05529 0.58895 0.76982 -0.24602 0.74147 0.50393 -0.44303 0.06343 0.40884 -0.91040 0.75587 0.59086 -0.28203 0.74147 0.50393 -0.44303 0.58895 0.76982 -0.24602 0.75587 0.59086 -0.28203 0.75657 0.58908 -0.28388 0.74147 0.50393 -0.44303 0.92378 0.18117 -0.33735 0.79809 -0.60102 0.04275 0.67861 -0.30236 0.66938 0.92378 0.18117 -0.33735 0.79105 0.58330 -0.18440 0.79809 -0.60102 0.04275 0.44219 0.18706 0.87720 0.22417 0.18821 0.95620 0.71058 0.07369 0.69975 0.44219 0.18706 0.87720 0.22382 -0.00450 0.97462 0.22417 0.18821 0.95620 -0.00528 -0.02874 0.99957 0.22382 -0.00450 0.97462 0.44219 0.18706 0.87720 -0.38768 -0.72171 0.57344 0.16657 -0.57053 0.80421 -0.00528 -0.02874 0.99957 -0.38768 -0.72171 0.57344 -0.68206 -0.61319 0.39848 0.16657 -0.57053 0.80421 0.99996 -0.00830 0.00404 0.68231 -0.61304 0.39830 0.99996 -0.00830 0.00404 -0.67975 -0.29816 0.67011 -0.00000 -0.03174 0.99950 -0.58189 -0.51531 0.62918 -0.67975 -0.29816 0.67011 -0.63942 0.15548 0.75297 -0.00000 -0.03174 0.99950 -0.93932 0.20100 0.27799 -0.63942 0.15548 0.75297 -0.67975 -0.29816 0.67011 -0.93932 0.20100 0.27799 -0.44202 0.18705 0.87729 -0.63942 0.15548 0.75297 -0.73391 0.04721 0.67761 -0.44202 0.18705 0.87729 -0.93932 0.20100 0.27799 -0.73391 0.04721 0.67761 -0.22432 0.18820 0.95617 -0.44202 0.18705 0.87729 -0.44202 0.18705 0.87729 -0.00000 -0.03174 0.99950 -0.63942 0.15548 0.75297 -0.44202 0.18705 0.87729 -0.00000 0.27342 0.96189 -0.00000 -0.03174 0.99950 -0.00528 -0.02874 0.99957 -0.00000 0.27342 0.96189 -0.44202 0.18705 0.87729 -0.00528 -0.02874 0.99957 0.44219 0.18706 0.87720 -0.00000 0.27342 0.96189 -0.42271 0.84618 -0.32450 -0.58902 0.76967 -0.24629 -0.47093 0.24602 -0.84717 0.06343 0.40884 -0.91040 -0.74141 0.50404 -0.44300 -0.58902 0.76967 -0.24629 -0.74141 0.50404 -0.44300 -0.94163 0.31902 -0.10748 -0.58902 0.76967 -0.24629 -0.74141 0.50404 -0.44300 -0.75224 0.59033 -0.29266 -0.94163 0.31902 -0.10748 -0.22988 -0.00088 0.97322 -0.44202 0.18705 0.87729 -0.22432 0.18820 0.95617 -0.22988 -0.00088 0.97322 -0.00528 -0.02874 0.99957 -0.44202 0.18705 0.87729 -0.85405 -0.50898 0.10743 -0.93299 0.17353 -0.31531 -0.67975 -0.29816 0.67011 -0.85405 -0.50898 0.10743 -0.79913 0.56448 -0.20677 -0.93299 0.17353 -0.31531 0.64488 0.73176 0.22057 0.64488 0.73176 0.22057 0.58895 0.76982 -0.24602 0.59991 0.79815 0.05529 -0.64502 0.73165 0.22054 -0.64502 0.73165 0.22054 -0.58902 0.76967 -0.24629 -0.64502 0.73165 0.22054 -0.22988 -0.00088 0.97322 -0.60166 -0.53661 0.59165 -0.38042 -0.58522 0.71610 -0.00528 -0.02874 0.99957 0.92378 0.18117 -0.33735 0.76772 0.16294 -0.61973 0.59788 0.31029 -0.73909 0.93735 0.13697 0.32032 0.67861 -0.30236 0.66938 0.63942 0.15548 0.75297 0.00000 -0.95132 0.30821 0.00000 -0.95132 0.30821 0.00000 -0.95132 0.30821 -0.41013 0.31759 -0.85494 -0.93299 0.17353 -0.31531 -0.60222 0.35452 -0.71529 -0.99870 -0.01813 0.04759 0.00000 0.00000 0.00000 -0.99870 -0.01813 0.04759 0.44219 0.18706 0.87720 -0.00000 -0.03174 0.99950 -0.00000 0.27342 0.96189</float_array>
     <technique_common>
      <accessor count="393" source="#realb01_3-lib-normals-array" stride="3">
       <param name="X" type="float"/>
       <param name="Y" type="float"/>
       <param name="Z" type="float"/>
      </accessor>
     </technique_common>
    </source>
    <source id="realb01_3-lib-texcoords">
     <float_array id="realb01_3-lib-texcoords-array" count="786">-1.29102 -0.96387 -0.68750 -0.73633 -0.26074 -0.96387 -1.29102 -0.96387 -1.59277 -0.68652 -0.68750 -0.73633 -2.36914 -0.96387 -1.59277 -0.68652 -1.29102 -0.96387 -2.36914 -0.96387 -2.59277 -0.66309 -1.59277 -0.68652 -2.64941 -0.96387 -2.59277 -0.66309 -2.36914 -0.96387 -2.64941 -0.96387 -3.08203 -0.63281 -2.59277 -0.66309 -3.01953 -0.96387 -3.08203 -0.63281 -2.64941 -0.96387 -3.01953 -0.96387 -3.38086 -0.61426 -3.08203 -0.63281 -3.63770 -0.96387 -3.38086 -0.61426 -3.01953 -0.96387 -3.63770 -0.96387 -3.92480 -0.58105 -3.38086 -0.61426 -4.91894 -0.96387 -3.92480 -0.58105 -3.63770 -0.96387 -4.91894 -0.96387 -5.19531 -0.61816 -3.92480 -0.58105 -5.83984 -0.96387 -5.19531 -0.61816 -4.91894 -0.96387 -5.83984 -0.96387 -6.13379 -0.61426 -5.19531 -0.61816 2.82031 -0.62305 2.33203 -0.32715 2.79102 -0.30371 2.82031 -0.62305 2.30762 -0.69141 2.33203 -0.32715 3.22070 -0.96387 2.30762 -0.69141 2.82031 -0.62305 3.22070 -0.96387 2.41211 -0.96387 2.30762 -0.69141 2.82031 -0.62305 2.41211 -0.96387 3.22070 -0.96387 2.82031 -0.62305 2.30762 -0.69141 2.41211 -0.96387 2.79102 -0.30371 2.30762 -0.69141 2.82031 -0.62305 2.79102 -0.30371 2.33203 -0.32715 2.30762 -0.69141 2.47656 -0.01855 2.33203 -0.32715 2.79102 -0.30371 2.47656 -0.01855 2.31152 -0.01855 2.33203 -0.32715 2.31152 -0.01855 1.54394 -0.39062 1.27051 -0.02539 2.31152 -0.01855 2.33203 -0.32715 1.54394 -0.39062 2.47656 -0.01855 2.33203 -0.32715 2.31152 -0.01855 2.47656 -0.01855 2.79102 -0.30371 2.33203 -0.32715 1.46094 -0.96387 0.91895 -0.70508 1.24707 -0.67969 1.46094 -0.96387 0.95801 -0.96387 0.91895 -0.70508 1.24707 -0.67969 0.95801 -0.96387 1.46094 -0.96387 1.24707 -0.67969 0.91895 -0.70508 0.95801 -0.96387 -5.59473 -0.00195 -6.13379 -0.61426 -6.39941 -0.00195 -5.59473 -0.00195 -5.19531 -0.61816 -6.13379 -0.61426 -4.33887 -0.00195 -5.19531 -0.61816 -5.59473 -0.00195 -4.33887 -0.00195 -3.92480 -0.58105 -5.19531 -0.61816 -3.85254 -0.00195 -3.92480 -0.58105 -4.33887 -0.00195 -3.85254 -0.00195 -3.38086 -0.61426 -3.92480 -0.58105 -3.45996 -0.00195 -3.38086 -0.61426 -3.85254 -0.00195 -3.45996 -0.00195 -3.08203 -0.63281 -3.38086 -0.61426 -2.84082 -0.00195 -3.08203 -0.63281 -3.45996 -0.00195 -2.84082 -0.00195 -2.59277 -0.66309 -3.08203 -0.63281 -1.81250 -0.01855 -2.59277 -0.66309 -2.84082 -0.00195 -1.81250 -0.01855 -1.59277 -0.68652 -2.59277 -0.66309 -0.99707 -0.03516 -1.59277 -0.68652 -1.81250 -0.01855 -0.99707 -0.03516 -0.78027 -0.53809 -1.59277 -0.68652 -0.21680 -0.01855 -0.78027 -0.53809 -0.99707 -0.03516 -0.21680 -0.01855 0.00391 -0.45312 -0.78027 -0.53809 0.91895 -0.70508 0.47559 -0.47949 0.90723 -0.56836 0.91895 -0.70508 0.29980 -0.68457 0.47559 -0.47949 0.95801 -0.96387 0.29980 -0.68457 0.91895 -0.70508 0.95801 -0.96387 -0.26074 -0.96387 0.29980 -0.68457 0.91895 -0.70508 -0.26074 -0.96387 0.95801 -0.96387 0.91895 -0.70508 0.29980 -0.68457 -0.26074 -0.96387 0.90723 -0.56836 0.29980 -0.68457 0.91895 -0.70508 0.90723 -0.56836 0.47559 -0.47949 0.29980 -0.68457 -1.59277 -0.68652 -0.26074 -0.96387 -0.68750 -0.73633 -1.59277 -0.68652 -1.29102 -0.96387 -0.26074 -0.96387 -2.59277 -0.66309 -1.29102 -0.96387 -1.59277 -0.68652 -2.59277 -0.66309 -2.36914 -0.96387 -1.29102 -0.96387 -3.07324 -0.63379 -2.36914 -0.96387 -2.59277 -0.66309 -3.07324 -0.63379 -2.64941 -0.96387 -2.36914 -0.96387 -3.38379 -0.61426 -2.64941 -0.96387 -3.07324 -0.63379 -3.38379 -0.61426 -3.01953 -0.96387 -2.64941 -0.96387 -3.92480 -0.58105 -3.01953 -0.96387 -3.38379 -0.61426 -3.92480 -0.58105 -3.63770 -0.96387 -3.01953 -0.96387 -5.19531 -0.61816 -3.63770 -0.96387 -3.92480 -0.58105 -5.19531 -0.61816 -4.91894 -0.96387 -3.63770 -0.96387 -6.13379 -0.61426 -4.91894 -0.96387 -5.19531 -0.61816 -6.13379 -0.61426 -5.83984 -0.96387 -4.91894 -0.96387 -5.19531 -0.61816 -6.39941 -0.00195 -6.13379 -0.61426 -5.19531 -0.61816 -5.59473 -0.00195 -6.39941 -0.00195 -3.92480 -0.58105 -5.59473 -0.00195 -5.19531 -0.61816 -3.92480 -0.58105 -4.33887 -0.00195 -5.59473 -0.00195 -3.38379 -0.61426 -4.33887 -0.00195 -3.92480 -0.58105 -3.38379 -0.61426 -3.85254 -0.00195 -4.33887 -0.00195 -3.07324 -0.63379 -3.85254 -0.00195 -3.38379 -0.61426 -3.07324 -0.63379 -3.45996 -0.00195 -3.85254 -0.00195 -2.59277 -0.66309 -3.45996 -0.00195 -3.07324 -0.63379 -2.59277 -0.66309 -2.84082 -0.00195 -3.45996 -0.00195 -1.59277 -0.68652 -2.84082 -0.00195 -2.59277 -0.66309 -1.59277 -0.68652 -1.81250 -0.01855 -2.84082 -0.00195 -0.78027 -0.53809 -1.81250 -0.01855 -1.59277 -0.68652 -0.78027 -0.53809 -0.99707 -0.03516 -1.81250 -0.01855 0.00391 -0.45312 -0.99707 -0.03516 -0.78027 -0.53809 0.00391 -0.45312 -0.21680 -0.01855 -0.99707 -0.03516 0.22754 -0.01465 0.00391 -0.45312 -0.21680 -0.01855 0.22754 -0.01465 0.44336 -0.36816 0.00391 -0.45312 0.88965 -0.34473 0.44336 -0.36816 0.22754 -0.01465 0.88965 -0.34473 0.47559 -0.47949 0.44336 -0.36816 0.90723 -0.56836 0.47559 -0.47949 0.88965 -0.34473 1.44141 -0.70020 1.46094 -0.96387 1.24707 -0.67969 1.44141 -0.70020 2.09082 -0.96387 1.46094 -0.96387 2.30762 -0.69141 2.09082 -0.96387 1.44141 -0.70020 2.30762 -0.69141 2.41211 -0.96387 2.09082 -0.96387 -0.68750 -0.73633 -0.78027 -0.53809 0.00391 -0.45312 -0.68750 -0.73633 -1.59277 -0.68652 -0.78027 -0.53809 0.88965 -0.34473 1.22070 -0.49316 0.90723 -0.56836 0.88965 -0.34473 1.54394 -0.39062 1.22070 -0.49316 1.27051 -0.02539 1.54394 -0.39062 0.88965 -0.34473 2.31152 -0.01855 2.31152 -0.01855 1.27051 -0.02539 2.31152 -0.01855 2.47656 -0.01855 2.31152 -0.01855 2.31152 -0.01855 2.47656 -0.01855 2.31152 -0.01855 0.00391 -0.45312 0.22754 -0.01465 -0.21680 -0.01855 0.00391 -0.45312 0.44336 -0.36816 0.22754 -0.01465 0.47559 -0.47949 0.44336 -0.36816 0.00391 -0.45312 0.47559 -0.47949 0.88965 -0.34473 0.44336 -0.36816 0.90723 -0.56836 0.88965 -0.34473 0.47559 -0.47949 0.90723 -0.56836 1.22070 -0.49316 0.88965 -0.34473 0.88965 -0.34473 0.22754 -0.01465 0.44336 -0.36816 0.88965 -0.34473 0.97070 -0.02246 0.22754 -0.01465 1.27051 -0.02539 0.97070 -0.02246 0.88965 -0.34473 1.27051 -0.02539 0.88965 -0.34473 0.97070 -0.02246 1.46094 -0.96387 1.43848 -0.70312 1.24707 -0.67969 1.46094 -0.96387 2.09082 -0.96387 1.43848 -0.70312 2.09082 -0.96387 2.30762 -0.69141 1.43848 -0.70312 2.09082 -0.96387 2.41211 -0.96387 2.30762 -0.69141 1.54394 -0.39062 0.88965 -0.34473 1.22070 -0.49316 1.54394 -0.39062 1.27051 -0.02539 0.88965 -0.34473 -0.78027 -0.53809 -0.68750 -0.73633 0.00391 -0.45312 -0.78027 -0.53809 -1.59277 -0.68652 -0.68750 -0.73633 1.22070 -0.49316 1.54394 -0.39062 1.44141 -0.70020 1.24707 -0.67969 1.22070 -0.49316 1.24707 -0.67969 1.43848 -0.70312 1.54394 -0.39062 1.54394 -0.39062 2.33203 -0.32715 2.31152 -0.01855 1.27051 -0.02539 -0.68750 -0.73633 0.29980 -0.68457 -0.26074 -0.96387 0.47559 -0.47949 0.00391 -0.45312 0.44336 -0.36816 2.88379 -0.01855 3.29199 -0.01855 3.29199 -0.01855 0.29980 -0.68457 -0.68750 -0.73633 -0.26074 -0.96387 2.31152 -0.01855 1.27051 -0.02539 2.31152 -0.01855 0.88965 -0.34473 0.22754 -0.01465 0.97070 -0.02246</float_array>
     <technique_common>
      <accessor count="393" offset="0" source="#realb01_3-lib-texcoords-array" stride="2">
       <param name="U" type="float"/>
       <param name="V" type="float"/>
      </accessor>
     </technique_common>
    </source>
    <vertices id="realb01_3-lib-vertices">
     <input semantic="POSITION" source="#realb01_3-lib-positions"/>
    </vertices>
    <polylist count="130" material="mat3.png">
     <input offset="0" semantic="VERTEX" source="#realb01_3-lib-vertices"/>
     <input offset="1" semantic="NORMAL" source="#realb01_3-lib-normals"/>
     <input offset="2" semantic="TEXCOORD" source="#realb01_3-lib-texcoords"/>
     <vcount>3 3 3 3 3 3 3 3 3 3 3 3 3 3 3 3 3 3 3 3 3 3 3 3 3 3 3 3 3 3 3 3 3 3 3 3 3 3 3 3 3 3 3 3 3 3 3 3 3 3 3 3 3 3 3 3 3 3 3 3 3 3 3 3 3 3 3 3 3 3 3 3 3 3 3 3 3 3 3 3 3 3 3 3 3 3 3 3 3 3 3 3 3 3 3 3 3 3 3 3 3 3 3 3 3 3 3 3 3 3 3 3 3 3 3 3 3 3 3 3 3 4 4 4 3 3 3 3 3 3</vcount>
     <p>2 2 2 1 1 1 0 0 0 1 5 5 3 4 4 0 3 3 0 8 8 3 7 7 4 6 6 3 11 11 5 10 10 4 9 9 4 14 14 5 13 13 6 12 12 5 17 17 7 16 16 6 15 15 6 20 20 7 19 19 8 18 18 7 23 23 9 22 22 8 21 21 8 26 26 9 25 25 10 24 24 9 29 29 11 28 28 10 27 27 10 32 32 11 31 31 12 30 30 11 35 35 13 34 34 12 33 33 12 38 38 13 37 37 14 36 36 13 41 41 15 40 40 14 39 39 18 44 44 17 43 43 16 42 42 17 47 47 19 46 46 16 45 45 16 50 50 19 49 49 20 48 48 19 53 53 21 52 52 20 51 51 20 56 56 21 55 55 22 54 54 21 59 59 23 58 58 22 57 57 22 62 62 23 61 61 24 60 60 23 65 65 25 64 64 24 63 63 24 68 68 25 67 67 26 66 66 25 71 71 27 70 70 26 69 69 30 74 74 29 73 73 28 72 72 29 77 77 17 76 76 28 75 75 28 80 80 17 79 79 26 78 78 17 83 83 18 82 82 26 81 81 33 86 86 32 85 85 31 84 84 32 89 89 34 88 88 31 87 87 31 92 92 34 91 91 35 90 90 34 95 95 36 94 94 35 93 93 38 98 98 15 97 97 37 96 96 15 101 101 13 100 100 37 99 99 37 104 104 13 103 103 39 102 102 13 107 107 11 106 106 39 105 105 39 110 110 11 109 109 40 108 108 11 113 113 9 112 112 40 111 111 40 116 116 9 115 115 41 114 114 9 119 119 7 118 118 41 117 117 41 122 122 7 121 121 42 120 120 7 125 125 5 124 124 42 123 123 42 128 128 5 127 127 43 126 126 5 131 131 3 130 130 43 129 129 43 134 134 3 133 133 44 132 132 3 137 137 45 136 136 44 135 135 44 140 140 45 139 139 46 138 138 45 143 143 47 142 142 46 141 141 49 146 146 48 145 145 32 144 144 48 149 149 50 148 148 32 147 147 32 152 152 50 151 151 34 150 150 50 155 155 2 154 154 34 153 153 34 158 158 2 157 157 36 156 156 2 161 161 51 160 160 36 159 159 36 164 164 51 163 163 52 162 162 51 167 167 53 166 166 52 165 165 55 170 170 2 169 169 54 168 168 2 173 173 0 172 172 54 171 171 54 176 176 0 175 175 56 174 174 0 179 179 4 178 178 56 177 177 56 182 182 4 181 181 57 180 180 4 185 185 6 184 184 57 183 183 57 188 188 6 187 187 58 186 186 6 191 191 8 190 190 58 189 189 58 194 194 8 193 193 59 192 192 8 197 197 10 196 196 59 195 195 59 200 200 10 199 199 60 198 198 10 203 203 12 202 202 60 201 201 60 206 206 12 205 205 61 204 204 12 209 209 14 208 208 61 207 207 61 212 212 38 211 211 60 210 210 38 215 215 37 214 214 60 213 213 60 218 218 37 217 217 59 216 216 37 221 221 39 220 220 59 219 219 59 224 224 39 223 223 58 222 222 39 227 227 40 226 226 58 225 225 58 230 230 40 229 229 57 228 228 40 233 233 41 232 232 57 231 231 57 236 236 41 235 235 56 234 234 41 239 239 42 238 238 56 237 237 56 242 242 42 241 241 54 240 240 42 245 245 43 244 244 54 243 243 54 248 248 43 247 247 62 246 246 43 251 251 44 250 250 62 249 249 62 254 254 44 253 253 63 252 252 44 257 257 46 256 256 63 255 255 46 260 260 47 259 259 64 258 258 47 263 263 65 262 262 64 261 261 64 266 266 65 265 265 66 264 264 65 269 269 48 268 268 66 267 267 66 272 272 48 271 271 49 270 270 33 275 275 31 274 274 67 273 273 31 278 278 68 277 277 67 276 276 67 281 281 68 280 280 19 279 279 68 284 284 21 283 283 19 282 282 47 287 287 45 286 286 1 285 285 45 290 290 3 289 289 1 288 288 49 293 293 69 292 292 66 291 291 69 296 296 29 295 295 66 294 294 66 299 299 29 298 298 30 297 297 30 302 302 28 301 301 70 300 300 28 305 305 26 304 304 70 303 303 70 308 308 26 307 307 27 306 306 46 311 311 64 310 310 63 309 309 64 314 314 71 313 313 63 312 312 63 317 317 71 316 316 53 315 315 71 320 320 72 319 319 53 318 318 53 323 323 72 322 322 52 321 321 72 326 326 73 325 325 52 324 324 71 329 329 64 328 328 72 327 327 64 332 332 74 331 331 72 330 330 72 335 335 74 334 334 30 333 333 74 338 338 66 337 337 30 336 336 35 341 341 75 340 340 31 339 339 75 344 344 68 343 343 31 342 342 75 347 347 23 346 346 68 345 345 23 350 350 21 349 349 68 348 348 73 353 353 72 352 352 76 351 351 72 356 356 30 355 355 76 354 354 63 359 359 55 358 358 62 357 357 55 362 362 54 361 361 62 360 360 33 366 366 67 365 365 29 364 364 69 363 363 76 370 370 75 369 369 35 368 368 73 367 367 30 374 374 27 373 373 25 372 372 76 371 371 2 377 377 50 376 376 1 375 375 65 380 380 47 379 379 48 378 378 79 383 383 78 382 382 77 381 381 2 386 386 55 385 385 51 384 384 27 389 389 30 388 388 70 387 387 74 392 392 64 391 391 66 390 390</p>
    </polylist>
   </mesh>
  </geometry>
  <geometry id="realb01_4-lib" name="realb01_4">
   <mesh>
    <source id="realb01_4-lib-positions" name="position">
     <float_array id="realb01_4-lib-positions-array" count="375">0.29777 16.77811 6.19114 0.00032 17.56000 5.70460 0.54723 17.35119 5.79457 0.00039 16.77014 6.14831 0.18597 16.49237 6.34929 0.00042 16.37643 6.42410 0.00042 17.38956 6.44242 0.47354 17.22510 6.08920 0.35202 17.21959 6.56952 0.00050 16.97498 6.97983 0.16798 16.90312 6.98023 -0.54607 17.35120 5.79453 -0.29650 16.77811 6.19112 -0.18514 16.49237 6.34927 -0.35065 17.21959 6.56949 -0.47230 17.22510 6.08916 -0.16699 16.90312 6.98022 0.23438 3.82265 -31.75562 0.00000 4.42062 -27.80175 0.00000 4.10279 -32.02533 0.39307 3.88721 -27.50663 0.00000 3.67828 -31.97742 0.00000 3.41925 -27.04344 -0.23438 3.82265 -31.75562 -0.39307 3.88721 -27.50663 0.00000 3.71473 -28.44015 1.36084 3.73083 -31.01340 1.98291 3.72499 -30.43038 0.00000 3.73175 -29.94460 -1.98291 3.72499 -30.43038 -1.36084 3.73083 -31.01340 0.00051 16.78687 7.03996 0.00000 9.10063 -6.05657 0.31836 10.67408 -3.66333 0.00000 11.68777 -4.35888 -0.31836 10.66333 -3.66334 0.00000 10.26915 -1.46978 -0.30664 11.66760 -1.48340 0.28613 11.66760 -1.48340 -0.01030 16.59552 10.14178 -0.01041 17.09798 9.36306 -0.01037 16.76573 9.63485 -0.01039 17.19024 9.50451 -0.01071 17.91691 7.15850 -0.01067 18.69470 7.49475 2.07650 18.51502 5.17492 0.47820 18.15236 4.51029 0.44908 17.80659 5.78016 1.84835 18.67288 4.33153 1.70090 18.98286 4.48101 3.08676 20.66726 1.42303 2.91079 19.66792 3.61134 3.26843 20.79264 1.58687 2.88351 21.01691 0.57188 3.00132 20.80042 1.48075 2.84844 20.68268 1.23120 -0.47740 18.15237 4.51025 -2.07552 18.51505 5.17476 -0.44793 17.80660 5.78013 -1.84759 18.67290 4.33139 -1.70011 18.98288 4.48088 -2.91024 19.66796 3.61111 -3.00135 20.80046 1.48052 -3.26844 20.79235 1.58697 -3.08681 20.66730 1.42279 -2.88380 21.01695 0.57166 -2.84904 20.68272 1.23098 0.00000 13.08755 -1.52386 0.00000 14.57972 -1.50471 0.00000 14.49712 -2.72205 0.00000 14.06394 -2.62374 0.00000 13.46034 -1.83560 0.00000 9.86694 -2.00073 0.00000 9.43677 -3.25464 0.00000 8.96069 -3.11841 0.00000 8.56958 -2.36060 0.00439 3.93194 -30.27731 0.00439 3.89128 -28.55740 0.00439 5.92345 -30.46286 0.00439 5.25118 -30.78262 0.00439 3.93340 -30.27732 0.00439 3.89079 -28.55740 0.00439 1.96260 -30.47030 0.00439 2.57600 -30.94460 -0.01074 17.52742 6.94547 -0.01084 18.14852 6.20852 0.47738 17.46004 2.50019 0.40160 17.82600 2.83502 1.71944 17.81092 0.58835 0.77533 16.11475 0.91702 0.68658 16.66576 1.45650 2.02782 16.16684 -0.62810 1.83594 3.79841 -34.62794 -0.40068 17.82581 2.83494 -0.47676 17.46019 2.49978 -1.71868 17.81071 0.58879 -0.68603 16.66541 1.45671 -0.77502 16.11439 0.91725 -2.02751 16.16648 -0.62749 -1.83594 3.79841 -34.62794 0.00000 13.64033 -3.58547 0.00000 8.65991 -4.50708 0.00000 7.13013 -3.59009 0.00000 7.85669 -3.15405 0.00000 7.82104 -4.80200 0.00000 6.06988 -5.56945 0.00000 6.35586 -4.26005 0.00000 7.24647 -6.59209 0.00000 5.84183 -8.43601 0.00000 5.96175 -7.17030 0.00000 6.83511 -9.23828 0.00000 5.70757 -11.36102 0.00000 5.79826 -10.40114 0.00000 6.52242 -11.91536 0.00000 5.39621 -14.38278 0.00000 5.47699 -13.52941 0.00000 6.12041 -14.86862 0.00000 5.20165 -17.10054 0.00000 5.26919 -16.39031 0.00000 5.79975 -17.53618 0.00000 5.52838 -20.20081 0.00000 5.05481 -19.11651 0.00000 4.98776 -19.82675 0.00439 5.75848 -34.68196 0.00439 1.99592 -34.76283</float_array>
     <technique_common>
      <accessor count="125" source="#realb01_4-lib-positions-array" stride="3">
       <param name="X" type="float"/>
       <param name="Y" type="float"/>
       <param name="Z" type="float"/>
      </accessor>
     </technique_common>
    </source>
    <source id="realb01_4-lib-normals" name="normal">
     <float_array id="realb01_4-lib-normals-array" count="852">-0.09345 0.51408 0.85264 -0.01388 0.51134 0.85926 0.07134 0.54641 0.83448 -0.09345 0.51408 0.85264 -0.01287 0.54082 0.84104 -0.01388 0.51134 0.85926 -0.06346 0.55684 0.82819 -0.01287 0.54082 0.84104 -0.09345 0.51408 0.85264 -0.06346 0.55684 0.82819 0.01358 0.55303 0.83305 -0.01287 0.54082 0.84104 -0.01986 -0.93108 -0.36427 -0.37766 -0.88819 -0.26170 -0.00457 -0.95358 -0.30110 -0.01986 -0.93108 -0.36427 -0.29442 -0.86738 -0.40121 -0.37766 -0.88819 -0.26170 0.02352 -0.60542 -0.79556 -0.29442 -0.86738 -0.40121 -0.01986 -0.93108 -0.36427 0.02352 -0.60542 -0.79556 -0.23693 -0.55675 -0.79617 -0.29442 -0.86738 -0.40121 -0.01287 0.54082 0.84104 -0.00766 0.51477 0.85730 -0.01388 0.51134 0.85926 -0.01287 0.54082 0.84104 0.11587 0.58150 0.80525 -0.00766 0.51477 0.85730 0.01358 0.55303 0.83305 0.11587 0.58150 0.80525 -0.01287 0.54082 0.84104 0.01358 0.55303 0.83305 -0.06707 0.46303 0.88380 0.11587 0.58150 0.80525 0.27966 -0.84988 -0.44665 -0.00457 -0.95358 -0.30110 0.42240 -0.87360 -0.24166 0.27966 -0.84988 -0.44665 -0.01986 -0.93108 -0.36427 -0.00457 -0.95358 -0.30110 0.21582 -0.60510 -0.76634 -0.01986 -0.93108 -0.36427 0.27966 -0.84988 -0.44665 0.21582 -0.60510 -0.76634 0.02352 -0.60542 -0.79556 -0.01986 -0.93108 -0.36427 0.85431 0.43000 -0.29197 0.81336 0.58042 -0.03957 0.85565 0.34122 -0.38913 0.85431 0.43000 -0.29197 0.81465 0.57862 -0.03922 0.81336 0.58042 -0.03957 0.56328 -0.82619 -0.01091 0.74291 -0.66852 -0.03407 0.52915 -0.84850 -0.00687 0.56328 -0.82619 -0.01091 0.74803 -0.66275 -0.03479 0.74291 -0.66852 -0.03407 -0.56648 -0.82299 -0.04228 -0.74466 -0.66714 -0.02007 -0.55359 -0.83165 -0.04366 -0.56648 -0.82299 -0.04228 -0.75659 -0.65364 -0.01832 -0.74466 -0.66714 -0.02007 -0.85764 0.34058 -0.38532 -0.81349 0.57998 -0.04309 -0.85254 0.43652 -0.28744 -0.85764 0.34058 -0.38532 -0.81559 0.57699 -0.04342 -0.81349 0.57998 -0.04309 0.00032 0.99994 0.01059 -0.00224 0.99990 0.01365 -0.00087 0.99994 0.01095 0.00032 0.99994 0.01059 0.00184 0.99994 0.01072 -0.00224 0.99990 0.01365 -0.00101 0.99994 0.01081 0.00184 0.99994 0.01072 0.00032 0.99994 0.01059 -0.00101 0.99994 0.01081 0.00201 0.99992 0.01216 0.00184 0.99994 0.01072 0.02352 -0.60542 -0.79556 0.00003 -0.30449 -0.95252 -0.23693 -0.55675 -0.79617 0.02352 -0.60542 -0.79556 0.21582 -0.60510 -0.76634 0.00003 -0.30449 -0.95252 0.96301 0.14785 -0.22531 0.98530 0.12519 -0.11622 0.97034 0.18573 -0.15477 0.01411 -0.83636 0.54799 0.01652 -0.97892 0.20360 0.01653 -0.97926 0.20196 -0.97181 -0.21209 0.10293 -0.98510 0.12389 -0.11926 -0.99779 0.06092 -0.02661 0.01661 -0.98368 -0.17918 0.01653 -0.97926 0.20196 0.01652 -0.97892 0.20360 0.99775 0.06361 -0.02126 0.98530 0.12519 -0.11622 0.97451 -0.19837 0.10482 1.00000 0.00000 -0.00014 1.00000 0.00000 -0.00014 1.00000 0.00000 -0.00014 1.00000 0.00000 -0.00014 1.00000 0.00000 -0.00014 1.00000 0.00000 -0.00014 1.00000 0.00000 -0.00014 1.00000 0.00000 -0.00014 1.00000 0.00000 -0.00014 1.00000 0.00000 -0.00014 1.00000 0.00000 -0.00014 1.00000 0.00000 -0.00014 0.38716 -0.88274 -0.26623 0.31094 -0.91779 -0.24694 0.30970 -0.91921 -0.24319 0.38716 -0.88274 -0.26623 0.45057 -0.84644 -0.28376 0.31094 -0.91779 -0.24694 -0.61029 0.04540 -0.79087 -0.24279 0.32523 -0.91394 -0.61490 0.04098 -0.78754 -0.16401 0.83659 0.52270 -0.40429 0.83715 0.36841 -0.54612 0.81137 0.20840 -0.09705 0.80010 0.59196 -0.40429 0.83715 0.36841 -0.16401 0.83659 0.52270 0.65027 -0.66692 -0.36382 0.53320 -0.78603 -0.31282 0.71029 -0.63657 -0.30044 0.65027 -0.66692 -0.36382 0.45057 -0.84644 -0.28376 0.53320 -0.78603 -0.31282 -0.52828 0.80798 0.26093 -0.23657 0.91197 0.33519 -0.80380 0.54677 0.23442 -0.52828 0.80798 0.26093 -0.12852 0.91166 0.39034 -0.23657 0.91197 0.33519 -0.14843 0.86691 0.47586 -0.23657 0.91197 0.33519 -0.12852 0.91166 0.39034 -0.14843 0.86691 0.47586 -0.16401 0.83659 0.52270 -0.23657 0.91197 0.33519 -0.09705 0.80010 0.59196 -0.16401 0.83659 0.52270 -0.14843 0.86691 0.47586 -0.52524 -0.59903 0.60439 -0.52524 -0.59903 0.60439 0.65027 -0.66692 -0.36382 0.50102 -0.75189 -0.42852 0.28357 -0.86133 -0.42155 0.71029 -0.63657 -0.30044 0.50102 -0.75189 -0.42852 0.65027 -0.66692 -0.36382 -0.31093 -0.91781 -0.24685 -0.38716 -0.88277 -0.26613 -0.30970 -0.91923 -0.24311 -0.31093 -0.91781 -0.24685 -0.45059 -0.84647 -0.28365 -0.38716 -0.88277 -0.26613 0.61021 0.04544 -0.79093 0.61487 0.04096 -0.78756 0.24285 0.32520 -0.91393 0.40430 0.83719 0.36831 0.16398 0.83661 0.52268 0.54613 0.81140 0.20826 0.40430 0.83719 0.36831 0.09702 0.80012 0.59194 0.16398 0.83661 0.52268 0.16398 0.83661 0.52268 0.14840 0.86693 0.47583 0.23615 0.91211 0.33510 0.16398 0.83661 0.52268 0.09702 0.80012 0.59194 0.14840 0.86693 0.47583 -0.71002 -0.63693 -0.30032 -0.65028 -0.66694 -0.36376 -0.50144 -0.75168 -0.42840 -0.71002 -0.63693 -0.30032 -0.53320 -0.78608 -0.31270 -0.65028 -0.66694 -0.36376 0.23615 0.91211 0.33510 0.52868 0.80777 0.26079 0.80490 0.54532 0.23400 0.23615 0.91211 0.33510 0.12793 0.91171 0.39041 0.52868 0.80777 0.26079 0.14840 0.86693 0.47583 0.12793 0.91171 0.39041 0.23615 0.91211 0.33510 0.52583 -0.59921 0.60369 -0.28419 -0.86112 -0.42154 -0.50144 -0.75168 -0.42840 -0.65028 -0.66694 -0.36376 0.97165 0.21641 -0.09517 0.97034 0.18573 -0.15477 0.98530 0.12519 -0.11622 0.99775 0.06361 -0.02126 1.00000 0.00000 0.00000 1.00000 0.00000 0.00000 -0.97028 0.21947 -0.10193 -0.99779 0.06092 -0.02661 -0.98510 0.12389 -0.11926 -0.96958 0.18718 -0.15772 1.00000 0.00000 0.00000 -1.00000 0.00000 0.00000 1.00000 0.00000 -0.00014 1.00000 0.00000 -0.00014 1.00000 0.00000 -0.00014 1.00000 0.00000 -0.00014 -0.61490 0.04098 -0.78754 -0.83052 -0.22978 -0.50738 -0.83052 -0.22978 -0.50738 -0.61029 0.04540 -0.79087 0.61487 0.04096 -0.78756 0.61021 0.04544 -0.79093 0.83044 -0.22974 -0.50753 -0.00457 -0.95358 -0.30110 -0.37766 -0.88819 -0.26170 -0.25816 -0.86315 -0.43397 0.42240 -0.87360 -0.24166 -0.00457 -0.95358 -0.30110 0.25836 -0.86304 -0.43407 0.82855 -0.27479 0.48785 0.82855 -0.27479 0.48785 0.70728 -0.43312 0.55872 0.70728 -0.43312 0.55872 -0.00087 0.99994 0.01095 -0.00224 0.99990 0.01365 -0.00724 0.99982 0.01774 0.85431 0.43000 -0.29197 0.85565 0.34122 -0.38913 0.71043 -0.07892 -0.69933 -0.82844 -0.27492 0.48796 -0.82844 -0.27492 0.48796 -0.82844 -0.27492 0.48796 -0.70728 -0.43291 0.55887 -0.70728 -0.43291 0.55887 0.00201 0.99992 0.01216 -0.00101 0.99994 0.01081 0.00724 0.99982 0.01774 -0.85764 0.34058 -0.38532 -0.85254 0.43652 -0.28744 -0.71043 -0.07892 -0.69933 1.00000 0.00000 0.00000 1.00000 0.00000 0.00000 1.00000 0.00000 0.00000 1.00000 0.00000 0.00000 1.00000 0.00000 0.00000 1.00000 0.00000 0.00000 1.00000 0.00000 0.00000 1.00000 0.00000 0.00000 -0.98510 0.12389 -0.11926 -0.96336 0.14714 -0.22423 -0.96958 0.18718 -0.15772 -1.00000 0.00000 0.00000 1.00000 0.00000 0.00000 -1.00000 0.00000 0.00000 0.53320 -0.78603 -0.31282 0.45057 -0.84644 -0.28376 0.38716 -0.88274 -0.26623 -0.45059 -0.84647 -0.28365 -0.53320 -0.78608 -0.31270 -0.38716 -0.88277 -0.26613 -0.65028 -0.66694 -0.36376 -0.53320 -0.78608 -0.31270 -0.45059 -0.84647 -0.28365</float_array>
     <technique_common>
      <accessor count="274" source="#realb01_4-lib-normals-array" stride="3">
       <param name="X" type="float"/>
       <param name="Y" type="float"/>
       <param name="Z" type="float"/>
      </accessor>
     </technique_common>
    </source>
    <source id="realb01_4-lib-texcoords">
     <float_array id="realb01_4-lib-texcoords-array" count="630">0.67285 -0.08203 0.56348 -0.16406 0.57715 -0.08203 0.67285 -0.08203 0.68164 -0.16406 0.56348 -0.16406 0.78125 -0.12695 0.68164 -0.16406 0.67285 -0.08203 0.78125 -0.12695 0.78613 -0.16211 0.68164 -0.16406 0.87012 -0.09180 0.92871 -0.00293 0.99805 -0.08984 0.87012 -0.09180 0.83008 -0.01758 0.92871 -0.00293 0.76855 -0.08203 0.83008 -0.01758 0.87012 -0.09180 0.76855 -0.08203 0.76074 -0.04785 0.83008 -0.01758 0.68164 -0.16406 0.57715 -0.08203 0.56348 -0.16406 0.68164 -0.16406 0.67285 -0.08203 0.57715 -0.08203 0.78613 -0.16211 0.67285 -0.08203 0.68164 -0.16406 0.78613 -0.16211 0.78125 -0.12695 0.67285 -0.08203 0.83008 -0.01758 0.99805 -0.08984 0.92871 -0.00293 0.83008 -0.01758 0.87012 -0.09180 0.99805 -0.08984 0.76074 -0.04785 0.87012 -0.09180 0.83008 -0.01758 0.76074 -0.04785 0.76855 -0.08203 0.87012 -0.09180 0.42871 -0.96289 0.43555 -0.96777 0.43066 -0.96777 0.42871 -0.96289 0.43359 -0.96289 0.43555 -0.96777 0.42676 -0.95312 0.43359 -0.96289 0.42871 -0.96289 0.42676 -0.95312 0.43262 -0.95312 0.43359 -0.96289 0.42871 -0.96289 0.43262 -0.95312 0.42676 -0.95312 0.42871 -0.96289 0.43359 -0.96289 0.43262 -0.95312 0.43066 -0.96777 0.43359 -0.96289 0.42871 -0.96289 0.43066 -0.96777 0.43555 -0.96777 0.43359 -0.96289 0.72656 -0.51855 0.80078 -0.67676 0.88281 -0.59766 0.72656 -0.51855 0.72559 -0.63574 0.80078 -0.67676 0.88281 -0.59766 0.72559 -0.63574 0.72656 -0.51855 0.88281 -0.59766 0.80078 -0.67676 0.72559 -0.63574 0.76855 -0.08203 0.76074 -0.04785 0.74121 -0.07520 0.76855 -0.08203 0.74121 -0.07520 0.76074 -0.04785 0.79980 -0.75879 0.73730 -0.71289 0.79102 -0.70508 0.79980 -0.75879 0.73633 -0.71191 0.73730 -0.71289 0.68359 -0.63867 0.73633 -0.71191 0.67383 -0.59082 0.68359 -0.63867 0.73730 -0.71289 0.73633 -0.71191 0.67480 -0.59082 0.73730 -0.71289 0.68359 -0.63867 0.01367 -0.99707 0.13184 -1.22461 0.12598 -1.10742 0.01367 -0.99707 0.04590 -1.19336 0.13184 -1.22461 0.55469 -1.74316 0.04590 -1.19336 0.34570 -1.92773 0.55469 -1.74316 0.13184 -1.22461 0.04590 -1.19336 0.35254 -0.93457 0.55176 -0.76562 0.57227 -0.96191 0.35254 -0.93457 0.40430 -0.64648 0.55176 -0.76562 0.40137 -0.64746 0.55176 -0.76562 0.40430 -0.64648 0.40137 -0.64746 0.57227 -0.96191 0.55176 -0.76562 0.35254 -0.93457 0.57227 -0.96191 0.40137 -0.64746 0.09180 -0.20410 0.21875 -0.62695 0.04688 -0.21387 0.09180 -0.20410 0.40430 -0.64648 0.21875 -0.62695 0.01367 0.00293 0.13086 -0.22852 0.13086 -0.11426 0.01367 0.00293 0.04688 -0.21387 0.13086 -0.22852 0.21875 -0.62695 0.13086 -0.22852 0.04688 -0.21387 0.21875 -0.62695 0.40137 -0.64746 0.13086 -0.22852 0.35254 -0.93457 0.40137 -0.64746 0.21875 -0.62695 0.09180 -0.20410 0.13086 -0.11426 0.13086 -0.22852 0.09180 -0.20410 0.01367 0.00293 0.13086 -0.11426 0.04688 -0.21387 0.01367 0.00293 0.09180 -0.20410 0.55176 -0.76562 0.35254 -0.93457 0.57227 -0.96191 0.55176 -0.76562 0.40430 -0.64648 0.35254 -0.93457 0.40137 -0.64746 0.40430 -0.64648 0.55176 -0.76562 0.57227 -0.96191 0.40137 -0.64746 0.55176 -0.76562 0.57227 -0.96191 0.35254 -0.93457 0.40137 -0.64746 0.40137 -0.64746 0.21875 -0.62695 0.13086 -0.22852 0.40137 -0.64746 0.35254 -0.93457 0.21875 -0.62695 0.04688 -0.21387 0.09180 -0.20410 0.01367 0.00293 0.04688 -0.21387 0.21875 -0.62695 0.09180 -0.20410 0.13086 -0.22852 0.01367 0.00293 0.13086 -0.11426 0.13086 -0.22852 0.04688 -0.21387 0.01367 0.00293 0.21875 -0.62695 0.04688 -0.21387 0.13086 -0.22852 0.13086 -0.11426 0.09180 -0.20410 0.13086 -0.22852 0.13086 -0.11426 0.01367 0.00293 0.09180 -0.20410 0.73145 -0.61133 0.79102 -0.70508 0.73730 -0.71289 0.67480 -0.59082 0.43555 -0.87695 0.51953 -0.94141 0.54883 -0.90234 0.54883 -0.87500 0.43555 -0.87695 0.51953 -0.94141 0.54883 -0.90234 0.54883 -0.87500 0.73145 -0.61133 0.67383 -0.59082 0.73633 -0.71191 0.79102 -0.70508 0.72949 -0.63965 0.73047 -0.50781 0.89746 -0.63379 0.81641 -0.70605 0.72949 -0.63965 0.73047 -0.50781 0.89746 -0.63379 0.81641 -0.70605 0.68066 -1.66309 0.55469 -1.74316 0.34570 -1.92773 0.76465 -1.98438 0.43262 -0.64648 0.18848 -0.33594 0.18848 -0.33203 0.40137 -0.64746 0.43262 -0.64648 0.40137 -0.64746 0.18848 -0.33203 0.18848 -0.33594 0.99805 -0.08984 0.92871 -0.00293 0.99805 0.00195 0.92871 -0.00293 0.99805 -0.08984 0.99805 0.00195 0.41504 -0.65918 0.42285 -0.84277 0.52051 -0.83984 0.41504 -0.65918 0.42285 -0.84277 0.52051 -0.83984 0.88281 -0.59766 0.80078 -0.67676 0.88965 -0.98438 0.42871 -0.96289 0.41406 -0.96777 0.42676 -0.95312 0.42285 -0.84277 0.41504 -0.65918 0.52051 -0.83984 0.42285 -0.84277 0.41504 -0.65918 0.52051 -0.83984 0.80078 -0.67676 0.88281 -0.59766 0.88965 -0.98438 0.41406 -0.96777 0.42871 -0.96289 0.42676 -0.95312 0.54883 -0.90234 0.51953 -0.94141 0.58496 -0.95703 0.54883 -0.90234 0.51953 -0.94141 0.61914 -0.96973 0.54883 -0.87500 0.58496 -0.95703 0.61914 -0.96973 0.54883 -0.87500 0.43555 -0.87695 0.61914 -0.96973 0.54883 -0.87500 0.43555 -0.87695 0.61914 -0.96973 0.42285 -0.81250 0.42188 -0.74023 0.45898 -0.79590 0.42285 -0.81250 0.42188 -0.74023 0.50391 -0.85938 0.42285 -0.81250 0.42188 -0.74023 0.45898 -0.79590 0.73633 -0.71191 0.79980 -0.75879 0.79102 -0.70508 0.50391 -0.85938 0.42285 -0.73926 0.42285 -0.81250 0.81641 -0.70605 0.89746 -0.63379 0.87500 -0.97949 0.81641 -0.70605 0.89746 -0.63379 0.87500 -0.97949 0.21875 -0.62695 0.40430 -0.64648 0.35254 -0.93457 0.40430 -0.64648 0.21875 -0.62695 0.35254 -0.93457 0.09180 -0.20410 0.21875 -0.62695 0.40430 -0.64648</float_array>
     <technique_common>
      <accessor count="315" offset="0" source="#realb01_4-lib-texcoords-array" stride="2">
       <param name="U" type="float"/>
       <param name="V" type="float"/>
      </accessor>
     </technique_common>
    </source>
    <vertices id="realb01_4-lib-vertices">
     <input semantic="POSITION" source="#realb01_4-lib-positions"/>
    </vertices>
    <polylist count="102" material="mat4.png">
     <input offset="0" semantic="VERTEX" source="#realb01_4-lib-vertices"/>
     <input offset="1" semantic="NORMAL" source="#realb01_4-lib-normals"/>
     <input offset="2" semantic="TEXCOORD" source="#realb01_4-lib-texcoords"/>
     <vcount>3 3 3 3 3 3 3 3 3 3 3 3 3 3 3 3 3 3 3 3 3 3 3 3 3 3 3 3 3 3 3 3 3 3 3 3 3 3 3 3 3 3 3 3 3 3 3 3 3 3 3 3 3 3 3 3 3 3 3 3 3 3 3 3 3 3 3 3 4 4 4 4 4 4 4 4 4 3 3 3 3 3 3 3 3 3 3 3 3 3 3 3 3 3 3 3 3 3 3 3 3 3</vcount>
     <p>2 2 2 1 1 1 0 0 0 1 5 5 3 4 4 0 3 3 0 8 8 3 7 7 4 6 6 3 11 11 5 10 10 4 9 9 1 14 14 7 13 13 6 12 12 7 17 17 8 16 16 6 15 15 6 20 20 8 19 19 9 18 18 8 23 23 10 22 22 9 21 21 1 26 26 11 25 25 3 24 24 11 29 29 12 28 28 3 27 27 3 32 32 12 31 31 5 30 30 12 35 35 13 34 34 5 33 33 15 38 38 1 37 37 14 36 36 1 41 41 6 40 40 14 39 39 14 44 44 6 43 43 16 42 42 6 47 47 9 46 46 16 45 45 19 50 50 18 49 49 17 48 48 18 53 53 20 52 52 17 51 51 17 56 56 20 55 55 21 54 54 20 59 59 22 58 58 21 57 57 21 62 62 22 61 61 23 60 60 22 65 65 24 64 64 23 63 63 23 68 68 24 67 67 19 66 66 24 71 71 18 70 70 19 69 69 27 74 74 26 73 73 25 72 72 26 77 77 28 76 76 25 75 75 25 80 80 28 79 79 29 78 78 28 83 83 30 82 82 29 81 81 10 86 86 31 85 85 9 84 84 31 89 89 16 88 88 9 87 87 34 92 92 33 91 91 32 90 90 33 95 95 35 94 94 32 93 93 37 98 98 35 97 97 36 96 96 35 101 101 33 100 100 36 99 99 36 104 104 33 103 103 38 102 102 41 107 107 40 106 106 39 105 105 40 110 110 42 109 109 39 108 108 44 113 113 42 112 112 43 111 111 42 116 116 40 115 115 43 114 114 47 119 119 46 118 118 45 117 117 46 122 122 48 121 121 45 120 120 48 125 125 46 124 124 49 123 123 46 128 128 47 127 127 49 126 126 49 131 131 47 130 130 45 129 129 52 134 134 51 133 133 50 132 132 51 137 137 48 136 136 50 135 135 55 140 140 54 139 139 53 138 138 54 143 143 52 142 142 53 141 141 52 146 146 54 145 145 51 144 144 54 149 149 49 148 148 51 147 147 51 152 152 49 151 151 45 150 150 54 154 155 55 153 154 50 153 153 55 157 158 53 156 157 50 155 156 50 160 161 53 159 160 52 158 159 58 163 164 57 162 163 56 161 162 57 166 167 59 165 166 56 164 165 56 169 170 59 168 169 60 167 168 56 172 173 60 171 172 58 170 171 60 175 176 57 174 175 58 173 174 62 178 179 61 177 178 60 176 177 61 181 182 57 180 181 60 179 180 65 184 185 64 183 184 63 182 183 64 187 188 61 186 187 63 185 186 66 190 191 65 189 190 62 188 189 65 193 194 63 192 193 62 191 192 62 196 197 63 195 196 61 194 195 62 197 200 64 197 199 66 197 198 64 200 203 65 199 202 66 198 201 38 204 207 33 203 206 34 202 205 67 201 204 71 205 211 70 205 210 69 205 209 68 205 208 75 206 215 74 206 214 73 206 213 72 206 212 34 210 219 35 209 218 37 208 217 67 207 216 79 211 223 78 211 222 77 211 221 76 211 220 83 212 227 82 212 226 81 212 225 80 212 224 85 216 231 44 215 230 43 214 229 84 213 228 49 220 235 54 219 234 50 218 233 48 217 232 64 223 239 62 223 238 60 222 237 59 221 236 2 226 242 7 225 241 1 224 240 11 229 245 1 228 244 15 227 243 88 231 248 87 230 247 86 230 246 91 233 251 90 233 250 89 232 249 92 236 254 26 235 253 27 234 252 21 239 257 19 238 256 17 237 255 95 242 260 94 241 259 93 240 258 98 244 263 97 243 262 96 243 261 99 247 266 29 246 265 30 245 264 21 250 269 23 249 268 19 248 267 100 251 272 69 251 271 70 251 270 101 252 275 73 252 274 74 252 273 104 253 278 103 253 277 102 253 276 107 254 281 106 254 280 105 254 279 110 255 284 109 255 283 108 255 282 113 256 287 112 256 286 111 256 285 116 257 290 115 257 289 114 257 288 119 258 293 118 258 292 117 258 291 34 261 296 32 260 295 35 259 294 122 262 299 121 262 298 120 262 297 123 263 302 78 263 301 79 263 300 124 264 305 82 264 304 83 264 303 45 267 308 48 266 307 51 265 306 57 270 311 61 269 310 59 268 309 59 273 314 61 272 313 64 271 312</p>
    </polylist>
   </mesh>
  </geometry>
 </library_geometries>
 <library_visual_scenes>
  <visual_scene id="Scene" name="Scene">
   <node id="Camera" name="Camera">
    <rotate sid="rotateY">0 1 0 26.92905</rotate>
    <rotate sid="rotateX">1 0 0 0.57296</rotate>
    <rotate sid="rotateZ">0 0 1 -0.00000</rotate>
    <translate sid="translate">0.00000 0.00000 94.92912</translate>
    <instance_camera url="#Camera-Camera"/>
   </node>
   <node id="realb01" name="realb01">
    <translate sid="translate">0.00000 0.00000 0.00000</translate>
    <rotate sid="head">0 1 0 0.00000</rotate>
    <rotate sid="pitch">1 0 0 0.00000</rotate>
    <rotate sid="bank">0 0 1 0.00000</rotate>
    <scale sid="scale">1.00000 1.00000 1.00000</scale>
    <instance_geometry url="#realb01-lib">
     <bind_material>
      <technique_common>
       <instance_material symbol="mat2.png" target="#mat2.png">
        <bind_vertex_input semantic="UVSET0" input_semantic="TEXCOORD"/>
       </instance_material>
      </technique_common>
     </bind_material>
    </instance_geometry>
   </node>
   <node id="realb01_1" name="realb01_1">
    <translate sid="translate">0.00000 0.00000 0.00000</translate>
    <rotate sid="head">0 1 0 0.00000</rotate>
    <rotate sid="pitch">1 0 0 0.00000</rotate>
    <rotate sid="bank">0 0 1 0.00000</rotate>
    <scale sid="scale">1.00000 1.00000 1.00000</scale>
    <instance_geometry url="#realb01_1-lib">
     <bind_material>
      <technique_common>
       <instance_material symbol="mat1.png" target="#mat1.png">
        <bind_vertex_input semantic="UVSET0" input_semantic="TEXCOORD"/>
       </instance_material>
      </technique_common>
     </bind_material>
    </instance_geometry>
   </node>
   <node id="realb01_2" name="realb01_2">
    <translate sid="translate">0.00000 0.00000 0.00000</translate>
    <rotate sid="head">0 1 0 0.00000</rotate>
    <rotate sid="pitch">1 0 0 0.00000</rotate>
    <rotate sid="bank">0 0 1 0.00000</rotate>
    <scale sid="scale">1.00000 1.00000 1.00000</scale>
    <instance_geometry url="#realb01_2-lib">
     <bind_material>
      <technique_common>
       <instance_material symbol="mat5.png" target="#mat5.png">
        <bind_vertex_input semantic="UVSET0" input_semantic="TEXCOORD"/>
       </instance_material>
      </technique_common>
     </bind_material>
    </instance_geometry>
   </node>
   <node id="realb01_3" name="realb01_3">
    <translate sid="translate">0.00000 0.00000 0.00000</translate>
    <rotate sid="head">0 1 0 0.00000</rotate>
    <rotate sid="pitch">1 0 0 0.00000</rotate>
    <rotate sid="bank">0 0 1 0.00000</rotate>
    <scale sid="scale">1.00000 1.00000 1.00000</scale>
    <instance_geometry url="#realb01_3-lib">
     <bind_material>
      <technique_common>
       <instance_material symbol="mat3.png" target="#mat3.png">
        <bind_vertex_input semantic="UVSET0" input_semantic="TEXCOORD"/>
       </instance_material>
      </technique_common>
     </bind_material>
    </instance_geometry>
   </node>
   <node id="realb01_4" name="realb01_4">
    <translate sid="translate">0.00000 0.00000 0.00000</translate>
    <rotate sid="head">0 1 0 0.00000</rotate>
    <rotate sid="pitch">1 0 0 0.00000</rotate>
    <rotate sid="bank">0 0 1 0.00000</rotate>
    <scale sid="scale">1.00000 1.00000 1.00000</scale>
    <instance_geometry url="#realb01_4-lib">
     <bind_material>
      <technique_common>
       <instance_material symbol="mat4.png" target="#mat4.png">
        <bind_vertex_input semantic="UVSET0" input_semantic="TEXCOORD"/>
       </instance_material>
      </technique_common>
     </bind_material>
    </instance_geometry>
   </node>
  </visual_scene>
 </library_visual_scenes>
 <scene>
  <instance_visual_scene url="#Scene"/>
 </scene>
</COLLADA>
