<?xml version="1.0" encoding="UTF-8"?>
<COLLADA xmlns="http://www.collada.org/2005/11/COLLADASchema" version="1.4.1">
 <asset>
  <contributor>
   <authoring_tool>ExpCollada for Metasequoia</authoring_tool>
  </contributor>
  <created>2024-07-21T23:06:41Z</created>
  <modified>2024-07-21T23:06:41Z</modified>
  <up_axis>Y_UP</up_axis>
 </asset>
 <library_cameras>
  <camera id="Camera-Camera" name="Camera-Camera">
   <optics>
    <technique_common>
     <perspective>
      <yfov>0.000</yfov>
      <znear>0.1</znear>
      <zfar>10000.0</zfar>
     </perspective>
    </technique_common>
   </optics>
  </camera>
 </library_cameras>
 <library_images>
  <image id="texture1" name="texture1">
   <init_from>mat1.png</init_from>
  </image>
  <image id="texture2" name="texture2">
   <init_from>mat2.png</init_from>
  </image>
  <image id="texture3" name="texture3">
   <init_from>mat3.png</init_from>
  </image>
  <image id="texture4" name="texture4">
   <init_from>mat4.png</init_from>
  </image>
  <image id="texture5" name="texture5">
   <init_from>mat5.png</init_from>
  </image>
  <image id="texture6" name="texture6">
   <init_from>mat6.png</init_from>
  </image>
 </library_images>
 <library_effects>
  <effect id="mat1.png-fx" name="mat1.png-fx">
   <profile_COMMON>
    <newparam sid="texture1-surface">
     <surface type="2D">
      <init_from>texture1</init_from>
     </surface>
    </newparam>
    <newparam sid="texture1-sampler">
    <sampler2D>
     <source>texture1-surface</source>
     <minfilter>LINEAR</minfilter>
     <magfilter>LINEAR</magfilter>
    </sampler2D>
   </newparam>
    <technique sid="metaseq">
     <lambert>
      <emission>
       <color>0.500 0.500 0.500 1</color>
      </emission>
      <ambient>
       <color>0.000 0.000 0.000 1</color>
      </ambient>
      <diffuse>
       <texture texture="texture1-sampler" texcoord="UVSET0"/>
      </diffuse>
      <reflective>
       <color>1 1 1 1</color>
      </reflective>
      <reflectivity>
       <float>0.0</float>
      </reflectivity>
      <transparent>
       <color>1 1 1 1</color>
      </transparent>
      <transparency>
       <float>1.000</float>
      </transparency>
     </lambert>
    </technique>
   </profile_COMMON>
  </effect>
  <effect id="mat2.png-fx" name="mat2.png-fx">
   <profile_COMMON>
    <newparam sid="texture2-surface">
     <surface type="2D">
      <init_from>texture2</init_from>
     </surface>
    </newparam>
    <newparam sid="texture2-sampler">
    <sampler2D>
     <source>texture2-surface</source>
     <minfilter>LINEAR</minfilter>
     <magfilter>LINEAR</magfilter>
    </sampler2D>
   </newparam>
    <technique sid="metaseq">
     <lambert>
      <emission>
       <color>0.500 0.500 0.500 1</color>
      </emission>
      <ambient>
       <color>0.000 0.000 0.000 1</color>
      </ambient>
      <diffuse>
       <texture texture="texture2-sampler" texcoord="UVSET0"/>
      </diffuse>
      <reflective>
       <color>1 1 1 1</color>
      </reflective>
      <reflectivity>
       <float>0.0</float>
      </reflectivity>
      <transparent>
       <color>1 1 1 1</color>
      </transparent>
      <transparency>
       <float>1.000</float>
      </transparency>
     </lambert>
    </technique>
   </profile_COMMON>
  </effect>
  <effect id="mat3.png-fx" name="mat3.png-fx">
   <profile_COMMON>
    <newparam sid="texture3-surface">
     <surface type="2D">
      <init_from>texture3</init_from>
     </surface>
    </newparam>
    <newparam sid="texture3-sampler">
    <sampler2D>
     <source>texture3-surface</source>
     <minfilter>LINEAR</minfilter>
     <magfilter>LINEAR</magfilter>
    </sampler2D>
   </newparam>
    <technique sid="metaseq">
     <lambert>
      <emission>
       <color>0.500 0.500 0.500 1</color>
      </emission>
      <ambient>
       <color>0.000 0.000 0.000 1</color>
      </ambient>
      <diffuse>
       <texture texture="texture3-sampler" texcoord="UVSET0"/>
      </diffuse>
      <reflective>
       <color>1 1 1 1</color>
      </reflective>
      <reflectivity>
       <float>0.0</float>
      </reflectivity>
      <transparent>
       <color>1 1 1 1</color>
      </transparent>
      <transparency>
       <float>1.000</float>
      </transparency>
     </lambert>
    </technique>
   </profile_COMMON>
  </effect>
  <effect id="mat4.png-fx" name="mat4.png-fx">
   <profile_COMMON>
    <newparam sid="texture4-surface">
     <surface type="2D">
      <init_from>texture4</init_from>
     </surface>
    </newparam>
    <newparam sid="texture4-sampler">
    <sampler2D>
     <source>texture4-surface</source>
     <minfilter>LINEAR</minfilter>
     <magfilter>LINEAR</magfilter>
    </sampler2D>
   </newparam>
    <technique sid="metaseq">
     <lambert>
      <emission>
       <color>0.500 0.500 0.500 1</color>
      </emission>
      <ambient>
       <color>0.000 0.000 0.000 1</color>
      </ambient>
      <diffuse>
       <texture texture="texture4-sampler" texcoord="UVSET0"/>
      </diffuse>
      <reflective>
       <color>1 1 1 1</color>
      </reflective>
      <reflectivity>
       <float>0.0</float>
      </reflectivity>
      <transparent>
       <color>1 1 1 1</color>
      </transparent>
      <transparency>
       <float>1.000</float>
      </transparency>
     </lambert>
    </technique>
   </profile_COMMON>
  </effect>
  <effect id="mat5.png-fx" name="mat5.png-fx">
   <profile_COMMON>
    <newparam sid="texture5-surface">
     <surface type="2D">
      <init_from>texture5</init_from>
     </surface>
    </newparam>
    <newparam sid="texture5-sampler">
    <sampler2D>
     <source>texture5-surface</source>
     <minfilter>LINEAR</minfilter>
     <magfilter>LINEAR</magfilter>
    </sampler2D>
   </newparam>
    <technique sid="metaseq">
     <lambert>
      <emission>
       <color>0.500 0.500 0.500 1</color>
      </emission>
      <ambient>
       <color>0.000 0.000 0.000 1</color>
      </ambient>
      <diffuse>
       <texture texture="texture5-sampler" texcoord="UVSET0"/>
      </diffuse>
      <reflective>
       <color>1 1 1 1</color>
      </reflective>
      <reflectivity>
       <float>0.0</float>
      </reflectivity>
      <transparent>
       <color>1 1 1 1</color>
      </transparent>
      <transparency>
       <float>1.000</float>
      </transparency>
     </lambert>
    </technique>
   </profile_COMMON>
  </effect>
  <effect id="mat6.png-fx" name="mat6.png-fx">
   <profile_COMMON>
    <newparam sid="texture6-surface">
     <surface type="2D">
      <init_from>texture6</init_from>
     </surface>
    </newparam>
    <newparam sid="texture6-sampler">
    <sampler2D>
     <source>texture6-surface</source>
     <minfilter>LINEAR</minfilter>
     <magfilter>LINEAR</magfilter>
    </sampler2D>
   </newparam>
    <technique sid="metaseq">
     <lambert>
      <emission>
       <color>0.500 0.500 0.500 1</color>
      </emission>
      <ambient>
       <color>0.000 0.000 0.000 1</color>
      </ambient>
      <diffuse>
       <texture texture="texture6-sampler" texcoord="UVSET0"/>
      </diffuse>
      <reflective>
       <color>1 1 1 1</color>
      </reflective>
      <reflectivity>
       <float>0.0</float>
      </reflectivity>
      <transparent>
       <color>1 1 1 1</color>
      </transparent>
      <transparency>
       <float>1.000</float>
      </transparency>
     </lambert>
    </technique>
   </profile_COMMON>
  </effect>
  <effect id="_Unattached-fx" name="_Unattached-fx">
   <profile_COMMON>
    <technique sid="metaseq">
     <phong>
      <emission>
       <color>0.000 0.000 0.000 1</color>
      </emission>
      <ambient>
       <color>0.600 0.600 0.600 1</color>
      </ambient>
      <diffuse>
       <color>0.800 0.800 0.800 1</color>
      </diffuse>
      <specular>
       <color>0.000 0.000 0.000 1</color>
      </specular>
      <shininess>
       <float>5.000</float>
      </shininess>
      <reflective>
       <color>1 1 1 1</color>
      </reflective>
      <reflectivity>
       <float>0.0</float>
      </reflectivity>
      <transparent>
       <color>1 1 1 1</color>
      </transparent>
      <transparency>
       <float>1.000</float>
      </transparency>
     </phong>
    </technique>
   </profile_COMMON>
  </effect>
 </library_effects>
 <library_materials>
  <material id="mat1.png" name="mat1.png">
   <instance_effect url="#mat1.png-fx"/>
  </material>
  <material id="mat2.png" name="mat2.png">
   <instance_effect url="#mat2.png-fx"/>
  </material>
  <material id="mat3.png" name="mat3.png">
   <instance_effect url="#mat3.png-fx"/>
  </material>
  <material id="mat4.png" name="mat4.png">
   <instance_effect url="#mat4.png-fx"/>
  </material>
  <material id="mat5.png" name="mat5.png">
   <instance_effect url="#mat5.png-fx"/>
  </material>
  <material id="mat6.png" name="mat6.png">
   <instance_effect url="#mat6.png-fx"/>
  </material>
  <material id="_Unattached" name="_Unattached">
   <instance_effect url="#_Unattached-fx"/>
  </material>
 </library_materials>
 <library_geometries>
  <geometry id="18_Hal_G-lib" name="18_Hal_G">
   <mesh>
    <source id="18_Hal_G-lib-positions" name="position">
     <float_array id="18_Hal_G-lib-positions-array" count="18">3.76562 170.70010 5.67771 7.75000 177.51199 3.72288 0.00000 172.49800 9.98969 0.00000 178.48260 11.12876 -7.75000 177.51199 3.72288 -3.76562 170.70010 5.67771</float_array>
     <technique_common>
      <accessor count="6" source="#18_Hal_G-lib-positions-array" stride="3">
       <param name="X" type="float"/>
       <param name="Y" type="float"/>
       <param name="Z" type="float"/>
      </accessor>
     </technique_common>
    </source>
    <source id="18_Hal_G-lib-normals" name="normal">
     <float_array id="18_Hal_G-lib-normals-array" count="36">0.68250 -0.16498 0.71203 0.68433 -0.17214 0.70856 0.69259 -0.20679 0.69106 0.68250 -0.16498 0.71203 0.67519 -0.13792 0.72464 0.68433 -0.17214 0.70856 -0.68433 -0.17214 0.70856 -0.67519 -0.13792 0.72464 -0.68250 -0.16498 0.71203 -0.69259 -0.20679 0.69106 -0.68433 -0.17214 0.70856 -0.68250 -0.16498 0.71203</float_array>
     <technique_common>
      <accessor count="12" source="#18_Hal_G-lib-normals-array" stride="3">
       <param name="X" type="float"/>
       <param name="Y" type="float"/>
       <param name="Z" type="float"/>
      </accessor>
     </technique_common>
    </source>
    <source id="18_Hal_G-lib-texcoords">
     <float_array id="18_Hal_G-lib-texcoords-array" count="24">0.33691 -0.18066 0.49902 -0.06836 0.41602 -0.19238 0.33691 -0.18066 0.33594 -0.04883 0.49902 -0.06836 0.17578 -0.06836 0.33594 -0.04883 0.33691 -0.18066 0.25879 -0.19238 0.17578 -0.06836 0.33691 -0.18066</float_array>
     <technique_common>
      <accessor count="12" offset="0" source="#18_Hal_G-lib-texcoords-array" stride="2">
       <param name="U" type="float"/>
       <param name="V" type="float"/>
      </accessor>
     </technique_common>
    </source>
    <vertices id="18_Hal_G-lib-vertices">
     <input semantic="POSITION" source="#18_Hal_G-lib-positions"/>
    </vertices>
    <polylist count="4" material="mat1.png">
     <input offset="0" semantic="VERTEX" source="#18_Hal_G-lib-vertices"/>
     <input offset="1" semantic="NORMAL" source="#18_Hal_G-lib-normals"/>
     <input offset="2" semantic="TEXCOORD" source="#18_Hal_G-lib-texcoords"/>
     <vcount>3 3 3 3</vcount>
     <p>0 2 2 1 1 1 2 0 0 1 5 5 3 4 4 2 3 3 2 8 8 3 7 7 4 6 6 2 11 11 4 10 10 5 9 9</p>
    </polylist>
   </mesh>
  </geometry>
  <geometry id="18_Hal_G_1-lib" name="18_Hal_G_1">
   <mesh>
    <source id="18_Hal_G_1-lib-positions" name="position">
     <float_array id="18_Hal_G_1-lib-positions-array" count="168">11.70313 153.84531 8.74302 6.37500 159.26370 5.06706 11.73438 159.18250 5.04519 4.70312 154.88789 9.31216 7.73438 147.41670 10.52454 0.00000 154.12601 9.92126 0.00000 146.91209 10.91449 -7.73438 147.41670 10.52454 -6.37500 159.26370 5.06706 -11.70313 153.84531 8.74302 -11.73438 159.18250 5.04519 -4.70312 154.88789 9.31216 1.68750 184.24780 9.68981 1.95312 184.91960 9.53339 3.50000 183.37260 8.89317 1.21875 184.56050 10.62721 1.42188 185.24789 10.26767 0.00000 185.32620 10.92389 0.00000 184.73260 11.48653 -1.21875 184.56050 10.62721 1.40625 187.38870 10.92336 1.12500 186.87309 11.07974 0.00000 187.56059 11.22019 0.00000 186.96690 11.39221 9.35938 186.21539 5.40812 8.68750 183.04370 5.76830 2.92188 186.35699 9.09553 9.87500 185.55910 5.03329 10.00000 186.19971 4.93938 9.21875 182.46550 5.42470 3.26562 182.71640 8.97146 11.98438 185.76010 -3.31038 12.01563 186.41631 -3.20118 0.00000 143.29919 10.16110 0.00000 153.81160 8.85713 4.70312 136.06940 10.35386 -4.70312 136.06940 10.35386 0.00000 137.52650 15.76675 0.00000 126.84560 11.11240 -9.21875 182.46550 5.42470 -8.68750 183.04370 5.76830 -3.50000 183.37260 8.89317 -9.87500 185.55910 5.03329 -9.35938 186.21539 5.40812 -10.00000 186.19971 4.93938 -11.98438 185.76010 -3.31038 -12.01563 186.41631 -3.20118 -1.42188 185.24789 10.26767 -1.95312 184.91960 9.53339 -1.68750 184.24780 9.68981 -3.26562 182.71640 8.97146 -1.40625 187.38870 10.92336 -1.12500 186.87309 11.07974 -2.92188 186.35699 9.09553 7.56250 126.80560 9.30793 -7.56250 126.80560 9.30793</float_array>
     <technique_common>
      <accessor count="56" source="#18_Hal_G_1-lib-positions-array" stride="3">
       <param name="X" type="float"/>
       <param name="Y" type="float"/>
       <param name="Z" type="float"/>
      </accessor>
     </technique_common>
    </source>
    <source id="18_Hal_G_1-lib-normals" name="normal">
     <float_array id="18_Hal_G_1-lib-normals-array" count="522">0.10201 0.44952 0.88743 0.08868 0.61745 0.78159 0.01198 0.56942 0.82196 0.10201 0.44952 0.88743 0.12236 0.35749 0.92587 0.08868 0.61745 0.78159 0.08157 0.17748 0.98074 0.12236 0.35749 0.92587 0.10201 0.44952 0.88743 0.08157 0.17748 0.98074 -0.00000 0.16768 0.98584 0.12236 0.35749 0.92587 0.00000 0.13640 0.99065 -0.00000 0.16768 0.98584 0.08157 0.17748 0.98074 0.00000 0.13640 0.99065 -0.08157 0.17748 0.98074 -0.00000 0.16768 0.98584 -0.08868 0.61745 0.78159 -0.10201 0.44952 0.88743 -0.01198 0.56942 0.82196 -0.08868 0.61745 0.78159 -0.12236 0.35749 0.92587 -0.10201 0.44952 0.88743 -0.08157 0.17748 0.98074 -0.12236 0.35749 0.92587 -0.00000 0.16768 0.98584 -0.08157 0.17748 0.98074 -0.10201 0.44952 0.88743 -0.12236 0.35749 0.92587 0.64998 -0.08957 0.75466 0.60668 -0.04435 0.79371 0.46107 -0.01957 0.88715 0.64998 -0.08957 0.75466 0.63969 0.22806 0.73402 0.60668 -0.04435 0.79371 0.63969 0.22806 0.73402 0.72673 0.00655 0.68689 0.60668 -0.04435 0.79371 0.63969 0.22806 0.73402 0.31787 0.51730 0.79458 0.72673 0.00655 0.68689 0.52006 0.58758 0.61991 0.31787 0.51730 0.79458 0.63969 0.22806 0.73402 -0.52006 0.58758 0.61991 -0.63969 0.22806 0.73402 -0.52006 0.58758 0.61991 0.72673 0.00655 0.68689 0.49501 -0.00191 0.86889 0.60668 -0.04435 0.79371 0.72673 0.00655 0.68689 0.52138 -0.00845 0.85328 0.49501 -0.00191 0.86889 0.52138 -0.00845 0.85328 -0.00000 0.24839 0.96866 0.49501 -0.00191 0.86889 0.52138 -0.00845 0.85328 0.00000 0.27830 0.96049 -0.00000 0.24839 0.96866 0.46107 -0.01957 0.88715 0.54838 -0.00624 0.83621 0.52344 -0.02105 0.85180 0.46107 -0.01957 0.88715 0.45867 0.02863 0.88814 0.54838 -0.00624 0.83621 0.60668 -0.04435 0.79371 0.45867 0.02863 0.88814 0.46107 -0.01957 0.88715 0.72890 -0.05995 0.68199 0.54838 -0.00624 0.83621 0.85237 -0.08896 0.51532 0.72890 -0.05995 0.68199 0.52344 -0.02105 0.85180 0.54838 -0.00624 0.83621 0.52792 -0.02147 0.84902 0.52344 -0.02105 0.85180 0.72890 -0.05995 0.68199 0.52792 -0.02147 0.84902 0.46107 -0.01957 0.88715 0.52344 -0.02105 0.85180 0.45130 -0.05492 0.89068 0.46107 -0.01957 0.88715 0.52792 -0.02147 0.84902 0.45130 -0.05492 0.89068 0.64998 -0.08957 0.75466 0.46107 -0.01957 0.88715 0.96731 -0.08908 0.23742 0.85237 -0.08896 0.51532 0.96766 -0.08558 0.23732 0.96731 -0.08908 0.23742 0.72890 -0.05995 0.68199 0.85237 -0.08896 0.51532 0.11647 0.18890 0.97506 -0.00000 0.12310 0.99239 0.60598 0.03251 0.79482 0.11647 0.18890 0.97506 -0.60598 0.03251 0.79482 -0.00000 0.12310 0.99239 0.76537 0.12539 0.63126 0.11647 0.18890 0.97506 0.60598 0.03251 0.79482 -0.76537 0.12539 0.63126 -0.60598 0.03251 0.79482 -0.72134 0.48249 0.49687 -0.41958 -0.14019 0.89683 -0.60598 0.03251 0.79482 -0.76537 0.12539 0.63126 -0.52792 -0.02147 0.84902 -0.52344 -0.02105 0.85180 -0.46107 -0.01957 0.88715 -0.52792 -0.02147 0.84902 -0.72890 -0.05995 0.68199 -0.52344 -0.02105 0.85180 -0.72890 -0.05995 0.68199 -0.54838 -0.00624 0.83621 -0.52344 -0.02105 0.85180 -0.72890 -0.05995 0.68199 -0.85237 -0.08896 0.51532 -0.54838 -0.00624 0.83621 -0.96731 -0.08908 0.23742 -0.85237 -0.08896 0.51532 -0.72890 -0.05995 0.68199 -0.96731 -0.08908 0.23742 -0.96766 -0.08558 0.23732 -0.85237 -0.08896 0.51532 -0.63969 0.22806 0.73402 -0.72673 0.00655 0.68689 0.31787 0.51730 0.79458 -0.63969 0.22806 0.73402 -0.60668 -0.04435 0.79371 -0.72673 0.00655 0.68689 -0.64998 -0.08957 0.75466 -0.60668 -0.04435 0.79371 -0.63969 0.22806 0.73402 -0.64998 -0.08957 0.75466 -0.46107 -0.01957 0.88715 -0.60668 -0.04435 0.79371 -0.45130 -0.05492 0.89068 -0.46107 -0.01957 0.88715 -0.64998 -0.08957 0.75466 -0.45130 -0.05492 0.89068 -0.52792 -0.02147 0.84902 -0.46107 -0.01957 0.88715 -0.49501 -0.00191 0.86889 -0.72673 0.00655 0.68689 -0.60668 -0.04435 0.79371 -0.49501 -0.00191 0.86889 -0.52138 -0.00845 0.85328 -0.72673 0.00655 0.68689 -0.00000 0.24839 0.96866 -0.52138 -0.00845 0.85328 -0.49501 -0.00191 0.86889 -0.00000 0.24839 0.96866 0.00000 0.27830 0.96049 -0.52138 -0.00845 0.85328 -0.54838 -0.00624 0.83621 -0.46107 -0.01957 0.88715 -0.52344 -0.02105 0.85180 -0.54838 -0.00624 0.83621 -0.45867 0.02863 0.88814 -0.46107 -0.01957 0.88715 0.23173 -0.03822 0.97203 0.41958 -0.14019 0.89683 0.60598 0.03251 0.79482 0.60598 0.03251 0.79482 0.41958 -0.14019 0.89683 0.76537 0.12539 0.63126 -0.45867 0.02863 0.88814 -0.60668 -0.04435 0.79371 -0.46107 -0.01957 0.88715 -0.41958 -0.14019 0.89683 -0.23173 -0.03822 0.97203 -0.60598 0.03251 0.79482</float_array>
     <technique_common>
      <accessor count="174" source="#18_Hal_G_1-lib-normals-array" stride="3">
       <param name="X" type="float"/>
       <param name="Y" type="float"/>
       <param name="Z" type="float"/>
      </accessor>
     </technique_common>
    </source>
    <source id="18_Hal_G_1-lib-texcoords">
     <float_array id="18_Hal_G_1-lib-texcoords-array" count="348">1.00000 -0.75684 0.83594 -0.54102 1.00098 -0.56055 1.00000 -0.75684 0.77344 -0.70117 0.83594 -0.54102 0.91309 -0.96094 0.77344 -0.70117 1.00000 -0.75684 0.91309 -0.96094 0.61328 -0.72070 0.77344 -0.70117 0.61816 -0.99023 0.61328 -0.72070 0.91309 -0.96094 0.61816 -0.99023 0.91309 -0.96094 0.61328 -0.72070 0.83594 -0.54102 1.00000 -0.75684 1.00098 -0.56055 0.83594 -0.54102 0.77344 -0.70117 1.00000 -0.75684 0.91309 -0.96094 0.77344 -0.70117 0.61328 -0.72070 0.91309 -0.96094 1.00000 -0.75684 0.77344 -0.70117 0.62402 -1.09570 0.62793 -1.08008 0.66113 -1.11523 0.62402 -1.09570 0.60547 -1.09277 0.62793 -1.08008 0.60547 -1.09277 0.60938 -1.07910 0.62793 -1.08008 0.60547 -1.09277 0.56641 -1.07910 0.60938 -1.07910 0.56641 -1.09277 0.56641 -1.07910 0.60547 -1.09277 0.56641 -1.09277 0.60547 -1.09277 0.56641 -1.07910 0.60352 -1.05859 0.61719 -1.01660 0.62988 -1.06055 0.60352 -1.05859 0.59766 -1.03711 0.61719 -1.01660 0.59766 -1.03711 0.56738 -1.01660 0.61719 -1.01660 0.59766 -1.03711 0.56738 -1.03516 0.56738 -1.01660 0.66895 -1.09082 0.78906 -1.01269 0.79004 -1.09180 0.66895 -1.09082 0.66992 -1.01367 0.78906 -1.01269 0.64648 -1.03613 0.66992 -1.01367 0.66895 -1.09082 0.84082 -1.09082 0.82910 -1.07812 0.84180 -1.07812 0.84082 -1.09082 0.79297 -1.11133 0.82910 -1.07812 0.80469 -1.13086 0.79297 -1.11133 0.84082 -1.09082 0.80469 -1.13086 0.66113 -1.11523 0.79297 -1.11133 0.65625 -1.13574 0.66113 -1.11523 0.80469 -1.13086 0.65625 -1.13574 0.62402 -1.09570 0.66113 -1.11523 0.92676 -1.09082 0.84180 -1.07812 0.98047 -1.07812 0.92676 -1.09082 0.84082 -1.09082 0.84180 -1.07812 0.31250 -0.00293 0.32812 -0.18066 0.40820 -0.00391 0.31250 -0.00293 0.40820 -0.00391 0.32812 -0.18066 0.00879 -0.22559 0.00977 -0.06348 0.18652 -0.22559 0.00879 -0.22559 0.18652 -0.22559 0.00977 -0.06348 0.00977 -0.50391 0.18652 -0.22559 0.00879 -0.22559 0.80469 -1.13086 0.79297 -1.11133 0.66113 -1.11523 0.80469 -1.13086 0.84082 -1.09082 0.79297 -1.11133 0.84082 -1.09082 0.82910 -1.07812 0.79297 -1.11133 0.84082 -1.09082 0.84180 -1.07812 0.82910 -1.07812 0.92676 -1.09082 0.84180 -1.07812 0.84082 -1.09082 0.92676 -1.09082 0.98047 -1.07812 0.84180 -1.07812 0.60547 -1.09277 0.60938 -1.07910 0.56641 -1.07910 0.60547 -1.09277 0.62793 -1.08008 0.60938 -1.07910 0.62402 -1.09570 0.62793 -1.08008 0.60547 -1.09277 0.62402 -1.09570 0.66113 -1.11523 0.62793 -1.08008 0.65625 -1.13574 0.66113 -1.11523 0.62402 -1.09570 0.65625 -1.13574 0.80469 -1.13086 0.66113 -1.11523 0.61719 -1.01660 0.60352 -1.05859 0.62988 -1.06055 0.61719 -1.01660 0.59766 -1.03711 0.60352 -1.05859 0.56738 -1.01660 0.59766 -1.03711 0.61719 -1.01660 0.56738 -1.01660 0.56738 -1.03516 0.59766 -1.03711 0.78906 -1.01269 0.66895 -1.09082 0.79004 -1.09180 0.78906 -1.01269 0.66992 -1.01367 0.66895 -1.09082 0.24414 -0.54102 0.49023 -0.50098 0.30273 -0.32324 0.18652 -0.22559 0.00977 -0.50391 0.00879 -0.22559 0.66992 -1.01367 0.64648 -1.03613 0.66895 -1.09082 0.49023 -0.50098 0.24414 -0.54102 0.30273 -0.32324</float_array>
     <technique_common>
      <accessor count="174" offset="0" source="#18_Hal_G_1-lib-texcoords-array" stride="2">
       <param name="U" type="float"/>
       <param name="V" type="float"/>
      </accessor>
     </technique_common>
    </source>
    <vertices id="18_Hal_G_1-lib-vertices">
     <input semantic="POSITION" source="#18_Hal_G_1-lib-positions"/>
    </vertices>
    <polylist count="58" material="mat3.png">
     <input offset="0" semantic="VERTEX" source="#18_Hal_G_1-lib-vertices"/>
     <input offset="1" semantic="NORMAL" source="#18_Hal_G_1-lib-normals"/>
     <input offset="2" semantic="TEXCOORD" source="#18_Hal_G_1-lib-texcoords"/>
     <vcount>3 3 3 3 3 3 3 3 3 3 3 3 3 3 3 3 3 3 3 3 3 3 3 3 3 3 3 3 3 3 3 3 3 3 3 3 3 3 3 3 3 3 3 3 3 3 3 3 3 3 3 3 3 3 3 3 3 3</vcount>
     <p>2 2 2 1 1 1 0 0 0 1 5 5 3 4 4 0 3 3 0 8 8 3 7 7 4 6 6 3 11 11 5 10 10 4 9 9 4 14 14 5 13 13 6 12 12 5 17 17 7 16 16 6 15 15 10 20 20 9 19 19 8 18 18 9 23 23 11 22 22 8 21 21 5 26 26 11 25 25 7 24 24 11 29 29 9 28 28 7 27 27 14 32 32 13 31 31 12 30 30 13 35 35 15 34 34 12 33 33 13 38 38 16 37 37 15 36 36 16 41 41 17 40 40 15 39 39 15 44 44 17 43 43 18 42 42 17 47 47 19 46 46 18 45 45 13 50 50 20 49 49 16 48 48 20 53 53 21 52 52 16 51 51 20 56 56 22 55 55 21 54 54 22 59 59 23 58 58 21 57 57 25 62 62 24 61 61 14 60 60 24 65 65 26 64 64 14 63 63 14 68 68 26 67 67 13 66 66 28 71 71 24 70 70 27 69 69 24 74 74 25 73 73 27 72 72 27 77 77 25 76 76 29 75 75 25 80 80 14 79 79 29 78 78 29 83 83 14 82 82 30 81 81 14 86 86 12 85 85 30 84 84 32 89 89 28 88 88 31 87 87 28 92 92 27 91 91 31 90 90 35 95 95 34 94 94 33 93 93 34 98 98 36 97 97 33 96 96 35 101 101 33 100 100 37 99 99 33 104 104 36 103 103 37 102 102 37 107 107 36 106 106 38 105 105 41 110 110 40 109 109 39 108 108 40 113 113 42 112 112 39 111 111 40 116 116 43 115 115 42 114 114 43 119 119 44 118 118 42 117 117 42 122 122 44 121 121 45 120 120 44 125 125 46 124 124 45 123 123 17 128 128 47 127 127 19 126 126 47 131 131 48 130 130 19 129 129 19 134 134 48 133 133 49 132 132 48 137 137 41 136 136 49 135 135 49 140 140 41 139 139 50 138 138 41 143 143 39 142 142 50 141 141 48 146 146 47 145 145 51 144 144 47 149 149 52 148 148 51 147 147 51 152 152 52 151 151 22 150 150 52 155 155 23 154 154 22 153 153 40 158 158 41 157 157 43 156 156 41 161 161 53 160 160 43 159 159 35 164 164 38 163 163 54 162 162 37 167 167 38 166 166 35 165 165 41 170 170 48 169 169 53 168 168 36 173 173 55 172 172 38 171 171</p>
    </polylist>
   </mesh>
  </geometry>
  <geometry id="18_Hal_G_2-lib" name="18_Hal_G_2">
   <mesh>
    <source id="18_Hal_G_2-lib-positions" name="position">
     <float_array id="18_Hal_G_2-lib-positions-array" count="183">3.20312 187.34171 10.47025 0.00000 196.73129 6.98352 4.73438 196.05920 6.31183 0.00000 186.93559 11.09535 11.40625 187.85600 5.22020 8.96875 194.57410 3.26538 1.40625 185.49750 8.51763 0.00000 185.15430 10.75206 -1.40625 185.49750 8.51763 0.00000 180.95210 14.14371 -3.06250 179.74770 8.89410 0.00000 177.18671 14.83216 8.37500 185.32480 5.31460 3.06250 179.74770 8.89410 9.31250 180.94980 5.11260 7.75000 177.51199 3.72288 11.37500 185.05769 -0.32587 11.23438 186.72940 -0.84192 12.79688 182.66620 -3.82521 8.95312 176.08910 -0.15170 12.81250 177.68159 -5.23016 17.73438 188.47681 -10.95158 10.70313 180.79111 -4.46534 11.71875 185.32201 -5.56023 0.00000 164.70399 -8.98141 0.00000 162.93021 -11.49191 8.03125 163.05650 -6.49201 -8.03125 163.05650 -6.49201 -4.32812 165.23430 -5.67658 -5.28125 159.88440 2.72836 0.00000 162.16760 0.39873 0.00000 162.45799 1.45954 5.28125 159.88440 2.72836 0.00000 157.96629 6.33720 4.32812 165.23430 -5.67658 0.00000 178.48260 11.12876 0.00000 168.48019 1.03773 4.29688 172.99370 -6.93205 8.53125 173.93300 0.14572 3.76562 170.70010 5.67771 0.00000 168.65260 3.10015 14.46875 188.21271 -5.09223 -3.20312 187.34171 10.47025 -11.40625 187.85600 5.22020 -8.37500 185.32480 5.31460 -11.23438 186.72940 -0.84192 -11.37500 185.05769 -0.32587 -4.73438 196.05920 6.31183 -8.96875 194.57410 3.26538 -12.79688 182.66620 -3.82521 -8.95312 176.08910 -0.15170 -14.46875 188.21271 -5.09223 -17.73438 188.47681 -10.95158 -12.81250 177.68159 -5.23016 -10.70313 180.79111 -4.46534 -11.71875 185.32201 -5.56023 -4.29688 172.99370 -6.93205 -8.53125 173.93300 0.14572 -7.75000 177.51199 3.72288 -3.76562 170.70010 5.67771 -9.31250 180.94980 5.11260</float_array>
     <technique_common>
      <accessor count="61" source="#18_Hal_G_2-lib-positions-array" stride="3">
       <param name="X" type="float"/>
       <param name="Y" type="float"/>
       <param name="Z" type="float"/>
      </accessor>
     </technique_common>
    </source>
    <source id="18_Hal_G_2-lib-normals" name="normal">
     <float_array id="18_Hal_G_2-lib-normals-array" count="810">0.28205 0.36042 0.88913 0.00000 0.40012 0.91646 0.38963 0.38010 0.83887 0.28205 0.36042 0.88913 0.24662 0.29514 0.92308 0.00000 0.40012 0.91646 0.53081 0.14910 0.83427 0.38963 0.38010 0.83887 0.76428 0.41976 0.48957 0.53081 0.14910 0.83427 0.28205 0.36042 0.88913 0.38963 0.38010 0.83887 0.62768 -0.24344 0.73943 0.29517 -0.81520 0.49832 0.59675 -0.78133 0.18280 0.62768 -0.24344 0.73943 -0.00000 -0.81855 0.57444 0.29517 -0.81520 0.49832 0.81136 0.21483 0.54363 0.24662 0.29514 0.92308 0.62768 -0.24344 0.73943 -0.81136 0.21483 0.54363 -0.69147 0.16826 0.70254 -0.84895 -0.10001 0.51893 -0.85792 0.18763 0.47829 -0.69147 0.16826 0.70254 -0.81136 0.21483 0.54363 -0.85792 0.18763 0.47829 -0.68822 -0.06314 0.72275 -0.69147 0.16826 0.70254 -0.86909 0.08897 0.48659 -0.68822 -0.06314 0.72275 -0.85792 0.18763 0.47829 0.64168 -0.21708 0.73561 0.62768 -0.24344 0.73943 0.53081 0.14910 0.83427 0.64168 -0.21708 0.73561 0.68822 -0.06314 0.72275 0.62768 -0.24344 0.73943 0.81030 -0.23180 0.53822 0.68822 -0.06314 0.72275 0.64168 -0.21708 0.73561 0.81030 -0.23180 0.53822 0.81180 -0.36270 0.45762 0.68822 -0.06314 0.72275 0.89856 -0.04171 0.43687 0.81180 -0.36270 0.45762 0.81030 -0.23180 0.53822 0.64168 -0.21708 0.73561 0.89856 -0.04171 0.43687 0.81030 -0.23180 0.53822 0.64168 -0.21708 0.73561 0.93809 0.27029 0.21663 0.89856 -0.04171 0.43687 0.59675 -0.78133 0.18280 0.63834 -0.75985 0.12311 0.64168 -0.21708 0.73561 0.85792 0.18763 0.47829 0.68822 -0.06314 0.72275 0.86909 0.08897 0.48659 0.85792 0.18763 0.47829 0.62768 -0.24344 0.73943 0.68822 -0.06314 0.72275 0.81136 0.21483 0.54363 0.62768 -0.24344 0.73943 0.85792 0.18763 0.47829 0.85390 -0.16460 0.49372 0.89683 -0.18155 0.40339 0.89856 -0.04171 0.43687 0.85390 -0.16460 0.49372 0.82859 -0.14948 0.53954 0.89683 -0.18155 0.40339 0.86477 -0.14529 0.48069 0.82859 -0.14948 0.53954 0.85390 -0.16460 0.49372 -0.63231 -0.20780 -0.74633 -0.70446 0.26537 -0.65826 -0.77882 0.38425 -0.49576 -0.63231 -0.20780 -0.74633 -0.63813 -0.25412 -0.72679 -0.70446 0.26537 -0.65826 0.00000 0.81543 -0.57885 0.00000 0.81671 -0.57705 0.50983 0.85995 0.02352 0.00000 0.81543 -0.57885 -0.50983 0.85995 0.02352 0.00000 0.81671 -0.57705 -0.42558 0.90225 -0.06945 -0.50983 0.85995 0.02352 0.00000 0.81543 -0.57885 -0.42558 0.90225 -0.06945 -0.25546 0.80715 0.53221 -0.50983 0.85995 0.02352 -0.00000 0.97925 0.20266 -0.25546 0.80715 0.53221 -0.42558 0.90225 -0.06945 -0.00000 0.97925 0.20266 0.00000 0.98772 0.15625 -0.25546 0.80715 0.53221 0.25546 0.80715 0.53221 0.00000 0.98772 0.15625 -0.00000 0.97925 0.20266 0.25546 0.80715 0.53221 0.00000 0.73561 0.67740 0.00000 0.98772 0.15625 0.50983 0.85995 0.02352 0.42558 0.90225 -0.06945 0.00000 0.81543 -0.57885 0.50983 0.85995 0.02352 0.25546 0.80715 0.53221 0.42558 0.90225 -0.06945 0.00000 -0.94388 -0.33028 0.00000 -0.94388 -0.33028 0.14728 -0.93359 -0.32668 0.00000 -0.94388 -0.33028 -0.14728 -0.93359 -0.32668 0.00000 -0.94388 -0.33028 0.84727 0.03316 0.53013 0.84172 0.00556 0.53989 0.85581 0.08598 0.51010 0.84727 0.03316 0.53013 0.82645 -0.05670 0.56015 0.84172 0.00556 0.53989 0.81180 -0.36270 0.45762 0.79332 -0.57455 0.20135 0.62893 -0.77217 0.09055 0.81180 -0.36270 0.45762 0.89683 -0.18155 0.40339 0.79332 -0.57455 0.20135 0.89856 -0.04171 0.43687 0.89683 -0.18155 0.40339 0.81180 -0.36270 0.45762 0.79332 -0.57455 0.20135 0.53096 -0.84718 0.01907 0.62893 -0.77217 0.09055 0.79332 -0.57455 0.20135 0.53682 -0.84342 -0.02159 0.53096 -0.84718 0.01907 0.51342 -0.83539 -0.19629 0.53682 -0.84342 -0.02159 0.79332 -0.57455 0.20135 0.85390 -0.16460 0.49372 0.86799 -0.15378 0.47216 0.86477 -0.14529 0.48069 0.85390 -0.16460 0.49372 0.89856 -0.04171 0.43687 0.86799 -0.15378 0.47216 -0.27979 -0.81310 0.51048 -0.29517 -0.81520 0.49832 -0.00000 -0.81855 0.57444 -0.27979 -0.81310 0.51048 -0.57579 -0.73564 0.35678 -0.29517 -0.81520 0.49832 -0.64168 -0.21708 0.73561 -0.57579 -0.73564 0.35678 -0.69147 0.16826 0.70254 -0.64168 -0.21708 0.73561 -0.63834 -0.75985 0.12311 -0.57579 -0.73564 0.35678 -0.89856 -0.04171 0.43687 -0.93809 0.27029 0.21663 -0.64168 -0.21708 0.73561 -0.38963 0.38010 0.83887 -0.84240 0.37329 0.38860 -0.76428 0.41976 0.48957 -0.38963 0.38010 0.83887 -0.28205 0.36042 0.88913 -0.84240 0.37329 0.38860 0.00000 0.40012 0.91646 -0.28205 0.36042 0.88913 -0.38963 0.38010 0.83887 0.00000 0.40012 0.91646 0.24662 0.29514 0.92308 -0.28205 0.36042 0.88913 -0.85390 -0.16460 0.49372 -0.89856 -0.04171 0.43687 -0.89683 -0.18155 0.40339 -0.85390 -0.16460 0.49372 -0.86799 -0.15378 0.47216 -0.89856 -0.04171 0.43687 -0.86477 -0.14529 0.48069 -0.86799 -0.15378 0.47216 -0.85390 -0.16460 0.49372 -0.85390 -0.16460 0.49372 -0.82859 -0.14948 0.53954 -0.86477 -0.14529 0.48069 -0.85390 -0.16460 0.49372 -0.89683 -0.18155 0.40339 -0.82859 -0.14948 0.53954 0.63231 -0.20780 -0.74633 0.70446 0.26537 -0.65826 0.63813 -0.25412 -0.72679 0.63231 -0.20780 -0.74633 0.77882 0.38425 -0.49576 0.70446 0.26537 -0.65826 -0.84172 0.00556 0.53989 -0.84727 0.03316 0.53013 -0.85581 0.08598 0.51010 -0.84172 0.00556 0.53989 -0.82645 -0.05670 0.56015 -0.84727 0.03316 0.53013 -0.79332 -0.57455 0.20135 -0.81180 -0.36270 0.45762 -0.62893 -0.77217 0.09055 -0.79332 -0.57455 0.20135 -0.89683 -0.18155 0.40339 -0.81180 -0.36270 0.45762 -0.53096 -0.84718 0.01907 -0.79332 -0.57455 0.20135 -0.62893 -0.77217 0.09055 -0.53096 -0.84718 0.01907 -0.53682 -0.84342 -0.02159 -0.79332 -0.57455 0.20135 -0.89856 -0.04171 0.43687 -0.81180 -0.36270 0.45762 -0.89683 -0.18155 0.40339 -0.89856 -0.04171 0.43687 -0.81030 -0.23180 0.53822 -0.81180 -0.36270 0.45762 -0.64168 -0.21708 0.73561 -0.81030 -0.23180 0.53822 -0.89856 -0.04171 0.43687 -0.64168 -0.21708 0.73561 -0.68822 -0.06314 0.72275 -0.81030 -0.23180 0.53822 -0.69147 0.16826 0.70254 -0.68822 -0.06314 0.72275 -0.64168 -0.21708 0.73561 -0.77882 0.38425 -0.49576 -0.70446 0.26537 -0.65826 -0.68667 0.69020 -0.22826 -0.63813 -0.25412 -0.72679 -0.63231 -0.20780 -0.74633 -0.70297 -0.32073 -0.63480 -0.77882 0.38425 -0.49576 -0.68667 0.69020 -0.22826 -0.72344 0.69027 -0.01265 -0.00000 0.97925 0.20266 0.42558 0.90225 -0.06945 0.25546 0.80715 0.53221 0.68822 -0.06314 0.72275 0.81180 -0.36270 0.45762 0.63989 -0.29737 0.70860 0.76428 0.41976 0.48957 0.93809 0.27029 0.21663 0.94432 0.31765 -0.08581 -0.81030 -0.23180 0.53822 -0.68822 -0.06314 0.72275 -0.81180 -0.36270 0.45762 0.70446 0.26537 -0.65826 0.77882 0.38425 -0.49576 0.68667 0.69020 -0.22826 0.63231 -0.20780 -0.74633 0.63813 -0.25412 -0.72679 0.70297 -0.32073 -0.63480 0.68667 0.69020 -0.22826 0.77882 0.38425 -0.49576 0.72344 0.69027 -0.01265 -0.81180 -0.36270 0.45762 -0.68822 -0.06314 0.72275 -0.63989 -0.29737 0.70860 -0.25546 0.80715 0.53221 0.00000 0.98772 0.15625 0.00000 0.73561 0.67740 -0.51342 -0.83539 -0.19629 -0.79332 -0.57455 0.20135 -0.53682 -0.84342 -0.02159 -0.93809 0.27029 0.21663 -0.76428 0.41976 0.48957 -0.84240 0.37329 0.38860</float_array>
     <technique_common>
      <accessor count="270" source="#18_Hal_G_2-lib-normals-array" stride="3">
       <param name="X" type="float"/>
       <param name="Y" type="float"/>
       <param name="Z" type="float"/>
      </accessor>
     </technique_common>
    </source>
    <source id="18_Hal_G_2-lib-texcoords">
     <float_array id="18_Hal_G_2-lib-texcoords-array" count="540">0.89258 -0.39062 0.99023 -0.02734 0.89453 -0.03125 0.89258 -0.39062 0.99023 -0.37695 0.99023 -0.02734 0.58594 -0.34180 0.89453 -0.03125 0.62500 -0.06055 0.58594 -0.34180 0.89258 -0.39062 0.89453 -0.03125 0.90625 -0.46289 0.89258 -0.39062 0.58594 -0.34180 0.90625 -0.46289 0.99023 -0.37695 0.89258 -0.39062 0.99023 -0.44531 0.99023 -0.37695 0.90625 -0.46289 0.99023 -0.44531 0.90625 -0.46289 0.99023 -0.37695 0.99023 -0.57617 0.90625 -0.46289 0.99023 -0.44531 0.99023 -0.57617 0.83984 -0.64648 0.90625 -0.46289 0.99023 -0.68555 0.83984 -0.64648 0.99023 -0.57617 0.72461 -0.49805 0.90625 -0.46289 0.58594 -0.34180 0.72461 -0.49805 0.83984 -0.64648 0.90625 -0.46289 0.71484 -0.62500 0.83984 -0.64648 0.72461 -0.49805 0.71484 -0.62500 0.78711 -0.70703 0.83984 -0.64648 0.52148 -0.49023 0.78711 -0.70703 0.71484 -0.62500 0.72461 -0.49805 0.52148 -0.49023 0.71484 -0.62500 0.72461 -0.49805 0.50781 -0.37500 0.52148 -0.49023 0.58594 -0.34180 0.50781 -0.37500 0.72461 -0.49805 0.99023 -0.57617 0.83984 -0.64648 0.99023 -0.68555 0.99023 -0.57617 0.90625 -0.46289 0.83984 -0.64648 0.99023 -0.44531 0.90625 -0.46289 0.99023 -0.57617 0.13867 -0.24609 0.04688 -0.45508 0.02539 -0.23828 0.13867 -0.24609 0.17578 -0.41016 0.04688 -0.45508 0.32422 -0.03516 0.17578 -0.41016 0.13867 -0.24609 0.44531 -0.34375 0.42969 -0.30469 0.42188 -0.33203 0.44531 -0.34375 0.46094 -0.33594 0.42969 -0.30469 0.46094 -0.26562 0.45898 -0.23242 0.41211 -0.23438 0.46094 -0.26562 0.41211 -0.23438 0.45898 -0.23242 0.42383 -0.26758 0.41211 -0.23438 0.46094 -0.26562 0.42383 -0.26758 0.35352 -0.22266 0.41211 -0.23438 0.33008 -0.25000 0.35352 -0.22266 0.42383 -0.26758 0.33008 -0.25000 0.33008 -0.25000 0.35352 -0.22266 0.35352 -0.22266 0.33008 -0.25000 0.33008 -0.25000 0.35352 -0.22266 0.30273 -0.20898 0.33008 -0.25000 0.41211 -0.23438 0.42383 -0.26758 0.46094 -0.26562 0.41211 -0.23438 0.35352 -0.22266 0.42383 -0.26758 0.05273 -0.08984 -0.00586 -0.09375 0.12109 -0.03516 0.05273 -0.08984 0.12109 -0.03516 -0.00586 -0.09375 0.42773 -0.27344 0.33008 -0.31836 0.43359 -0.35156 0.42773 -0.27344 0.33008 -0.25000 0.33008 -0.31836 0.78711 -0.70703 0.63281 -0.82227 0.78906 -0.95312 0.78711 -0.70703 0.58203 -0.72852 0.63281 -0.82227 0.52148 -0.49023 0.58203 -0.72852 0.78711 -0.70703 0.36719 -0.41406 0.30859 -0.33594 0.26562 -0.38672 0.36719 -0.41406 0.33008 -0.31836 0.30859 -0.33594 0.44336 -0.32422 0.33008 -0.31836 0.36719 -0.41406 0.13867 -0.24609 0.19336 -0.07617 0.32422 -0.03516 0.13867 -0.24609 0.02539 -0.23828 0.19336 -0.07617 0.90625 -0.46289 0.89258 -0.39062 0.99023 -0.37695 0.90625 -0.46289 0.58594 -0.34180 0.89258 -0.39062 0.72461 -0.49805 0.58594 -0.34180 0.90625 -0.46289 0.72461 -0.49805 0.50781 -0.37500 0.58594 -0.34180 0.52148 -0.49023 0.50781 -0.37500 0.72461 -0.49805 0.89453 -0.03125 0.58594 -0.34180 0.62500 -0.06055 0.89453 -0.03125 0.89258 -0.39062 0.58594 -0.34180 0.99023 -0.02734 0.89258 -0.39062 0.89453 -0.03125 0.99023 -0.02734 0.99023 -0.37695 0.89258 -0.39062 0.13867 -0.24609 0.02539 -0.23828 0.04688 -0.45508 0.13867 -0.24609 0.19336 -0.07617 0.02539 -0.23828 0.32422 -0.03516 0.19336 -0.07617 0.13867 -0.24609 0.13867 -0.24609 0.17578 -0.41016 0.32422 -0.03516 0.13867 -0.24609 0.04688 -0.45508 0.17578 -0.41016 0.44531 -0.34375 0.42969 -0.30469 0.46094 -0.33594 0.44531 -0.34375 0.42188 -0.33203 0.42969 -0.30469 0.33008 -0.31836 0.42773 -0.27344 0.43359 -0.35156 0.33008 -0.31836 0.33008 -0.25000 0.42773 -0.27344 0.63281 -0.82227 0.78711 -0.70703 0.78906 -0.95312 0.63281 -0.82227 0.58203 -0.72852 0.78711 -0.70703 0.30859 -0.33594 0.36719 -0.41406 0.26562 -0.38672 0.30859 -0.33594 0.33008 -0.31836 0.36719 -0.41406 0.52148 -0.49023 0.78711 -0.70703 0.58203 -0.72852 0.52148 -0.49023 0.71484 -0.62500 0.78711 -0.70703 0.72461 -0.49805 0.71484 -0.62500 0.52148 -0.49023 0.72461 -0.49805 0.83984 -0.64648 0.71484 -0.62500 0.90625 -0.46289 0.83984 -0.64648 0.72461 -0.49805 0.42188 -0.33203 0.41797 -0.28711 0.40820 -0.32617 0.46680 -0.34961 0.44531 -0.34375 0.45508 -0.38477 0.42188 -0.33203 0.40625 -0.32617 0.41211 -0.38281 0.33008 -0.25000 0.42383 -0.26758 0.35352 -0.22266 0.83984 -0.64648 0.78711 -0.70703 0.99023 -0.68555 0.62695 -0.06055 0.50977 -0.37500 0.58594 -0.33984 0.71484 -0.62500 0.83984 -0.64648 0.78711 -0.70703 0.41797 -0.28711 0.42188 -0.33203 0.40820 -0.32617 0.44531 -0.34375 0.46680 -0.34961 0.45508 -0.38477 0.40625 -0.32617 0.42188 -0.33203 0.41211 -0.38281 0.78711 -0.70703 0.83984 -0.64648 0.99023 -0.68555 0.35352 -0.22266 0.33008 -0.25000 0.30273 -0.20898 0.44336 -0.32422 0.36719 -0.41406 0.33008 -0.31836 0.50977 -0.37500 0.62695 -0.06055 0.58594 -0.33984</float_array>
     <technique_common>
      <accessor count="270" offset="0" source="#18_Hal_G_2-lib-texcoords-array" stride="2">
       <param name="U" type="float"/>
       <param name="V" type="float"/>
      </accessor>
     </technique_common>
    </source>
    <vertices id="18_Hal_G_2-lib-vertices">
     <input semantic="POSITION" source="#18_Hal_G_2-lib-positions"/>
    </vertices>
    <polylist count="90" material="mat4.png">
     <input offset="0" semantic="VERTEX" source="#18_Hal_G_2-lib-vertices"/>
     <input offset="1" semantic="NORMAL" source="#18_Hal_G_2-lib-normals"/>
     <input offset="2" semantic="TEXCOORD" source="#18_Hal_G_2-lib-texcoords"/>
     <vcount>3 3 3 3 3 3 3 3 3 3 3 3 3 3 3 3 3 3 3 3 3 3 3 3 3 3 3 3 3 3 3 3 3 3 3 3 3 3 3 3 3 3 3 3 3 3 3 3 3 3 3 3 3 3 3 3 3 3 3 3 3 3 3 3 3 3 3 3 3 3 3 3 3 3 3 3 3 3 3 3 3 3 3 3 3 3 3 3 3 3</vcount>
     <p>2 2 2 1 1 1 0 0 0 1 5 5 3 4 4 0 3 3 5 8 8 2 7 7 4 6 6 2 11 11 0 10 10 4 9 9 4 14 14 0 13 13 6 12 12 0 17 17 3 16 16 6 15 15 6 20 20 3 19 19 7 18 18 3 23 23 8 22 22 7 21 21 7 26 26 8 25 25 9 24 24 8 29 29 10 28 28 9 27 27 9 32 32 10 31 31 11 30 30 4 35 35 6 34 34 12 33 33 6 38 38 13 37 37 12 36 36 12 41 41 13 40 40 14 39 39 13 44 44 15 43 43 14 42 42 14 47 47 15 46 46 16 45 45 14 50 50 16 49 49 12 48 48 16 53 53 17 52 52 12 51 51 12 56 56 17 55 55 4 54 54 11 59 59 13 58 58 9 57 57 13 62 62 6 61 61 9 60 60 9 65 65 6 64 64 7 63 63 16 68 68 19 67 67 18 66 66 19 71 71 20 70 70 18 69 69 18 74 74 20 73 73 21 72 72 23 77 77 21 76 76 22 75 75 21 80 80 20 79 79 22 78 78 26 83 83 25 82 82 24 81 81 25 86 86 27 85 85 24 84 84 24 89 89 27 88 88 28 87 87 27 92 92 29 91 91 28 90 90 28 95 95 29 94 94 30 93 93 29 98 98 31 97 97 30 96 96 30 101 101 31 100 100 32 99 99 31 104 104 33 103 103 32 102 102 24 107 107 34 106 106 26 105 105 34 110 110 32 109 109 26 108 108 13 113 113 11 112 112 35 111 111 11 116 116 10 115 115 35 114 114 37 119 119 36 118 118 34 117 117 36 122 122 30 121 121 34 120 120 39 125 125 38 124 124 15 123 123 38 128 128 19 127 127 15 126 126 15 131 131 19 130 130 16 129 129 39 134 134 40 133 133 38 132 132 40 137 137 36 136 136 38 135 135 38 140 140 36 139 139 37 138 138 21 143 143 41 142 142 18 141 141 41 146 146 16 145 145 18 144 144 3 149 149 42 148 148 8 147 147 42 152 152 43 151 151 8 150 150 8 155 155 43 154 154 44 153 153 43 158 158 45 157 157 44 156 156 44 161 161 45 160 160 46 159 159 48 164 164 43 163 163 47 162 162 43 167 167 42 166 166 47 165 165 47 170 170 42 169 169 1 168 168 42 173 173 3 172 172 1 171 171 50 176 176 46 175 175 49 174 174 46 179 179 51 178 178 49 177 177 49 182 182 51 181 181 52 180 180 52 185 185 53 184 184 49 183 183 53 188 188 50 187 187 49 186 186 53 191 191 52 190 190 54 189 189 52 194 194 55 193 193 54 192 192 56 197 197 28 196 196 36 195 195 28 200 200 30 199 199 36 198 198 59 203 203 58 202 202 57 201 201 58 206 206 50 205 205 57 204 204 59 209 209 57 208 208 40 207 207 57 212 212 36 211 211 40 210 210 50 215 215 58 214 214 46 213 213 58 218 218 60 217 217 46 216 216 46 221 221 60 220 220 44 219 219 60 224 224 10 223 223 44 222 222 44 227 227 10 226 226 8 225 225 41 230 230 21 229 229 23 228 228 19 233 233 22 232 232 20 231 231 16 236 236 41 235 235 23 234 234 32 239 239 34 238 238 30 237 237 35 242 242 15 241 241 13 240 240 4 245 245 17 244 244 5 243 243 58 248 248 10 247 247 60 246 246 51 251 251 55 250 250 52 249 249 50 254 254 53 253 253 54 252 252 46 257 257 55 256 256 51 255 255 35 260 260 10 259 259 58 258 258 33 263 263 31 262 262 29 261 261 36 266 266 57 265 265 56 264 264 43 269 269 48 268 268 45 267 267</p>
    </polylist>
   </mesh>
  </geometry>
  <geometry id="18_Hal_G_3-lib" name="18_Hal_G_3">
   <mesh>
    <source id="18_Hal_G_3-lib-positions" name="position">
     <float_array id="18_Hal_G_3-lib-positions-array" count="285">5.64062 201.05710 -1.65808 8.96875 194.57410 3.26538 4.73438 196.05920 6.31183 11.17188 197.21240 -5.70390 6.17188 201.78900 -11.20499 10.59375 196.85010 -17.00051 15.42188 193.63091 -19.18715 16.56250 195.87920 -25.65638 13.87500 188.86850 -6.82675 11.23438 186.72940 -0.84192 11.71875 185.32201 -5.56023 11.37500 185.05769 -0.32587 18.17188 191.09950 -19.60838 24.40625 193.62869 -27.62453 19.39063 187.25580 -19.73239 10.70313 180.79111 -4.46534 22.60938 191.75439 -25.09283 28.25000 190.47189 -30.09243 21.43750 188.12939 -25.40440 25.51563 187.95700 -27.23245 4.29688 172.99370 -6.93205 15.28125 179.33490 -16.55853 8.95312 176.08910 -0.15170 8.53125 173.93300 0.14572 9.62500 189.83360 -20.85803 0.00000 187.27000 -25.43543 0.00000 197.98990 -20.25076 -10.59375 196.85010 -17.00051 -6.17188 201.78900 -11.20499 -11.17188 197.21240 -5.70390 -5.64062 201.05710 -1.65808 2.40625 185.16020 -27.02861 6.17188 184.05130 -25.49710 4.98438 186.06599 -29.02882 0.00000 175.75630 -18.65133 0.00000 186.33110 -30.74761 -2.40625 185.16020 -27.02861 0.00000 202.80470 -11.04901 0.00000 202.24471 -1.15839 6.40625 186.48911 -24.23212 10.53125 185.42590 -26.99743 10.28125 184.34880 -23.04409 0.00000 196.73129 6.98352 0.00000 164.70399 -8.98141 4.32812 165.23430 -5.67658 0.00000 171.49290 -10.10350 2.03125 178.26370 10.34758 5.82812 176.20050 7.59815 2.17188 177.06059 10.37914 6.42188 177.48170 7.47283 0.00000 165.31039 8.97592 3.76562 170.70010 5.67771 0.00000 168.65260 3.10015 0.59375 163.82690 12.27313 0.00000 167.18590 10.85041 0.00000 172.49800 9.98969 -3.76562 170.70010 5.67771 17.59375 184.34950 -20.20039 22.10938 184.59860 -23.84102 -8.96875 194.57410 3.26538 -4.73438 196.05920 6.31183 -15.42188 193.63091 -19.18715 -16.56250 195.87920 -25.65638 -18.17188 191.09950 -19.60838 -24.40625 193.62869 -27.62453 -13.87500 188.86850 -6.82675 -11.23438 186.72940 -0.84192 -21.43750 188.12939 -25.40440 -19.39063 187.25580 -19.73239 -25.51563 187.95700 -27.23245 -28.25000 190.47189 -30.09243 -15.28125 179.33490 -16.55853 -4.29688 172.99370 -6.93205 -6.17188 184.05130 -25.49710 -4.98438 186.06599 -29.02882 -10.28125 184.34880 -23.04409 -22.10938 184.59860 -23.84102 -17.59375 184.34950 -20.20039 -6.40625 186.48911 -24.23212 -9.62500 189.83360 -20.85803 -10.53125 185.42590 -26.99743 -22.60938 191.75439 -25.09283 -11.71875 185.32201 -5.56023 -11.37500 185.05769 -0.32587 -4.32812 165.23430 -5.67658 -5.82812 176.20050 7.59815 -2.03125 178.26370 10.34758 -2.17188 177.06059 10.37914 -6.42188 177.48170 7.47283 -9.12500 173.59061 5.31761 -0.59375 163.82690 12.27313 -10.70313 180.79111 -4.46534 -8.95312 176.08910 -0.15170 -8.53125 173.93300 0.14572 9.12500 173.59061 5.31761</float_array>
     <technique_common>
      <accessor count="95" source="#18_Hal_G_3-lib-positions-array" stride="3">
       <param name="X" type="float"/>
       <param name="Y" type="float"/>
       <param name="Z" type="float"/>
      </accessor>
     </technique_common>
    </source>
    <source id="18_Hal_G_3-lib-normals" name="normal">
     <float_array id="18_Hal_G_3-lib-normals-array" count="1302">0.43248 0.84808 0.30615 0.78391 0.48105 0.39252 0.35541 0.77316 0.52526 0.43248 0.84808 0.30615 0.81662 0.53967 0.20465 0.78391 0.48105 0.39252 0.81662 0.53967 0.20465 0.39433 0.90292 -0.17100 0.53472 0.83610 -0.12256 0.81662 0.53967 0.20465 0.43248 0.84808 0.30615 0.39433 0.90292 -0.17100 0.67476 0.65972 0.33087 0.53472 0.83610 -0.12256 0.62439 0.69712 0.35236 0.67476 0.65972 0.33087 0.81662 0.53967 0.20465 0.53472 0.83610 -0.12256 0.92682 -0.01174 0.37533 0.81662 0.53967 0.20465 0.67476 0.65972 0.33087 0.92682 -0.01174 0.37533 0.97106 0.04484 0.23460 0.81662 0.53967 0.20465 0.89993 -0.25424 0.35423 0.97106 0.04484 0.23460 0.92682 -0.01174 0.37533 0.89993 -0.25424 0.35423 0.99195 0.10519 0.07045 0.97106 0.04484 0.23460 0.73909 0.43760 0.51210 0.67476 0.65972 0.33087 0.58124 0.52846 0.61878 0.73909 0.43760 0.51210 0.92682 -0.01174 0.37533 0.67476 0.65972 0.33087 0.85121 -0.16000 0.49984 0.92682 -0.01174 0.37533 0.73909 0.43760 0.51210 0.85121 -0.16000 0.49984 0.89993 -0.25424 0.35423 0.92682 -0.01174 0.37533 0.84334 -0.48959 0.22153 0.89993 -0.25424 0.35423 0.85121 -0.16000 0.49984 0.68399 0.30191 0.66408 0.85121 -0.16000 0.49984 0.73909 0.43760 0.51210 0.68399 0.30191 0.66408 0.66796 0.32171 0.67107 0.85121 -0.16000 0.49984 0.12908 0.97201 0.19629 0.12908 0.97201 0.19629 0.12908 0.97201 0.19629 0.30149 -0.95272 -0.03794 0.30149 -0.95272 -0.03794 0.01434 -0.90427 -0.42672 0.68421 -0.66460 -0.30027 0.84334 -0.48959 0.22153 0.28939 -0.84673 -0.44644 0.68421 -0.66460 -0.30027 0.82754 -0.41382 -0.37938 0.84334 -0.48959 0.22153 0.84804 -0.23168 -0.47661 0.82754 -0.41382 -0.37938 0.68421 -0.66460 -0.30027 -0.73159 0.40323 -0.54971 -0.27575 0.58235 -0.76474 -0.73159 0.40323 -0.54971 0.30079 0.42088 -0.85580 0.11189 0.66368 -0.73960 0.29201 0.42950 -0.85455 -0.00000 0.66436 -0.74741 0.11189 0.66368 -0.73960 0.30079 0.42088 -0.85580 -0.00000 0.66436 -0.74741 -0.51571 0.79351 -0.32309 0.11189 0.66368 -0.73960 -0.39433 0.90292 -0.17100 -0.51571 0.79351 -0.32309 -0.00000 0.66436 -0.74741 -0.39433 0.90292 -0.17100 -0.81662 0.53967 0.20465 -0.51571 0.79351 -0.32309 -0.43248 0.84808 0.30615 -0.81662 0.53967 0.20465 -0.39433 0.90292 -0.17100 -0.40434 0.80681 -0.43077 -0.27575 0.58235 -0.76474 -0.40434 0.80681 -0.43077 0.57445 -0.79928 -0.17650 0.40645 -0.89578 -0.17995 0.28414 -0.73840 -0.61158 0.19923 -0.80616 -0.55715 -0.06339 -0.87588 -0.47834 0.28414 -0.73840 -0.61158 -0.00000 -0.81792 -0.57534 0.19923 -0.80616 -0.55715 0.54551 -0.63098 -0.55161 -0.00000 -0.81792 -0.57534 0.28414 -0.73840 -0.61158 -0.54551 -0.63098 -0.55161 -0.28414 -0.73840 -0.61158 -0.00000 -0.81792 -0.57534 0.00000 0.98131 -0.19244 0.43248 0.84808 0.30615 -0.00000 0.94653 0.32260 0.00000 0.98131 -0.19244 0.39433 0.90292 -0.17100 0.43248 0.84808 0.30615 -0.00000 0.66436 -0.74741 0.39433 0.90292 -0.17100 0.00000 0.98131 -0.19244 -0.00000 0.66436 -0.74741 0.53472 0.83610 -0.12256 0.39433 0.90292 -0.17100 0.13527 0.98826 -0.07098 0.40297 0.87624 0.26422 0.30028 0.92992 0.21231 0.12338 0.52466 -0.84232 -0.41421 0.45027 -0.79100 -0.41421 0.45027 -0.79100 0.95576 0.05777 -0.28841 0.95576 0.05777 -0.28841 0.95576 0.05777 -0.28841 0.19923 -0.80616 -0.55715 0.21135 -0.81194 -0.54414 0.21420 -0.94579 -0.24414 0.19923 -0.80616 -0.55715 -0.00000 -0.81792 -0.57534 0.21135 -0.81194 -0.54414 -0.49605 0.23227 -0.83665 -0.42348 0.23416 -0.87512 -0.60652 0.26063 -0.75114 -0.49605 0.23227 -0.83665 -0.27575 0.58235 -0.76474 -0.42348 0.23416 -0.87512 -0.14646 0.98922 -0.00038 -0.27575 0.58235 -0.76474 -0.14646 0.98922 -0.00038 0.16918 -0.97002 -0.17447 0.16918 -0.97002 -0.17447 0.40645 -0.89578 -0.17995 0.00000 0.83385 0.55199 0.43248 0.84808 0.30615 0.35541 0.77316 0.52526 0.00000 0.83385 0.55199 -0.00000 0.94653 0.32260 0.43248 0.84808 0.30615 -0.43248 0.84808 0.30615 -0.00000 0.94653 0.32260 0.00000 0.83385 0.55199 -0.43248 0.84808 0.30615 0.00000 0.98131 -0.19244 -0.00000 0.94653 0.32260 -0.39433 0.90292 -0.17100 0.00000 0.98131 -0.19244 -0.43248 0.84808 0.30615 -0.39433 0.90292 -0.17100 -0.00000 0.66436 -0.74741 0.00000 0.98131 -0.19244 0.68421 -0.66460 -0.30027 0.61400 -0.12562 -0.77925 0.61175 -0.12395 -0.78128 0.68421 -0.66460 -0.30027 0.33557 -0.62945 -0.70085 0.61400 -0.12562 -0.77925 0.28939 -0.84673 -0.44644 -0.00000 -0.99017 -0.13985 0.68421 -0.66460 -0.30027 0.28939 -0.84673 -0.44644 -0.00000 -0.81792 -0.57534 0.33557 -0.62945 -0.70085 0.21135 -0.81194 -0.54414 -0.00000 -0.81792 -0.57534 0.28939 -0.84673 -0.44644 0.60098 0.04235 0.79814 0.51104 -0.13401 0.84905 0.61650 0.09257 0.78190 0.60098 0.04235 0.79814 0.50452 -0.15065 0.85016 0.51104 -0.13401 0.84905 0.78221 -0.55937 -0.27433 0.62526 -0.67575 -0.39040 0.62992 -0.67509 -0.38400 0.78221 -0.55937 -0.27433 0.60730 -0.67786 -0.41435 0.62526 -0.67575 -0.39040 -0.79391 0.21008 0.57059 -0.98493 -0.12228 0.12235 -0.78221 -0.55937 -0.27433 0.79391 0.21008 0.57059 0.73135 0.18327 0.65692 0.58909 0.40122 0.70143 0.79391 0.21008 0.57059 0.76997 0.10206 0.62986 0.73135 0.18327 0.65692 -0.73135 0.18327 0.65692 -0.76997 0.10206 0.62986 -0.79391 0.21008 0.57059 0.68932 -0.50917 0.51534 0.80362 -0.18756 0.56482 0.85121 -0.16000 0.49984 -0.34204 -0.62196 -0.70439 0.01434 -0.90427 -0.42672 0.12007 -0.84331 -0.52385 0.80362 -0.18756 0.56482 0.84334 -0.48959 0.22153 0.85121 -0.16000 0.49984 0.80362 -0.18756 0.56482 0.89301 -0.09186 0.44056 0.84334 -0.48959 0.22153 0.59423 0.27491 0.75586 0.89301 -0.09186 0.44056 0.80362 -0.18756 0.56482 -0.02354 -0.79963 -0.60003 0.21135 -0.81194 -0.54414 0.28939 -0.84673 -0.44644 -0.27575 0.58235 -0.76474 0.03253 0.37340 -0.92710 -0.42348 0.23416 -0.87512 -0.27575 0.58235 -0.76474 0.12338 0.52466 -0.84232 0.03253 0.37340 -0.92710 0.11189 0.66368 -0.73960 0.12338 0.52466 -0.84232 -0.27575 0.58235 -0.76474 0.11189 0.66368 -0.73960 0.21389 0.91737 -0.33569 0.13527 0.98826 -0.07098 0.59907 0.78848 -0.13936 0.21389 0.91737 -0.33569 0.11189 0.66368 -0.73960 -0.78391 0.48105 0.39252 -0.43248 0.84808 0.30615 -0.35541 0.77316 0.52526 -0.78391 0.48105 0.39252 -0.81662 0.53967 0.20465 -0.43248 0.84808 0.30615 -0.51571 0.79351 -0.32309 -0.67476 0.65972 0.33087 -0.62439 0.69712 0.35236 -0.51571 0.79351 -0.32309 -0.81662 0.53967 0.20465 -0.67476 0.65972 0.33087 -0.67476 0.65972 0.33087 -0.73909 0.43760 0.51210 -0.58124 0.52846 0.61878 -0.67476 0.65972 0.33087 -0.92682 -0.01174 0.37533 -0.73909 0.43760 0.51210 -0.81662 0.53967 0.20465 -0.92682 -0.01174 0.37533 -0.67476 0.65972 0.33087 -0.81662 0.53967 0.20465 -0.97106 0.04484 0.23460 -0.92682 -0.01174 0.37533 -0.12908 0.97201 0.19629 -0.48537 0.70147 0.52187 -0.12908 0.97201 0.19629 -0.01434 -0.90427 -0.42672 -0.30149 -0.95272 -0.03794 -0.74175 -0.54854 0.38589 -0.00000 -0.99017 -0.13985 -0.16748 -0.79720 -0.58002 -0.61539 -0.78532 -0.06760 0.33557 -0.62945 -0.70085 -0.00000 -0.81792 -0.57534 -0.16748 -0.79720 -0.58002 -0.19923 -0.80616 -0.55715 -0.28414 -0.73840 -0.61158 0.06339 -0.87588 -0.47834 -0.19923 -0.80616 -0.55715 -0.00000 -0.81792 -0.57534 -0.28414 -0.73840 -0.61158 -0.21135 -0.81194 -0.54414 -0.00000 -0.81792 -0.57534 -0.19923 -0.80616 -0.55715 -0.21135 -0.81194 -0.54414 -0.16748 -0.79720 -0.58002 -0.00000 -0.81792 -0.57534 0.02354 -0.79963 -0.60003 -0.16748 -0.79720 -0.58002 -0.21135 -0.81194 -0.54414 -0.59423 0.27491 0.75586 -0.80362 -0.18756 0.56482 -0.89301 -0.09186 0.44056 -0.95576 0.05777 -0.28841 -0.74179 0.25186 -0.62154 -0.95576 0.05777 -0.28841 0.32297 0.94633 0.01226 -0.21389 0.91737 -0.33569 -0.19771 0.84173 -0.50239 -0.40645 -0.89578 -0.17995 -0.57445 -0.79928 -0.17650 0.50643 0.47155 -0.72192 0.73159 0.40323 -0.54971 0.11189 0.66368 -0.73960 -0.51571 0.79351 -0.32309 -0.32132 0.44186 -0.83756 -0.40297 0.87624 0.26422 -0.19771 0.84173 -0.50239 -0.30028 0.92992 0.21231 0.41421 0.45027 -0.79100 0.41421 0.45027 -0.79100 0.41421 0.45027 -0.79100 -0.59907 0.78848 -0.13936 -0.21389 0.91737 -0.33569 -0.59907 0.78848 -0.13936 0.11189 0.66368 -0.73960 -0.19771 0.84173 -0.50239 -0.21389 0.91737 -0.33569 -0.32132 0.44186 -0.83756 -0.19771 0.84173 -0.50239 0.11189 0.66368 -0.73960 -0.32132 0.44186 -0.83756 -0.03253 0.37340 -0.92710 -0.74179 0.25186 -0.62154 0.42348 0.23416 -0.87512 -0.03253 0.37340 -0.92710 0.50643 0.47155 -0.72192 0.42348 0.23416 -0.87512 0.49605 0.23227 -0.83665 0.60652 0.26063 -0.75114 0.42348 0.23416 -0.87512 0.50643 0.47155 -0.72192 0.49605 0.23227 -0.83665 -0.89993 -0.25424 0.35423 -0.97106 0.04484 0.23460 -0.99195 0.10519 0.07045 -0.89993 -0.25424 0.35423 -0.92682 -0.01174 0.37533 -0.97106 0.04484 0.23460 -0.74175 -0.54854 0.38589 -0.92682 -0.01174 0.37533 -0.89993 -0.25424 0.35423 -0.83729 0.24979 0.48636 -0.73909 0.43760 0.51210 -0.92682 -0.01174 0.37533 -0.68399 0.30191 0.66408 -0.73909 0.43760 0.51210 -0.83729 0.24979 0.48636 -0.61400 -0.12562 -0.77925 -0.61503 -0.12638 -0.77831 -0.61175 -0.12395 -0.78128 -0.61400 -0.12562 -0.77925 -0.61755 -0.12826 -0.77600 -0.61503 -0.12638 -0.77831 -0.51104 -0.13401 0.84905 -0.60098 0.04235 0.79814 -0.61650 0.09257 0.78190 -0.51104 -0.13401 0.84905 -0.50452 -0.15065 0.85016 -0.60098 0.04235 0.79814 -0.48554 -0.14061 0.86283 -0.50452 -0.15065 0.85016 -0.51104 -0.13401 0.84905 -0.62526 -0.67575 -0.39040 -0.78221 -0.55937 -0.27433 -0.62992 -0.67509 -0.38400 -0.62526 -0.67575 -0.39040 -0.60730 -0.67786 -0.41435 -0.78221 -0.55937 -0.27433 -0.80362 -0.18756 0.56482 -0.68932 -0.50917 0.51534 -0.74175 -0.54854 0.38589 -0.12007 -0.84331 -0.52385 -0.01434 -0.90427 -0.42672 0.34204 -0.62196 -0.70439 -0.21135 -0.81194 -0.54414 -0.01434 -0.90427 -0.42672 -0.12007 -0.84331 -0.52385 -0.74175 -0.54854 0.38589 -0.84334 -0.48959 0.22153 -0.80362 -0.18756 0.56482 -0.74175 -0.54854 0.38589 -0.89993 -0.25424 0.35423 -0.84334 -0.48959 0.22153 -0.61539 -0.78532 -0.06760 -0.82754 -0.41382 -0.37938 -0.84804 -0.23168 -0.47661 -0.61539 -0.78532 -0.06760 -0.84334 -0.48959 0.22153 -0.82754 -0.41382 -0.37938 -0.67357 -0.65917 0.33437 -0.84334 -0.48959 0.22153 -0.61539 -0.78532 -0.06760 -0.89301 -0.09186 0.44056 -0.80362 -0.18756 0.56482 -0.84334 -0.48959 0.22153 0.14646 0.98922 -0.00038 0.14646 0.98922 -0.00038 0.14646 0.98922 -0.00038 -0.40645 -0.89578 -0.17995 -0.16918 -0.97002 -0.17447 -0.16918 -0.97002 -0.17447 0.40434 0.80681 -0.43077 0.50643 0.47155 -0.72192 0.30028 0.92992 0.21231 -0.01799 0.99878 0.04602 -0.01799 0.99878 0.04602 0.13527 0.98826 -0.07098 0.21389 0.91737 -0.33569 -0.32297 0.94633 0.01226 0.48554 -0.14061 0.86283 0.51104 -0.13401 0.84905 0.50452 -0.15065 0.85016 0.01434 -0.90427 -0.42672 0.21135 -0.81194 -0.54414 0.12007 -0.84331 -0.52385 0.81662 0.53967 0.20465 0.97106 0.04484 0.23460 0.78391 0.48105 0.39252 0.01799 0.99878 0.04602 -0.30028 0.92992 0.21231 0.01799 0.99878 0.04602 -0.21420 -0.94579 -0.24414 -0.21135 -0.81194 -0.54414 -0.19923 -0.80616 -0.55715 0.00000 0.83385 0.55199 -0.35541 0.77316 0.52526 -0.43248 0.84808 0.30615 -0.73135 0.18327 0.65692 -0.79391 0.21008 0.57059 -0.58909 0.40122 0.70143 0.79391 0.21008 0.57059 0.78221 -0.55937 -0.27433 0.98493 -0.12228 0.12235 -0.66796 0.32171 0.67107 -0.68399 0.30191 0.66408 -0.48537 0.70147 0.52187 -0.97106 0.04484 0.23460 -0.81662 0.53967 0.20465 -0.78391 0.48105 0.39252</float_array>
     <technique_common>
      <accessor count="434" source="#18_Hal_G_3-lib-normals-array" stride="3">
       <param name="X" type="float"/>
       <param name="Y" type="float"/>
       <param name="Z" type="float"/>
      </accessor>
     </technique_common>
    </source>
    <source id="18_Hal_G_3-lib-texcoords">
     <float_array id="18_Hal_G_3-lib-texcoords-array" count="876">0.83984 -0.81445 0.78516 -0.92383 0.83398 -0.97656 0.83984 -0.81445 0.74805 -0.71680 0.78516 -0.92383 0.70703 -0.67969 0.78125 -0.67383 0.78516 -0.50000 0.70703 -0.67969 0.83984 -0.81445 0.78125 -0.67383 0.30469 -0.24414 0.29102 -0.18359 0.40820 -0.15820 0.30469 -0.24414 0.13281 -0.22461 0.29102 -0.18359 0.13477 -0.41406 0.13281 -0.22461 0.30469 -0.24414 0.13477 -0.41406 0.02539 -0.45117 0.13281 -0.22461 0.09375 -0.47461 0.02539 -0.45117 0.13477 -0.41406 0.09375 -0.47461 0.01367 -0.49023 0.02539 -0.45117 0.31445 -0.32227 0.30469 -0.24414 0.45312 -0.21875 0.31445 -0.32227 0.13477 -0.41406 0.30469 -0.24414 0.32422 -0.42383 0.13477 -0.41406 0.31445 -0.32227 0.32422 -0.42383 0.09375 -0.47461 0.13477 -0.41406 0.07812 -0.54492 0.09375 -0.47461 0.32422 -0.42383 0.38477 -0.30078 0.32422 -0.42383 0.31445 -0.32227 0.38477 -0.30078 0.49023 -0.31055 0.32422 -0.42383 0.32422 -0.42383 0.39258 -0.37891 0.45312 -0.39258 0.32422 -0.42383 0.49023 -0.31055 0.39258 -0.37891 0.14062 -0.76172 0.07812 -0.54492 0.26172 -0.58203 0.14062 -0.76172 0.02148 -0.59375 0.07812 -0.54492 0.01172 -0.62695 0.02148 -0.59375 0.14062 -0.76172 0.78516 -0.50000 0.73242 -0.17773 0.56055 -0.51367 0.78516 -0.50000 0.98047 -0.20898 0.73242 -0.17773 0.97461 -0.51367 0.98047 -0.20898 0.78516 -0.50000 0.97461 -0.51367 0.78516 -0.50000 0.98047 -0.20898 0.78125 -0.67383 0.78516 -0.50000 0.97461 -0.51367 0.78125 -0.67383 0.70703 -0.67969 0.78516 -0.50000 0.83984 -0.81445 0.70703 -0.67969 0.78125 -0.67383 0.64453 -0.38086 0.73242 -0.17773 0.49023 -0.43359 0.64453 -0.38086 0.56055 -0.51367 0.73242 -0.17773 0.52539 -0.81250 0.52539 -0.75977 0.67188 -0.76953 0.52539 -0.81250 0.34375 -0.87305 0.52539 -0.75977 0.70898 -0.87305 0.34375 -0.87305 0.52539 -0.81250 0.70898 -0.87305 0.52539 -0.81250 0.34375 -0.87305 0.96875 -0.68750 0.83984 -0.81445 0.97070 -0.76953 0.96875 -0.68750 0.78125 -0.67383 0.83984 -0.81445 0.97461 -0.51367 0.78125 -0.67383 0.96875 -0.68750 0.97461 -0.51367 0.78516 -0.50000 0.78125 -0.67383 0.80664 -0.08398 0.75586 -0.00586 0.71094 -0.03906 0.80664 -0.08398 0.79883 -0.04492 0.75586 -0.00586 0.81836 -0.00781 0.79883 -0.04492 0.80664 -0.08398 0.52539 -0.75977 0.53125 -0.58398 0.59570 -0.70312 0.52539 -0.75977 0.34375 -0.87305 0.53125 -0.58398 0.53711 -0.31055 0.53711 -0.23633 0.45703 -0.27344 0.53711 -0.31055 0.73242 -0.17773 0.53711 -0.23633 0.59766 -0.31445 0.73242 -0.17773 0.53711 -0.31055 0.59766 -0.31445 0.49023 -0.43359 0.73242 -0.17773 0.97070 -0.98438 0.83984 -0.81445 0.83984 -0.98047 0.97070 -0.98438 0.97070 -0.76953 0.83984 -0.81445 0.83984 -0.81445 0.97070 -0.76953 0.97070 -0.98438 0.83984 -0.81445 0.96875 -0.68750 0.97070 -0.76953 0.78125 -0.67383 0.96875 -0.68750 0.83984 -0.81445 0.78125 -0.67383 0.97461 -0.51367 0.96875 -0.68750 0.14062 -0.76172 0.14062 -0.98828 0.08008 -0.90039 0.14062 -0.76172 0.19531 -0.87305 0.14062 -0.98828 0.26172 -0.58203 0.19531 -0.87305 0.14062 -0.76172 0.26172 -0.58203 0.34375 -0.87305 0.19531 -0.87305 0.53125 -0.58398 0.34375 -0.87305 0.26172 -0.58203 0.37891 -0.01172 0.43555 -0.04883 0.37891 -0.04883 0.37891 -0.01172 0.43555 -0.01172 0.43555 -0.04883 0.26953 -0.11914 0.15625 -0.02930 0.26953 -0.01758 0.26953 -0.11914 0.20312 -0.11914 0.15625 -0.02930 0.29492 -0.12305 0.20312 -0.11914 0.26953 -0.11914 0.04688 -0.12109 0.15625 -0.02930 0.11914 -0.11914 0.04688 -0.12109 0.04688 -0.02734 0.15625 -0.02930 0.15625 -0.02930 0.04688 -0.02734 0.04688 -0.12109 0.52734 -0.23438 0.61719 -0.14844 0.60156 -0.16406 0.52734 -0.23438 0.54492 -0.19336 0.61719 -0.14844 0.32422 -0.50391 0.07812 -0.54492 0.32422 -0.42383 0.32422 -0.50391 0.26172 -0.58203 0.07812 -0.54492 0.43945 -0.50000 0.26172 -0.58203 0.32422 -0.50391 0.43945 -0.50000 0.53125 -0.58398 0.26172 -0.58203 0.73242 -0.17773 0.71094 -0.03906 0.53711 -0.23633 0.73242 -0.17773 0.80664 -0.08398 0.71094 -0.03906 0.98047 -0.20898 0.80664 -0.08398 0.73242 -0.17773 0.98047 -0.20898 0.83789 -0.06055 0.80664 -0.08398 0.96875 -0.05078 0.83789 -0.06055 0.98047 -0.20898 0.78516 -0.92383 0.83984 -0.81445 0.83398 -0.97656 0.78516 -0.92383 0.74805 -0.71680 0.83984 -0.81445 0.29102 -0.18359 0.30469 -0.24414 0.40820 -0.15820 0.29102 -0.18359 0.13281 -0.22461 0.30469 -0.24414 0.30469 -0.24414 0.31445 -0.32227 0.45312 -0.21875 0.30469 -0.24414 0.13477 -0.41406 0.31445 -0.32227 0.13281 -0.22461 0.13477 -0.41406 0.30469 -0.24414 0.13281 -0.22461 0.02539 -0.45117 0.13477 -0.41406 0.39258 -0.37891 0.32422 -0.42383 0.45312 -0.39258 0.39258 -0.37891 0.49023 -0.31055 0.32422 -0.42383 0.19531 -0.87305 0.26172 -0.58203 0.14062 -0.76172 0.19531 -0.87305 0.34375 -0.87305 0.26172 -0.58203 0.52539 -0.75977 0.52539 -0.81250 0.67188 -0.76953 0.52539 -0.75977 0.34375 -0.87305 0.52539 -0.81250 0.53125 -0.58398 0.34375 -0.87305 0.52539 -0.75977 0.53125 -0.58398 0.26172 -0.58203 0.34375 -0.87305 0.43945 -0.50000 0.26172 -0.58203 0.53125 -0.58398 0.43945 -0.50000 0.32422 -0.50391 0.26172 -0.58203 0.81836 -0.00781 0.80664 -0.08398 0.79883 -0.04492 0.81836 -0.00781 0.83789 -0.06055 0.80664 -0.08398 0.73242 -0.17773 0.56055 -0.51367 0.64453 -0.38086 0.73242 -0.17773 0.78516 -0.50000 0.56055 -0.51367 0.98047 -0.20898 0.78516 -0.50000 0.73242 -0.17773 0.75586 -0.00586 0.80664 -0.08398 0.71094 -0.03906 0.75586 -0.00586 0.79883 -0.04492 0.80664 -0.08398 0.98047 -0.20898 0.83789 -0.06055 0.96875 -0.05078 0.98047 -0.20898 0.80664 -0.08398 0.83789 -0.06055 0.73242 -0.17773 0.80664 -0.08398 0.98047 -0.20898 0.73242 -0.17773 0.71094 -0.03906 0.80664 -0.08398 0.53711 -0.23633 0.71094 -0.03906 0.73242 -0.17773 0.53711 -0.23633 0.53711 -0.31055 0.45703 -0.27344 0.53711 -0.23633 0.73242 -0.17773 0.53711 -0.31055 0.09375 -0.47461 0.02539 -0.45117 0.01367 -0.49023 0.09375 -0.47461 0.13477 -0.41406 0.02539 -0.45117 0.32422 -0.42383 0.13477 -0.41406 0.09375 -0.47461 0.32422 -0.42383 0.31445 -0.32227 0.13477 -0.41406 0.38477 -0.30078 0.31445 -0.32227 0.32422 -0.42383 0.14062 -0.98828 0.14062 -0.76172 0.08008 -0.90039 0.14062 -0.98828 0.19531 -0.87305 0.14062 -0.76172 0.43555 -0.04883 0.37891 -0.01172 0.37891 -0.04883 0.43555 -0.04883 0.43555 -0.01172 0.37891 -0.01172 0.49219 -0.02930 0.43555 -0.01172 0.43555 -0.04883 0.15625 -0.02930 0.26953 -0.11914 0.26953 -0.01758 0.15625 -0.02930 0.20312 -0.11914 0.26953 -0.11914 0.61719 -0.14844 0.52734 -0.23438 0.60156 -0.16406 0.61719 -0.14844 0.54492 -0.19336 0.52734 -0.23438 0.71094 -0.03906 0.54492 -0.19336 0.61719 -0.14844 0.32422 -0.42383 0.07812 -0.54492 0.32422 -0.50391 0.32422 -0.42383 0.09375 -0.47461 0.07812 -0.54492 0.14062 -0.76172 0.02148 -0.59375 0.01172 -0.62695 0.14062 -0.76172 0.07812 -0.54492 0.02148 -0.59375 0.26172 -0.58203 0.07812 -0.54492 0.14062 -0.76172 0.26172 -0.58203 0.32422 -0.50391 0.07812 -0.54492 0.73242 -0.17773 0.59766 -0.31445 0.53711 -0.31055 0.73242 -0.17773 0.49023 -0.43359 0.59766 -0.31445 0.64453 -0.38086 0.49023 -0.43359 0.73242 -0.17773 0.71094 -0.03906 0.54883 -0.01562 0.60742 -0.13672 0.80664 -0.08398 0.83789 -0.06055 0.81836 -0.00781 0.49219 -0.02930 0.43555 -0.04883 0.43555 -0.01172 0.54492 -0.19336 0.71094 -0.03906 0.61719 -0.14844 0.10938 -0.22852 0.02734 -0.43750 0.00781 -0.24023 0.54883 -0.01562 0.71094 -0.03906 0.60742 -0.13672 0.59570 -0.70312 0.53125 -0.58398 0.52539 -0.75977 0.97070 -0.98438 0.83984 -0.98047 0.83984 -0.81445 0.15625 -0.02930 0.04688 -0.12109 0.11914 -0.11914 0.29492 -0.12305 0.26953 -0.11914 0.20312 -0.11914 0.49023 -0.31055 0.38477 -0.30078 0.32422 -0.42383 0.02734 -0.43750 0.10938 -0.22852 0.00781 -0.24023</float_array>
     <technique_common>
      <accessor count="438" offset="0" source="#18_Hal_G_3-lib-texcoords-array" stride="2">
       <param name="U" type="float"/>
       <param name="V" type="float"/>
      </accessor>
     </technique_common>
    </source>
    <vertices id="18_Hal_G_3-lib-vertices">
     <input semantic="POSITION" source="#18_Hal_G_3-lib-positions"/>
    </vertices>
    <polylist count="146" material="mat2.png">
     <input offset="0" semantic="VERTEX" source="#18_Hal_G_3-lib-vertices"/>
     <input offset="1" semantic="NORMAL" source="#18_Hal_G_3-lib-normals"/>
     <input offset="2" semantic="TEXCOORD" source="#18_Hal_G_3-lib-texcoords"/>
     <vcount>3 3 3 3 3 3 3 3 3 3 3 3 3 3 3 3 3 3 3 3 3 3 3 3 3 3 3 3 3 3 3 3 3 3 3 3 3 3 3 3 3 3 3 3 3 3 3 3 3 3 3 3 3 3 3 3 3 3 3 3 3 3 3 3 3 3 3 3 3 3 3 3 3 3 3 3 3 3 3 3 3 3 3 3 3 3 3 3 3 3 3 3 3 3 3 3 3 3 3 3 3 3 3 3 3 3 3 3 3 3 3 3 3 3 3 3 3 3 3 3 3 3 3 3 3 3 3 3 3 3 3 3 3 3 3 3 3 3 3 3 3 3 3 3 3 3</vcount>
     <p>2 2 2 1 1 1 0 0 0 1 5 5 3 4 4 0 3 3 5 8 8 4 7 7 3 6 6 4 11 11 0 10 10 3 9 9 7 14 14 5 13 13 6 12 12 5 17 17 3 16 16 6 15 15 6 20 20 3 19 19 8 18 18 3 23 23 9 22 22 8 21 21 8 26 26 9 25 25 10 24 24 9 29 29 11 28 28 10 27 27 13 32 32 6 31 31 12 30 30 6 35 35 8 34 34 12 33 33 12 38 38 8 37 37 14 36 36 8 41 41 10 40 40 14 39 39 14 44 44 10 43 43 15 42 42 12 47 47 14 46 46 16 45 45 14 50 50 17 49 49 16 48 48 19 53 53 18 52 52 14 51 51 18 56 56 17 55 55 14 54 54 21 59 59 15 58 58 20 57 57 15 62 62 22 61 61 20 60 60 20 65 65 22 64 64 23 63 63 7 68 68 24 67 67 5 66 66 24 71 71 25 70 70 5 69 69 5 74 74 25 73 73 26 72 72 25 77 77 27 76 76 26 75 75 26 80 80 27 79 79 28 78 78 27 83 83 29 82 82 28 81 81 28 86 86 29 85 85 30 84 84 13 89 89 24 88 88 6 87 87 24 91 92 7 90 91 6 90 90 33 94 95 32 93 94 31 92 93 32 97 98 34 96 97 31 95 96 31 100 101 34 99 100 35 98 99 34 103 104 36 102 103 35 101 102 38 106 107 0 105 106 37 104 105 0 109 110 4 108 109 37 107 108 37 112 113 4 111 112 26 110 111 4 115 116 5 114 115 26 113 114 41 118 119 40 117 118 39 116 117 40 121 122 32 120 121 39 119 120 39 124 125 32 123 124 33 122 123 40 127 128 41 126 127 32 125 126 41 130 131 34 129 130 32 128 129 17 133 134 18 132 133 16 131 132 18 136 137 24 135 136 16 134 135 16 139 140 24 138 139 12 137 138 24 142 143 13 141 142 12 140 141 2 145 146 0 144 145 42 143 144 0 148 149 38 147 148 42 146 147 42 151 152 38 150 151 30 149 150 38 154 155 37 153 154 30 152 153 30 157 158 37 156 157 28 155 156 37 160 161 26 159 160 28 158 159 44 163 164 43 162 163 20 161 162 43 166 167 45 165 166 20 164 165 20 169 170 45 168 169 21 167 168 45 172 173 34 171 172 21 170 171 21 175 176 34 174 175 41 173 174 48 178 179 47 177 178 46 176 177 47 181 182 49 180 181 46 179 180 52 184 185 51 183 184 50 182 183 51 187 188 53 186 187 50 185 186 50 190 191 53 189 190 54 188 189 53 193 194 51 192 193 54 191 192 51 196 197 55 195 196 54 194 195 54 199 200 55 198 199 56 197 198 14 202 203 57 201 202 19 200 201 57 205 206 18 204 205 19 203 204 14 208 209 15 207 208 57 206 207 15 211 212 21 210 211 57 209 210 57 214 215 21 213 214 58 212 213 21 217 218 41 216 217 58 215 216 18 220 221 41 219 220 24 218 219 41 223 224 39 222 223 24 221 222 24 226 227 39 225 226 25 224 225 39 229 230 31 228 229 25 227 228 25 232 233 31 231 232 35 230 231 60 235 236 30 234 235 59 233 234 30 238 239 29 237 238 59 236 237 62 241 242 61 240 241 27 239 240 61 244 245 29 243 244 27 242 243 64 247 248 63 246 247 61 245 246 63 250 251 65 249 250 61 248 249 61 253 254 65 252 253 29 251 252 65 256 257 66 255 256 29 254 255 69 259 260 68 258 259 67 257 258 68 262 263 70 261 262 67 260 261 72 265 266 71 264 265 45 263 264 71 268 269 34 267 268 45 266 267 74 271 272 36 270 271 73 269 270 36 274 275 34 273 274 73 272 273 73 277 278 34 276 277 75 275 276 34 280 281 71 279 280 75 278 279 75 283 284 71 282 283 76 281 282 71 286 287 77 285 286 76 284 285 73 289 290 78 288 289 74 287 288 78 292 293 36 291 292 74 290 291 61 294 296 62 294 295 79 293 294 62 296 299 27 296 298 79 295 297 79 299 302 27 298 301 25 297 300 75 302 305 78 301 304 80 300 303 78 305 308 73 304 307 80 303 306 35 308 311 36 307 310 25 306 309 36 311 314 78 310 313 25 309 312 25 314 317 78 313 316 79 312 315 78 317 320 75 316 319 79 315 318 79 320 323 75 319 322 67 318 321 70 323 326 81 322 325 67 321 324 81 326 329 79 325 328 67 324 327 83 329 332 66 328 331 82 327 330 66 332 335 65 331 334 82 330 333 82 335 338 65 334 337 68 333 336 65 338 341 63 337 340 68 336 339 68 341 344 63 340 343 81 339 342 84 344 347 72 343 346 43 342 345 72 347 350 45 346 349 43 345 348 87 350 353 86 349 352 85 348 351 86 353 356 88 352 355 85 351 354 85 356 359 88 355 358 89 354 357 52 359 362 50 358 361 56 357 360 50 362 365 90 361 364 56 360 363 68 365 368 69 364 367 77 363 366 69 368 371 67 367 370 77 366 369 77 371 374 67 370 373 75 369 372 77 374 377 91 373 376 68 372 375 91 377 380 82 376 379 68 375 378 93 380 383 92 379 382 72 378 381 92 383 386 91 382 385 72 381 384 72 386 389 91 385 388 71 384 387 91 389 392 77 388 391 71 387 390 81 392 395 63 391 394 79 390 393 63 395 398 64 394 397 79 393 396 79 397 401 64 396 400 61 396 399 57 400 404 58 399 403 41 398 402 33 403 407 31 402 406 39 401 405 49 406 410 47 405 409 94 404 408 57 409 413 41 408 412 18 407 411 1 412 416 9 411 415 3 410 414 77 415 419 75 414 418 76 413 417 73 418 422 75 417 421 80 416 420 30 421 425 60 420 424 42 419 423 90 424 428 54 423 427 56 422 426 90 427 431 50 426 430 54 425 429 68 430 434 81 429 433 70 428 432 59 433 437 29 432 436 66 431 435</p>
    </polylist>
   </mesh>
  </geometry>
  <geometry id="18_Hal_G_4-lib" name="18_Hal_G_4">
   <mesh>
    <source id="18_Hal_G_4-lib-positions" name="position">
     <float_array id="18_Hal_G_4-lib-positions-array" count="111">-1.73093 136.77319 25.86771 -1.68553 136.89870 25.87104 -1.77595 136.85440 25.85411 -1.65264 136.81149 25.88236 -1.66991 136.70470 25.83379 -1.62471 136.72690 25.84226 -1.57101 136.83189 25.85510 -1.53434 136.91940 25.78371 -1.57540 136.92140 25.82399 -1.50793 136.82870 25.79323 -1.57758 136.73860 25.82651 -1.54116 136.73680 25.79079 -1.48030 136.80290 25.71334 -1.50028 136.85120 25.60677 -1.49038 136.87830 25.65659 -1.49552 136.76140 25.63680 -1.52520 136.72189 25.74466 -1.53400 136.69791 25.70048 -1.54951 136.71519 25.58415 -1.65687 136.74319 25.50978 -1.56646 136.78751 25.52671 -1.62780 136.67680 25.56949 -1.56516 136.67130 25.67007 -1.61037 136.64909 25.66161 -1.70943 136.65649 25.59676 -1.80807 136.72260 25.59711 -1.76701 136.72050 25.55683 -1.77252 136.65970 25.65863 -1.65750 136.63741 25.67736 -1.69392 136.63921 25.71307 -1.80014 136.68550 25.73852 -1.84213 136.79070 25.77405 -1.85203 136.76370 25.72423 -1.78492 136.72701 25.81505 -1.70988 136.65410 25.75921 -1.70108 136.67810 25.80339 -1.60924 136.66740 25.76145</float_array>
     <technique_common>
      <accessor count="37" source="#18_Hal_G_4-lib-positions-array" stride="3">
       <param name="X" type="float"/>
       <param name="Y" type="float"/>
       <param name="Z" type="float"/>
      </accessor>
     </technique_common>
    </source>
    <source id="18_Hal_G_4-lib-normals" name="normal">
     <float_array id="18_Hal_G_4-lib-normals-array" count="270">0.10023 0.17019 -0.98030 0.20685 -0.04889 -0.97715 0.20693 -0.04892 -0.97713 0.10023 0.17019 -0.98030 0.09995 0.17049 -0.98028 0.20685 -0.04889 -0.97715 -0.13433 0.58031 -0.80324 0.09995 0.17049 -0.98028 0.10023 0.17019 -0.98030 -0.13433 0.58031 -0.80324 -0.13443 0.58021 -0.80329 0.09995 0.17049 -0.98028 -0.70035 -0.00777 -0.71376 -0.68104 -0.26990 -0.68069 -0.68094 -0.27000 -0.68075 -0.70035 -0.00777 -0.71376 -0.70040 -0.00771 -0.71371 -0.68104 -0.26990 -0.68069 -0.60910 0.46214 -0.64453 -0.70040 -0.00771 -0.71371 -0.70035 -0.00777 -0.71376 -0.60910 0.46214 -0.64453 -0.60921 0.46192 -0.64459 -0.70040 -0.00771 -0.71371 -0.96819 0.24268 0.06093 -0.98188 0.01116 0.18916 -0.98189 0.01110 0.18913 -0.96819 0.24268 0.06093 -0.96822 0.24254 0.06103 -0.98188 0.01116 0.18916 -0.76997 0.61241 -0.17914 -0.96822 0.24254 0.06103 -0.96819 0.24268 0.06093 -0.76997 0.61241 -0.17914 -0.76991 0.61248 -0.17921 -0.96822 0.24254 0.06103 -0.44217 0.67721 0.58811 -0.39430 0.51311 0.76240 -0.39426 0.51318 0.76237 -0.44217 0.67721 0.58811 -0.44226 0.67713 0.58813 -0.39430 0.51311 0.76240 -0.45618 0.88076 0.12713 -0.44226 0.67713 0.58813 -0.44217 0.67721 0.58811 -0.45618 0.88076 0.12713 -0.45631 0.88070 0.12710 -0.44226 0.67713 0.58813 0.34581 0.88679 0.30663 0.49387 0.73449 0.46542 0.49390 0.73453 0.46534 0.34581 0.88679 0.30663 0.34584 0.88667 0.30693 0.49387 0.73449 0.46542 0.01916 0.99933 -0.03124 0.34584 0.88667 0.30693 0.34581 0.88679 0.30663 0.01916 0.99933 -0.03124 0.01923 0.99934 -0.03077 0.34584 0.88667 0.30693 0.61371 0.63648 -0.46718 0.79455 0.45348 -0.40379 0.79463 0.45346 -0.40364 0.61371 0.63648 -0.46718 0.61349 0.63655 -0.46737 0.79455 0.45348 -0.40379 0.18014 0.84894 -0.49685 0.61349 0.63655 -0.46737 0.61371 0.63648 -0.46718 0.18014 0.84894 -0.49685 0.17988 0.84890 -0.49701 0.61349 0.63655 -0.46737 -0.13443 0.58021 -0.80329 -0.13433 0.58031 -0.80324 -0.34416 0.85216 -0.39417 -0.60921 0.46192 -0.64459 -0.60910 0.46214 -0.64453 -0.34416 0.85216 -0.39417 -0.76991 0.61248 -0.17921 -0.76997 0.61241 -0.17914 -0.34416 0.85216 -0.39417 -0.45631 0.88070 0.12710 -0.45618 0.88076 0.12713 -0.34416 0.85216 -0.39417 0.01923 0.99934 -0.03077 0.01916 0.99933 -0.03124 -0.34416 0.85216 -0.39417 0.17988 0.84890 -0.49701 0.18014 0.84894 -0.49685 -0.34416 0.85216 -0.39417</float_array>
     <technique_common>
      <accessor count="90" source="#18_Hal_G_4-lib-normals-array" stride="3">
       <param name="X" type="float"/>
       <param name="Y" type="float"/>
       <param name="Z" type="float"/>
      </accessor>
     </technique_common>
    </source>
    <source id="18_Hal_G_4-lib-texcoords">
     <float_array id="18_Hal_G_4-lib-texcoords-array" count="180">0.66602 -0.50586 0.99707 -0.66797 0.99707 -0.50586 0.66602 -0.50586 0.66602 -0.66797 0.99707 -0.66797 0.34766 -0.50586 0.66602 -0.66797 0.66602 -0.50586 0.34766 -0.50586 0.34766 -0.66797 0.66602 -0.66797 0.66602 -0.67090 0.99707 -0.83301 0.99707 -0.67090 0.66602 -0.67090 0.66602 -0.83301 0.99707 -0.83301 0.34766 -0.67090 0.66602 -0.83301 0.66602 -0.67090 0.34766 -0.67090 0.34766 -0.83301 0.66602 -0.83301 0.66602 -0.17285 0.99707 -0.33496 0.99707 -0.17285 0.66602 -0.17285 0.66602 -0.33496 0.99707 -0.33496 0.34766 -0.17285 0.66602 -0.33496 0.66602 -0.17285 0.34766 -0.17285 0.34766 -0.33496 0.66602 -0.33496 0.66602 -0.33594 0.99707 -0.49805 0.99707 -0.33594 0.66602 -0.33594 0.66602 -0.49805 0.99707 -0.49805 0.34766 -0.33594 0.66602 -0.49805 0.66602 -0.33594 0.34766 -0.33594 0.34766 -0.49805 0.66602 -0.49805 0.66602 -0.83789 0.99707 -1.00000 0.99707 -0.83789 0.66602 -0.83789 0.66602 -1.00000 0.99707 -1.00000 0.34766 -0.83789 0.66602 -1.00000 0.66602 -0.83789 0.34766 -0.83789 0.34766 -1.00000 0.66602 -1.00000 0.66602 -0.00391 0.99707 -0.16602 0.99707 -0.00391 0.66602 -0.00391 0.66602 -0.16602 0.99707 -0.16602 0.34766 -0.00391 0.66602 -0.16602 0.66602 -0.00391 0.34766 -0.00391 0.34766 -0.16602 0.66602 -0.16602 0.34766 -0.66797 0.34766 -0.50586 0.00586 -0.58105 0.34766 -0.83301 0.34766 -0.67090 0.00586 -0.74609 0.34766 -0.33496 0.34766 -0.17285 0.00586 -0.24707 0.34766 -0.49805 0.34766 -0.33594 0.00586 -0.41016 0.34766 -1.00000 0.34766 -0.83789 0.00586 -0.91211 0.34766 -0.16602 0.34766 -0.00391 0.00586 -0.07910</float_array>
     <technique_common>
      <accessor count="90" offset="0" source="#18_Hal_G_4-lib-texcoords-array" stride="2">
       <param name="U" type="float"/>
       <param name="V" type="float"/>
      </accessor>
     </technique_common>
    </source>
    <vertices id="18_Hal_G_4-lib-vertices">
     <input semantic="POSITION" source="#18_Hal_G_4-lib-positions"/>
    </vertices>
    <polylist count="30" material="mat2.png">
     <input offset="0" semantic="VERTEX" source="#18_Hal_G_4-lib-vertices"/>
     <input offset="1" semantic="NORMAL" source="#18_Hal_G_4-lib-normals"/>
     <input offset="2" semantic="TEXCOORD" source="#18_Hal_G_4-lib-texcoords"/>
     <vcount>3 3 3 3 3 3 3 3 3 3 3 3 3 3 3 3 3 3 3 3 3 3 3 3 3 3 3 3 3 3</vcount>
     <p>2 2 2 1 1 1 0 0 0 1 5 5 3 4 4 0 3 3 0 8 8 3 7 7 4 6 6 3 11 11 5 10 10 4 9 9 8 14 14 7 13 13 6 12 12 7 17 17 9 16 16 6 15 15 6 20 20 9 19 19 10 18 18 9 23 23 11 22 22 10 21 21 14 26 26 13 25 25 12 24 24 13 29 29 15 28 28 12 27 27 12 32 32 15 31 31 16 30 30 15 35 35 17 34 34 16 33 33 20 38 38 19 37 37 18 36 36 19 41 41 21 40 40 18 39 39 18 44 44 21 43 43 22 42 42 21 47 47 23 46 46 22 45 45 26 50 50 25 49 49 24 48 48 25 53 53 27 52 52 24 51 51 24 56 56 27 55 55 28 54 54 27 59 59 29 58 58 28 57 57 32 62 62 31 61 61 30 60 60 31 65 65 33 64 64 30 63 63 30 68 68 33 67 67 34 66 66 33 71 71 35 70 70 34 69 69 36 74 74 4 73 73 5 72 72 36 77 77 10 76 76 11 75 75 36 80 80 16 79 79 17 78 78 36 83 83 22 82 82 23 81 81 36 86 86 28 85 85 29 84 84 36 89 89 34 88 88 35 87 87</p>
    </polylist>
   </mesh>
  </geometry>
  <geometry id="18_Hal_G_5-lib" name="18_Hal_G_5">
   <mesh>
    <source id="18_Hal_G_5-lib-positions" name="position">
     <float_array id="18_Hal_G_5-lib-positions-array" count="147">-1.66516 136.68620 25.84766 -1.78920 136.71539 25.82522 -1.69816 136.65800 25.81547 -1.73204 136.76430 25.88096 -1.61731 136.70959 25.85662 -1.64914 136.80490 25.89648 -1.56741 136.72211 25.83996 -1.56272 136.82640 25.86763 -1.52885 136.72009 25.80213 -1.49594 136.82310 25.80212 -1.51196 136.70430 25.75329 -1.46667 136.79581 25.71751 -1.52126 136.67900 25.70650 -1.48278 136.75180 25.63649 -1.55427 136.65080 25.67433 -1.53995 136.70290 25.58075 -1.60212 136.62730 25.66537 -1.62286 136.66229 25.56523 -1.65203 136.61490 25.68202 -1.70928 136.64079 25.59409 -1.69058 136.61681 25.71985 -1.77606 136.64410 25.65960 -1.70747 136.63260 25.76869 -1.80532 136.67149 25.74419 -1.82024 136.82910 25.83602 -1.84816 136.80070 25.79894 -1.78225 136.85699 25.86321 -1.73666 136.88251 25.87854 -1.68666 136.90379 25.88112 -1.63561 136.91960 25.87058 -1.58699 136.92860 25.84783 -1.54420 136.93040 25.81428 -1.51002 136.92480 25.77232 -1.48691 136.91209 25.72470 -1.47628 136.89330 25.67476 -1.47907 136.86951 25.62588 -1.49485 136.84261 25.58134 -1.52279 136.81410 25.54427 -1.60636 136.76080 25.50175 -1.65636 136.73940 25.49918 -1.56077 136.78619 25.51707 -1.70738 136.72369 25.50970 -1.79880 136.71280 25.56601 -1.83300 136.71840 25.60798 -1.75598 136.71460 25.53244 -1.85612 136.73109 25.65558 -1.86396 136.77370 25.75441 -1.86673 136.75000 25.70552 -1.60009 136.64461 25.77202</float_array>
     <technique_common>
      <accessor count="49" source="#18_Hal_G_5-lib-positions-array" stride="3">
       <param name="X" type="float"/>
       <param name="Y" type="float"/>
       <param name="Z" type="float"/>
      </accessor>
     </technique_common>
    </source>
    <source id="18_Hal_G_5-lib-normals" name="normal">
     <float_array id="18_Hal_G_5-lib-normals-array" count="648">-0.00923 0.63213 -0.77481 0.55929 0.51545 -0.64923 0.15831 0.77555 -0.61111 -0.00923 0.63213 -0.77481 0.28611 0.28152 -0.91591 0.55929 0.51545 -0.64923 -0.25294 0.51292 -0.82033 0.28611 0.28152 -0.91591 -0.00923 0.63213 -0.77481 -0.25294 0.51292 -0.82033 -0.11003 0.08744 -0.99007 0.28611 0.28152 -0.91591 -0.50656 0.44931 -0.73588 -0.11003 0.08744 -0.99007 -0.25294 0.51292 -0.82033 -0.50656 0.44931 -0.73588 -0.52303 -0.01526 -0.85218 -0.11003 0.08744 -0.99007 -0.70237 0.45955 -0.54359 -0.52303 -0.01526 -0.85218 -0.50656 0.44931 -0.73588 -0.70237 0.45955 -0.54359 -0.84230 0.00060 -0.53901 -0.52303 -0.01526 -0.85218 -0.78841 0.54001 -0.29460 -0.84230 0.00060 -0.53901 -0.70237 0.45955 -0.54359 -0.78841 0.54001 -0.29460 -0.98219 0.13124 -0.13448 -0.84230 0.00060 -0.53901 -0.74112 0.66899 -0.05642 -0.98219 0.13124 -0.13448 -0.78841 0.54001 -0.29460 -0.74112 0.66899 -0.05642 -0.90516 0.34170 0.25284 -0.98219 0.13124 -0.13448 -0.57357 0.81220 0.10655 -0.90516 0.34170 0.25284 -0.74112 0.66899 -0.05642 -0.57357 0.81220 0.10655 -0.63183 0.57537 0.51937 -0.90516 0.34170 0.25284 -0.33002 0.93163 0.15218 -0.63183 0.57537 0.51937 -0.57357 0.81220 0.10655 -0.33002 0.93163 0.15218 -0.23548 0.76942 0.59375 -0.63183 0.57537 0.51937 -0.07632 0.99477 0.06781 -0.23548 0.76942 0.59375 -0.33002 0.93163 0.15218 -0.07632 0.99477 0.06781 0.17721 0.87223 0.45587 -0.23548 0.76942 0.59375 0.11958 0.98496 -0.12469 0.17721 0.87223 0.45587 -0.07632 0.99477 0.06781 0.11958 0.98496 -0.12469 0.49638 0.85633 0.14251 0.17721 0.87223 0.45587 0.20579 0.90453 -0.37346 0.49638 0.85633 0.14251 0.11958 0.98496 -0.12469 0.20579 0.90453 -0.37346 0.63643 0.72549 -0.26197 0.49638 0.85633 0.14251 0.15831 0.77555 -0.61111 0.63643 0.72549 -0.26197 0.20579 0.90453 -0.37346 0.15831 0.77555 -0.61111 0.55929 0.51545 -0.64923 0.63643 0.72549 -0.26197 0.55929 0.51545 -0.64923 0.59252 0.19775 -0.78091 0.72931 0.31725 -0.60618 0.55929 0.51545 -0.64923 0.28611 0.28152 -0.91591 0.59252 0.19775 -0.78091 0.28611 0.28152 -0.91591 0.42387 0.05648 -0.90396 0.59252 0.19775 -0.78091 0.28611 0.28152 -0.91591 0.20683 -0.04857 -0.97717 0.42387 0.05648 -0.90396 -0.11003 0.08744 -0.99007 0.20683 -0.04857 -0.97717 0.28611 0.28152 -0.91591 -0.11003 0.08744 -0.99007 -0.01877 -0.16040 -0.98687 0.20683 -0.04857 -0.97717 -0.25945 -0.21969 -0.94044 -0.01877 -0.16040 -0.98687 -0.11003 0.08744 -0.99007 -0.52303 -0.01526 -0.85218 -0.25945 -0.21969 -0.94044 -0.11003 0.08744 -0.99007 -0.52303 -0.01526 -0.85218 -0.48033 -0.27541 -0.83272 -0.25945 -0.21969 -0.94044 -0.68113 -0.26962 -0.68071 -0.48033 -0.27541 -0.83272 -0.52303 -0.01526 -0.85218 -0.84230 0.00060 -0.53901 -0.68113 -0.26962 -0.68071 -0.52303 -0.01526 -0.85218 -0.84230 0.00060 -0.53901 -0.83709 -0.25732 -0.48278 -0.68113 -0.26962 -0.68071 -0.94567 -0.18518 -0.26723 -0.83709 -0.25732 -0.48278 -0.84230 0.00060 -0.53901 -0.98219 0.13124 -0.13448 -0.94567 -0.18518 -0.26723 -0.84230 0.00060 -0.53901 -0.98219 0.13124 -0.13448 -0.99330 -0.11141 -0.03086 -0.94567 -0.18518 -0.26723 -0.98188 0.01133 0.18919 -0.99330 -0.11141 -0.03086 -0.98219 0.13124 -0.13448 -0.90516 0.34170 0.25284 -0.98188 0.01133 0.18919 -0.98219 0.13124 -0.13448 -0.90516 0.34170 0.25284 -0.90726 0.12357 0.40202 -0.98188 0.01133 0.18919 -0.78014 0.26698 0.56578 -0.90726 0.12357 0.40202 -0.90516 0.34170 0.25284 -0.39411 0.51344 0.76227 -0.23548 0.76942 0.59375 -0.15930 0.60144 0.78288 -0.39411 0.51344 0.76227 -0.63183 0.57537 0.51937 -0.23548 0.76942 0.59375 -0.60150 0.38485 0.70006 -0.63183 0.57537 0.51937 -0.39411 0.51344 0.76227 -0.60150 0.38485 0.70006 -0.78014 0.26698 0.56578 -0.63183 0.57537 0.51937 0.07186 0.68452 0.72545 -0.23548 0.76942 0.59375 0.17721 0.87223 0.45587 0.07186 0.68452 0.72545 -0.15930 0.60144 0.78288 -0.23548 0.76942 0.59375 0.49319 0.73464 0.46590 0.49638 0.85633 0.14251 0.65883 0.69870 0.27887 0.49319 0.73464 0.46590 0.17721 0.87223 0.45587 0.49638 0.85633 0.14251 0.30195 0.71641 0.62896 0.17721 0.87223 0.45587 0.49319 0.73464 0.46590 0.30195 0.71641 0.62896 0.07186 0.68452 0.72545 0.17721 0.87223 0.45587 0.75817 0.65001 0.05162 0.49638 0.85633 0.14251 0.63643 0.72549 -0.26197 0.75817 0.65001 0.05162 0.65883 0.69870 0.27887 0.49638 0.85633 0.14251 0.79440 0.45356 -0.40400 0.55929 0.51545 -0.64923 0.72931 0.31725 -0.60618 0.79440 0.45356 -0.40400 0.63643 0.72549 -0.26197 0.55929 0.51545 -0.64923 0.81533 0.55239 -0.17350 0.63643 0.72549 -0.26197 0.79440 0.45356 -0.40400 0.81533 0.55239 -0.17350 0.75817 0.65001 0.05162 0.63643 0.72549 -0.26197 -0.00923 0.63213 -0.77481 0.15831 0.77555 -0.61111 -0.34381 0.85234 -0.39410 -0.25294 0.51292 -0.82033 -0.00923 0.63213 -0.77481 -0.34381 0.85234 -0.39410 -0.50656 0.44931 -0.73588 -0.25294 0.51292 -0.82033 -0.34381 0.85234 -0.39410 -0.70237 0.45955 -0.54359 -0.50656 0.44931 -0.73588 -0.34381 0.85234 -0.39410 -0.78841 0.54001 -0.29460 -0.70237 0.45955 -0.54359 -0.34381 0.85234 -0.39410 -0.74112 0.66899 -0.05642 -0.78841 0.54001 -0.29460 -0.34381 0.85234 -0.39410 -0.57357 0.81220 0.10655 -0.74112 0.66899 -0.05642 -0.34381 0.85234 -0.39410 -0.33002 0.93163 0.15218 -0.57357 0.81220 0.10655 -0.34381 0.85234 -0.39410 -0.07632 0.99477 0.06781 -0.33002 0.93163 0.15218 -0.34381 0.85234 -0.39410 0.11958 0.98496 -0.12469 -0.07632 0.99477 0.06781 -0.34381 0.85234 -0.39410 0.20579 0.90453 -0.37346 0.11958 0.98496 -0.12469 -0.34381 0.85234 -0.39410 0.15831 0.77555 -0.61111 0.20579 0.90453 -0.37346 -0.34381 0.85234 -0.39410 -0.78014 0.26698 0.56578 -0.90516 0.34170 0.25284 -0.63183 0.57537 0.51937</float_array>
     <technique_common>
      <accessor count="216" source="#18_Hal_G_5-lib-normals-array" stride="3">
       <param name="X" type="float"/>
       <param name="Y" type="float"/>
       <param name="Z" type="float"/>
      </accessor>
     </technique_common>
    </source>
    <source id="18_Hal_G_5-lib-texcoords">
     <float_array id="18_Hal_G_5-lib-texcoords-array" count="432">1.82031 0.32422 1.98633 -0.33789 1.98633 0.32422 1.82031 0.32422 1.82031 -0.33789 1.98633 -0.33789 1.65527 0.32422 1.82031 -0.33789 1.82031 0.32422 1.65527 0.32422 1.65527 -0.33789 1.82031 -0.33789 1.48926 0.32422 1.65527 -0.33789 1.65527 0.32422 1.48926 0.32422 1.48926 -0.33789 1.65527 -0.33789 1.32422 0.32422 1.48926 -0.33789 1.48926 0.32422 1.32422 0.32422 1.32422 -0.33789 1.48926 -0.33789 1.15820 0.32422 1.32422 -0.33789 1.32422 0.32422 1.15820 0.32422 1.15820 -0.33789 1.32422 -0.33789 0.99316 0.32422 1.15820 -0.33789 1.15820 0.32422 0.99316 0.32422 0.99316 -0.33789 1.15820 -0.33789 0.82715 0.32422 0.99316 -0.33789 0.99316 0.32422 0.82715 0.32422 0.82715 -0.33789 0.99316 -0.33789 0.66211 0.32422 0.82715 -0.33789 0.82715 0.32422 0.66211 0.32422 0.66211 -0.33789 0.82715 -0.33789 0.49609 0.32422 0.66211 -0.33789 0.66211 0.32422 0.49609 0.32422 0.49609 -0.33789 0.66211 -0.33789 0.33105 0.32422 0.49609 -0.33789 0.49609 0.32422 0.33105 0.32422 0.33105 -0.33789 0.49609 -0.33789 0.16504 0.32422 0.33105 -0.33789 0.33105 0.32422 0.16504 0.32422 0.16504 -0.33789 0.33105 -0.33789 0.00000 0.32422 0.16504 -0.33789 0.16504 0.32422 0.00000 0.32422 0.00000 -0.33789 0.16504 -0.33789 1.98633 -0.33789 1.90332 -1.00000 1.98633 -1.00000 1.98633 -0.33789 1.82031 -0.33789 1.90332 -1.00000 1.82031 -0.33789 1.82031 -1.00000 1.90332 -1.00000 1.82031 -0.33789 1.73828 -1.00000 1.82031 -1.00000 1.65527 -0.33789 1.73828 -1.00000 1.82031 -0.33789 1.65527 -0.33789 1.65527 -1.00000 1.73828 -1.00000 1.57227 -1.00000 1.65527 -1.00000 1.65527 -0.33789 1.48926 -0.33789 1.57227 -1.00000 1.65527 -0.33789 1.48926 -0.33789 1.48926 -1.00000 1.57227 -1.00000 1.40723 -1.00000 1.48926 -1.00000 1.48926 -0.33789 1.32422 -0.33789 1.40723 -1.00000 1.48926 -0.33789 1.32422 -0.33789 1.32422 -1.00000 1.40723 -1.00000 1.24121 -1.00000 1.32422 -1.00000 1.32422 -0.33789 1.15820 -0.33789 1.24121 -1.00000 1.32422 -0.33789 1.15820 -0.33789 1.15820 -1.00000 1.24121 -1.00000 1.07617 -1.00000 1.15820 -1.00000 1.15820 -0.33789 0.99316 -0.33789 1.07617 -1.00000 1.15820 -0.33789 0.99316 -0.33789 0.99316 -1.00000 1.07617 -1.00000 0.91016 -1.00000 0.99316 -1.00000 0.99316 -0.33789 0.74512 -1.00000 0.66211 -0.33789 0.66211 -1.00000 0.74512 -1.00000 0.82715 -0.33789 0.66211 -0.33789 0.82715 -1.00000 0.82715 -0.33789 0.74512 -1.00000 0.82715 -1.00000 0.91016 -1.00000 0.82715 -0.33789 0.57910 -1.00000 0.66211 -0.33789 0.49609 -0.33789 0.57910 -1.00000 0.66211 -1.00000 0.66211 -0.33789 0.41406 -1.00000 0.33105 -0.33789 0.33105 -1.00000 0.41406 -1.00000 0.49609 -0.33789 0.33105 -0.33789 0.49609 -1.00000 0.49609 -0.33789 0.41406 -1.00000 0.49609 -1.00000 0.57910 -1.00000 0.49609 -0.33789 0.24805 -1.00000 0.33105 -0.33789 0.16504 -0.33789 0.24805 -1.00000 0.33105 -1.00000 0.33105 -0.33789 0.08301 -1.00000 0.00000 -0.33789 0.00000 -1.00000 0.08301 -1.00000 0.16504 -0.33789 0.00000 -0.33789 0.16504 -1.00000 0.16504 -0.33789 0.08301 -1.00000 0.16504 -1.00000 0.24805 -1.00000 0.16504 -0.33789 1.82031 0.32422 1.98633 0.32422 1.91016 0.98633 1.65527 0.32422 1.82031 0.32422 1.74414 0.98633 1.48926 0.32422 1.65527 0.32422 1.57910 0.98633 1.32422 0.32422 1.48926 0.32422 1.41309 0.98633 1.15820 0.32422 1.32422 0.32422 1.24805 0.98633 0.99316 0.32422 1.15820 0.32422 1.08203 0.98633 0.82715 0.32422 0.99316 0.32422 0.91699 0.98633 0.66211 0.32422 0.82715 0.32422 0.75098 0.98633 0.49609 0.32422 0.66211 0.32422 0.58594 0.98633 0.33105 0.32422 0.49609 0.32422 0.41992 0.98633 0.16504 0.32422 0.33105 0.32422 0.25488 0.98633 0.00000 0.32422 0.16504 0.32422 0.08887 0.98633 0.91016 -1.00000 0.99316 -0.33789 0.82715 -0.33789</float_array>
     <technique_common>
      <accessor count="216" offset="0" source="#18_Hal_G_5-lib-texcoords-array" stride="2">
       <param name="U" type="float"/>
       <param name="V" type="float"/>
      </accessor>
     </technique_common>
    </source>
    <vertices id="18_Hal_G_5-lib-vertices">
     <input semantic="POSITION" source="#18_Hal_G_5-lib-positions"/>
    </vertices>
    <polylist count="72" material="mat1.png">
     <input offset="0" semantic="VERTEX" source="#18_Hal_G_5-lib-vertices"/>
     <input offset="1" semantic="NORMAL" source="#18_Hal_G_5-lib-normals"/>
     <input offset="2" semantic="TEXCOORD" source="#18_Hal_G_5-lib-texcoords"/>
     <vcount>3 3 3 3 3 3 3 3 3 3 3 3 3 3 3 3 3 3 3 3 3 3 3 3 3 3 3 3 3 3 3 3 3 3 3 3 3 3 3 3 3 3 3 3 3 3 3 3 3 3 3 3 3 3 3 3 3 3 3 3 3 3 3 3 3 3 3 3 3 3 3 3</vcount>
     <p>2 2 2 1 1 1 0 0 0 1 5 5 3 4 4 0 3 3 0 8 8 3 7 7 4 6 6 3 11 11 5 10 10 4 9 9 4 14 14 5 13 13 6 12 12 5 17 17 7 16 16 6 15 15 6 20 20 7 19 19 8 18 18 7 23 23 9 22 22 8 21 21 8 26 26 9 25 25 10 24 24 9 29 29 11 28 28 10 27 27 10 32 32 11 31 31 12 30 30 11 35 35 13 34 34 12 33 33 12 38 38 13 37 37 14 36 36 13 41 41 15 40 40 14 39 39 14 44 44 15 43 43 16 42 42 15 47 47 17 46 46 16 45 45 16 50 50 17 49 49 18 48 48 17 53 53 19 52 52 18 51 51 18 56 56 19 55 55 20 54 54 19 59 59 21 58 58 20 57 57 20 62 62 21 61 61 22 60 60 21 65 65 23 64 64 22 63 63 22 68 68 23 67 67 2 66 66 23 71 71 1 70 70 2 69 69 25 74 74 24 73 73 1 72 72 24 77 77 3 76 76 1 75 75 24 80 80 26 79 79 3 78 78 26 83 83 27 82 82 3 81 81 3 86 86 27 85 85 5 84 84 27 89 89 28 88 88 5 87 87 5 92 92 28 91 91 29 90 90 5 95 95 29 94 94 7 93 93 29 98 98 30 97 97 7 96 96 7 101 101 30 100 100 31 99 99 7 104 104 31 103 103 9 102 102 31 107 107 32 106 106 9 105 105 9 110 110 32 109 109 33 108 108 9 113 113 33 112 112 11 111 111 33 116 116 34 115 115 11 114 114 11 119 119 34 118 118 35 117 117 11 122 122 35 121 121 13 120 120 35 125 125 36 124 124 13 123 123 13 128 128 36 127 127 37 126 126 39 131 131 17 130 130 38 129 129 17 134 134 15 133 133 38 132 132 38 137 137 15 136 136 40 135 135 15 140 140 37 139 139 40 138 138 19 143 143 17 142 142 41 141 141 17 146 146 39 145 145 41 144 144 43 149 149 21 148 148 42 147 147 21 152 152 19 151 151 42 150 150 42 155 155 19 154 154 44 153 153 19 158 158 41 157 157 44 156 156 23 161 161 21 160 160 45 159 159 21 164 164 43 163 163 45 162 162 25 167 167 1 166 166 46 165 165 1 170 170 23 169 169 46 168 168 46 173 173 23 172 172 47 171 171 23 176 176 45 175 175 47 174 174 48 179 179 2 178 178 0 177 177 48 182 182 0 181 181 4 180 180 48 185 185 4 184 184 6 183 183 48 188 188 6 187 187 8 186 186 48 191 191 8 190 190 10 189 189 48 194 194 10 193 193 12 192 192 48 197 197 12 196 196 14 195 195 48 200 200 14 199 199 16 198 198 48 203 203 16 202 202 18 201 201 48 206 206 18 205 205 20 204 204 48 209 209 20 208 208 22 207 207 48 212 212 22 211 211 2 210 210 15 215 215 13 214 214 37 213 213</p>
    </polylist>
   </mesh>
  </geometry>
  <geometry id="cut_silent_orb-lib" name="cut_silent_orb">
   <mesh>
    <source id="cut_silent_orb-lib-positions" name="position">
     <float_array id="cut_silent_orb-lib-positions-array" count="96">-1.79083 136.66890 25.46703 -1.79880 136.71280 25.56601 -2.04124 136.63921 25.62126 -1.75598 136.71460 25.53244 -1.54043 136.69859 25.31280 -1.70738 136.72369 25.50970 -1.84816 136.80070 25.79894 -1.86396 136.77370 25.75441 -1.92147 136.79089 25.84480 -1.82024 136.82910 25.83602 -1.80171 136.94270 26.06833 -1.58699 136.92860 25.84783 -1.63561 136.91960 25.87058 -1.55130 136.97240 25.91410 -1.54420 136.93040 25.81428 -1.30089 137.00200 25.75987 -1.49485 136.84261 25.58134 -1.47907 136.86951 25.62588 -1.42066 136.85030 25.53633 -1.52279 136.81410 25.54427 -1.78225 136.85699 25.86321 -1.73666 136.88251 25.87854 -1.68666 136.90379 25.88112 -1.86673 136.75000 25.70552 -1.85612 136.73109 25.65558 -1.83300 136.71840 25.60798 -1.51002 136.92480 25.77232 -1.48691 136.91209 25.72470 -1.47628 136.89330 25.67476 -1.56077 136.78619 25.51707 -1.60636 136.76080 25.50175 -1.65636 136.73940 25.49918</float_array>
     <technique_common>
      <accessor count="32" source="#cut_silent_orb-lib-positions-array" stride="3">
       <param name="X" type="float"/>
       <param name="Y" type="float"/>
       <param name="Z" type="float"/>
      </accessor>
     </technique_common>
    </source>
    <source id="cut_silent_orb-lib-normals" name="normal">
     <float_array id="cut_silent_orb-lib-normals-array" count="288">-0.34947 0.84546 -0.40381 -0.34937 0.84644 -0.40184 -0.35020 0.84911 -0.39543 -0.34947 0.84546 -0.40381 -0.35008 0.84539 -0.40343 -0.34937 0.84644 -0.40184 -0.34151 0.85018 -0.40071 -0.35008 0.84539 -0.40343 -0.34947 0.84546 -0.40381 -0.34151 0.85018 -0.40071 -0.34608 0.84794 -0.40154 -0.35008 0.84539 -0.40343 -0.35482 0.85132 -0.38647 -0.35020 0.84911 -0.39543 -0.35127 0.85053 -0.39141 -0.35482 0.85132 -0.38647 -0.35529 0.85098 -0.38680 -0.35020 0.84911 -0.39543 -0.35318 0.85157 -0.38741 -0.35529 0.85098 -0.38680 -0.35482 0.85132 -0.38647 -0.35318 0.85157 -0.38741 -0.34620 0.85422 -0.38788 -0.35529 0.85098 -0.38680 -0.33853 0.85855 -0.38508 -0.34620 0.85422 -0.38788 -0.34043 0.85735 -0.38609 -0.33853 0.85855 -0.38508 -0.33869 0.85851 -0.38503 -0.34620 0.85422 -0.38788 -0.33868 0.85789 -0.38642 -0.33869 0.85851 -0.38503 -0.33853 0.85855 -0.38508 -0.33868 0.85789 -0.38642 -0.33729 0.85542 -0.39305 -0.33869 0.85851 -0.38503 -0.33328 0.85283 -0.40201 -0.33729 0.85542 -0.39305 -0.33697 0.85401 -0.39638 -0.33328 0.85283 -0.40201 -0.33275 0.85327 -0.40150 -0.33729 0.85542 -0.39305 -0.33496 0.85261 -0.40106 -0.33275 0.85327 -0.40150 -0.33328 0.85283 -0.40201 -0.33496 0.85261 -0.40106 -0.34151 0.85018 -0.40071 -0.33275 0.85327 -0.40150 -0.34725 0.85310 -0.38941 -0.34620 0.85422 -0.38788 -0.35318 0.85157 -0.38741 -0.34725 0.85310 -0.38941 -0.34521 0.85403 -0.38918 -0.34620 0.85422 -0.38788 -0.34620 0.85422 -0.38788 -0.34450 0.85429 -0.38925 -0.34043 0.85735 -0.38609 -0.34620 0.85422 -0.38788 -0.34521 0.85403 -0.38918 -0.34450 0.85429 -0.38925 -0.35020 0.84911 -0.39543 -0.34977 0.85018 -0.39352 -0.35127 0.85053 -0.39141 -0.35020 0.84911 -0.39543 -0.34839 0.84970 -0.39577 -0.34977 0.85018 -0.39352 -0.34830 0.84933 -0.39665 -0.34839 0.84970 -0.39577 -0.35020 0.84911 -0.39543 -0.33910 0.85552 -0.39128 -0.33729 0.85542 -0.39305 -0.33868 0.85789 -0.38642 -0.33910 0.85552 -0.39128 -0.33878 0.85475 -0.39322 -0.33729 0.85542 -0.39305 -0.33729 0.85542 -0.39305 -0.33754 0.85421 -0.39546 -0.33697 0.85401 -0.39638 -0.33729 0.85542 -0.39305 -0.33878 0.85475 -0.39322 -0.33754 0.85421 -0.39546 -0.34004 0.85155 -0.39904 -0.34151 0.85018 -0.40071 -0.33496 0.85261 -0.40106 -0.34004 0.85155 -0.39904 -0.34175 0.85073 -0.39934 -0.34151 0.85018 -0.40071 -0.34151 0.85018 -0.40071 -0.34372 0.84971 -0.39981 -0.34608 0.84794 -0.40154 -0.34151 0.85018 -0.40071 -0.34175 0.85073 -0.39934 -0.34372 0.84971 -0.39981 -0.34937 0.84644 -0.40184 -0.34830 0.84933 -0.39665 -0.35020 0.84911 -0.39543</float_array>
     <technique_common>
      <accessor count="96" source="#cut_silent_orb-lib-normals-array" stride="3">
       <param name="X" type="float"/>
       <param name="Y" type="float"/>
       <param name="Z" type="float"/>
      </accessor>
     </technique_common>
    </source>
    <source id="cut_silent_orb-lib-texcoords">
     <float_array id="cut_silent_orb-lib-texcoords-array" count="192">0.01562 -0.98633 0.33887 -0.81250 0.01562 -0.01172 0.01562 -0.98633 0.29199 -0.98633 0.33887 -0.81250 0.01562 -0.01172 0.29199 -0.98633 0.01562 -0.98633 0.01562 -0.01172 0.33887 -0.81250 0.29199 -0.98633 0.98633 -0.29102 0.01562 -0.01172 0.81348 -0.33789 0.98633 -0.29102 0.98633 -0.01172 0.01562 -0.01172 0.81348 -0.33789 0.98633 -0.01172 0.98633 -0.29102 0.81348 -0.33789 0.01562 -0.01172 0.98633 -0.01172 0.29199 -0.98633 0.01562 -0.01172 0.33887 -0.81250 0.29199 -0.98633 0.01562 -0.98633 0.01562 -0.01172 0.33887 -0.81250 0.01562 -0.98633 0.29199 -0.98633 0.33887 -0.81250 0.01562 -0.01172 0.01562 -0.98633 0.98633 -0.29199 0.01562 -0.01172 0.81348 -0.33789 0.98633 -0.29199 0.98633 -0.01172 0.01562 -0.01172 0.81348 -0.33789 0.98633 -0.01172 0.98633 -0.29199 0.81348 -0.33789 0.01562 -0.01172 0.98633 -0.01172 0.63965 -0.38477 0.01562 -0.01172 0.81348 -0.33789 0.63965 -0.38477 0.51270 -0.51172 0.01562 -0.01172 0.01562 -0.01172 0.38477 -0.63867 0.33887 -0.81250 0.01562 -0.01172 0.51270 -0.51172 0.38477 -0.63867 0.01562 -0.01172 0.63965 -0.38477 0.81348 -0.33789 0.01562 -0.01172 0.51270 -0.51172 0.63965 -0.38477 0.38477 -0.63867 0.51270 -0.51172 0.01562 -0.01172 0.38477 -0.63867 0.01562 -0.01172 0.33887 -0.81250 0.38477 -0.63867 0.51270 -0.51172 0.01562 -0.01172 0.01562 -0.01172 0.63965 -0.38477 0.81348 -0.33789 0.01562 -0.01172 0.51270 -0.51172 0.63965 -0.38477 0.63965 -0.38477 0.01562 -0.01172 0.81348 -0.33789 0.63965 -0.38477 0.51270 -0.51172 0.01562 -0.01172 0.01562 -0.01172 0.38477 -0.63867 0.33887 -0.81250 0.01562 -0.01172 0.51270 -0.51172 0.38477 -0.63867 0.33887 -0.81250 0.38477 -0.63867 0.01562 -0.01172</float_array>
     <technique_common>
      <accessor count="96" offset="0" source="#cut_silent_orb-lib-texcoords-array" stride="2">
       <param name="U" type="float"/>
       <param name="V" type="float"/>
      </accessor>
     </technique_common>
    </source>
    <vertices id="cut_silent_orb-lib-vertices">
     <input semantic="POSITION" source="#cut_silent_orb-lib-positions"/>
    </vertices>
    <polylist count="32" material="_Unattached">
     <input offset="0" semantic="VERTEX" source="#cut_silent_orb-lib-vertices"/>
     <input offset="1" semantic="NORMAL" source="#cut_silent_orb-lib-normals"/>
     <input offset="2" semantic="TEXCOORD" source="#cut_silent_orb-lib-texcoords"/>
     <vcount>3 3 3 3 3 3 3 3 3 3 3 3 3 3 3 3 3 3 3 3 3 3 3 3 3 3 3 3 3 3 3 3</vcount>
     <p>2 2 2 1 1 1 0 0 0 1 5 5 3 4 4 0 3 3 0 8 8 3 7 7 4 6 6 3 11 11 5 10 10 4 9 9 7 14 14 2 13 13 6 12 12 2 17 17 8 16 16 6 15 15 6 20 20 8 19 19 9 18 18 8 23 23 10 22 22 9 21 21 12 26 26 10 25 25 11 24 24 10 29 29 13 28 28 11 27 27 11 32 32 13 31 31 14 30 30 13 35 35 15 34 34 14 33 33 17 38 38 15 37 37 16 36 36 15 41 41 18 40 40 16 39 39 16 44 44 18 43 43 19 42 42 18 47 47 4 46 46 19 45 45 9 50 50 10 49 49 20 48 48 10 53 53 21 52 52 20 51 51 12 56 56 22 55 55 10 54 54 22 59 59 21 58 58 10 57 57 7 62 62 23 61 61 2 60 60 23 65 65 24 64 64 2 63 63 2 68 68 24 67 67 25 66 66 14 71 71 15 70 70 26 69 69 15 74 74 27 73 73 26 72 72 17 77 77 28 76 76 15 75 75 28 80 80 27 79 79 15 78 78 19 83 83 4 82 82 29 81 81 4 86 86 30 85 85 29 84 84 5 89 89 31 88 88 4 87 87 31 92 92 30 91 91 4 90 90 2 95 95 25 94 94 1 93 93</p>
    </polylist>
   </mesh>
  </geometry>
  <geometry id="cut_silent_orb_1-lib" name="cut_silent_orb_1">
   <mesh>
    <source id="cut_silent_orb_1-lib-positions" name="position">
     <float_array id="cut_silent_orb_1-lib-positions-array" count="747">0.00000 144.04640 -10.96097 0.00000 126.05910 -8.47565 20.03125 145.66631 -6.96746 -20.03125 145.66631 -6.96746 4.71875 153.78870 8.52947 0.00000 157.96629 6.33720 6.37500 159.25780 3.95078 0.00000 153.81160 8.85713 6.43750 146.86360 10.63703 4.70312 136.06940 10.35386 16.01563 146.71870 6.61098 7.56250 126.80560 9.30793 15.65625 126.23210 -2.61226 11.00000 117.42790 8.71663 17.12500 117.85390 -3.67601 18.57496 93.72111 8.49255 24.07255 93.32257 -7.33787 30.08496 64.18739 -8.43139 0.00000 91.21143 -15.34717 0.00000 63.64893 -16.98779 -30.08496 64.18739 -8.43163 49.17358 158.56210 -1.78754 43.92358 153.84430 1.46202 38.07983 154.01620 1.66510 53.07999 153.84441 2.97769 50.15250 158.51520 -1.58626 76.55869 158.09340 -1.72434 54.84546 154.53140 -7.41136 76.77168 154.42210 -6.33382 49.25847 149.75121 -2.31607 76.59007 149.92300 -1.69296 76.39068 154.42239 2.47900 38.09546 149.07941 -3.67749 78.44471 154.29710 -6.09161 78.22940 157.67160 -1.98203 78.04577 153.14130 2.22141 78.26065 150.50110 -1.98193 84.73712 156.04201 3.44171 88.12905 155.82310 3.70703 85.25498 152.58920 3.92119 88.42995 156.26230 1.20635 87.36376 153.25250 -6.32082 88.39219 155.40880 -6.93336 88.09034 153.78250 -4.63660 88.61967 153.87410 -1.68635 83.92928 151.37270 1.08321 88.18009 153.73151 1.23699 87.87759 153.44881 3.39409 89.00909 147.16769 4.79048 80.55711 149.49760 1.70681 89.12680 146.79150 6.58625 90.31293 148.72890 6.28527 97.36587 152.90710 3.50659 97.28078 153.25070 2.00722 96.24029 151.79790 3.38687 96.17120 152.11031 1.96554 96.02880 149.36070 -1.78309 88.71528 156.29761 -4.65336 95.97663 149.17320 -2.92328 88.85397 156.63930 -1.70113 94.51361 149.07950 -1.68232 94.50738 148.82950 -3.02581 89.79687 152.81340 -3.91093 93.56378 149.28250 -4.33373 93.49614 149.14180 -5.44261 92.18320 149.00121 -5.53025 92.25172 149.20430 -4.23391 97.80551 151.71970 0.59882 97.75262 151.78210 -0.69760 96.54032 150.81360 0.69846 96.53322 150.86040 -0.83251 50.14233 149.71989 -3.89622 38.11108 151.84441 -7.48937 0.00000 117.56370 -10.41925 -17.12500 117.85390 -3.67601 -15.65625 126.23210 -2.61226 -11.00000 117.42790 8.71663 -7.56250 126.80560 9.30793 0.00000 162.93021 -11.49191 0.00000 172.60130 -13.75997 10.60938 172.58749 -6.88508 -10.60938 172.58749 -6.88508 -8.03125 163.05650 -6.49201 -6.10938 172.46530 4.11479 -5.28125 159.88440 2.72836 8.03125 163.05650 -6.49201 6.10938 172.46530 4.11479 5.28125 159.88440 2.72836 16.00122 101.97580 -0.22871 7.28247 99.33965 9.23465 7.40625 102.64890 9.37158 7.65747 63.13036 7.93307 14.96997 63.05887 -0.82907 14.50122 58.44265 -1.01178 11.95435 57.05647 -9.02971 13.43872 12.38674 -3.77963 11.01685 10.38086 -12.69524 12.15747 5.65094 -10.26866 2.15747 2.04134 9.80771 4.11060 8.24325 -4.08054 7.21997 10.05408 3.07615 3.07935 2.27469 -4.98818 1.92310 0.02684 9.67769 7.46997 5.35422 -10.95623 7.81372 2.36995 -11.42568 6.98560 -0.09597 18.61487 6.96997 1.90275 18.76036 13.59497 0.02748 9.61519 13.51685 2.04166 9.77646 12.18872 2.27459 -4.56631 11.40747 8.74313 -3.56479 7.11060 5.47408 11.02823 3.00122 0.25906 -4.95741 7.71997 0.35431 -11.37928 12.15747 0.25898 -4.64491 0.90747 12.84940 -4.19040 7.48560 16.96584 2.65934 7.53247 58.65056 7.34309 0.59497 58.03110 -0.14407 0.46997 62.60393 0.52584 -0.23315 96.87337 2.83075 0.00000 99.24268 3.79346 0.00000 97.82080 3.59033 0.23315 96.87337 2.83075 0.00000 98.78955 -5.06592 0.03003 97.51576 -4.81850 -0.03003 97.51576 -4.81850 3.51685 63.73072 -9.10257 2.54810 10.67737 -12.94371 3.42310 56.92815 -9.24081 12.14185 63.71143 -9.02527 13.40747 7.80544 -2.79939 15.75000 104.82080 -0.40967 8.59375 103.24270 -8.84717 8.86060 101.31760 -8.15829 12.87500 117.88070 -1.80032 11.34375 117.63810 6.56374 0.00000 126.84560 11.11240 0.00000 117.18570 10.52694 2.71997 5.36975 -10.54997 1.28247 6.88374 -3.54960 0.00000 117.58830 -8.59039 0.00000 103.39890 -8.98779 -8.59375 103.24270 -8.84717 0.00000 102.22710 9.68408 -7.40625 102.64890 9.37158 -4.71875 153.78870 8.52947 -6.37500 159.25780 3.95078 -43.92358 153.84430 1.46202 -49.17358 158.56210 -1.78754 -38.07983 154.01620 1.66510 -53.07999 153.84441 2.97769 -78.22940 157.67160 -1.98203 -76.39061 154.42239 2.46338 -78.04577 153.14130 2.22141 -76.55869 158.09340 -1.72434 -78.44471 154.29710 -6.09161 -76.77168 154.42210 -6.33382 -78.26065 150.50110 -1.98193 -76.59007 149.92300 -1.69296 -90.31293 148.72890 6.28527 -89.12680 146.79150 6.58625 -85.25498 152.58920 3.92119 -87.36376 153.25250 -6.32082 -88.37656 155.40880 -6.93329 -88.09034 153.78250 -4.63660 -88.61967 153.87410 -1.68635 -89.00909 147.16769 4.79048 -80.55711 149.49760 1.70681 -83.92928 151.37270 1.08321 -88.18009 153.73151 1.23699 -97.36587 152.90710 3.50659 -88.42995 156.26230 1.20635 -88.12905 155.82310 3.70703 -97.28078 153.25070 2.00722 -87.87759 153.44881 3.39409 -96.24029 151.79790 3.38687 -96.17120 152.11031 1.96554 -96.02880 149.36070 -1.78309 -88.71528 156.29761 -4.65336 -88.85397 156.63930 -1.70113 -95.97663 149.17320 -2.92328 -89.79687 152.81340 -3.91093 -94.51361 149.07950 -1.68232 -94.50738 148.82950 -3.02581 -93.56378 149.28250 -4.33373 -93.49614 149.14180 -5.44261 -92.18320 149.00121 -5.53025 -92.25172 149.20430 -4.23391 -84.73712 156.04201 3.44171 -97.80551 151.71970 0.59882 -97.75262 151.78210 -0.69760 -96.54032 150.81360 0.69846 -96.53322 150.86040 -0.83251 -54.84546 154.53140 -7.41136 -49.25847 149.75121 -2.31607 -50.14233 149.71989 -3.89622 -38.09546 149.07941 -3.67749 -15.29688 146.71870 6.61098 -38.11108 151.84441 -7.48937 -50.15250 158.51520 -1.58626 -18.57496 93.72111 8.49231 -25.36069 62.58340 8.85777 -24.07255 93.32257 -7.33812 -16.00122 101.97580 -0.22871 -7.28247 99.33965 9.23465 -15.75000 104.82080 -0.40967 -8.86060 101.31760 -8.15829 -11.34375 117.63810 6.56374 -6.98560 -0.09597 18.61487 -6.96997 1.90275 18.76036 -2.15747 2.04134 9.80771 -13.59497 0.02748 9.61519 -3.07935 2.27469 -4.98818 -12.18872 2.27459 -4.56631 -1.92310 0.02684 9.67769 -7.46997 5.35422 -10.95623 -7.81372 2.36995 -11.42568 -11.40747 8.74313 -3.56479 -13.51685 2.04166 9.77646 -7.21997 10.05408 3.07615 -3.00122 0.25906 -4.95741 -7.71997 0.35431 -11.37928 -12.15747 0.25898 -4.64491 -0.90747 12.84940 -4.19040 -1.28247 6.88374 -3.54960 -7.48560 16.96584 2.65934 -0.46997 62.60393 0.52584 -3.51685 63.73072 -9.10257 -2.54810 10.67737 -12.94371 -0.59497 58.03110 -0.14407 -3.42310 56.92815 -9.24081 -7.53247 58.65056 7.34309 -12.14185 63.71143 -9.02527 -14.96997 63.05887 -0.82907 -11.95435 57.05647 -9.02971 -7.67310 63.13036 7.93307 -14.50122 58.44265 -1.01178 -13.43872 12.38674 -3.77963 -11.01685 10.38086 -12.69524 -12.15747 5.65094 -10.26866 -13.40747 7.80544 -2.79939 -12.87500 117.88070 -1.80032 -4.11060 8.24325 -4.08054 -2.71997 5.36975 -10.54997 -4.70312 136.06940 10.35386 -6.43750 146.86360 10.63703 -7.11060 5.47408 11.02823 25.36069 62.58340 8.85801</float_array>
     <technique_common>
      <accessor count="249" source="#cut_silent_orb_1-lib-positions-array" stride="3">
       <param name="X" type="float"/>
       <param name="Y" type="float"/>
       <param name="Z" type="float"/>
      </accessor>
     </technique_common>
    </source>
    <source id="cut_silent_orb_1-lib-normals" name="normal">
     <float_array id="cut_silent_orb_1-lib-normals-array" count="4062">0.00000 -0.13687 -0.99059 -0.00000 -0.00024 -1.00000 0.27577 -0.30476 -0.91163 0.00000 -0.13687 -0.99059 -0.27577 -0.30476 -0.91163 -0.00000 -0.00024 -1.00000 0.09657 0.44293 0.89134 0.00000 0.40429 0.91463 0.47125 0.19016 0.86126 0.09657 0.44293 0.89134 -0.00000 0.37870 0.92552 0.00000 0.40429 0.91463 0.03081 0.00970 0.99948 -0.00000 0.37870 0.92552 0.09657 0.44293 0.89134 0.03081 0.00970 0.99948 0.26175 -0.02281 0.96487 -0.00000 0.37870 0.92552 0.71444 -0.20745 0.66823 0.26175 -0.02281 0.96487 0.03081 0.00970 0.99948 0.71444 -0.20745 0.66823 0.56310 -0.08032 0.82248 0.26175 -0.02281 0.96487 0.87635 -0.03297 0.48055 0.56310 -0.08032 0.82248 0.71444 -0.20745 0.66823 0.87635 -0.03297 0.48055 0.84844 0.23639 0.47358 0.56310 -0.08032 0.82248 0.89018 0.18496 0.41637 0.84844 0.23639 0.47358 0.87635 -0.03297 0.48055 0.89018 0.18496 0.41637 0.91955 0.21282 0.33037 0.84844 0.23639 0.47358 0.92798 0.19527 0.31735 0.91955 0.21282 0.33037 0.89018 0.18496 0.41637 0.92798 0.19527 0.31735 0.93636 0.19934 0.28896 0.91955 0.21282 0.33037 0.00000 0.14147 -0.98994 0.28849 0.07693 -0.95439 0.29952 0.15575 -0.94129 0.00000 0.14147 -0.98994 0.00000 0.05942 -0.99823 0.28849 0.07693 -0.95439 -0.28848 0.07692 -0.95439 0.00000 0.05942 -0.99823 0.00000 0.14147 -0.98994 0.35073 -0.05364 -0.93494 -0.00000 -0.00024 -1.00000 0.33569 0.19172 -0.92226 0.35073 -0.05364 -0.93494 0.27577 -0.30476 -0.91163 -0.00000 -0.00024 -1.00000 0.71444 -0.20745 0.66823 0.94527 -0.14759 0.29099 0.87635 -0.03297 0.48055 -0.09967 0.63785 0.76368 -0.00345 0.56985 0.82174 0.04504 0.53220 0.84542 -0.09967 0.63785 0.76368 -0.03463 0.69177 0.72128 -0.00345 0.56985 0.82174 -0.07510 0.67243 0.73634 -0.03463 0.69177 0.72128 -0.09967 0.63785 0.76368 -0.07510 0.67243 0.73634 0.14081 0.73868 0.65918 -0.03463 0.69177 0.72128 0.01911 0.82615 -0.56312 0.06448 0.78431 -0.61701 0.09812 0.85651 -0.50672 0.01911 0.82615 -0.56312 0.09018 0.78105 -0.61792 0.06448 0.78431 -0.61701 0.02685 -0.73807 -0.67419 0.03984 -0.72696 -0.68552 0.04991 -0.72230 -0.68978 0.02685 -0.73807 -0.67419 0.06684 -0.71769 -0.69315 0.03984 -0.72696 -0.68552 -0.15414 -0.68814 0.70902 0.09625 -0.74287 0.66248 0.34924 -0.70969 0.61186 0.18827 -0.79471 0.57706 0.18759 -0.72114 0.66691 -0.00271 -0.77879 0.62727 0.18827 -0.79471 0.57706 0.71444 -0.20745 0.66823 0.18759 -0.72114 0.66691 0.16239 -0.97892 0.12390 0.16239 -0.97892 0.12390 0.18827 -0.79471 0.57706 0.06448 0.78431 -0.61701 0.03293 0.79203 -0.60959 0.04866 0.86936 -0.49179 0.06448 0.78431 -0.61701 0.09018 0.78105 -0.61792 0.03293 0.79203 -0.60959 0.27142 0.69160 0.66934 0.06175 0.71536 0.69602 -0.02622 0.56159 0.82700 0.27142 0.69160 0.66934 0.14081 0.73868 0.65918 0.06175 0.71536 0.69602 -0.45470 -0.65419 0.60439 0.09625 -0.74287 0.66248 -0.15414 -0.68814 0.70902 -0.45470 -0.65419 0.60439 0.38219 -0.91422 0.13465 0.09625 -0.74287 0.66248 0.03984 -0.72696 -0.68552 0.04043 -0.72546 -0.68708 -0.02866 -0.70803 -0.70560 0.03984 -0.72696 -0.68552 0.06684 -0.71769 -0.69315 0.04043 -0.72546 -0.68708 -0.20965 0.24056 0.94772 0.02312 -0.05463 0.99824 -0.13913 0.18658 0.97254 0.06413 0.97723 0.20225 0.21833 0.95874 0.18209 0.17111 0.96669 0.19037 -0.02866 -0.70803 -0.70560 -0.04951 -0.31642 -0.94733 -0.04387 -0.25358 -0.96632 -0.02866 -0.70803 -0.70560 0.04043 -0.72546 -0.68708 -0.04951 -0.31642 -0.94733 0.38219 -0.91422 0.13465 -0.14954 -0.96642 0.20896 0.34767 -0.92685 0.14168 0.38219 -0.91422 0.13465 -0.09206 -0.99508 -0.03667 -0.14954 -0.96642 0.20896 0.33667 -0.84929 -0.40666 -0.09206 -0.99508 -0.03667 0.38219 -0.91422 0.13465 0.33667 -0.84929 -0.40666 0.10803 -0.99308 -0.04609 -0.09206 -0.99508 -0.03667 0.43074 -0.89826 0.08713 0.10803 -0.99308 -0.04609 0.33667 -0.84929 -0.40666 0.43074 -0.89826 0.08713 0.09164 -0.98862 -0.11928 0.10803 -0.99308 -0.04609 -0.45470 -0.65419 0.60439 -0.40927 -0.39803 0.82102 -0.55302 -0.47758 0.68270 -0.45470 -0.65419 0.60439 -0.44424 -0.88227 -0.15570 -0.36283 -0.88345 -0.29644 -0.20883 0.28189 0.93645 -0.21166 0.27527 0.93778 -0.02622 0.56159 0.82700 0.29965 0.93340 0.19743 0.21833 0.95874 0.18209 0.29980 0.93346 0.19690 0.29965 0.93340 0.19743 0.17111 0.96669 0.19037 0.21833 0.95874 0.18209 0.12349 -0.14103 0.98227 -0.01746 -0.09914 0.99492 -0.01696 -0.09027 0.99577 0.12349 -0.14103 0.98227 0.02312 -0.05463 0.99824 -0.01746 -0.09914 0.99492 0.07834 -0.03610 -0.99627 0.08546 -0.02280 -0.99608 0.08663 -0.02061 -0.99603 0.07834 -0.03610 -0.99627 0.07704 -0.03854 -0.99628 0.08546 -0.02280 -0.99608 0.27865 -0.93534 -0.21795 0.70323 -0.68480 -0.19109 0.70640 -0.68015 -0.19595 0.27865 -0.93534 -0.21795 0.29535 -0.93001 -0.21877 0.70323 -0.68480 -0.19109 0.09164 -0.98862 -0.11928 0.29535 -0.93001 -0.21877 0.27865 -0.93534 -0.21795 0.70980 0.69030 -0.14027 0.38857 0.87565 -0.28679 0.71034 0.68860 -0.14574 0.70980 0.69030 -0.14027 0.35540 0.93452 0.01925 0.38857 0.87565 -0.28679 -0.27502 -0.94735 0.16399 -0.27450 -0.94628 0.17088 -0.59390 -0.80093 0.07614 -0.27502 -0.94735 0.16399 0.20394 -0.96533 0.16296 -0.27450 -0.94628 0.17088 -0.09206 -0.99508 -0.03667 -0.59390 -0.80093 0.07614 -0.14954 -0.96642 0.20896 -0.09206 -0.99508 -0.03667 -0.27502 -0.94735 0.16399 -0.59390 -0.80093 0.07614 0.78675 0.59604 -0.16050 0.78775 0.53669 -0.30235 0.78366 0.60849 -0.12501 0.78675 0.59604 -0.16050 0.38857 0.87565 -0.28679 0.78775 0.53669 -0.30235 0.04334 -0.14648 -0.98826 -0.04951 -0.31642 -0.94733 0.07669 -0.09759 -0.99227 0.04334 -0.14648 -0.98826 -0.04387 -0.25358 -0.96632 -0.04951 -0.31642 -0.94733 -0.14954 -0.96642 0.20896 -0.38526 -0.90282 0.19103 -0.62687 -0.62385 0.46675 -0.14954 -0.96642 0.20896 -0.37554 -0.91240 0.16279 -0.38526 -0.90282 0.19103 0.20564 -0.13727 -0.96895 0.09227 -0.14319 -0.98539 0.10074 -0.13664 -0.98549 0.20564 -0.13727 -0.96895 0.08566 -0.18213 -0.97954 0.09227 -0.14319 -0.98539 0.01200 0.01147 0.99986 0.05198 0.04139 0.99779 0.00343 0.00505 0.99998 0.01200 0.01147 0.99986 0.05783 0.04578 0.99728 0.05198 0.04139 0.99779 -0.03409 0.02577 0.99909 0.03751 0.11245 0.99295 0.06632 0.14708 0.98690 -0.03409 0.02577 0.99909 -0.04136 0.01693 0.99900 0.03751 0.11245 0.99295 0.82501 -0.03735 -0.56388 0.80238 -0.10814 -0.58694 0.82930 -0.53353 -0.16613 0.82501 -0.03735 -0.56388 0.66955 0.44175 -0.59712 0.80238 -0.10814 -0.58694 0.65624 0.53235 -0.53474 0.66955 0.44175 -0.59712 0.82501 -0.03735 -0.56388 -0.02622 0.56159 0.82700 -0.13913 0.18658 0.97254 -0.20883 0.28189 0.93645 -0.02622 0.56159 0.82700 -0.20965 0.24056 0.94772 -0.13913 0.18658 0.97254 0.06175 0.71536 0.69602 -0.20965 0.24056 0.94772 -0.02622 0.56159 0.82700 0.04866 0.86936 -0.49179 0.21833 0.95874 0.18209 0.06413 0.97723 0.20225 0.35540 0.93452 0.01925 0.21833 0.95874 0.18209 0.04866 0.86936 -0.49179 0.38857 0.87565 -0.28679 0.03293 0.79203 -0.60959 -0.13297 0.92967 -0.34357 0.38857 0.87565 -0.28679 0.04866 0.86936 -0.49179 0.03293 0.79203 -0.60959 0.35540 0.93452 0.01925 0.04866 0.86936 -0.49179 0.38857 0.87565 -0.28679 -0.55302 -0.47758 0.68270 -0.75905 -0.56807 0.31801 -0.45470 -0.65419 0.60439 0.30363 -0.74400 -0.59521 0.33667 -0.84929 -0.40666 0.38219 -0.91422 0.13465 0.47092 0.88070 0.05097 0.35540 0.93452 0.01925 0.47700 0.87861 0.02283 0.47092 0.88070 0.05097 0.21833 0.95874 0.18209 0.35540 0.93452 0.01925 0.06667 0.00624 0.99776 0.06978 0.01088 0.99750 0.06621 0.00554 0.99779 0.06667 0.00624 0.99776 0.07025 0.01159 0.99746 0.06978 0.01088 0.99750 0.10998 -0.00325 -0.99393 0.10316 -0.01241 -0.99459 0.10201 -0.01396 -0.99469 0.10998 -0.00325 -0.99393 0.11119 -0.00163 -0.99380 0.10316 -0.01241 -0.99459 0.11497 -0.99223 -0.04764 0.59359 -0.80350 -0.04525 0.60622 -0.79281 -0.06290 0.11497 -0.99223 -0.04764 0.12008 -0.99228 -0.03089 0.59359 -0.80350 -0.04525 0.10803 -0.99308 -0.04609 0.12008 -0.99228 -0.03089 0.11497 -0.99223 -0.04764 0.08403 -0.98726 0.13514 -0.38526 -0.90282 0.19103 -0.37554 -0.91240 0.16279 0.08403 -0.98726 0.13514 0.09783 -0.98801 0.11940 -0.38526 -0.90282 0.19103 0.34924 -0.70969 0.61186 -0.00900 -0.81557 0.57858 -0.15414 -0.68814 0.70902 -0.48542 0.82552 -0.28788 -0.48542 0.82552 -0.28788 0.78091 -0.43787 0.44548 0.46376 -0.67723 0.57121 0.34924 -0.70969 0.61186 0.04991 -0.72230 -0.68978 0.14240 -0.78218 -0.60656 0.09630 -0.68155 -0.72541 0.46376 -0.67723 0.57121 -0.00271 -0.77879 0.62727 -0.00900 -0.81557 0.57858 0.46376 -0.67723 0.57121 0.18827 -0.79471 0.57706 -0.00271 -0.77879 0.62727 0.14240 -0.78218 -0.60656 0.14342 -0.80138 -0.58070 0.09630 -0.68155 -0.72541 0.14240 -0.78218 -0.60656 0.27577 -0.30476 -0.91163 0.14342 -0.80138 -0.58070 0.33569 0.19172 -0.92226 0.00000 0.14147 -0.98994 0.29952 0.15575 -0.94129 0.33569 0.19172 -0.92226 0.00000 0.20234 -0.97931 0.00000 0.14147 -0.98994 -0.00000 -0.00024 -1.00000 0.00000 0.20234 -0.97931 0.33569 0.19172 -0.92226 -0.00000 -0.00024 -1.00000 -0.33569 0.19172 -0.92226 0.00000 0.20234 -0.97931 -0.35073 -0.05364 -0.93494 -0.33569 0.19172 -0.92226 -0.00000 -0.00024 -1.00000 -0.87311 -0.02082 0.48707 -0.84844 0.23638 0.47358 -0.89018 0.18496 0.41637 -0.56820 -0.07337 0.81961 -0.84844 0.23638 0.47358 -0.87311 -0.02082 0.48707 -0.52882 0.18592 0.82812 -0.53339 0.19313 0.82352 -0.52808 0.18476 0.82885 0.52882 0.18592 0.82812 0.52808 0.18476 0.82885 0.53339 0.19313 0.82352 0.52227 0.17569 0.83448 0.52808 0.18476 0.82885 0.52882 0.18592 0.82812 0.93740 0.15825 -0.31023 0.88884 0.15803 -0.43009 0.90187 0.22885 -0.36641 0.78945 0.11834 -0.60229 0.88884 0.15803 -0.43009 0.93740 0.15825 -0.31023 0.78945 0.11834 -0.60229 0.59060 0.12670 -0.79696 0.88884 0.15803 -0.43009 -0.93740 0.15825 -0.31023 -0.90187 0.22885 -0.36641 -0.88884 0.15803 -0.43009 -0.52227 0.17569 0.83448 -0.52882 0.18592 0.82812 -0.52808 0.18476 0.82885 0.84633 0.01041 0.53256 0.47125 0.19016 0.86126 0.00000 0.40429 0.91463 0.84633 0.01041 0.53256 0.92540 0.01391 0.37873 0.47125 0.19016 0.86126 -0.78945 0.11834 -0.60229 -0.88884 0.15803 -0.43009 -0.59060 0.12670 -0.79696 -0.78945 0.11834 -0.60229 -0.93740 0.15825 -0.31023 -0.88884 0.15803 -0.43009 0.74573 0.03902 0.66510 0.73970 -0.03374 0.67209 0.54607 -0.03275 0.83710 0.74573 0.03902 0.66510 0.76258 -0.06451 0.64367 0.73970 -0.03374 0.67209 0.98056 -0.06108 0.18647 0.76258 -0.06451 0.64367 0.74573 0.03902 0.66510 0.98056 -0.06108 0.18647 0.97666 -0.07419 0.20157 0.76258 -0.06451 0.64367 0.95192 -0.02144 -0.30559 0.97666 -0.07419 0.20157 0.98056 -0.06108 0.18647 0.95192 -0.02144 -0.30559 0.97529 0.01962 0.22005 0.97666 -0.07419 0.20157 0.96152 0.04429 -0.27115 0.97529 0.01962 0.22005 0.95192 -0.02144 -0.30559 0.96152 0.04429 -0.27115 0.96843 0.05090 -0.24405 0.97529 0.01962 0.22005 -0.88833 0.37229 0.26885 -0.93022 0.32736 -0.16590 -0.78887 0.40945 0.45830 -0.88833 0.37229 0.26885 -0.90463 0.12501 -0.40746 -0.93022 0.32736 -0.16590 -0.96938 0.09825 0.22507 -0.90463 0.12501 -0.40746 -0.88833 0.37229 0.26885 -0.90463 0.12501 -0.40746 -0.67078 -0.07126 -0.73823 -0.93022 0.32736 -0.16590 -0.90463 0.12501 -0.40746 -0.80573 0.01249 -0.59215 -0.67078 -0.07126 -0.73823 -0.88833 0.37229 0.26885 -0.87937 -0.02779 0.47533 -0.96938 0.09825 0.22507 -0.88833 0.37229 0.26885 -0.86047 0.20656 0.46575 -0.87937 -0.02779 0.47533 0.96369 0.01473 0.26661 0.87712 0.35809 0.32007 0.91082 0.10642 -0.39886 0.96369 0.01473 0.26661 0.77822 0.25450 0.57411 0.87712 0.35809 0.32007 0.80569 -0.03674 0.59120 0.77822 0.25450 0.57411 0.96369 0.01473 0.26661 0.00378 -0.98795 -0.15475 0.00127 -0.99501 -0.09972 0.00727 -0.98754 -0.15720 0.00378 -0.98795 -0.15475 -0.00045 -0.99553 -0.09441 0.00127 -0.99501 -0.09972 0.91082 0.10642 -0.39886 0.50221 -0.13069 -0.85481 0.84187 0.06204 -0.53610 0.91082 0.10642 -0.39886 0.92423 0.35048 -0.15156 0.50221 -0.13069 -0.85481 0.87712 0.35809 0.32007 0.92423 0.35048 -0.15156 0.91082 0.10642 -0.39886 0.87712 0.35809 0.32007 0.71459 0.47449 0.51402 0.92423 0.35048 -0.15156 0.49187 0.76940 0.40753 0.71459 0.47449 0.51402 0.87712 0.35809 0.32007 -0.58934 0.72027 0.36590 -0.88833 0.37229 0.26885 -0.78887 0.40945 0.45830 -0.86047 0.20656 0.46575 -0.88833 0.37229 0.26885 -0.58934 0.72027 0.36590 -0.80559 0.02245 -0.59205 -0.80573 0.01249 -0.59215 -0.90463 0.12501 -0.40746 -0.80559 0.02245 -0.59205 -0.80578 0.02386 -0.59173 -0.80573 0.01249 -0.59215 0.91082 0.10642 -0.39886 0.84085 -0.04227 -0.53961 0.83504 0.00850 -0.55012 0.91082 0.10642 -0.39886 0.84187 0.06204 -0.53610 0.84085 -0.04227 -0.53961 -0.03578 -0.03072 0.99889 -0.04455 0.00923 0.99896 -0.04626 0.01704 0.99878 -0.03578 -0.03072 0.99889 -0.03409 -0.03841 0.99868 -0.04455 0.00923 0.99896 -0.96738 -0.02138 0.25241 -0.71329 -0.02561 0.70040 -0.78887 0.40945 0.45830 -0.96738 -0.02138 0.25241 -0.71992 -0.07680 0.68979 -0.71329 -0.02561 0.70040 -0.97564 -0.03616 0.21636 -0.71992 -0.07680 0.68979 -0.96738 -0.02138 0.25241 -0.97564 -0.03616 0.21636 -0.96716 -0.06118 0.24670 -0.71992 -0.07680 0.68979 -0.92889 0.01334 0.37012 -0.61600 -0.03932 0.78676 -0.70729 -0.06381 0.70403 -0.92889 0.01334 0.37012 0.00000 -0.50754 0.86163 -0.61600 -0.03932 0.78676 0.96362 0.09986 -0.24790 0.93562 0.04992 -0.34946 0.93562 0.04992 -0.34946 -0.96362 0.09986 -0.24790 -0.93562 0.04992 -0.34946 -0.93562 0.04992 -0.34946 0.99903 0.03938 -0.01994 0.92887 0.01326 0.37018 0.96362 0.09986 -0.24790 0.99903 0.03938 -0.01994 0.99874 -0.00231 -0.05007 0.92887 0.01326 0.37018 -0.96716 -0.06118 0.24670 -0.99874 -0.00231 -0.05007 -0.92889 0.01334 0.37012 -0.96716 -0.06118 0.24670 -0.93133 -0.01387 -0.36391 -0.99874 -0.00231 -0.05007 -0.98242 -0.04744 -0.18055 -0.97564 -0.03616 0.21636 -0.96738 -0.02138 0.25241 -0.98242 -0.04744 -0.18055 -0.95328 0.03163 -0.30044 -0.97564 -0.03616 0.21636 0.98056 -0.06108 0.18647 0.93293 -0.01450 -0.35976 0.95192 -0.02144 -0.30559 0.98056 -0.06108 0.18647 0.75946 0.04403 -0.64906 0.93293 -0.01450 -0.35976 -0.96716 -0.06118 0.24670 -0.70729 -0.06381 0.70403 -0.71992 -0.07680 0.68979 -0.96716 -0.06118 0.24670 -0.92889 0.01334 0.37012 -0.70729 -0.06381 0.70403 0.97666 -0.07419 0.20157 0.76093 -0.08375 0.64341 0.76258 -0.06451 0.64367 0.97666 -0.07419 0.20157 0.97529 0.01962 0.22005 0.76093 -0.08375 0.64341 0.97529 0.01962 0.22005 0.71630 -0.04768 0.69616 0.76093 -0.08375 0.64341 0.97529 0.01962 0.22005 0.71459 0.47449 0.51402 0.71630 -0.04768 0.69616 0.96011 0.05223 0.27471 0.71459 0.47449 0.51402 0.97529 0.01962 0.22005 0.82831 0.08403 -0.55393 0.50169 -0.04565 -0.86384 0.72357 -0.01403 -0.69011 0.82831 0.08403 -0.55393 0.87404 0.25744 -0.41205 0.50169 -0.04565 -0.86384 0.73508 0.10088 0.67043 0.87404 0.25744 -0.41205 0.82831 0.08403 -0.55393 -0.96716 -0.06118 0.24670 -0.95328 0.03163 -0.30044 -0.93133 -0.01387 -0.36391 -0.96716 -0.06118 0.24670 -0.97564 -0.03616 0.21636 -0.95328 0.03163 -0.30044 -0.00000 -0.35606 -0.93446 -0.28372 -0.19868 -0.93810 -0.21600 -0.35537 -0.90943 -0.00000 -0.35606 -0.93446 -0.34429 -0.01947 -0.93866 -0.28372 -0.19868 -0.93810 0.28936 -0.11307 0.95052 0.00000 -0.11935 0.99285 0.56310 -0.08032 0.82248 0.28936 -0.11307 0.95052 0.00000 -0.00380 0.99999 0.00000 -0.11935 0.99285 -0.40019 -0.90253 0.15902 -0.08269 -0.90843 0.40977 0.01459 -0.91246 0.40890 -0.40019 -0.90253 0.15902 -0.46342 -0.87522 0.13871 -0.08269 -0.90843 0.40977 0.07453 -0.99714 -0.01266 -0.46342 -0.87522 0.13871 -0.40019 -0.90253 0.15902 0.13300 -0.91608 0.37830 0.38926 -0.90244 0.18461 0.01459 -0.91246 0.40890 0.13300 -0.91608 0.37830 0.45327 -0.87343 0.17795 0.38926 -0.90244 0.18461 0.00000 0.21567 -0.97647 0.50169 -0.04565 -0.86384 0.87404 0.25744 -0.41205 0.00000 0.21567 -0.97647 0.00000 -0.32722 -0.94495 0.50169 -0.04565 -0.86384 -0.37031 -0.11679 -0.92154 0.00000 -0.32722 -0.94495 0.00000 0.21567 -0.97647 -0.37031 -0.11679 -0.92154 -0.00000 -0.35606 -0.93446 0.00000 -0.32722 -0.94495 0.05879 -0.17145 -0.98344 0.50221 -0.13069 -0.85481 0.15768 -0.42039 -0.89354 0.05879 -0.17145 -0.98344 0.00257 -0.14462 -0.98948 0.50221 -0.13069 -0.85481 0.02462 0.03858 -0.99895 0.00257 -0.14462 -0.98948 0.05879 -0.17145 -0.98344 0.02462 0.03858 -0.99895 0.01962 0.04626 -0.99874 0.00257 -0.14462 -0.98948 0.01359 0.01609 -0.99978 0.01962 0.04626 -0.99874 0.02462 0.03858 -0.99895 0.01359 0.01609 -0.99978 0.00901 0.02192 -0.99972 0.01962 0.04626 -0.99874 0.72357 -0.01403 -0.69011 0.00901 0.02192 -0.99972 0.01359 0.01609 -0.99978 -0.96738 -0.02138 0.25241 -0.98124 -0.09532 -0.16755 -0.98242 -0.04744 -0.18055 -0.96738 -0.02138 0.25241 -0.97622 -0.03845 0.21334 -0.98124 -0.09532 -0.16755 -0.78887 0.40945 0.45830 -0.97622 -0.03845 0.21334 -0.96738 -0.02138 0.25241 0.75946 0.04403 -0.64906 0.72357 -0.01403 -0.69011 0.93293 -0.01450 -0.35976 0.75946 0.04403 -0.64906 0.82831 0.08403 -0.55393 0.72357 -0.01403 -0.69011 0.54607 -0.03275 0.83710 0.75825 0.02160 0.65161 0.74573 0.03902 0.66510 0.54607 -0.03275 0.83710 0.73508 0.10088 0.67043 0.75825 0.02160 0.65161 -0.99903 0.03938 -0.01994 -0.92889 0.01334 0.37012 -0.99874 -0.00231 -0.05007 -0.99903 0.03938 -0.01994 -0.96362 0.09986 -0.24790 -0.92889 0.01334 0.37012 0.54607 -0.03275 0.83710 0.00000 -0.00380 0.99999 0.73508 0.10088 0.67043 0.54607 -0.03275 0.83710 -0.00000 -0.05626 0.99842 0.00000 -0.00380 0.99999 0.00000 -0.50754 0.86163 0.00000 -0.89205 0.45194 0.06970 -0.88988 0.45085 0.00000 -0.50754 0.86163 -0.06970 -0.88988 0.45085 0.00000 -0.89205 0.45194 0.00000 0.40429 0.91463 -0.09657 0.44293 0.89134 -0.47125 0.19016 0.86126 0.00000 0.40429 0.91463 -0.00000 0.37870 0.92552 -0.09657 0.44293 0.89134 0.00345 0.56985 0.82174 0.09967 0.63785 0.76368 -0.04504 0.53220 0.84542 0.00345 0.56985 0.82174 0.03460 0.69166 0.72139 0.09967 0.63785 0.76368 -0.07095 0.82861 0.55531 -0.26992 0.69110 0.67047 0.02888 0.56155 0.82694 -0.07095 0.82861 0.55531 -0.14095 0.73755 0.66042 -0.26992 0.69110 0.67047 -0.03292 0.79207 -0.60954 -0.06448 0.78431 -0.61701 -0.03435 0.77327 -0.63315 -0.03292 0.79207 -0.60954 -0.09018 0.78105 -0.61792 -0.06448 0.78431 -0.61701 -0.14908 -0.81260 -0.56343 -0.03984 -0.72696 -0.68552 0.02867 -0.70802 -0.70561 -0.14908 -0.81260 -0.56343 -0.06684 -0.71769 -0.69315 -0.03984 -0.72696 -0.68552 0.45702 -0.65289 0.60404 -0.09564 -0.74216 0.66336 -0.35877 -0.78206 0.50957 0.45702 -0.65289 0.60404 0.15634 -0.68676 0.70987 -0.09564 -0.74216 0.66336 0.20883 0.28189 0.93645 0.02888 0.56155 0.82694 0.21166 0.27527 0.93778 0.20883 0.28189 0.93645 0.13913 0.18658 0.97254 0.02888 0.56155 0.82694 0.04954 -0.31663 -0.94725 0.02867 -0.70802 -0.70561 0.04399 -0.25379 -0.96626 0.04954 -0.31663 -0.94725 -0.14908 -0.81260 -0.56343 0.02867 -0.70802 -0.70561 0.14954 -0.96642 0.20896 -0.14908 -0.81260 -0.56343 -0.34767 -0.92685 0.14168 0.14954 -0.96642 0.20896 0.09206 -0.99508 -0.03667 -0.14908 -0.81260 -0.56343 0.40927 -0.39803 0.82102 0.45702 -0.65289 0.60404 0.55302 -0.47758 0.68270 0.36283 -0.88345 -0.29644 0.44424 -0.88227 -0.15570 0.45702 -0.65289 0.60404 -0.33667 -0.84929 -0.40666 0.09206 -0.99508 -0.03667 -0.10803 -0.99308 -0.04609 -0.33667 -0.84929 -0.40666 -0.14908 -0.81260 -0.56343 0.09206 -0.99508 -0.03667 -0.30363 -0.74400 -0.59521 -0.14908 -0.81260 -0.56343 -0.33667 -0.84929 -0.40666 0.55302 -0.47758 0.68270 0.45702 -0.65289 0.60404 0.75905 -0.56807 0.31801 -0.29965 0.93340 0.19743 -0.21833 0.95874 0.18209 -0.17111 0.96669 0.19037 -0.29965 0.93340 0.19743 -0.29980 0.93346 0.19690 -0.21833 0.95874 0.18209 -0.12349 -0.14103 0.98227 0.01746 -0.09914 0.99492 -0.02312 -0.05463 0.99824 -0.12349 -0.14103 0.98227 0.01696 -0.09027 0.99577 0.01746 -0.09914 0.99492 -0.07834 -0.03610 -0.99627 -0.08546 -0.02280 -0.99608 -0.07704 -0.03854 -0.99628 -0.07834 -0.03610 -0.99627 -0.08663 -0.02061 -0.99603 -0.08546 -0.02280 -0.99608 -0.70323 -0.68480 -0.19109 -0.27865 -0.93534 -0.21795 -0.70640 -0.68015 -0.19595 -0.70323 -0.68480 -0.19109 -0.29535 -0.93001 -0.21877 -0.27865 -0.93534 -0.21795 -0.27865 -0.93534 -0.21795 -0.09164 -0.98862 -0.11928 -0.10803 -0.99308 -0.04609 -0.27865 -0.93534 -0.21795 -0.29535 -0.93001 -0.21877 -0.09164 -0.98862 -0.11928 -0.70980 0.69030 -0.14027 -0.38909 0.87509 -0.28780 -0.35540 0.93452 0.01925 -0.70980 0.69030 -0.14027 -0.71034 0.68860 -0.14574 -0.38909 0.87509 -0.28780 0.59390 -0.80093 0.07614 0.09206 -0.99508 -0.03667 0.14954 -0.96642 0.20896 0.59390 -0.80093 0.07614 0.27502 -0.94735 0.16399 0.09206 -0.99508 -0.03667 0.27450 -0.94628 0.17088 0.27502 -0.94735 0.16399 0.59390 -0.80093 0.07614 0.27450 -0.94628 0.17088 -0.20394 -0.96533 0.16296 0.27502 -0.94735 0.16399 -0.21538 -0.96512 0.14886 -0.20394 -0.96533 0.16296 0.27450 -0.94628 0.17088 -0.78589 0.59690 -0.16149 -0.78660 0.53586 -0.30678 -0.38909 0.87509 -0.28780 -0.78589 0.59690 -0.16149 -0.78273 0.60966 -0.12510 -0.78660 0.53586 -0.30678 -0.04342 -0.14636 -0.98828 0.04954 -0.31663 -0.94725 0.04399 -0.25379 -0.96626 -0.04342 -0.14636 -0.98828 -0.07669 -0.09759 -0.99227 0.04954 -0.31663 -0.94725 0.38526 -0.90282 0.19103 0.14954 -0.96642 0.20896 0.62687 -0.62385 0.46675 0.38526 -0.90282 0.19103 0.37554 -0.91240 0.16279 0.14954 -0.96642 0.20896 -0.08403 -0.98726 0.13514 0.37554 -0.91240 0.16279 0.38526 -0.90282 0.19103 -0.20564 -0.13727 -0.96895 -0.09227 -0.14319 -0.98539 -0.08566 -0.18213 -0.97954 -0.20564 -0.13727 -0.96895 -0.10074 -0.13664 -0.98549 -0.09227 -0.14319 -0.98539 -0.01200 0.01147 0.99986 -0.05198 0.04139 0.99779 -0.05783 0.04578 0.99728 -0.01200 0.01147 0.99986 -0.00343 0.00505 0.99998 -0.05198 0.04139 0.99779 0.03409 0.02577 0.99909 -0.03751 0.11245 0.99295 0.04136 0.01693 0.99900 0.03409 0.02577 0.99909 -0.06632 0.14708 0.98690 -0.03751 0.11245 0.99295 -0.43074 -0.89826 0.08713 -0.10803 -0.99308 -0.04609 -0.09164 -0.98862 -0.11928 -0.43074 -0.89826 0.08713 -0.33667 -0.84929 -0.40666 -0.10803 -0.99308 -0.04609 -0.80238 -0.10814 -0.58694 -0.82501 -0.03735 -0.56388 -0.82930 -0.53353 -0.16613 -0.80238 -0.10814 -0.58694 -0.66955 0.44175 -0.59712 -0.82501 -0.03735 -0.56388 -0.30363 -0.74400 -0.59521 -0.33667 -0.84929 -0.40666 0.36283 -0.88345 -0.29644 -0.03292 0.79207 -0.60954 -0.38909 0.87509 -0.28780 0.13314 0.92994 -0.34275 -0.03292 0.79207 -0.60954 -0.03435 0.77327 -0.63315 -0.38909 0.87509 -0.28780 0.20965 0.24056 0.94772 0.02888 0.56155 0.82694 0.13913 0.18658 0.97254 0.20965 0.24056 0.94772 -0.07095 0.82861 0.55531 0.02888 0.56155 0.82694 -0.47092 0.88070 0.05097 -0.35540 0.93452 0.01925 -0.21833 0.95874 0.18209 -0.47092 0.88070 0.05097 -0.47700 0.87861 0.02283 -0.35540 0.93452 0.01925 -0.06667 0.00624 0.99776 -0.06978 0.01088 0.99750 -0.07025 0.01159 0.99746 -0.06667 0.00624 0.99776 -0.06621 0.00554 0.99779 -0.06978 0.01088 0.99750 -0.10998 -0.00325 -0.99393 -0.10316 -0.01241 -0.99459 -0.11119 -0.00163 -0.99380 -0.10998 -0.00325 -0.99393 -0.10201 -0.01396 -0.99469 -0.10316 -0.01241 -0.99459 -0.59359 -0.80350 -0.04525 -0.11497 -0.99223 -0.04764 -0.60622 -0.79281 -0.06290 -0.59359 -0.80350 -0.04525 -0.12008 -0.99228 -0.03089 -0.11497 -0.99223 -0.04764 -0.11497 -0.99223 -0.04764 -0.10803 -0.99308 -0.04609 0.09206 -0.99508 -0.03667 -0.11497 -0.99223 -0.04764 -0.12008 -0.99228 -0.03089 -0.10803 -0.99308 -0.04609 -0.09018 0.78105 -0.61792 -0.01911 0.82615 -0.56312 -0.06448 0.78431 -0.61701 -0.03984 -0.72696 -0.68552 -0.02685 -0.73807 -0.67419 -0.04991 -0.72230 -0.68978 -0.06684 -0.71769 -0.69315 -0.02685 -0.73807 -0.67419 -0.03984 -0.72696 -0.68552 -0.09564 -0.74216 0.66336 0.15634 -0.68676 0.70987 -0.34943 -0.70957 0.61188 0.00875 -0.81566 0.57846 -0.34943 -0.70957 0.61188 0.15634 -0.68676 0.70987 0.48542 0.82552 -0.28788 0.48542 0.82552 -0.28788 0.00271 -0.77879 0.62727 -0.46376 -0.67723 0.57121 0.00875 -0.81566 0.57846 0.00271 -0.77879 0.62727 -0.18408 -0.79344 0.58015 -0.46376 -0.67723 0.57121 -0.18237 -0.72187 0.66757 -0.18408 -0.79344 0.58015 0.00271 -0.77879 0.62727 -0.18237 -0.72187 0.66757 -0.66269 -0.40780 0.62813 -0.18408 -0.79344 0.58015 -0.46376 -0.67723 0.57121 -0.78091 -0.43787 0.44548 -0.34943 -0.70957 0.61188 -0.09630 -0.68155 -0.72541 -0.14240 -0.78218 -0.60656 -0.04991 -0.72230 -0.68978 -0.14342 -0.80138 -0.58070 -0.14240 -0.78218 -0.60656 -0.09630 -0.68155 -0.72541 -0.14342 -0.80138 -0.58070 -0.27577 -0.30476 -0.91163 -0.14240 -0.78218 -0.60656 -0.66269 -0.40780 0.62813 -0.16079 -0.97814 0.13187 -0.18408 -0.79344 0.58015 -0.14095 0.73755 0.66042 0.03460 0.69166 0.72139 -0.26992 0.69110 0.67047 -0.14095 0.73755 0.66042 0.07510 0.67243 0.73634 0.03460 0.69166 0.72139 -0.01911 0.82615 -0.56312 -0.09812 0.85651 -0.50672 -0.06448 0.78431 -0.61701 -0.01911 0.82615 -0.56312 -0.14011 0.86625 -0.47955 -0.09812 0.85651 -0.50672 -0.93636 0.19934 0.28896 -0.91955 0.21281 0.33037 -0.93852 0.20776 0.27572 -0.93636 0.19934 0.28896 -0.92799 0.19527 0.31735 -0.91955 0.21281 0.33037 0.00000 0.14147 -0.98994 -0.29951 0.15575 -0.94129 -0.28848 0.07692 -0.95439 0.00000 0.14147 -0.98994 -0.33569 0.19172 -0.92226 -0.29951 0.15575 -0.94129 0.00000 0.20234 -0.97931 -0.33569 0.19172 -0.92226 0.00000 0.14147 -0.98994 -0.91955 0.21281 0.33037 -0.89018 0.18496 0.41637 -0.84844 0.23638 0.47358 -0.91955 0.21281 0.33037 -0.92799 0.19527 0.31735 -0.89018 0.18496 0.41637 -0.47125 0.19016 0.86126 -0.84633 0.01041 0.53256 0.00000 0.40429 0.91463 -0.47125 0.19016 0.86126 -0.92540 0.01391 0.37873 -0.84633 0.01041 0.53256 -0.74577 0.03913 0.66505 -0.54607 -0.03275 0.83710 -0.73968 -0.03357 0.67213 -0.74577 0.03913 0.66505 -0.81405 0.06184 0.57749 -0.54607 -0.03275 0.83710 -0.72357 -0.01403 -0.69011 -0.74888 0.05009 -0.66081 -0.75946 0.04403 -0.64906 -0.72357 -0.01403 -0.69011 -0.37031 -0.11679 -0.92154 -0.74888 0.05009 -0.66081 -0.54607 -0.03275 0.83710 0.00000 -0.00380 0.99999 -0.00000 -0.05626 0.99842 -0.54607 -0.03275 0.83710 -0.44574 -0.02871 0.89470 0.00000 -0.00380 0.99999 0.87937 -0.02779 0.47533 0.86047 0.20656 0.46575 0.88833 0.37229 0.26885 -0.80569 -0.03674 0.59120 -0.96369 0.01473 0.26661 -0.77822 0.25450 0.57411 -0.00127 -0.99501 -0.09972 -0.00378 -0.98795 -0.15475 -0.00727 -0.98754 -0.15720 -0.00127 -0.99501 -0.09972 0.00045 -0.99553 -0.09441 -0.00378 -0.98795 -0.15475 0.00002 -0.99991 -0.01373 0.00045 -0.99553 -0.09441 -0.00127 -0.99501 -0.09972 -0.40353 -0.19129 -0.89475 -0.91082 0.10642 -0.39886 -0.84187 0.06204 -0.53610 -0.40353 -0.19129 -0.89475 -0.92423 0.35048 -0.15156 -0.91082 0.10642 -0.39886 -0.92423 0.35048 -0.15156 -0.87712 0.35809 0.32007 -0.91082 0.10642 -0.39886 -0.92423 0.35048 -0.15156 -0.71459 0.47449 0.51402 -0.87712 0.35809 0.32007 0.96938 0.09825 0.22507 0.88833 0.37229 0.26885 0.90463 0.12501 -0.40746 0.96938 0.09825 0.22507 0.87937 -0.02779 0.47533 0.88833 0.37229 0.26885 0.80573 0.01249 -0.59215 0.80559 0.02245 -0.59205 0.90463 0.12501 -0.40746 0.80573 0.01249 -0.59215 0.80578 0.02386 -0.59173 0.80559 0.02245 -0.59205 -0.91082 0.10642 -0.39886 -0.84085 -0.04227 -0.53961 -0.84187 0.06204 -0.53610 -0.91082 0.10642 -0.39886 -0.83504 0.00850 -0.55012 -0.84085 -0.04227 -0.53961 0.03578 -0.03072 0.99889 0.04455 0.00923 0.99896 0.03409 -0.03841 0.99868 0.03578 -0.03072 0.99889 0.04626 0.01704 0.99878 0.04455 0.00923 0.99896 0.78887 0.40945 0.45830 0.96738 -0.02138 0.25241 0.97622 -0.03845 0.21334 0.78887 0.40945 0.45830 0.71329 -0.02561 0.70040 0.96738 -0.02138 0.25241 0.96709 -0.06101 0.24702 0.99874 -0.00231 -0.05007 0.93133 -0.01387 -0.36391 0.96709 -0.06101 0.24702 0.92887 0.01326 0.37018 0.99874 -0.00231 -0.05007 0.98242 -0.04744 -0.18055 0.95556 0.02637 -0.29361 0.95328 0.03163 -0.30044 0.98242 -0.04744 -0.18055 0.96738 -0.02138 0.25241 0.95556 0.02637 -0.29361 0.71970 -0.07583 0.69013 0.96738 -0.02138 0.25241 0.71329 -0.02561 0.70040 0.71970 -0.07583 0.69013 0.72677 -0.09045 0.68090 0.96738 -0.02138 0.25241 0.96709 -0.06101 0.24702 0.72677 -0.09045 0.68090 0.71970 -0.07583 0.69013 -0.93293 -0.01450 -0.35976 -0.98066 -0.06107 0.18596 -0.95192 -0.02144 -0.30559 -0.93293 -0.01450 -0.35976 -0.75946 0.04403 -0.64906 -0.98066 -0.06107 0.18596 -0.72357 -0.01403 -0.69011 -0.75946 0.04403 -0.64906 -0.93293 -0.01450 -0.35976 -0.76289 -0.06544 0.64321 -0.74577 0.03913 0.66505 -0.73968 -0.03357 0.67213 -0.76289 -0.06544 0.64321 -0.98066 -0.06107 0.18596 -0.74577 0.03913 0.66505 -0.97669 -0.07437 0.20137 -0.98066 -0.06107 0.18596 -0.76289 -0.06544 0.64321 -0.97669 -0.07437 0.20137 -0.95192 -0.02144 -0.30559 -0.98066 -0.06107 0.18596 -0.99579 -0.01242 0.09079 -0.95192 -0.02144 -0.30559 -0.97669 -0.07437 0.20137 -0.99579 -0.01242 0.09079 -0.96152 0.04429 -0.27115 -0.95192 -0.02144 -0.30559 -0.96843 0.05090 -0.24405 -0.96152 0.04429 -0.27115 -0.99579 -0.01242 0.09079 0.70668 -0.06276 0.70474 0.96709 -0.06101 0.24702 0.71970 -0.07583 0.69013 0.70668 -0.06276 0.70474 0.92887 0.01326 0.37018 0.96709 -0.06101 0.24702 0.61598 -0.03943 0.78678 0.92887 0.01326 0.37018 0.70668 -0.06276 0.70474 0.61598 -0.03943 0.78678 0.00000 -0.50754 0.86163 0.92887 0.01326 0.37018 0.59842 -0.01077 0.80111 0.00000 -0.50754 0.86163 0.61598 -0.03943 0.78678 -0.96011 0.05223 0.27471 -0.70835 0.14306 0.69121 -0.71459 0.47449 0.51402 -0.96011 0.05223 0.27471 -0.96843 0.05090 -0.24405 -0.99579 -0.01242 0.09079 -0.76082 -0.08514 0.64336 -0.97669 -0.07437 0.20137 -0.76289 -0.06544 0.64321 -0.76082 -0.08514 0.64336 -0.99579 -0.01242 0.09079 -0.97669 -0.07437 0.20137 -0.71630 -0.04768 0.69616 -0.99579 -0.01242 0.09079 -0.76082 -0.08514 0.64336 -0.71630 -0.04768 0.69616 -0.71459 0.47449 0.51402 -0.99579 -0.01242 0.09079 -0.87404 0.25744 -0.41205 -0.74888 0.05009 -0.66081 -0.37031 -0.11679 -0.92154 -0.87404 0.25744 -0.41205 -0.95612 0.22983 0.18171 -0.81405 0.06184 0.57749 0.96709 -0.06101 0.24702 0.95328 0.03163 -0.30044 0.95556 0.02637 -0.29361 0.96709 -0.06101 0.24702 0.93133 -0.01387 -0.36391 0.95328 0.03163 -0.30044 0.28372 -0.19868 -0.93810 -0.00000 -0.35606 -0.93446 -0.37031 -0.11679 -0.92154 0.28372 -0.19868 -0.93810 0.34429 -0.01947 -0.93866 -0.00000 -0.35606 -0.93446 0.93133 -0.01387 -0.36391 0.34429 -0.01947 -0.93866 0.28372 -0.19868 -0.93810 -0.96369 0.01473 0.26661 -0.87712 0.35809 0.32007 -0.77822 0.25450 0.57411 -0.96369 0.01473 0.26661 -0.91082 0.10642 -0.39886 -0.87712 0.35809 0.32007 0.00000 -0.11935 0.99285 -0.44574 -0.02871 0.89470 -0.56820 -0.07337 0.81961 0.00000 -0.11935 0.99285 0.00000 -0.00380 0.99999 -0.44574 -0.02871 0.89470 0.08269 -0.90843 0.40977 0.40019 -0.90253 0.15902 -0.01459 -0.91246 0.40890 0.08269 -0.90843 0.40977 0.46342 -0.87522 0.13871 0.40019 -0.90253 0.15902 -0.38926 -0.90244 0.18461 -0.13300 -0.91608 0.37830 -0.01459 -0.91246 0.40890 -0.38926 -0.90244 0.18461 -0.45327 -0.87343 0.17795 -0.13300 -0.91608 0.37830 -0.07453 -0.99714 -0.01266 -0.45327 -0.87343 0.17795 -0.38926 -0.90244 0.18461 -0.07095 0.82861 0.55531 -0.35540 0.93452 0.01925 -0.38909 0.87509 -0.28780 -0.07095 0.82861 0.55531 -0.21833 0.95874 0.18209 -0.35540 0.93452 0.01925 -0.06413 0.97723 0.20225 -0.21833 0.95874 0.18209 -0.07095 0.82861 0.55531 -0.06413 0.97723 0.20225 -0.17111 0.96669 0.19037 -0.21833 0.95874 0.18209 0.13913 0.18658 0.97254 -0.02312 -0.05463 0.99824 0.20965 0.24056 0.94772 -0.00257 -0.14462 -0.98948 -0.02462 0.03858 -0.99895 -0.05879 -0.17145 -0.98344 -0.00257 -0.14462 -0.98948 -0.01962 0.04626 -0.99874 -0.02462 0.03858 -0.99895 -0.40353 -0.19129 -0.89475 -0.05879 -0.17145 -0.98344 -0.15768 -0.42039 -0.89354 -0.40353 -0.19129 -0.89475 -0.00257 -0.14462 -0.98948 -0.05879 -0.17145 -0.98344 0.07899 -0.41196 -0.90777 -0.00257 -0.14462 -0.98948 -0.40353 -0.19129 -0.89475 0.98124 -0.09532 -0.16755 0.96738 -0.02138 0.25241 0.98242 -0.04744 -0.18055 0.98124 -0.09532 -0.16755 0.97622 -0.03845 0.21334 0.96738 -0.02138 0.25241 -0.01962 0.04626 -0.99874 -0.01359 0.01609 -0.99978 -0.02462 0.03858 -0.99895 -0.01962 0.04626 -0.99874 -0.00901 0.02192 -0.99972 -0.01359 0.01609 -0.99978 -0.66269 -0.40780 0.62813 -0.56820 -0.07337 0.81961 -0.87311 -0.02082 0.48707 -0.66269 -0.40780 0.62813 -0.27712 -0.01959 0.96064 -0.56820 -0.07337 0.81961 -0.04117 0.00825 0.99912 -0.27712 -0.01959 0.96064 -0.66269 -0.40780 0.62813 -0.04117 0.00825 0.99912 -0.00000 0.37870 0.92552 -0.27712 -0.01959 0.96064 -0.09657 0.44293 0.89134 -0.00000 0.37870 0.92552 -0.04117 0.00825 0.99912 -0.27577 -0.30476 -0.91163 -0.35073 -0.05364 -0.93494 -0.00000 -0.00024 -1.00000 -0.93235 -0.13470 0.33552 -0.66269 -0.40780 0.62813 -0.87311 -0.02082 0.48707 0.90463 0.12501 -0.40746 0.82228 0.08059 -0.56335 0.80573 0.01249 -0.59215 0.90463 0.12501 -0.40746 0.93022 0.32736 -0.16590 0.82228 0.08059 -0.56335 0.88833 0.37229 0.26885 0.93022 0.32736 -0.16590 0.90463 0.12501 -0.40746 0.88833 0.37229 0.26885 0.78887 0.40945 0.45830 0.93022 0.32736 -0.16590 0.58934 0.72027 0.36590 0.78887 0.40945 0.45830 0.88833 0.37229 0.26885 -0.49187 0.76940 0.40753 -0.87712 0.35809 0.32007 -0.71459 0.47449 0.51402 -0.77822 0.25450 0.57411 -0.87712 0.35809 0.32007 -0.49187 0.76940 0.40753 0.27865 -0.93534 -0.21795 0.10803 -0.99308 -0.04609 0.09164 -0.98862 -0.11928 0.08566 -0.18213 -0.97954 0.20564 -0.13727 -0.96895 0.34499 -0.09195 -0.93409 -0.36283 -0.88345 -0.29644 0.33667 -0.84929 -0.40666 0.30363 -0.74400 -0.59521 0.11497 -0.99223 -0.04764 -0.09206 -0.99508 -0.03667 0.10803 -0.99308 -0.04609 0.20394 -0.96533 0.16296 0.21538 -0.96512 0.14886 -0.27450 -0.94628 0.17088 0.01911 0.82615 -0.56312 0.09812 0.85651 -0.50672 0.14011 0.86625 -0.47955 0.14081 0.73868 0.65918 0.27142 0.69160 0.66934 -0.03463 0.69177 0.72128 0.93636 0.19934 0.28896 0.93852 0.20776 0.27572 0.91955 0.21282 0.33037 0.02312 -0.05463 0.99824 0.12349 -0.14103 0.98227 -0.13913 0.18658 0.97254 0.77822 0.25450 0.57411 0.49187 0.76940 0.40753 0.87712 0.35809 0.32007 -0.00045 -0.99553 -0.09441 -0.00002 -0.99991 -0.01373 0.00127 -0.99501 -0.09972 0.00049 -0.99990 -0.01447 0.00049 -0.99990 -0.01447 0.50169 -0.04565 -0.86384 0.00000 -0.32722 -0.94495 -0.00000 -0.35606 -0.93446 0.38926 -0.90244 0.18461 0.45327 -0.87343 0.17795 0.07453 -0.99714 -0.01266 -0.28372 -0.19868 -0.93810 -0.34429 -0.01947 -0.93866 -0.93133 -0.01387 -0.36391 0.00257 -0.14462 -0.98948 -0.07899 -0.41196 -0.90777 -0.67078 -0.07126 -0.73823 0.00000 -0.50754 0.86163 -0.59842 -0.01077 0.80111 -0.61600 -0.03932 0.78676 0.96843 0.05090 -0.24405 0.96011 0.05223 0.27471 0.97529 0.01962 0.22005 -0.20564 -0.13727 -0.96895 -0.08566 -0.18213 -0.97954 -0.34499 -0.09195 -0.93409 0.38526 -0.90282 0.19103 -0.09783 -0.98801 0.11940 -0.08403 -0.98726 0.13514 0.03460 0.69166 0.72139 0.07510 0.67243 0.73634 0.09967 0.63785 0.76368 -0.12349 -0.14103 0.98227 -0.02312 -0.05463 0.99824 0.13913 0.18658 0.97254 -0.00049 -0.99990 -0.01447 0.86047 0.20656 0.46575 0.58934 0.72027 0.36590 0.88833 0.37229 0.26885 -0.07453 -0.99714 -0.01266 0.40019 -0.90253 0.15902 0.46342 -0.87522 0.13871 -0.65624 0.53235 -0.53474 -0.82501 -0.03735 -0.56388 -0.66955 0.44175 -0.59712 0.00000 0.21567 -0.97647 -0.87404 0.25744 -0.41205 -0.37031 -0.11679 -0.92154 -0.00901 0.02192 -0.99972 -0.72357 -0.01403 -0.69011 -0.01359 0.01609 -0.99978 -0.81405 0.06184 0.57749 -0.44574 -0.02871 0.89470 -0.54607 -0.03275 0.83710</float_array>
     <technique_common>
      <accessor count="1351" source="#cut_silent_orb_1-lib-normals-array" stride="3">
       <param name="X" type="float"/>
       <param name="Y" type="float"/>
       <param name="Z" type="float"/>
      </accessor>
     </technique_common>
    </source>
    <source id="cut_silent_orb_1-lib-texcoords">
     <float_array id="cut_silent_orb_1-lib-texcoords-array" count="2712">0.44336 -0.43848 0.44336 -0.54590 0.62109 -0.43945 0.44336 -0.43848 0.62109 -0.43945 0.44336 -0.54590 0.73242 -0.35254 0.83398 -0.31641 0.72559 -0.31738 0.73242 -0.35254 0.82324 -0.35254 0.83398 -0.31641 0.74219 -0.43945 0.82324 -0.35254 0.73242 -0.35254 0.74219 -0.43945 0.76367 -0.50977 0.82324 -0.35254 0.69238 -0.43555 0.76367 -0.50977 0.74219 -0.43945 0.69238 -0.43555 0.74609 -0.54590 0.76367 -0.50977 0.62012 -0.54590 0.74609 -0.54590 0.69238 -0.43555 0.62012 -0.54590 0.75195 -0.60840 0.74609 -0.54590 0.62012 -0.60840 0.75195 -0.60840 0.62012 -0.54590 0.62012 -0.60840 0.75195 -0.78223 0.75195 -0.60840 0.63086 -0.78223 0.75195 -0.78223 0.62012 -0.60840 0.63086 -0.78223 0.63379 -0.99219 0.75195 -0.78223 0.44336 -0.78223 0.63379 -0.99219 0.63086 -0.78223 0.44336 -0.78223 0.44336 -0.99219 0.63379 -0.99219 0.63379 -0.99219 0.44336 -0.99219 0.44336 -0.78223 0.62012 -0.54590 0.44336 -0.54590 0.62012 -0.60840 0.62012 -0.54590 0.62109 -0.43945 0.44336 -0.54590 0.69238 -0.43555 0.62109 -0.43945 0.62012 -0.54590 0.66211 -0.35156 0.66211 -0.38379 0.73535 -0.38379 0.66211 -0.35156 0.63281 -0.38379 0.66211 -0.38379 0.63281 -0.35156 0.63281 -0.38379 0.66211 -0.35156 0.63281 -0.35156 0.44922 -0.33203 0.63281 -0.38379 0.64844 -0.31445 0.44922 -0.33203 0.63281 -0.35156 0.64844 -0.31445 0.44922 -0.28516 0.44922 -0.33203 0.63965 -0.23828 0.44922 -0.28516 0.64844 -0.31445 0.63965 -0.23828 0.44922 -0.23340 0.44922 -0.28516 0.44922 -0.19141 0.44922 -0.23340 0.63965 -0.23828 0.73535 -0.25781 0.73535 -0.19141 0.66211 -0.19141 0.73535 -0.25781 0.89062 -0.21289 0.73535 -0.19141 0.88965 -0.23633 0.89062 -0.21289 0.73535 -0.25781 0.93945 -0.85645 0.95996 -0.82520 0.95996 -0.87207 0.93945 -0.85645 0.93945 -0.82520 0.95996 -0.82520 0.93945 -0.89160 0.95996 -0.87207 0.95996 -0.89160 0.93945 -0.89160 0.93945 -0.85645 0.95996 -0.87207 0.95996 -0.76270 0.93945 -0.79102 0.93945 -0.76270 0.95996 -0.76270 0.95996 -0.80957 0.93945 -0.79102 0.93945 -0.82520 0.95996 -0.80957 0.95996 -0.82520 0.93945 -0.82520 0.93945 -0.79102 0.95996 -0.80957 0.84863 -0.70117 0.87695 -0.70117 0.86426 -0.68555 0.84863 -0.70117 0.87695 -0.73047 0.87695 -0.70117 0.76562 -0.84277 0.87598 -0.85254 0.87695 -0.84277 0.76562 -0.84277 0.81738 -0.85938 0.87598 -0.85254 0.81738 -0.85938 0.88574 -0.87598 0.87598 -0.85254 0.81738 -0.85938 0.89258 -0.91113 0.88574 -0.87598 0.83594 -0.94531 0.89258 -0.91113 0.81738 -0.85938 0.83594 -0.94531 0.88867 -0.94531 0.89258 -0.91113 0.85547 -0.97754 0.88867 -0.94531 0.83594 -0.94531 0.85547 -0.97754 0.88574 -0.97266 0.88867 -0.94531 0.81055 -0.68945 0.92285 -0.62109 0.80078 -0.62598 0.81055 -0.68945 0.93848 -0.64160 0.92285 -0.62109 0.92285 -0.68555 0.93848 -0.64160 0.81055 -0.68945 0.99023 -0.70020 0.88477 -0.73145 0.99023 -0.72363 0.99023 -0.70020 0.88086 -0.70215 0.88477 -0.73145 0.87402 -0.96777 0.98926 -0.98633 0.97266 -0.97168 0.87402 -0.96777 0.87988 -0.98535 0.98926 -0.98633 0.97266 -0.97168 0.88184 -0.98340 0.87598 -0.96484 0.97266 -0.97168 0.98926 -0.98633 0.88184 -0.98340 0.97266 -0.94531 0.98926 -0.97168 0.98926 -0.94531 0.97266 -0.94531 0.97266 -0.97168 0.98926 -0.97168 0.87598 -0.96973 0.97266 -0.97168 0.97266 -0.94531 0.99023 -0.70020 0.87695 -0.72656 0.99023 -0.72363 0.99023 -0.70020 0.87891 -0.69629 0.87695 -0.72656 0.97266 -0.97168 0.97266 -0.94531 0.90430 -0.94531 0.97266 -0.97168 0.98926 -0.97168 0.97266 -0.94531 0.88965 -0.97559 0.90430 -0.94531 0.88184 -0.93945 0.88965 -0.97559 0.97266 -0.97168 0.90430 -0.94531 0.99023 -0.70020 0.87500 -0.72754 0.99023 -0.72363 0.99023 -0.70020 0.87012 -0.69824 0.87500 -0.72754 0.98926 -0.98633 0.87891 -0.96387 0.97266 -0.97168 0.98926 -0.98633 0.86719 -0.97949 0.87891 -0.96387 0.88477 -0.97168 0.97266 -0.94531 0.88086 -0.94531 0.88477 -0.97168 0.97266 -0.97168 0.97266 -0.94531 0.87402 -0.98340 0.97266 -0.97168 0.98926 -0.98633 0.87402 -0.98340 0.90430 -0.97168 0.97266 -0.97168 0.87598 -0.98145 0.97266 -0.97168 0.88965 -0.96875 0.87598 -0.98145 0.98926 -0.98633 0.97266 -0.97168 0.88477 -0.96582 0.98926 -0.98633 0.97266 -0.97168 0.88477 -0.96582 0.86621 -0.97949 0.98926 -0.98633 0.97266 -0.94531 0.97266 -0.97168 0.98926 -0.97168 0.97266 -0.94531 0.89160 -0.94727 0.97266 -0.97168 0.92578 -0.94531 0.89160 -0.94727 0.97266 -0.94531 0.81055 -0.68945 0.86426 -0.68555 0.92285 -0.68555 0.81055 -0.68945 0.84863 -0.70117 0.86426 -0.68555 0.76562 -0.73535 0.84863 -0.70117 0.81055 -0.68945 0.76562 -0.73535 0.87695 -0.73047 0.84863 -0.70117 0.87695 -0.76660 0.87695 -0.73047 0.76562 -0.73535 0.87695 -0.80273 0.76562 -0.82617 0.87695 -0.83301 0.87695 -0.80273 0.76562 -0.73535 0.76562 -0.82617 0.87695 -0.76660 0.76562 -0.73535 0.87695 -0.80273 0.80078 -0.95410 0.81738 -0.85938 0.76562 -0.93945 0.80078 -0.95410 0.83594 -0.94531 0.81738 -0.85938 0.99023 -0.70020 0.88184 -0.72852 0.99023 -0.72363 0.99023 -0.70020 0.87988 -0.69922 0.88184 -0.72852 0.87695 -0.98047 0.97266 -0.97168 0.87988 -0.96387 0.87695 -0.98047 0.98926 -0.98633 0.97266 -0.97168 0.97266 -0.97168 0.87988 -0.98535 0.88281 -0.96875 0.97266 -0.97168 0.98926 -0.98633 0.87988 -0.98535 0.97266 -0.94531 0.98926 -0.97168 0.98926 -0.94531 0.97266 -0.94531 0.97266 -0.97168 0.98926 -0.97168 0.88184 -0.97754 0.97266 -0.97168 0.97266 -0.94531 0.98926 -0.97168 0.97266 -0.94531 0.97266 -0.97168 0.98926 -0.97168 0.98926 -0.94531 0.97266 -0.94531 0.63965 -0.23828 0.63281 -0.19141 0.44922 -0.19141 0.63965 -0.23828 0.65430 -0.23828 0.63281 -0.19141 0.64844 -0.31445 0.65430 -0.23828 0.63965 -0.23828 0.64844 -0.31445 0.84277 -0.28613 0.65430 -0.23828 0.65430 -0.23828 0.66211 -0.19141 0.63281 -0.19141 0.65430 -0.23828 0.73535 -0.25781 0.66211 -0.19141 0.84277 -0.28613 0.73535 -0.25781 0.65430 -0.23828 0.84277 -0.28613 0.88965 -0.23633 0.73535 -0.25781 0.62012 -0.60840 0.44336 -0.78223 0.63086 -0.78223 0.62012 -0.60840 0.44336 -0.60840 0.44336 -0.78223 0.44336 -0.54590 0.44336 -0.60840 0.62012 -0.60840 0.44336 -0.54590 0.62012 -0.60840 0.44336 -0.60840 0.62012 -0.54590 0.62012 -0.60840 0.44336 -0.54590 0.62012 -0.54590 0.75195 -0.60840 0.62012 -0.60840 0.74609 -0.54590 0.75195 -0.60840 0.62012 -0.54590 0.95898 -0.42285 0.95898 -0.37012 0.91602 -0.37012 0.95898 -0.42285 0.91602 -0.37012 0.95898 -0.37012 0.91602 -0.42285 0.91602 -0.37012 0.95898 -0.42285 0.91602 -0.42285 0.87988 -0.37012 0.91602 -0.37012 0.87988 -0.42285 0.87988 -0.37012 0.91602 -0.42285 0.87988 -0.42285 0.86133 -0.41406 0.87988 -0.37012 0.91602 -0.42285 0.91602 -0.37012 0.87988 -0.37012 0.91602 -0.42285 0.95898 -0.42285 0.91602 -0.37012 0.53027 -0.03320 0.57910 -0.15625 0.53418 -0.15625 0.53027 -0.03320 0.62012 -0.03418 0.57910 -0.15625 0.87988 -0.42285 0.87988 -0.37012 0.86133 -0.41406 0.87988 -0.42285 0.91602 -0.42285 0.87988 -0.37012 0.28711 -0.24121 0.16699 -0.25586 0.16699 -0.23730 0.28711 -0.24121 0.16699 -0.50000 0.16699 -0.25586 0.22949 -0.50000 0.16699 -0.50000 0.28711 -0.24121 0.22949 -0.50000 0.22949 -0.53223 0.16699 -0.50000 0.31543 -0.53711 0.22949 -0.53223 0.22949 -0.50000 0.31543 -0.53711 0.22949 -0.73145 0.22949 -0.53223 0.33496 -0.73926 0.22949 -0.73145 0.31543 -0.53711 0.33496 -0.73926 0.28320 -0.81445 0.22949 -0.73145 0.76660 -0.15625 0.90430 -0.08203 0.80176 -0.01172 0.76660 -0.15625 0.89648 -0.15723 0.90430 -0.08203 0.76660 -0.18066 0.89648 -0.15723 0.76660 -0.15625 0.89648 -0.15723 0.95605 -0.08691 0.90430 -0.08203 0.89648 -0.15723 0.99707 -0.15723 0.95605 -0.08691 0.76660 -0.15625 0.65527 -0.18066 0.76660 -0.18066 0.76660 -0.15625 0.65527 -0.15625 0.65527 -0.18066 0.76660 -0.18066 0.76660 -0.15625 0.89648 -0.15723 0.76660 -0.18066 0.65527 -0.15625 0.76660 -0.15625 0.65527 -0.18066 0.65527 -0.15625 0.76660 -0.18066 0.88965 -0.04785 0.95020 -0.00684 0.88965 -0.01562 0.88965 -0.04785 0.95312 -0.05371 0.95020 -0.00684 0.89648 -0.15723 0.99707 -0.08691 0.99707 -0.15723 0.89648 -0.15723 0.83496 -0.04492 0.99707 -0.08691 0.76660 -0.15625 0.83496 -0.04492 0.89648 -0.15723 0.76660 -0.15625 0.80176 -0.01172 0.83496 -0.04492 0.73145 -0.08691 0.80176 -0.01172 0.76660 -0.15625 0.73145 -0.08691 0.76660 -0.15625 0.80176 -0.01172 0.66016 -0.13379 0.76660 -0.15625 0.73145 -0.08691 0.90137 -0.18066 0.99707 -0.16211 0.89746 -0.16211 0.90137 -0.18066 0.99707 -0.18066 0.99707 -0.16211 0.89746 -0.16211 0.99707 -0.18066 0.90137 -0.18066 0.89746 -0.16211 0.99707 -0.16211 0.99707 -0.18066 0.88574 -0.01660 0.87695 -0.04395 0.88574 -0.04688 0.88574 -0.01660 0.87695 -0.01855 0.87695 -0.04395 0.08008 -0.73145 0.14648 -0.73145 0.14355 -0.81445 0.08008 -0.73145 0.14746 -0.53223 0.14648 -0.73145 0.08008 -0.53223 0.14746 -0.53223 0.08008 -0.73145 0.08008 -0.53223 0.08008 -0.50000 0.14746 -0.53223 0.08008 -0.28223 0.14746 -0.25586 0.14746 -0.50000 0.08008 -0.28223 0.08301 -0.25879 0.14746 -0.25586 0.08008 -0.27051 0.08301 -0.25879 0.08008 -0.28223 0.08008 -0.27051 0.08008 -0.28223 0.08301 -0.25879 0.01367 -0.26758 0.08008 -0.28223 0.08008 -0.27051 0.01367 -0.26758 0.01367 -0.29102 0.08008 -0.28223 0.08008 -0.50000 0.02246 -0.35059 0.09473 -0.34180 0.08008 -0.50000 0.02344 -0.41406 0.02246 -0.35059 0.39551 -0.73535 0.44824 -0.51953 0.44238 -0.72461 0.39551 -0.73535 0.39844 -0.52344 0.44824 -0.51953 0.22949 -0.50000 0.31543 -0.49707 0.31543 -0.53711 0.22949 -0.50000 0.28711 -0.24121 0.31543 -0.49707 0.08008 -0.50000 0.14746 -0.50000 0.14746 -0.53223 0.08008 -0.50000 0.08008 -0.28223 0.14746 -0.50000 0.22949 -0.53223 0.16699 -0.53223 0.16699 -0.50000 0.22949 -0.53223 0.22949 -0.73145 0.16699 -0.53223 0.22949 -0.73145 0.16699 -0.73145 0.16699 -0.53223 0.22949 -0.73145 0.16699 -0.81445 0.16699 -0.73145 0.22949 -0.81445 0.16699 -0.81445 0.22949 -0.73145 0.23438 -0.22363 0.31934 -0.22559 0.33691 -0.27539 0.23438 -0.22363 0.32031 -0.16797 0.31934 -0.22559 0.20703 -0.10352 0.32031 -0.16797 0.23438 -0.22363 0.45117 -0.49609 0.39551 -0.53711 0.39551 -0.49707 0.45117 -0.49609 0.44922 -0.52148 0.39551 -0.53711 0.42480 -0.26758 0.39551 -0.27441 0.33398 -0.22266 0.42480 -0.26758 0.42480 -0.29102 0.39551 -0.27441 0.22461 -0.99512 0.00195 -0.87500 0.19727 -0.87500 0.22461 -0.99512 0.00293 -0.99512 0.00195 -0.87500 0.13281 -0.85840 0.28418 -0.83105 0.34668 -0.85840 0.13281 -0.85840 0.13281 -0.83105 0.28418 -0.83105 0.04102 -0.85840 0.13281 -0.83105 0.13281 -0.85840 0.34375 -0.83105 0.28418 -0.85840 0.34668 -0.85840 0.34375 -0.83105 0.13281 -0.83105 0.28418 -0.85840 0.42090 -0.17383 0.33398 -0.22266 0.33594 -0.16602 0.42090 -0.17383 0.42090 -0.22461 0.33398 -0.22266 0.33398 -0.22266 0.42090 -0.22461 0.42090 -0.17383 0.33398 -0.22266 0.42090 -0.26074 0.42090 -0.22461 0.24023 -0.73340 0.15137 -0.79785 0.25391 -0.79785 0.24023 -0.73340 0.04980 -0.73242 0.15137 -0.79785 0.23730 -0.55371 0.04980 -0.73242 0.24023 -0.73340 0.23730 -0.55371 0.05859 -0.55664 0.04980 -0.73242 0.23828 -0.50488 0.05859 -0.55664 0.23730 -0.55371 0.23828 -0.50488 0.06348 -0.50684 0.05859 -0.55664 0.14648 -0.24219 0.06348 -0.50684 0.23828 -0.50488 0.08008 -0.73145 0.01074 -0.80566 0.00879 -0.72949 0.08008 -0.73145 0.08008 -0.81445 0.01074 -0.80566 0.14355 -0.81445 0.08008 -0.81445 0.08008 -0.73145 0.28711 -0.24121 0.33691 -0.27539 0.31543 -0.49707 0.28711 -0.24121 0.23438 -0.22363 0.33691 -0.27539 0.16699 -0.23730 0.23438 -0.22363 0.28711 -0.24121 0.16699 -0.23730 0.20703 -0.10352 0.23438 -0.22363 0.01367 -0.26758 0.08008 -0.28223 0.01367 -0.29102 0.01367 -0.26758 0.08008 -0.27051 0.08008 -0.28223 0.14746 -0.23730 0.08984 -0.10352 0.20312 -0.10547 0.14746 -0.23730 0.08984 -0.23340 0.08984 -0.10352 0.08594 -0.25293 0.08984 -0.23340 0.14746 -0.23730 0.08594 -0.25293 0.14746 -0.23730 0.08984 -0.23340 0.83398 -0.31641 0.73242 -0.35254 0.72559 -0.31738 0.83398 -0.31641 0.82324 -0.35254 0.73242 -0.35254 0.66211 -0.38379 0.66211 -0.35156 0.73535 -0.38379 0.66211 -0.38379 0.63281 -0.38379 0.66211 -0.35156 0.95996 -0.87207 0.93945 -0.89160 0.95996 -0.89160 0.95996 -0.87207 0.93945 -0.85645 0.93945 -0.89160 0.95996 -0.82520 0.93945 -0.85645 0.95996 -0.87207 0.95996 -0.82520 0.93945 -0.82520 0.93945 -0.85645 0.95996 -0.80957 0.93945 -0.82520 0.95996 -0.82520 0.95996 -0.80957 0.93945 -0.79102 0.93945 -0.82520 0.95996 -0.76270 0.93945 -0.79102 0.95996 -0.80957 0.95996 -0.76270 0.93945 -0.76270 0.93945 -0.79102 0.92285 -0.68555 0.81055 -0.68945 0.93848 -0.64160 0.92285 -0.68555 0.86426 -0.68555 0.81055 -0.68945 0.87598 -0.85254 0.76562 -0.84277 0.87695 -0.84277 0.87598 -0.85254 0.81738 -0.85938 0.76562 -0.84277 0.88574 -0.87598 0.81738 -0.85938 0.87598 -0.85254 0.88574 -0.87598 0.89258 -0.91113 0.81738 -0.85938 0.92285 -0.62109 0.81055 -0.68945 0.80078 -0.62598 0.92285 -0.62109 0.93848 -0.64160 0.81055 -0.68945 0.83594 -0.94531 0.89258 -0.91113 0.88867 -0.94531 0.83594 -0.94531 0.81738 -0.85938 0.89258 -0.91113 0.80078 -0.95410 0.81738 -0.85938 0.83594 -0.94531 0.80078 -0.95410 0.76562 -0.93945 0.81738 -0.85938 0.99023 -0.70020 0.88477 -0.73145 0.88086 -0.70215 0.99023 -0.70020 0.99023 -0.72363 0.88477 -0.73145 0.87402 -0.96777 0.98926 -0.98633 0.87988 -0.98535 0.87402 -0.96777 0.97266 -0.97168 0.98926 -0.98633 0.97266 -0.97168 0.88184 -0.98340 0.98926 -0.98633 0.97266 -0.97168 0.87598 -0.96484 0.88184 -0.98340 0.98926 -0.97168 0.97266 -0.94531 0.98926 -0.94531 0.98926 -0.97168 0.97266 -0.97168 0.97266 -0.94531 0.97266 -0.94531 0.87598 -0.96973 0.87891 -0.94238 0.97266 -0.94531 0.97266 -0.97168 0.87598 -0.96973 0.99023 -0.70020 0.87695 -0.72656 0.87891 -0.69629 0.99023 -0.70020 0.99023 -0.72363 0.87695 -0.72656 0.90430 -0.94531 0.88965 -0.97559 0.88184 -0.93945 0.90430 -0.94531 0.97266 -0.97168 0.88965 -0.97559 0.97266 -0.94531 0.97266 -0.97168 0.90430 -0.94531 0.97266 -0.94531 0.98926 -0.97168 0.97266 -0.97168 0.98926 -0.94531 0.98926 -0.97168 0.97266 -0.94531 0.99023 -0.70020 0.87500 -0.72754 0.87012 -0.69824 0.99023 -0.70020 0.99023 -0.72363 0.87500 -0.72754 0.98926 -0.98633 0.87891 -0.96387 0.86719 -0.97949 0.98926 -0.98633 0.97266 -0.97168 0.87891 -0.96387 0.97266 -0.94531 0.88477 -0.97168 0.88086 -0.94531 0.97266 -0.94531 0.97266 -0.97168 0.88477 -0.97168 0.98926 -0.97168 0.97266 -0.97168 0.97266 -0.94531 0.87402 -0.98340 0.97266 -0.97168 0.90430 -0.97168 0.87402 -0.98340 0.98926 -0.98633 0.97266 -0.97168 0.87598 -0.98145 0.97266 -0.97168 0.98926 -0.98633 0.87598 -0.98145 0.88965 -0.96875 0.97266 -0.97168 0.88477 -0.96582 0.98926 -0.98633 0.86621 -0.97949 0.88477 -0.96582 0.97266 -0.97168 0.98926 -0.98633 0.85547 -0.97754 0.88867 -0.94531 0.88574 -0.97266 0.85547 -0.97754 0.83594 -0.94531 0.88867 -0.94531 0.97266 -0.97168 0.97266 -0.94531 0.98926 -0.97168 0.97266 -0.97168 0.89160 -0.94727 0.97266 -0.94531 0.87305 -0.97656 0.89160 -0.94727 0.97266 -0.97168 0.76562 -0.82617 0.87695 -0.80273 0.87695 -0.83301 0.76562 -0.82617 0.76562 -0.73535 0.87695 -0.80273 0.84863 -0.70117 0.81055 -0.68945 0.86426 -0.68555 0.84863 -0.70117 0.76562 -0.73535 0.81055 -0.68945 0.99023 -0.70020 0.88184 -0.72852 0.87988 -0.69922 0.99023 -0.70020 0.99023 -0.72363 0.88184 -0.72852 0.87695 -0.98047 0.97266 -0.97168 0.98926 -0.98633 0.87695 -0.98047 0.87988 -0.96387 0.97266 -0.97168 0.97266 -0.97168 0.87988 -0.98535 0.98926 -0.98633 0.97266 -0.97168 0.88281 -0.96875 0.87988 -0.98535 0.98926 -0.97168 0.97266 -0.94531 0.98926 -0.94531 0.98926 -0.97168 0.97266 -0.97168 0.97266 -0.94531 0.97266 -0.94531 0.88184 -0.97754 0.88477 -0.94141 0.97266 -0.94531 0.97266 -0.97168 0.88184 -0.97754 0.44922 -0.28516 0.64844 -0.31445 0.44922 -0.33203 0.44922 -0.28516 0.63965 -0.23828 0.64844 -0.31445 0.44922 -0.23340 0.63965 -0.23828 0.44922 -0.28516 0.44922 -0.23340 0.44922 -0.19141 0.63965 -0.23828 0.63281 -0.19141 0.63965 -0.23828 0.44922 -0.19141 0.63281 -0.19141 0.65430 -0.23828 0.63965 -0.23828 0.66211 -0.19141 0.65430 -0.23828 0.63281 -0.19141 0.66211 -0.19141 0.73535 -0.25781 0.65430 -0.23828 0.73535 -0.19141 0.73535 -0.25781 0.66211 -0.19141 0.73535 -0.19141 0.84668 -0.19141 0.73535 -0.25781 0.65430 -0.23828 0.64844 -0.31445 0.63965 -0.23828 0.65430 -0.23828 0.84277 -0.28613 0.64844 -0.31445 0.73535 -0.25781 0.84277 -0.28613 0.65430 -0.23828 0.73535 -0.25781 0.88965 -0.23633 0.84277 -0.28613 0.84668 -0.19141 0.88965 -0.23633 0.73535 -0.25781 0.44922 -0.33203 0.63281 -0.38379 0.44922 -0.38379 0.44922 -0.33203 0.63281 -0.35156 0.63281 -0.38379 0.64844 -0.31445 0.63281 -0.35156 0.44922 -0.33203 0.64844 -0.31445 0.66211 -0.35156 0.63281 -0.35156 0.63379 -0.99219 0.75195 -0.78223 0.75195 -0.99219 0.63379 -0.99219 0.63086 -0.78223 0.75195 -0.78223 0.44336 -0.78223 0.63086 -0.78223 0.63379 -0.99219 0.44336 -0.78223 0.62012 -0.60840 0.63086 -0.78223 0.44336 -0.60840 0.62012 -0.60840 0.44336 -0.78223 0.75195 -0.78223 0.62012 -0.60840 0.75195 -0.60840 0.75195 -0.78223 0.63086 -0.78223 0.62012 -0.60840 0.57910 -0.15625 0.53027 -0.03320 0.53418 -0.15625 0.57910 -0.15625 0.62012 -0.03418 0.53027 -0.03320 0.28711 -0.24121 0.16699 -0.23730 0.16699 -0.25586 0.28711 -0.24121 0.23438 -0.22363 0.16699 -0.23730 0.33691 -0.27539 0.23438 -0.22363 0.28711 -0.24121 0.33691 -0.27539 0.31934 -0.22559 0.23438 -0.22363 0.14746 -0.23730 0.08984 -0.10352 0.08984 -0.23340 0.14746 -0.23730 0.20312 -0.10547 0.08984 -0.10352 0.65527 -0.18066 0.65527 -0.15625 0.76660 -0.15625 0.65527 -0.18066 0.76660 -0.18066 0.65527 -0.15625 0.95020 -0.00684 0.88965 -0.04785 0.88965 -0.01562 0.95020 -0.00684 0.95312 -0.05371 0.88965 -0.04785 0.99316 -0.02930 0.95312 -0.05371 0.95020 -0.00684 0.99707 -0.08691 0.89648 -0.15723 0.99707 -0.15723 0.99707 -0.08691 0.83496 -0.04492 0.89648 -0.15723 0.83496 -0.04492 0.76660 -0.15625 0.89648 -0.15723 0.83496 -0.04492 0.80176 -0.01172 0.76660 -0.15625 0.76660 -0.18066 0.76660 -0.15625 0.89648 -0.15723 0.76660 -0.18066 0.65527 -0.18066 0.76660 -0.15625 0.99707 -0.16211 0.90137 -0.18066 0.89746 -0.16211 0.99707 -0.16211 0.99707 -0.18066 0.90137 -0.18066 0.89746 -0.16211 0.99707 -0.18066 0.99707 -0.16211 0.89746 -0.16211 0.90137 -0.18066 0.99707 -0.18066 0.88574 -0.01660 0.87695 -0.04395 0.87695 -0.01855 0.88574 -0.01660 0.88574 -0.04688 0.87695 -0.04395 0.14355 -0.81445 0.08008 -0.73145 0.08008 -0.81445 0.14355 -0.81445 0.14648 -0.73145 0.08008 -0.73145 0.08008 -0.50000 0.02246 -0.35059 0.02344 -0.41406 0.08008 -0.50000 0.09473 -0.34180 0.02246 -0.35059 0.39551 -0.73535 0.44824 -0.51953 0.39844 -0.52344 0.39551 -0.73535 0.44238 -0.72461 0.44824 -0.51953 0.14746 -0.53223 0.08008 -0.73145 0.14648 -0.73145 0.14746 -0.53223 0.08008 -0.53223 0.08008 -0.73145 0.08008 -0.50000 0.08008 -0.53223 0.14746 -0.53223 0.31543 -0.49707 0.22949 -0.50000 0.31543 -0.53711 0.31543 -0.49707 0.28711 -0.24121 0.22949 -0.50000 0.33691 -0.27539 0.28711 -0.24121 0.31543 -0.49707 0.16699 -0.50000 0.28711 -0.24121 0.16699 -0.25586 0.16699 -0.50000 0.22949 -0.50000 0.28711 -0.24121 0.22949 -0.53223 0.22949 -0.50000 0.16699 -0.50000 0.22949 -0.53223 0.31543 -0.53711 0.22949 -0.50000 0.22949 -0.73145 0.31543 -0.53711 0.22949 -0.53223 0.22949 -0.73145 0.33496 -0.73926 0.31543 -0.53711 0.28320 -0.81445 0.33496 -0.73926 0.22949 -0.73145 0.14746 -0.50000 0.08008 -0.50000 0.14746 -0.53223 0.14746 -0.50000 0.08008 -0.28223 0.08008 -0.50000 0.14746 -0.25586 0.08008 -0.28223 0.14746 -0.50000 0.14746 -0.25586 0.08301 -0.25879 0.08008 -0.28223 0.14746 -0.23730 0.08301 -0.25879 0.14746 -0.25586 0.22949 -0.81445 0.22949 -0.73145 0.16699 -0.81445 0.22949 -0.81445 0.28320 -0.81445 0.22949 -0.73145 0.16699 -0.53223 0.22949 -0.53223 0.16699 -0.50000 0.16699 -0.53223 0.22949 -0.73145 0.22949 -0.53223 0.16699 -0.73145 0.22949 -0.73145 0.16699 -0.53223 0.16699 -0.73145 0.16699 -0.81445 0.22949 -0.73145 0.32031 -0.16797 0.23438 -0.22363 0.31934 -0.22559 0.32031 -0.16797 0.20703 -0.10352 0.23438 -0.22363 0.45117 -0.49609 0.39551 -0.53711 0.44922 -0.52148 0.45117 -0.49609 0.39551 -0.49707 0.39551 -0.53711 0.39551 -0.27441 0.42480 -0.26758 0.33398 -0.22266 0.39551 -0.27441 0.42480 -0.29102 0.42480 -0.26758 0.39551 -0.40625 0.42480 -0.29102 0.39551 -0.27441 0.76660 -0.18066 0.76660 -0.15625 0.65527 -0.15625 0.76660 -0.18066 0.89648 -0.15723 0.76660 -0.15625 0.00195 -0.87500 0.22461 -0.99512 0.19727 -0.87500 0.00195 -0.87500 0.00293 -0.99512 0.22461 -0.99512 0.28418 -0.83105 0.13281 -0.85840 0.34668 -0.85840 0.28418 -0.83105 0.13281 -0.83105 0.13281 -0.85840 0.28418 -0.85840 0.34375 -0.83105 0.34668 -0.85840 0.28418 -0.85840 0.13281 -0.83105 0.34375 -0.83105 0.04102 -0.85840 0.13281 -0.83105 0.28418 -0.85840 0.76562 -0.73535 0.87695 -0.76660 0.87695 -0.80273 0.76562 -0.73535 0.87695 -0.73047 0.87695 -0.76660 0.84863 -0.70117 0.87695 -0.73047 0.76562 -0.73535 0.84863 -0.70117 0.87695 -0.70117 0.87695 -0.73047 0.86426 -0.68555 0.87695 -0.70117 0.84863 -0.70117 0.04980 -0.73242 0.23730 -0.55371 0.24023 -0.73340 0.04980 -0.73242 0.05859 -0.55664 0.23730 -0.55371 0.15137 -0.79785 0.24023 -0.73340 0.25391 -0.79785 0.15137 -0.79785 0.04980 -0.73242 0.24023 -0.73340 0.06543 -0.79590 0.04980 -0.73242 0.15137 -0.79785 0.01074 -0.80566 0.08008 -0.73145 0.00879 -0.72949 0.01074 -0.80566 0.08008 -0.81445 0.08008 -0.73145 0.05859 -0.55664 0.23828 -0.50488 0.23730 -0.55371 0.05859 -0.55664 0.06348 -0.50684 0.23828 -0.50488 0.69238 -0.43555 0.74609 -0.54590 0.62012 -0.54590 0.69238 -0.43555 0.76367 -0.50977 0.74609 -0.54590 0.74219 -0.43945 0.76367 -0.50977 0.69238 -0.43555 0.74219 -0.43945 0.82324 -0.35254 0.76367 -0.50977 0.73242 -0.35254 0.82324 -0.35254 0.74219 -0.43945 0.62109 -0.43945 0.62012 -0.54590 0.44336 -0.54590 0.62109 -0.43945 0.69238 -0.43555 0.62012 -0.54590 0.89648 -0.15723 0.95605 -0.08691 0.99707 -0.15723 0.89648 -0.15723 0.90430 -0.08203 0.95605 -0.08691 0.76660 -0.15625 0.90430 -0.08203 0.89648 -0.15723 0.76660 -0.15625 0.80176 -0.01172 0.90430 -0.08203 0.73145 -0.08691 0.80176 -0.01172 0.76660 -0.15625 0.73145 -0.08691 0.76660 -0.15625 0.80176 -0.01172 0.66016 -0.13379 0.76660 -0.15625 0.73145 -0.08691 0.97266 -0.94531 0.87891 -0.94238 0.87598 -0.96973 0.91602 -0.91406 0.90723 -0.92383 0.91602 -0.92383 0.97266 -0.97168 0.89160 -0.94727 0.87305 -0.97656 0.97266 -0.94531 0.88477 -0.94141 0.88184 -0.97754 0.98926 -0.97168 0.98926 -0.94531 0.97266 -0.94531 0.64844 -0.31445 0.63281 -0.35156 0.66211 -0.35156 0.44922 -0.33203 0.44922 -0.38379 0.63281 -0.38379 0.63379 -0.99219 0.75195 -0.99219 0.75195 -0.78223 0.87695 -0.98633 0.88574 -0.97266 0.86621 -0.97461 0.66016 -0.13379 0.73145 -0.08691 0.76660 -0.15625 0.95312 -0.05371 0.99316 -0.02930 0.95020 -0.00684 0.87402 -0.04492 0.87402 -0.01660 0.83496 -0.03320 0.33398 -0.22266 0.42090 -0.22461 0.42090 -0.26074 0.28418 -0.85840 0.13281 -0.83105 0.04102 -0.85840 0.39551 -0.27441 0.42480 -0.29102 0.39551 -0.40625 0.04980 -0.73242 0.06543 -0.79590 0.15137 -0.79785 0.08301 -0.25879 0.14746 -0.23730 0.14746 -0.25586 0.28320 -0.81445 0.22949 -0.81445 0.22949 -0.73145 0.90723 -0.92383 0.91602 -0.91406 0.91602 -0.92383 0.97266 -0.94531 0.98926 -0.94531 0.98926 -0.97168 0.63281 -0.38379 0.63281 -0.35156 0.66211 -0.35156 0.88574 -0.97266 0.87695 -0.98633 0.86621 -0.97461 0.87402 -0.01660 0.87402 -0.04492 0.83496 -0.03320 0.66016 -0.13379 0.73145 -0.08691 0.76660 -0.15625 0.04102 -0.85840 0.13281 -0.85840 0.13281 -0.83105 0.92578 -0.94531 0.97266 -0.94531 0.89160 -0.94727 0.42090 -0.17383 0.33594 -0.16602 0.33398 -0.22266 0.06348 -0.50684 0.14648 -0.24219 0.23828 -0.50488 0.23438 -0.22363 0.20703 -0.10352 0.16699 -0.23730</float_array>
     <technique_common>
      <accessor count="1356" offset="0" source="#cut_silent_orb_1-lib-texcoords-array" stride="2">
       <param name="U" type="float"/>
       <param name="V" type="float"/>
      </accessor>
     </technique_common>
    </source>
    <vertices id="cut_silent_orb_1-lib-vertices">
     <input semantic="POSITION" source="#cut_silent_orb_1-lib-positions"/>
    </vertices>
    <polylist count="452" material="mat5.png">
     <input offset="0" semantic="VERTEX" source="#cut_silent_orb_1-lib-vertices"/>
     <input offset="1" semantic="NORMAL" source="#cut_silent_orb_1-lib-normals"/>
     <input offset="2" semantic="TEXCOORD" source="#cut_silent_orb_1-lib-texcoords"/>
     <vcount>3 3 3 3 3 3 3 3 3 3 3 3 3 3 3 3 3 3 3 3 3 3 3 3 3 3 3 3 3 3 3 3 3 3 3 3 3 3 3 3 3 3 3 3 3 3 3 3 3 3 3 3 3 3 3 3 3 3 3 3 3 3 3 3 3 3 3 3 3 3 3 3 3 3 3 3 3 3 3 3 3 3 3 3 3 3 3 3 3 3 3 3 3 3 3 3 3 3 3 3 3 3 3 3 3 3 3 3 3 3 3 3 3 3 3 3 3 3 3 3 3 3 3 3 3 3 3 3 3 3 3 3 3 3 3 3 3 3 3 3 3 3 3 3 3 3 3 3 3 3 3 3 3 3 3 3 3 3 3 3 3 3 3 3 3 3 3 3 3 3 3 3 3 3 3 3 3 3 3 3 3 3 3 3 3 3 3 3 3 3 3 3 3 3 3 3 3 3 3 3 3 3 3 3 3 3 3 3 3 3 3 3 3 3 3 3 3 3 3 3 3 3 3 3 3 3 3 3 3 3 3 3 3 3 3 3 3 3 3 3 3 3 3 3 3 3 3 3 3 3 3 3 3 3 3 3 3 3 3 3 3 3 3 3 3 3 3 3 3 3 3 3 3 3 3 3 3 3 3 3 3 3 3 3 3 3 3 3 3 3 3 3 3 3 3 3 3 3 3 3 3 3 3 3 3 3 3 3 3 3 3 3 3 3 3 3 3 3 3 3 3 3 3 3 3 3 3 3 3 3 3 3 3 3 3 3 3 3 3 3 3 3 3 3 3 3 3 3 3 3 3 3 3 3 3 3 3 3 3 3 3 3 3 3 3 3 3 3 3 3 3 3 3 3 3 3 3 3 3 3 3 3 3 3 3 3 3 3 3 3 3 3 3 3 3 3 3 3 3 3 3 3 3 3 3 3 3 3 3 3 3 3 3 3 3 3 3 3 3 3 3 3 3 3 3 3 3 3 3 3 3 3 3 3 3 3 3 3 3 3 3 3 3 3 3 3 3 3 3 3 3 3</vcount>
     <p>2 2 2 1 1 1 0 0 0 1 5 5 3 4 4 0 3 3 6 8 8 5 7 7 4 6 6 5 11 11 7 10 10 4 9 9 4 14 14 7 13 13 8 12 12 7 17 17 9 16 16 8 15 15 8 20 20 9 19 19 10 18 18 9 23 23 11 22 22 10 21 21 10 26 26 11 25 25 12 24 24 11 29 29 13 28 28 12 27 27 12 32 32 13 31 31 14 30 30 13 35 35 15 34 34 14 33 33 14 38 38 15 37 37 16 36 36 15 41 41 17 40 40 16 39 39 16 44 44 17 43 43 18 42 42 17 47 47 19 46 46 18 45 45 18 50 50 19 49 49 20 48 48 14 53 53 1 52 52 12 51 51 1 56 56 2 55 55 12 54 54 12 59 59 2 58 58 10 57 57 23 62 62 22 61 61 21 60 60 22 65 65 24 64 64 21 63 63 21 68 68 24 67 67 25 66 66 24 71 71 26 70 70 25 69 69 25 74 74 26 73 73 27 72 72 26 77 77 28 76 76 27 75 75 27 80 80 28 79 79 29 78 78 28 83 83 30 82 82 29 81 81 29 86 86 30 85 85 31 84 84 22 89 89 23 88 88 32 87 87 23 92 92 10 91 91 32 90 90 32 95 95 10 94 94 2 93 93 34 98 98 33 97 97 26 96 96 33 101 101 28 100 100 26 99 99 35 104 104 34 103 103 31 102 102 34 107 107 26 106 106 31 105 105 31 110 110 30 109 109 35 108 108 30 113 113 36 112 112 35 111 111 33 116 116 36 115 115 28 114 114 36 119 119 30 118 118 28 117 117 39 122 122 38 121 121 37 120 120 38 125 125 40 124 124 37 123 123 42 128 128 41 127 127 33 126 126 41 131 131 36 130 130 33 129 129 41 134 134 43 133 133 36 132 132 43 137 137 44 136 136 36 135 135 36 140 140 44 139 139 45 138 138 44 143 143 46 142 142 45 141 141 45 146 146 46 145 145 39 144 144 46 149 149 47 148 148 39 147 147 49 152 152 48 151 151 35 150 150 48 155 155 50 154 154 35 153 153 35 158 158 50 157 157 51 156 156 53 161 161 40 160 160 52 159 159 40 164 164 38 163 163 52 162 162 54 167 167 52 166 166 47 165 165 52 170 170 38 169 169 47 168 168 46 173 173 40 172 172 55 171 171 40 176 176 53 175 175 55 174 174 53 179 179 52 178 178 55 177 177 52 182 182 54 181 181 55 180 180 55 185 185 54 184 184 47 183 183 58 188 188 57 187 187 56 186 186 57 191 191 59 190 190 56 189 189 62 194 194 61 193 193 60 192 192 61 197 197 56 196 196 60 195 195 43 200 200 62 199 199 44 198 198 62 203 203 60 202 202 44 201 201 64 206 206 42 205 205 63 204 204 42 209 209 57 208 208 63 207 207 65 212 212 41 211 211 64 210 210 41 215 215 42 214 214 64 213 213 41 218 218 65 217 217 43 216 216 65 221 221 66 220 220 43 219 219 58 224 224 61 223 223 57 222 222 61 227 227 62 226 226 57 225 225 44 230 230 60 229 229 59 228 228 60 233 233 56 232 232 59 231 231 66 236 236 63 235 235 43 234 234 63 239 239 57 238 238 43 237 237 50 242 242 48 241 241 51 240 240 48 245 245 45 244 244 51 243 243 51 248 248 45 247 247 39 246 246 51 251 251 39 250 250 35 249 249 39 254 254 37 253 253 35 252 252 35 257 257 37 256 256 34 255 255 37 260 260 40 259 259 34 258 258 34 263 263 40 262 262 59 261 261 42 266 266 33 265 265 57 264 264 33 269 269 34 268 268 57 267 267 57 272 272 34 271 271 59 270 270 35 275 275 36 274 274 49 273 273 36 278 278 45 277 277 49 276 276 68 281 281 59 280 280 67 279 279 59 284 284 40 283 283 67 282 282 46 287 287 69 286 286 40 285 285 69 290 290 67 289 289 40 288 288 44 293 293 59 292 292 70 291 291 59 296 296 68 295 295 70 294 294 68 299 299 67 298 298 70 297 297 67 302 302 69 301 301 70 300 300 70 305 305 69 304 304 46 303 303 66 308 308 65 307 307 63 306 306 65 311 311 64 310 310 63 309 309 31 314 314 24 313 313 29 312 312 24 316 317 71 315 316 29 315 315 29 319 320 71 318 319 27 317 318 71 322 323 72 321 322 27 320 321 24 325 326 22 324 325 71 323 324 22 328 329 32 327 328 71 326 327 71 331 332 32 330 331 72 329 330 32 334 335 2 333 334 72 332 333 16 337 338 18 336 337 14 335 336 18 340 341 73 339 340 14 338 339 14 343 344 73 342 343 1 341 342 73 346 347 74 345 346 1 344 345 1 349 350 74 348 349 75 347 348 74 352 353 76 351 352 75 350 351 75 355 356 76 354 355 77 353 354 80 358 359 79 357 358 78 356 357 79 361 362 81 360 361 78 359 360 78 364 365 81 363 364 82 362 363 81 367 368 83 366 367 82 365 366 82 370 371 83 369 370 84 368 369 83 373 374 5 372 373 84 371 372 86 376 377 80 375 376 85 374 375 80 379 380 78 378 379 85 377 378 5 382 383 6 381 382 86 380 381 6 385 386 80 384 385 86 383 384 5 388 389 86 387 388 87 386 387 86 391 392 85 390 391 87 389 390 90 394 395 89 393 394 88 392 393 89 397 398 91 396 397 88 395 396 88 400 401 91 399 400 92 398 399 91 403 404 93 402 403 92 401 402 92 406 407 93 405 406 94 404 405 93 409 410 95 408 409 94 407 408 94 412 413 95 411 412 96 410 411 95 415 416 97 414 415 96 413 414 100 418 419 99 417 418 98 416 417 99 421 422 101 420 421 98 419 420 98 424 425 101 423 424 102 422 423 99 427 428 103 426 427 101 425 426 103 430 431 104 429 430 101 428 429 102 433 434 105 432 433 98 431 432 105 436 437 106 435 436 98 434 435 109 439 440 108 438 439 107 437 438 108 442 443 106 441 442 107 440 441 107 445 446 106 444 445 105 443 444 109 448 449 107 447 448 101 446 447 107 451 452 102 450 451 101 449 450 104 454 455 103 453 454 109 452 453 103 457 458 110 456 457 109 455 456 109 460 461 110 459 460 108 458 459 110 463 464 100 462 463 108 461 462 108 466 467 100 465 466 111 464 465 100 469 470 98 468 469 111 467 468 111 472 473 98 471 472 106 470 471 101 475 476 104 474 475 112 473 474 104 478 479 113 477 478 112 476 477 114 481 482 113 480 481 109 479 480 113 484 485 104 483 484 109 482 483 101 487 488 112 486 487 109 485 486 112 490 491 114 489 490 109 488 489 100 493 494 116 492 493 115 491 492 116 496 497 117 495 496 115 494 495 115 499 500 117 498 499 118 497 498 117 502 503 119 501 502 118 500 501 91 505 506 89 504 505 120 503 504 89 508 509 121 507 508 120 506 507 120 511 512 121 510 511 122 509 510 121 514 515 123 513 514 122 512 513 122 517 518 123 516 517 124 515 516 123 520 521 125 519 520 124 518 519 120 523 524 126 522 523 119 521 522 126 526 527 127 525 526 119 524 525 115 529 530 118 528 529 128 527 528 118 532 533 129 531 532 128 530 531 94 535 536 130 534 535 92 533 534 130 538 539 88 537 538 92 536 537 117 541 542 91 540 541 119 539 540 91 544 545 120 543 544 119 542 543 91 547 548 117 546 547 93 545 546 117 550 551 95 549 550 93 548 549 117 553 554 116 552 553 95 551 552 116 556 557 100 555 556 95 554 555 95 559 560 100 558 559 131 557 558 134 562 563 133 561 562 132 560 561 133 565 566 135 564 565 132 563 564 132 568 569 135 567 568 136 566 567 127 571 572 129 570 571 119 569 570 129 574 575 118 573 574 119 572 573 133 577 578 134 576 577 124 575 576 134 580 581 126 579 580 124 578 579 11 583 584 137 582 583 136 581 582 137 586 587 138 585 586 136 584 585 103 589 590 97 588 589 110 587 588 97 592 593 131 591 592 110 590 591 110 595 596 131 594 595 100 593 594 103 598 599 99 597 598 139 596 597 99 601 602 140 600 601 139 599 600 135 604 605 133 603 604 141 602 603 133 607 608 142 606 607 141 605 606 141 610 611 142 609 610 143 608 609 142 613 614 124 612 613 143 611 612 97 616 617 103 615 616 96 614 615 103 619 620 128 618 619 96 617 618 96 622 623 128 621 622 94 620 621 128 625 626 129 624 625 94 623 624 94 628 629 129 627 628 130 626 627 129 631 632 127 630 631 130 629 630 130 634 635 127 633 634 134 632 633 128 637 638 139 636 637 115 635 636 139 640 641 140 639 640 115 638 639 115 643 644 140 642 643 100 641 642 130 646 647 134 645 646 88 644 645 134 649 650 132 648 649 88 647 648 88 652 653 132 651 652 90 650 651 132 655 656 136 654 655 90 653 654 126 658 659 120 657 658 124 656 657 120 661 662 122 660 661 124 659 660 136 664 665 138 663 664 90 662 663 138 667 668 144 666 667 90 665 666 90 670 671 144 669 670 121 668 669 144 673 674 145 672 673 121 671 672 147 676 677 146 675 676 5 674 675 146 679 680 7 678 679 5 677 678 150 682 683 149 681 682 148 680 681 149 685 686 151 684 685 148 683 684 154 688 689 153 687 688 152 686 687 153 691 692 155 690 691 152 689 690 152 694 695 155 693 694 156 692 693 155 697 698 157 696 697 156 695 696 156 700 701 157 699 700 158 698 699 157 703 704 159 702 703 158 701 702 158 706 707 159 705 706 154 704 705 159 709 710 153 708 709 154 707 708 161 712 713 154 711 712 160 710 711 154 715 716 162 714 715 160 713 714 164 718 719 156 717 718 163 716 717 156 721 722 158 720 721 163 719 720 163 724 725 158 723 724 165 722 723 158 727 728 166 726 727 165 725 726 168 730 731 154 729 730 167 728 729 154 733 734 161 732 733 167 731 732 170 736 737 166 735 736 169 734 735 166 739 740 158 738 739 169 737 738 169 742 743 158 741 742 168 740 741 158 745 746 154 744 745 168 743 744 173 748 749 172 747 748 171 746 747 172 751 752 174 750 751 171 749 750 173 754 755 171 753 754 175 752 753 171 757 758 176 756 757 175 755 756 174 760 761 172 759 760 177 758 759 172 763 764 170 762 763 177 761 762 174 766 767 177 765 766 171 764 765 177 769 770 176 768 769 171 767 768 170 772 773 175 771 772 177 770 771 175 775 776 176 774 775 177 773 774 180 778 779 179 777 778 178 776 777 179 781 782 181 780 781 178 779 780 165 784 785 166 783 784 182 782 783 166 787 788 183 786 787 182 785 786 182 790 791 183 789 790 184 788 789 183 793 794 178 792 793 184 791 792 184 796 797 178 795 796 181 794 795 179 799 800 164 798 799 185 797 798 164 802 803 186 801 802 185 800 801 164 805 806 163 804 805 186 803 804 163 808 809 187 807 808 186 806 807 163 811 812 165 810 811 187 809 810 165 814 815 188 813 814 187 812 813 187 817 818 188 816 817 185 815 816 182 820 821 184 819 820 179 818 819 184 823 824 181 822 823 179 821 822 178 826 827 183 825 826 180 824 825 183 829 830 166 828 829 180 827 828 179 832 833 185 831 832 165 830 831 185 835 836 188 834 835 165 833 834 175 838 839 170 837 838 162 836 837 170 841 842 169 840 841 162 839 840 161 844 845 160 843 844 167 842 843 160 847 848 169 846 847 167 845 846 167 850 851 169 849 850 168 848 849 164 853 854 179 852 853 156 851 852 179 856 857 152 855 856 156 854 855 162 859 860 154 858 859 189 857 858 154 862 863 152 861 862 189 860 861 172 865 866 180 864 865 190 863 864 180 868 869 191 867 868 190 866 867 190 871 872 192 870 871 172 869 870 192 874 875 170 873 874 172 872 873 191 877 878 180 876 877 193 875 876 180 880 881 166 879 880 193 878 879 191 883 884 193 882 883 190 881 882 193 886 887 192 885 886 190 884 885 166 889 890 170 888 889 193 887 888 170 892 893 192 891 892 193 890 891 155 895 896 194 894 895 157 893 894 194 898 899 195 897 898 157 896 897 157 901 902 195 900 901 159 899 900 195 904 905 153 903 904 159 902 903 153 907 908 195 906 907 151 905 906 195 909 911 196 909 910 151 908 909 151 912 914 196 911 913 148 910 912 196 915 917 197 914 916 148 913 915 148 918 920 197 917 919 150 916 918 197 921 923 198 920 922 150 919 921 195 924 926 194 923 925 196 922 924 194 927 929 199 926 928 196 925 927 196 930 932 199 929 931 197 928 930 199 933 935 3 932 934 197 931 933 197 936 938 3 935 937 198 934 936 153 939 941 151 938 940 155 937 939 151 942 944 200 941 943 155 940 942 155 945 947 200 944 946 194 943 945 200 948 950 149 947 949 194 946 948 202 951 953 201 950 952 20 949 951 201 954 956 203 953 955 20 952 954 20 957 959 203 956 958 18 955 957 203 960 962 74 959 961 18 958 960 18 963 965 74 962 964 73 961 963 76 966 968 74 965 967 201 964 966 74 969 971 203 968 970 201 967 969 5 972 974 83 971 973 147 970 972 83 975 977 81 974 976 147 973 975 205 978 980 145 977 979 204 976 978 145 981 983 206 980 982 204 979 981 204 984 986 206 983 985 207 982 984 206 987 989 143 986 988 207 985 987 144 990 992 138 989 991 145 988 990 138 993 995 208 992 994 145 991 993 211 996 998 210 995 997 209 994 996 210 999 1001 212 998 1000 209 997 999 214 1002 1004 213 1001 1003 212 1000 1002 213 1005 1007 215 1004 1006 212 1003 1005 212 1008 1010 215 1007 1009 209 1006 1008 217 1011 1013 214 1010 1012 216 1009 1011 214 1014 1016 218 1013 1015 216 1012 1014 214 1017 1019 219 1016 1018 218 1015 1017 219 1020 1022 220 1019 1021 218 1018 1020 213 1023 1025 211 1022 1024 215 1021 1023 211 1026 1028 209 1025 1027 215 1024 1026 213 1029 1031 221 1028 1030 217 1027 1029 221 1032 1034 222 1031 1033 217 1030 1032 217 1035 1037 222 1034 1036 214 1033 1035 222 1038 1040 223 1037 1039 214 1036 1038 223 1041 1043 221 1040 1042 214 1039 1041 221 1044 1046 213 1043 1045 214 1042 1044 225 1047 1049 224 1046 1048 220 1045 1047 224 1050 1052 226 1049 1051 220 1048 1050 228 1053 1055 125 1052 1054 227 1051 1053 125 1056 1058 123 1055 1057 227 1054 1056 231 1059 1061 230 1058 1060 229 1057 1059 230 1062 1064 224 1061 1063 229 1060 1062 226 1065 1067 224 1064 1066 232 1063 1065 224 1068 1070 230 1067 1069 232 1066 1068 232 1071 1073 230 1070 1072 227 1069 1071 235 1074 1076 234 1073 1075 233 1072 1074 234 1077 1079 204 1076 1078 233 1075 1077 233 1080 1082 204 1079 1081 207 1078 1080 205 1083 1085 204 1082 1084 236 1081 1083 204 1086 1088 234 1085 1087 236 1084 1086 236 1089 1091 234 1088 1090 237 1087 1089 234 1092 1094 235 1091 1093 237 1090 1092 237 1095 1097 235 1094 1096 238 1093 1095 235 1098 1100 239 1097 1099 238 1096 1098 238 1101 1103 239 1100 1102 240 1099 1101 232 1104 1106 227 1103 1105 236 1102 1104 227 1107 1109 123 1106 1108 236 1105 1107 236 1110 1112 123 1109 1111 205 1108 1110 123 1113 1115 121 1112 1114 205 1111 1113 205 1116 1118 121 1115 1117 145 1114 1116 220 1119 1121 238 1118 1120 241 1117 1119 238 1122 1124 240 1121 1123 241 1120 1122 236 1125 1127 237 1124 1126 232 1123 1125 237 1128 1130 238 1127 1129 232 1126 1128 232 1131 1133 238 1130 1132 226 1129 1131 238 1134 1136 220 1133 1135 226 1132 1134 143 1137 1139 206 1136 1138 242 1135 1137 206 1140 1142 208 1139 1141 242 1138 1140 230 1143 1145 231 1142 1144 227 1141 1143 231 1146 1148 228 1145 1147 227 1144 1146 143 1149 1151 124 1148 1150 207 1147 1149 124 1152 1154 125 1151 1153 207 1150 1152 207 1155 1157 125 1154 1156 228 1153 1155 210 1158 1160 219 1157 1159 212 1156 1158 219 1161 1163 214 1160 1162 212 1159 1161 77 1164 1166 208 1163 1165 137 1162 1164 208 1167 1169 138 1166 1168 137 1165 1167 216 1170 1172 218 1169 1171 240 1168 1170 218 1173 1175 241 1172 1174 240 1171 1173 216 1176 1178 244 1175 1177 243 1174 1176 244 1179 1181 225 1178 1180 243 1177 1179 243 1182 1184 225 1181 1183 220 1180 1182 179 1185 1187 180 1184 1186 152 1183 1185 180 1188 1190 172 1187 1189 152 1186 1188 152 1191 1193 172 1190 1192 189 1189 1191 172 1194 1196 173 1193 1195 189 1192 1194 189 1197 1199 173 1196 1198 162 1195 1197 239 1200 1202 235 1199 1201 229 1198 1200 235 1203 1205 231 1202 1204 229 1201 1203 240 1206 1208 239 1205 1207 216 1204 1206 239 1209 1211 229 1208 1210 216 1207 1209 216 1212 1214 229 1211 1213 244 1210 1212 229 1215 1217 224 1214 1216 244 1213 1215 224 1218 1220 225 1217 1219 244 1216 1218 235 1221 1223 233 1220 1222 231 1219 1221 233 1224 1226 228 1223 1225 231 1222 1224 75 1227 1229 77 1226 1228 198 1225 1227 77 1230 1232 245 1229 1231 198 1228 1230 198 1233 1235 245 1232 1234 246 1231 1233 245 1236 1238 7 1235 1237 246 1234 1236 246 1239 1241 7 1238 1240 146 1237 1239 1 1242 1244 75 1241 1243 3 1240 1242 75 1245 1247 198 1244 1246 3 1243 1245 217 1248 1250 216 1247 1249 213 1246 1248 216 1251 1253 243 1250 1252 213 1249 1251 213 1254 1256 243 1253 1255 211 1252 1254 243 1257 1259 220 1256 1258 211 1255 1257 211 1260 1262 220 1259 1261 247 1258 1260 220 1263 1265 219 1262 1264 247 1261 1263 247 1266 1268 219 1265 1267 210 1264 1266 47 1269 1271 46 1268 1270 55 1267 1269 43 1272 1274 57 1271 1273 62 1270 1272 49 1275 1277 45 1274 1276 48 1273 1275 46 1278 1280 44 1277 1279 70 1276 1278 61 1281 1283 58 1280 1282 56 1279 1281 21 1284 1286 25 1283 1285 27 1282 1284 24 1287 1289 31 1286 1288 26 1285 1287 15 1290 1292 248 1289 1291 17 1288 1290 39 1293 1295 47 1292 1294 38 1291 1293 108 1296 1298 111 1295 1297 106 1294 1296 107 1299 1301 105 1298 1300 102 1297 1299 113 1301 1304 114 1300 1303 112 1300 1302 124 1304 1307 142 1303 1306 133 1302 1305 100 1307 1310 140 1306 1309 99 1305 1308 127 1310 1313 126 1309 1312 134 1308 1311 103 1313 1316 139 1312 1315 128 1311 1314 89 1316 1319 90 1315 1318 121 1314 1317 95 1319 1322 131 1318 1321 97 1317 1320 165 1322 1325 182 1321 1324 179 1320 1323 185 1325 1328 186 1324 1327 187 1323 1326 149 1328 1331 200 1327 1330 151 1326 1329 162 1331 1334 173 1330 1333 175 1329 1332 222 1332 1337 221 1332 1336 223 1332 1335 211 1335 1340 247 1334 1339 210 1333 1338 241 1338 1343 218 1337 1342 220 1336 1341 169 1341 1346 160 1340 1345 162 1339 1344 143 1344 1349 242 1343 1348 141 1342 1347 233 1347 1352 207 1346 1351 228 1345 1350 145 1350 1355 208 1349 1354 206 1348 1353</p>
    </polylist>
   </mesh>
  </geometry>
  <geometry id="cut_silent_orb_2-lib" name="cut_silent_orb_2">
   <mesh>
    <source id="cut_silent_orb_2-lib-positions" name="position">
     <float_array id="cut_silent_orb_2-lib-positions-array" count="300">19.03125 160.66701 -3.88095 19.04688 159.35640 1.90735 10.07813 162.75191 -5.57981 22.39063 162.43930 -4.06003 0.00000 144.69640 -17.58227 19.79688 158.51871 -10.04503 0.00000 161.04150 -15.08138 22.76563 154.16969 -10.62974 0.00000 106.82020 -30.00232 25.39063 107.96700 -19.34036 27.62500 65.87149 -29.36369 43.54688 110.19880 -12.59312 43.65625 64.36224 -15.31972 43.54858 160.53050 -1.00650 38.07983 154.01620 1.66510 23.46875 159.42430 0.62486 49.17358 158.56210 -1.78754 54.84546 154.53140 -7.41136 23.81250 158.82220 -8.01999 20.42188 174.80400 -15.52614 18.40625 169.52499 -6.85304 17.70313 169.36960 -3.80617 28.43750 168.49380 -6.69653 0.00000 172.60130 -13.75997 10.60938 172.58749 -6.88508 0.00000 175.48770 -30.21359 -20.42188 174.80400 -15.52614 43.00000 64.17011 -14.91900 42.76563 110.06350 -12.33880 27.14063 65.66103 -28.83834 24.95313 107.81990 -16.23576 0.00000 106.60080 -15.69814 20.03125 145.66631 -6.96746 0.00000 144.04640 -10.96097 0.00000 29.82590 -48.28124 31.43750 26.83587 -35.03682 31.96875 26.96271 -35.55292 0.00000 29.68327 -47.59117 -31.43750 26.83587 -35.03682 -27.14063 65.66103 -28.83834 -43.00000 64.17011 -14.91900 -42.76563 110.06350 -12.33880 38.11108 151.84441 -7.48937 50.07813 17.30777 -10.48800 49.35938 17.19256 -10.13081 4.71875 153.78870 8.52947 16.01563 146.71870 6.61098 6.43750 146.86360 10.63703 6.37500 159.25780 3.95078 -6.37500 159.25780 3.95078 -19.04688 159.35640 1.90735 -10.07813 162.75191 -5.57981 -4.71875 153.78870 8.52947 -19.79688 158.51871 -10.04503 -22.76563 154.16969 -10.62974 -23.81250 158.82220 -8.01999 -54.84546 154.53140 -7.41136 -43.54858 160.53050 -1.00650 -49.17358 158.56210 -1.78754 -43.54688 110.19880 -12.59312 -25.39063 107.95190 -19.34454 -27.62500 65.87149 -29.36369 0.00000 67.27567 -39.86985 -19.03125 160.66701 -3.88095 -22.39063 162.43930 -4.06003 -23.73608 159.10890 0.97755 -31.96875 26.96271 -35.55292 -43.65625 64.36224 -15.31972 -50.07813 17.30777 -10.48800 -17.70313 169.36960 -3.80617 -18.78125 170.32150 -8.43135 -28.43750 168.49380 -6.69653 -20.03125 145.66631 -6.96746 -38.11108 151.84441 -7.48937 -24.95313 107.81990 -16.23576 0.00000 67.03133 -34.13320 -49.35938 17.19256 -10.13081 -15.29688 146.71870 6.61098 -6.43750 146.86360 10.63703 -38.07983 154.01620 1.66510 89.43198 138.90030 31.95017 79.80089 152.09480 40.78386 90.78156 141.09509 43.30295 83.43967 149.58701 30.26695 89.23280 145.49690 26.06604 81.81479 149.71429 26.93137 85.06178 150.13890 22.90164 90.12723 154.16660 26.88031 77.26290 145.29260 -61.69233 85.30891 151.04010 -14.76458 80.54263 145.08980 -62.03575 79.61270 148.21069 -57.03008 88.35464 154.14900 -15.02649 90.15034 150.21240 -15.28753 93.19936 149.96750 22.20764 102.19970 150.70551 38.40041 97.07519 149.09019 25.73535 91.58895 161.93810 38.83012 92.11130 150.47900 50.38031 -10.60938 172.58749 -6.88508</float_array>
     <technique_common>
      <accessor count="100" source="#cut_silent_orb_2-lib-positions-array" stride="3">
       <param name="X" type="float"/>
       <param name="Y" type="float"/>
       <param name="Z" type="float"/>
      </accessor>
     </technique_common>
    </source>
    <source id="cut_silent_orb_2-lib-normals" name="normal">
     <float_array id="cut_silent_orb_2-lib-normals-array" count="1548">-0.12117 0.99166 -0.04385 0.13073 0.74965 0.64880 0.18286 0.97861 -0.09426 -0.12117 0.99166 -0.04385 -0.33553 0.93956 0.06820 0.13073 0.74965 0.64880 0.00000 0.26178 -0.96513 0.22710 0.61147 -0.75797 0.00000 0.40341 -0.91502 0.00000 0.26178 -0.96513 0.20070 0.28900 -0.93606 0.22710 0.61147 -0.75797 0.00001 0.24433 -0.96969 0.20070 0.28900 -0.93606 0.00000 0.26178 -0.96513 0.00001 0.24433 -0.96969 0.34338 0.21430 -0.91442 0.20070 0.28900 -0.93606 0.49447 0.18058 -0.85023 0.34338 0.21430 -0.91442 0.00001 0.24433 -0.96969 0.49447 0.18058 -0.85023 0.32286 0.16939 -0.93116 0.34338 0.21430 -0.91442 0.69794 0.09568 -0.70973 0.32286 0.16939 -0.93116 0.49447 0.18058 -0.85023 0.16398 0.25334 0.95338 0.08552 0.33151 0.93957 0.14122 0.54686 0.82523 0.16398 0.25334 0.95338 0.20818 0.21642 0.95385 0.08552 0.33151 0.93957 0.32286 0.16939 -0.93116 0.20070 0.28900 -0.93606 0.34338 0.21430 -0.91442 0.32286 0.16939 -0.93116 0.13377 0.43241 -0.89170 0.20070 0.28900 -0.93606 0.22710 0.61147 -0.75797 0.17258 0.72827 -0.66320 0.24712 0.75800 -0.60364 0.22710 0.61147 -0.75797 0.20070 0.28900 -0.93606 0.17258 0.72827 -0.66320 0.93520 0.35390 0.01254 0.93520 0.35390 0.01254 0.93520 0.35390 0.01254 0.17258 0.72827 -0.66320 0.11713 0.87435 -0.47095 -0.06068 0.99558 -0.07175 0.13377 0.43241 -0.89170 0.11713 0.87435 -0.47095 0.17258 0.72827 -0.66320 0.13377 0.43241 -0.89170 0.25904 0.88955 -0.37631 0.11713 0.87435 -0.47095 0.60047 -0.77504 -0.19684 0.33218 -0.78734 -0.51937 0.15225 -0.76257 -0.62873 0.60047 -0.77504 -0.19684 0.28747 -0.92576 -0.24562 0.33218 -0.78734 -0.51937 0.43204 -0.90149 0.02577 0.28747 -0.92576 -0.24562 0.60047 -0.77504 -0.19684 0.43204 -0.90149 0.02577 -0.08572 -0.89906 -0.42934 0.28747 -0.92576 -0.24562 0.00000 0.98634 0.16473 0.06060 0.94558 0.31969 0.00505 0.89977 0.43633 0.00000 0.98634 0.16473 0.00000 0.98496 0.17279 0.06060 0.94558 0.31969 -0.06060 0.94558 0.31969 0.00000 0.98496 0.17279 0.00000 0.98634 0.16473 0.50491 0.06510 0.86071 0.32867 -0.13316 0.93501 0.51190 0.03979 0.85812 0.50491 0.06510 0.86071 0.10191 -0.17626 0.97905 0.32867 -0.13316 0.93501 -0.41239 -0.24457 0.87756 -0.66137 -0.04547 0.74868 -0.69862 -0.09544 0.70910 -0.41239 -0.24457 0.87756 -0.07247 -0.26863 0.96051 0.10191 -0.17626 0.97905 -0.00000 -0.26984 0.96291 -0.07247 -0.26863 0.96051 -0.41239 -0.24457 0.87756 -0.00000 -0.26984 0.96291 -0.04671 -0.15552 0.98673 -0.07247 -0.26863 0.96051 0.00000 -0.12551 0.99209 -0.04671 -0.15552 0.98673 -0.00000 -0.26984 0.96291 -0.00000 -0.97919 -0.20294 -0.03237 -0.96226 -0.27020 -0.03825 -0.96056 -0.27544 -0.00000 -0.97919 -0.20294 0.00000 -0.97930 -0.20241 -0.03237 -0.96226 -0.27020 0.03237 -0.96226 -0.27020 0.00000 -0.97930 -0.20241 -0.00000 -0.97919 -0.20294 0.62230 -0.13790 0.77054 0.41239 -0.24457 0.87756 0.00000 -0.25810 0.96612 0.69862 -0.09544 0.70910 0.41239 -0.24457 0.87756 0.62230 -0.13790 0.77054 0.69862 -0.09544 0.70910 -0.04928 -0.17074 0.98408 0.41239 -0.24457 0.87756 0.10191 -0.17626 0.97905 0.01827 -0.11502 0.99320 0.32867 -0.13316 0.93501 0.10191 -0.17626 0.97905 0.03729 -0.11111 0.99311 0.01827 -0.11502 0.99320 -0.04671 -0.15552 0.98673 0.03729 -0.11111 0.99311 0.10191 -0.17626 0.97905 -0.02302 -0.93777 -0.34649 -0.03237 -0.96226 -0.27020 -0.02219 -0.93758 -0.34706 -0.02302 -0.93777 -0.34649 -0.03825 -0.96056 -0.27544 -0.03237 -0.96226 -0.27020 0.22710 0.61147 -0.75797 0.18286 0.97861 -0.09426 0.00000 0.40341 -0.91502 0.22710 0.61147 -0.75797 -0.12117 0.99166 -0.04385 0.18286 0.97861 -0.09426 -0.33553 0.93956 0.06820 -0.12117 0.99166 -0.04385 0.22710 0.61147 -0.75797 0.27858 0.40965 0.86867 0.26617 0.31545 0.91085 0.36708 0.35302 0.86060 0.27858 0.40965 0.86867 0.31892 0.26246 0.91072 0.26617 0.31545 0.91085 0.07857 0.73905 0.66906 0.13073 0.74965 0.64880 0.27858 0.40965 0.86867 0.07857 0.73905 0.66906 0.18286 0.97861 -0.09426 0.13073 0.74965 0.64880 0.14122 0.54686 0.82523 0.13073 0.74965 0.64880 -0.33553 0.93956 0.06820 0.14122 0.54686 0.82523 0.26617 0.31545 0.91085 0.13073 0.74965 0.64880 0.08552 0.33151 0.93957 0.26617 0.31545 0.91085 0.14122 0.54686 0.82523 -0.07857 0.73905 0.66906 -0.14362 0.69659 0.70295 -0.18286 0.97861 -0.09426 -0.07857 0.73905 0.66906 -0.29020 0.40304 0.86796 -0.14362 0.69659 0.70295 -0.28530 0.56892 -0.77132 0.00000 0.26178 -0.96513 0.00000 0.40341 -0.91502 -0.28530 0.56892 -0.77132 -0.20070 0.28900 -0.93606 0.00000 0.26178 -0.96513 -0.17150 0.73075 -0.66075 -0.20070 0.28900 -0.93606 -0.28530 0.56892 -0.77132 -0.17150 0.73075 -0.66075 -0.13377 0.43241 -0.89170 -0.20070 0.28900 -0.93606 -0.11432 0.87833 -0.46418 -0.13377 0.43241 -0.89170 -0.17150 0.73075 -0.66075 -0.11432 0.87833 -0.46418 -0.25904 0.88955 -0.37631 -0.13377 0.43241 -0.89170 -0.32289 0.16938 -0.93116 -0.20070 0.28900 -0.93606 -0.13377 0.43241 -0.89170 -0.32289 0.16938 -0.93116 -0.34338 0.21432 -0.91441 -0.20070 0.28900 -0.93606 -0.49447 0.18058 -0.85023 -0.34338 0.21432 -0.91441 -0.32289 0.16938 -0.93116 -0.49447 0.18058 -0.85023 0.00001 0.24433 -0.96969 -0.34338 0.21432 -0.91441 0.00000 0.23038 -0.97310 0.00001 0.24433 -0.96969 -0.49447 0.18058 -0.85023 0.12117 0.99166 -0.04385 -0.14362 0.69659 0.70295 0.32800 0.94168 0.07527 0.12117 0.99166 -0.04385 -0.18286 0.97861 -0.09426 -0.14362 0.69659 0.70295 -0.28530 0.56892 -0.77132 -0.83206 0.52455 -0.18037 -0.17150 0.73075 -0.66075 0.45253 0.82311 -0.34308 0.12117 0.99166 -0.04385 0.32800 0.94168 0.07527 -0.18286 0.97861 -0.09426 0.12117 0.99166 -0.04385 -0.28530 0.56892 -0.77132 -0.92921 0.36952 -0.00388 -0.92921 0.36952 -0.00388 -0.83206 0.52455 -0.18037 -0.06502 0.78020 0.62214 -0.11432 0.87833 -0.46418 -0.17150 0.73075 -0.66075 -0.49447 0.18058 -0.85023 -0.00000 0.20871 -0.97798 0.00000 0.23038 -0.97310 -0.49447 0.18058 -0.85023 -0.62093 0.13805 -0.77161 -0.00000 0.20871 -0.97798 -0.69794 0.09568 -0.70973 -0.62093 0.13805 -0.77161 -0.49447 0.18058 -0.85023 -0.69794 0.09568 -0.70973 -0.81903 0.05312 -0.57129 -0.62093 0.13805 -0.77161 -0.50632 -0.76423 -0.39948 -0.33262 -0.78284 -0.52586 -0.60210 -0.77382 -0.19669 0.15225 -0.76257 -0.62873 0.00000 -0.72331 -0.69052 -0.33262 -0.78284 -0.52586 0.33218 -0.78734 -0.51937 0.00000 -0.72331 -0.69052 0.15225 -0.76257 -0.62873 -0.60210 -0.77382 -0.19669 -0.43678 -0.89542 -0.08630 -0.65801 -0.75273 -0.02030 -0.60210 -0.77382 -0.19669 -0.26757 -0.90010 -0.34384 -0.43678 -0.89542 -0.08630 -0.33262 -0.78284 -0.52586 -0.26757 -0.90010 -0.34384 -0.60210 -0.77382 -0.19669 -0.33262 -0.78284 -0.52586 0.09388 -0.90000 -0.42565 -0.26757 -0.90010 -0.34384 0.04671 -0.15552 0.98673 -0.04928 -0.17074 0.98408 -0.03729 -0.11111 0.99311 0.04671 -0.15552 0.98673 0.07247 -0.26863 0.96051 -0.04928 -0.17074 0.98408 -0.00000 -0.26984 0.96291 0.07247 -0.26863 0.96051 0.04671 -0.15552 0.98673 -0.00000 -0.26984 0.96291 0.41239 -0.24457 0.87756 0.07247 -0.26863 0.96051 -0.00000 -0.38033 0.92485 0.41239 -0.24457 0.87756 -0.00000 -0.26984 0.96291 -0.00000 -0.38033 0.92485 0.00000 -0.25810 0.96612 0.41239 -0.24457 0.87756 -0.41239 -0.24457 0.87756 0.00000 -0.25810 0.96612 -0.00000 -0.38033 0.92485 -0.41239 -0.24457 0.87756 -0.62230 -0.13790 0.77054 0.00000 -0.25810 0.96612 -0.69862 -0.09544 0.70910 -0.62230 -0.13790 0.77054 -0.41239 -0.24457 0.87756 -0.69862 -0.09544 0.70910 -0.82017 -0.05296 0.56967 -0.62230 -0.13790 0.77054 0.51190 0.03979 0.85812 0.42142 0.14935 0.89448 0.50491 0.06510 0.86071 0.51190 0.03979 0.85812 0.42075 0.14930 0.89481 0.42142 0.14935 0.89448 -0.32867 -0.13316 0.93501 -0.50491 0.06510 0.86071 -0.51190 0.03979 0.85812 -0.32867 -0.13316 0.93501 -0.04928 -0.17074 0.98408 -0.50491 0.06510 0.86071 -0.42142 0.14935 0.89448 -0.42075 0.14930 0.89481 -0.51190 0.03979 0.85812 0.02219 -0.93758 -0.34706 0.03237 -0.96226 -0.27020 0.02302 -0.93777 -0.34649 0.69862 -0.09544 0.70910 0.62230 -0.13790 0.77054 0.82017 -0.05296 0.56967 0.03825 -0.96056 -0.27544 0.03237 -0.96226 -0.27020 -0.00000 -0.97919 -0.20294 0.03825 -0.96056 -0.27544 0.02302 -0.93777 -0.34649 0.03237 -0.96226 -0.27020 -0.01827 -0.11502 0.99320 -0.04928 -0.17074 0.98408 -0.32867 -0.13316 0.93501 -0.01827 -0.11502 0.99320 -0.03729 -0.11111 0.99311 -0.04928 -0.17074 0.98408 -0.27605 0.30098 0.91280 -0.29020 0.40304 0.86796 -0.39151 0.35547 0.84874 -0.27605 0.30098 0.91280 -0.14362 0.69659 0.70295 -0.29020 0.40304 0.86796 -0.20085 0.28880 0.93608 -0.14362 0.69659 0.70295 -0.27605 0.30098 0.91280 -0.06502 0.78020 0.62214 0.32800 0.94168 0.07527 -0.14362 0.69659 0.70295 -0.16855 0.24958 0.95357 -0.09510 0.31931 0.94287 -0.20818 0.21642 0.95385 -0.16855 0.24958 0.95357 -0.06502 0.78020 0.62214 -0.09510 0.31931 0.94287 0.00001 0.24433 -0.96969 -0.20070 0.28900 -0.93606 -0.34338 0.21432 -0.91441 0.00001 0.24433 -0.96969 0.00000 0.26178 -0.96513 -0.20070 0.28900 -0.93606 0.00000 0.23038 -0.97310 0.49447 0.18058 -0.85023 0.00001 0.24433 -0.96969 0.00000 0.23038 -0.97310 -0.00000 0.20871 -0.97798 0.49447 0.18058 -0.85023 0.62093 0.13805 -0.77161 0.49447 0.18058 -0.85023 -0.00000 0.20871 -0.97798 0.62093 0.13805 -0.77161 0.69794 0.09568 -0.70973 0.49447 0.18058 -0.85023 0.81903 0.05312 -0.57129 0.69794 0.09568 -0.70973 0.62093 0.13805 -0.77161 -0.79318 -0.59686 -0.12091 -0.77264 -0.57176 0.27589 -0.68410 -0.58234 0.43919 -0.79318 -0.59686 -0.12091 -0.73277 -0.67038 -0.11680 -0.77264 -0.57176 0.27589 -0.67172 -0.67529 -0.30460 -0.73277 -0.67038 -0.11680 -0.79318 -0.59686 -0.12091 -0.67172 -0.67529 -0.30460 -0.50032 -0.86072 -0.09405 -0.73277 -0.67038 -0.11680 -0.64743 -0.73030 -0.21794 -0.50032 -0.86072 -0.09405 -0.67172 -0.67529 -0.30460 -0.56822 0.81573 -0.10818 -0.15608 0.89632 -0.41503 -0.47194 0.88136 0.02204 -0.04769 -0.99043 0.12948 -0.19264 -0.98119 0.01211 -0.05419 -0.99002 0.13008 -0.83202 0.54961 0.07534 -0.82809 0.55564 0.07441 -0.71526 0.69815 0.03138 0.89103 0.42806 -0.15112 0.77990 0.58411 -0.22489 0.89221 0.42275 -0.15889 -0.70850 0.70506 0.03039 -0.71526 0.69815 0.03138 -0.82809 0.55564 0.07441 -0.56822 0.81573 -0.10818 -0.71526 0.69815 0.03138 -0.70850 0.70506 0.03039 0.58390 -0.76133 -0.28185 -0.12701 -0.99186 0.00962 0.41901 -0.72062 -0.55238 0.69763 0.69482 -0.17479 0.89103 0.42806 -0.15112 0.89221 0.42275 -0.15889 0.78842 0.61422 -0.03361 0.89103 0.42806 -0.15112 0.69763 0.69482 -0.17479 0.62245 -0.74437 -0.24181 0.72462 -0.67595 0.13424 0.52511 -0.72603 -0.44401 0.62245 -0.74437 -0.24181 0.68618 -0.66604 0.29250 0.72462 -0.67595 0.13424 0.25749 0.84072 -0.47633 -0.00298 0.84833 -0.52946 -0.00298 0.84833 -0.52946 0.25749 0.84072 -0.47633 0.89221 0.42275 -0.15889 0.77990 0.58411 -0.22489 -0.19264 -0.98119 0.01211 -0.12701 -0.99186 0.00962 -0.05419 -0.99002 0.13008 -0.19264 -0.98119 0.01211 -0.67172 -0.67529 -0.30460 -0.12701 -0.99186 0.00962 -0.64743 -0.73030 -0.21794 -0.67172 -0.67529 -0.30460 -0.19264 -0.98119 0.01211 -0.63582 0.67678 -0.37107 -0.62926 0.67827 -0.37945 -0.59329 0.79737 -0.11049 -0.42198 0.63399 0.64807 -0.42198 0.63399 0.64807 -0.42198 0.63399 0.64807 0.69455 0.71915 0.02067 0.72715 0.68547 0.03712 0.62381 0.56877 0.53607 0.69455 0.71915 0.02067 0.55208 0.72435 -0.41294 0.72715 0.68547 0.03712 -0.15608 0.89632 -0.41503 0.55208 0.72435 -0.41294 0.69455 0.71915 0.02067 -0.15608 0.89632 -0.41503 0.69763 0.69482 -0.17479 0.55208 0.72435 -0.41294 -0.45541 0.85316 0.25440 -0.59329 0.79737 -0.11049 -0.47194 0.88136 0.02204 -0.15608 0.89632 -0.41503 -0.63582 0.67678 -0.37107 -0.59329 0.79737 -0.11049 0.41901 -0.72062 -0.55238 0.52511 -0.72603 -0.44401 0.58390 -0.76133 -0.28185 0.41901 -0.72062 -0.55238 0.62245 -0.74437 -0.24181 0.52511 -0.72603 -0.44401 -0.08572 -0.89906 -0.42934 0.33218 -0.78734 -0.51937 0.28747 -0.92576 -0.24562 0.00505 0.89977 0.43633 0.11076 0.80623 0.58114 0.07857 0.73905 0.66906 0.19213 0.87255 0.44916 0.11076 0.80623 0.58114 0.06060 0.94558 0.31969 0.11076 0.80623 0.58114 0.00505 0.89977 0.43633 0.06060 0.94558 0.31969 0.10191 -0.17626 0.97905 -0.07247 -0.26863 0.96051 -0.04671 -0.15552 0.98673 0.13377 0.43241 -0.89170 0.17258 0.72827 -0.66320 0.20070 0.28900 -0.93606 -0.11076 0.80623 0.58114 -0.00505 0.89977 0.43633 -0.07857 0.73905 0.66906 0.00000 0.98634 0.16473 -0.00505 0.89977 0.43633 -0.06060 0.94558 0.31969 0.04671 -0.15552 0.98673 0.00000 -0.12551 0.99209 -0.00000 -0.26984 0.96291 -0.51190 0.03979 0.85812 -0.50491 0.06510 0.86071 -0.42142 0.14935 0.89448 0.00000 0.40341 -0.91502 -0.18286 0.97861 -0.09426 -0.28530 0.56892 -0.77132 -0.04928 -0.17074 0.98408 0.07247 -0.26863 0.96051 0.41239 -0.24457 0.87756 -0.27605 0.30098 0.91280 -0.09510 0.31931 0.94287 -0.06502 0.78020 0.62214 -0.11076 0.80623 0.58114 -0.19213 0.87255 0.44916 -0.06060 0.94558 0.31969 -0.00505 0.89977 0.43633 -0.11076 0.80623 0.58114 -0.06060 0.94558 0.31969 -0.69794 0.09568 -0.70973 -0.49447 0.18058 -0.85023 -0.32289 0.16938 -0.93116 -0.41239 -0.24457 0.87756 -0.00000 -0.38033 0.92485 -0.00000 -0.26984 0.96291 -0.15608 0.89632 -0.41503 -0.56822 0.81573 -0.10818 -0.70850 0.70506 0.03039 -0.77264 -0.57176 0.27589 -0.58913 -0.43168 0.68306 -0.68410 -0.58234 0.43919 0.72462 -0.67595 0.13424 0.68618 -0.66604 0.29250 0.66349 -0.50817 0.54913 0.60047 -0.77504 -0.19684 0.65801 -0.75273 -0.02030 0.43204 -0.90149 0.02577 0.09388 -0.90000 -0.42565 -0.43678 -0.89542 -0.08630 -0.26757 -0.90010 -0.34384</float_array>
     <technique_common>
      <accessor count="516" source="#cut_silent_orb_2-lib-normals-array" stride="3">
       <param name="X" type="float"/>
       <param name="Y" type="float"/>
       <param name="Z" type="float"/>
      </accessor>
     </technique_common>
    </source>
    <source id="cut_silent_orb_2-lib-texcoords">
     <float_array id="cut_silent_orb_2-lib-texcoords-array" count="1032">0.15137 -0.00488 0.13672 -0.05664 0.06152 -0.00488 0.15137 -0.00488 0.20410 -0.00488 0.13672 -0.05664 0.47559 -0.10840 0.33887 -0.05664 0.47559 -0.05664 0.47559 -0.10840 0.32422 -0.14941 0.33887 -0.05664 0.47559 -0.45215 0.32422 -0.14941 0.47559 -0.10840 0.47559 -0.45215 0.39648 -0.44922 0.32422 -0.14941 0.38672 -0.58789 0.39648 -0.44922 0.47559 -0.45215 0.38672 -0.58789 0.29199 -0.51758 0.39648 -0.44922 0.29199 -0.58887 0.29199 -0.51758 0.38672 -0.58789 0.16895 -0.25293 0.13965 -0.22559 0.20508 -0.11133 0.16895 -0.25293 0.14941 -0.28125 0.13965 -0.22559 0.29199 -0.51758 0.32422 -0.14941 0.39648 -0.44922 0.29199 -0.51758 0.18359 -0.29004 0.32422 -0.14941 0.33887 -0.05664 0.23828 -0.10840 0.27246 -0.00488 0.33887 -0.05664 0.32422 -0.14941 0.23828 -0.10840 0.23828 -0.10840 0.20508 -0.11133 0.23828 -0.04980 0.23828 -0.10840 0.16895 -0.25293 0.20508 -0.11133 0.18359 -0.29004 0.16895 -0.25293 0.23828 -0.10840 0.18359 -0.29004 0.14941 -0.28125 0.16895 -0.25293 0.08594 -0.30469 0.08594 -0.37207 0.00684 -0.30469 0.08594 -0.30469 0.11523 -0.37207 0.08594 -0.37207 0.12500 -0.37207 0.11523 -0.37207 0.08594 -0.30469 0.12500 -0.37207 0.14648 -0.41309 0.11523 -0.37207 0.00684 -0.55078 0.13965 -0.57617 0.08301 -0.47363 0.00684 -0.55078 0.07520 -0.61914 0.13965 -0.57617 0.13965 -0.57617 0.07520 -0.61914 0.00684 -0.55078 0.54492 -0.81348 0.61621 -0.80371 0.54102 -0.80371 0.54492 -0.81348 0.70801 -0.79688 0.61621 -0.80371 0.54590 -0.90820 0.70801 -0.79688 0.54492 -0.81348 0.54590 -0.90820 0.74512 -0.85938 0.70801 -0.79688 0.68164 -0.99707 0.74512 -0.85938 0.54590 -0.90820 0.68164 -0.99707 0.98438 -0.84570 0.74512 -0.85938 0.97168 -0.99707 0.98438 -0.84570 0.68164 -0.99707 0.39941 -0.99707 0.41016 -0.90527 0.39941 -0.90332 0.39941 -0.99707 0.41016 -0.99707 0.41016 -0.90527 0.41016 -0.90527 0.41016 -0.99707 0.39941 -0.99707 0.41016 -0.90527 0.54590 -0.90820 0.41016 -0.99707 0.54492 -0.81348 0.54590 -0.90820 0.41016 -0.90527 0.54492 -0.81348 0.72266 -0.77734 0.54590 -0.90820 0.70801 -0.79688 0.79688 -0.69531 0.61621 -0.80371 0.70801 -0.79688 0.98828 -0.82324 0.79688 -0.69531 0.98438 -0.84570 0.98828 -0.82324 0.70801 -0.79688 0.39941 -0.80371 0.41016 -0.90527 0.41016 -0.81348 0.39941 -0.80371 0.39941 -0.90332 0.41016 -0.90527 0.33887 -0.05664 0.41309 -0.00488 0.47852 -0.05469 0.33887 -0.05664 0.32227 -0.00488 0.41309 -0.00488 0.27246 -0.00488 0.32227 -0.00488 0.33887 -0.05664 0.00781 -0.11230 0.09668 -0.15625 0.02148 -0.18945 0.00781 -0.11230 0.13672 -0.05664 0.09668 -0.15625 0.03027 -0.05664 0.13672 -0.05664 0.00781 -0.11230 0.03027 -0.05664 0.06152 -0.00488 0.13672 -0.05664 0.20508 -0.11133 0.13672 -0.05664 0.20410 -0.00488 0.20508 -0.11133 0.09668 -0.15625 0.13672 -0.05664 0.13965 -0.22559 0.09668 -0.15625 0.20508 -0.11133 0.03027 -0.05664 0.13672 -0.05664 0.06152 -0.00488 0.03027 -0.05664 0.00781 -0.11230 0.13672 -0.05664 0.61621 -0.05664 0.47949 -0.10840 0.47949 -0.05664 0.61621 -0.05664 0.63086 -0.14941 0.47949 -0.10840 0.71680 -0.10840 0.63086 -0.14941 0.61621 -0.05664 0.71680 -0.10840 0.77246 -0.29004 0.63086 -0.14941 0.78711 -0.25293 0.77246 -0.29004 0.71680 -0.10840 0.78711 -0.25293 0.80566 -0.28125 0.77246 -0.29004 0.72559 -0.35449 0.63086 -0.14941 0.77246 -0.29004 0.72559 -0.35449 0.55859 -0.44922 0.63086 -0.14941 0.56836 -0.58789 0.55859 -0.44922 0.72559 -0.35449 0.56836 -0.58789 0.47949 -0.45215 0.55859 -0.44922 0.47949 -0.58691 0.47949 -0.45215 0.56836 -0.58789 0.15137 -0.00488 0.13672 -0.05664 0.20410 -0.00488 0.15137 -0.00488 0.06152 -0.00488 0.13672 -0.05664 0.61621 -0.05664 0.68262 -0.00488 0.71680 -0.10840 0.61621 -0.05664 0.63281 -0.00488 0.68262 -0.00488 0.54199 -0.00488 0.63281 -0.00488 0.61621 -0.05664 0.75000 -0.11133 0.71680 -0.10840 0.71680 -0.04980 0.75000 -0.11133 0.78711 -0.25293 0.71680 -0.10840 0.56836 -0.58789 0.47949 -0.72363 0.47949 -0.58691 0.56836 -0.58789 0.57129 -0.72363 0.47949 -0.72363 0.66309 -0.49414 0.57129 -0.72363 0.56836 -0.58789 0.66309 -0.49414 0.66309 -0.72363 0.57129 -0.72363 0.00684 -0.30469 0.08594 -0.37207 0.08594 -0.30469 0.00684 -0.30469 0.00684 -0.45117 0.08594 -0.37207 0.08594 -0.37207 0.00684 -0.45117 0.00684 -0.30469 0.08594 -0.30469 0.12500 -0.37207 0.12500 -0.30469 0.08594 -0.30469 0.10938 -0.37207 0.12500 -0.37207 0.08594 -0.37207 0.10938 -0.37207 0.08594 -0.30469 0.08594 -0.37207 0.14648 -0.41309 0.10938 -0.37207 0.98438 -0.84570 0.72266 -0.77734 0.98828 -0.82324 0.98438 -0.84570 0.74512 -0.85938 0.72266 -0.77734 0.68164 -0.99707 0.74512 -0.85938 0.98438 -0.84570 0.68164 -0.99707 0.54590 -0.90820 0.74512 -0.85938 0.54688 -0.99707 0.54590 -0.90820 0.68164 -0.99707 0.54688 -0.99707 0.41016 -0.99707 0.54590 -0.90820 0.54590 -0.90820 0.41016 -0.99707 0.54688 -0.99707 0.54590 -0.90820 0.41016 -0.90527 0.41016 -0.99707 0.54492 -0.81348 0.41016 -0.90527 0.54590 -0.90820 0.54492 -0.81348 0.41016 -0.81348 0.41016 -0.90527 0.54102 -0.80371 0.41016 -0.81348 0.54492 -0.81348 0.54102 -0.80371 0.39941 -0.80371 0.41016 -0.81348 0.72363 -0.76855 0.54492 -0.81348 0.70020 -0.77637 0.72363 -0.76855 0.72266 -0.77734 0.54492 -0.81348 0.41016 -0.81348 0.39941 -0.80371 0.54102 -0.80371 0.41016 -0.81348 0.41016 -0.90527 0.39941 -0.80371 0.54492 -0.81348 0.41016 -0.90527 0.41016 -0.81348 0.39941 -0.90332 0.41016 -0.90527 0.39941 -0.99707 0.39941 -0.90332 0.39941 -0.80371 0.41016 -0.90527 0.79199 -0.71777 0.72266 -0.77734 0.76074 -0.70020 0.79199 -0.71777 0.98828 -0.82324 0.72266 -0.77734 0.09668 -0.15625 0.00781 -0.11230 0.02148 -0.18945 0.09668 -0.15625 0.13672 -0.05664 0.00781 -0.11230 0.20508 -0.11133 0.13672 -0.05664 0.09668 -0.15625 0.20508 -0.11133 0.20410 -0.00488 0.13672 -0.05664 0.16895 -0.25293 0.13965 -0.22559 0.14941 -0.28125 0.16895 -0.25293 0.20508 -0.11133 0.13965 -0.22559 0.47949 -0.45215 0.63086 -0.14941 0.55859 -0.44922 0.47949 -0.45215 0.47949 -0.10840 0.63086 -0.14941 0.47559 -0.58691 0.38672 -0.58789 0.47559 -0.45215 0.47559 -0.58691 0.47559 -0.72363 0.38672 -0.58789 0.38379 -0.72363 0.38672 -0.58789 0.47559 -0.72363 0.38379 -0.72363 0.29199 -0.58887 0.38672 -0.58789 0.29199 -0.72363 0.29199 -0.58887 0.38379 -0.72363 0.11328 -0.71973 0.09570 -0.85059 0.01172 -0.79883 0.11328 -0.71973 0.24902 -0.85156 0.09570 -0.85059 0.30762 -0.79785 0.24902 -0.85156 0.11328 -0.71973 0.30762 -0.79785 0.35449 -0.84668 0.24902 -0.85156 0.35449 -0.84570 0.35449 -0.84668 0.30762 -0.79785 0.35449 -0.84570 0.30566 -0.88477 0.35449 -0.84668 0.34277 -0.96582 0.22168 -0.96582 0.34277 -0.96582 0.34277 -0.96582 0.34277 -0.99219 0.22168 -0.96582 0.22168 -0.99219 0.34277 -0.99219 0.22168 -0.96582 0.22168 -0.99219 0.22168 -0.96582 0.34277 -0.99219 0.16309 -0.96582 0.22168 -0.96582 0.22168 -0.99219 0.16309 -0.96582 0.22168 -0.96582 0.15723 -0.97754 0.16309 -0.96582 0.22168 -0.99219 0.22168 -0.96582 0.15332 -0.99219 0.22168 -0.99219 0.16309 -0.96582 0.11426 -0.72070 0.09473 -0.84863 0.25000 -0.85254 0.11426 -0.72070 0.01367 -0.79883 0.09473 -0.84863 0.34277 -0.96582 0.34277 -0.99219 0.34863 -0.97168 0.34277 -0.96582 0.22168 -0.96582 0.34277 -0.99219 0.22168 -0.96582 0.22168 -0.96582 0.34277 -0.96582 0.22168 -0.96582 0.16699 -0.97266 0.22168 -0.96582 0.16309 -0.96582 0.16699 -0.97266 0.22168 -0.96582 0.11523 -0.97168 0.09570 -0.85059 0.24902 -0.85156 0.11523 -0.97168 0.00586 -0.89844 0.09570 -0.85059 0.11816 -0.97070 0.09473 -0.84863 0.00781 -0.90332 0.11816 -0.97070 0.25000 -0.85254 0.09473 -0.84863 0.30469 -0.88477 0.25000 -0.85254 0.11816 -0.97070 0.30469 -0.88477 0.35254 -0.84570 0.25000 -0.85254 0.30566 -0.88477 0.24902 -0.85156 0.35449 -0.84668 0.30566 -0.88477 0.11523 -0.97168 0.24902 -0.85156 0.30957 -0.79883 0.25000 -0.85254 0.35254 -0.84570 0.30957 -0.79883 0.11426 -0.72070 0.25000 -0.85254 0.14648 -0.41309 0.08594 -0.37207 0.11523 -0.37207 0.08301 -0.47363 0.15625 -0.51660 0.12012 -0.47363 0.16797 -0.62012 0.13867 -0.57617 0.15723 -0.51758 0.13867 -0.57617 0.08301 -0.47363 0.15723 -0.51758 0.70801 -0.79688 0.74512 -0.85938 0.98438 -0.84570 0.18359 -0.29004 0.23828 -0.10840 0.32422 -0.14941 0.15625 -0.51660 0.08301 -0.47363 0.12012 -0.47363 0.00684 -0.55078 0.08301 -0.47363 0.13965 -0.57617 0.98438 -0.84570 0.97168 -0.99707 0.68164 -0.99707 0.54102 -0.80371 0.54492 -0.81348 0.41016 -0.81348 0.47656 -0.05469 0.54199 -0.00488 0.61621 -0.05664 0.72266 -0.77734 0.74512 -0.85938 0.54590 -0.90820 0.09668 -0.15625 0.13965 -0.22559 0.20508 -0.11133 0.13867 -0.57617 0.16797 -0.62012 0.15723 -0.51758 0.08301 -0.47363 0.13867 -0.57617 0.15723 -0.51758 0.66309 -0.49414 0.56836 -0.58789 0.72559 -0.35449 0.54590 -0.90820 0.54688 -0.99707 0.68164 -0.99707 0.15332 -0.97949 0.16309 -0.96582 0.22168 -0.99219 0.09570 -0.85059 0.00586 -0.89844 0.01172 -0.79883 0.09473 -0.84863 0.01367 -0.79883 0.00781 -0.90332 0.08594 -0.30469 0.12500 -0.30469 0.12500 -0.37207 0.14648 -0.41309 0.12500 -0.37207 0.10938 -0.37207</float_array>
     <technique_common>
      <accessor count="516" offset="0" source="#cut_silent_orb_2-lib-texcoords-array" stride="2">
       <param name="U" type="float"/>
       <param name="V" type="float"/>
      </accessor>
     </technique_common>
    </source>
    <vertices id="cut_silent_orb_2-lib-vertices">
     <input semantic="POSITION" source="#cut_silent_orb_2-lib-positions"/>
    </vertices>
    <polylist count="172" material="mat6.png">
     <input offset="0" semantic="VERTEX" source="#cut_silent_orb_2-lib-vertices"/>
     <input offset="1" semantic="NORMAL" source="#cut_silent_orb_2-lib-normals"/>
     <input offset="2" semantic="TEXCOORD" source="#cut_silent_orb_2-lib-texcoords"/>
     <vcount>3 3 3 3 3 3 3 3 3 3 3 3 3 3 3 3 3 3 3 3 3 3 3 3 3 3 3 3 3 3 3 3 3 3 3 3 3 3 3 3 3 3 3 3 3 3 3 3 3 3 3 3 3 3 3 3 3 3 3 3 3 3 3 3 3 3 3 3 3 3 3 3 3 3 3 3 3 3 3 3 3 3 3 3 3 3 3 3 3 3 3 3 3 3 3 3 3 3 3 3 3 3 3 3 3 3 3 3 3 3 3 3 3 3 3 3 3 3 3 3 3 3 3 3 3 3 3 3 3 3 3 3 3 3 3 3 3 3 3 3 3 3 3 3 3 3 3 3 3 3 3 3 3 3 3 3 3 3 3 3 3 3 3 3 3 3 3 3 3 3 3 3</vcount>
     <p>2 2 2 1 1 1 0 0 0 1 5 5 3 4 4 0 3 3 6 8 8 5 7 7 4 6 6 5 11 11 7 10 10 4 9 9 4 14 14 7 13 13 8 12 12 7 17 17 9 16 16 8 15 15 8 20 20 9 19 19 10 18 18 9 23 23 11 22 22 10 21 21 10 26 26 11 25 25 12 24 24 15 29 29 14 28 28 13 27 27 14 32 32 16 31 31 13 30 30 9 35 35 7 34 34 11 33 33 7 38 38 17 37 37 11 36 36 3 41 41 18 40 40 5 39 39 18 44 44 7 43 43 5 42 42 3 47 47 15 46 46 18 45 45 15 50 50 13 49 49 18 48 48 18 53 53 13 52 52 17 51 51 13 56 56 16 55 55 17 54 54 6 59 59 19 58 58 2 57 57 19 62 62 20 61 61 2 60 60 2 65 65 20 64 64 21 63 63 20 68 68 22 67 67 21 66 66 24 71 71 19 70 70 23 69 69 19 74 74 25 73 73 23 72 72 23 77 77 25 76 76 26 75 75 12 80 80 11 79 79 27 78 78 11 83 83 28 82 82 27 81 81 27 86 86 28 85 85 29 84 84 28 89 89 30 88 88 29 87 87 29 92 92 30 91 91 31 90 90 30 95 95 32 94 94 31 93 93 31 98 98 32 97 97 33 96 96 36 101 101 35 100 100 34 99 99 35 104 104 37 103 103 34 102 102 34 107 107 37 106 106 38 105 105 37 110 110 39 109 109 38 108 108 38 113 113 39 112 112 40 111 111 39 116 116 41 115 115 40 114 114 11 119 119 17 118 118 28 117 117 17 122 122 42 121 121 28 120 120 28 125 125 42 124 124 32 123 123 44 128 128 35 127 127 43 126 126 35 131 131 36 130 130 43 129 129 6 134 134 2 133 133 5 132 132 2 137 137 0 136 136 5 135 135 5 140 140 0 139 139 3 138 138 47 143 143 46 142 142 45 141 141 46 146 146 1 145 145 45 144 144 45 149 149 1 148 148 48 147 147 1 152 152 2 151 151 48 150 150 3 155 155 1 154 154 15 153 153 1 158 158 46 157 157 15 156 156 15 161 161 46 160 160 14 159 159 51 164 164 50 163 163 49 162 162 50 167 167 52 166 166 49 165 165 6 170 170 4 169 169 53 168 168 4 173 173 54 172 172 53 171 171 53 176 176 54 175 175 55 174 174 54 179 179 56 178 178 55 177 177 55 182 182 56 181 181 57 180 180 56 185 185 58 184 184 57 183 183 56 188 188 54 187 187 59 186 186 54 191 191 60 190 190 59 189 189 59 194 194 60 193 193 61 192 192 60 197 197 8 196 196 61 195 195 61 200 200 8 199 199 62 198 198 64 203 203 50 202 202 63 201 201 50 206 206 51 205 205 63 204 204 55 209 209 64 208 208 53 207 207 64 212 212 63 211 211 53 210 210 53 215 215 63 214 214 51 213 213 64 218 218 55 217 217 65 216 216 55 221 221 57 220 220 65 219 219 62 224 224 34 223 223 61 222 222 34 227 227 66 226 226 61 225 225 61 230 230 66 229 229 67 228 228 66 233 233 68 232 232 67 231 231 51 236 236 26 235 235 6 234 234 26 239 239 25 238 238 6 237 237 6 242 242 25 241 241 19 240 240 49 245 245 69 244 244 51 243 243 69 248 248 70 247 247 51 246 246 51 251 251 70 250 250 26 249 249 70 254 254 71 253 253 26 252 252 73 257 257 41 256 256 72 255 255 41 260 260 74 259 259 72 258 258 72 263 263 74 262 262 31 261 261 74 266 266 39 265 265 31 264 264 31 269 269 39 268 268 75 267 267 39 272 272 37 271 271 75 270 270 75 275 275 37 274 274 29 273 273 37 278 278 35 277 277 29 276 276 29 281 281 35 280 280 27 279 279 35 284 284 44 283 283 27 282 282 27 287 287 44 286 286 12 285 285 44 290 290 43 289 289 12 288 288 67 293 293 40 292 292 59 291 291 40 296 296 41 295 295 59 294 294 67 299 299 68 298 298 76 297 297 68 302 302 38 301 301 76 300 300 76 305 305 38 304 304 40 303 303 34 308 308 38 307 307 66 306 306 38 311 311 68 310 310 66 309 309 59 314 314 41 313 313 56 312 312 41 317 317 73 316 316 56 315 315 78 320 320 52 319 319 77 318 318 52 323 323 50 322 322 77 321 321 77 326 326 50 325 325 65 324 324 50 329 329 64 328 328 65 327 327 58 332 332 79 331 331 57 330 330 79 335 335 65 334 334 57 333 333 60 338 338 54 337 337 8 336 336 54 341 341 4 340 340 8 339 339 8 344 344 10 343 343 62 342 342 10 347 347 34 346 346 62 345 345 34 350 350 10 349 349 36 348 348 10 353 353 12 352 352 36 351 351 36 356 356 12 355 355 43 354 354 82 359 359 81 358 358 80 357 357 81 362 362 83 361 361 80 360 360 80 365 365 83 364 364 84 363 363 83 368 368 85 367 367 84 366 366 84 371 371 85 370 370 86 369 369 85 374 374 87 373 373 86 372 372 90 377 377 89 376 376 88 375 375 89 380 380 91 379 379 88 378 378 93 383 383 91 382 382 92 381 381 91 386 386 89 385 385 92 384 384 92 389 389 89 388 388 86 387 387 84 392 392 93 391 391 94 390 390 93 395 395 92 394 394 94 393 393 94 398 398 92 397 397 87 396 396 96 401 401 95 400 400 80 399 399 95 404 404 82 403 403 80 402 402 88 407 407 91 406 406 90 405 405 91 410 410 93 409 409 90 408 408 90 413 413 93 412 412 89 411 411 93 416 416 84 415 415 89 414 414 89 419 419 84 418 418 86 417 417 83 422 422 81 421 421 97 420 420 81 425 425 98 424 424 97 423 423 98 428 428 95 427 427 97 426 426 95 431 431 96 430 430 97 429 429 97 434 434 96 433 433 87 432 432 96 437 437 94 436 436 87 435 435 85 440 440 83 439 439 87 438 438 83 443 443 97 442 442 87 441 441 94 446 446 96 445 445 84 444 444 96 449 449 80 448 448 84 447 447 20 452 452 19 451 451 22 450 450 48 455 455 21 454 454 24 453 453 19 458 458 21 457 457 22 456 456 19 461 461 24 460 460 21 459 459 32 464 464 30 463 463 28 462 462 7 467 467 18 466 466 17 465 465 49 470 470 99 469 469 69 468 468 26 473 473 99 472 472 23 471 471 31 476 476 33 475 475 72 474 474 76 479 479 40 478 478 67 477 477 53 482 482 51 481 481 6 480 480 39 485 485 74 484 484 41 483 483 65 488 488 79 487 487 77 486 486 26 491 491 71 490 490 69 489 489 26 494 494 69 493 493 99 492 492 59 497 497 61 496 496 67 495 495 31 500 500 75 499 499 29 498 498 92 503 503 86 502 502 87 501 501 82 506 506 98 505 505 81 504 504 98 509 509 82 508 508 95 507 507 21 512 512 48 511 511 2 510 510 70 515 515 69 514 514 71 513 513</p>
    </polylist>
   </mesh>
  </geometry>
 </library_geometries>
 <library_visual_scenes>
  <visual_scene id="Scene" name="Scene">
   <node id="Camera" name="Camera">
    <rotate sid="rotateY">0 1 0 -0.00000</rotate>
    <rotate sid="rotateX">1 0 0 -0.00000</rotate>
    <rotate sid="rotateZ">0 0 1 -0.00000</rotate>
    <translate sid="translate">0.00000 0.00000 761.82513</translate>
    <instance_camera url="#Camera-Camera"/>
   </node>
   <node id="18_Hal_G" name="18_Hal_G">
    <translate sid="translate">0.00000 0.00000 0.00000</translate>
    <rotate sid="head">0 1 0 0.00000</rotate>
    <rotate sid="pitch">1 0 0 0.00000</rotate>
    <rotate sid="bank">0 0 1 0.00000</rotate>
    <scale sid="scale">1.00000 1.00000 1.00000</scale>
    <instance_geometry url="#18_Hal_G-lib">
     <bind_material>
      <technique_common>
       <instance_material symbol="mat1.png" target="#mat1.png">
        <bind_vertex_input semantic="UVSET0" input_semantic="TEXCOORD"/>
       </instance_material>
      </technique_common>
     </bind_material>
    </instance_geometry>
   </node>
   <node id="18_Hal_G_1" name="18_Hal_G_1">
    <translate sid="translate">0.00000 0.00000 0.00000</translate>
    <rotate sid="head">0 1 0 0.00000</rotate>
    <rotate sid="pitch">1 0 0 0.00000</rotate>
    <rotate sid="bank">0 0 1 0.00000</rotate>
    <scale sid="scale">1.00000 1.00000 1.00000</scale>
    <instance_geometry url="#18_Hal_G_1-lib">
     <bind_material>
      <technique_common>
       <instance_material symbol="mat3.png" target="#mat3.png">
        <bind_vertex_input semantic="UVSET0" input_semantic="TEXCOORD"/>
       </instance_material>
      </technique_common>
     </bind_material>
    </instance_geometry>
   </node>
   <node id="18_Hal_G_2" name="18_Hal_G_2">
    <translate sid="translate">0.00000 0.00000 0.00000</translate>
    <rotate sid="head">0 1 0 0.00000</rotate>
    <rotate sid="pitch">1 0 0 0.00000</rotate>
    <rotate sid="bank">0 0 1 0.00000</rotate>
    <scale sid="scale">1.00000 1.00000 1.00000</scale>
    <instance_geometry url="#18_Hal_G_2-lib">
     <bind_material>
      <technique_common>
       <instance_material symbol="mat4.png" target="#mat4.png">
        <bind_vertex_input semantic="UVSET0" input_semantic="TEXCOORD"/>
       </instance_material>
      </technique_common>
     </bind_material>
    </instance_geometry>
   </node>
   <node id="18_Hal_G_3" name="18_Hal_G_3">
    <translate sid="translate">0.00000 0.00000 0.00000</translate>
    <rotate sid="head">0 1 0 0.00000</rotate>
    <rotate sid="pitch">1 0 0 0.00000</rotate>
    <rotate sid="bank">0 0 1 0.00000</rotate>
    <scale sid="scale">1.00000 1.00000 1.00000</scale>
    <instance_geometry url="#18_Hal_G_3-lib">
     <bind_material>
      <technique_common>
       <instance_material symbol="mat2.png" target="#mat2.png">
        <bind_vertex_input semantic="UVSET0" input_semantic="TEXCOORD"/>
       </instance_material>
      </technique_common>
     </bind_material>
    </instance_geometry>
   </node>
   <node id="18_Hal_G_4" name="18_Hal_G_4">
    <translate sid="translate">0.00000 0.00000 0.00000</translate>
    <rotate sid="head">0 1 0 0.00000</rotate>
    <rotate sid="pitch">1 0 0 0.00000</rotate>
    <rotate sid="bank">0 0 1 0.00000</rotate>
    <scale sid="scale">1.00000 1.00000 1.00000</scale>
    <instance_geometry url="#18_Hal_G_4-lib">
     <bind_material>
      <technique_common>
       <instance_material symbol="mat2.png" target="#mat2.png">
        <bind_vertex_input semantic="UVSET0" input_semantic="TEXCOORD"/>
       </instance_material>
      </technique_common>
     </bind_material>
    </instance_geometry>
   </node>
   <node id="18_Hal_G_5" name="18_Hal_G_5">
    <translate sid="translate">0.00000 0.00000 0.00000</translate>
    <rotate sid="head">0 1 0 0.00000</rotate>
    <rotate sid="pitch">1 0 0 0.00000</rotate>
    <rotate sid="bank">0 0 1 0.00000</rotate>
    <scale sid="scale">1.00000 1.00000 1.00000</scale>
    <instance_geometry url="#18_Hal_G_5-lib">
     <bind_material>
      <technique_common>
       <instance_material symbol="mat1.png" target="#mat1.png">
        <bind_vertex_input semantic="UVSET0" input_semantic="TEXCOORD"/>
       </instance_material>
      </technique_common>
     </bind_material>
    </instance_geometry>
   </node>
   <node id="cut_silent_orb" name="cut_silent_orb">
    <translate sid="translate">0.00000 0.00000 0.00000</translate>
    <rotate sid="head">0 1 0 0.00000</rotate>
    <rotate sid="pitch">1 0 0 0.00000</rotate>
    <rotate sid="bank">0 0 1 0.00000</rotate>
    <scale sid="scale">1.00000 1.00000 1.00000</scale>
    <instance_geometry url="#cut_silent_orb-lib">
     <bind_material>
      <technique_common>
       <instance_material symbol="_Unattached" target="#_Unattached">
        <bind_vertex_input semantic="UVSET0" input_semantic="TEXCOORD"/>
       </instance_material>
      </technique_common>
     </bind_material>
    </instance_geometry>
   </node>
   <node id="cut_silent_orb_1" name="cut_silent_orb_1">
    <translate sid="translate">0.00000 0.00000 0.00000</translate>
    <rotate sid="head">0 1 0 0.00000</rotate>
    <rotate sid="pitch">1 0 0 0.00000</rotate>
    <rotate sid="bank">0 0 1 0.00000</rotate>
    <scale sid="scale">1.00000 1.00000 1.00000</scale>
    <instance_geometry url="#cut_silent_orb_1-lib">
     <bind_material>
      <technique_common>
       <instance_material symbol="mat5.png" target="#mat5.png">
        <bind_vertex_input semantic="UVSET0" input_semantic="TEXCOORD"/>
       </instance_material>
      </technique_common>
     </bind_material>
    </instance_geometry>
   </node>
   <node id="cut_silent_orb_2" name="cut_silent_orb_2">
    <translate sid="translate">0.00000 0.00000 0.00000</translate>
    <rotate sid="head">0 1 0 0.00000</rotate>
    <rotate sid="pitch">1 0 0 0.00000</rotate>
    <rotate sid="bank">0 0 1 0.00000</rotate>
    <scale sid="scale">1.00000 1.00000 1.00000</scale>
    <instance_geometry url="#cut_silent_orb_2-lib">
     <bind_material>
      <technique_common>
       <instance_material symbol="mat6.png" target="#mat6.png">
        <bind_vertex_input semantic="UVSET0" input_semantic="TEXCOORD"/>
       </instance_material>
      </technique_common>
     </bind_material>
    </instance_geometry>
   </node>
  </visual_scene>
 </library_visual_scenes>
 <scene>
  <instance_visual_scene url="#Scene"/>
 </scene>
</COLLADA>
