<?xml version="1.0" encoding="utf-8"?>
<COLLADA xmlns="http://www.collada.org/2005/11/COLLADASchema" version="1.4.1">
  <asset>
    <created>2020-09-19T17:31:56Z</created>
    <modified>2020-09-19T17:31:56Z</modified>
  </asset>
  <library_images>
    <image id="image-00_Dan_mouth">
      <init_from>00_Dan_mouth.png</init_from>
    </image>
    <image id="image-00_Dan_hair">
      <init_from>00_Dan_hair.png</init_from>
    </image>
    <image id="image-00_Dan_skin">
      <init_from>00_Dan_skin.png</init_from>
    </image>
    <image id="image-00_Dan_item">
      <init_from>00_Dan_item.png</init_from>
    </image>
    <image id="image-00_Dan_wear">
      <init_from>00_Dan_wear.png</init_from>
    </image>
    <image id="image-00_Dan_face">
      <init_from>00_Dan_face.png</init_from>
    </image>
  </library_images>
  <library_materials>
    <material id="material0" name="face">
      <instance_effect url="#effect0"/>
    </material>
    <material id="material1" name="goggle">
      <instance_effect url="#effect1"/>
    </material>
    <material id="material2" name="hair">
      <instance_effect url="#effect2"/>
    </material>
    <material id="material3" name="mouth">
      <instance_effect url="#effect3"/>
    </material>
    <material id="material4" name="nose">
      <instance_effect url="#effect4"/>
    </material>
    <material id="material5" name="skin">
      <instance_effect url="#effect5"/>
    </material>
    <material id="material6" name="wear">
      <instance_effect url="#effect6"/>
    </material>
  </library_materials>
  <library_effects>
    <effect id="effect0" name="face">
      <profile_COMMON>
        <newparam sid="Image-surface">
          <surface type="2D">
            <init_from>image-00_Dan_face</init_from>
            <format>A8R8G8B8</format>
          </surface>
        </newparam>
        <newparam sid="Image-sampler">
          <sampler2D>
            <source>Image-surface</source>
            <wrap_s>WRAP</wrap_s>
            <wrap_t>WRAP</wrap_t>
            <minfilter>NEAREST</minfilter>
            <magfilter>NEAREST</magfilter>
            <mipfilter>NEAREST</mipfilter>
          </sampler2D>
        </newparam>
        <technique sid="common">
          <phong>
            <emission>
              <color>0 0 0 1</color>
            </emission>
            <ambient>
              <color>0.58064514 0.58064514 0.58064514 1</color>
            </ambient>
            <diffuse>
              <texture texture="Image-sampler" texcoord="tc"/>
            </diffuse>
            <specular>
              <color>0.9032258 0.9032258 0.9032258 1</color>
            </specular>
            <transparent>
              <texture texture="Image-sampler" texcoord="tc"/>
            </transparent>
          </phong>
        </technique>
      </profile_COMMON>
    </effect>
    <effect id="effect1" name="goggle">
      <profile_COMMON>
        <newparam sid="Image-surface">
          <surface type="2D">
            <init_from>image-00_Dan_item</init_from>
            <format>A8R8G8B8</format>
          </surface>
        </newparam>
        <newparam sid="Image-sampler">
          <sampler2D>
            <source>Image-surface</source>
            <wrap_s>WRAP</wrap_s>
            <wrap_t>WRAP</wrap_t>
            <minfilter>NEAREST</minfilter>
            <magfilter>NEAREST</magfilter>
            <mipfilter>NEAREST</mipfilter>
          </sampler2D>
        </newparam>
        <technique sid="common">
          <phong>
            <emission>
              <color>0 0 0 1</color>
            </emission>
            <ambient>
              <color>0.58064514 0.58064514 0.58064514 1</color>
            </ambient>
            <diffuse>
              <texture texture="Image-sampler" texcoord="tc"/>
            </diffuse>
            <specular>
              <color>0.9032258 0.9032258 0.9032258 1</color>
            </specular>
            <transparent>
              <texture texture="Image-sampler" texcoord="tc"/>
            </transparent>
          </phong>
        </technique>
      </profile_COMMON>
    </effect>
    <effect id="effect2" name="hair">
      <profile_COMMON>
        <newparam sid="Image-surface">
          <surface type="2D">
            <init_from>image-00_Dan_hair</init_from>
            <format>A8R8G8B8</format>
          </surface>
        </newparam>
        <newparam sid="Image-sampler">
          <sampler2D>
            <source>Image-surface</source>
            <wrap_s>WRAP</wrap_s>
            <wrap_t>WRAP</wrap_t>
            <minfilter>NEAREST</minfilter>
            <magfilter>NEAREST</magfilter>
            <mipfilter>NEAREST</mipfilter>
          </sampler2D>
        </newparam>
        <technique sid="common">
          <phong>
            <emission>
              <color>0 0 0 1</color>
            </emission>
            <ambient>
              <color>0.58064514 0.58064514 0.58064514 1</color>
            </ambient>
            <diffuse>
              <texture texture="Image-sampler" texcoord="tc"/>
            </diffuse>
            <specular>
              <color>0.9032258 0.9032258 0.9032258 1</color>
            </specular>
            <transparent>
              <texture texture="Image-sampler" texcoord="tc"/>
            </transparent>
          </phong>
        </technique>
      </profile_COMMON>
    </effect>
    <effect id="effect3" name="mouth">
      <profile_COMMON>
        <newparam sid="Image-surface">
          <surface type="2D">
            <init_from>image-00_Dan_mouth</init_from>
            <format>A8R8G8B8</format>
          </surface>
        </newparam>
        <newparam sid="Image-sampler">
          <sampler2D>
            <source>Image-surface</source>
            <wrap_s>WRAP</wrap_s>
            <wrap_t>WRAP</wrap_t>
            <minfilter>NEAREST</minfilter>
            <magfilter>NEAREST</magfilter>
            <mipfilter>NEAREST</mipfilter>
          </sampler2D>
        </newparam>
        <technique sid="common">
          <phong>
            <emission>
              <color>0 0 0 1</color>
            </emission>
            <ambient>
              <color>0.58064514 0.58064514 0.58064514 1</color>
            </ambient>
            <diffuse>
              <texture texture="Image-sampler" texcoord="tc"/>
            </diffuse>
            <specular>
              <color>0.9032258 0.9032258 0.9032258 1</color>
            </specular>
            <transparent>
              <texture texture="Image-sampler" texcoord="tc"/>
            </transparent>
          </phong>
        </technique>
      </profile_COMMON>
    </effect>
    <effect id="effect4" name="nose">
      <profile_COMMON>
        <newparam sid="Image-surface">
          <surface type="2D">
            <init_from>image-00_Dan_face</init_from>
            <format>A8R8G8B8</format>
          </surface>
        </newparam>
        <newparam sid="Image-sampler">
          <sampler2D>
            <source>Image-surface</source>
            <wrap_s>WRAP</wrap_s>
            <wrap_t>WRAP</wrap_t>
            <minfilter>NEAREST</minfilter>
            <magfilter>NEAREST</magfilter>
            <mipfilter>NEAREST</mipfilter>
          </sampler2D>
        </newparam>
        <technique sid="common">
          <phong>
            <emission>
              <color>0 0 0 1</color>
            </emission>
            <ambient>
              <color>0.58064514 0.58064514 0.58064514 1</color>
            </ambient>
            <diffuse>
              <texture texture="Image-sampler" texcoord="tc"/>
            </diffuse>
            <specular>
              <color>0.9032258 0.9032258 0.9032258 1</color>
            </specular>
            <transparent>
              <texture texture="Image-sampler" texcoord="tc"/>
            </transparent>
          </phong>
        </technique>
      </profile_COMMON>
    </effect>
    <effect id="effect5" name="skin">
      <profile_COMMON>
        <newparam sid="Image-surface">
          <surface type="2D">
            <init_from>image-00_Dan_skin</init_from>
            <format>A8R8G8B8</format>
          </surface>
        </newparam>
        <newparam sid="Image-sampler">
          <sampler2D>
            <source>Image-surface</source>
            <wrap_s>WRAP</wrap_s>
            <wrap_t>WRAP</wrap_t>
            <minfilter>NEAREST</minfilter>
            <magfilter>NEAREST</magfilter>
            <mipfilter>NEAREST</mipfilter>
          </sampler2D>
        </newparam>
        <technique sid="common">
          <phong>
            <emission>
              <color>0 0 0 1</color>
            </emission>
            <ambient>
              <color>0.58064514 0.58064514 0.58064514 1</color>
            </ambient>
            <diffuse>
              <texture texture="Image-sampler" texcoord="tc"/>
            </diffuse>
            <specular>
              <color>0.9032258 0.9032258 0.9032258 1</color>
            </specular>
            <transparent>
              <texture texture="Image-sampler" texcoord="tc"/>
            </transparent>
          </phong>
        </technique>
      </profile_COMMON>
    </effect>
    <effect id="effect6" name="wear">
      <profile_COMMON>
        <newparam sid="Image-surface">
          <surface type="2D">
            <init_from>image-00_Dan_wear</init_from>
            <format>A8R8G8B8</format>
          </surface>
        </newparam>
        <newparam sid="Image-sampler">
          <sampler2D>
            <source>Image-surface</source>
            <wrap_s>WRAP</wrap_s>
            <wrap_t>WRAP</wrap_t>
            <minfilter>NEAREST</minfilter>
            <magfilter>NEAREST</magfilter>
            <mipfilter>NEAREST</mipfilter>
          </sampler2D>
        </newparam>
        <technique sid="common">
          <phong>
            <emission>
              <color>0 0 0 1</color>
            </emission>
            <ambient>
              <color>0.58064514 0.58064514 0.58064514 1</color>
            </ambient>
            <diffuse>
              <texture texture="Image-sampler" texcoord="tc"/>
            </diffuse>
            <specular>
              <color>0.9032258 0.9032258 0.9032258 1</color>
            </specular>
            <transparent>
              <texture texture="Image-sampler" texcoord="tc"/>
            </transparent>
          </phong>
        </technique>
      </profile_COMMON>
    </effect>
  </library_effects>
  <library_geometries>
    <geometry id="geometry" name="chara00">
      <mesh>
        <source id="positions">
          <float_array id="positions-array" count="5094">1.5859375 132.46536 13.088329 1.5976563 126.21931 11.582532 8.253906 133.07379 9.822459 8.066406 126.51072 9.159725 -1.5859375 132.46536 13.088329 -8.4296875 133.07379 9.822459 -1.5976563 126.21931 11.582532 -8.0703125 126.51072 9.159725 1.5976563 126.21931 11.582532 0 127.02654 12.750575 1.7109375 123.87487 12.802008 0 124.47511 14.378484 0 123.35387 13.119469 -1.7109375 123.87487 12.802008 0 124.47511 14.378484 0 127.02654 12.750575 -1.7109375 123.87487 12.802008 -1.5976563 126.21931 11.582532 0 119.06922 10.946164 5.78125 122.80156 9.988784 0 120.54506 11.277194 6.65625 124.02183 10.097609 1.7109375 123.87487 12.802008 0 119.06922 10.946164 0 120.54506 11.277194 -6.0859375 122.8328 9.989669 -6.6640625 124.02183 10.097609 1.7109375 123.87487 12.802008 0 123.35387 13.119469 0 120.54506 11.277194 -1.7109375 123.87487 12.802008 -6.6640625 124.02183 10.097609 6.8984375 144.0308 2.0384042 7.703125 148.67888 0.62622184 -3.4648438 147.27515 3.1308668 1.1054688 151.90742 0.06886746 -1.8046875 150.17319 -3.833995 9.0234375 151.86067 -6.283701 1.3085938 147.96732 -4.885317 -12.7421875 137.16994 -0.3915702 -12.160156 136.09528 4.432294 -17.472656 129.9068 -4.3494215 -16.28125 136.45514 1.80037 -12.7421875 137.16994 -0.3915702 -11.5078125 129.58919 1.3440224 -13.9609375 129.54463 3.054665 -12.7421875 137.16994 -0.3915702 -12.160156 136.09528 4.432294 9.0234375 151.86067 -6.283701 7.703125 148.67888 0.62622184 1.3085938 147.96732 -4.885317 6.8984375 144.0308 2.0384042 -0.05078125 142.33987 9.991121 -0.24609375 144.09125 9.563897 -6.0976563 146.86061 10.728892 -6.796875 143.03763 7.020915 -7.8164063 145.67368 9.167065 -0.05078125 142.33987 9.991121 -6.0976563 146.86061 10.728892 -6.7773438 145.87462 10.904203 -11.640625 146.87213 12.253517 -6.796875 143.03763 7.020915 -0.05078125 142.33987 9.991121 -7.8164063 145.67368 9.167065 -6.7773438 145.87462 10.904203 -11.640625 146.87213 12.253517 -11.003906 135.93927 -5.6520376 -8.746094 140.29306 -12.681192 -7.4375 128.0458 -12.746692 -3.0078125 135.6639 -10.1428385 -12.933594 139.7548 -5.4071655 -8.9296875 143.42352 -5.49867 -11.003906 135.93927 -5.6520376 -8.746094 140.29306 -12.681192 -8.9296875 143.42352 -5.49867 -4.6992188 144.7662 -8.055854 -8.746094 140.29306 -12.681192 -3.0078125 135.6639 -10.1428385 11.34375 143.97192 1.2198684 11.402344 146.88264 -4.9512167 6.8984375 144.0308 2.0384042 8.3125 148.54774 -4.954862 11.34375 143.97192 1.2198684 8.9921875 139.54637 2.7790585 12.4609375 141.0852 -4.7714868 14.6171875 132.30083 -1.2486459 17.3125 134.76907 -5.87279 20.824219 127.96209 -7.445286 11.878906 132.16487 -5.1414127 11.34375 143.97192 1.2198684 18.480469 136.66693 -1.8128632 11.402344 146.88264 -4.9512167 12.4609375 141.0852 -4.7714868 8.3125 148.54774 -4.954862 0 132.07124 -11.495309 1.0546875 143.85948 -10.403161 4.3320313 136.35521 -13.43763 6.7929688 143.68309 -10.384707 6.2148438 132.08765 -10.142517 8.9921875 139.54637 2.7790585 6.8984375 144.0308 2.0384042 15.6875 141.62729 5.7576194 7.5585938 147.97516 7.9463725 9.863281 139.92075 6.9482617 -3.4648438 147.27515 3.1308668 1.0859375 148.45369 5.954888 6.8984375 144.0308 2.0384042 7.5585938 147.97516 7.9463725 -3.0078125 135.6639 -10.1428385 -4.6992188 144.7662 -8.055854 1.0546875 143.85948 -10.403161 1.3085938 147.96732 -4.885317 8.3125 148.54774 -4.954862 6.8984375 144.0308 2.0384042 11.71875 129.02632 -0.7238615 8.7578125 126.60136 4.3040795 10.2578125 127.45337 -1.6282763 8.871094 126.60835 1.4354697 10.3671875 125.46644 -1.3015282 14.6171875 132.30083 -1.2486459 15.003906 129.06842 -1.9342909 11.878906 132.16487 -5.1414127 9.902344 128.67899 -6.53776 9.308594 131.8873 -7.209032 10.5078125 121.563896 -0.54439163 12.207031 125.50197 -2.004044 10.3671875 125.46644 -1.3015282 10.2578125 127.45337 -1.6282763 10.5078125 121.563896 -0.54439163 10.292969 124.83302 -3.914686 12.207031 125.50197 -2.004044 9.902344 128.67899 -6.53776 15.003906 129.06842 -1.9342909 5.734375 138.53337 9.703511 7.6484375 135.59865 8.580734 9.863281 139.92075 6.9482617 8.7578125 126.60136 4.3040795 8.9921875 139.54637 2.7790585 14.6171875 132.30083 -1.2486459 -3.0078125 135.6639 -10.1428385 0 132.07124 -11.495309 -5.3710938 132.08731 -10.130801 -2.5507813 124.425606 -9.538772 -5.1289063 124.429924 -8.311394 7.5585938 147.97516 7.9463725 3.9335938 142.53009 9.898798 9.863281 139.92075 6.9482617 5.734375 138.53337 9.703511 6.7578125 121.72061 2.8916736 4.15625 117.27539 -0.23593462 6.3203125 121.59643 -3.9008353 3.84375 121.47634 0.06284783 5.1289063 124.429924 -8.311394 5.1289063 124.429924 -8.311394 7.65625 124.57162 -6.5524826 6.3203125 121.59643 -3.9008353 6.7578125 121.72061 2.8916736 3.84375 121.47634 0.06284783 1.25 115.87672 -2.6010852 1.9414063 121.41566 -6.211946 0 121.71706 0.6715687 0 124.42493 -10.480729 0 124.42493 -10.480729 2.5507813 124.425606 -9.538772 1.9414063 121.41566 -6.211946 3.84375 121.47634 0.06284783 7.203125 119.010704 2.111392 6.7578125 121.72061 2.8916736 8.875 122.020164 0.4573723 7.65625 124.57162 -6.5524826 -4.1796875 117.27539 -0.23593462 -5.7734375 121.72061 2.8916736 -5.7304688 121.59643 -3.9008353 -9.125 124.56913 -5.77477 -5.1289063 124.429924 -8.311394 -5.1289063 124.429924 -8.311394 -3.1289063 121.432846 -0.74743485 -5.7304688 121.59643 -3.9008353 -4.1796875 117.27539 -0.23593462 -7.3632813 119.010704 2.111392 -8.347656 122.325264 1.9668621 -7.8945313 122.020164 0.4573723 -8.941406 126.725624 1.434883 -10.816406 129.64203 -5.6271696 -5.3710938 132.08731 -10.130801 -5.1289063 124.429924 -8.311394 -10.816406 129.64203 -5.6271696 -9.125 124.56913 -5.77477 -7.8945313 122.020164 0.4573723 -5.7734375 121.72061 2.8916736 -7.3632813 119.010704 2.111392 -1.9414063 121.41566 -6.211946 -2.5507813 124.425606 -9.538772 0 124.42493 -10.480729 0 132.07124 -11.495309 2.5507813 124.425606 -9.538772 6.2148438 132.08765 -10.142517 5.1289063 124.429924 -8.311394 9.902344 128.67899 -6.53776 7.65625 124.57162 -6.5524826 10.292969 124.83302 -3.914686 8.875 122.020164 0.4573723 8.8359375 122.325264 1.9668621 7.203125 119.010704 2.111392 0 121.71706 0.6715687 -1.234375 115.87672 -2.6010852 -1.9414063 121.41566 -6.211946 -3.1289063 121.432846 -0.74743485 -2.5507813 124.425606 -9.538772 8.8359375 122.325264 1.9668621 10.292969 124.83302 -3.914686 8.871094 126.60835 1.4354697 10.3671875 125.46644 -1.3015282 -5.28125 134.98973 10.76004 0 135.3034 12.65671 -0.1015625 138.80836 12.689546 5.28125 135.82224 10.76017 5.734375 138.53337 9.703511 7.6484375 135.59865 8.580734 5.734375 138.53337 9.703511 3.9335938 142.53009 9.898798 -0.1015625 138.80836 12.689546 -0.05078125 142.33987 9.991121 -7.2617188 138.88783 10.987709 -6.796875 143.03763 7.020915 -9.644531 140.51363 6.7149143 -7.6484375 135.58693 8.580402 -5.28125 134.98973 10.76004 -7.2617188 138.88783 10.987709 -0.1015625 138.80836 12.689546 6.2148438 132.08765 -10.142517 6.7929688 143.68309 -10.384707 13.65625 127.784584 -10.975742 12.4609375 141.0852 -4.7714868 0.2265625 135.66605 13.100821 1.2382813 132.58783 13.318489 2.3789063 136.94121 13.203383 2.0078125 132.32057 15.0267315 2.7734375 132.0548 12.818742 -2.1835938 127.25941 15.01626 0.83984375 135.66748 12.635756 -1.1484375 135.59325 14.290838 -2.7773438 128.53667 15.458919 -3.1132813 135.5185 12.514281 -11.472656 143.65298 2.4068224 -12.160156 136.09528 4.432294 -9.4140625 143.41971 6.2265954 -9.644531 140.51363 6.7149143 6.2148438 132.08765 -10.142517 -0.14453125 124.98663 -15.409018 4.3320313 136.35521 -13.43763 0 132.07124 -11.495309 -3.4648438 147.27515 3.1308668 -3.1015625 148.31204 7.0921454 1.4414063 157.34177 4.428298 1.0859375 148.45369 5.954888 -6.796875 143.03763 7.020915 -3.1015625 148.31204 7.0921454 -16.574219 143.15489 7.848921 -9.4140625 143.41971 6.2265954 -9.644531 140.51363 6.7149143 -3.7773438 133.31047 14.437235 3.3476563 125.70393 15.703082 -1.7734375 134.14305 18.850016 0.48828125 133.59099 14.468631 -4.03125 138.89247 12.617667 -3.7773438 133.31047 14.437235 -2.9570313 141.61913 11.565356 -1.7734375 134.14305 18.850016 -0.546875 139.19197 12.669144 0.48828125 133.59099 14.468631 3.4609375 132.79001 13.76978 11.652344 127.58946 9.57331 5.0507813 133.58456 16.489122 6.0390625 134.08014 11.68794 1.6171875 139.27492 11.948428 3.4609375 132.79001 13.76978 5.0507813 133.58456 16.489122 -0.65234375 139.19142 12.68867 -0.453125 139.92955 11.880985 -6.578125 134.43791 12.3038845 -5.6171875 128.54668 11.241976 -6.8320313 134.11482 16.121113 -3.9921875 134.04509 13.891316 -6.1835938 139.11841 16.64587 -3.4414063 139.1648 13.352354 -4.4335938 140.2814 11.187429 -6.8320313 134.11482 16.121113 -6.1835938 139.11841 16.64587 -6.578125 134.43791 12.3038845 -6.1289063 139.06755 12.646077 -9.8828125 124.15173 5.2352586 -12.042969 133.9119 10.866306 -10.0703125 134.3207 6.6450257 -5.734375 140.12712 12.633097 11.894531 126.63625 1.0024211 14.238281 134.20953 6.9819126 8.9296875 132.8083 7.8802524 6.984375 138.14398 10.755583 6.7734375 137.14279 10.778033 5.8828125 137.97273 9.902596 11.894531 126.63625 1.0024211 11.4453125 134.26245 4.8376684 14.238281 134.20953 6.9819126 7.6210938 138.09993 8.999437 6.984375 138.14398 10.755583 5.8828125 137.97273 9.902596 -9.8828125 124.15173 5.2352586 -7.0351563 133.08047 12.484308 -12.042969 133.9119 10.866306 -5.734375 140.12712 12.633097 -0.05078125 142.33987 9.991121 3.9335938 142.53009 9.898798 -0.24609375 144.09125 9.563897 1.0859375 148.45369 5.954888 -7.2617188 138.88783 10.987709 -9.644531 140.51363 6.7149143 -7.6484375 135.58693 8.580402 -12.160156 136.09528 4.432294 -8.7578125 126.59834 5.6524124 -13.9609375 129.54463 3.054665 -9.7265625 121.42208 5.84192 -11.5078125 129.58919 1.3440224 -3.4648438 147.27515 3.1308668 -1.8046875 150.17319 -3.833995 -4.6992188 144.7662 -8.055854 1.3085938 147.96732 -4.885317 6.40625 132.84116 11.688021 13.160156 125.72871 3.9276004 8.394531 135.52023 15.488667 8.308594 136.01514 9.745526 1.6171875 139.27805 11.975877 6.40625 132.84116 11.688021 2.5234375 140.3276 12.591874 8.394531 135.52023 15.488667 3.7734375 139.51645 12.252313 8.308594 136.01514 9.745526 -11.472656 143.65298 2.4068224 -16.28125 136.45514 1.80037 -12.160156 136.09528 4.432294 -11.5078125 129.58919 1.3440224 -8.7578125 126.59834 5.6524124 -9.7265625 121.42208 5.84192 -11.003906 135.93927 -5.6520376 -10.816406 129.64203 -5.6271696 -12.7421875 137.16994 -0.3915702 7.703125 148.67888 0.62622184 9.0234375 151.86067 -6.283701 1.1054688 151.90742 0.06886746 12.4609375 141.0852 -4.7714868 18.480469 136.66693 -1.8128632 11.34375 143.97192 1.2198684 11.878906 132.16487 -5.1414127 20.824219 127.96209 -7.445286 14.6171875 132.30083 -1.2486459 0 132.07124 -11.495309 -0.14453125 124.98663 -15.409018 6.2148438 132.08765 -10.142517 9.863281 139.92075 6.9482617 8.9921875 139.54637 2.7790585 15.6875 141.62729 5.7576194 8.9921875 139.54637 2.7790585 11.34375 143.97192 1.2198684 6.8984375 144.0308 2.0384042 8.3125 148.54774 -4.954862 6.7929688 143.68309 -10.384707 1.0546875 143.85948 -10.403161 8.7578125 126.60136 4.3040795 11.71875 129.02632 -0.7238615 14.6171875 132.30083 -1.2486459 10.3671875 125.46644 -1.3015282 10.292969 124.83302 -3.914686 10.5078125 121.563896 -0.54439163 12.207031 125.50197 -2.004044 15.003906 129.06842 -1.9342909 10.2578125 127.45337 -1.6282763 12.4609375 141.0852 -4.7714868 11.878906 132.16487 -5.1414127 9.308594 131.8873 -7.209032 6.7929688 143.68309 -10.384707 8.3125 148.54774 -4.954862 12.4609375 141.0852 -4.7714868 0 124.42493 -10.480729 0 121.71706 0.6715687 -1.9414063 121.41566 -6.211946 -11.5078125 129.58919 1.3440224 -8.941406 126.725624 1.434883 -8.7578125 126.59834 5.6524124 12.4609375 141.0852 -4.7714868 9.308594 131.8873 -7.209032 13.65625 127.784584 -10.975742 11.878906 132.16487 -5.1414127 12.4609375 141.0852 -4.7714868 17.3125 134.76907 -5.87279 -3.1015625 148.31204 7.0921454 -0.24609375 144.09125 9.563897 1.0859375 148.45369 5.954888 1.0859375 148.45369 5.954888 -3.4648438 147.27515 3.1308668 1.4414063 157.34177 4.428298 -9.644531 140.51363 6.7149143 -6.796875 143.03763 7.020915 -16.574219 143.15489 7.848921 -9.4140625 143.41971 6.2265954 -3.1015625 148.31204 7.0921454 -6.2070313 150.01086 3.552301 -4.5117188 151.06538 11.168488 -3.1015625 148.31204 7.0921454 -6.796875 143.03763 7.020915 -6.2070313 150.01086 3.552301 -3.1015625 148.31204 7.0921454 -3.4648438 147.27515 3.1308668 -3.1015625 148.31204 7.0921454 -4.5117188 151.06538 11.168488 -0.24609375 144.09125 9.563897 -6.1289063 139.06755 12.646077 -6.1835938 139.11841 16.64587 -4.4335938 140.2814 11.187429 -6.0976563 146.86061 10.728892 -7.8164063 145.67368 9.167065 -11.640625 146.87213 12.253517 -6.796875 143.03763 7.020915 -0.24609375 144.09125 9.563897 -4.5117188 151.06538 11.168488 -4.6992188 144.7662 -8.055854 -8.9296875 143.42352 -5.49867 -11.8046875 144.72943 -12.414826 -6.2070313 150.01086 3.552301 -3.4648438 147.27515 3.1308668 -9.878906 147.5692 -1.7307428 -4.6992188 144.7662 -8.055854 -11.8046875 144.72943 -12.414826 -9.878906 147.5692 -1.7307428 -11.472656 143.65298 2.4068224 -12.7421875 137.16994 -0.3915702 -16.28125 136.45514 1.80037 -12.7421875 137.16994 -0.3915702 -11.472656 143.65298 2.4068224 -12.933594 139.7548 -5.4071655 1.6171875 139.27492 11.948428 -0.453125 139.92955 11.880985 5.0507813 133.58456 16.489122 -5.1289063 124.429924 -8.311394 -2.5507813 124.425606 -9.538772 -3.1289063 121.432846 -0.74743485 2.5507813 124.425606 -9.538772 5.1289063 124.429924 -8.311394 3.84375 121.47634 0.06284783 -7.4375 128.0458 -12.746692 -3.0078125 135.6639 -10.1428385 -5.3710938 132.08731 -10.130801 -11.003906 135.93927 -5.6520376 -7.4375 128.0458 -12.746692 -5.3710938 132.08731 -10.130801 -10.816406 129.64203 -5.6271696 -11.003906 135.93927 -5.6520376 -5.3710938 132.08731 -10.130801 1.0859375 148.45369 5.954888 3.9335938 142.53009 9.898798 7.5585938 147.97516 7.9463725 13.65625 127.784584 -10.975742 9.308594 131.8873 -7.209032 6.2148438 132.08765 -10.142517 6.2148438 132.08765 -10.142517 9.308594 131.8873 -7.209032 9.902344 128.67899 -6.53776 11.71875 129.02632 -0.7238615 10.2578125 127.45337 -1.6282763 15.003906 129.06842 -1.9342909 15.003906 129.06842 -1.9342909 14.6171875 132.30083 -1.2486459 11.71875 129.02632 -0.7238615 -3.4648438 147.27515 3.1308668 -4.6992188 144.7662 -8.055854 -9.878906 147.5692 -1.7307428 2.7734375 132.0548 12.818742 4.53125 135.82224 10.76017 2.3789063 136.94121 13.203383 2.0078125 132.32057 15.0267315 1.2382813 132.58783 13.318489 -2.1835938 127.25941 15.01626 -11.003906 135.93927 -5.6520376 -12.7421875 137.16994 -0.3915702 -14.730469 129.86555 -11.448349 -12.7421875 137.16994 -0.3915702 -12.933594 139.7548 -5.4071655 -14.730469 129.86555 -11.448349 -12.933594 139.7548 -5.4071655 -11.003906 135.93927 -5.6520376 -14.730469 129.86555 -11.448349 -11.8046875 144.72943 -12.414826 -8.9296875 143.42352 -5.49867 -9.878906 147.5692 -1.7307428 -8.9296875 143.42352 -5.49867 -12.933594 139.7548 -5.4071655 -9.878906 147.5692 -1.7307428 -11.472656 143.65298 2.4068224 -6.2070313 150.01086 3.552301 -9.878906 147.5692 -1.7307428 -11.472656 143.65298 2.4068224 -9.4140625 143.41971 6.2265954 -15.949219 145.39345 3.054116 -9.4140625 143.41971 6.2265954 -6.2070313 150.01086 3.552301 -15.949219 145.39345 3.054116 -6.2070313 150.01086 3.552301 -11.472656 143.65298 2.4068224 -15.949219 145.39345 3.054116 -9.878906 147.5692 -1.7307428 -12.933594 139.7548 -5.4071655 -16.148438 140.77425 -4.2800126 -12.933594 139.7548 -5.4071655 -11.472656 143.65298 2.4068224 -16.148438 140.77425 -4.2800126 -11.472656 143.65298 2.4068224 -9.878906 147.5692 -1.7307428 -16.148438 140.77425 -4.2800126 1.0546875 143.85948 -10.403161 0 132.07124 -11.495309 -2.90625 131.33426 -15.143233 0 132.07124 -11.495309 -3.0078125 135.6639 -10.1428385 -2.90625 131.33426 -15.143233 -3.0078125 135.6639 -10.1428385 1.0546875 143.85948 -10.403161 -2.90625 131.33426 -15.143233 -11.5078125 129.58919 1.3440224 -10.816406 129.64203 -5.6271696 -11.933594 122.325775 -0.948833 -10.816406 129.64203 -5.6271696 -8.941406 126.725624 1.434883 -11.933594 122.325775 -0.948833 -8.941406 126.725624 1.434883 -11.5078125 129.58919 1.3440224 -11.933594 122.325775 -0.948833 -11.5078125 129.58919 1.3440224 -12.7421875 137.16994 -0.3915702 -14.7578125 126.08145 -2.7302372 -12.7421875 137.16994 -0.3915702 -10.816406 129.64203 -5.6271696 -14.7578125 126.08145 -2.7302372 -10.816406 129.64203 -5.6271696 -11.5078125 129.58919 1.3440224 -14.7578125 126.08145 -2.7302372 32.891876 107.42841 18.62268 30.329287 109.035446 18.452496 33.014763 107.32033 15.026783 30.36125 109.06057 14.874376 35.357685 109.75331 18.78043 32.891876 107.42841 18.62268 35.5088 109.701584 15.176186 33.014763 107.32033 15.026783 30.36125 109.06057 14.874376 30.329287 109.035446 18.452496 33.018627 111.89872 15.030961 32.872147 111.81658 18.617167 35.5088 109.701584 15.176186 35.357685 109.75331 18.78043 11.589844 72.44118 -5.5984054 5.3125 72.29923 -9.153388 10.722656 83.925385 -4.523562 4.4453125 83.78344 -8.078545 2.984375 83.42996 -5.4849124 4.4453125 83.78344 -8.078545 3.8515625 71.945755 -6.55585 5.3125 72.29923 -9.153388 3.8515625 71.945755 -6.55585 5.3125 72.29923 -9.153388 10.128906 72.0877 -3.0008674 11.589844 72.44118 -5.5984054 2.984375 83.42996 -5.4849124 3.8515625 71.945755 -6.55585 9.261719 83.57191 -1.92993 10.128906 72.0877 -3.0008674 4.4453125 83.78344 -8.078545 2.984375 83.42996 -5.4849124 10.722656 83.925385 -4.523562 9.261719 83.57191 -1.92993 10.128906 72.0877 -3.0008674 11.589844 72.44118 -5.5984054 9.261719 83.57191 -1.92993 10.722656 83.925385 -4.523562 -4.4453125 83.78344 -8.078545 -5.3125 72.29923 -9.153388 -10.722656 83.925385 -4.523562 -11.589844 72.44118 -5.5984054 -5.3125 72.29923 -9.153388 -4.4453125 83.78344 -8.078545 -3.8515625 71.945755 -6.55585 -2.984375 83.42996 -5.4849124 -11.589844 72.44118 -5.5984054 -5.3125 72.29923 -9.153388 -10.128906 72.0877 -3.0008674 -3.8515625 71.945755 -6.55585 -10.128906 72.0877 -3.0008674 -3.8515625 71.945755 -6.55585 -9.261719 83.57191 -1.92993 -2.984375 83.42996 -5.4849124 -9.261719 83.57191 -1.92993 -2.984375 83.42996 -5.4849124 -10.722656 83.925385 -4.523562 -4.4453125 83.78344 -8.078545 -10.722656 83.925385 -4.523562 -11.589844 72.44118 -5.5984054 -9.261719 83.57191 -1.92993 -10.128906 72.0877 -3.0008674 -15.6171875 74.33134 0.5283037 -13.2734375 85.70695 0.52879155 -11.824219 73.55004 0.53164005 -9.480469 84.92566 0.5282215 -11.824219 73.550865 4.762337 -9.480469 84.926476 4.758919 -15.6171875 74.33215 4.7629075 -13.2734375 85.70777 4.759489 -15.6171875 74.33215 4.7629075 -15.6171875 74.33134 0.5283037 -11.824219 73.550865 4.762337 -11.824219 73.55004 0.53164005 -9.480469 84.92566 0.5282215 -9.480469 84.926476 4.758919 -11.824219 73.55004 0.53164005 -11.824219 73.550865 4.762337 -15.6171875 74.33134 0.5283037 -15.6171875 74.33215 4.7629075 -13.2734375 85.70695 0.52879155 -13.2734375 85.70777 4.759489 -9.480469 84.926476 4.758919 -9.480469 84.92566 0.5282215 -13.2734375 85.70777 4.759489 -13.2734375 85.70695 0.52879155 1.828125 140.29816 12.114208 5.9375 138.37746 12.309945 2.2304688 143.5185 10.466162 6 144.07253 9.672804 11.078125 136.76213 7.7968225 11.378906 139.17621 6.188474 5.9375 138.37746 12.309945 6 144.07253 9.672804 11.078125 136.76213 7.7968225 12.050781 131.94334 1.9891566 11.378906 139.17621 6.188474 11.839844 132.97467 1.0412548 1.828125 140.29816 12.114208 2.2304688 143.5185 10.466162 -1.8007813 140.29816 12.114208 -2.3789063 143.5185 10.466162 -1.8007813 140.29816 12.114208 -2.3789063 143.5185 10.466162 -6.0820313 138.37746 12.309945 -7.1523438 144.07253 9.672804 -11.488281 139.17621 6.188474 -12.484375 132.97467 1.0412548 -12.4453125 131.94334 1.9891566 -11.488281 139.17621 6.188474 -11.035156 136.76224 7.7929173 -11.488281 139.17621 6.188474 -11.035156 136.76224 7.7929173 -6.0820313 138.37746 12.309945 0 94.95894 9.196166 4.0664063 94.95558 8.434403 0 109.10575 8.780196 5.2734375 109.85314 7.0658054 5.711791 114.54437 3.486275 5.2734375 109.85314 7.0658054 14.581059 114.215706 3.3307874 12.67152 110.857635 6.244842 12.67152 110.857635 6.244842 5.2734375 109.85314 7.0658054 11.9609375 105.88843 6.586324 4.0664063 94.95558 8.434403 7.8125 94.95638 7.3445015 21.915401 103.14904 -0.41819906 21.918762 103.33049 2.9602427 13.765625 104.531364 -2.0362244 11.9609375 105.88843 6.586324 21.918762 103.33049 2.9602427 23.259249 110.07282 7.4389257 11.9609375 105.88843 6.586324 14.823069 110.207504 6.7763076 12.67152 110.857635 6.244842 15.873283 113.79437 3.1551113 14.581059 114.215706 3.3307874 15.061272 115.314026 0.33067682 4.5898438 94.94546 -4.4569235 0 94.89897 -4.988236 0 110.437775 -7.1728163 -4.5898438 94.94546 -4.4569235 -13.765625 104.531364 -2.0362244 -11.6015625 94.964455 1.6293557 -11.9609375 105.88843 6.586324 -7.8125 94.95638 7.3445015 15.061272 115.314026 0.33067682 14.362687 114.21688 -2.599211 6.0390625 115.356384 -2.3291228 13.4113 109.291794 -4.73219 0 110.437775 -7.1728163 13.765625 104.531364 -2.0362244 4.5898438 94.94546 -4.4569235 11.6015625 94.964455 1.6293557 9.125 94.964455 1.6293557 7.8125 94.95638 7.3445015 5.2734375 109.85314 7.0658054 5.711791 114.54437 3.486275 8.6875 114.32093 8.705873 7.5664063 115.033325 6.764881 13.765625 104.531364 -2.0362244 11.9609375 105.88843 6.586324 11.6015625 94.964455 1.6293557 7.8125 94.95638 7.3445015 5.711791 114.54437 3.486275 6.0390625 115.356384 -2.3291228 10.128906 120.19545 4.444304 0 120.74392 -8.399737 7.5664063 115.033325 6.764881 5.711791 114.54437 3.486275 11.6875 119.17228 9.361792 10.128906 120.19545 4.444304 15.7422695 114.113045 -1.8373346 15.873283 113.79437 3.1551113 23.123077 114.83826 -0.2316174 23.342089 114.59437 2.452155 23.342089 114.59437 2.452155 15.873283 113.79437 3.1551113 23.259249 110.07282 7.4389257 14.823069 110.207504 6.7763076 23.365976 109.224174 -5.6354394 15.096372 109.46054 -4.3218684 23.123077 114.83826 -0.2316174 15.7422695 114.113045 -1.8373346 23.365976 109.224174 -5.6354394 21.915401 103.14904 -0.41819906 15.096372 109.46054 -4.3218684 13.765625 104.531364 -2.0362244 13.4113 109.291794 -4.73219 0 94.95894 9.196166 0 86.657135 9.983119 4.0664063 94.95558 8.434403 6.1992188 86.26013 7.982722 7.8125 94.95638 7.3445015 9.503906 86.2687 1.5956652 9.125 94.964455 1.6293557 4.5898438 94.94546 -4.4569235 6.0390625 115.356384 -2.3291228 0 110.437775 -7.1728163 0 115.48521 -2.2040222 -6.039378 115.35734 -2.3303926 15.096372 109.46054 -4.3218684 13.4113 109.291794 -4.73219 15.7422695 114.113045 -1.8373346 14.362687 114.21688 -2.599211 15.061272 115.314026 0.33067682 14.581059 114.215706 3.3307874 15.061272 115.314026 0.33067682 5.711791 114.54437 3.486275 6.0390625 115.356384 -2.3291228 0 94.89897 -4.988236 4.5898438 94.94546 -4.4569235 0 86.269424 -4.7445197 9.503906 86.2687 1.5956652 -9.503906 86.2687 1.5956652 -6.1992188 86.26013 7.982722 -7.8125 94.95638 7.3445015 -4.0664063 94.95558 8.434403 -5.2734375 109.85314 7.0658054 -4.0664063 94.95558 8.434403 0 109.10575 8.780196 0 94.95894 9.196166 -12.671764 110.857635 6.244842 -5.2734375 109.85314 7.0658054 -14.581304 114.215706 3.3307874 -5.712035 114.54437 3.486275 -12.671764 110.857635 6.244842 -11.9609375 105.88843 6.586324 -5.2734375 109.85314 7.0658054 -4.0664063 94.95558 8.434403 -21.915646 103.14904 -0.41819906 -13.765625 104.531364 -2.0362244 -21.919006 103.33049 2.9602427 -11.9609375 105.88843 6.586324 -23.259493 110.07282 7.4389257 -14.823313 110.207504 6.7763076 -12.671764 110.857635 6.244842 -14.581304 114.215706 3.3307874 -15.873528 113.79437 3.1551113 -15.061516 115.314026 0.33067682 -15.742514 114.113045 -1.8373346 -13.765625 104.531364 -2.0362244 -15.096616 109.46054 -4.3218684 -13.411544 109.291794 -4.73219 -15.742514 114.113045 -1.8373346 -14.362931 114.21688 -2.599211 -15.061516 115.314026 0.33067682 -5.2734375 109.85314 7.0658054 -8.6875 114.32093 8.705873 -5.712035 114.54437 3.486275 -7.5664063 115.033325 6.764881 -11.6875 119.17228 9.361792 -11.6875 119.17228 9.361792 -10.128906 120.19545 4.444304 -5.712035 114.54437 3.486275 -6.039378 115.35734 -2.3303926 -23.342333 114.59437 2.452155 -15.873528 113.79437 3.1551113 -23.123322 114.83826 -0.2316174 -15.742514 114.113045 -1.8373346 -14.823313 110.207504 6.7763076 -15.873528 113.79437 3.1551113 -23.259493 110.07282 7.4389257 -23.342333 114.59437 2.452155 -15.742514 114.113045 -1.8373346 -15.096616 109.46054 -4.3218684 -23.123322 114.83826 -0.2316174 -23.36622 109.224174 -5.6354394 -23.36622 109.224174 -5.6354394 -15.096616 109.46054 -4.3218684 -21.915646 103.14904 -0.41819906 -13.765625 104.531364 -2.0362244 -11.9609375 105.88843 6.586324 -12.671764 110.857635 6.244842 -14.823313 110.207504 6.7763076 -15.873528 113.79437 3.1551113 0 94.95894 9.196166 -4.0664063 94.95558 8.434403 0 86.657135 9.983119 -6.1992188 86.26013 7.982722 -6.039378 115.35734 -2.3303926 0 110.437775 -7.1728163 -13.411544 109.291794 -4.73219 -13.765625 104.531364 -2.0362244 -14.581304 114.215706 3.3307874 -5.712035 114.54437 3.486275 -15.061516 115.314026 0.33067682 -6.039378 115.35734 -2.3303926 -14.362931 114.21688 -2.599211 -13.411544 109.291794 -4.73219 0 94.89897 -4.988236 0 86.269424 -4.7445197 -4.5898438 94.94546 -4.4569235 -9.503906 86.2687 1.5956652 -9.125 94.964455 1.6293557 -7.8125 94.95638 7.3445015 -4.5898438 94.94546 -4.4569235 -9.125 94.964455 1.6293557 -11.6015625 94.964455 1.6293557 -7.8125 94.95638 7.3445015 21.918762 103.33049 2.9602427 21.915401 103.14904 -0.41819906 22.820154 109.20156 1.0930215 23.365976 109.224174 -5.6354394 23.123077 114.83826 -0.2316174 21.918762 103.33049 2.9602427 22.820154 109.20156 1.0930215 23.259249 110.07282 7.4389257 23.342089 114.59437 2.452155 -21.915646 103.14904 -0.41819906 -21.919006 103.33049 2.9602427 -22.820398 109.20156 1.0930215 -23.259493 110.07282 7.4389257 -23.342333 114.59437 2.452155 -23.342333 114.59437 2.452155 -23.123322 114.83826 -0.2316174 -22.820398 109.20156 1.0930215 -23.36622 109.224174 -5.6354394 -21.915646 103.14904 -0.41819906 6.0390625 115.356384 -2.3291228 0 115.48521 -2.2040222 0 120.74392 -8.399737 -6.039378 115.35734 -2.3303926 -10.128906 120.19545 4.444304 10.972782 11.911242 7.8841257 11.211685 8.099163 9.7352 21.186188 6.701894 3.1734374 18.256504 3.6072109 3.6537023 15.794893 5.566517 -6.691186 11.220358 2.8533285 -8.088378 5.293157 5.7969275 -5.667893 0.90947324 6.7038245 2.5466635 2.433506 42.125835 2.209486 5.1684494 3.6070614 3.652679 11.211685 8.099163 9.7352 0.90947324 6.7038245 2.5466635 10.972782 11.911242 7.8841257 9.237787 39.499985 7.8257275 21.186188 6.701894 3.1734374 15.31422 43.08317 2.680912 0 86.657135 9.983119 6.2460938 82.40401 8.597129 6.1992188 86.26013 7.982722 9.503906 86.2687 1.5956652 11.412325 75.46463 1.7530627 8.890625 73.859116 -3.6438599 10 82.42079 1.6592672 3.8242188 77.31291 -6.118316 5.0625 82.41248 -3.0206785 0 82.40282 -5.8294306 0 72.753586 2.1107416 0.109375 71.47048 2.1213083 5.359375 73.4954 8.44861 8.423031 46.56832 7.778133 11.6280365 73.66633 1.7967601 15.31422 43.08317 2.680912 3.03125 71.286125 -4.768264 0.109375 71.47048 2.1213083 3.8867188 72.760345 -5.719039 0 74.0265 -4.6362596 0 76.883354 -6.333485 -3.8867188 72.760345 -5.719039 -3.8242188 77.31291 -6.118316 -8.890625 73.859116 -3.6438599 -10 82.42079 1.6592672 -11.412325 75.46463 1.7530627 18.51101 -0.012174494 3.7983148 11.220801 -0.017298965 -8.287221 18.256504 3.6072109 3.6537023 11.220358 2.8533285 -8.088378 11.220801 -0.017298965 -8.287221 5.0908704 -0.012327952 3.7972655 11.220358 2.8533285 -8.088378 5.1684494 3.6070614 3.652679 5.1684494 3.6070614 3.652679 5.0908704 -0.012327952 3.7972655 4.453468 3.6073298 11.768411 3.852363 -0.010310604 13.049932 11.220723 -0.008668247 20.052229 11.220723 -0.008668247 20.052229 11.220167 3.6110556 18.907381 4.453468 3.6073298 11.768411 11.211685 8.099163 9.7352 5.1684494 3.6070614 3.652679 18.58912 -0.010142091 13.051084 18.51101 -0.012174494 3.7983148 17.986906 3.6074846 11.769468 18.256504 3.6072109 3.6537023 18.51101 -0.012174494 3.7983148 18.58912 -0.010142091 13.051084 11.220742 -0.011454403 13.050037 11.220723 -0.008668247 20.052229 5.4765625 74.693405 8.469893 6.2460938 82.40401 8.597129 0 74.80717 9.330605 0 82.00449 10.042228 -6.2460938 82.40401 8.597129 5.0375776 42.05579 -4.519061 4.958317 43.180992 -4.419955 11.870557 42.119537 -4.8114076 11.866947 43.13087 -4.961108 15.31422 43.08317 2.680912 11.220801 -0.017298965 -8.287221 18.51101 -0.012174494 3.7983148 5.0908704 -0.012327952 3.7972655 11.220742 -0.011454403 13.050037 3.852363 -0.010310604 13.049932 11.220723 -0.008668247 20.052229 3.8867188 72.760345 -5.719039 8.890625 73.859116 -3.6438599 3.03125 71.286125 -4.768264 8.777344 72.473915 -3.7675982 11.866947 43.13087 -4.961108 15.31422 43.08317 2.680912 11.220723 -0.008668247 20.052229 18.58912 -0.010142091 13.051084 11.220167 3.6110556 18.907381 17.986906 3.6074846 11.769468 11.211685 8.099163 9.7352 18.256504 3.6072109 3.6537023 10 82.42079 1.6592672 6.2460938 82.40401 8.597129 11.412325 75.46463 1.7530627 5.4765625 74.693405 8.469893 5.359375 73.4954 8.44861 0 74.80717 9.330605 0 72.753586 2.1107416 -5.359375 73.4954 8.44861 -0.109375 71.47048 2.1213083 -8.423031 46.56832 7.778133 -2.433506 42.125835 2.209486 9.237787 39.499985 7.8257275 15.31422 43.08317 2.680912 8.825111 43.06523 7.8037806 8.423031 46.56832 7.778133 2.433506 42.125835 2.209486 0.109375 71.47048 2.1213083 0 72.753586 2.1107416 0 74.0265 -4.6362596 -0.109375 71.47048 2.1213083 -3.8867188 72.760345 -5.719039 -3.03125 71.286125 -4.768264 -6.1992188 86.26013 7.982722 -6.2460938 82.40401 8.597129 0 86.657135 9.983119 0 82.00449 10.042228 6.2460938 82.40401 8.597129 -10 82.42079 1.6592672 -6.2460938 82.40401 8.597129 -9.503906 86.2687 1.5956652 -6.1992188 86.26013 7.982722 15.31422 43.08317 2.680912 8.777344 72.473915 -3.7675982 11.6280365 73.66633 1.7967601 8.890625 73.859116 -3.6438599 11.412325 75.46463 1.7530627 2.433506 42.125835 2.209486 0.109375 71.47048 2.1213083 4.958317 43.180992 -4.419955 3.03125 71.286125 -4.768264 8.890625 73.859116 -3.6438599 3.8867188 72.760345 -5.719039 3.8242188 77.31291 -6.118316 0 76.883354 -6.333485 0 82.40282 -5.8294306 -3.8242188 77.31291 -6.118316 -5.0625 82.41248 -3.0206785 -10 82.42079 1.6592672 11.870557 42.119537 -4.8114076 15.31422 43.08317 2.680912 15.794893 5.566517 -6.691186 21.186188 6.701894 3.1734374 11.870557 42.119537 -4.8114076 15.794893 5.566517 -6.691186 5.0375776 42.05579 -4.519061 5.293157 5.7969275 -5.667893 2.433506 42.125835 2.209486 10 82.42079 1.6592672 5.0625 82.41248 -3.0206785 9.503906 86.2687 1.5956652 0 86.269424 -4.7445197 5.0625 82.41248 -3.0206785 0 82.40282 -5.8294306 0 86.269424 -4.7445197 -5.0625 82.41248 -3.0206785 -9.503906 86.2687 1.5956652 -10 82.42079 1.6592672 -5.1684494 3.6070614 3.652679 -0.90947324 6.7038245 2.5466635 -11.211685 8.099163 9.7352 -10.972782 11.911242 7.8841257 -21.186188 6.701894 3.1734374 -9.237787 39.499985 7.8257275 -15.31422 43.08317 2.680912 -5.0908704 -0.012327952 3.7972655 -4.453468 3.6073298 11.768411 -3.852363 -0.010310604 13.049932 -11.220723 -0.008668247 20.052229 -5.0375776 42.05579 -4.519061 -11.870557 42.119537 -4.8114076 -4.958317 43.180992 -4.419955 -11.866947 43.13087 -4.961108 -11.220801 -0.017298965 -8.287221 -5.0908704 -0.012327952 3.7972655 -18.51101 -0.012174494 3.7983148 -11.220742 -0.011454403 13.050037 -18.58912 -0.010142091 13.051084 -11.220723 -0.008668247 20.052229 -3.8867188 72.760345 -5.719039 -3.03125 71.286125 -4.768264 -8.890625 73.859116 -3.6438599 -8.777344 72.473915 -3.7675982 -11.6280365 73.66633 1.7967601 -15.31422 43.08317 2.680912 -5.0908704 -0.012327952 3.7972655 -3.852363 -0.010310604 13.049932 -11.220742 -0.011454403 13.050037 -11.220723 -0.008668247 20.052229 -11.220723 -0.008668247 20.052229 -11.220167 3.6110556 18.907381 -18.58912 -0.010142091 13.051084 -17.986906 3.6074846 11.769468 -18.51101 -0.012174494 3.7983148 -18.256504 3.6072109 3.6537023 -11.220801 -0.017298965 -8.287221 -11.220358 2.8533285 -8.088378 -5.0908704 -0.012327952 3.7972655 -5.1684494 3.6070614 3.652679 -4.453468 3.6073298 11.768411 -11.211685 8.099163 9.7352 -11.220167 3.6110556 18.907381 -17.986906 3.6074846 11.769468 -2.433506 42.125835 2.209486 -9.237787 39.499985 7.8257275 -0.90947324 6.7038245 2.5466635 -10.972782 11.911242 7.8841257 -15.31422 43.08317 2.680912 -9.237787 39.499985 7.8257275 -8.825111 43.06523 7.8037806 -2.433506 42.125835 2.209486 -8.423031 46.56832 7.778133 -15.31422 43.08317 2.680912 -8.777344 72.473915 -3.7675982 -11.866947 43.13087 -4.961108 -3.03125 71.286125 -4.768264 -4.958317 43.180992 -4.419955 -2.433506 42.125835 2.209486 -4.958317 43.180992 -4.419955 -0.109375 71.47048 2.1213083 -3.03125 71.286125 -4.768264 -15.31422 43.08317 2.680912 -8.423031 46.56832 7.778133 -11.6280365 73.66633 1.7967601 -5.359375 73.4954 8.44861 -11.412325 75.46463 1.7530627 -5.4765625 74.51303 8.469975 -6.2460938 82.40401 8.597129 0 74.80717 9.330605 -11.211685 8.099163 9.7352 -21.186188 6.701894 3.1734374 -18.256504 3.6072109 3.6537023 -15.794893 5.566517 -6.691186 -11.220358 2.8533285 -8.088378 -5.293157 5.7969275 -5.667893 -0.90947324 6.7038245 2.5466635 -2.433506 42.125835 2.209486 -21.186188 6.701894 3.1734374 -15.31422 43.08317 2.680912 -15.794893 5.566517 -6.691186 -11.870557 42.119537 -4.8114076 -5.293157 5.7969275 -5.667893 -5.0375776 42.05579 -4.519061 -2.433506 42.125835 2.209486 -4.958317 43.180992 -4.419955 -11.870557 42.119537 -4.8114076 -5.0375776 42.05579 -4.519061 -15.794893 5.566517 -6.691186 -5.293157 5.7969275 -5.667893 15.061272 115.314026 0.33067682 15.873283 113.79437 3.1551113 15.7422695 114.113045 -1.8373346 23.123077 114.83826 -0.2316174 23.342089 114.59437 2.452155 22.820154 109.20156 1.0930215 -11.9609375 105.88843 6.586324 -7.8125 94.95638 7.3445015 -4.0664063 94.95558 8.434403 9.237787 39.499985 7.8257275 2.433506 42.125835 2.209486 0.90947324 6.7038245 2.5466635 5.359375 73.4954 8.44861 11.6280365 73.66633 1.7967601 11.412325 75.46463 1.7530627 2.433506 42.125835 2.209486 9.237787 39.499985 7.8257275 8.825111 43.06523 7.8037806 0.109375 71.47048 2.1213083 2.433506 42.125835 2.209486 8.423031 46.56832 7.778133 11.866947 43.13087 -4.961108 4.958317 43.180992 -4.419955 3.03125 71.286125 -4.768264 11.220358 2.8533285 -8.088378 5.1684494 3.6070614 3.652679 0.90947324 6.7038245 2.5466635 5.0375776 42.05579 -4.519061 2.433506 42.125835 2.209486 4.958317 43.180992 -4.419955 -4.453468 3.6073298 11.768411 -11.220167 3.6110556 18.907381 -11.220723 -0.008668247 20.052229 -17.986906 3.6074846 11.769468 -11.211685 8.099163 9.7352 -18.256504 3.6072109 3.6537023 -5.4765625 74.51303 8.469975 -5.359375 73.4954 8.44861 0 74.80717 9.330605 -8.423031 46.56832 7.778133 -15.31422 43.08317 2.680912 -8.825111 43.06523 7.8037806 -11.866947 43.13087 -4.961108 -11.870557 42.119537 -4.8114076 -15.31422 43.08317 2.680912 -0.90947324 6.7038245 2.5466635 -5.1684494 3.6070614 3.652679 -11.220358 2.8533285 -8.088378 -11.6280365 73.66633 1.7967601 -11.412325 75.46463 1.7530627 -8.890625 73.859116 -3.6438599 -6.2460938 82.40401 8.597129 -10 82.42079 1.6592672 -11.412325 75.46463 1.7530627 6.2460938 82.40401 8.597129 10 82.42079 1.6592672 9.503906 86.2687 1.5956652 5.2734375 109.85314 7.0658054 5.711791 114.54437 3.486275 0 109.10575 8.780196 0 113.25776 4.197041 -5.712035 114.54437 3.486275 28.43973 110.756546 26.840664 28.727448 111.190895 24.414534 28.691307 109.112404 26.681217 28.413939 108.44708 24.796019 36.035206 110.821526 27.34684 35.655766 109.078285 26.615625 35.289177 109.79269 20.076591 32.876 107.4917 19.996864 29.81738 108.18361 31.473986 30.206102 111.09826 27.135452 28.7551 108.03984 31.465666 28.43973 110.756546 26.840664 28.691307 109.112404 26.681217 28.7551 108.03984 31.465666 28.691307 109.112404 26.681217 28.87543 107.15465 30.84709 29.882183 107.35619 30.925737 29.81738 108.18361 31.473986 29.882183 107.35619 30.925737 30.206102 111.09826 27.135452 30.220818 109.28953 26.966864 29.81738 108.18361 31.473986 28.7551 108.03984 31.465666 29.882183 107.35619 30.925737 28.87543 107.15465 30.84709 31.580803 106.75305 31.284044 32.271248 111.33452 27.532549 30.436537 106.73551 31.198452 30.206102 111.09826 27.135452 30.220818 109.28953 26.966864 32.293346 109.42701 27.369764 32.271248 111.33452 27.532549 31.651026 106.40921 30.336283 31.580803 106.75305 31.284044 30.436537 106.73551 31.198452 30.220818 109.28953 26.966864 30.515774 106.40296 30.239426 31.651026 106.40921 30.336283 31.580803 106.75305 31.284044 30.436537 106.73551 31.198452 31.651026 106.40921 30.336283 30.515774 106.40296 30.239426 32.271248 111.33452 27.532549 32.349285 107.11174 29.547382 34.38789 111.188065 27.523783 33.462395 106.990585 29.637001 34.424835 109.387955 27.082352 33.530136 106.98558 28.466106 32.414642 107.126434 28.380775 32.349285 107.11174 29.547382 32.293346 109.42701 27.369764 32.271248 111.33452 27.532549 33.462395 106.990585 29.637001 32.349285 107.11174 29.547382 33.530136 106.98558 28.466106 32.414642 107.126434 28.380775 32.293346 109.42701 27.369764 34.424835 109.387955 27.082352 32.414642 107.126434 28.380775 33.530136 106.98558 28.466106 35.449883 107.450745 28.481913 36.035206 110.821526 27.34684 34.493843 107.67246 28.402073 34.38789 111.188065 27.523783 34.424835 109.387955 27.082352 35.655766 109.078285 26.615625 36.035206 110.821526 27.34684 35.541584 107.63588 27.475998 35.449883 107.450745 28.481913 34.493843 107.67246 28.402073 34.424835 109.387955 27.082352 34.586002 107.86521 27.404154 35.541584 107.63588 27.475998 35.449883 107.450745 28.481913 34.493843 107.67246 28.402073 35.541584 107.63588 27.475998 34.586002 107.86521 27.404154 31.879578 109.143105 -1.2612007 20.999298 109.50167 -2.917794 30.425526 112.67903 2.391969 20.999971 112.65866 2.2613094 28.869598 109.226944 5.7647305 21.00092 109.500626 5.661243 21.00092 109.500626 5.661243 20.99893 106.33954 2.2604804 28.869598 109.226944 5.7647305 30.534618 106.115234 2.3628478 30.114319 109.226295 5.501171 33.774384 106.17116 2.025901 30.534618 106.115234 2.3628478 20.99893 106.33954 2.2604804 31.879578 109.143105 -1.2612007 20.999298 109.50167 -2.917794 30.350021 109.016365 19.741768 32.891876 107.42841 18.62268 32.876 107.4917 19.996864 35.289177 109.79269 20.076591 28.691307 109.112404 26.681217 28.413939 108.44708 24.796019 30.220818 109.28953 26.966864 30.488808 107.5791 23.949688 32.293346 109.42701 27.369764 32.458447 108.06752 22.822163 34.424835 109.387955 27.082352 35.655766 109.078285 26.615625 33.724316 112.6654 1.8780942 30.425526 112.67903 2.391969 30.114319 109.226295 5.501171 28.869598 109.226944 5.7647305 36.243423 109.25538 2.4613788 31.879578 109.143105 -1.2612007 33.724316 112.6654 1.8780942 30.425526 112.67903 2.391969 36.243423 109.25538 2.4613788 33.774384 106.17116 2.025901 31.879578 109.143105 -1.2612007 30.534618 106.115234 2.3628478 28.544624 105.57403 23.152882 28.413939 108.44708 24.796019 27.729704 105.69737 28.009775 26.257416 106.04129 28.530268 27.064842 108.03415 25.06036 27.187763 106.28539 22.996393 26.615805 105.02182 27.625074 28.544624 105.57403 23.152882 27.729704 105.69737 28.009775 6.0390625 115.356384 -2.3291228 3.5585938 116.41032 -1.218919 5.711791 114.54437 3.486275 0 113.25776 4.197041 27.064842 108.03415 25.06036 28.774647 109.813736 21.829456 27.187763 106.28539 22.996393 30.350021 109.016365 19.741768 28.544624 105.57403 23.152882 32.876 107.4917 19.996864 34.38789 111.188065 27.523783 32.811455 111.756134 19.805086 32.271248 111.33452 27.532549 28.727448 111.190895 24.414534 30.206102 111.09826 27.135452 28.43973 110.756546 26.840664 35.289177 109.79269 20.076591 32.811455 111.756134 19.805086 36.035206 110.821526 27.34684 34.38789 111.188065 27.523783 28.727448 111.190895 24.414534 28.774647 109.813736 21.829456 28.413939 108.44708 24.796019 27.064842 108.03415 25.06036 30.350021 109.016365 19.741768 28.774647 109.813736 21.829456 32.811455 111.756134 19.805086 28.727448 111.190895 24.414534 28.413939 108.44708 24.796019 28.544624 105.57403 23.152882 30.488808 107.5791 23.949688 32.876 107.4917 19.996864 32.458447 108.06752 22.822163 35.655766 109.078285 26.615625 28.413939 108.44708 24.796019 27.064842 108.03415 25.06036 26.257416 106.04129 28.530268 26.615805 105.02182 27.625074 35.289177 109.79269 20.076591 35.357685 109.75331 18.78043 32.811455 111.756134 19.805086 32.872147 111.81658 18.617167 30.350021 109.016365 19.741768 30.329287 109.035446 18.452496 32.891876 107.42841 18.62268 -31.879822 109.143105 -1.2612007 -30.42577 112.67903 2.391969 -20.999542 109.50167 -2.917794 -21.000216 112.65866 2.2613094 -21.001163 109.500626 5.661243 -21.000216 112.65866 2.2613094 -28.869843 109.226944 5.7647305 -30.42577 112.67903 2.391969 -30.114563 109.226295 5.501171 -33.72456 112.6654 1.8780942 -21.001163 109.500626 5.661243 -28.869843 109.226944 5.7647305 -20.999174 106.33954 2.2604804 -30.534863 106.115234 2.3628478 -31.879822 109.143105 -1.2612007 -30.114563 109.226295 5.501171 -30.350266 109.016365 19.741768 -33.77081 106.17148 2.0268412 -32.876244 107.4917 19.996864 -28.869843 109.226944 5.7647305 -30.114563 109.226295 5.501171 -30.534863 106.115234 2.3628478 -33.77081 106.17148 2.0268412 -36.243668 109.25538 2.4613788 -33.72456 112.6654 1.8780942 -31.879822 109.143105 -1.2612007 -30.42577 112.67903 2.391969 -36.243668 109.25538 2.4613788 -31.879822 109.143105 -1.2612007 -33.77081 106.17148 2.0268412 -30.534863 106.115234 2.3628478 -6.039378 115.35734 -2.3303926 -5.712035 114.54437 3.486275 -3.5585938 116.41032 -1.218919 0 113.25776 4.197041 -3.515625 121.18275 1.3208721 0 118.44247 5.890409 -30.114563 109.226295 5.501171 -33.72456 112.6654 1.8780942 -30.350266 109.016365 19.741768 -32.8117 111.756134 19.805086 -35.28942 109.79269 20.076591 -32.8117 111.756134 19.805086 -36.243668 109.25538 2.4613788 -33.72456 112.6654 1.8780942 -36.243668 109.25538 2.4613788 -33.77081 106.17148 2.0268412 -35.28942 109.79269 20.076591 -32.876244 107.4917 19.996864 33.724316 112.6654 1.8780942 33.018627 111.89872 15.030961 36.243423 109.25538 2.4613788 35.5088 109.701584 15.176186 33.014763 107.32033 15.026783 33.724316 112.6654 1.8780942 30.114319 109.226295 5.501171 33.018627 111.89872 15.030961 30.36125 109.06057 14.874376 30.36125 109.06057 14.874376 30.114319 109.226295 5.501171 33.014763 107.32033 15.026783 33.774384 106.17116 2.025901 36.243423 109.25538 2.4613788 -28.439974 110.756546 26.840664 -28.691551 109.112404 26.681217 -28.727692 111.190895 24.414534 -28.414183 108.44708 24.796019 -28.77489 109.813736 21.829456 -27.065086 108.03415 25.06036 -27.188007 106.28539 22.996393 -32.876244 107.4917 19.996864 -35.65601 109.078285 26.615625 -35.28942 109.79269 20.076591 -36.03545 110.821526 27.34684 -30.221062 109.28953 26.966864 -32.29359 109.42701 27.369764 -30.489052 107.5791 23.949688 -32.45869 108.06752 22.822163 -32.876244 107.4917 19.996864 -35.65601 109.078285 26.615625 -29.817625 108.18361 31.473986 -28.755344 108.03984 31.465666 -30.206347 111.09826 27.135452 -28.439974 110.756546 26.840664 -28.439974 110.756546 26.840664 -28.755344 108.03984 31.465666 -28.691551 109.112404 26.681217 -28.875673 107.15465 30.84709 -29.882427 107.35619 30.925737 -29.817625 108.18361 31.473986 -30.206347 111.09826 27.135452 -29.882427 107.35619 30.925737 -30.221062 109.28953 26.966864 -28.691551 109.112404 26.681217 -28.875673 107.15465 30.84709 -28.755344 108.03984 31.465666 -29.882427 107.35619 30.925737 -29.817625 108.18361 31.473986 -32.271492 111.33452 27.532549 -30.43678 106.73551 31.198452 -30.206347 111.09826 27.135452 -30.221062 109.28953 26.966864 -32.29359 109.42701 27.369764 -31.65127 106.40921 30.336283 -32.271492 111.33452 27.532549 -31.581047 106.75305 31.284044 -30.43678 106.73551 31.198452 -30.43678 106.73551 31.198452 -30.516018 106.40296 30.239426 -30.221062 109.28953 26.966864 -31.65127 106.40921 30.336283 -32.29359 109.42701 27.369764 -30.516018 106.40296 30.239426 -30.43678 106.73551 31.198452 -31.65127 106.40921 30.336283 -31.581047 106.75305 31.284044 -32.34953 107.11174 29.547382 -34.388134 111.188065 27.523783 -33.46264 106.990585 29.637001 -34.42508 109.387955 27.082352 -33.53038 106.98558 28.466106 -32.414886 107.126434 28.380775 -32.29359 109.42701 27.369764 -32.34953 107.11174 29.547382 -32.271492 111.33452 27.532549 -34.388134 111.188065 27.523783 -32.414886 107.126434 28.380775 -32.34953 107.11174 29.547382 -33.53038 106.98558 28.466106 -33.46264 106.990585 29.637001 -33.53038 106.98558 28.466106 -34.42508 109.387955 27.082352 -32.414886 107.126434 28.380775 -32.29359 109.42701 27.369764 -36.03545 110.821526 27.34684 -34.494087 107.67246 28.402073 -34.388134 111.188065 27.523783 -34.42508 109.387955 27.082352 -35.65601 109.078285 26.615625 -35.54183 107.63588 27.475998 -36.03545 110.821526 27.34684 -35.450127 107.450745 28.481913 -34.494087 107.67246 28.402073 -34.494087 107.67246 28.402073 -34.586246 107.86521 27.404154 -34.42508 109.387955 27.082352 -35.54183 107.63588 27.475998 -35.65601 109.078285 26.615625 -34.586246 107.86521 27.404154 -34.494087 107.67246 28.402073 -35.54183 107.63588 27.475998 -35.450127 107.450745 28.481913 -28.691551 109.112404 26.681217 -30.221062 109.28953 26.966864 -28.414183 108.44708 24.796019 -30.489052 107.5791 23.949688 -28.544868 105.57403 23.152882 -32.876244 107.4917 19.996864 -28.544868 105.57403 23.152882 -27.729948 105.69737 28.009775 -28.414183 108.44708 24.796019 -26.25766 106.04129 28.530268 -27.065086 108.03415 25.06036 -26.616049 105.02182 27.625074 -27.188007 106.28539 22.996393 -28.544868 105.57403 23.152882 -32.29359 109.42701 27.369764 -34.42508 109.387955 27.082352 -32.45869 108.06752 22.822163 -35.65601 109.078285 26.615625 -27.188007 106.28539 22.996393 -30.350266 109.016365 19.741768 -28.77489 109.813736 21.829456 -32.8117 111.756134 19.805086 -28.727692 111.190895 24.414534 -32.271492 111.33452 27.532549 -30.206347 111.09826 27.135452 -35.28942 109.79269 20.076591 -36.03545 110.821526 27.34684 -32.8117 111.756134 19.805086 -34.388134 111.188065 27.523783 -32.271492 111.33452 27.532549 -32.876244 107.4917 19.996864 -30.350266 109.016365 19.741768 -28.544868 105.57403 23.152882 -27.188007 106.28539 22.996393 0 118.44247 5.890409 0 113.25776 4.197041 3.515625 121.18275 1.3208721 3.5585938 116.41032 -1.218919 0 120.30262 -2.2412121 0 116.8766 -3.1561832 -3.5585938 116.41032 -1.218919 1.5859375 132.46536 13.088329 8.253906 133.07379 9.822459 0 135.5105 12.658668 7.6484375 135.79402 8.58236 7.6484375 138.57408 6.4723697 8.7578125 126.60136 4.3040795 7.7539063 124.14513 4.2266893 9.3671875 126.594086 3.3189423 10.2109375 125.369514 1.5684428 10.941406 127.791435 1.8910944 11.8828125 127.342384 0.77228135 11.9453125 128.68153 1.0994391 11.9453125 128.68153 1.0994391 11.214844 129.49625 2.2794197 10.941406 127.791435 1.8910944 9.917969 128.70299 3.515474 9.3671875 126.594086 3.3189423 8.7578125 126.60136 4.3040795 5.78125 122.80156 9.988784 0 119.06922 10.946164 0 118.40004 9.871925 -6.0859375 122.8328 9.989669 -6.1875 121.76664 7.200098 -6.6640625 124.02183 10.097609 -7.7539063 124.14513 4.2266893 -8.7578125 126.59819 4.139835 6.65625 124.02183 10.097609 8.066406 126.51072 9.159725 1.7109375 123.87487 12.802008 1.5976563 126.21931 11.582532 0 118.40004 9.871925 0 118.44247 5.890409 5.8710938 121.7393 7.1993237 3.515625 121.18275 1.3208721 7.7539063 124.14513 4.2266893 3.9882813 122.40585 -0.18832393 8.871094 126.81555 1.4335219 3.9882813 122.40585 -0.18832393 3.515625 121.18275 1.3208721 0 121.92397 -2.7698302 0 120.30262 -2.2412121 -3.515625 121.18275 1.3208721 6.65625 124.02183 10.097609 5.78125 122.80156 9.988784 5.8710938 121.7393 7.1993237 0 118.40004 9.871925 7.6484375 135.79402 8.58236 8.253906 133.07379 9.822459 8.980469 129.17772 4.693641 8.066406 126.51072 9.159725 8.7578125 126.60136 4.3040795 6.65625 124.02183 10.097609 7.7539063 124.14513 4.2266893 5.8710938 121.7393 7.1993237 1.5976563 126.21931 11.582532 1.5859375 132.46536 13.088329 0 127.02654 12.750575 0 132.42955 13.525063 -1.5859375 132.46536 13.088329 0 135.5105 12.658668 -8.4296875 133.07379 9.822459 -1.5859375 132.46536 13.088329 -7.6484375 135.79402 8.58236 0 135.5105 12.658668 0 139.59604 10.546571 -1.5976563 126.21931 11.582532 -8.0703125 126.51072 9.159725 -1.7109375 123.87487 12.802008 -6.6640625 124.02183 10.097609 0 118.40004 9.871925 -6.1875 121.76664 7.200098 0 118.44247 5.890409 -3.515625 121.18275 1.3208721 -8.0703125 126.51072 9.159725 -8.4296875 133.07379 9.822459 -9.5390625 129.17772 4.693641 -7.6484375 135.79402 8.58236 -7.6484375 138.57408 6.4723697 0 139.59604 10.546571 -8.871094 126.81555 1.4335219 -3.9882813 122.40585 -0.18832393 -7.7539063 124.14513 4.2266893 -3.515625 121.18275 1.3208721 -6.1875 121.76664 7.200098 -6.6640625 124.02183 10.097609 -8.0703125 126.51072 9.159725 -8.7578125 126.59819 4.139835 -9.5390625 129.17772 4.693641 -7.7539063 124.14513 4.2266893 -8.7578125 126.59819 4.139835 -9.3671875 126.594086 3.3189423 -9.917969 128.70299 3.515474 -10.941406 127.791435 1.8910944 -11.214844 129.49625 2.2794197 -11.9453125 128.68153 1.0994391 -11.9453125 128.68153 1.0994391 -11.8828125 127.342384 0.77228135 -10.941406 127.791435 1.8910944 -10.2109375 125.369514 1.5684428 -9.3671875 126.594086 3.3189423 -7.7539063 124.14513 4.2266893 28.691307 109.112404 26.681217 30.220818 109.28953 26.966864 29.882183 107.35619 30.925737 30.220818 109.28953 26.966864 32.293346 109.42701 27.369764 31.651026 106.40921 30.336283 34.424835 109.387955 27.082352 35.655766 109.078285 26.615625 35.541584 107.63588 27.475998 26.615805 105.02182 27.625074 27.729704 105.69737 28.009775 26.257416 106.04129 28.530268 32.891876 107.42841 18.62268 35.357685 109.75331 18.78043 35.289177 109.79269 20.076591 -5.712035 114.54437 3.486275 -5.2734375 109.85314 7.0658054 0 109.10575 8.780196 -31.879822 109.143105 -1.2612007 -20.999542 109.50167 -2.917794 -20.999174 106.33954 2.2604804 -30.206347 111.09826 27.135452 -28.439974 110.756546 26.840664 -28.727692 111.190895 24.414534 -26.616049 105.02182 27.625074 -26.25766 106.04129 28.530268 -27.729948 105.69737 28.009775 -26.616049 105.02182 27.625074 -27.729948 105.69737 28.009775 -28.544868 105.57403 23.152882 -3.5585938 116.41032 -1.218919 -3.515625 121.18275 1.3208721 0 120.30262 -2.2412121 0 132.42955 13.525063 1.5859375 132.46536 13.088329 0 135.5105 12.658668 -3.515625 121.18275 1.3208721 -3.9882813 122.40585 -0.18832393 0 121.92397 -2.7698302 -1.5859375 132.46536 13.088329 -1.5976563 126.21931 11.582532 0 127.02654 12.750575 7.6484375 138.57408 6.4723697 0 139.59604 10.546571 0 135.5105 12.658668 -7.6484375 138.57408 6.4723697 -9.5390625 131.96179 2.5798562 -9.5390625 129.17772 4.693641 </float_array>
          <technique_common>
            <accessor source="#positions-array" count="1698" stride="3">
              <param name="X" type="float"/>
              <param name="Y" type="float"/>
              <param name="Z" type="float"/>
            </accessor>
          </technique_common>
        </source>
        <source id="texcoords">
          <float_array id="texcoords-array" count="3396">0.76904297 0.9868164 0.76904297 0.7519531 0.98828125 1 0.9785156 0.7495117 0.72558594 0.9868164 0.4975586 0.99853516 0.72558594 0.7519531 0.51220703 0.7519531 0.29492188 0.9277344 0.24023438 0.9277344 0.31445313 0.87597656 0.24023438 0.8886719 0.24023438 0.8261719 0.16992188 0.8808594 0.24023438 0.8886719 0.24023438 0.9277344 0.16992188 0.8808594 0.18554688 0.9277344 0.7441406 0.7402344 1.0205078 0.9091797 0.7441406 0.81933594 1.0341797 0.9873047 0.8300781 0.9824219 0.7441406 0.7402344 0.7441406 0.81933594 0.46289063 0.9267578 0.44433594 0.9707031 0.8300781 0.9824219 0.74609375 0.95214844 0.7441406 0.81933594 0.66308594 0.9824219 0.44433594 0.9707031 -0.6435547 -0.57421875 -0.6826172 -0.6621094 -0.85839844 -0.5078125 -0.86035156 -0.59375 -0.9970703 -0.56933594 -0.83203125 -0.8886719 -0.9892578 -0.6533203 0.0078125 0.33203125 0.018554688 0.3564453 0.16308594 0.08496094 0.20996094 0.34179688 0.3095703 0.34375 0.23925781 0.18066406 0.11621094 0.22460938 0.2685547 0.26953125 0.08105469 0.29785156 0.39160156 0.12988281 0.29492188 0.13085938 0.33398438 0.09082031 0.2841797 0.12597656 1.3515625 -0.6152344 1.1220703 -0.51464844 1.1503906 -0.66796875 1.0351563 -0.53222656 1.0410156 -0.703125 1.3515625 -0.6152344 1.1503906 -0.66796875 1.3017578 -0.7285156 1.1708984 -0.88671875 0.49121094 0.6269531 0.5136719 0.625 0.48632813 0.6308594 0.49902344 0.6298828 0.48339844 0.63183594 -0.6513672 0.39257813 -0.8613281 0.4580078 -0.8359375 0.099609375 -1.0009766 0.39160156 0.30664063 0.95703125 0.3125 0.9560547 0.30371094 0.9453125 0.31445313 0.9511719 0.08691406 0.4814453 0.234375 0.48242188 0.08984375 0.44433594 0.23828125 0.4423828 0.2626953 0.40625 0.109375 0.37695313 0.25097656 0.40429688 0.09082031 0.40234375 0.13574219 0.421875 0.028320313 0.46777344 0.24902344 0.3408203 0.037109375 0.2705078 0.21777344 0.23046875 0.18945313 0.08105469 0.28320313 0.28320313 -1.0009766 0.39160156 -0.8359375 0.099609375 -0.89941406 0.49414063 -0.6513672 0.39257813 -0.76660156 0.47265625 0.046875 0.35839844 0.10058594 0.421875 0.091796875 0.3857422 0.26953125 0.41601563 0.27539063 0.38476563 -0.66015625 1.3583984 -0.79003906 1.4394531 -0.83691406 1.1064453 -0.9042969 1.4873047 -0.99609375 1.3720703 0.3076172 0.96484375 0.34472656 0.9707031 0.37304688 0.96484375 0.359375 0.96484375 0.3310547 0.94433594 0.32714844 0.95996094 0.3466797 0.9550781 0.37304688 0.9667969 0.37304688 0.96191406 0.37304688 0.96484375 0.041015625 0.037109375 0.01953125 0.041015625 0.049804688 0.02734375 0.03515625 0.020507813 0.048828125 0.009765625 0.018554688 0.3828125 0.046875 0.26953125 0.21582031 0.3779297 0.2578125 0.25585938 0.28125 0.36816406 0.18457031 0.0068359375 0.119140625 0.14453125 0.07324219 0.14355469 0.02734375 0.21289063 0.15820313 0.0859375 0.22265625 0.15820313 0.09863281 0.17773438 0.2578125 0.25585938 0.046875 0.26953125 -0.024414063 0.44628906 0.005859375 0.38183594 0.19433594 0.48242188 0.03125 0.22070313 0.25585938 0.46679688 0.29101563 0.29589844 0.6015625 0.46777344 0.68847656 0.41992188 0.5332031 0.41992188 0.6142578 0.2265625 0.54003906 0.22753906 0.35839844 0.953125 0.35253906 0.95703125 0.3779297 0.953125 0.36328125 0.9501953 0.88378906 0.15917969 0.8457031 0.046875 0.87109375 0.15527344 0.8144531 0.15234375 0.8359375 0.22753906 0.8359375 0.22753906 0.9091797 0.23046875 0.87109375 0.15527344 0.88378906 0.15917969 0.7597656 0.15136719 0.7246094 0.01171875 0.7246094 0.15136719 0.68847656 0.15820313 0.68847656 0.2265625 0.68847656 0.2265625 0.76171875 0.2265625 0.7246094 0.15136719 0.7597656 0.15136719 0.8964844 0.09082031 0.88378906 0.15917969 0.94433594 0.16601563 0.9091797 0.23046875 0.53027344 0.046875 0.49316406 0.15917969 0.5058594 0.15527344 0.46679688 0.23046875 0.54003906 0.22753906 0.54003906 0.22753906 0.56152344 0.15234375 0.5058594 0.15527344 0.53027344 0.046875 0.47558594 0.09082031 0.40429688 0.17382813 0.42578125 0.16601563 0.3701172 0.28515625 0.41503906 0.328125 0.5332031 0.41992188 0.54003906 0.22753906 0.41503906 0.328125 0.46679688 0.23046875 0.42578125 0.16601563 0.49316406 0.15917969 0.47558594 0.09082031 0.65234375 0.15136719 0.6142578 0.2265625 0.68847656 0.2265625 0.68847656 0.41992188 0.76171875 0.2265625 0.8671875 0.41992188 0.8359375 0.22753906 0.9736328 0.33398438 0.9091797 0.23046875 0.98535156 0.23730469 0.94433594 0.16601563 0.9736328 0.16699219 0.8964844 0.09082031 0.68847656 0.15820313 0.6689453 0.01171875 0.65234375 0.15136719 0.61621094 0.15136719 0.6142578 0.2265625 0.9736328 0.16699219 0.98535156 0.23730469 0.9951172 0.23535156 0.9873047 0.2529297 0.09082031 0.015625 0.12988281 0.01171875 0.12988281 0.036132813 0.16894531 0.015625 0.171875 0.034179688 0.18652344 0.0146484375 0.36328125 0.9501953 0.35253906 0.95703125 0.34179688 0.9511719 0.33984375 0.9580078 0.3173828 0.9511719 0.3173828 0.9589844 0.30859375 0.95410156 0.07421875 0.013671875 0.09082031 0.015625 0.07910156 0.036132813 0.12988281 0.036132813 -0.6513672 0.39257813 -0.8613281 0.4580078 -0.8359375 0.099609375 -1.0009766 0.39160156 0.044921875 0.0546875 0.043945313 0.0390625 0.049804688 0.0546875 0.045898438 0.038085938 0.048828125 0.037109375 0.03125 0.0126953125 0.044921875 0.0546875 0.037109375 0.0546875 0.03125 0.01953125 0.030273438 0.053710938 0.31347656 0.96191406 0.29003906 0.9550781 0.31152344 0.95996094 0.30664063 0.9580078 -0.6513672 0.39257813 -0.8359375 0.099609375 -0.8613281 0.4580078 -1.0009766 0.39160156 -1.0009766 0.39160156 -0.8730469 0.47265625 -0.8359375 0.099609375 -0.6513672 0.39257813 -0.001953125 -0.6357422 0.11816406 -0.5390625 0.16894531 -0.8779297 0.26171875 -0.59277344 0.3232422 -0.66796875 0.44335938 0.8310547 0.55078125 0.6640625 0.4794922 0.84765625 0.6074219 0.8027344 0.4892578 0.9189453 0.44335938 0.8310547 0.5136719 0.99316406 0.4794922 0.84765625 0.5966797 0.9042969 0.6074219 0.8027344 0.64453125 0.7939453 0.7626953 0.5839844 0.70703125 0.7890625 0.7519531 0.7861328 0.73339844 0.94140625 0.64453125 0.7939453 0.70703125 0.7890625 0.66796875 0.9746094 0.70410156 0.98046875 0.15917969 0.6347656 0.25390625 0.51464844 0.18652344 0.6279297 0.24707031 0.6464844 0.25683594 0.8378906 0.29492188 0.84472656 0.32714844 0.8847656 0.18652344 0.6279297 0.25683594 0.8378906 0.15917969 0.6347656 0.21582031 0.8574219 0.5234375 0.34960938 0.50390625 0.3984375 0.5078125 0.40039063 0.5292969 0.4296875 0.9951172 0.5517578 0.93847656 0.7939453 0.8701172 0.78808594 0.9189453 0.9609375 0.8886719 0.9404297 0.87890625 0.9716797 0.9951172 0.5517578 0.9560547 0.78808594 0.93847656 0.7939453 0.9394531 0.9511719 0.9189453 0.9609375 0.87890625 0.9716797 0.095703125 0.62109375 0.09765625 0.7763672 0.0009765625 0.81347656 0.14550781 0.92871094 0.33984375 0.9580078 0.35253906 0.95703125 0.35058594 0.96484375 0.34472656 0.9707031 0.029296875 0.36132813 0.059570313 0.35058594 0.037109375 0.32714844 0.08105469 0.29785156 0.080078125 0.2109375 0.11621094 0.22460938 0.16601563 0.12109375 0.23925781 0.18066406 0.115234375 0.32226563 0.16503906 0.3310547 0.15625 0.3154297 0.17285156 0.3515625 0.7519531 0.7861328 0.81640625 0.6933594 0.84375 0.7871094 0.87402344 0.79589844 0.73339844 0.94140625 0.7519531 0.7861328 0.78515625 0.9316406 0.84375 0.7871094 0.81347656 0.91796875 0.87402344 0.79589844 0.31347656 0.96191406 0.28320313 0.953125 0.28027344 0.95214844 0.08300781 0.051757813 0.013671875 0.07128906 0.05078125 0.01171875 0.0859375 0.3642578 0.14648438 0.27539063 0.296875 0.38671875 -0.6826172 -0.6621094 -0.83203125 -0.8886719 -0.86035156 -0.59375 0.046875 0.029296875 0.06738281 0.060546875 0.064453125 0.0087890625 0.08691406 0.009765625 0.10449219 0.07519531 0.057617188 0.022460938 0.15039063 0.0009765625 0.14355469 0.203125 0.119140625 0.0009765625 0.043945313 0.03125 0.07128906 0.029296875 0.053710938 0.040039063 0.375 0.95214844 0.40820313 0.9394531 0.37304688 0.96484375 0.37304688 0.96191406 0.36914063 0.9550781 0.3466797 0.9550781 0.03125 0.22070313 0.078125 0.16796875 0.31835938 0.28808594 0.3251953 0.046875 0.32421875 0.04296875 0.32617188 0.021484375 0.119140625 0.14453125 0.046875 0.26953125 0.02734375 0.21289063 0.3388672 0.12695313 0.33496094 0.09277344 0.3173828 0.09082031 0.21679688 0.33203125 0.17675781 0.28222656 0.15136719 0.36035156 0.68847656 0.2265625 0.68847656 0.15820313 0.65234375 0.15136719 0.37304688 0.3876953 0.3701172 0.28515625 0.35351563 0.34179688 0.3857422 0.16210938 0.29882813 0.17578125 0.44433594 0.09375 0.28320313 0.28320313 0.24902344 0.3408203 0.21777344 0.23046875 0.27929688 0.90722656 0.48046875 0.89746094 0.3720703 0.9199219 0.27929688 0.90722656 0.41503906 0.90722656 0.3466797 0.9433594 0.49804688 0.57421875 0.6816406 0.57421875 0.58984375 0.6123047 0.31152344 0.95996094 0.27929688 0.90722656 0.27929688 0.90722656 -0.8359375 0.099609375 -0.8613281 0.4580078 -0.6513672 0.39257813 0.32617188 0.9707031 0.33203125 0.9736328 0.3076172 0.96484375 -0.8613281 0.4580078 -0.8359375 0.099609375 -1.0009766 0.39160156 0.21582031 0.8574219 0.25683594 0.8378906 0.32714844 0.8847656 1.1503906 -0.66796875 1.0410156 -0.703125 1.1708984 -0.88671875 0.43164063 0.6464844 0.5029297 0.7050781 0.43164063 0.6464844 0.3203125 0.12402344 0.31640625 0.10644531 0.3720703 0.09375 0.11230469 0.30664063 0.115234375 0.32226563 0.14941406 0.30078125 -1.0009766 0.39160156 -0.8359375 0.099609375 -0.8613281 0.4580078 0.31347656 0.96191406 0.29882813 0.9472656 0.28710938 0.9511719 0.29882813 0.9472656 0.32128906 0.9707031 0.30664063 0.95703125 0.73339844 0.94140625 0.70410156 0.98046875 0.70703125 0.7890625 0.54003906 0.22753906 0.6142578 0.2265625 0.61621094 0.15136719 0.76171875 0.2265625 0.8359375 0.22753906 0.7597656 0.15136719 0.33984375 0.0107421875 0.35742188 0.07714844 0.4267578 0.06933594 0.3251953 0.08886719 0.34765625 0.016601563 0.4501953 0.10253906 0.6347656 0.34570313 0.62597656 0.3828125 0.69140625 0.40527344 0.27929688 0.90722656 0.35253906 0.95703125 0.35839844 0.953125 0.29589844 0.01953125 0.41992188 0.041992188 0.4267578 0.11328125 0.8671875 0.41992188 0.95703125 0.41503906 0.9736328 0.33398438 0.078125 0.16796875 0.049804688 0.02734375 0.046875 0.26953125 0.046875 0.26953125 0.057617188 0.022460938 0.078125 0.16796875 0.115234375 0.32226563 0.15625 0.3154297 0.14941406 0.30078125 0.048828125 0.037109375 0.055664063 0.055664063 0.049804688 0.0546875 0.045898438 0.038085938 0.043945313 0.0390625 0.03125 0.0126953125 0.8515625 0.07128906 0.7685547 0.08496094 0.82421875 0.0029296875 -0.6826172 -0.6621094 -0.8564453 -0.6064453 -0.83203125 -0.8886719 -0.8564453 -0.6064453 -0.9892578 -0.6533203 -0.83203125 -0.8886719 -0.8359375 0.099609375 -0.6513672 0.39257813 -0.8613281 0.4580078 0.6777344 0.33203125 0.7050781 0.29785156 0.69628906 0.44433594 0.31347656 0.96191406 0.328125 0.9658203 0.32617188 0.9667969 0.9453125 0.024414063 1.0439453 0.01953125 0.9238281 0.06347656 -0.6826172 -0.6621094 -0.86035156 -0.59375 -0.83203125 -0.8886719 -0.86035156 -0.59375 -0.9892578 -0.6533203 -0.83203125 -0.8886719 -0.86035156 -0.59375 -0.9892578 -0.6533203 -0.83203125 -0.8886719 0.9238281 0.030273438 0.8876953 0.048828125 0.91308594 0 -0.6826172 -0.6621094 -0.86035156 -0.59375 -0.83203125 -0.8886719 -0.86035156 -0.59375 -0.9892578 -0.6533203 -0.83203125 -0.8886719 1.0332031 0.08203125 1.0039063 0.14257813 0.92578125 0.06933594 -0.6826172 -0.6621094 -0.86035156 -0.59375 -0.83203125 -0.8886719 0.14648438 1.3935547 0.005859375 1.3564453 0.15722656 1.0839844 0.92871094 0.11230469 0.86035156 0.060546875 0.8925781 -0.017578125 0.35253906 1.3720703 0.14648438 1.3935547 0.15722656 1.0839844 1.3173828 1.328125 1.1533203 1.4306641 1.171875 1.0957031 1.1533203 1.4306641 1.0058594 1.3642578 1.171875 1.0957031 1.0214844 0.05078125 0.9238281 0.051757813 0.97558594 0.11621094 0.9785156 0.5175781 0.9785156 0.9921875 0.86328125 0.5175781 0.86328125 0.9921875 0.9785156 0.5175781 0.9785156 0.9921875 0.86328125 0.5175781 0.86328125 0.9921875 0.5 0.5175781 0.875 0.5175781 0.5 0.7109375 0.8730469 0.7109375 0.5 0.9902344 0.8730469 0.9902344 0.19140625 0.6074219 0.38476563 0.6074219 0.19140625 0.8984375 0.38476563 0.8984375 0.45507813 0.8984375 0.38476563 0.8984375 0.45507813 0.6074219 0.38476563 0.6074219 0.37109375 0.6777344 0.37109375 0.6796875 0.20117188 0.6777344 0.20117188 0.6796875 0.38476563 0.8984375 0.38476563 0.6074219 0.19140625 0.8984375 0.19140625 0.6074219 0.19140625 0.8984375 0.19140625 0.97265625 0.38476563 0.8984375 0.38476563 0.97265625 0.45507813 0.6074219 0.38476563 0.6074219 0.45507813 0.8984375 0.38476563 0.8984375 0.38476563 0.8984375 0.38476563 0.6074219 0.19140625 0.8984375 0.19140625 0.6074219 0.38476563 0.6074219 0.38476563 0.8984375 0.45507813 0.6074219 0.45507813 0.8984375 0.20117188 0.6796875 0.37109375 0.6796875 0.20117188 0.6777344 0.37109375 0.6777344 0.19140625 0.6074219 0.38476563 0.6074219 0.19140625 0.8984375 0.38476563 0.8984375 0.38476563 0.97265625 0.19140625 0.97265625 0.38476563 0.8984375 0.19140625 0.8984375 0.38476563 0.8984375 0.38476563 0.6074219 0.45507813 0.8984375 0.45507813 0.6074219 0.16796875 0.60546875 0.16796875 0.984375 0.0078125 0.60546875 0.005859375 0.984375 0.16796875 0.60546875 0.16796875 0.984375 0.0078125 0.60546875 0.005859375 0.984375 0.119140625 0.8828125 0.119140625 0.8378906 0.16210938 0.8828125 0.16210938 0.8378906 0.1328125 0.8359375 0.15429688 0.8359375 0.1328125 0.875 0.15429688 0.875 0.0078125 0.60546875 0.16796875 0.60546875 0.005859375 0.984375 0.16796875 0.984375 0.16210938 0.8378906 0.16210938 0.8808594 0.119140625 0.8378906 0.119140625 0.8808594 1.953125 0.32617188 1.9960938 0.029296875 1.6855469 0.32421875 1.6074219 0.029296875 1.953125 0.32617188 1.6855469 0.32421875 1.9960938 0.029296875 1.6074219 0.029296875 0.5566406 0.015625 0 0.017578125 0.5566406 0.39257813 0 0.39257813 0.390625 0.41210938 0.390625 0.58984375 0.14453125 0.41210938 0.14257813 0.58984375 1.6855469 0.32421875 1.953125 0.32617188 1.6074219 0.029296875 1.9960938 0.029296875 1.953125 0.32617188 0 0.39257813 0 0.017578125 0.5566406 0.39257813 0.5566406 0.015625 1.953125 0.32617188 1.6855469 0.32421875 1.6074219 0.029296875 0.1953125 0.80371094 0.30371094 0.80371094 0.1953125 0.9824219 0.30371094 0.99316406 0.47851563 0.4140625 0.45507813 0.35839844 0.5722656 0.41503906 0.5722656 0.35839844 0.62890625 0.32128906 0.44433594 0.31933594 0.6279297 0.21679688 0.4326172 0.013671875 0.5625 0.0107421875 0.4453125 0.57421875 0.51171875 0.57421875 0.4453125 0.7314453 0.51953125 0.7285156 0.51171875 0.57421875 0.58496094 0.57421875 0.51953125 0.7285156 0.5917969 0.6972656 0.5957031 0.7285156 0.64453125 0.6767578 0.6464844 0.7314453 0.67089844 0.7314453 0.74316406 0.01171875 0.83496094 0.01171875 0.83496094 0.28125 0.74316406 0.01171875 0.6455078 0.18359375 0.6455078 0.01171875 0.6455078 0.1953125 0.5576172 0.015625 0.6455078 0.43164063 0.6455078 0.35839844 0.74316406 0.38476563 0.6455078 0.28125 0.83496094 0.28125 0.6455078 0.18359375 0.74316406 0.01171875 0.6455078 0.01171875 0.7060547 0.10449219 0.5625 0.0107421875 0.43652344 0.27148438 0.51953125 0.34375 0.43652344 0.34375 0.45703125 0.34375 0.6455078 0.18359375 0.6455078 0.1953125 0.6455078 0.01171875 0.5576172 0.015625 0.51953125 0.34375 0.57421875 0.34375 0.51953125 0.40820313 0.61621094 0.40820313 0.45703125 0.34375 0.51953125 0.34375 0.45703125 0.40820313 0.51953125 0.40820313 0.6972656 0.6669922 0.64160156 0.6660156 0.67871094 0.57421875 0.65234375 0.57421875 0.65234375 0.57421875 0.64746094 0.66796875 0.58496094 0.57421875 0.58691406 0.69433594 0.7519531 0.57421875 0.7529297 0.7001953 0.67871094 0.57421875 0.68847656 0.66796875 0.7519531 0.57421875 0.8339844 0.57421875 0.74902344 0.7050781 0.8339844 0.7314453 0.75097656 0.7314453 0.19824219 0.80371094 0.19824219 0.58496094 0.30371094 0.80371094 0.30371094 0.58496094 0.32714844 0.80371094 0.35742188 0.58496094 0.35351563 0.80371094 0.36816406 0.80371094 0.74316406 0.38476563 0.83496094 0.28125 0.83496094 0.38476563 0.74316406 0.38476563 0.74902344 0.7050781 0.75097656 0.7314453 0.6923828 0.6767578 0.70703125 0.7314453 0.67089844 0.7314453 0.6455078 0.48535156 0.6455078 0.43164063 0.74316406 0.49609375 0.74316406 0.38476563 0.38378906 0.80371094 0.36816406 0.80371094 0.38378906 0.58496094 0.35742188 0.58496094 0.08105469 0.58496094 0.09375 0.58496094 0.07519531 0.80078125 0.09375 0.80371094 0.09082031 0.99316406 0.09082031 0.80371094 0.19824219 0.9824219 0.19824219 0.80371094 0.5722656 0.35839844 0.45507813 0.35839844 0.5722656 0.41503906 0.47851563 0.4140625 0.62890625 0.32128906 0.6279297 0.21679688 0.44433594 0.31933594 0.4326172 0.013671875 0.4453125 0.57421875 0.4453125 0.7314453 0.51171875 0.57421875 0.51953125 0.7285156 0.58496094 0.57421875 0.5917969 0.6972656 0.5957031 0.7285156 0.6464844 0.7314453 0.64453125 0.6767578 0.67089844 0.7314453 0.6923828 0.6767578 0.8339844 0.7314453 0.74902344 0.7050781 0.75097656 0.7314453 0.6923828 0.6767578 0.70703125 0.7314453 0.67089844 0.7314453 0.43652344 0.27148438 0.43652344 0.34375 0.51953125 0.34375 0.45703125 0.34375 0.45703125 0.40820313 0.45703125 0.40820313 0.51953125 0.40820313 0.51953125 0.34375 0.57421875 0.34375 0.65234375 0.57421875 0.64160156 0.6660156 0.67871094 0.57421875 0.6972656 0.6669922 0.58691406 0.69433594 0.64746094 0.66796875 0.58496094 0.57421875 0.65234375 0.57421875 0.68847656 0.66796875 0.7529297 0.7001953 0.67871094 0.57421875 0.7519531 0.57421875 0.7519531 0.57421875 0.74902344 0.7050781 0.8339844 0.57421875 0.8339844 0.7314453 0.51953125 0.7285156 0.5957031 0.7285156 0.5917969 0.6972656 0.64453125 0.6767578 0.19824219 0.80371094 0.09375 0.80371094 0.19824219 0.58496094 0.09375 0.58496094 0.74316406 0.38476563 0.83496094 0.28125 0.6455078 0.28125 0.6455078 0.18359375 0.6455078 0.48535156 0.74316406 0.49609375 0.6455078 0.43164063 0.74316406 0.38476563 0.6455078 0.35839844 0.6455078 0.28125 0.0078125 0.80078125 0.0087890625 0.58496094 0.025390625 0.80078125 0.08105469 0.58496094 0.047851563 0.80078125 0.07519531 0.80078125 0.74316406 0.01171875 0.7060547 0.10449219 0.6455078 0.01171875 0.5625 0.0107421875 0.80566406 0.46289063 0.80566406 0.45214844 0.8105469 0.4560547 0.8125 0.4345703 0.81152344 0.45117188 0.80566406 0.46289063 0.8105469 0.4560547 0.8125 0.4765625 0.8125 0.45996094 0.81347656 0.45214844 0.81347656 0.46289063 0.8095703 0.4560547 0.8066406 0.4765625 0.8066406 0.45996094 0.8066406 0.45996094 0.8076172 0.45117188 0.8095703 0.4560547 0.8066406 0.4345703 0.81347656 0.45214844 0.57421875 0.34375 0.61621094 0.34375 0.61621094 0.40820313 0.57421875 0.34375 0.51953125 0.40820313 0.09082031 0.08105469 0.09082031 0.01171875 0.20800781 0.06933594 0.20800781 0.01171875 0.26171875 0.06933594 0.30664063 0.01171875 0.35742188 0.06933594 0.39453125 0.06933594 0.3935547 0.2685547 0.009765625 0.01171875 0.09082031 0.01171875 0.009765625 0.06933594 0.09082031 0.08105469 0.091796875 0.2529297 0.20800781 0.06933594 0.21191406 0.2783203 0.9902344 0.98828125 0.85253906 0.71484375 0.9902344 0.71484375 0.9902344 0.49316406 0.20800781 0.46972656 0.2763672 0.4638672 0.20800781 0.56933594 0.33398438 0.5107422 0.29296875 0.56933594 0.37109375 0.56933594 0.013671875 0.45996094 0.013671875 0.453125 0.08496094 0.46777344 0.09082031 0.3251953 0.20800781 0.45996094 0.2109375 0.29882813 0.32128906 0.453125 0.40722656 0.45898438 0.33691406 0.45703125 0.38378906 0.48046875 0.37304688 0.5058594 0.33691406 0.45703125 0.33398438 0.5107422 0.2763672 0.4638672 0.20800781 0.56933594 0.20800781 0.46972656 0.60546875 0.7548828 0.44628906 0.7548828 0.6035156 0.84277344 0.44921875 0.82421875 0.44628906 0.7548828 0.60546875 0.7548828 0.44921875 0.82421875 0.6035156 0.84277344 0.6035156 0.84277344 0.60546875 0.7548828 0.7050781 0.859375 0.7265625 0.7548828 0.8388672 0.7548828 0.8388672 0.7548828 0.8251953 0.9326172 0.7050781 0.859375 0.6845703 0.9277344 0.6035156 0.84277344 0.7265625 0.7548828 0.60546875 0.7548828 0.7050781 0.859375 0.6035156 0.84277344 0.4951172 0.9814453 0.56347656 0.9824219 0.56347656 0.9199219 0.6152344 0.9199219 0.08984375 0.4814453 0.119140625 0.56933594 0.013671875 0.47851563 0.013671875 0.5751953 0.119140625 0.56933594 0.33789063 0.2705078 0.3154297 0.27734375 0.26464844 0.27441406 0.26367188 0.27734375 0.21191406 0.2783203 0.42578125 0.9199219 0.4951172 0.9814453 0.4951172 0.86816406 0.56347656 0.9199219 0.56347656 0.88378906 0.6152344 0.9199219 0.33691406 0.45703125 0.27539063 0.4638672 0.32128906 0.453125 0.26464844 0.45703125 0.25976563 0.30273438 0.20410156 0.29882813 0.8388672 0.7548828 0.7265625 0.7548828 0.8251953 0.9326172 0.7050781 0.859375 0.6845703 0.9277344 0.6035156 0.84277344 0.20800781 0.56933594 0.119140625 0.56933594 0.20800781 0.46972656 0.08984375 0.4814453 0.08496094 0.46777344 0.013671875 0.47851563 0.013671875 0.45996094 0.08496094 0.4765625 0.013671875 0.453125 0.09082031 0.3251953 0.0087890625 0.30078125 0.099609375 0.2998047 0.20898438 0.30566406 0.095703125 0.3125 0.09082031 0.3251953 0.009765625 0.3046875 0.40722656 0.45898438 0.40722656 0.4658203 0.38378906 0.48046875 0.40722656 0.45898438 0.33691406 0.45703125 0.32128906 0.453125 0.9902344 0.71484375 0.85253906 0.71484375 0.9902344 0.98828125 0.8515625 0.9892578 0.85253906 0.71484375 0.85253906 0.49316406 0.85253906 0.71484375 0.9902344 0.49316406 0.9902344 0.71484375 0.20410156 0.29882813 0.26464844 0.45703125 0.20800781 0.45996094 0.27539063 0.4638672 0.20800781 0.46972656 0.39746094 0.2998047 0.40722656 0.45898438 0.31152344 0.30664063 0.32128906 0.453125 0.2763672 0.4638672 0.33691406 0.45703125 0.33398438 0.5107422 0.37304688 0.5058594 0.37109375 0.56933594 0.33398438 0.5107422 0.29296875 0.56933594 0.20800781 0.56933594 0.26464844 0.27441406 0.21191406 0.2783203 0.26171875 0.06933594 0.20800781 0.06933594 0.31835938 0.2734375 0.3154297 0.07519531 0.359375 0.26953125 0.35742188 0.06933594 0.3935547 0.2685547 0.85253906 0.48828125 0.85253906 0.30078125 0.9902344 0.48828125 0.9902344 0.109375 0.85253906 0.30078125 0.85253906 0.109375 0.9902344 0.109375 0.85253906 0.30078125 0.9902344 0.48828125 0.85253906 0.48828125 0.009765625 0.01171875 0.009765625 0.06933594 0.09082031 0.01171875 0.09082031 0.08105469 0.20800781 0.06933594 0.091796875 0.2529297 0.21191406 0.2783203 0.60546875 0.7548828 0.7050781 0.859375 0.7265625 0.7548828 0.8388672 0.7548828 0.33789063 0.2705078 0.26464844 0.27441406 0.3154297 0.27734375 0.26367188 0.27734375 0.42578125 0.9199219 0.4951172 0.86816406 0.4951172 0.9814453 0.56347656 0.9199219 0.56347656 0.9824219 0.6152344 0.9199219 0.33691406 0.45703125 0.32128906 0.453125 0.27539063 0.4638672 0.26464844 0.45703125 0.20800781 0.45996094 0.20410156 0.29882813 0.4951172 0.86816406 0.56347656 0.88378906 0.56347656 0.9199219 0.6152344 0.9199219 0.8388672 0.7548828 0.8251953 0.9326172 0.7265625 0.7548828 0.7050781 0.859375 0.60546875 0.7548828 0.6035156 0.84277344 0.44628906 0.7548828 0.44921875 0.82421875 0.60546875 0.7548828 0.6035156 0.84277344 0.7050781 0.859375 0.6845703 0.9277344 0.8251953 0.9326172 0.7050781 0.859375 0.005859375 0.2783203 0.091796875 0.2529297 0.009765625 0.06933594 0.09082031 0.08105469 0.20898438 0.30566406 0.099609375 0.2998047 0.095703125 0.3125 0.009765625 0.3046875 0.09082031 0.3251953 0.20410156 0.29882813 0.26464844 0.45703125 0.25976563 0.30273438 0.32128906 0.453125 0.31640625 0.30664063 0.39746094 0.2998047 0.31152344 0.30664063 0.40722656 0.45898438 0.32128906 0.453125 0.2109375 0.29882813 0.09082031 0.3251953 0.20800781 0.45996094 0.08496094 0.4765625 0.20800781 0.46972656 0.08886719 0.4873047 0.119140625 0.56933594 0.013671875 0.47851563 0.09082031 0.01171875 0.20800781 0.06933594 0.20800781 0.01171875 0.26171875 0.06933594 0.30664063 0.01171875 0.35742188 0.06933594 0.39453125 0.06933594 0.3935547 0.2685547 0.20800781 0.06933594 0.21191406 0.2783203 0.26171875 0.06933594 0.26464844 0.27441406 0.35742188 0.06933594 0.359375 0.26953125 0.3935547 0.2685547 0.3154297 0.27734375 0.31835938 0.2734375 0.359375 0.26953125 0.3154297 0.07519531 0.35742188 0.06933594 0.67089844 0.7314453 0.64453125 0.6767578 0.6923828 0.6767578 0.81152344 0.45117188 0.8125 0.45996094 0.8105469 0.4560547 0.6279297 0.21679688 0.5625 0.0107421875 0.4326172 0.013671875 0.091796875 0.2529297 0.005859375 0.2783203 0.009765625 0.06933594 0.08496094 0.46777344 0.20800781 0.45996094 0.20800781 0.46972656 0.009765625 0.3046875 0.099609375 0.2998047 0.095703125 0.3125 0.013671875 0.453125 0.0087890625 0.30078125 0.09082031 0.3251953 0.25976563 0.30273438 0.31640625 0.30664063 0.32128906 0.453125 0.30664063 0.01171875 0.39453125 0.01171875 0.39453125 0.06933594 0.359375 0.26953125 0.3935547 0.2685547 0.3154297 0.27734375 0.7050781 0.859375 0.8251953 0.9326172 0.8388672 0.7548828 0.7050781 0.859375 0.6845703 0.9277344 0.6035156 0.84277344 0.08886719 0.4873047 0.08496094 0.4765625 0.013671875 0.47851563 0.09082031 0.3251953 0.20898438 0.30566406 0.095703125 0.3125 0.26367188 0.27734375 0.26464844 0.27441406 0.21191406 0.2783203 0.39453125 0.06933594 0.39453125 0.01171875 0.30664063 0.01171875 0.20800781 0.45996094 0.20800781 0.46972656 0.27539063 0.4638672 0.119140625 0.56933594 0.20800781 0.56933594 0.20800781 0.46972656 0.85253906 0.71484375 0.85253906 0.49316406 0.9902344 0.49316406 1.0019531 0.15332031 1.0019531 0.29003906 0.8701172 0.13671875 0.8701172 0.25 1.0019531 0.29003906 0.08496094 0.76660156 0.08496094 0.7763672 0.080078125 0.76660156 0.080078125 0.7763672 0.0859375 0.75097656 0.10644531 0.75097656 0.0546875 0.7871094 0.15039063 0.78808594 0.1171875 0.546875 0.107421875 0.6220703 0.14941406 0.5410156 0.13769531 0.62402344 0.18847656 0.63378906 0.14941406 0.5410156 0.18847656 0.63378906 0.18164063 0.55078125 0.2607422 0.5419922 0.27734375 0.54785156 0.2607422 0.5419922 0.3017578 0.62402344 0.26464844 0.62402344 0.39648438 0.5419922 0.36328125 0.54296875 0.39453125 0.51660156 0.36328125 0.515625 0.265625 0.5126953 0.26464844 0.62402344 0.18652344 0.5136719 0.18554688 0.62402344 0.13769531 0.62402344 0.3017578 0.62402344 0.26464844 0.62402344 0.2890625 0.52441406 0.265625 0.5126953 0.18652344 0.5136719 0.13769531 0.62402344 0.14941406 0.5410156 0.11035156 0.52441406 0.39648438 0.5449219 0.36132813 0.5449219 0.39648438 0.5136719 0.36132813 0.5136719 0.1484375 0.6230469 0.15917969 0.52734375 0.2939453 0.6230469 0.23632813 0.5263672 0.33398438 0.6230469 0.30566406 0.5253906 0.11035156 0.5517578 0.15917969 0.52734375 0.107421875 0.6230469 0.1484375 0.6230469 0.3955078 0.51171875 0.3955078 0.54589844 0.359375 0.51171875 0.359375 0.546875 0.29589844 0.61621094 0.43847656 0.62109375 0.30078125 0.5576172 0.375 0.5527344 0.26953125 0.50878906 0.26367188 0.6455078 0.22558594 0.5048828 0.18847656 0.6455078 0.16796875 0.6455078 0.32910156 0.6455078 0.26367188 0.6455078 0.31835938 0.5136719 0.26953125 0.50878906 0.22558594 0.5048828 0.16796875 0.6455078 0.18066406 0.50878906 0.14453125 0.515625 0.39453125 0.5136719 0.39453125 0.5439453 0.36328125 0.51464844 0.36328125 0.5449219 0.703125 0.33398438 0.703125 0.43164063 0.55078125 0.35351563 0.55078125 0.43164063 0.46875 0.35351563 0.46875 0.43164063 0.38085938 0.28222656 0.30664063 0.28222656 0.38085938 0.20410156 0.30664063 0.20410156 0.38085938 0.17285156 0.30664063 0.17285156 0.30664063 0.20410156 0.30664063 0.28222656 0.15429688 0.18457031 0.15429688 0.28222656 0.2783203 0.8232422 0.12890625 0.8642578 0.12890625 0.8232422 0.001953125 0.8232422 0.53222656 0.70996094 0.5205078 0.75390625 0.47753906 0.70996094 0.45996094 0.7597656 0.4169922 0.70996094 0.3642578 0.7685547 0.3408203 0.70996094 0.27929688 0.70996094 0.55078125 0.31835938 0.55078125 0.35351563 0.46875 0.31835938 0.46875 0.35351563 0.7109375 0.29101563 0.71484375 0.32617188 0.5546875 0.31835938 0.55078125 0.33398438 0.16210938 0.14550781 0.29101563 0.17675781 0.16210938 0.17675781 0.29101563 0.18847656 0.12988281 0.62109375 0.15820313 0.6220703 0.16308594 0.54003906 0.21484375 0.53515625 0.19628906 0.62109375 0.2705078 0.6220703 0.25195313 0.53808594 0.328125 0.62109375 0.33984375 0.52246094 0.859375 0.546875 0.9902344 0.5839844 0.828125 0.546875 0.9111328 0.5839844 0.080078125 0.78125 0.08691406 0.78515625 0.080078125 0.7890625 0.09667969 0.7919922 0.07910156 0.79296875 0.09667969 0.7949219 0.18066406 0.7109375 0.12207031 0.80078125 0.12988281 0.7109375 0.041992188 0.74609375 0.07324219 0.7109375 0.041992188 0.7109375 0.21191406 0.80078125 0.12207031 0.80078125 0.2548828 0.7109375 0.18066406 0.7109375 0.08496094 0.7763672 0.08691406 0.78515625 0.080078125 0.7763672 0.080078125 0.78125 0.09667969 0.80078125 0.05078125 0.7783203 0.12207031 0.80078125 0.041992188 0.74609375 0.5205078 0.75390625 0.5107422 0.8076172 0.45996094 0.7597656 0.3564453 0.80859375 0.3642578 0.7685547 0.27929688 0.70996094 0.15820313 0.6220703 0.19628906 0.62109375 0.21484375 0.53515625 0.25195313 0.53808594 0.578125 0.82421875 0.57910156 0.8642578 0.4248047 0.8232422 0.42382813 0.8642578 0.2783203 0.8232422 0.27929688 0.8642578 0.12890625 0.8642578 0.36621094 0.43652344 0.21386719 0.4560547 0.36621094 0.5341797 0.21386719 0.5341797 0.13183594 0.5341797 0.21386719 0.5341797 0.13183594 0.4560547 0.21386719 0.4560547 0.13183594 0.42089844 0.21386719 0.42089844 0.36523438 0.5332031 0.36523438 0.453125 0.2861328 0.5332031 0.2861328 0.453125 0.13183594 0.43359375 0.18847656 1.2050781 0.16894531 0.8261719 0.11816406 1.2041016 0.09863281 0.8251953 0.36523438 0.453125 0.36523438 0.4169922 0.2861328 0.453125 0.2861328 0.4169922 0.37402344 0.3935547 0.21777344 0.42089844 0.3779297 0.42871094 0.21386719 0.43652344 0.13964844 0.39257813 0.13964844 0.4248047 0.2705078 0.42285156 0.2734375 0.43652344 0.859375 0.546875 0.828125 0.546875 0.9902344 0.5839844 0.9111328 0.5839844 0.9902344 0.6591797 0.9111328 0.6591797 0.026367188 1.2050781 0.099609375 1.2041016 0.0146484375 0.8261719 0.12988281 0.8261719 0.18945313 0.8261719 0.10839844 0.8261719 0.1796875 1.2041016 0.076171875 1.2041016 0.0234375 1.2041016 0.11035156 1.2041016 0.040039063 0.8261719 0.115234375 0.8261719 0.4609375 1.109375 0.46875 0.9296875 0.44140625 1.09375 0.44140625 0.9296875 0.40234375 0.9296875 0.3046875 1.109375 0.35546875 1.0625 0.30859375 0.9296875 0.3671875 0.9296875 0.3671875 0.9296875 0.35546875 1.0625 0.40234375 0.9296875 0.39453125 1.0976563 0.44140625 1.09375 0.041992188 0.7109375 0.036132813 0.7109375 0.041992188 0.74609375 0.036132813 0.74609375 0.05078125 0.7783203 0.036132813 0.76171875 0.036132813 0.7890625 0.17285156 0.79589844 0.111328125 0.70996094 0.038085938 0.79296875 0.08203125 0.70996094 0.47753906 0.70996094 0.4169922 0.70996094 0.45996094 0.7597656 0.3642578 0.7685547 0.3564453 0.80859375 0.27929688 0.70996094 0.1171875 0.546875 0.14941406 0.5410156 0.107421875 0.6220703 0.13769531 0.62402344 0.13769531 0.62402344 0.14941406 0.5410156 0.18847656 0.63378906 0.18164063 0.55078125 0.2607422 0.5419922 0.27734375 0.54785156 0.3017578 0.62402344 0.2607422 0.5419922 0.26464844 0.62402344 0.18847656 0.63378906 0.36328125 0.515625 0.36328125 0.54296875 0.39453125 0.51660156 0.39648438 0.5419922 0.26464844 0.62402344 0.18652344 0.5136719 0.18554688 0.62402344 0.13769531 0.62402344 0.3017578 0.62402344 0.2890625 0.52441406 0.26464844 0.62402344 0.265625 0.5126953 0.18652344 0.5136719 0.18652344 0.5136719 0.14941406 0.5410156 0.13769531 0.62402344 0.11035156 0.52441406 0.107421875 0.6220703 0.36132813 0.5136719 0.36132813 0.5449219 0.39648438 0.5136719 0.39648438 0.5449219 0.15917969 0.52734375 0.2939453 0.6230469 0.23632813 0.5263672 0.33398438 0.6230469 0.30566406 0.5253906 0.11035156 0.5517578 0.107421875 0.6230469 0.15917969 0.52734375 0.1484375 0.6230469 0.2939453 0.6230469 0.359375 0.546875 0.3955078 0.54589844 0.359375 0.51171875 0.3955078 0.51171875 0.375 0.5527344 0.43847656 0.62109375 0.30078125 0.5576172 0.29589844 0.61621094 0.26367188 0.6455078 0.22558594 0.5048828 0.18847656 0.6455078 0.16796875 0.6455078 0.32910156 0.6455078 0.31835938 0.5136719 0.26367188 0.6455078 0.26953125 0.50878906 0.22558594 0.5048828 0.22558594 0.5048828 0.18066406 0.50878906 0.16796875 0.6455078 0.14453125 0.515625 0.14257813 0.6455078 0.36328125 0.5449219 0.39453125 0.5439453 0.36328125 0.51464844 0.39453125 0.5136719 0.53222656 0.70996094 0.47753906 0.70996094 0.5205078 0.75390625 0.45996094 0.7597656 0.5107422 0.8076172 0.3564453 0.80859375 0.12988281 0.62109375 0.16308594 0.54003906 0.15820313 0.6220703 0.21484375 0.53515625 0.19628906 0.62109375 0.25195313 0.53808594 0.2705078 0.6220703 0.328125 0.62109375 0.4169922 0.70996094 0.3408203 0.70996094 0.3642578 0.7685547 0.27929688 0.70996094 0.036132813 0.7890625 0.09667969 0.80078125 0.05078125 0.7783203 0.12207031 0.80078125 0.041992188 0.74609375 0.12988281 0.7109375 0.07324219 0.7109375 0.21191406 0.80078125 0.2548828 0.7109375 0.12207031 0.80078125 0.18066406 0.7109375 0.12988281 0.7109375 0.09667969 0.81152344 0.09667969 0.80078125 0.040039063 0.80566406 0.036132813 0.7890625 0.9111328 0.6591797 0.9111328 0.5839844 0.9902344 0.6591797 0.9902344 0.5839844 0.99609375 0.75683594 0.99609375 0.68066406 0.9902344 0.5839844 0.2578125 0.9580078 0.2529297 0.9501953 0.26367188 0.95703125 0.2578125 0.9482422 0.2578125 0.9482422 0.8613281 0.84765625 0.90722656 0.69628906 0.9003906 0.8359375 0.9667969 0.7607422 0.93652344 0.87890625 0.98828125 0.84765625 0.96777344 0.91796875 0.96777344 0.91796875 0.9140625 0.9746094 0.93652344 0.87890625 0.8828125 0.9404297 0.9003906 0.8359375 0.8613281 0.84765625 0.23730469 0.95214844 0.22753906 0.9560547 0.2265625 0.95410156 0.21875 0.9609375 0.21582031 0.9589844 0.21777344 0.96191406 0.20800781 0.9580078 0.20800781 0.96191406 0.24902344 0.9580078 0.25390625 0.9667969 0.20898438 0.9511719 0.20800781 0.96484375 0.54589844 0.013671875 0.6699219 0.038085938 0.65625 0.07714844 0.78515625 0.12890625 0.78027344 0.1796875 0.8388672 0.20703125 0.8457031 0.3173828 0.96191406 0.82421875 0.9902344 0.6591797 0.99609375 0.82421875 0.99609375 0.75683594 0.9902344 0.6591797 0.23925781 0.95214844 0.23730469 0.95214844 0.23535156 0.94921875 0.2265625 0.95410156 0.2578125 0.9482422 0.2529297 0.9501953 0.24707031 0.9453125 0.24316406 0.9501953 0.2421875 0.9453125 0.23925781 0.95214844 0.23828125 0.94433594 0.23535156 0.94921875 0.23535156 0.93652344 0.23535156 0.9628906 0.22265625 0.93652344 0.22265625 0.9628906 0.23535156 0.9628906 0.22265625 0.97753906 0.20996094 0.9707031 0.21679688 0.97753906 0.20507813 0.97265625 0.21289063 0.9814453 0.21289063 0.9814453 0.20800781 0.96484375 0.25585938 0.97265625 0.20898438 0.9511719 0.24707031 0.95214844 0.54589844 0.0126953125 0.65527344 0.07714844 0.6699219 0.038085938 0.78515625 0.12890625 0.21386719 0.96484375 0.20996094 0.9707031 0.20605469 0.9638672 0.20507813 0.97265625 0.20507813 0.97265625 0.21289063 0.9814453 0.8457031 0.3173828 0.8388672 0.20703125 0.78027344 0.1796875 0.78515625 0.12890625 0.65527344 0.07714844 0.21777344 0.96191406 0.21386719 0.96484375 0.20800781 0.96191406 0.20605469 0.9638672 0.90722656 0.69628906 0.8613281 0.84765625 0.9003906 0.8359375 0.8828125 0.9404297 0.93652344 0.87890625 0.9140625 0.9746094 0.96777344 0.91796875 0.96777344 0.91796875 0.98828125 0.84765625 0.93652344 0.87890625 0.9667969 0.7607422 0.9003906 0.8359375 0.90722656 0.69628906 0.18847656 0.63378906 0.26464844 0.62402344 0.2607422 0.5419922 0.13769531 0.62402344 0.107421875 0.6220703 0.11035156 0.52441406 0.16796875 0.6455078 0.14257813 0.6455078 0.14453125 0.515625 0.35839844 0.5439453 0.3720703 0.50390625 0.40234375 0.5439453 0.12890625 0.8642578 0.001953125 0.8642578 0.001953125 0.8232422 1.0019531 0.29003906 1.0019531 0.15332031 0.8701172 0.13671875 0.13183594 0.43359375 0.13183594 0.5332031 0.2861328 0.5332031 0.07324219 0.7109375 0.041992188 0.7109375 0.041992188 0.74609375 0.35839844 0.5439453 0.40234375 0.5439453 0.3720703 0.50390625 0.25195313 0.53808594 0.33984375 0.52246094 0.328125 0.62109375 0.9902344 0.5839844 0.9902344 0.6591797 0.99609375 0.75683594 0.22265625 0.9628906 0.23535156 0.9628906 0.22265625 0.97753906 0.9902344 0.6591797 0.96191406 0.82421875 0.99609375 0.82421875 0.23535156 0.9628906 0.23535156 0.93652344 0.22265625 0.93652344 0.2578125 0.9482422 0.26367188 0.95703125 0.26367188 0.95703125 0.20507813 0.97265625 0.20605469 0.9638672 0.20605469 0.9638672 </float_array>
          <technique_common>
            <accessor source="#texcoords-array" count="1698" stride="2">
              <param name="S" type="float"/>
              <param name="T" type="float"/>
            </accessor>
          </technique_common>
        </source>
        <source id="colors">
          <float_array id="colors-array" count="5094">1 1 1 1 1 1 1 1 1 1 1 1 1 1 1 1 1 1 1 1 1 1 1 1 1 1 1 1 1 1 1 1 1 1 1 1 1 1 1 1 1 1 1 1 1 1 1 1 1 1 1 1 1 1 1 1 1 1 1 1 1 1 1 1 1 1 1 1 1 1 1 1 1 1 1 1 1 1 1 1 1 1 1 1 1 1 1 1 1 1 1 1 1 1 1 1 1 1 1 1 1 1 1 1 1 1 1 1 1 1 1 1 1 1 1 1 1 1 1 1 1 1 1 1 1 1 1 1 1 1 1 1 1 1 1 1 1 1 1 1 1 1 1 1 1 1 1 1 1 1 1 1 1 1 1 1 1 1 1 1 1 1 1 1 1 1 1 1 1 1 1 1 1 1 1 1 1 1 1 1 1 1 1 1 1 1 1 1 1 1 1 1 1 1 1 1 1 1 1 1 1 1 1 1 1 1 1 1 1 1 1 1 1 1 1 1 1 1 1 1 1 1 1 1 1 1 1 1 1 1 1 1 1 1 1 1 1 1 1 1 1 1 1 1 1 1 1 1 1 1 1 1 1 1 1 1 1 1 1 1 1 1 1 1 1 1 1 1 1 1 1 1 1 1 1 1 1 1 1 1 1 1 1 1 1 1 1 1 1 1 1 1 1 1 1 1 1 1 1 1 1 1 1 1 1 1 1 1 1 1 1 1 1 1 1 1 1 1 1 1 1 1 1 1 1 1 1 1 1 1 1 1 1 1 1 1 1 1 1 1 1 1 1 1 1 1 1 1 1 1 1 1 1 1 1 1 1 1 1 1 1 1 1 1 1 1 1 1 1 1 1 1 1 1 1 1 1 1 1 1 1 1 1 1 1 1 1 1 1 1 1 1 1 1 1 1 1 1 1 1 1 1 1 1 1 1 1 1 1 1 1 1 1 1 1 1 1 1 1 1 1 1 1 1 1 1 1 1 1 1 1 1 1 1 1 1 1 1 1 1 1 1 1 1 1 1 1 1 1 1 1 1 1 1 1 1 1 1 1 1 1 1 1 1 1 1 1 1 1 1 1 1 1 1 1 1 1 1 1 1 1 1 1 1 1 1 1 1 1 1 1 1 1 1 1 1 1 1 1 1 1 1 1 1 1 1 1 1 1 1 1 1 1 1 1 1 1 1 1 1 1 1 1 1 1 1 1 1 1 1 1 1 1 1 1 1 1 1 1 1 1 1 1 1 1 1 1 1 1 1 1 1 1 1 1 1 1 1 1 1 1 1 1 1 1 1 1 1 1 1 1 1 1 1 1 1 1 1 1 1 1 1 1 1 1 1 1 1 1 1 1 1 1 1 1 1 1 1 1 1 1 1 1 1 1 1 1 1 1 1 1 1 1 1 1 1 1 1 1 1 1 1 1 1 1 1 1 1 1 1 1 1 1 1 1 1 1 1 1 1 1 1 1 1 1 1 1 1 1 1 1 1 1 1 1 1 1 1 1 1 1 1 1 1 1 1 1 1 1 1 1 1 1 1 1 1 1 1 1 1 1 1 1 1 1 1 1 1 1 1 1 1 1 1 1 1 1 1 1 1 1 1 1 1 1 1 1 1 1 1 1 1 1 1 1 1 1 1 1 1 1 1 1 1 1 1 1 1 1 1 1 1 1 1 1 1 1 1 1 1 1 1 1 1 1 1 1 1 1 1 1 1 1 1 1 1 1 1 1 1 1 1 1 1 1 1 1 1 1 1 1 1 1 1 1 1 1 1 1 1 1 1 1 1 1 1 1 1 1 1 1 1 1 1 1 1 1 1 1 1 1 1 1 1 1 1 1 1 1 1 1 1 1 1 1 1 1 1 1 1 1 1 1 1 1 1 1 1 1 1 1 1 1 1 1 1 1 1 1 1 1 1 1 1 1 1 1 1 1 1 1 1 1 1 1 1 1 1 1 1 1 1 1 1 1 1 1 1 1 1 1 1 1 1 1 1 1 1 1 1 1 1 1 1 1 1 1 1 1 1 1 1 1 1 1 1 1 1 1 1 1 1 1 1 1 1 1 1 1 1 1 1 1 1 1 1 1 1 1 1 1 1 1 1 1 1 1 1 1 1 1 1 1 1 1 1 1 1 1 1 1 1 1 1 1 1 1 1 1 1 1 1 1 1 1 1 1 1 1 1 1 1 1 1 1 1 1 1 1 1 1 1 1 1 1 1 1 1 1 1 1 1 1 1 1 1 1 1 1 1 1 1 1 1 1 1 1 1 1 1 1 1 1 1 1 1 1 1 1 1 1 1 1 1 1 1 1 1 1 1 1 1 1 1 1 1 1 1 1 1 1 1 1 1 1 1 1 1 1 1 1 1 1 1 1 1 1 1 1 1 1 1 1 1 1 1 1 1 1 1 1 1 1 1 1 1 1 1 1 1 1 1 1 1 1 1 1 1 1 1 1 1 1 1 1 1 1 1 1 1 1 1 1 1 1 1 1 1 1 1 1 1 1 1 1 1 1 1 1 1 1 1 1 1 1 1 1 1 1 1 1 1 1 1 1 1 1 1 1 1 1 1 1 1 1 1 1 1 1 1 1 1 1 1 1 1 1 1 1 1 1 1 1 1 1 1 1 1 1 1 1 1 1 1 1 1 1 1 1 1 1 1 1 1 1 1 1 1 1 1 1 1 1 1 1 1 1 1 1 1 1 1 1 1 1 1 1 1 1 1 1 1 1 1 1 1 1 1 1 1 1 1 1 1 1 1 1 1 1 1 1 1 1 1 1 1 1 1 1 1 1 1 1 1 1 1 1 1 1 1 1 1 1 1 1 1 1 1 1 1 1 1 1 1 1 1 1 1 1 1 1 1 1 1 1 1 1 1 1 1 1 1 1 1 1 1 1 1 1 1 1 1 1 1 1 1 1 1 1 1 1 1 1 1 1 1 1 1 1 1 1 1 1 1 1 1 1 1 1 1 1 1 1 1 1 1 1 1 1 1 1 1 1 1 1 1 1 1 1 1 1 1 1 1 1 1 1 1 1 1 1 1 1 1 1 1 1 1 1 1 1 1 1 1 1 1 1 1 1 1 1 1 1 1 1 1 1 1 1 1 1 1 1 1 1 1 1 1 1 1 1 1 1 1 1 1 1 1 1 1 1 1 1 1 1 1 1 1 1 1 1 1 1 1 1 1 1 1 1 1 1 1 1 1 1 1 1 1 1 1 1 1 1 1 1 1 1 1 1 1 1 1 1 1 1 1 1 1 1 1 1 1 1 1 1 1 1 1 1 1 1 1 1 1 1 1 1 1 1 1 1 1 1 1 1 1 1 1 1 1 1 1 1 1 1 1 1 1 1 1 1 1 1 1 1 1 1 1 1 1 1 1 1 1 1 1 1 1 1 1 1 1 1 1 1 1 1 1 1 1 1 1 1 1 1 1 1 1 1 1 1 1 1 1 1 1 1 1 1 1 1 1 1 1 1 1 1 1 1 1 1 1 1 1 1 1 1 1 1 1 1 1 1 1 1 1 1 1 1 1 1 1 1 1 1 1 1 1 1 1 1 1 1 1 1 1 1 1 1 1 1 1 1 1 1 1 1 1 1 1 1 1 1 1 1 1 1 1 1 1 1 1 1 1 1 1 1 1 1 1 1 1 1 1 1 1 1 1 1 1 1 1 1 1 1 1 1 1 1 1 1 1 1 1 1 1 1 1 1 1 1 1 1 1 1 1 1 1 1 1 1 1 1 1 1 1 1 1 1 1 1 1 1 1 1 1 1 1 1 1 1 1 1 1 1 1 1 1 1 1 1 1 1 1 1 1 1 1 1 1 1 1 1 1 1 1 1 1 1 1 1 1 1 1 1 1 1 1 1 1 1 1 1 1 1 1 1 1 1 1 1 1 1 1 1 1 1 1 1 1 1 1 1 1 1 1 1 1 1 1 1 1 1 1 1 1 1 1 1 1 1 1 1 1 1 1 1 1 1 1 1 1 1 1 1 1 1 1 1 1 1 1 1 1 1 1 1 1 1 1 1 1 1 1 1 1 1 1 1 1 1 1 1 1 1 1 1 1 1 1 1 1 1 1 1 1 1 1 1 1 1 1 1 1 1 1 1 1 1 1 1 1 1 1 1 1 1 1 1 1 1 1 1 1 1 1 1 1 1 1 1 1 1 1 1 1 1 1 1 1 1 1 1 1 1 1 1 1 1 1 1 1 1 1 1 1 1 1 1 1 1 1 1 1 1 1 1 1 1 1 1 1 1 1 1 1 1 1 1 1 1 1 1 1 1 1 1 1 1 1 1 1 1 1 1 1 1 1 1 1 1 1 1 1 1 1 1 1 1 1 1 1 1 1 1 1 1 1 1 1 1 1 1 1 1 1 1 1 1 1 1 1 1 1 1 1 1 1 1 1 1 1 1 1 1 1 1 1 1 1 1 1 1 1 1 1 1 1 1 1 1 1 1 1 1 1 1 1 1 1 1 1 1 1 1 1 1 1 1 1 1 1 1 1 1 1 1 1 1 1 1 1 1 1 1 1 1 1 1 1 1 1 1 1 1 1 1 1 1 1 1 1 1 1 1 1 1 1 1 1 1 1 1 1 1 1 1 1 1 1 1 1 1 1 1 1 1 1 1 1 1 1 1 1 1 1 1 1 1 1 1 1 1 1 1 1 1 1 1 1 1 1 1 1 1 1 1 1 1 1 1 1 1 1 1 1 1 1 1 1 1 1 1 1 1 1 1 1 1 1 1 1 1 1 1 1 1 1 1 1 1 1 1 1 1 1 1 1 1 1 1 1 1 1 1 1 1 1 1 1 1 1 1 1 1 1 1 1 1 1 1 1 1 1 1 1 1 1 1 1 1 1 1 1 1 1 1 1 1 1 1 1 1 1 1 1 1 1 1 1 1 1 1 1 1 1 1 1 1 1 1 1 1 1 1 1 1 1 1 1 1 1 1 1 1 1 1 1 1 1 1 1 1 1 1 1 1 1 1 1 1 1 1 1 1 1 1 1 1 1 1 1 1 1 1 1 1 1 1 1 1 1 1 1 1 1 1 1 1 1 1 1 1 1 1 1 1 1 1 1 1 1 1 1 1 1 1 1 1 1 1 1 1 1 1 1 1 1 1 1 1 1 1 1 1 1 1 1 1 1 1 1 1 1 1 1 1 1 1 1 1 1 1 1 1 1 1 1 1 1 1 1 1 1 1 1 1 1 1 1 1 1 1 1 1 1 1 1 1 1 1 1 1 1 1 1 1 1 1 1 1 1 1 1 1 1 1 1 1 1 1 1 1 1 1 1 1 1 1 1 1 1 1 1 1 1 1 1 1 1 1 1 1 1 1 1 1 1 1 1 1 1 1 1 1 1 1 1 1 1 1 1 1 1 1 1 1 1 1 1 1 1 1 1 1 1 1 1 1 1 1 1 1 1 1 1 1 1 1 1 1 1 1 1 1 1 1 1 1 1 1 1 1 1 1 1 1 1 1 1 1 1 1 1 1 1 1 1 1 1 1 1 1 1 1 1 1 1 1 1 1 1 1 1 1 1 1 1 1 1 1 1 1 1 1 1 1 1 1 1 1 1 1 1 1 1 1 1 1 1 1 1 1 1 1 1 1 1 1 1 1 1 1 1 1 1 1 1 1 1 1 1 1 1 1 1 1 1 1 1 1 1 1 1 1 1 1 1 1 1 1 1 1 1 1 1 1 1 1 1 1 1 1 1 1 1 1 1 1 1 1 1 1 1 1 1 1 1 1 1 1 1 1 1 1 1 1 1 1 1 1 1 1 1 1 1 1 1 1 1 1 1 1 1 1 1 1 1 1 1 1 1 1 1 1 1 1 1 1 1 1 1 1 1 1 1 1 1 1 1 1 1 1 1 1 1 1 1 1 1 1 1 1 1 1 1 1 1 1 1 1 1 1 1 1 1 1 1 1 1 1 1 1 1 1 1 1 1 1 1 1 1 1 1 1 1 1 1 1 1 1 1 1 1 1 1 1 1 1 1 1 1 1 1 1 1 1 1 1 1 1 1 1 1 1 1 1 1 1 1 1 1 1 1 1 1 1 1 1 1 1 1 1 1 1 1 1 1 1 1 1 1 1 1 1 1 1 1 1 1 1 1 1 1 1 1 1 1 1 1 1 1 1 1 1 1 1 1 1 1 1 1 1 1 1 1 1 1 1 1 1 1 1 1 1 1 1 1 1 1 1 1 1 1 1 1 1 1 1 1 1 1 1 1 1 1 1 1 1 1 1 1 1 1 1 1 1 1 1 1 1 1 1 1 1 1 1 1 1 1 1 1 1 1 1 1 1 1 1 1 1 1 1 1 1 1 1 1 1 1 1 1 1 1 1 1 1 1 1 1 1 1 1 1 1 1 1 1 1 1 1 1 1 1 1 1 1 1 1 1 1 1 1 1 1 1 1 1 1 1 1 1 1 1 1 1 1 1 1 1 1 1 1 1 1 1 1 1 1 1 1 1 1 1 1 1 1 1 1 1 1 1 1 1 1 1 1 1 1 1 1 1 1 1 1 1 1 1 1 1 1 1 1 1 1 1 1 1 1 1 1 1 1 1 1 1 1 1 1 1 1 1 1 1 1 1 1 1 1 1 1 1 1 1 1 1 1 1 1 1 1 1 1 1 1 1 1 1 1 1 1 1 1 1 1 1 1 1 1 1 1 1 1 1 1 1 1 1 1 1 1 1 1 1 1 1 1 1 1 1 1 1 1 1 1 1 1 1 1 1 1 1 1 1 1 1 1 1 1 1 1 1 1 1 1 1 1 1 1 1 1 1 1 1 1 1 1 1 1 1 1 1 1 1 1 1 1 1 1 1 1 1 1 1 1 1 1 1 1 1 1 1 1 1 1 1 1 1 1 1 1 1 1 1 1 1 1 1 1 1 1 1 1 1 1 1 1 1 1 1 1 1 1 1 1 1 1 1 1 1 1 1 1 1 1 1 1 1 1 1 1 1 1 1 1 1 1 1 1 1 1 1 1 1 1 1 1 1 1 1 1 1 1 1 1 1 1 1 1 1 1 1 1 1 1 1 1 1 1 1 1 1 1 1 1 1 1 1 1 1 1 1 1 1 1 1 1 1 1 1 1 1 1 1 1 1 1 1 1 1 1 1 1 1 1 1 1 1 1 1 1 1 1 1 1 1 1 1 1 1 1 1 1 1 1 1 1 1 1 1 1 1 1 1 1 1 1 1 1 1 1 1 1 1 1 1 1 1 1 1 1 1 1 1 1 1 1 1 1 1 1 1 1 1 1 1 1 1 1 1 1 1 1 1 1 1 1 1 1 1 1 1 1 1 1 1 1 1 1 1 1 1 1 1 1 1 1 1 1 1 1 1 1 1 1 1 1 1 1 1 1 1 1 1 1 1 1 1 1 1 1 1 1 1 1 1 1 1 1 1 1 1 1 1 1 1 1 1 1 1 1 1 1 1 1 1 1 1 1 1 1 1 1 1 1 1 1 1 1 1 1 1 1 1 1 1 1 1 1 1 1 1 1 1 1 1 1 1 1 1 1 1 1 1 1 1 1 1 1 1 1 1 1 1 1 1 1 1 1 1 1 1 1 1 1 1 1 1 1 1 1 1 1 1 1 1 1 1 1 1 1 1 1 1 1 1 1 1 1 1 1 1 1 1 1 1 1 1 1 1 1 1 1 1 1 1 1 1 1 1 1 1 1 1 1 1 1 1 1 1 1 1 1 1 1 1 1 1 1 1 1 1 1 1 1 1 1 1 1 1 1 1 1 1 1 1 1 1 1 1 1 1 1 1 1 1 1 1 1 1 1 1 1 1 1 1 1 1 1 1 1 1 1 1 1 1 1 1 1 1 1 1 1 1 1 1 1 1 1 1 1 1 1 1 1 1 1 1 1 1 1 1 1 1 1 1 1 1 1 1 1 1 1 1 1 1 1 1 1 1 1 1 1 1 1 1 1 1 1 1 1 1 1 1 1 1 1 1 1 1 1 1 1 1 1 1 1 1 1 1 1 1 1 1 1 1 1 1 1 1 1 1 1 1 1 1 1 1 1 1 1 1 1 1 1 1 1 1 1 1 1 1 1 1 1 1 1 1 1 1 1 1 1 1 1 1 1 1 1 1 1 1 1 1 1 1 1 1 1 1 1 1 1 1 1 1 1 1 1 1 1 1 1 1 1 1 1 1 1 1 1 1 1 1 1 1 1 1 1 1 1 1 1 1 1 1 1 1 1 1 1 1 1 1 1 1 1 1 1 1 1 1 1 1 1 1 1 1 1 1 1 1 1 1 1 1 1 1 1 1 1 1 1 1 1 1 1 1 1 1 1 1 1 1 1 1 1 1 1 1 1 1 1 1 1 1 1 1 1 1 1 1 1 1 1 1 1 1 1 1 1 1 1 1 1 1 1 1 1 1 1 1 1 1 1 1 1 1 1 1 1 1 1 1 1 1 1 1 1 1 1 1 1 1 1 1 1 1 1 1 1 1 1 1 1 1 1 1 1 1 1 1 1 1 1 1 1 1 1 1 1 1 1 1 1 1 1 1 1 1 1 1 1 1 1 1 1 1 1 1 1 1 1 1 1 1 1 1 1 1 1 1 1 1 1 1 1 1 1 1 1 1 1 1 1 1 1 1 1 1 1 1 1 1 1 1 1 1 1 1 1 1 1 1 1 1 1 1 1 1 1 1 1 1 1 1 1 1 1 1 1 1 1 1 1 1 1 1 1 1 1 1 1 1 1 1 1 1 1 1 1 1 1 1 1 1 1 1 1 1 1 1 1 1 1 1 1 1 1 1 1 1 1 1 1 1 1 1 1 1 1 1 1 1 1 1 1 1 1 1 1 1 1 1 1 1 1 1 1 1 1 1 1 1 1 1 1 1 1 1 1 1 1 1 1 1 1 1 1 1 1 1 1 1 1 1 1 1 1 1 1 1 1 1 1 1 1 1 1 1 1 1 1 1 1 1 1 1 1 1 1 1 1 1 1 1 1 1 1 1 1 1 1 1 1 1 1 1 1 1 1 1 1 1 1 1 1 1 1 1 1 1 1 1 1 1 1 1 1 1 1 1 1 1 1 1 1 1 1 1 1 1 1 1 1 1 1 1 1 1 1 1 1 1 1 1 1 1 1 1 1 1 1 1 1 1 1 1 1 1 1 1 1 1 1 1 1 1 1 1 1 1 1 1 1 1 1 1 1 1 1 1 1 1 1 1 1 1 1 1 1 1 1 1 1 1 1 1 1 1 1 1 1 1 1 1 1 1 1 1 1 1 1 1 1 1 1 1 1 1 1 1 1 1 1 1 1 1 1 1 1 1 1 1 1 1 1 1 1 1 1 1 1 1 1 1 1 1 1 1 1 1 1 1 1 1 1 1 1 1 1 1 1 1 1 1 1 1 1 1 1 1 1 1 1 1 1 1 1 1 1 1 1 1 1 1 1 1 1 1 1 1 1 1 1 1 1 1 1 1 1 1 1 1 1 1 1 1 1 1 1 1 1 1 1 1 1 1 1 1 1 1 1 1 1 1 1 1 1 1 1 1 1 1 1 1 1 1 1 1 1 1 1 1 1 1 1 1 1 1 1 1 1 1 1 1 1 1 1 1 1 1 1 1 1 1 1 1 1 1 1 1 1 1 1 1 1 1 1 1 1 1 1 1 1 1 1 1 1 1 1 1 1 1 1 1 1 1 1 1 1 1 1 1 1 1 1 1 1 1 1 1 1 1 1 1 1 1 1 1 1 1 1 1 1 1 1 1 1 1 1 1 1 1 1 1 1 1 1 1 1 1 1 1 1 1 1 1 1 1 1 1 1 1 1 1 1 1 1 1 1 1 1 1 1 1 1 1 1 1 1 1 1 1 1 1 1 1 1 1 1 1 1 1 1 1 1 1 1 1 1 1 1 1 1 1 1 1 1 1 1 1 1 1 1 1 1 1 1 1 1 1 1 1 1 1 1 1 1 1 1 1 1 1 1 1 1 1 1 1 1 1 1 1 1 1 1 1 1 1 1 1 1 1 1 1 1 1 1 1 1 1 1 1 1 1 1 1 1 1 1 1 1 1 1 1 1 1 1 1 1 1 1 1 1 1 1 1 1 1 1 1 1 1 1 1 1 1 1 1 1 1 1 1 1 1 1 1 1 1 1 1 1 1 1 1 1 1 1 1 1 1 1 1 1 1 1 1 1 1 1 1 1 1 1 1 1 1 1 1 1 1 1 1 1 1 1 1 1 1 1 1 1 1 1 1 1 1 1 1 1 1 1 1 1 1 1 1 1 1 1 1 1 1 1 1 1 1 1 1 1 1 1 1 1 1 1 1 1 1 1 1 1 1 1 1 1 1 1 1 1 1 1 1 1 1 1 1 1 1 1 1 1 1 1 1 1 1 1 1 1 1 1 1 1 1 1 1 1 1 1 1 1 1 1 1 1 1 1 1 1 1 1 1 1 1 1 1 1 1 1 1 1 1 1 1 1 1 1 1 1 1 1 1 1 1 1 1 1 1 1 1 1 1 1 1 1 1 1 1 1 1 1 1 1 1 1 1 1 1 1 1 1 1 1 1 1 1 1 1 1 1 1 1 1 1 1 1 1 1 1 1 1 1 1 1 1 1 1 1 1 1 1 1 1 1 1 1 1 1 1 1 1 1 1 1 1 1 1 1 1 1 1 1 1 1 1 1 1 1 1 1 1 1 1 1 1 1 1 1 1 1 1 1 1 1 1 1 1 1 1 1 1 1 1 1 1 1 1 1 1 1 1 1 1 1 1 1 1 1 1 1 1 1 1 1 1 1 1 1 1 1 1 1 1 1 1 1 1 1 1 1 1 1 1 1 1 1 1 1 1 1 1 1 1 1 1 1 1 1 1 1 1 1 1 1 1 1 1 1 1 1 1 1 1 1 1 1 1 1 1 1 1 1 1 1 1 1 1 1 1 1 1 1 1 1 1 1 1 1 1 1 1 1 1 1 1 1 1 1 1 1 1 1 1 1 1 1 1 1 1 1 1 1 1 1 1 1 1 1 1 1 1 1 1 1 1 1 1 1 1 1 1 1 1 1 1 1 1 1 1 1 1 1 1 1 1 1 1 1 1 1 1 1 1 1 1 1 1 1 1 1 1 1 1 1 1 1 1 1 1 1 1 1 1 1 1 1 1 1 1 1 1 1 1 1 1 1 1 1 1 1 1 1 1 1 1 1 1 1 1 1 1 1 1 1 1 1 1 1 1 1 1 1 1 1 1 1 1 1 1 1 1 1 1 1 1 1 1 1 1 1 1 1 1 1 1 1 1 1 1 1 1 1 1 1 1 1 1 1 1 1 1 1 1 1 1 1 1 1 1 1 1 1 1 1 1 1 1 1 1 1 1 1 1 1 1 1 1 1 1 1 1 1 1 1 1 1 1 1 1 1 1 1 1 1 1 1 1 1 1 1 1 1 1 1 1 1 1 1 1 1 1 1 1 1 1 1 1 1 1 1 1 1 </float_array>
          <technique_common>
            <accessor source="#colors-array" count="1698" stride="3">
              <param name="R" type="float"/>
              <param name="G" type="float"/>
              <param name="B" type="float"/>
            </accessor>
          </technique_common>
        </source>
        <source id="normals">
          <float_array id="normals-array" count="5094">0.3713715 0.05784616 0.9266806 0.49231324 0.16343752 0.8549362 0.7968364 0.16527316 0.581151 0.8223004 -0.1852656 0.5380509 -0.37897375 0.0715949 0.92263377 -0.775368 0.19797286 0.5996759 -0.4914967 0.16311121 0.85546815 -0.8056344 -0.214722 0.55213016 0.49231324 0.16343752 0.8549362 0 0.06935339 0.99759215 0.5096046 -0.16069539 0.84526926 0 -0.03612229 0.9993474 0 -0.6465541 0.7628681 -0.5096046 -0.16069539 0.84526926 0 -0.03612229 0.9993474 0 0.06935339 0.99759215 -0.5096046 -0.16069539 0.84526926 -0.4914967 0.16311121 0.85546815 0.0078091784 -0.6390593 0.76911783 0.5742158 -0.5506626 0.60584396 0.003902187 -0.36604148 0.93059033 0.7190978 -0.32051682 0.6165771 0.5096046 -0.16069539 0.84526926 0.0078091784 -0.6390593 0.76911783 0.003902187 -0.36604148 0.93059033 -0.6171719 -0.49034166 0.6153567 -0.7260493 -0.27369162 0.63082904 0.5096046 -0.16069539 0.84526926 0 -0.6465541 0.7628681 0.003902187 -0.36604148 0.93059033 -0.5096046 -0.16069539 0.84526926 -0.7260493 -0.27369162 0.63082904 0.5178905 0.84977156 0.09837562 0.91622746 0.13000225 0.37898108 -0.12306198 0.97975314 -0.15792266 -0.13678704 0.9014473 0.41070923 -0.5236049 0.7485059 -0.4069113 0.7444185 0.3099952 -0.5913916 0.013664343 0.5260465 -0.850346 -0.7625396 0.2322996 -0.60379654 -0.70116425 -0.020187892 0.71271396 -0.36696604 -0.6872949 -0.6268665 -0.95105 0.18247111 0.24941587 -0.7625396 0.2322996 -0.60379654 -0.48817927 -0.49147266 -0.7212043 -0.9545782 -0.29261866 0.056167264 -0.7625396 0.2322996 -0.60379654 -0.70116425 -0.020187892 0.71271396 0.7444185 0.3099952 -0.5913916 0.91622746 0.13000225 0.37898108 0.013664343 0.5260465 -0.850346 0.5178905 0.84977156 0.09837562 -0.054733183 0.38265136 0.9222701 0.31272468 0.56306684 0.7649569 0.300784 0.90616614 0.2973078 -0.21860869 0.23880365 0.9461411 -0.6133671 -0.146102 -0.77616686 -0.054733183 0.38265136 0.9222701 0.300784 0.90616614 0.2973078 -0.035152033 -0.5531096 0.8323666 -0.90912974 0.14741985 0.3895516 -0.21860869 0.23880365 0.9461411 -0.054733183 0.38265136 0.9222701 -0.6133671 -0.146102 -0.77616686 -0.035152033 -0.5531096 0.8323666 -0.90912974 0.14741985 0.3895516 -0.8993303 0.026027367 -0.43649456 -0.37662074 0.3715823 -0.8485773 -0.40197802 -0.038517777 -0.9148388 0.16018994 0.15466583 -0.9748937 -0.5080434 0.10048054 -0.8554505 -0.70286155 0.52918726 -0.47533825 -0.8993303 0.026027367 -0.43649456 -0.37662074 0.3715823 -0.8485773 -0.70286155 0.52918726 -0.47533825 -0.25768998 0.6397075 -0.7241341 -0.37662074 0.3715823 -0.8485773 0.16018994 0.15466583 -0.9748937 0.5723969 0.3979941 0.7169118 0.516078 0.68920714 -0.5085833 0.5178905 0.84977156 0.09837562 0.32019085 0.9392272 -0.12381451 0.5723969 0.3979941 0.7169118 0.9905223 -0.10796409 0.08490775 0.81823856 0.043591943 -0.5732237 0.8711972 -0.037319165 0.48951265 0.7107361 0.54591995 -0.4436503 0.6946165 -0.6141149 -0.37466094 0.4238859 -0.17614816 -0.88842136 0.5723969 0.3979941 0.7169118 0.69311655 -0.71227264 0.11071209 0.516078 0.68920714 -0.5085833 0.81823856 0.043591943 -0.5732237 0.32019085 0.9392272 -0.12381451 -0.4726348 -0.061080225 -0.87913907 -0.16615212 0.5358763 -0.82778627 0.24609667 0.09377003 -0.96469873 0.3671431 0.47211945 -0.80144197 0.43561363 -0.21565291 -0.87391907 0.9905223 -0.10796409 0.08490775 0.5178905 0.84977156 0.09837562 0.9930455 -0.097700715 0.06568975 0.5919032 0.8034797 0.06380504 0.6759506 -0.29860866 0.6737386 -0.12306198 0.97975314 -0.15792266 0.5748392 0.8181467 -0.013996152 0.5178905 0.84977156 0.09837562 0.5919032 0.8034797 0.06380504 0.16018994 0.15466583 -0.9748937 -0.25768998 0.6397075 -0.7241341 -0.16615212 0.5358763 -0.82778627 0.013664343 0.5260465 -0.850346 0.32019085 0.9392272 -0.12381451 0.5178905 0.84977156 0.09837562 0.7369339 -0.6662612 0.11412478 0.8497733 -0.33023927 0.4108861 0.69648844 -0.27256852 0.6637848 0.80155265 -0.5721878 0.17353538 0.005862676 -0.3878437 0.9217065 0.8711972 -0.037319165 0.48951265 0.8495268 -0.1596674 -0.5028026 0.4238859 -0.17614816 -0.88842136 0.63824713 -0.22915767 -0.7349336 0.8999558 -0.21188162 -0.38103238 -0.10346055 -0.8951247 0.4336447 0.8763416 -0.38321677 0.2918395 0.005862676 -0.3878437 0.9217065 0.69648844 -0.27256852 0.6637848 -0.10346055 -0.8951247 0.4336447 0.61534655 -0.60934883 -0.5000426 0.8763416 -0.38321677 0.2918395 0.63824713 -0.22915767 -0.7349336 0.8495268 -0.1596674 -0.5028026 0.5213923 0.16581693 0.8370513 0.71257895 -0.0491247 0.69987 0.6759506 -0.29860866 0.6737386 0.8497733 -0.33023927 0.4108861 0.9905223 -0.10796409 0.08490775 0.8711972 -0.037319165 0.48951265 0.16018994 0.15466583 -0.9748937 -0.4726348 -0.061080225 -0.87913907 -0.36707938 -0.098835 -0.92492396 -0.39078993 -0.40473962 -0.8267219 -0.41415635 -0.4129155 -0.81115675 0.5919032 0.8034797 0.06380504 0.32968608 0.28485793 0.9000906 0.6759506 -0.29860866 0.6737386 0.5213923 0.16581693 0.8370513 0.0039045073 -0.70660585 -0.70759654 0.35921335 -0.70139456 -0.61563903 0.30462706 -0.8618836 -0.40541223 -0.17175953 -0.543064 -0.82193685 0.4063145 -0.44452226 -0.798316 0.4063145 -0.44452226 -0.798316 0.57393557 -0.5492422 -0.60739684 0.30462706 -0.8618836 -0.40541223 0.0039045073 -0.70660585 -0.70759654 -0.17175953 -0.543064 -0.82193685 -0.19929649 -0.51796997 -0.83185816 0.12698811 -0.86800265 -0.48004735 -0.36096963 -0.4969566 -0.78913563 -0.074155174 -0.44727138 -0.89131886 -0.074155174 -0.44727138 -0.89131886 0.38107136 -0.42053467 -0.8233682 0.12698811 -0.86800265 -0.48004735 -0.17175953 -0.543064 -0.82193685 -0.52507687 -0.16580246 -0.83474773 0.0039045073 -0.70660585 -0.70759654 0.53536326 -0.8147916 -0.22248775 0.57393557 -0.5492422 -0.60739684 -0.6153008 -0.6275431 -0.47706875 -0.1738844 -0.8070112 -0.56435555 -0.1738678 -0.8995264 -0.40077704 -0.7480799 -0.5016807 -0.43438804 -0.41415635 -0.4129155 -0.81115675 -0.41415635 -0.4129155 -0.81115675 -0.033170238 -0.6420849 -0.76591563 -0.1738678 -0.8995264 -0.40077704 -0.6153008 -0.6275431 -0.47706875 0.32064414 -0.41208667 -0.852861 -0.9463888 -0.2157664 -0.24040206 -0.44932625 -0.750562 -0.48452303 -0.89720553 -0.43778673 0.05800836 -0.85911524 -0.2174059 -0.46330947 -0.36707938 -0.098835 -0.92492396 -0.41415635 -0.4129155 -0.81115675 -0.85911524 -0.2174059 -0.46330947 -0.7480799 -0.5016807 -0.43438804 -0.44932625 -0.750562 -0.48452303 -0.1738844 -0.8070112 -0.56435555 0.32064414 -0.41208667 -0.852861 -0.73195994 -0.5369101 -0.41947845 -0.39078993 -0.40473962 -0.8267219 -0.074155174 -0.44727138 -0.89131886 -0.4726348 -0.061080225 -0.87913907 0.38107136 -0.42053467 -0.8233682 0.43561363 -0.21565291 -0.87391907 0.4063145 -0.44452226 -0.798316 0.63824713 -0.22915767 -0.7349336 0.57393557 -0.5492422 -0.60739684 0.61534655 -0.60934883 -0.5000426 0.53536326 -0.8147916 -0.22248775 0.9507834 -0.2662493 0.1585 -0.52507687 -0.16580246 -0.83474773 -0.36096963 -0.4969566 -0.78913563 0.3726695 -0.47326237 -0.7982106 -0.73195994 -0.5369101 -0.41947845 -0.033170238 -0.6420849 -0.76591563 -0.39078993 -0.40473962 -0.8267219 0.9507834 -0.2662493 0.1585 0.61534655 -0.60934883 -0.5000426 0.80155265 -0.5721878 0.17353538 0.005862676 -0.3878437 0.9217065 -0.42747894 -0.22983697 0.87432075 -0.009761696 -0.0087885065 0.99991375 0.025366053 0.25768194 0.9658968 0.52762765 0.17983286 0.83022237 0.5213923 0.16581693 0.8370513 0.71257895 -0.0491247 0.69987 0.5213923 0.16581693 0.8370513 0.32968608 0.28485793 0.9000906 0.025366053 0.25768194 0.9658968 -0.054733183 0.38265136 0.9222701 -0.58229035 0.163175 0.796437 -0.21860869 0.23880365 0.9461411 -0.72992563 0.07252863 0.67966765 -0.7401767 -0.19603986 0.6432005 -0.42747894 -0.22983697 0.87432075 -0.58229035 0.163175 0.796437 0.025366053 0.25768194 0.9658968 0.43561363 -0.21565291 -0.87391907 0.3671431 0.47211945 -0.80144197 0.81417984 -0.10298265 -0.57140684 0.81823856 0.043591943 -0.5732237 -0.07423142 0.046056293 0.99617696 -0.740325 0.37509158 0.5578757 0.43918893 0.08011894 0.8948151 0.23219368 0.068179734 0.9702771 0.88123566 -0.19981968 0.42836416 0.15620296 -0.13127244 0.97896284 0.64069873 -0.02173929 0.76748455 0.09184538 0.14219114 0.98556894 -0.08588387 0.18122207 0.9796849 -0.65203726 0.26901132 0.70885843 -0.87934333 0.36679697 0.30366978 -0.70116425 -0.020187892 0.71271396 -0.62099564 0.31922686 -0.71586215 -0.72992563 0.07252863 0.67966765 0.43561363 -0.21565291 -0.87391907 -0.33602387 -0.8547402 -0.3956098 0.24609667 0.09377003 -0.96469873 -0.4726348 -0.061080225 -0.87913907 -0.12306198 0.97975314 -0.15792266 0.28864875 0.8294739 0.47817877 0.31221324 0.9440772 -0.10602429 0.5748392 0.8181467 -0.013996152 -0.21860869 0.23880365 0.9461411 0.28864875 0.8294739 0.47817877 -0.9903163 -0.009785798 0.13848454 -0.62099564 0.31922686 -0.71586215 -0.72992563 0.07252863 0.67966765 -0.87141013 -0.12874943 0.47335818 0.21081237 -0.22809069 0.9505434 -0.113172285 0.11260707 0.98717356 0.8549012 0.33043456 0.39994618 0.12888128 0.3133197 0.9408615 -0.87141013 -0.12874943 0.47335818 -0.12293278 0.60043925 0.7901647 -0.113172285 0.11260707 0.98717356 0.52171075 0.60668015 0.5997975 0.8549012 0.33043456 0.39994618 -0.56434375 -0.6418904 0.519127 0.7375314 0.0336058 0.67447615 0.18737136 -0.055120304 0.98074144 0.76167065 0.60929793 0.22048557 0.33181763 0.7028232 0.6292349 -0.56434375 -0.6418904 0.519127 0.18737136 -0.055120304 0.98074144 0.099633686 0.6250788 0.7741768 0.20706905 0.68584377 0.6976681 -0.99809 -0.017868098 -0.059135523 -0.5055566 -0.6280638 0.59156436 -0.47808135 -0.31221712 0.82094985 0.6228382 -0.29596743 0.72420704 -0.26734266 0.50192577 0.822556 0.6113155 0.5989642 0.51723814 -0.082037136 0.97984254 0.18214957 -0.47808135 -0.31221712 0.82094985 -0.26734266 0.50192577 0.822556 -0.99809 -0.017868098 -0.059135523 -0.8363287 0.547942 -0.017716775 -0.88016564 -0.36779425 0.30005977 -0.9073776 0.117430344 0.40357903 -0.8570544 0.36389533 -0.36474368 -0.64271 0.4835537 0.59422195 0.7988889 -0.5056386 0.3257393 0.95209116 0.17680722 0.24952284 0.28892538 -0.49397448 0.8200679 0.06248967 0.6346953 0.7702317 0.3342131 -0.050125625 0.94116366 -0.39268324 0.8564643 0.33506528 0.7988889 -0.5056386 0.3257393 0.4803852 0.6288837 -0.611339 0.95209116 0.17680722 0.24952284 0.39241365 0.91893154 0.039702956 0.06248967 0.6346953 0.7702317 -0.39268324 0.8564643 0.33506528 -0.88016564 -0.36779425 0.30005977 -0.3338835 -0.22325769 0.91579354 -0.9073776 0.117430344 0.40357903 -0.64271 0.4835537 0.59422195 -0.054733183 0.38265136 0.9222701 0.32968608 0.28485793 0.9000906 0.31272468 0.56306684 0.7649569 0.5748392 0.8181467 -0.013996152 -0.58229035 0.163175 0.796437 -0.72992563 0.07252863 0.67966765 -0.7401767 -0.19603986 0.6432005 -0.70116425 -0.020187892 0.71271396 -0.26352006 -0.40564615 0.87521905 -0.9545782 -0.29261866 0.056167264 0.1542407 -0.947569 0.279862 -0.48817927 -0.49147266 -0.7212043 -0.12306198 0.97975314 -0.15792266 -0.5236049 0.7485059 -0.4069113 -0.25768998 0.6397075 -0.7241341 0.013664343 0.5260465 -0.850346 -0.3257651 -0.66697544 0.6700902 0.8354341 -0.2000395 0.5118926 0.35308996 0.08682223 0.9315521 0.8224134 0.56777364 0.035628203 -0.30498615 -0.26844394 0.9137403 -0.3257651 -0.66697544 0.6700902 -0.25982204 -0.056625318 0.96399486 0.35308996 0.08682223 0.9315521 0.58581626 0.7968868 0.1476169 0.8224134 0.56777364 0.035628203 -0.87934333 0.36679697 0.30366978 -0.95105 0.18247111 0.24941587 -0.70116425 -0.020187892 0.71271396 -0.48817927 -0.49147266 -0.7212043 -0.26352006 -0.40564615 0.87521905 0.1542407 -0.947569 0.279862 -0.8993303 0.026027367 -0.43649456 -0.85911524 -0.2174059 -0.46330947 -0.7625396 0.2322996 -0.60379654 0.91622746 0.13000225 0.37898108 0.7444185 0.3099952 -0.5913916 -0.13678704 0.9014473 0.41070923 0.81823856 0.043591943 -0.5732237 0.69311655 -0.71227264 0.11071209 0.5723969 0.3979941 0.7169118 0.4238859 -0.17614816 -0.88842136 0.6946165 -0.6141149 -0.37466094 0.8711972 -0.037319165 0.48951265 -0.4726348 -0.061080225 -0.87913907 -0.33602387 -0.8547402 -0.3956098 0.43561363 -0.21565291 -0.87391907 0.6759506 -0.29860866 0.6737386 0.9905223 -0.10796409 0.08490775 0.9930455 -0.097700715 0.06568975 0.9905223 -0.10796409 0.08490775 0.5723969 0.3979941 0.7169118 0.5178905 0.84977156 0.09837562 0.32019085 0.9392272 -0.12381451 0.3671431 0.47211945 -0.80144197 -0.16615212 0.5358763 -0.82778627 0.8497733 -0.33023927 0.4108861 0.7369339 -0.6662612 0.11412478 0.8711972 -0.037319165 0.48951265 0.005862676 -0.3878437 0.9217065 0.61534655 -0.60934883 -0.5000426 -0.10346055 -0.8951247 0.4336447 0.8763416 -0.38321677 0.2918395 0.8495268 -0.1596674 -0.5028026 0.69648844 -0.27256852 0.6637848 0.81823856 0.043591943 -0.5732237 0.4238859 -0.17614816 -0.88842136 0.8999558 -0.21188162 -0.38103238 0.3671431 0.47211945 -0.80144197 0.32019085 0.9392272 -0.12381451 0.81823856 0.043591943 -0.5732237 0.7031096 -0.69092906 -0.16808897 0.7031096 -0.69092906 -0.16808897 0.7031096 -0.69092906 -0.16808897 -0.48817927 -0.49147266 -0.7212043 -0.89720553 -0.43778673 0.05800836 -0.26352006 -0.40564615 0.87521905 0.81823856 0.043591943 -0.5732237 0.8999558 -0.21188162 -0.38103238 0.81417984 -0.10298265 -0.57140684 0.4238859 -0.17614816 -0.88842136 0.81823856 0.043591943 -0.5732237 0.7107361 0.54591995 -0.4436503 0.28864875 0.8294739 0.47817877 0.31272468 0.56306684 0.7649569 0.5748392 0.8181467 -0.013996152 0.5748392 0.8181467 -0.013996152 -0.12306198 0.97975314 -0.15792266 0.31221324 0.9440772 -0.10602429 -0.72992563 0.07252863 0.67966765 -0.21860869 0.23880365 0.9461411 -0.9903163 -0.009785798 0.13848454 -0.49956506 0.52324736 0.69039625 -0.49956506 0.52324736 0.69039625 -0.49956506 0.52324736 0.69039625 -0.67563725 0.48083693 -0.5588472 -0.67563725 0.48083693 -0.5588472 -0.67563725 0.48083693 -0.5588472 0.021490118 0.9995156 -0.022511877 0.28864875 0.8294739 0.47817877 -0.12306198 0.97975314 -0.15792266 0.28864875 0.8294739 0.47817877 0.8442176 0.53178906 -0.06705998 0.31272468 0.56306684 0.7649569 -0.8363287 0.547942 -0.017716775 -0.26734266 0.50192577 0.822556 -0.082037136 0.97984254 0.18214957 0.300784 0.90616614 0.2973078 -0.6133671 -0.146102 -0.77616686 -0.90912974 0.14741985 0.3895516 -0.2830902 -0.3766056 0.88205904 -0.2830902 -0.3766056 0.88205904 -0.2830902 -0.3766056 0.88205904 0.15627001 -0.9565903 -0.24599744 0.15627001 -0.9565903 -0.24599744 0.15627001 -0.9565903 -0.24599744 0.501552 0.59765965 -0.6254986 0.501552 0.59765965 -0.6254986 0.501552 0.59765965 -0.6254986 0.16805196 0.94453186 -0.2821669 0.16805196 0.94453186 -0.2821669 0.16805196 0.94453186 -0.2821669 -0.87934333 0.36679697 0.30366978 -0.7625396 0.2322996 -0.60379654 -0.95105 0.18247111 0.24941587 -0.7625396 0.2322996 -0.60379654 -0.87934333 0.36679697 0.30366978 -0.5080434 0.10048054 -0.8554505 0.33181763 0.7028232 0.6292349 0.20706905 0.68584377 0.6976681 0.18737136 -0.055120304 0.98074144 -0.15804012 -0.9317045 -0.32703206 -0.15804012 -0.9317045 -0.32703206 -0.15804012 -0.9317045 -0.32703206 0.14852904 -0.93965566 -0.3081986 0.14852904 -0.93965566 -0.3081986 0.14852904 -0.93965566 -0.3081986 0.8197104 -0.54044 0.18973525 0.8197104 -0.54044 0.18973525 0.8197104 -0.54044 0.18973525 0.20118243 -0.60231745 0.772489 0.20118243 -0.60231745 0.772489 0.20118243 -0.60231745 0.772489 -0.6313634 -0.023026895 -0.7751452 -0.6313634 -0.023026895 -0.7751452 -0.6313634 -0.023026895 -0.7751452 -0.2304734 0.46037564 0.85728425 -0.2304734 0.46037564 0.85728425 -0.2304734 0.46037564 0.85728425 -0.42758977 -0.8140499 0.39305177 -0.42758977 -0.8140499 0.39305177 -0.42758977 -0.8140499 0.39305177 0.43561363 -0.21565291 -0.87391907 0.8999558 -0.21188162 -0.38103238 0.63824713 -0.22915767 -0.7349336 0.2694512 -0.6568374 0.7042448 0.2694512 -0.6568374 0.7042448 0.2694512 -0.6568374 0.7042448 0.34385508 -0.15525067 0.92609984 0.34385508 -0.15525067 0.92609984 0.34385508 -0.15525067 0.92609984 0.22243579 0.94576 -0.23677067 0.22243579 0.94576 -0.23677067 0.22243579 0.94576 -0.23677067 0.88123566 -0.19981968 0.42836416 0.7521205 0.008699773 0.65896815 0.43918893 0.08011894 0.8948151 0.23219368 0.068179734 0.9702771 -0.740325 0.37509158 0.5578757 0.15620296 -0.13127244 0.97896284 0.59770614 -0.71391404 0.36479333 0.59770614 -0.71391404 0.36479333 0.59770614 -0.71391404 0.36479333 -0.9880192 0.1183235 0.09908339 -0.9880192 0.1183235 0.09908339 -0.9880192 0.1183235 0.09908339 0.5843193 0.34345922 -0.73525965 0.5843193 0.34345922 -0.73525965 0.5843193 0.34345922 -0.73525965 -0.8554164 -0.44148394 0.27084067 -0.8554164 -0.44148394 0.27084067 -0.8554164 -0.44148394 0.27084067 -0.49417645 0.5200521 -0.6966602 -0.49417645 0.5200521 -0.6966602 -0.49417645 0.5200521 -0.6966602 -0.87934333 0.36679697 0.30366978 0.021490118 0.9995156 -0.022511877 -0.76621497 0.5871477 0.26109803 -0.34386495 -0.93024236 0.12808624 -0.34386495 -0.93024236 0.12808624 -0.34386495 -0.93024236 0.12808624 -0.26551512 0.4703775 0.84157395 -0.26551512 0.4703775 0.84157395 -0.26551512 0.4703775 0.84157395 -0.054632206 0.2208556 -0.9737752 -0.054632206 0.2208556 -0.9737752 -0.054632206 0.2208556 -0.9737752 -0.15606315 0.46964476 -0.8689523 -0.15606315 0.46964476 -0.8689523 -0.15606315 0.46964476 -0.8689523 -0.11703624 -0.8796174 0.46105942 -0.11703624 -0.8796174 0.46105942 -0.11703624 -0.8796174 0.46105942 -0.7554215 0.59578174 0.27273145 -0.7554215 0.59578174 0.27273145 -0.7554215 0.59578174 0.27273145 0.7831445 -0.011700511 -0.6217297 0.7831445 -0.011700511 -0.6217297 0.7831445 -0.011700511 -0.6217297 -0.5254545 -0.6488367 0.5503712 -0.5254545 -0.6488367 0.5503712 -0.5254545 -0.6488367 0.5503712 -0.8373115 0.40488786 -0.36738977 -0.8373115 0.40488786 -0.36738977 -0.8373115 0.40488786 -0.36738977 -0.9912872 0.08883229 -0.09725542 -0.9912872 0.08883229 -0.09725542 -0.9912872 0.08883229 -0.09725542 0.8476624 -0.37232623 -0.377944 0.8476624 -0.37232623 -0.377944 0.8476624 -0.37232623 -0.377944 -0.3302599 -0.26615366 0.90558857 -0.3302599 -0.26615366 0.90558857 -0.3302599 -0.26615366 0.90558857 -0.7864948 0.013753922 0.61744374 -0.7864948 0.013753922 0.61744374 -0.7864948 0.013753922 0.61744374 -0.71456015 0.2664112 -0.6468608 -0.71456015 0.2664112 -0.6468608 -0.71456015 0.2664112 -0.6468608 0.693716 -0.7174215 0.06375383 0.693716 -0.7174215 0.06375383 0.693716 -0.7174215 0.06375383 0.111500144 -0.99328566 0.030843114 -0.99106 -0.1332083 -0.00745662 0.08370209 -0.9961285 0.02686872 -0.99349594 -0.113459036 -0.009636644 0.9984471 0.036892273 0.04174149 0.111500144 -0.99328566 0.030843114 0.9983011 0.017411808 0.055603754 0.08370209 -0.9961285 0.02686872 -0.99349594 -0.113459036 -0.009636644 -0.99106 -0.1332083 -0.00745662 -0.060419776 0.9978848 0.023985423 -0.052400455 0.99857295 0.010310417 0.9983011 0.017411808 0.055603754 0.9984471 0.036892273 0.04174149 0.8268473 -0.4943756 -0.26817206 -0.1775887 -0.5165705 -0.8376259 0.74029833 0.65255326 -0.16165595 -0.26383945 0.6298729 -0.73051274 -0.8268473 0.4943756 0.26817206 -0.26383945 0.6298729 -0.73051274 -0.74029833 -0.65255326 0.16165595 -0.1775887 -0.5165705 -0.8376259 -0.74029833 -0.65255326 0.16165595 -0.1775887 -0.5165705 -0.8376259 0.26383945 -0.6298729 0.73051274 0.8268473 -0.4943756 -0.26817206 -0.8268473 0.4943756 0.26817206 -0.74029833 -0.65255326 0.16165595 0.1775887 0.5165705 0.8376259 0.26383945 -0.6298729 0.73051274 -0.26383945 0.6298729 -0.73051274 -0.8268473 0.4943756 0.26817206 0.74029833 0.65255326 -0.16165595 0.1775887 0.5165705 0.8376259 0.26383945 -0.6298729 0.73051274 0.8268473 -0.4943756 -0.26817206 0.1775887 0.5165705 0.8376259 0.74029833 0.65255326 -0.16165595 0.26383945 0.6298729 -0.73051274 0.1775887 -0.5165705 -0.8376259 -0.74029833 0.65255326 -0.16165595 -0.8268473 -0.4943756 -0.26817206 0.1775887 -0.5165705 -0.8376259 0.26383945 0.6298729 -0.73051274 0.74029833 -0.65255326 0.16165595 0.8268473 0.4943756 0.26817206 -0.8268473 -0.4943756 -0.26817206 0.1775887 -0.5165705 -0.8376259 -0.26383945 -0.6298729 0.73051274 0.74029833 -0.65255326 0.16165595 -0.26383945 -0.6298729 0.73051274 0.74029833 -0.65255326 0.16165595 -0.1775887 0.5165705 0.8376259 0.8268473 0.4943756 0.26817206 -0.1775887 0.5165705 0.8376259 0.8268473 0.4943756 0.26817206 -0.74029833 0.65255326 -0.16165595 0.26383945 0.6298729 -0.73051274 -0.74029833 0.65255326 -0.16165595 -0.8268473 -0.4943756 -0.26817206 -0.1775887 0.5165705 0.8376259 -0.26383945 -0.6298729 0.73051274 -0.6821652 -0.44916764 -0.5769741 -0.44905138 0.6818447 -0.5774432 0.4495581 -0.68177116 -0.5771357 0.68139625 0.4495034 -0.57762086 0.44905138 -0.6818447 0.5774432 0.6821652 0.44916764 0.5769741 -0.68139625 -0.4495034 0.57762086 -0.4495581 0.68177116 0.5771357 -0.68139625 -0.4495034 0.57762086 -0.6821652 -0.44916764 -0.5769741 0.44905138 -0.6818447 0.5774432 0.4495581 -0.68177116 -0.5771357 0.68139625 0.4495034 -0.57762086 0.6821652 0.44916764 0.5769741 0.4495581 -0.68177116 -0.5771357 0.44905138 -0.6818447 0.5774432 -0.6821652 -0.44916764 -0.5769741 -0.68139625 -0.4495034 0.57762086 -0.44905138 0.6818447 -0.5774432 -0.4495581 0.68177116 0.5771357 0.6821652 0.44916764 0.5769741 0.68139625 0.4495034 -0.57762086 -0.4495581 0.68177116 0.5771357 -0.44905138 0.6818447 -0.5774432 0.08392493 0.44538665 0.8913963 0.47443596 0.37597108 0.7959625 0.080063544 0.4377012 0.8955487 0.41565406 0.37879938 0.82688737 0.8753104 0.18874642 0.4452038 0.86275643 0.2036791 0.46278086 0.47443596 0.37597108 0.7959625 0.41565406 0.37879938 0.82688737 0.8753104 0.18874642 0.4452038 0.99434745 0.104176484 -0.020504788 0.86275643 0.2036791 0.46278086 0.9880588 0.13496305 -0.07432868 0.08392493 0.44538665 0.8913963 0.080063544 0.4377012 0.8955487 -0.078044266 0.44323567 0.89300126 -0.07029781 0.43172204 0.8992632 -0.078044266 0.44323567 0.89300126 -0.07029781 0.43172204 0.8992632 -0.45523867 0.32646683 0.8283581 -0.44949874 0.30473036 0.8396965 -0.8560781 0.14237623 0.49684933 -0.99143994 0.065141395 0.11315227 -0.98874545 0.04680888 0.14209644 -0.8560781 0.14237623 0.49684933 -0.860827 0.1601428 0.48304364 -0.8560781 0.14237623 0.49684933 -0.860827 0.1601428 0.48304364 -0.45523867 0.32646683 0.8283581 0 0.06177159 0.9980903 0.23454706 0.034475055 0.97149324 0 0.05982566 0.9982088 0.3746563 0.14764152 0.9153331 0.96736586 0.16819744 0.18950707 0.3746563 0.14764152 0.9153331 0.18217506 0.7807122 0.5977464 -0.010304186 0.4430864 0.8964197 -0.010304186 0.4430864 0.8964197 0.3746563 0.14764152 0.9153331 0.27906758 -0.2582896 0.9248826 0.23454706 0.034475055 0.97149324 0.621613 -0.14326696 0.77011156 0.5015023 -0.81325734 -0.29514065 0.5280006 -0.7870925 0.31890553 0.39066538 -0.6265596 -0.67439127 0.27906758 -0.2582896 0.9248826 0.5280006 -0.7870925 0.31890553 0.6332544 0.10059385 0.76737845 0.27906758 -0.2582896 0.9248826 -0.077194795 0.37192252 0.9250484 -0.010304186 0.4430864 0.8964197 0.15669535 0.8461958 0.5093125 0.18217506 0.7807122 0.5977464 0.4462676 0.8948801 0.005899554 0.4046695 -0.18507442 -0.895539 0 -0.08328848 -0.99652547 0 0.25836766 -0.9660467 -0.4046695 -0.18507442 -0.895539 -0.39066538 -0.6265596 -0.67439127 -0.69733024 -0.71491104 -0.05131036 -0.27906758 -0.2582896 0.9248826 -0.621613 -0.14326696 0.77011156 0.4462676 0.8948801 0.005899554 0.25479144 0.63794976 -0.7267059 0.4588722 0.45164424 -0.76514953 0.18687415 -0.043029986 -0.981441 0 0.25836766 -0.9660467 0.39066538 -0.6265596 -0.67439127 0.4046695 -0.18507442 -0.895539 0.69733024 -0.71491104 -0.05131036 0.58265 -0.80354214 -0.12181536 0.621613 -0.14326696 0.77011156 0.3746563 0.14764152 0.9153331 0.96736586 0.16819744 0.18950707 0.81069744 -0.3395772 -0.4769245 0.8566877 -0.2572794 -0.44709447 0.39066538 -0.6265596 -0.67439127 0.27906758 -0.2582896 0.9248826 0.69733024 -0.71491104 -0.05131036 0.621613 -0.14326696 0.77011156 0.96736586 0.16819744 0.18950707 0.4588722 0.45164424 -0.76514953 0.82588845 -0.43906793 -0.35373378 0 -0.4621192 -0.8868178 0.8566877 -0.2572794 -0.44709447 0.96736586 0.16819744 0.18950707 0.7649415 -0.53835225 -0.3536119 0.82588845 -0.43906793 -0.35373378 0.29719183 0.75863457 -0.5797849 0.15669535 0.8461958 0.5093125 0.59718823 0.750934 -0.28189418 0.66255105 0.7001567 0.26609534 0.66255105 0.7001567 0.26609534 0.15669535 0.8461958 0.5093125 0.6332544 0.10059385 0.76737845 -0.077194795 0.37192252 0.9250484 0.57577026 -0.009768328 -0.81755316 0.11776912 0.02362769 -0.9927599 0.59718823 0.750934 -0.28189418 0.29719183 0.75863457 -0.5797849 0.57577026 -0.009768328 -0.81755316 0.5015023 -0.81325734 -0.29514065 0.11776912 0.02362769 -0.9927599 0.39066538 -0.6265596 -0.67439127 0.18687415 -0.043029986 -0.981441 0 0.06177159 0.9980903 0 0.055931754 0.9984346 0.23454706 0.034475055 0.97149324 0.63808954 0.04041937 0.7689005 0.621613 -0.14326696 0.77011156 0.9773789 0.031430423 -0.20914741 0.58265 -0.80354214 -0.12181536 0.4046695 -0.18507442 -0.895539 0.4588722 0.45164424 -0.76514953 0 0.25836766 -0.9660467 0 -0.053983826 -0.99854183 -0.4583184 0.45082542 -0.76596385 0.11776912 0.02362769 -0.9927599 0.18687415 -0.043029986 -0.981441 0.29719183 0.75863457 -0.5797849 0.25479144 0.63794976 -0.7267059 0.4462676 0.8948801 0.005899554 0.18217506 0.7807122 0.5977464 0.4462676 0.8948801 0.005899554 0.96736586 0.16819744 0.18950707 0.4588722 0.45164424 -0.76514953 0 -0.08328848 -0.99652547 0.4046695 -0.18507442 -0.895539 0 0.059335932 -0.9982381 0.9773789 0.031430423 -0.20914741 -0.9773789 0.031430423 -0.20914741 -0.63808954 0.04041937 0.7689005 -0.621613 -0.14326696 0.77011156 -0.23454706 0.034475055 0.97149324 -0.3746563 0.14764152 0.9153331 -0.23454706 0.034475055 0.97149324 0 0.05982566 0.9982088 0 0.06177159 0.9980903 0.010304186 0.4430864 0.8964197 -0.3746563 0.14764152 0.9153331 -0.18217506 0.7807122 0.5977464 -0.96736586 0.16819744 0.18950707 0.010304186 0.4430864 0.8964197 -0.27906758 -0.2582896 0.9248826 -0.3746563 0.14764152 0.9153331 -0.23454706 0.034475055 0.97149324 -0.5015023 -0.81325734 -0.29514065 -0.39066538 -0.6265596 -0.67439127 -0.5280006 -0.7870925 0.31890553 -0.27906758 -0.2582896 0.9248826 -0.6332544 0.10059385 0.76737845 0.077194795 0.37192252 0.9250484 0.010304186 0.4430864 0.8964197 -0.18217506 0.7807122 0.5977464 -0.15669535 0.8461958 0.5093125 -0.4462676 0.8948801 0.005899554 -0.29719183 0.75863457 -0.5797849 -0.39066538 -0.6265596 -0.67439127 -0.11776912 0.02362769 -0.9927599 -0.18687415 -0.043029986 -0.981441 -0.29719183 0.75863457 -0.5797849 -0.25479144 0.63794976 -0.7267059 -0.4462676 0.8948801 0.005899554 -0.3746563 0.14764152 0.9153331 -0.81069744 -0.3395772 -0.4769245 -0.96736586 0.16819744 0.18950707 -0.8566877 -0.2572794 -0.44709447 -0.7649415 -0.53835225 -0.3536119 -0.7649415 -0.53835225 -0.3536119 -0.82588845 -0.43906793 -0.35373378 -0.96736586 0.16819744 0.18950707 -0.4583184 0.45082542 -0.76596385 -0.66255105 0.7001567 0.26609534 -0.15669535 0.8461958 0.5093125 -0.59718823 0.750934 -0.28189418 -0.29719183 0.75863457 -0.5797849 0.077194795 0.37192252 0.9250484 -0.15669535 0.8461958 0.5093125 -0.6332544 0.10059385 0.76737845 -0.66255105 0.7001567 0.26609534 -0.29719183 0.75863457 -0.5797849 -0.11776912 0.02362769 -0.9927599 -0.59718823 0.750934 -0.28189418 -0.57577026 -0.009768328 -0.81755316 -0.57577026 -0.009768328 -0.81755316 -0.11776912 0.02362769 -0.9927599 -0.5015023 -0.81325734 -0.29514065 -0.39066538 -0.6265596 -0.67439127 -0.27906758 -0.2582896 0.9248826 0.010304186 0.4430864 0.8964197 0.077194795 0.37192252 0.9250484 -0.15669535 0.8461958 0.5093125 0 0.06177159 0.9980903 -0.23454706 0.034475055 0.97149324 0 0.055931754 0.9984346 -0.63808954 0.04041937 0.7689005 -0.4583184 0.45082542 -0.76596385 0 0.25836766 -0.9660467 -0.18687415 -0.043029986 -0.981441 -0.39066538 -0.6265596 -0.67439127 -0.18217506 0.7807122 0.5977464 -0.96736586 0.16819744 0.18950707 -0.4462676 0.8948801 0.005899554 -0.4583184 0.45082542 -0.76596385 -0.25479144 0.63794976 -0.7267059 -0.18687415 -0.043029986 -0.981441 0 -0.08328848 -0.99652547 0 0.059335932 -0.9982381 -0.4046695 -0.18507442 -0.895539 -0.9773789 0.031430423 -0.20914741 -0.58265 -0.80354214 -0.12181536 -0.621613 -0.14326696 0.77011156 -0.4046695 -0.18507442 -0.895539 -0.58265 -0.80354214 -0.12181536 -0.69733024 -0.71491104 -0.05131036 -0.621613 -0.14326696 0.77011156 0.5280006 -0.7870925 0.31890553 0.5015023 -0.81325734 -0.29514065 0.9934564 -0.11402757 0.0064875754 0.57577026 -0.009768328 -0.81755316 0.59718823 0.750934 -0.28189418 0.5280006 -0.7870925 0.31890553 0.9934564 -0.11402757 0.0064875754 0.6332544 0.10059385 0.76737845 0.66255105 0.7001567 0.26609534 -0.5015023 -0.81325734 -0.29514065 -0.5280006 -0.7870925 0.31890553 -0.9934564 -0.11402757 0.0064875754 -0.6332544 0.10059385 0.76737845 -0.66255105 0.7001567 0.26609534 -0.66255105 0.7001567 0.26609534 -0.59718823 0.750934 -0.28189418 -0.9934564 -0.11402757 0.0064875754 -0.57577026 -0.009768328 -0.81755316 -0.5015023 -0.81325734 -0.29514065 0.4588722 0.45164424 -0.76514953 0 -0.053983826 -0.99854183 0 -0.4621192 -0.8868178 -0.4583184 0.45082542 -0.76596385 -0.82588845 -0.43906793 -0.35373378 -0.017623672 0.17339815 0.9846941 -0.009886985 0.7486971 0.6628385 0.94769484 -0.22513731 0.22624701 0.98377675 -0.17717732 0.028132789 0.5665473 -0.2736346 -0.7772698 -0.037145082 -0.030913254 -0.9988316 -0.6032885 -0.38363132 -0.6991924 -0.9117465 -0.34811145 0.21802908 -0.96877104 -0.03158506 0.24593708 -0.967153 -0.2514955 0.036946513 -0.009886985 0.7486971 0.6628385 -0.9117465 -0.34811145 0.21802908 -0.017623672 0.17339815 0.9846941 -0.006203085 0.04907476 0.99877584 0.94769484 -0.22513731 0.22624701 0.96392876 0.13060062 0.2319156 0 0.055931754 0.9984346 0.5861618 0.04435118 0.8089792 0.63808954 0.04041937 0.7689005 0.9773789 0.031430423 -0.20914741 0.98718154 0.124785036 0.099505454 0.67506874 0.081054494 -0.7332887 0.97048724 0.20513608 -0.12678204 0.34569076 0.14130445 -0.92764807 0.56968695 0.29127288 -0.76851606 0 0.2839234 -0.958847 0 -0.6077011 0.79416585 -0.9615332 -0.15312478 0.22804989 0.21500987 -0.2407933 0.9464615 -0.02230353 0.016730294 0.99961126 0.98358595 0.106504545 0.14565544 0.96392876 0.13060062 0.2319156 -0.58043337 -0.0021480354 -0.8143049 -0.9615332 -0.15312478 0.22804989 0.031232877 -0.47451562 -0.8796928 0 -0.7690342 -0.6392076 0 -0.11056345 -0.99386907 -0.031232877 -0.47451562 -0.8796928 -0.34569076 0.14130445 -0.92764807 -0.67506874 0.081054494 -0.7332887 -0.97048724 0.20513608 -0.12678204 -0.98718154 0.124785036 0.099505454 0.7556483 -0.62573004 -0.19353944 -0.0292336 -0.52894473 -0.84815264 0.98377675 -0.17717732 0.028132789 -0.037145082 -0.030913254 -0.9988316 -0.0292336 -0.52894473 -0.84815264 -0.7195486 -0.66221786 -0.2090869 -0.037145082 -0.030913254 -0.9988316 -0.967153 -0.2514955 0.036946513 -0.967153 -0.2514955 0.036946513 -0.7195486 -0.66221786 -0.2090869 -0.81551874 0.53024226 0.23188856 -0.79061496 -0.5082379 0.34149992 -0.015573942 -0.46157965 0.88696206 -0.015573942 -0.46157965 0.88696206 -0.015713237 0.5787375 0.8153625 -0.81551874 0.53024226 0.23188856 -0.009886985 0.7486971 0.6628385 -0.967153 -0.2514955 0.036946513 0.7738164 -0.52004635 0.36160743 0.7556483 -0.62573004 -0.19353944 0.78912014 0.54922146 0.2750367 0.98377675 -0.17717732 0.028132789 0.7556483 -0.62573004 -0.19353944 0.7738164 -0.52004635 0.36160743 0.00015440145 -0.9999998 -0.0005367735 -0.015573942 -0.46157965 0.88696206 0.4827522 -0.061829437 0.87357163 0.5861618 0.04435118 0.8089792 0 -0.5396602 0.84188294 0 -0.04560557 0.99895954 -0.5861618 0.04435118 0.8089792 -0.574004 0.030444106 -0.81828636 -0.5971001 -0.020637978 -0.8019012 0.51414686 -0.00078101427 -0.8577018 0.51576483 -0.029005587 -0.8562391 0.96392876 0.13060062 0.2319156 -0.0292336 -0.52894473 -0.84815264 0.7556483 -0.62573004 -0.19353944 -0.7195486 -0.66221786 -0.2090869 0.00015440145 -0.9999998 -0.0005367735 -0.79061496 -0.5082379 0.34149992 -0.015573942 -0.46157965 0.88696206 0.031232877 -0.47451562 -0.8796928 0.67506874 0.081054494 -0.7332887 -0.58043337 -0.0021480354 -0.8143049 0.5649849 0.06136042 -0.8228165 0.51576483 -0.029005587 -0.8562391 0.96392876 0.13060062 0.2319156 -0.015573942 -0.46157965 0.88696206 0.7738164 -0.52004635 0.36160743 -0.015713237 0.5787375 0.8153625 0.78912014 0.54922146 0.2750367 -0.009886985 0.7486971 0.6628385 0.98377675 -0.17717732 0.028132789 0.97048724 0.20513608 -0.12678204 0.5861618 0.04435118 0.8089792 0.98718154 0.124785036 0.099505454 0.4827522 -0.061829437 0.87357163 0.21500987 -0.2407933 0.9464615 0 -0.5396602 0.84188294 0 -0.6077011 0.79416585 -0.21294297 -0.24650578 0.94545764 0.9615332 -0.15312478 0.22804989 0.02230353 0.016730294 0.99961126 0.96877104 -0.03158506 0.24593708 -0.006203085 0.04907476 0.99877584 0.96392876 0.13060062 0.2319156 -0.02156435 0.004073205 0.99975914 -0.02230353 0.016730294 0.99961126 -0.96877104 -0.03158506 0.24593708 -0.9615332 -0.15312478 0.22804989 0 -0.6077011 0.79416585 0 -0.7690342 -0.6392076 0.9615332 -0.15312478 0.22804989 -0.031232877 -0.47451562 -0.8796928 0.58043337 -0.0021480354 -0.8143049 -0.63808954 0.04041937 0.7689005 -0.5861618 0.04435118 0.8089792 0 0.055931754 0.9984346 0 -0.04560557 0.99895954 0.5861618 0.04435118 0.8089792 -0.97048724 0.20513608 -0.12678204 -0.5861618 0.04435118 0.8089792 -0.9773789 0.031430423 -0.20914741 -0.63808954 0.04041937 0.7689005 0.96392876 0.13060062 0.2319156 0.5649849 0.06136042 -0.8228165 0.98358595 0.106504545 0.14565544 0.67506874 0.081054494 -0.7332887 0.98718154 0.124785036 0.099505454 -0.96877104 -0.03158506 0.24593708 -0.9615332 -0.15312478 0.22804989 -0.5971001 -0.020637978 -0.8019012 -0.58043337 -0.0021480354 -0.8143049 0.67506874 0.081054494 -0.7332887 0.031232877 -0.47451562 -0.8796928 0.34569076 0.14130445 -0.92764807 0 -0.11056345 -0.99386907 0 0.2839234 -0.958847 -0.34569076 0.14130445 -0.92764807 -0.56968695 0.29127288 -0.76851606 -0.97048724 0.20513608 -0.12678204 0.51414686 -0.00078101427 -0.8577018 0.96392876 0.13060062 0.2319156 0.5665473 -0.2736346 -0.7772698 0.94769484 -0.22513731 0.22624701 0.51414686 -0.00078101427 -0.8577018 0.5665473 -0.2736346 -0.7772698 -0.574004 0.030444106 -0.81828636 -0.6032885 -0.38363132 -0.6991924 -0.96877104 -0.03158506 0.24593708 0.97048724 0.20513608 -0.12678204 0.56968695 0.29127288 -0.76851606 0.9773789 0.031430423 -0.20914741 0 0.059335932 -0.9982381 0.56968695 0.29127288 -0.76851606 0 0.2839234 -0.958847 0 0.059335932 -0.9982381 -0.56968695 0.29127288 -0.76851606 -0.9773789 0.031430423 -0.20914741 -0.97048724 0.20513608 -0.12678204 0.967153 -0.2514955 0.036946513 0.9117465 -0.34811145 0.21802908 0.009886985 0.7486971 0.6628385 0.017623672 0.17339815 0.9846941 -0.94769484 -0.22513731 0.22624701 0.006203085 0.04907476 0.99877584 -0.96392876 0.13060062 0.2319156 0.7195486 -0.66221786 -0.2090869 0.81551874 0.53024226 0.23188856 0.79061496 -0.5082379 0.34149992 0.015573942 -0.46157965 0.88696206 0.574004 0.030444106 -0.81828636 -0.51414686 -0.00078101427 -0.8577018 0.5971001 -0.020637978 -0.8019012 -0.51576483 -0.029005587 -0.8562391 0.0292336 -0.52894473 -0.84815264 0.7195486 -0.66221786 -0.2090869 -0.7556483 -0.62573004 -0.19353944 -0.00015440145 -0.9999998 -0.0005367735 -0.7738164 -0.52004635 0.36160743 0.015573942 -0.46157965 0.88696206 -0.031232877 -0.47451562 -0.8796928 0.58043337 -0.0021480354 -0.8143049 -0.67506874 0.081054494 -0.7332887 -0.5649849 0.06136042 -0.8228165 -0.98358595 0.106504545 0.14565544 -0.96392876 0.13060062 0.2319156 0.7195486 -0.66221786 -0.2090869 0.79061496 -0.5082379 0.34149992 -0.00015440145 -0.9999998 -0.0005367735 0.015573942 -0.46157965 0.88696206 0.015573942 -0.46157965 0.88696206 0.015713237 0.5787375 0.8153625 -0.7738164 -0.52004635 0.36160743 -0.78912014 0.54922146 0.2750367 -0.7556483 -0.62573004 -0.19353944 -0.98377675 -0.17717732 0.028132789 0.0292336 -0.52894473 -0.84815264 0.037145082 -0.030913254 -0.9988316 0.7195486 -0.66221786 -0.2090869 0.967153 -0.2514955 0.036946513 0.81551874 0.53024226 0.23188856 0.009886985 0.7486971 0.6628385 0.015713237 0.5787375 0.8153625 -0.78912014 0.54922146 0.2750367 0.96877104 -0.03158506 0.24593708 0.006203085 0.04907476 0.99877584 0.9117465 -0.34811145 0.21802908 0.017623672 0.17339815 0.9846941 -0.96392876 0.13060062 0.2319156 0.006203085 0.04907476 0.99877584 0.02156435 0.004073205 0.99975914 0.96877104 -0.03158506 0.24593708 0.02230353 0.016730294 0.99961126 -0.96392876 0.13060062 0.2319156 -0.5649849 0.06136042 -0.8228165 -0.51576483 -0.029005587 -0.8562391 0.58043337 -0.0021480354 -0.8143049 0.5971001 -0.020637978 -0.8019012 0.96877104 -0.03158506 0.24593708 0.5971001 -0.020637978 -0.8019012 0.9615332 -0.15312478 0.22804989 0.58043337 -0.0021480354 -0.8143049 -0.96392876 0.13060062 0.2319156 0.02230353 0.016730294 0.99961126 -0.98358595 0.106504545 0.14565544 -0.21294297 -0.24650578 0.94545764 -0.98718154 0.124785036 0.099505454 -0.4842795 -0.06761172 0.872297 -0.5861618 0.04435118 0.8089792 0 -0.5396602 0.84188294 0.009886985 0.7486971 0.6628385 -0.94769484 -0.22513731 0.22624701 -0.98377675 -0.17717732 0.028132789 -0.5665473 -0.2736346 -0.7772698 0.037145082 -0.030913254 -0.9988316 0.6032885 -0.38363132 -0.6991924 0.9117465 -0.34811145 0.21802908 0.96877104 -0.03158506 0.24593708 -0.94769484 -0.22513731 0.22624701 -0.96392876 0.13060062 0.2319156 -0.5665473 -0.2736346 -0.7772698 -0.51414686 -0.00078101427 -0.8577018 0.6032885 -0.38363132 -0.6991924 0.574004 0.030444106 -0.81828636 0.96877104 -0.03158506 0.24593708 0.5971001 -0.020637978 -0.8019012 -0.51414686 -0.00078101427 -0.8577018 0.574004 0.030444106 -0.81828636 -0.5665473 -0.2736346 -0.7772698 0.6032885 -0.38363132 -0.6991924 0.4462676 0.8948801 0.005899554 0.15669535 0.8461958 0.5093125 0.29719183 0.75863457 -0.5797849 0.59718823 0.750934 -0.28189418 0.66255105 0.7001567 0.26609534 0.9934564 -0.11402757 0.0064875754 -0.27906758 -0.2582896 0.9248826 -0.621613 -0.14326696 0.77011156 -0.23454706 0.034475055 0.97149324 -0.006203085 0.04907476 0.99877584 -0.96877104 -0.03158506 0.24593708 -0.9117465 -0.34811145 0.21802908 0.21500987 -0.2407933 0.9464615 0.98358595 0.106504545 0.14565544 0.98718154 0.124785036 0.099505454 -0.96877104 -0.03158506 0.24593708 -0.006203085 0.04907476 0.99877584 -0.02156435 0.004073205 0.99975914 -0.9615332 -0.15312478 0.22804989 -0.96877104 -0.03158506 0.24593708 -0.02230353 0.016730294 0.99961126 0.51576483 -0.029005587 -0.8562391 -0.5971001 -0.020637978 -0.8019012 -0.58043337 -0.0021480354 -0.8143049 -0.037145082 -0.030913254 -0.9988316 -0.967153 -0.2514955 0.036946513 -0.9117465 -0.34811145 0.21802908 -0.574004 0.030444106 -0.81828636 -0.96877104 -0.03158506 0.24593708 -0.5971001 -0.020637978 -0.8019012 0.81551874 0.53024226 0.23188856 0.015713237 0.5787375 0.8153625 0.015573942 -0.46157965 0.88696206 -0.78912014 0.54922146 0.2750367 0.009886985 0.7486971 0.6628385 -0.98377675 -0.17717732 0.028132789 -0.4842795 -0.06761172 0.872297 -0.21294297 -0.24650578 0.94545764 0 -0.5396602 0.84188294 0.02230353 0.016730294 0.99961126 -0.96392876 0.13060062 0.2319156 0.02156435 0.004073205 0.99975914 -0.51576483 -0.029005587 -0.8562391 -0.51414686 -0.00078101427 -0.8577018 -0.96392876 0.13060062 0.2319156 0.9117465 -0.34811145 0.21802908 0.967153 -0.2514955 0.036946513 0.037145082 -0.030913254 -0.9988316 -0.98358595 0.106504545 0.14565544 -0.98718154 0.124785036 0.099505454 -0.67506874 0.081054494 -0.7332887 -0.5861618 0.04435118 0.8089792 -0.97048724 0.20513608 -0.12678204 -0.98718154 0.124785036 0.099505454 0.5861618 0.04435118 0.8089792 0.97048724 0.20513608 -0.12678204 0.9773789 0.031430423 -0.20914741 0.17395385 0.587771 0.7901046 0.023902036 0.8480899 0.529313 0 0.6735912 0.7391041 0 0.628406 0.77788556 -0.023902036 0.8480899 0.529313 -0.8110622 0.5592426 0.17153946 -0.70239073 0.70978737 -0.053377066 -0.72580093 -0.68787277 -0.0066379104 -0.38460454 0.18462065 0.9044305 0.7522621 0.5064467 0.42144206 0.7200763 -0.64961517 -0.24390627 0.9954751 0.037744015 -0.08720503 0.23517714 -0.96829855 -0.08419968 0.515535 0.21421689 0.82965946 -0.15733 0.9039659 0.39760903 -0.6036022 0.08556482 0.7926809 -0.8110622 0.5592426 0.17153946 -0.72580093 -0.68787277 -0.0066379104 -0.6036022 0.08556482 0.7926809 -0.72580093 -0.68787277 -0.0066379104 -0.46568894 -0.8662134 0.18113016 0.64038086 -0.72171825 0.2627452 0.515535 0.21421689 0.82965946 0.64038086 -0.72171825 0.2627452 -0.15733 0.9039659 0.39760903 0.015230824 -0.99986815 0.005628689 0.515535 0.21421689 0.82965946 -0.6036022 0.08556482 0.7926809 0.64038086 -0.72171825 0.2627452 -0.46568894 -0.8662134 0.18113016 0.48106438 -0.22064398 0.84846526 -0.009193005 0.85343367 0.52112037 -0.5901635 -0.23816435 0.7713525 -0.15733 0.9039659 0.39760903 0.015230824 -0.99986815 0.005628689 -0.036904454 -0.97573835 -0.2158073 -0.009193005 0.85343367 0.52112037 0.5948092 -0.79743284 -0.10150327 0.48106438 -0.22064398 0.84846526 -0.5901635 -0.23816435 0.7713525 0.015230824 -0.99986815 0.005628689 -0.53851134 -0.82203895 -0.18508771 0.5948092 -0.79743284 -0.10150327 0.48106438 -0.22064398 0.84846526 -0.5901635 -0.23816435 0.7713525 0.5948092 -0.79743284 -0.10150327 -0.53851134 -0.82203895 -0.18508771 -0.009193005 0.85343367 0.52112037 -0.60485446 -0.40763652 0.68409324 0.18547922 0.78417784 0.5921677 0.4086682 -0.50696254 0.758933 -0.25551683 -0.9517977 -0.1696828 0.46404856 -0.8073701 -0.36443442 -0.5977263 -0.6632068 -0.450422 -0.60485446 -0.40763652 0.68409324 -0.036904454 -0.97573835 -0.2158073 -0.009193005 0.85343367 0.52112037 0.4086682 -0.50696254 0.758933 -0.60485446 -0.40763652 0.68409324 0.46404856 -0.8073701 -0.36443442 -0.5977263 -0.6632068 -0.450422 -0.036904454 -0.97573835 -0.2158073 -0.25551683 -0.9517977 -0.1696828 -0.5977263 -0.6632068 -0.450422 0.46404856 -0.8073701 -0.36443442 0.39946604 -0.64270604 0.6537246 0.7522621 0.5064467 0.42144206 -0.6280819 -0.48501405 0.60850185 0.18547922 0.78417784 0.5921677 -0.25551683 -0.9517977 -0.1696828 0.7200763 -0.64961517 -0.24390627 0.7522621 0.5064467 0.42144206 0.50751585 -0.71396714 -0.48236775 0.39946604 -0.64270604 0.6537246 -0.6280819 -0.48501405 0.60850185 -0.25551683 -0.9517977 -0.1696828 -0.5686208 -0.54401606 -0.61702263 0.50751585 -0.71396714 -0.48236775 0.39946604 -0.64270604 0.6537246 -0.6280819 -0.48501405 0.60850185 0.50751585 -0.71396714 -0.48236775 -0.5686208 -0.54401606 -0.61702263 0.26109618 -0.05571666 -0.9637035 0.087583676 -0.010265012 -0.9961043 0.05972831 0.99447453 0.086330496 0.008207206 0.99472797 0.10221972 0.06579805 -0.0318897 0.9973233 -0.012667557 0.015839718 0.9997943 -0.012667557 0.015839718 0.9997943 0.0032727348 -0.9972426 0.07413781 0.06579805 -0.0318897 0.9973233 0.015579338 -0.99836457 0.05500475 -0.52809244 -0.06445075 0.84673756 0.35424808 -0.89941365 -0.25605348 0.015579338 -0.99836457 0.05500475 0.0032727348 -0.9972426 0.07413781 0.26109618 -0.05571666 -0.9637035 0.087583676 -0.010265012 -0.9961043 -0.81782496 -0.07733217 -0.5702474 0.081705466 -0.995751 0.042475376 0.23517714 -0.96829855 -0.08419968 0.9954751 0.037744015 -0.08720503 -0.72580093 -0.68787277 -0.0066379104 -0.38460454 0.18462065 0.9044305 0.015230824 -0.99986815 0.005628689 0.2898572 -0.817222 0.4981275 -0.036904454 -0.97573835 -0.2158073 0.212188 -0.94586253 0.24560201 -0.25551683 -0.9517977 -0.1696828 0.7200763 -0.64961517 -0.24390627 0.3426482 0.88964677 -0.3018622 0.05972831 0.99447453 0.086330496 -0.52809244 -0.06445075 0.84673756 0.06579805 -0.0318897 0.9973233 0.95615906 -0.023930665 -0.29186836 0.26109618 -0.05571666 -0.9637035 0.3426482 0.88964677 -0.3018622 0.05972831 0.99447453 0.086330496 0.95615906 -0.023930665 -0.29186836 0.35424808 -0.89941365 -0.25605348 0.26109618 -0.05571666 -0.9637035 0.015579338 -0.99836457 0.05500475 0.1865874 -0.96560276 -0.18109798 -0.38460454 0.18462065 0.9044305 0.69493824 -0.21083714 0.6874653 -0.5908431 0.121626414 0.797566 -0.75715804 0.63908917 0.1351915 -0.7792202 -0.36075896 -0.5125122 -0.4562917 -0.86908245 0.1910329 0.1865874 -0.96560276 -0.18109798 0.69493824 -0.21083714 0.6874653 0.44302773 0.88404274 0.14897954 0.78084654 0.6247077 0.0043602926 0.023902036 0.8480899 0.529313 0 0.628406 0.77788556 -0.75715804 0.63908917 0.1351915 -0.7758871 0.45250443 -0.4395896 -0.7792202 -0.36075896 -0.5125122 -0.81782496 -0.07733217 -0.5702474 0.1865874 -0.96560276 -0.18109798 0.23517714 -0.96829855 -0.08419968 0.18547922 0.78417784 0.5921677 -0.015177752 0.9926017 -0.12046388 -0.009193005 0.85343367 0.52112037 -0.70239073 0.70978737 -0.053377066 -0.15733 0.9039659 0.39760903 -0.8110622 0.5592426 0.17153946 0.9954751 0.037744015 -0.08720503 -0.015177752 0.9926017 -0.12046388 0.7522621 0.5064467 0.42144206 0.18547922 0.78417784 0.5921677 -0.70239073 0.70978737 -0.053377066 -0.7758871 0.45250443 -0.4395896 -0.38460454 0.18462065 0.9044305 -0.75715804 0.63908917 0.1351915 -0.81782496 -0.07733217 -0.5702474 -0.7758871 0.45250443 -0.4395896 -0.015177752 0.9926017 -0.12046388 -0.70239073 0.70978737 -0.053377066 -0.38460454 0.18462065 0.9044305 0.1865874 -0.96560276 -0.18109798 0.2898572 -0.817222 0.4981275 0.23517714 -0.96829855 -0.08419968 0.212188 -0.94586253 0.24560201 0.7200763 -0.64961517 -0.24390627 -0.38460454 0.18462065 0.9044305 -0.75715804 0.63908917 0.1351915 -0.5908431 0.121626414 0.797566 -0.4562917 -0.86908245 0.1910329 0.9954751 0.037744015 -0.08720503 0.99766576 0.025459755 0.06336313 -0.015177752 0.9926017 -0.12046388 -0.08026888 0.99545294 0.05128657 -0.81782496 -0.07733217 -0.5702474 -0.99253315 -0.12118066 0.013898825 0.081705466 -0.995751 0.042475376 -0.26109618 -0.05571666 -0.9637035 -0.05972831 0.99447453 0.086330496 -0.087583676 -0.010265012 -0.9961043 -0.008207206 0.99472797 0.10221972 0.012667557 0.015839718 0.9997943 -0.008207206 0.99472797 0.10221972 -0.06579805 -0.0318897 0.9973233 -0.05972831 0.99447453 0.086330496 0.53862673 -0.044119623 0.8413886 -0.34087333 0.89025474 -0.30207926 0.012667557 0.015839718 0.9997943 -0.06579805 -0.0318897 0.9973233 -0.0032727348 -0.9972426 0.07413781 -0.015579338 -0.99836457 0.05500475 -0.26109618 -0.05571666 -0.9637035 0.53862673 -0.044119623 0.8413886 0.82110894 -0.07111132 -0.56632435 -0.34769946 -0.8978495 -0.2701322 -0.22763391 -0.97131777 -0.06873604 -0.06579805 -0.0318897 0.9973233 0.53862673 -0.044119623 0.8413886 -0.015579338 -0.99836457 0.05500475 -0.34769946 -0.8978495 -0.2701322 -0.9526252 -0.017891137 -0.30361992 -0.34087333 0.89025474 -0.30207926 -0.26109618 -0.05571666 -0.9637035 -0.05972831 0.99447453 0.086330496 -0.9526252 -0.017891137 -0.30361992 -0.26109618 -0.05571666 -0.9637035 -0.34769946 -0.8978495 -0.2701322 -0.015579338 -0.99836457 0.05500475 -0.44204146 0.88462764 0.14843605 -0.023902036 0.8480899 0.529313 -0.78084654 0.6247077 0.0043602926 0 0.628406 0.77788556 -0.9989577 0.04517366 -0.0065444885 0 -0.31026477 0.95065016 0.53862673 -0.044119623 0.8413886 -0.34087333 0.89025474 -0.30207926 0.82110894 -0.07111132 -0.56632435 0.0073376936 0.9909543 -0.13399932 -0.99603355 0.04369809 -0.07750892 0.0073376936 0.9909543 -0.13399932 -0.9526252 -0.017891137 -0.30361992 -0.34087333 0.89025474 -0.30207926 -0.9526252 -0.017891137 -0.30361992 -0.34769946 -0.8978495 -0.2701322 -0.99603355 0.04369809 -0.07750892 -0.22763391 -0.97131777 -0.06873604 0.3426482 0.88964677 -0.3018622 -0.019034967 0.9992467 0.033818215 0.95615906 -0.023930665 -0.29186836 0.997779 0.03702094 0.055375583 0.09155778 -0.9944281 0.052249078 0.3426482 0.88964677 -0.3018622 -0.52809244 -0.06445075 0.84673756 -0.019034967 0.9992467 0.033818215 -0.9908547 -0.13282074 0.023784291 -0.9908547 -0.13282074 0.023784291 -0.52809244 -0.06445075 0.84673756 0.09155778 -0.9944281 0.052249078 0.35424808 -0.89941365 -0.25605348 0.95615906 -0.023930665 -0.29186836 0.8110622 0.5592426 0.17153946 0.72580093 -0.68787277 -0.0066379104 0.70239073 0.70978737 -0.053377066 0.38460454 0.18462065 0.9044305 0.7758871 0.45250443 -0.4395896 0.75715804 0.63908917 0.1351915 0.7792202 -0.36075896 -0.5125122 -0.22763391 -0.97131777 -0.06873604 -0.7200763 -0.64961517 -0.24390627 -0.99603355 0.04369809 -0.07750892 -0.7522621 0.5064467 0.42144206 -0.015230824 -0.99986815 0.005628689 0.036904454 -0.97573835 -0.2158073 -0.2898572 -0.817222 0.4981275 -0.212188 -0.94586253 0.24560201 -0.22763391 -0.97131777 -0.06873604 -0.7200763 -0.64961517 -0.24390627 -0.515535 0.21421689 0.82965946 0.6036022 0.08556482 0.7926809 0.15733 0.9039659 0.39760903 0.8110622 0.5592426 0.17153946 0.8110622 0.5592426 0.17153946 0.6036022 0.08556482 0.7926809 0.72580093 -0.68787277 -0.0066379104 0.46568894 -0.8662134 0.18113016 -0.64038086 -0.72171825 0.2627452 -0.515535 0.21421689 0.82965946 0.15733 0.9039659 0.39760903 -0.64038086 -0.72171825 0.2627452 -0.015230824 -0.99986815 0.005628689 0.72580093 -0.68787277 -0.0066379104 0.46568894 -0.8662134 0.18113016 0.6036022 0.08556482 0.7926809 -0.64038086 -0.72171825 0.2627452 -0.515535 0.21421689 0.82965946 0.009193005 0.85343367 0.52112037 0.5901635 -0.23816435 0.7713525 0.15733 0.9039659 0.39760903 -0.015230824 -0.99986815 0.005628689 0.036904454 -0.97573835 -0.2158073 -0.5948092 -0.79743284 -0.10150327 0.009193005 0.85343367 0.52112037 -0.48106438 -0.22064398 0.84846526 0.5901635 -0.23816435 0.7713525 0.5901635 -0.23816435 0.7713525 0.53851134 -0.82203895 -0.18508771 -0.015230824 -0.99986815 0.005628689 -0.5948092 -0.79743284 -0.10150327 0.036904454 -0.97573835 -0.2158073 0.53851134 -0.82203895 -0.18508771 0.5901635 -0.23816435 0.7713525 -0.5948092 -0.79743284 -0.10150327 -0.48106438 -0.22064398 0.84846526 0.60485446 -0.40763652 0.68409324 -0.18547922 0.78417784 0.5921677 -0.4086682 -0.50696254 0.758933 0.25551683 -0.9517977 -0.1696828 -0.46404856 -0.8073701 -0.36443442 0.5977263 -0.6632068 -0.450422 0.036904454 -0.97573835 -0.2158073 0.60485446 -0.40763652 0.68409324 0.009193005 0.85343367 0.52112037 -0.18547922 0.78417784 0.5921677 0.5977263 -0.6632068 -0.450422 0.60485446 -0.40763652 0.68409324 -0.46404856 -0.8073701 -0.36443442 -0.4086682 -0.50696254 0.758933 -0.46404856 -0.8073701 -0.36443442 0.25551683 -0.9517977 -0.1696828 0.5977263 -0.6632068 -0.450422 0.036904454 -0.97573835 -0.2158073 -0.7522621 0.5064467 0.42144206 0.6280819 -0.48501405 0.60850185 -0.18547922 0.78417784 0.5921677 0.25551683 -0.9517977 -0.1696828 -0.7200763 -0.64961517 -0.24390627 -0.50751585 -0.71396714 -0.48236775 -0.7522621 0.5064467 0.42144206 -0.39946604 -0.64270604 0.6537246 0.6280819 -0.48501405 0.60850185 0.6280819 -0.48501405 0.60850185 0.5686208 -0.54401606 -0.61702263 0.25551683 -0.9517977 -0.1696828 -0.50751585 -0.71396714 -0.48236775 -0.7200763 -0.64961517 -0.24390627 0.5686208 -0.54401606 -0.61702263 0.6280819 -0.48501405 0.60850185 -0.50751585 -0.71396714 -0.48236775 -0.39946604 -0.64270604 0.6537246 0.72580093 -0.68787277 -0.0066379104 -0.015230824 -0.99986815 0.005628689 0.38460454 0.18462065 0.9044305 -0.2898572 -0.817222 0.4981275 -0.1865874 -0.96560276 -0.18109798 -0.22763391 -0.97131777 -0.06873604 -0.1865874 -0.96560276 -0.18109798 -0.69493824 -0.21083714 0.6874653 0.38460454 0.18462065 0.9044305 0.5908431 0.121626414 0.797566 0.75715804 0.63908917 0.1351915 0.4562917 -0.86908245 0.1910329 0.7792202 -0.36075896 -0.5125122 -0.1865874 -0.96560276 -0.18109798 0.036904454 -0.97573835 -0.2158073 0.25551683 -0.9517977 -0.1696828 -0.212188 -0.94586253 0.24560201 -0.7200763 -0.64961517 -0.24390627 0.7792202 -0.36075896 -0.5125122 0.82110894 -0.07111132 -0.56632435 0.7758871 0.45250443 -0.4395896 0.0073376936 0.9909543 -0.13399932 0.70239073 0.70978737 -0.053377066 0.009193005 0.85343367 0.52112037 0.15733 0.9039659 0.39760903 -0.99603355 0.04369809 -0.07750892 -0.7522621 0.5064467 0.42144206 0.0073376936 0.9909543 -0.13399932 -0.18547922 0.78417784 0.5921677 0.009193005 0.85343367 0.52112037 -0.22763391 -0.97131777 -0.06873604 0.82110894 -0.07111132 -0.56632435 -0.1865874 -0.96560276 -0.18109798 0.7792202 -0.36075896 -0.5125122 0 -0.31026477 0.95065016 0 0.628406 0.77788556 0.9989577 0.04517366 -0.0065444885 0.78084654 0.6247077 0.0043602926 0 0.3758008 -0.9267005 0 0.25836766 -0.9660467 -0.78084654 0.6247077 0.0043602926 0.3713715 0.05784616 0.9266806 0.7968364 0.16527316 0.581151 0 0.40819025 0.9128969 0.57024395 0.49334124 0.6568381 0.4061564 0.5119411 0.7569368 0.9003403 -0.2905698 0.32396987 0.82524455 -0.56456995 0.0152409095 0.781461 -0.28932476 0.55281997 0.74165756 -0.29822695 0.6008367 0.7241759 -0.2641296 0.63702816 0.6893175 -0.2478818 0.68073195 0.71951014 -0.2317798 0.6546627 0.71951014 -0.2317798 0.6546627 0.73815715 -0.26184854 0.621739 0.7241759 -0.2641296 0.63702816 0.7617404 -0.2572202 0.59463376 0.781461 -0.28932476 0.55281997 0.9003403 -0.2905698 0.32396987 0.5742158 -0.5506626 0.60584396 0.0078091784 -0.6390593 0.76911783 0.009770044 -0.95827687 0.28567457 -0.6171719 -0.49034166 0.6153567 -0.7131692 -0.69785404 0.0662527 -0.7260493 -0.27369162 0.63082904 -0.8357017 -0.54915154 0.0059355292 -0.8712588 -0.32701272 0.36602026 0.7190978 -0.32051682 0.6165771 0.8223004 -0.1852656 0.5380509 0.5096046 -0.16069539 0.84526926 0.49231324 0.16343752 0.8549362 0.009770044 -0.95827687 0.28567457 0.007804419 -0.9975686 -0.06925286 0.6851462 -0.7247161 0.07322031 0.5943017 -0.7360746 -0.32403654 0.82524455 -0.56456995 0.0152409095 0.56427485 -0.7171098 -0.40908116 0.6894951 -0.64126 -0.3367226 0.56427485 -0.7171098 -0.40908116 0.5943017 -0.7360746 -0.32403654 0 -0.48708832 -0.8733527 0 -0.30928707 -0.95096874 -0.58998215 -0.7352872 -0.33357728 0.7190978 -0.32051682 0.6165771 0.5742158 -0.5506626 0.60584396 0.6851462 -0.7247161 0.07322031 0.009770044 -0.95827687 0.28567457 0.57024395 0.49334124 0.6568381 0.7968364 0.16527316 0.581151 0.99063766 -0.035017926 0.1319498 0.8223004 -0.1852656 0.5380509 0.9003403 -0.2905698 0.32396987 0.7190978 -0.32051682 0.6165771 0.82524455 -0.56456995 0.0152409095 0.6851462 -0.7247161 0.07322031 0.49231324 0.16343752 0.8549362 0.3713715 0.05784616 0.9266806 0 0.06935339 0.99759215 0 0.061595853 0.9981012 -0.37897375 0.0715949 0.92263377 0 0.40819025 0.9128969 -0.775368 0.19797286 0.5996759 -0.37897375 0.0715949 0.92263377 -0.74187666 0.38888326 0.54624975 0 0.40819025 0.9128969 0.025370838 0.4769599 0.8785588 -0.4914967 0.16311121 0.85546815 -0.8056344 -0.214722 0.55213016 -0.5096046 -0.16069539 0.84526926 -0.7260493 -0.27369162 0.63082904 0.009770044 -0.95827687 0.28567457 -0.7131692 -0.69785404 0.0662527 0.007804419 -0.9975686 -0.06925286 -0.58998215 -0.7352872 -0.33357728 -0.8056344 -0.214722 0.55213016 -0.775368 0.19797286 0.5996759 -0.98187315 -0.044282936 0.18429372 -0.74187666 0.38888326 0.54624975 -0.75602835 0.39571163 0.5213765 0.025370838 0.4769599 0.8785588 -0.6894951 -0.64126 -0.3367226 -0.56427485 -0.7171098 -0.40908116 -0.8357017 -0.54915154 0.0059355292 -0.58998215 -0.7352872 -0.33357728 -0.7131692 -0.69785404 0.0662527 -0.7260493 -0.27369162 0.63082904 -0.8056344 -0.214722 0.55213016 -0.8712588 -0.32701272 0.36602026 -0.98187315 -0.044282936 0.18429372 -0.8357017 -0.54915154 0.0059355292 -0.8712588 -0.32701272 0.36602026 -0.76337796 -0.2802051 0.5820131 -0.75162715 -0.2555366 0.60807705 -0.7241759 -0.2641296 0.63702816 -0.73815715 -0.26184854 0.621739 -0.71951014 -0.2317798 0.6546627 -0.71951014 -0.2317798 0.6546627 -0.6893175 -0.2478818 0.68073195 -0.7241759 -0.2641296 0.63702816 -0.74165756 -0.29822695 0.6008367 -0.76337796 -0.2802051 0.5820131 -0.8357017 -0.54915154 0.0059355292 -0.72580093 -0.68787277 -0.0066379104 0.015230824 -0.99986815 0.005628689 0.64038086 -0.72171825 0.2627452 0.015230824 -0.99986815 0.005628689 -0.036904454 -0.97573835 -0.2158073 0.5948092 -0.79743284 -0.10150327 -0.25551683 -0.9517977 -0.1696828 0.7200763 -0.64961517 -0.24390627 0.50751585 -0.71396714 -0.48236775 -0.4562917 -0.86908245 0.1910329 0.69493824 -0.21083714 0.6874653 -0.5908431 0.121626414 0.797566 0.081705466 -0.995751 0.042475376 0.99766576 0.025459755 0.06336313 0.9954751 0.037744015 -0.08720503 -0.023902036 0.8480899 0.529313 -0.17395385 0.587771 0.7901046 0 0.6735912 0.7391041 -0.26109618 -0.05571666 -0.9637035 -0.087583676 -0.010265012 -0.9961043 -0.0032727348 -0.9972426 0.07413781 0.15733 0.9039659 0.39760903 0.8110622 0.5592426 0.17153946 0.70239073 0.70978737 -0.053377066 0.4562917 -0.86908245 0.1910329 0.5908431 0.121626414 0.797566 -0.69493824 -0.21083714 0.6874653 0.4562917 -0.86908245 0.1910329 -0.69493824 -0.21083714 0.6874653 -0.1865874 -0.96560276 -0.18109798 -0.78084654 0.6247077 0.0043602926 -0.9989577 0.04517366 -0.0065444885 0 0.3758008 -0.9267005 0 0.061595853 0.9981012 0.3713715 0.05784616 0.9266806 0 0.40819025 0.9128969 -0.58998215 -0.7352872 -0.33357728 -0.56427485 -0.7171098 -0.40908116 0 -0.48708832 -0.8733527 -0.37897375 0.0715949 0.92263377 -0.4914967 0.16311121 0.85546815 0 0.06935339 0.99759215 0.4061564 0.5119411 0.7569368 0.025370838 0.4769599 0.8785588 0 0.40819025 0.9128969 -0.75602835 0.39571163 0.5213765 -0.9660882 0.15625942 0.20556414 -0.98187315 -0.044282936 0.18429372 </float_array>
          <technique_common>
            <accessor source="#normals-array" count="1698" stride="3">
              <param name="X" type="float"/>
              <param name="Y" type="float"/>
              <param name="Z" type="float"/>
            </accessor>
          </technique_common>
        </source>
        <vertices id="vertices">
          <input semantic="POSITION" source="#positions"/>
          <input semantic="TEXCOORD" source="#texcoords"/>
          <input semantic="COLOR" source="#colors"/>
          <input semantic="NORMAL" source="#normals"/>
        </vertices>
        <polylist material="material0" count="4">
          <input semantic="VERTEX" source="#vertices" offset="0"/>
          <vcount>3 3 3 3 </vcount>
          <p>0 1 2 1 3 2 4 5 6 5 7 6 </p>
        </polylist>
        <polylist material="material4" count="6">
          <input semantic="VERTEX" source="#vertices" offset="0"/>
          <vcount>3 3 3 3 3 3 </vcount>
          <p>8 9 10 9 11 10 10 11 12 11 13 12 14 15 16 15 17 16 </p>
        </polylist>
        <polylist material="material3" count="8">
          <input semantic="VERTEX" source="#vertices" offset="0"/>
          <vcount>3 3 3 3 3 3 3 3 </vcount>
          <p>18 19 20 19 21 20 20 21 22 23 24 25 24 26 25 27 28 29 28 30 29 29 30 31 </p>
        </polylist>
        <polylist material="material2" count="252">
          <input semantic="VERTEX" source="#vertices" offset="0"/>
          <vcount>3 3 3 3 3 3 3 3 3 3 3 3 3 3 3 3 3 3 3 3 3 3 3 3 3 3 3 3 3 3 3 3 3 3 3 3 3 3 3 3 3 3 3 3 3 3 3 3 3 3 3 3 3 3 3 3 3 3 3 3 3 3 3 3 3 3 3 3 3 3 3 3 3 3 3 3 3 3 3 3 3 3 3 3 3 3 3 3 3 3 3 3 3 3 3 3 3 3 3 3 3 3 3 3 3 3 3 3 3 3 3 3 3 3 3 3 3 3 3 3 3 3 3 3 3 3 3 3 3 3 3 3 3 3 3 3 3 3 3 3 3 3 3 3 3 3 3 3 3 3 3 3 3 3 3 3 3 3 3 3 3 3 3 3 3 3 3 3 3 3 3 3 3 3 3 3 3 3 3 3 3 3 3 3 3 3 3 3 3 3 3 3 3 3 3 3 3 3 3 3 3 3 3 3 3 3 3 3 3 3 3 3 3 3 3 3 3 3 3 3 3 3 3 3 3 3 3 3 3 3 3 3 3 3 3 3 3 3 3 3 3 3 3 3 3 3 3 3 3 3 3 3 </vcount>
          <p>32 33 34 33 35 34 34 35 36 35 37 36 36 37 38 39 40 41 40 42 41 41 42 43 44 45 46 45 47 46 48 49 50 49 51 50 52 53 54 53 55 54 54 55 56 57 58 59 58 60 59 61 62 63 62 64 63 63 64 65 66 67 68 67 69 68 70 71 72 71 73 72 74 75 76 75 77 76 78 79 80 79 81 80 82 83 84 83 85 84 84 85 86 85 87 86 86 87 88 89 90 91 90 92 91 91 92 93 94 95 96 95 97 96 96 97 98 99 100 101 100 102 101 101 102 103 104 105 106 105 107 106 108 109 110 109 111 110 110 111 112 111 113 112 114 115 116 115 117 116 116 117 118 119 120 121 120 122 121 121 122 123 124 125 126 125 127 126 128 129 130 129 131 130 130 131 132 133 134 135 134 136 135 135 136 137 136 138 137 139 140 141 140 142 141 141 142 143 144 145 146 145 147 146 148 149 150 149 151 150 150 151 152 153 154 155 154 156 155 157 158 159 158 160 159 159 160 161 162 163 164 163 165 164 166 167 168 167 169 168 170 171 172 171 173 172 172 173 174 175 176 177 176 178 177 179 180 181 180 182 181 181 182 183 184 185 186 185 187 186 186 187 188 187 189 188 188 189 190 191 192 193 192 194 193 193 194 195 194 196 195 195 196 197 196 198 197 197 198 199 198 200 199 199 200 201 200 202 201 201 202 203 204 205 206 205 207 206 206 207 208 209 210 211 210 212 211 213 214 215 214 216 215 215 216 217 216 218 217 219 220 221 220 222 221 221 222 223 222 224 223 223 224 225 226 227 228 227 229 228 230 231 232 231 233 232 234 235 236 235 237 236 236 237 238 237 239 238 240 241 242 241 243 242 244 245 246 245 247 246 248 249 250 249 251 250 252 253 254 253 255 254 256 257 258 257 259 258 258 259 260 261 262 263 262 264 263 265 266 267 266 268 267 267 268 269 268 270 269 271 272 273 272 274 273 273 274 275 276 277 278 277 279 278 280 281 282 281 283 282 282 283 284 283 285 284 284 285 286 287 288 289 288 290 289 291 292 293 292 294 293 295 296 297 296 298 297 297 298 299 298 300 299 301 302 303 302 304 303 303 304 305 304 306 305 307 308 309 308 310 309 311 312 313 312 314 313 315 316 317 316 318 317 317 318 319 318 320 319 319 320 321 320 322 321 323 324 325 324 326 325 327 328 329 328 330 329 331 332 333 332 334 333 333 334 335 334 336 335 337 338 339 340 341 342 343 344 345 346 347 348 349 350 351 352 353 354 355 356 357 358 359 360 361 362 363 364 365 366 367 368 369 370 371 372 373 374 375 376 377 378 379 380 381 382 383 384 385 386 387 388 389 390 391 392 393 394 395 396 397 398 399 400 401 402 403 404 405 406 407 408 409 410 411 412 413 414 415 416 417 418 419 420 421 422 423 424 425 426 427 428 429 430 431 432 433 434 435 436 437 438 439 440 441 442 443 444 445 446 447 448 449 450 451 452 453 454 455 456 457 458 459 460 461 462 463 464 465 466 467 468 469 470 471 472 473 474 475 476 477 478 479 480 481 482 483 484 485 486 487 488 489 490 491 492 493 494 495 496 497 498 499 500 501 502 503 504 505 506 507 508 509 510 511 512 513 514 515 516 517 518 519 520 521 522 523 524 525 526 527 528 529 530 531 532 533 534 535 536 537 538 539 540 541 542 543 </p>
        </polylist>
        <polylist material="material1" count="58">
          <input semantic="VERTEX" source="#vertices" offset="0"/>
          <vcount>3 3 3 3 3 3 3 3 3 3 3 3 3 3 3 3 3 3 3 3 3 3 3 3 3 3 3 3 3 3 3 3 3 3 3 3 3 3 3 3 3 3 3 3 3 3 3 3 3 3 3 3 3 3 3 3 3 3 </vcount>
          <p>544 545 546 545 547 546 548 549 550 549 551 550 552 553 554 553 555 554 554 555 556 555 557 556 558 559 560 559 561 560 562 563 564 563 565 564 566 567 568 567 569 568 570 571 572 571 573 572 574 575 576 575 577 576 578 579 580 579 581 580 582 583 584 583 585 584 586 587 588 587 589 588 590 591 592 591 593 592 594 595 596 595 597 596 598 599 600 599 601 600 602 603 604 603 605 604 606 607 608 607 609 608 610 611 612 611 613 612 614 615 616 615 617 616 618 619 620 619 621 620 622 623 624 623 625 624 626 627 628 627 629 628 630 631 632 631 633 632 634 635 636 635 637 636 638 639 640 639 641 640 642 643 644 643 645 644 646 647 648 647 649 648 648 649 650 651 652 653 652 654 653 655 656 657 </p>
        </polylist>
        <polylist material="material6" count="306">
          <input semantic="VERTEX" source="#vertices" offset="0"/>
          <vcount>3 3 3 3 3 3 3 3 3 3 3 3 3 3 3 3 3 3 3 3 3 3 3 3 3 3 3 3 3 3 3 3 3 3 3 3 3 3 3 3 3 3 3 3 3 3 3 3 3 3 3 3 3 3 3 3 3 3 3 3 3 3 3 3 3 3 3 3 3 3 3 3 3 3 3 3 3 3 3 3 3 3 3 3 3 3 3 3 3 3 3 3 3 3 3 3 3 3 3 3 3 3 3 3 3 3 3 3 3 3 3 3 3 3 3 3 3 3 3 3 3 3 3 3 3 3 3 3 3 3 3 3 3 3 3 3 3 3 3 3 3 3 3 3 3 3 3 3 3 3 3 3 3 3 3 3 3 3 3 3 3 3 3 3 3 3 3 3 3 3 3 3 3 3 3 3 3 3 3 3 3 3 3 3 3 3 3 3 3 3 3 3 3 3 3 3 3 3 3 3 3 3 3 3 3 3 3 3 3 3 3 3 3 3 3 3 3 3 3 3 3 3 3 3 3 3 3 3 3 3 3 3 3 3 3 3 3 3 3 3 3 3 3 3 3 3 3 3 3 3 3 3 3 3 3 3 3 3 3 3 3 3 3 3 3 3 3 3 3 3 3 3 3 3 3 3 3 3 3 3 3 3 3 3 3 3 3 3 3 3 3 3 3 3 3 3 3 3 3 3 3 3 3 3 3 3 </vcount>
          <p>658 659 660 659 661 660 662 663 664 663 665 664 666 667 668 667 669 668 668 669 670 671 672 673 672 674 673 675 676 677 676 678 677 677 678 679 678 680 679 679 680 681 680 682 681 683 684 685 684 686 685 685 686 687 686 688 687 687 688 689 688 690 689 691 692 693 692 694 693 693 694 695 694 696 695 695 696 697 696 698 697 697 698 699 698 700 699 701 702 703 702 704 703 705 706 707 706 708 707 709 710 711 710 712 711 713 714 715 714 716 715 717 718 719 718 720 719 721 722 723 722 724 723 725 726 727 726 728 727 729 730 731 730 732 731 731 732 733 734 735 736 735 737 736 736 737 738 737 739 738 738 739 740 739 741 740 742 743 744 743 745 744 746 747 748 747 749 748 748 749 750 751 752 753 752 754 753 755 756 757 756 758 757 759 760 761 760 762 761 763 764 765 764 766 765 767 768 769 768 770 769 771 772 773 772 774 773 775 776 777 776 778 777 777 778 779 778 780 779 781 782 783 782 784 783 783 784 785 786 787 788 787 789 788 788 789 790 789 791 790 792 793 794 793 795 794 794 795 796 797 798 799 798 800 799 801 802 803 802 804 803 805 806 807 806 808 807 809 810 811 810 812 811 813 814 815 814 816 815 817 818 819 818 820 819 821 822 823 822 824 823 825 826 827 826 828 827 829 830 831 830 832 831 831 832 833 832 834 833 835 836 837 836 838 837 837 838 839 838 840 839 841 842 843 842 844 843 845 846 847 846 848 847 847 848 849 850 851 852 851 853 852 854 855 856 855 857 856 856 857 858 859 860 861 860 862 861 861 862 863 864 865 866 865 867 866 866 867 868 869 870 871 870 872 871 871 872 873 872 874 873 873 874 875 874 876 875 875 876 877 878 879 880 879 881 880 880 881 882 881 883 882 882 883 884 885 886 887 886 888 887 889 890 891 890 892 891 891 892 893 892 894 893 895 896 897 896 898 897 897 898 899 898 900 899 901 902 903 902 904 903 903 904 905 904 906 905 905 906 907 906 908 907 907 908 909 908 910 909 911 912 913 912 914 913 915 916 917 916 918 917 919 920 921 920 922 921 921 922 923 924 925 926 925 927 926 926 927 928 929 930 931 930 932 931 933 934 935 934 936 935 937 938 939 938 940 939 939 940 941 942 943 944 943 945 944 944 945 946 947 948 949 948 950 949 949 950 951 950 952 951 953 954 955 954 956 955 955 956 957 956 958 957 959 960 961 960 962 961 961 962 963 962 964 963 965 966 967 966 968 967 967 968 969 968 970 969 969 970 971 970 972 971 971 972 973 972 974 973 973 974 975 976 977 978 977 979 978 978 979 980 981 982 983 982 984 983 983 984 985 984 986 985 987 988 989 988 990 989 989 990 991 992 993 994 993 995 994 996 997 998 997 999 998 998 999 1000 1001 1002 1003 1002 1004 1003 1005 1006 1007 1006 1008 1007 1007 1008 1009 1008 1010 1009 1009 1010 1011 1010 1012 1011 1013 1014 1015 1014 1016 1015 1017 1018 1019 1018 1020 1019 1019 1020 1021 1022 1023 1024 1023 1025 1024 1026 1027 1028 1027 1029 1028 1028 1029 1030 1029 1031 1030 1032 1033 1034 1033 1035 1034 1034 1035 1036 1035 1037 1036 1036 1037 1038 1039 1040 1041 1040 1042 1041 1043 1044 1045 1044 1046 1045 1047 1048 1049 1048 1050 1049 1049 1050 1051 1050 1052 1051 1053 1054 1055 1054 1056 1055 1055 1056 1057 1056 1058 1057 1059 1060 1061 1060 1062 1061 1063 1064 1065 1064 1066 1065 1065 1066 1067 1066 1068 1067 1067 1068 1069 1068 1070 1069 1069 1070 1071 1070 1072 1071 1071 1072 1073 1072 1074 1073 1073 1074 1075 1074 1076 1075 1077 1078 1079 1078 1080 1079 1081 1082 1083 1082 1084 1083 1083 1084 1085 1086 1087 1088 1087 1089 1088 1088 1089 1090 1091 1092 1093 1092 1094 1093 1095 1096 1097 1096 1098 1097 1097 1098 1099 1098 1100 1099 1099 1100 1101 1100 1102 1101 1103 1104 1105 1104 1106 1105 1105 1106 1107 1106 1108 1107 1107 1108 1109 1108 1110 1109 1111 1112 1113 1112 1114 1113 1115 1116 1117 1116 1118 1117 1119 1120 1121 1120 1122 1121 1123 1124 1125 1126 1127 1128 1129 1130 1131 1132 1133 1134 1135 1136 1137 1138 1139 1140 1141 1142 1143 1144 1145 1146 1147 1148 1149 1150 1151 1152 1153 1154 1155 1156 1157 1158 1159 1160 1161 1162 1163 1164 1165 1166 1167 1168 1169 1170 1171 1172 1173 1174 1175 1176 1177 1178 1179 </p>
        </polylist>
        <polylist material="material5" count="294">
          <input semantic="VERTEX" source="#vertices" offset="0"/>
          <vcount>3 3 3 3 3 3 3 3 3 3 3 3 3 3 3 3 3 3 3 3 3 3 3 3 3 3 3 3 3 3 3 3 3 3 3 3 3 3 3 3 3 3 3 3 3 3 3 3 3 3 3 3 3 3 3 3 3 3 3 3 3 3 3 3 3 3 3 3 3 3 3 3 3 3 3 3 3 3 3 3 3 3 3 3 3 3 3 3 3 3 3 3 3 3 3 3 3 3 3 3 3 3 3 3 3 3 3 3 3 3 3 3 3 3 3 3 3 3 3 3 3 3 3 3 3 3 3 3 3 3 3 3 3 3 3 3 3 3 3 3 3 3 3 3 3 3 3 3 3 3 3 3 3 3 3 3 3 3 3 3 3 3 3 3 3 3 3 3 3 3 3 3 3 3 3 3 3 3 3 3 3 3 3 3 3 3 3 3 3 3 3 3 3 3 3 3 3 3 3 3 3 3 3 3 3 3 3 3 3 3 3 3 3 3 3 3 3 3 3 3 3 3 3 3 3 3 3 3 3 3 3 3 3 3 3 3 3 3 3 3 3 3 3 3 3 3 3 3 3 3 3 3 3 3 3 3 3 3 3 3 3 3 3 3 3 3 3 3 3 3 3 3 3 3 3 3 3 3 3 3 3 3 3 3 3 3 3 3 3 3 3 3 3 3 </vcount>
          <p>1180 1181 1182 1181 1183 1182 1182 1183 1184 1185 1186 1187 1186 1188 1187 1189 1190 1191 1190 1192 1191 1193 1194 1195 1194 1196 1195 1195 1196 1197 1198 1199 1200 1199 1201 1200 1202 1203 1204 1203 1205 1204 1206 1207 1208 1207 1209 1208 1210 1211 1212 1211 1213 1212 1212 1213 1214 1215 1216 1217 1216 1218 1217 1219 1220 1221 1220 1222 1221 1223 1224 1225 1224 1226 1225 1227 1228 1229 1228 1230 1229 1229 1230 1231 1230 1232 1231 1233 1234 1235 1234 1236 1235 1237 1238 1239 1238 1240 1239 1241 1242 1243 1242 1244 1243 1245 1246 1247 1246 1248 1247 1247 1248 1249 1250 1251 1252 1251 1253 1252 1254 1255 1256 1255 1257 1256 1258 1259 1260 1259 1261 1260 1262 1263 1264 1263 1265 1264 1264 1265 1266 1265 1267 1266 1268 1269 1270 1269 1271 1270 1270 1271 1272 1271 1273 1272 1274 1275 1276 1275 1277 1276 1278 1279 1280 1279 1281 1280 1282 1283 1284 1283 1285 1284 1284 1285 1286 1285 1287 1286 1286 1287 1288 1287 1289 1288 1290 1291 1292 1291 1293 1292 1294 1295 1296 1295 1297 1296 1298 1299 1300 1299 1301 1300 1302 1303 1304 1303 1305 1304 1306 1307 1308 1307 1309 1308 1308 1309 1310 1311 1312 1313 1312 1314 1313 1315 1316 1317 1316 1318 1317 1317 1318 1319 1318 1320 1319 1321 1322 1323 1322 1324 1323 1323 1324 1325 1324 1326 1325 1327 1328 1329 1328 1330 1329 1331 1332 1333 1332 1334 1333 1335 1336 1337 1336 1338 1337 1339 1340 1341 1340 1342 1341 1341 1342 1343 1342 1344 1343 1345 1346 1347 1346 1348 1347 1349 1350 1351 1350 1352 1351 1351 1352 1353 1352 1354 1353 1353 1354 1355 1356 1357 1358 1357 1359 1358 1360 1361 1362 1361 1363 1362 1362 1363 1364 1363 1365 1364 1366 1367 1368 1367 1369 1368 1368 1369 1370 1371 1372 1373 1372 1374 1373 1375 1376 1377 1376 1378 1377 1379 1380 1381 1380 1382 1381 1383 1384 1385 1384 1386 1385 1387 1388 1389 1388 1390 1389 1389 1390 1391 1390 1392 1391 1393 1394 1395 1394 1396 1395 1397 1398 1399 1398 1400 1399 1401 1402 1403 1402 1404 1403 1405 1406 1407 1406 1408 1407 1407 1408 1409 1410 1411 1412 1411 1413 1412 1414 1415 1416 1415 1417 1416 1416 1417 1418 1419 1420 1421 1420 1422 1421 1421 1422 1423 1422 1424 1423 1423 1424 1425 1426 1427 1428 1427 1429 1428 1430 1431 1432 1431 1433 1432 1432 1433 1434 1433 1435 1434 1436 1437 1438 1437 1439 1438 1440 1441 1442 1441 1443 1442 1442 1443 1444 1445 1446 1447 1446 1448 1447 1447 1448 1449 1450 1451 1452 1451 1453 1452 1454 1455 1456 1455 1457 1456 1458 1459 1460 1459 1461 1460 1460 1461 1462 1463 1464 1465 1464 1466 1465 1465 1466 1467 1468 1469 1470 1469 1471 1470 1472 1473 1474 1473 1475 1474 1474 1475 1476 1477 1478 1479 1478 1480 1479 1479 1480 1481 1482 1483 1484 1483 1485 1484 1486 1487 1488 1487 1489 1488 1490 1491 1492 1491 1493 1492 1494 1495 1496 1495 1497 1496 1496 1497 1498 1499 1500 1501 1500 1502 1501 1501 1502 1503 1504 1505 1506 1505 1507 1506 1508 1509 1510 1509 1511 1510 1510 1511 1512 1511 1513 1512 1514 1515 1516 1515 1517 1516 1516 1517 1518 1517 1519 1518 1518 1519 1520 1519 1521 1520 1522 1523 1524 1523 1525 1524 1526 1527 1528 1527 1529 1528 1528 1529 1530 1529 1531 1530 1530 1531 1532 1533 1534 1535 1534 1536 1535 1535 1536 1537 1538 1539 1540 1539 1541 1540 1542 1543 1544 1543 1545 1544 1544 1545 1546 1545 1547 1546 1546 1547 1548 1549 1550 1551 1550 1552 1551 1551 1552 1553 1554 1555 1556 1555 1557 1556 1556 1557 1558 1557 1559 1558 1558 1559 1560 1561 1562 1563 1562 1564 1563 1563 1564 1565 1564 1566 1565 1567 1568 1569 1568 1570 1569 1569 1570 1571 1570 1572 1571 1571 1572 1573 1572 1574 1573 1575 1576 1577 1576 1578 1577 1579 1580 1581 1580 1582 1581 1581 1582 1583 1582 1584 1583 1583 1584 1585 1586 1587 1588 1587 1589 1588 1588 1589 1590 1591 1592 1593 1592 1594 1593 1595 1596 1597 1596 1598 1597 1597 1598 1599 1598 1600 1599 1599 1600 1601 1600 1602 1601 1603 1604 1605 1604 1606 1605 1605 1606 1607 1606 1608 1607 1609 1610 1611 1610 1612 1611 1611 1612 1613 1614 1615 1616 1615 1617 1616 1618 1619 1620 1619 1621 1620 1622 1623 1624 1623 1625 1624 1624 1625 1626 1625 1627 1626 1628 1629 1630 1629 1631 1630 1630 1631 1632 1633 1634 1635 1634 1636 1635 1637 1638 1639 1638 1640 1639 1639 1640 1641 1640 1642 1641 1641 1642 1643 1644 1645 1646 1645 1647 1646 1646 1647 1648 1647 1649 1648 1650 1651 1652 1653 1654 1655 1656 1657 1658 1659 1660 1661 1662 1663 1664 1665 1666 1667 1668 1669 1670 1671 1672 1673 1674 1675 1676 1677 1678 1679 1680 1681 1682 1683 1684 1685 1686 1687 1688 1689 1690 1691 1692 1693 1694 1695 1696 1697 </p>
        </polylist>
      </mesh>
    </geometry>
  </library_geometries>
  <library_controllers>
    <controller id="controller">
      <skin source="#geometry">
        <source id="controller-joints">
          <Name_array id="controller-joints-array" count="24">joint0 joint1 joint2 joint3 joint4 joint5 joint6 joint7 joint8 joint9 joint10 joint11 joint12 joint13 joint14 joint15 joint16 joint17 joint18 joint19 joint20 joint21 joint22 joint23 </Name_array>
          <technique_common>
            <accessor source="#controller-joints-array" count="24">
              <param name="JOINT" type="Name"/>
            </accessor>
          </technique_common>
        </source>
        <source id="controller-bind-poses">
          <float_array id="controller-bind-poses-array" count="384">1 0 0 0 0 1 0 0 0 0 1 0 0 0 0 1 1 0 0 0 0 1 0 0 0 0 1 0 0 0 0 1 0 0 1 -1.10693359375 0 1 0 -76.243896484375 -1 0 0 0 0 0 0 1 0 0.996221863179168 0.08617160443573789 -76.05122285548093 1 0 0 0 0 0.08617160443573789 -0.996221863179168 -5.467307441309671 0 0 0 1 0 0.9999461242541047 0.0007296614260832464 -82.40974868757772 1 0 0 0 0 0.0007296614260832464 -0.9999461242541047 2.5560697772721843 0 0 0 1 0 0.9999461242541047 0.0007296614260832464 -97.28596939070272 1 0 0 0 0 0.0007296614260832464 -0.9999461242541047 2.5438627460221848 0 0 0 1 0 0.9994627565454496 0.02733336597428351 -115.5311428979832 1 0 0 0 0 0.02733336597428351 -0.9994627565454496 -2.1954170374049573 0 0 0 1 0 0.9994351106696443 0.028309376824546834 -121.02668625036532 1 0 0 0 0 0.028309376824546834 -0.9994351106696443 -2.3136071606963298 0 0 0 1 0.9828061317500547 -0.18429926183143536 0.0000016665551491957454 14.508572584222497 0.18440068023083403 0.9827666597792831 -0.000008886822557168306 -110.95564665441029 -0.00008667658557875082 0.0000041890677860365165 0.9999507665515441 -0.8220256402157055 0 0 0 0.9999999999999998 0.9960080547401237 -0.08238457390723006 0.033495680166364554 -4.663675003855766 0.08295478578175156 0.9964677330167704 -0.010821789867709704 -111.06032700947718 -0.032533134673718656 0.013473839555260205 0.9994461941994023 -1.8604319411708492 0 0 0 0.9999999999999998 -0.0030944805969296196 0.01103468031893829 1.0000513375720863 -2.5354174323967977 0.08295478578175154 0.9964677330167703 -0.010821789867709706 -111.06032700947718 -0.9965860831381962 0.08275095531084657 -0.003955079168345569 22.807187910716465 0 0 0 1 -0.9828061317500547 -0.18429926183143536 0.0000016665551491957454 14.508332641319237 0.18440068023083403 -0.9827666597792831 0.000008886822557168306 110.9556916741076 0.00008667658557875082 0.0000041890677860365165 0.9999507665515441 -0.8220256190544297 0 0 0 0.9999999999999998 -0.9960080547401237 -0.08238457390723006 0.033495680166364554 -4.663918169884756 0.08295478578175156 -0.9964677330167704 0.010821789867709704 111.06034726211041 0.032533134673718656 0.013473839555260205 0.9994461941994023 -1.8604239985110167 0 0 0 0.9999999999999998 0.04572889818508056 -0.995341510731186 0.08407983383306186 75.43331816547702 -0.9988613771314492 -0.046057331316717826 -0.000033369670430111484 11.425699909244965 0.0038882449571729857 -0.08389973315914839 -0.9964723407509778 7.468763345044692 0 0 0 1 0.04542526778903665 -0.9885676495274734 -0.14259865308157796 41.21737438980703 -0.9988613771314492 -0.04605733131671783 -0.000033369670430111436 11.425699909244962 -0.006514976403082005 0.14251932685892912 -0.9897098849716134 -1.86709644211697 0 0 0 1 0.000010238182154055893 -0.9998605133979971 0.015285761591083143 11.546765049779852 -0.9998383090262893 -0.00015437505254052697 -0.000002725492924069858 10.906461804014556 0.0000783423051113197 -0.01511661315231539 -0.9997508773866924 -0.12223437293238482 0 0 0 0.9999999999999998 -0.04572889818508056 -0.995341510731186 0.08407983383306186 75.43331816547702 -0.9988613771314492 0.046057331316717826 0.000033369670430111484 -11.425699909244965 -0.0038882449571729857 -0.08389973315914839 -0.9964723407509778 7.468763345044692 0 0 0 1 -0.0000783423051113197 0.01511661315231539 0.9997508773866924 -11.843097658317616 -0.9998383090262893 -0.00015437505254052697 -0.000002725492924069858 10.906461804014556 0.000010238182154055893 -0.9998605133979971 0.015285761591083143 0.9464232529048523 0 0 0 1 -0.04542526778903665 -0.9885676495274734 -0.14259865308157796 41.21737438980703 -0.9988613771314492 0.04605733131671783 0.000033369670430111436 -11.425699909244962 0.006514976403082005 0.14251932685892912 -0.9897098849716134 -1.86709644211697 0 0 0 1 -0.000010238182154055893 -0.9998605133979971 0.015285761591083143 11.546765049779852 -0.9998383090262893 0.00015437505254052697 0.000002725492924069858 -10.906461804014556 -0.0000783423051113197 -0.01511661315231539 -0.9997508773866924 -0.12223437293238482 0 0 0 0.9999999999999998 0.0000783423051113197 0.01511661315231539 0.9997508773866924 -11.843097658317616 -0.9998383090262893 0.00015437505254052697 0.000002725492924069858 -10.906461804014556 -0.000010238182154055893 -0.9998605133979971 0.015285761591083143 0.9464232529048523 0 0 0 1 -0.023225490975344966 -0.022089281318866987 0.9995877379586108 -16.97253853393132 0.9964867950379027 -0.0824243288010233 0.02130457842341178 -23.188860743602977 0.08194633513642342 0.9962084955589189 0.023838325088803215 -111.69760895014487 0 0 0 1 0.0030944805969296196 0.01103468031893829 1.0000513375720863 -2.535416676908371 0.08295478578175154 -0.9964677330167703 0.010821789867709706 111.0603472621104 0.9965860831381962 0.08275095531084657 -0.003955079168345569 22.807431217865663 0 0 0 1 0.023225490975344966 -0.022089281318866987 0.9995877379586108 -16.972532863645434 0.9964867950379027 0.0824243288010233 -0.02130457842341178 23.189104026511927 -0.08194633513642342 0.9962084955589189 0.023838325088803215 -111.69762895657438 0 0 0 1 </float_array>
          <technique_common>
            <accessor source="#controller-bind-poses-array" count="24" stride="16">
              <param name="TRANSFORM" type="float4x4"/>
            </accessor>
          </technique_common>
        </source>
        <source id="controller-weights">
          <float_array id="controller-weights-array" count="2">1 0.5 </float_array>
          <technique_common>
            <accessor source="#controller-weights-array" count="2">
              <param name="WEIGHT" type="float"/>
            </accessor>
          </technique_common>
        </source>
        <joints>
          <input semantic="JOINT" source="#controller-joints"/>
          <input semantic="INV_BIND_MATRIX" source="#controller-bind-poses"/>
        </joints>
        <vertex_weights count="1698">
          <input semantic="JOINT" source="#controller-joints" offset="0"/>
          <input semantic="WEIGHT" source="#controller-weights" offset="1"/>
          <vcount>1 1 1 1 1 1 1 1 1 1 1 1 1 1 1 1 1 1 1 1 1 1 1 1 1 1 1 1 1 1 1 1 1 1 1 1 1 1 1 1 1 1 1 1 1 1 1 1 1 1 1 1 1 1 1 1 1 1 1 1 1 1 1 1 1 1 1 1 1 1 1 1 1 1 1 1 1 1 1 1 1 1 1 1 1 1 1 1 1 1 1 1 1 1 1 1 1 1 1 1 1 1 1 1 1 1 1 1 1 1 1 1 1 1 1 1 1 1 1 1 1 1 1 1 1 1 1 1 1 1 1 1 1 1 1 1 1 1 1 1 1 1 1 1 1 1 1 1 1 1 1 1 1 1 1 1 1 1 1 1 1 1 1 1 1 1 1 1 1 1 1 1 1 1 1 1 1 1 1 1 1 1 1 1 1 1 1 1 1 1 1 1 1 1 1 1 1 1 1 1 1 1 1 1 1 1 1 1 1 1 1 1 1 1 1 1 1 1 1 1 1 1 1 1 1 1 1 1 1 1 1 1 1 1 1 1 1 1 1 1 1 1 1 1 1 1 1 1 1 1 1 1 1 1 1 1 1 1 1 1 1 1 1 1 1 1 1 1 1 1 1 1 1 1 1 1 1 1 1 1 1 1 1 1 1 1 1 1 1 1 1 1 1 1 1 1 1 1 1 1 1 1 1 1 1 1 1 1 1 1 1 1 1 1 1 1 1 1 1 1 1 1 1 1 1 1 1 1 1 1 1 1 1 1 1 1 1 1 1 1 1 1 1 1 1 1 1 1 1 1 1 1 1 1 1 1 1 1 1 1 1 1 1 1 1 1 1 1 1 1 1 1 1 1 1 1 1 1 1 1 1 1 1 1 1 1 1 1 1 1 1 1 1 1 1 1 1 1 1 1 1 1 1 1 1 1 1 1 1 1 1 1 1 1 1 1 1 1 1 1 1 1 1 1 1 1 1 1 1 1 1 1 1 1 1 1 1 1 1 1 1 1 1 1 1 1 1 1 1 1 1 1 1 1 1 1 1 1 1 1 1 1 1 1 1 1 1 1 1 1 1 1 1 1 1 1 1 1 1 1 1 1 1 1 1 1 1 1 1 1 1 1 1 1 1 1 1 1 1 1 1 1 1 1 1 1 1 1 1 1 1 1 1 1 1 1 1 1 1 1 1 1 1 1 1 1 1 1 1 1 1 1 1 1 1 1 1 1 1 1 1 1 1 1 1 1 1 1 1 1 1 1 1 1 1 1 1 1 1 1 1 1 1 1 1 1 1 1 1 1 1 1 1 1 1 1 1 1 1 1 1 1 1 1 1 1 1 1 1 1 1 1 1 1 1 1 1 1 1 1 1 1 1 1 1 1 1 1 1 1 1 1 1 1 1 1 1 1 1 1 1 1 1 1 1 1 1 1 1 1 1 1 1 1 1 1 1 1 1 1 1 1 1 1 1 1 1 1 1 1 1 1 1 1 1 1 1 1 1 1 1 1 1 1 1 1 1 1 1 1 1 1 1 1 1 1 1 1 1 1 1 1 1 1 1 1 1 1 1 1 1 1 1 1 1 1 1 1 1 1 1 1 1 1 1 1 1 1 1 1 1 1 1 1 1 1 1 1 1 1 1 1 1 1 1 1 1 1 1 1 1 1 1 1 1 1 1 1 1 1 1 1 1 1 1 1 1 1 1 1 1 1 1 1 1 1 1 1 1 1 1 1 1 1 1 1 1 1 1 1 1 1 1 1 1 1 1 1 1 1 1 1 1 1 1 1 1 1 1 1 1 1 1 1 1 1 1 1 1 1 1 1 1 1 1 1 1 1 1 1 1 1 1 1 1 1 1 1 1 1 1 1 1 1 1 1 1 1 1 1 1 1 1 1 1 1 1 1 1 1 1 1 1 1 1 1 1 1 1 1 1 1 1 1 1 1 1 1 1 1 1 1 1 1 1 1 1 1 1 1 1 1 1 1 1 1 1 1 1 1 1 1 1 1 1 1 1 1 1 2 1 1 1 1 1 1 1 1 1 1 1 1 1 1 1 1 1 1 1 1 2 1 1 1 1 1 1 1 1 1 1 1 1 1 1 1 1 1 1 1 1 1 1 1 1 1 1 1 1 1 1 1 1 1 1 1 1 1 1 1 1 1 1 1 1 1 1 1 1 1 1 1 1 1 1 1 1 2 1 1 1 1 1 1 1 1 1 1 2 1 1 1 1 1 1 1 1 1 1 1 1 1 1 1 1 1 1 1 1 1 2 1 1 1 1 1 1 1 1 1 1 1 1 1 1 1 1 1 1 1 1 1 1 1 1 1 1 1 1 1 1 1 1 1 1 1 1 1 1 1 1 1 1 1 1 1 1 1 1 1 1 1 1 1 1 1 1 1 1 1 1 1 1 1 1 1 1 1 1 1 1 1 1 1 1 1 1 1 1 1 1 1 1 2 1 1 1 1 1 1 1 1 1 1 1 1 1 1 1 2 1 1 1 1 1 1 1 1 1 1 1 1 1 1 1 1 1 1 1 1 1 1 1 1 1 1 1 1 1 1 1 1 1 1 1 1 1 2 1 1 2 1 1 1 1 1 1 1 1 1 1 1 1 1 1 1 1 1 1 1 1 1 1 1 2 1 1 1 1 1 1 1 2 1 1 1 2 1 1 1 1 1 1 1 1 1 1 1 1 1 1 1 1 1 1 1 1 1 1 1 1 1 1 1 1 1 1 1 1 1 1 1 1 1 1 1 1 1 1 1 1 1 1 1 1 1 1 1 1 1 1 1 1 1 1 1 1 1 1 1 1 1 1 1 1 1 1 1 1 1 1 1 1 1 1 1 1 1 1 1 1 1 1 1 1 1 1 1 1 1 1 1 1 1 1 1 1 1 1 1 1 1 1 1 1 1 1 1 1 1 1 1 1 1 1 1 1 1 1 1 1 1 1 1 1 1 1 1 1 1 1 1 1 1 1 1 1 1 1 1 1 1 1 1 1 1 1 1 1 1 1 1 1 1 1 1 1 1 1 1 1 1 1 1 1 1 1 1 1 1 1 1 1 1 1 1 1 1 1 1 1 1 1 1 1 1 1 1 1 1 1 1 1 1 1 1 1 1 1 1 1 1 1 1 1 1 1 1 1 1 1 1 1 1 1 1 1 1 1 1 1 1 1 1 1 1 1 1 1 1 1 1 1 1 1 1 1 1 1 1 1 1 1 1 1 1 1 1 1 1 1 1 1 1 1 1 1 1 1 1 1 1 1 1 1 1 1 1 1 1 1 1 1 1 1 1 1 1 1 1 1 1 1 1 1 1 1 1 1 1 1 1 1 1 1 1 1 1 1 1 1 1 1 1 1 1 1 1 1 1 1 1 1 1 1 1 1 1 1 1 1 1 1 1 1 1 1 1 1 1 1 1 1 1 1 1 1 1 1 1 1 1 1 1 1 1 1 1 1 1 1 1 1 1 1 1 1 1 1 1 1 1 1 1 1 1 1 1 1 1 1 1 1 1 1 1 1 1 1 1 1 1 1 1 1 1 1 1 1 1 1 1 1 1 1 1 1 1 1 1 1 1 1 1 1 1 1 1 1 1 1 1 1 1 1 1 1 1 1 1 1 1 1 1 1 1 1 1 1 1 1 1 1 1 1 1 1 1 1 1 1 1 1 1 1 1 1 1 1 1 1 1 1 1 1 1 1 1 1 1 1 1 1 1 1 1 1 1 1 1 1 1 1 1 1 1 1 1 1 1 1 1 1 1 1 1 1 1 1 1 1 1 1 1 1 1 1 1 1 1 1 1 1 1 1 1 1 1 1 1 1 1 1 1 1 1 1 1 </vcount>
          <v>7 0 7 0 7 0 7 0 7 0 7 0 7 0 7 0 7 0 7 0 7 0 7 0 7 0 7 0 7 0 7 0 7 0 7 0 7 0 7 0 7 0 7 0 7 0 7 0 7 0 7 0 7 0 7 0 7 0 7 0 7 0 7 0 7 0 7 0 7 0 7 0 7 0 7 0 7 0 7 0 7 0 7 0 7 0 7 0 7 0 7 0 7 0 7 0 7 0 7 0 7 0 7 0 7 0 7 0 7 0 7 0 7 0 7 0 7 0 7 0 7 0 7 0 7 0 7 0 7 0 7 0 7 0 7 0 7 0 7 0 7 0 7 0 7 0 7 0 7 0 7 0 7 0 7 0 7 0 7 0 7 0 7 0 7 0 7 0 7 0 7 0 7 0 7 0 7 0 7 0 7 0 7 0 7 0 7 0 7 0 7 0 7 0 7 0 7 0 7 0 7 0 7 0 7 0 7 0 7 0 7 0 7 0 7 0 7 0 7 0 7 0 7 0 7 0 7 0 7 0 7 0 7 0 7 0 7 0 7 0 7 0 7 0 7 0 7 0 7 0 7 0 7 0 7 0 7 0 7 0 7 0 7 0 7 0 7 0 7 0 7 0 7 0 7 0 7 0 7 0 7 0 7 0 7 0 7 0 7 0 7 0 7 0 7 0 7 0 7 0 7 0 7 0 7 0 7 0 7 0 7 0 7 0 7 0 7 0 7 0 7 0 7 0 7 0 7 0 7 0 7 0 7 0 7 0 7 0 7 0 7 0 7 0 7 0 7 0 7 0 7 0 7 0 7 0 7 0 7 0 7 0 7 0 7 0 7 0 7 0 7 0 7 0 7 0 7 0 7 0 7 0 7 0 7 0 7 0 7 0 7 0 7 0 7 0 7 0 7 0 7 0 7 0 7 0 7 0 7 0 7 0 7 0 7 0 7 0 7 0 7 0 7 0 7 0 7 0 7 0 7 0 7 0 7 0 7 0 7 0 7 0 7 0 7 0 7 0 7 0 7 0 7 0 7 0 7 0 7 0 7 0 7 0 7 0 7 0 7 0 7 0 7 0 7 0 7 0 7 0 7 0 7 0 7 0 7 0 7 0 7 0 7 0 7 0 7 0 7 0 7 0 7 0 7 0 7 0 7 0 7 0 7 0 7 0 7 0 7 0 7 0 7 0 7 0 7 0 7 0 7 0 7 0 7 0 7 0 7 0 7 0 7 0 7 0 7 0 7 0 7 0 7 0 7 0 7 0 7 0 7 0 7 0 7 0 7 0 7 0 7 0 7 0 7 0 7 0 7 0 7 0 7 0 7 0 7 0 7 0 7 0 7 0 7 0 7 0 7 0 7 0 7 0 7 0 7 0 7 0 7 0 7 0 7 0 7 0 7 0 7 0 7 0 7 0 7 0 7 0 7 0 7 0 7 0 7 0 7 0 7 0 7 0 7 0 7 0 7 0 7 0 7 0 7 0 7 0 7 0 7 0 7 0 7 0 7 0 7 0 7 0 7 0 7 0 7 0 7 0 7 0 7 0 7 0 7 0 7 0 7 0 7 0 7 0 7 0 7 0 7 0 7 0 7 0 7 0 7 0 7 0 7 0 7 0 7 0 7 0 7 0 7 0 7 0 7 0 7 0 7 0 7 0 7 0 7 0 7 0 7 0 7 0 7 0 7 0 7 0 7 0 7 0 7 0 7 0 7 0 7 0 7 0 7 0 7 0 7 0 7 0 7 0 7 0 7 0 7 0 7 0 7 0 7 0 7 0 7 0 7 0 7 0 7 0 7 0 7 0 7 0 7 0 7 0 7 0 7 0 7 0 7 0 7 0 7 0 7 0 7 0 7 0 7 0 7 0 7 0 7 0 7 0 7 0 7 0 7 0 7 0 7 0 7 0 7 0 7 0 7 0 7 0 7 0 7 0 7 0 7 0 7 0 7 0 7 0 7 0 7 0 7 0 7 0 7 0 7 0 7 0 7 0 7 0 7 0 7 0 7 0 7 0 7 0 7 0 7 0 7 0 7 0 7 0 7 0 7 0 7 0 7 0 7 0 7 0 7 0 7 0 7 0 7 0 7 0 7 0 7 0 7 0 7 0 7 0 7 0 7 0 7 0 7 0 7 0 7 0 7 0 7 0 7 0 7 0 7 0 7 0 7 0 7 0 7 0 7 0 7 0 7 0 7 0 7 0 7 0 7 0 7 0 7 0 7 0 7 0 7 0 7 0 7 0 7 0 7 0 7 0 7 0 7 0 7 0 7 0 7 0 7 0 7 0 7 0 7 0 7 0 7 0 7 0 7 0 7 0 7 0 7 0 7 0 7 0 7 0 7 0 7 0 7 0 7 0 7 0 7 0 7 0 7 0 7 0 7 0 7 0 7 0 7 0 7 0 7 0 7 0 7 0 7 0 7 0 7 0 7 0 7 0 7 0 7 0 10 0 10 0 10 0 10 0 10 0 10 0 10 0 10 0 10 0 10 0 10 0 10 0 10 0 10 0 4 0 4 0 4 0 4 0 4 0 4 0 4 0 4 0 4 0 4 0 4 0 4 0 4 0 4 0 4 0 4 0 4 0 4 0 4 0 4 0 4 0 4 0 4 0 4 0 4 0 4 0 4 0 4 0 4 0 4 0 4 0 4 0 4 0 4 0 4 0 4 0 4 0 4 0 4 0 4 0 4 0 4 0 4 0 4 0 4 0 4 0 4 0 4 0 4 0 4 0 4 0 4 0 4 0 4 0 4 0 4 0 4 0 4 0 4 0 4 0 4 0 4 0 4 0 4 0 4 0 4 0 4 0 4 0 4 0 4 0 4 0 4 0 7 0 7 0 7 0 7 0 7 0 7 0 7 0 7 0 7 0 7 0 7 0 7 0 7 0 7 0 7 0 7 0 7 0 7 0 7 0 7 0 7 0 7 0 7 0 7 0 7 0 7 0 7 0 7 0 4 0 4 0 5 0 5 0 8 0 5 0 8 0 8 0 8 0 5 0 5 0 4 0 4 0 9 0 9 0 5 0 5 0 9 0 9 0 5 0 8 0 8 0 8 0 8 0 8 0 4 0 4 0 5 0 4 0 5 0 4 0 5 0 4 0 8 0 8 0 5 0 8 0 5 0 5 0 4 0 4 0 4 0 4 0 5 0 8 0 5 0 5 0 5 0 5 0 4 0 4 0 8 0 5 0 5 0 5 0 5 0 8 0 5 0 5 0 8 0 8 0 9 0 9 0 9 0 8 0 9 0 8 0 9 0 8 0 9 0 8 0 9 0 9 0 8 0 5 0 8 0 4 0 4 0 4 0 4 0 4 0 4 0 4 0 4 0 5 0 5 0 5 0 11 0 8 0 8 0 8 0 8 0 8 0 8 0 8 0 8 0 5 0 4 0 4 0 4 0 4 0 4 0 4 0 4 0 4 0 5 0 4 0 5 0 4 0 11 0 5 0 11 0 11 0 11 0 5 0 5 0 4 0 12 0 5 0 12 0 5 0 12 0 11 0 11 0 11 0 11 0 11 0 11 0 5 0 11 0 11 0 11 0 11 0 11 0 5 0 5 0 11 0 5 0 5 0 5 0 5 0 11 0 11 0 12 0 11 0 12 0 11 0 11 0 11 0 12 0 12 0 11 0 11 0 12 0 12 0 12 0 11 0 12 0 5 0 5 0 11 0 11 0 11 0 4 0 4 0 4 0 4 0 11 0 5 0 11 0 5 0 11 0 11 0 11 0 11 0 11 0 11 0 4 0 4 0 4 0 4 0 4 0 4 0 4 0 4 0 4 0 4 0 9 0 9 0 9 0 9 0 9 0 9 0 9 0 9 0 9 0 12 0 12 0 12 0 12 0 12 0 12 0 12 0 12 0 12 0 12 0 5 0 5 0 5 0 11 0 5 0 15 0 15 0 15 0 15 0 15 0 15 0 15 0 15 0 13 0 15 0 15 0 15 0 15 0 14 0 15 0 13 0 4 0 4 0 4 0 4 0 13 1 3 1 3 0 4 0 4 0 4 0 4 0 3 0 3 0 3 0 13 0 13 0 13 0 3 0 3 0 3 0 4 0 4 0 3 0 4 0 3 0 4 0 3 1 16 1 15 0 15 0 15 0 15 0 15 0 15 0 15 0 15 0 15 0 15 0 17 0 17 0 17 0 17 0 17 0 17 0 15 0 15 0 17 0 15 0 17 0 15 0 15 0 17 0 15 0 17 0 3 0 4 0 3 0 4 0 4 0 14 0 13 0 14 0 13 0 13 0 15 0 15 0 15 0 15 0 17 0 17 0 3 0 3 0 3 0 3 0 13 0 13 0 17 0 17 0 17 0 17 0 15 0 15 0 4 0 4 0 13 1 3 1 3 0 3 0 3 0 3 0 3 0 3 0 16 0 16 0 14 0 13 0 14 1 13 1 13 0 13 0 3 0 3 0 4 0 3 0 3 0 3 0 4 0 4 0 4 0 4 0 4 0 4 0 4 0 4 0 4 0 13 0 3 0 13 0 3 0 13 1 3 1 13 0 3 0 13 0 3 0 3 0 3 0 4 0 4 0 4 0 4 0 4 0 4 0 14 0 13 0 15 0 15 0 14 0 15 0 14 0 15 0 13 0 4 0 4 0 4 0 4 0 4 0 4 0 4 0 4 0 4 0 4 0 19 0 19 0 19 0 19 0 19 0 18 0 16 0 19 0 20 0 20 0 20 0 18 0 18 0 16 0 16 0 19 0 19 0 19 0 19 0 20 0 20 0 3 0 3 0 3 0 3 0 16 0 16 0 19 0 20 0 19 0 20 0 20 0 20 0 20 0 20 0 19 0 19 0 19 0 19 0 19 0 19 0 20 0 19 0 20 0 20 0 16 0 18 0 19 0 19 0 16 0 18 0 18 1 16 1 16 0 16 0 16 0 3 0 16 0 3 0 16 0 16 0 16 0 3 0 3 0 16 0 16 0 16 0 3 0 3 1 16 1 3 0 4 0 3 0 19 0 19 0 19 0 19 0 19 0 19 0 19 0 16 0 19 0 16 0 19 0 18 0 19 0 18 0 16 0 16 0 18 0 18 0 19 0 19 0 8 0 8 0 8 0 9 0 9 0 9 0 5 0 4 0 4 0 14 0 13 0 15 0 3 0 13 0 13 1 3 1 13 0 14 0 14 1 13 1 3 0 13 0 13 0 13 0 13 0 3 0 15 0 15 0 15 0 14 0 13 0 13 0 20 0 20 0 20 0 20 0 19 0 19 0 3 0 3 0 3 0 16 0 16 0 18 1 16 1 16 0 18 0 16 0 19 0 19 0 19 0 16 0 3 1 16 1 3 0 4 0 4 0 3 1 16 1 4 0 4 0 4 0 5 0 8 0 5 0 5 0 11 0 21 0 21 0 21 0 21 0 21 0 21 0 10 0 10 0 21 0 21 0 21 0 21 0 21 0 21 0 21 0 21 0 21 0 21 0 21 0 21 0 21 0 21 0 21 0 21 0 21 0 21 0 21 0 21 0 21 0 21 0 21 0 21 0 21 0 21 0 21 0 21 0 21 0 21 0 21 0 21 0 21 0 21 0 21 0 21 0 21 0 21 0 21 0 21 0 21 0 21 0 21 0 21 0 21 0 21 0 21 0 21 0 21 0 21 0 21 0 21 0 21 0 21 0 21 0 21 0 21 0 21 0 21 0 21 0 21 0 21 0 21 0 21 0 21 0 21 0 21 0 21 0 21 0 9 0 9 0 9 0 9 0 9 0 9 0 9 0 9 0 9 0 9 0 10 0 9 0 9 0 9 0 9 0 9 0 10 0 10 0 10 0 10 0 21 0 21 0 21 0 21 0 21 0 21 0 21 0 21 0 9 0 9 0 10 0 9 0 10 0 9 0 9 0 9 0 10 0 9 0 9 0 9 0 21 0 21 0 21 0 21 0 21 0 21 0 21 0 21 0 21 0 5 0 5 0 8 0 5 0 21 0 21 0 21 0 10 0 21 0 10 0 21 0 10 0 21 0 21 0 21 0 21 0 10 0 10 0 21 0 21 0 21 0 21 0 21 0 21 0 10 0 21 0 10 0 21 0 21 0 21 0 21 0 10 0 21 0 21 0 21 0 21 0 21 0 21 0 10 0 10 0 10 0 10 0 10 0 10 0 10 0 12 0 12 0 12 0 12 0 12 0 12 0 12 0 12 0 22 0 12 0 12 0 12 0 12 0 12 0 12 0 22 0 22 0 22 0 22 0 12 0 22 0 12 0 22 0 22 0 12 0 12 0 12 0 22 0 12 0 22 0 12 0 11 0 11 0 5 0 5 0 7 0 7 0 22 0 12 0 22 0 22 0 22 0 22 0 22 0 12 0 22 0 22 0 22 0 22 0 9 0 10 0 10 0 10 0 10 0 9 0 10 0 10 0 10 0 10 0 10 0 10 0 9 0 10 0 23 0 23 0 23 0 23 0 23 0 23 0 23 0 22 0 23 0 22 0 23 0 23 0 23 0 23 0 23 0 22 0 23 0 23 0 23 0 23 0 23 0 23 0 23 0 23 0 23 0 23 0 23 0 23 0 23 0 23 0 23 0 23 0 23 0 23 0 23 0 23 0 23 0 23 0 23 0 23 0 23 0 23 0 23 0 23 0 23 0 23 0 23 0 23 0 23 0 23 0 23 0 23 0 23 0 23 0 23 0 23 0 23 0 23 0 23 0 23 0 23 0 23 0 23 0 23 0 23 0 23 0 23 0 23 0 23 0 23 0 23 0 23 0 23 0 23 0 23 0 23 0 23 0 23 0 23 0 23 0 23 0 23 0 23 0 23 0 23 0 23 0 23 0 23 0 23 0 23 0 23 0 23 0 23 0 23 0 22 0 23 0 23 0 23 0 23 0 23 0 23 0 23 0 23 0 23 0 23 0 23 0 23 0 23 0 22 0 23 0 22 0 23 0 23 0 23 0 22 0 23 0 22 0 23 0 23 0 22 0 22 0 23 0 23 0 7 0 5 0 7 0 5 0 7 0 5 0 5 0 7 0 7 0 7 0 7 0 7 0 7 0 7 0 7 0 7 0 7 0 7 0 7 0 7 0 7 0 7 0 7 0 7 0 7 0 7 0 7 0 7 0 7 0 7 0 7 0 7 0 7 0 7 0 7 0 7 0 7 0 7 0 7 0 7 0 7 0 7 0 7 0 7 0 7 0 7 0 7 0 7 0 7 0 7 0 7 0 7 0 7 0 7 0 7 0 7 0 7 0 7 0 7 0 7 0 7 0 7 0 7 0 7 0 7 0 7 0 7 0 7 0 7 0 7 0 7 0 7 0 7 0 7 0 7 0 7 0 7 0 7 0 7 0 7 0 7 0 7 0 7 0 7 0 7 0 7 0 7 0 7 0 7 0 7 0 7 0 7 0 7 0 7 0 7 0 7 0 7 0 7 0 7 0 7 0 7 0 7 0 7 0 7 0 7 0 7 0 7 0 7 0 21 0 21 0 21 0 21 0 21 0 21 0 21 0 21 0 21 0 21 0 21 0 21 0 10 0 10 0 10 0 11 0 5 0 5 0 12 0 12 0 12 0 23 0 23 0 23 0 23 0 23 0 23 0 23 0 23 0 23 0 5 0 7 0 7 0 7 0 7 0 7 0 7 0 7 0 7 0 7 0 7 0 7 0 7 0 7 0 7 0 7 0 7 0 7 0 </v>
        </vertex_weights>
      </skin>
    </controller>
  </library_controllers>
  <library_visual_scenes>
    <visual_scene id="scene0" name="chara00">
      <node id="joint0" sid="joint0" name="world_root" type="JOINT">
        <matrix sid="transform">1 0 0 0 0 1 0 0 0 0 1 0 0 0 0 1</matrix>
        <node id="joint1" sid="joint1" name="world01" type="JOINT">
          <matrix sid="transform">1 0 0 0 0 1 0 0 0 0 1 0 0 0 0 1</matrix>
          <node id="joint2" sid="joint2" name="Bip01" type="JOINT">
            <matrix sid="transform">0 0 -1 0 0 1 0 76.243896484375 1 0 0 1.10693359375 0 0 0 1</matrix>
            <node id="joint3" sid="joint3" name="Bip01_Pelvis" type="JOINT">
              <matrix sid="transform">0.086181640625 0 -0.996337890625 0 0.996337890625 0 0.086181640625 0 0 -1 0 0 0 0 0 1</matrix>
              <node id="joint4" sid="joint4" name="Bip01_Spine" type="JOINT">
                <matrix sid="transform">0.996337890625 0 -0.08544921875 6.275146484375 0 1 0 0 0.08544921875 0 0.996337890625 -0.97216796875 0 0 0 1</matrix>
                <node id="joint5" sid="joint5" name="Bip01_Spine1" type="JOINT">
                  <matrix sid="transform">1 0 0 14.876220703125 0 1 0 0 0 0 1 0.01220703125 0 0 0 1</matrix>
                  <node id="joint6" sid="joint6" name="Bip01_Neck" type="JOINT">
                    <matrix sid="transform">0.999755859375 0 0.026611328125 18.275390625 0 1 0 0 -0.026611328125 0 0.999755859375 1.664306640625 0 0 0 1</matrix>
                    <node id="joint7" sid="joint7" name="Bip01_Head" type="JOINT">
                      <matrix sid="transform">1 0 0.0009765625 5.497802734375 0 1 0 0 -0.0009765625 0 1 0 0 0 0 1</matrix>
                    </node>
                    <node id="joint8" sid="joint8" name="Bip01_L_Clavicle" type="JOINT">
                      <matrix sid="transform">-0.184326171875 0.982421875 0.02734375 -3.8291015625 0.98291015625 0.184326171875 0 6.19140625 -0.005126953125 0.02685546875 -0.99951171875 0.037109375 0 0 0 1</matrix>
                      <node id="joint9" sid="joint9" name="Bip01_L_UpperArm" type="JOINT">
                        <matrix sid="transform">0.994140625 -0.102294921875 -0.034423828125 7.719970703125 0.1025390625 0.99462890625 0.00732421875 0 0.033447265625 -0.0107421875 0.999267578125 0 0 0 0 1</matrix>
                        <node id="joint10" sid="joint10" name="Bip01_L_Forearm" type="JOINT">
                          <matrix sid="transform">0.029541015625 0 -0.99951171875 18.207275390625 0 1 0 0 0.99951171875 0 0.029541015625 0 0 0 0 1</matrix>
                          <node id="joint21" sid="joint21" name="Bip01_L_Hand" type="JOINT">
                            <matrix sid="transform">0.999267578125 0.017333984375 0.03466796875 18.698974609375 -0.03466796875 0.000244140625 0.99951171875 0 0.017333984375 -0.999755859375 0.000732421875 0 0 0 0 1</matrix>
                          </node>
                        </node>
                      </node>
                    </node>
                    <node id="joint11" sid="joint11" name="Bip01_R_Clavicle" type="JOINT">
                      <matrix sid="transform">-0.184326171875 -0.982421875 0.02734375 -3.8291015625 -0.98291015625 0.184326171875 0 -6.191650390625 -0.005126953125 -0.02685546875 -0.99951171875 0.037109375 0 0 0 1</matrix>
                      <node id="joint12" sid="joint12" name="Bip01_R_UpperArm" type="JOINT">
                        <matrix sid="transform">0.994140625 0.102294921875 -0.034423828125 7.719970703125 -0.1025390625 0.99462890625 -0.00732421875 0 0.033447265625 0.0107421875 0.999267578125 0 0 0 0 1</matrix>
                        <node id="joint22" sid="joint22" name="Bip01_R_Forearm" type="JOINT">
                          <matrix sid="transform">0.029541015625 0 -0.99951171875 18.207275390625 0 1 0 0 0.99951171875 0 0.029541015625 0 0 0 0 1</matrix>
                          <node id="joint23" sid="joint23" name="Bip01_R_Hand" type="JOINT">
                            <matrix sid="transform">0.999267578125 -0.017333984375 0.03466796875 18.698974609375 0.03466796875 0.000244140625 -0.99951171875 0 0.017333984375 0.999755859375 0.000732421875 0 0 0 0 1</matrix>
                          </node>
                        </node>
                      </node>
                    </node>
                  </node>
                </node>
                <node id="joint13" sid="joint13" name="Bip01_L_Thigh" type="JOINT">
                  <matrix sid="transform">-0.995361328125 -0.0458984375 -0.084716796875 -6.169189453125 0.0458984375 -0.9990234375 0.00390625 7.923095703125 -0.084716796875 0 0.996337890625 1.505126953125 0 0 0 1</matrix>
                  <node id="joint14" sid="joint14" name="Bip01_L_Calf" type="JOINT">
                    <matrix sid="transform">0.974365234375 0 -0.225341796875 34.851806640625 0 1 0 0 0.225341796875 0 0.974365234375 0 0 0 0 1</matrix>
                    <node id="joint15" sid="joint15" name="Bip01_L_Foot" type="JOINT">
                      <matrix sid="transform">0.986328125 -0.04541015625 0.15771484375 30.343017578125 0.0458984375 0.9990234375 0.000732421875 0 -0.157470703125 0.006591796875 0.987548828125 0 0 0 0 1</matrix>
                      <node id="joint17" sid="joint17" name="Bip01_L_Toe0" type="JOINT">
                        <matrix sid="transform">0 0 1 10.600341796875 0 1 0 0 -1 0 0 -11.96533203125 0 0 0 1</matrix>
                      </node>
                    </node>
                  </node>
                </node>
                <node id="joint16" sid="joint16" name="Bip01_R_Thigh" type="JOINT">
                  <matrix sid="transform">-0.995361328125 0.0458984375 -0.084716796875 -6.169189453125 -0.0458984375 -0.9990234375 -0.00390625 -7.923095703125 -0.084716796875 0 0.996337890625 1.505126953125 0 0 0 1</matrix>
                  <node id="joint18" sid="joint18" name="Bip01_R_Calf" type="JOINT">
                    <matrix sid="transform">0.974365234375 0 -0.225341796875 34.851806640625 0 1 0 0 0.225341796875 0 0.974365234375 0 0 0 0 1</matrix>
                    <node id="joint19" sid="joint19" name="Bip01_R_Foot" type="JOINT">
                      <matrix sid="transform">0.986328125 0.04541015625 0.15771484375 30.343017578125 -0.0458984375 0.9990234375 -0.000732421875 0 -0.157470703125 -0.006591796875 0.987548828125 0 0 0 0 1</matrix>
                      <node id="joint20" sid="joint20" name="Bip01_R_Toe0" type="JOINT">
                        <matrix sid="transform">0 0 1 10.600341796875 0 1 0 0 -1 0 0 -11.96533203125 0 0 0 1</matrix>
                      </node>
                    </node>
                  </node>
                </node>
              </node>
            </node>
          </node>
        </node>
      </node>
      <node id="node" name="chara00" type="NODE">
        <instance_controller url="#controller">
          <skeleton>#joint0</skeleton>
          <bind_material>
            <technique_common>
              <instance_material symbol="material0" target="#material0">
                <bind_vertex_input semantic="tc" input_semantic="TEXCOORD"/>
              </instance_material>
              <instance_material symbol="material1" target="#material1">
                <bind_vertex_input semantic="tc" input_semantic="TEXCOORD"/>
              </instance_material>
              <instance_material symbol="material2" target="#material2">
                <bind_vertex_input semantic="tc" input_semantic="TEXCOORD"/>
              </instance_material>
              <instance_material symbol="material3" target="#material3">
                <bind_vertex_input semantic="tc" input_semantic="TEXCOORD"/>
              </instance_material>
              <instance_material symbol="material4" target="#material4">
                <bind_vertex_input semantic="tc" input_semantic="TEXCOORD"/>
              </instance_material>
              <instance_material symbol="material5" target="#material5">
                <bind_vertex_input semantic="tc" input_semantic="TEXCOORD"/>
              </instance_material>
              <instance_material symbol="material6" target="#material6">
                <bind_vertex_input semantic="tc" input_semantic="TEXCOORD"/>
              </instance_material>
            </technique_common>
          </bind_material>
        </instance_controller>
      </node>
    </visual_scene>
  </library_visual_scenes>
  <scene>
    <instance_visual_scene url="#scene0"/>
  </scene>
</COLLADA>
