<?xml version="1.0" encoding="UTF-8"?>
<COLLADA xmlns="http://www.collada.org/2005/11/COLLADASchema" version="1.4.1">
 <asset>
  <contributor>
   <authoring_tool>ExpCollada for Metasequoia</authoring_tool>
  </contributor>
  <created>2024-07-21T22:16:26Z</created>
  <modified>2024-07-21T22:16:26Z</modified>
  <up_axis>Y_UP</up_axis>
 </asset>
 <library_cameras>
  <camera id="Camera-Camera" name="Camera-Camera">
   <optics>
    <technique_common>
     <perspective>
      <yfov>0.000</yfov>
      <znear>0.1</znear>
      <zfar>10000.0</zfar>
     </perspective>
    </technique_common>
   </optics>
  </camera>
 </library_cameras>
 <library_images>
  <image id="texture1" name="texture1">
   <init_from>mat1.png</init_from>
  </image>
  <image id="texture2" name="texture2">
   <init_from>mat2.png</init_from>
  </image>
  <image id="texture3" name="texture3">
   <init_from>mat3.png</init_from>
  </image>
  <image id="texture4" name="texture4">
   <init_from>mat4.png</init_from>
  </image>
  <image id="texture5" name="texture5">
   <init_from>mat5.png</init_from>
  </image>
  <image id="texture6" name="texture6">
   <init_from>mat6.png</init_from>
  </image>
 </library_images>
 <library_effects>
  <effect id="mat1.png-fx" name="mat1.png-fx">
   <profile_COMMON>
    <newparam sid="texture1-surface">
     <surface type="2D">
      <init_from>texture1</init_from>
     </surface>
    </newparam>
    <newparam sid="texture1-sampler">
    <sampler2D>
     <source>texture1-surface</source>
     <minfilter>LINEAR</minfilter>
     <magfilter>LINEAR</magfilter>
    </sampler2D>
   </newparam>
    <technique sid="metaseq">
     <lambert>
      <emission>
       <color>0.500 0.500 0.500 1</color>
      </emission>
      <ambient>
       <color>0.000 0.000 0.000 1</color>
      </ambient>
      <diffuse>
       <texture texture="texture1-sampler" texcoord="UVSET0"/>
      </diffuse>
      <reflective>
       <color>1 1 1 1</color>
      </reflective>
      <reflectivity>
       <float>0.0</float>
      </reflectivity>
      <transparent>
       <color>1 1 1 1</color>
      </transparent>
      <transparency>
       <float>1.000</float>
      </transparency>
     </lambert>
    </technique>
   </profile_COMMON>
  </effect>
  <effect id="mat2.png-fx" name="mat2.png-fx">
   <profile_COMMON>
    <newparam sid="texture2-surface">
     <surface type="2D">
      <init_from>texture2</init_from>
     </surface>
    </newparam>
    <newparam sid="texture2-sampler">
    <sampler2D>
     <source>texture2-surface</source>
     <minfilter>LINEAR</minfilter>
     <magfilter>LINEAR</magfilter>
    </sampler2D>
   </newparam>
    <technique sid="metaseq">
     <lambert>
      <emission>
       <color>0.500 0.500 0.500 1</color>
      </emission>
      <ambient>
       <color>0.000 0.000 0.000 1</color>
      </ambient>
      <diffuse>
       <texture texture="texture2-sampler" texcoord="UVSET0"/>
      </diffuse>
      <reflective>
       <color>1 1 1 1</color>
      </reflective>
      <reflectivity>
       <float>0.0</float>
      </reflectivity>
      <transparent>
       <color>1 1 1 1</color>
      </transparent>
      <transparency>
       <float>1.000</float>
      </transparency>
     </lambert>
    </technique>
   </profile_COMMON>
  </effect>
  <effect id="mat3.png-fx" name="mat3.png-fx">
   <profile_COMMON>
    <newparam sid="texture3-surface">
     <surface type="2D">
      <init_from>texture3</init_from>
     </surface>
    </newparam>
    <newparam sid="texture3-sampler">
    <sampler2D>
     <source>texture3-surface</source>
     <minfilter>LINEAR</minfilter>
     <magfilter>LINEAR</magfilter>
    </sampler2D>
   </newparam>
    <technique sid="metaseq">
     <lambert>
      <emission>
       <color>0.500 0.500 0.500 1</color>
      </emission>
      <ambient>
       <color>0.000 0.000 0.000 1</color>
      </ambient>
      <diffuse>
       <texture texture="texture3-sampler" texcoord="UVSET0"/>
      </diffuse>
      <reflective>
       <color>1 1 1 1</color>
      </reflective>
      <reflectivity>
       <float>0.0</float>
      </reflectivity>
      <transparent>
       <color>1 1 1 1</color>
      </transparent>
      <transparency>
       <float>1.000</float>
      </transparency>
     </lambert>
    </technique>
   </profile_COMMON>
  </effect>
  <effect id="mat4.png-fx" name="mat4.png-fx">
   <profile_COMMON>
    <newparam sid="texture4-surface">
     <surface type="2D">
      <init_from>texture4</init_from>
     </surface>
    </newparam>
    <newparam sid="texture4-sampler">
    <sampler2D>
     <source>texture4-surface</source>
     <minfilter>LINEAR</minfilter>
     <magfilter>LINEAR</magfilter>
    </sampler2D>
   </newparam>
    <technique sid="metaseq">
     <lambert>
      <emission>
       <color>0.500 0.500 0.500 1</color>
      </emission>
      <ambient>
       <color>0.000 0.000 0.000 1</color>
      </ambient>
      <diffuse>
       <texture texture="texture4-sampler" texcoord="UVSET0"/>
      </diffuse>
      <reflective>
       <color>1 1 1 1</color>
      </reflective>
      <reflectivity>
       <float>0.0</float>
      </reflectivity>
      <transparent>
       <color>1 1 1 1</color>
      </transparent>
      <transparency>
       <float>1.000</float>
      </transparency>
     </lambert>
    </technique>
   </profile_COMMON>
  </effect>
  <effect id="mat5.png-fx" name="mat5.png-fx">
   <profile_COMMON>
    <newparam sid="texture5-surface">
     <surface type="2D">
      <init_from>texture5</init_from>
     </surface>
    </newparam>
    <newparam sid="texture5-sampler">
    <sampler2D>
     <source>texture5-surface</source>
     <minfilter>LINEAR</minfilter>
     <magfilter>LINEAR</magfilter>
    </sampler2D>
   </newparam>
    <technique sid="metaseq">
     <lambert>
      <emission>
       <color>0.500 0.500 0.500 1</color>
      </emission>
      <ambient>
       <color>0.000 0.000 0.000 1</color>
      </ambient>
      <diffuse>
       <texture texture="texture5-sampler" texcoord="UVSET0"/>
      </diffuse>
      <reflective>
       <color>1 1 1 1</color>
      </reflective>
      <reflectivity>
       <float>0.0</float>
      </reflectivity>
      <transparent>
       <color>1 1 1 1</color>
      </transparent>
      <transparency>
       <float>1.000</float>
      </transparency>
     </lambert>
    </technique>
   </profile_COMMON>
  </effect>
  <effect id="mat6.png-fx" name="mat6.png-fx">
   <profile_COMMON>
    <newparam sid="texture6-surface">
     <surface type="2D">
      <init_from>texture6</init_from>
     </surface>
    </newparam>
    <newparam sid="texture6-sampler">
    <sampler2D>
     <source>texture6-surface</source>
     <minfilter>LINEAR</minfilter>
     <magfilter>LINEAR</magfilter>
    </sampler2D>
   </newparam>
    <technique sid="metaseq">
     <lambert>
      <emission>
       <color>0.500 0.500 0.500 1</color>
      </emission>
      <ambient>
       <color>0.000 0.000 0.000 1</color>
      </ambient>
      <diffuse>
       <texture texture="texture6-sampler" texcoord="UVSET0"/>
      </diffuse>
      <reflective>
       <color>1 1 1 1</color>
      </reflective>
      <reflectivity>
       <float>0.0</float>
      </reflectivity>
      <transparent>
       <color>1 1 1 1</color>
      </transparent>
      <transparency>
       <float>1.000</float>
      </transparency>
     </lambert>
    </technique>
   </profile_COMMON>
  </effect>
 </library_effects>
 <library_materials>
  <material id="mat1.png" name="mat1.png">
   <instance_effect url="#mat1.png-fx"/>
  </material>
  <material id="mat2.png" name="mat2.png">
   <instance_effect url="#mat2.png-fx"/>
  </material>
  <material id="mat3.png" name="mat3.png">
   <instance_effect url="#mat3.png-fx"/>
  </material>
  <material id="mat4.png" name="mat4.png">
   <instance_effect url="#mat4.png-fx"/>
  </material>
  <material id="mat5.png" name="mat5.png">
   <instance_effect url="#mat5.png-fx"/>
  </material>
  <material id="mat6.png" name="mat6.png">
   <instance_effect url="#mat6.png-fx"/>
  </material>
 </library_materials>
 <library_geometries>
  <geometry id="realb09-lib" name="realb09">
   <mesh>
    <source id="realb09-lib-positions" name="position">
     <float_array id="realb09-lib-positions-array" count="384">4.60791 0.00509 4.71666 5.18213 0.00578 -3.53988 4.46143 1.53178 4.53414 5.02490 1.53244 -3.31803 3.72510 2.85260 1.69774 3.72510 2.85290 -1.94069 3.44482 11.02691 -1.10363 3.77490 9.92270 -1.37181 1.22021 11.02691 -1.10363 0.89307 9.92280 -1.37278 0.98389 10.48394 1.33771 0.89307 9.92218 1.47760 3.68115 10.48394 1.33771 3.77490 9.92218 1.47760 3.91162 13.39131 -1.50676 0.75537 13.39131 -1.50676 0.75439 13.39088 1.61387 1.15576 11.53917 1.16367 1.02881 16.63209 1.34124 1.02881 16.63261 -1.23340 0.48584 15.60166 1.88077 0.48584 15.60118 -1.77313 1.33935 14.52338 1.03592 1.34033 14.52384 -0.92827 2.26221 9.30104 1.85693 0.43408 9.30104 1.85693 2.31982 7.22169 3.19995 -0.00049 7.69674 2.43787 2.33154 3.51573 2.68139 0.88135 3.51581 1.82770 1.22021 11.02698 1.10072 3.44385 11.02698 1.10072 3.50830 11.53917 1.16367 3.91162 13.39088 1.61387 3.32666 14.52338 1.03592 3.32666 14.52384 -0.92827 3.88037 3.51581 1.85505 4.81299 7.73194 2.38055 4.23193 9.30094 1.85790 4.18115 15.60166 1.88077 3.63232 16.63209 1.34124 4.18115 15.60118 -1.77313 3.63232 16.63261 -1.23340 -3.77490 9.92276 -1.37124 -3.44482 11.02669 -1.10253 -0.89307 9.92276 -1.37124 -1.22021 11.02669 -1.10253 -0.89307 9.92294 1.47845 -0.98389 10.48375 1.33830 -3.77490 9.92294 1.47845 -3.68115 10.48375 1.33830 -3.91162 13.39074 -1.50699 -0.75537 13.39074 -1.50699 -1.15576 11.53922 1.16433 -0.75439 13.39142 1.61468 -1.02881 16.63239 -1.23387 -1.02881 16.63243 1.34083 -0.48584 15.60138 -1.77359 -0.48584 15.60152 1.88041 -1.34033 14.52386 -0.92862 -1.33935 14.52337 1.03562 -3.44385 11.02679 1.10116 -1.22021 11.02679 1.10116 -3.50830 11.53922 1.16433 -3.91162 13.39142 1.61468 -3.32666 14.52337 1.03562 -3.32666 14.52386 -0.92862 -4.18115 15.60152 1.88041 -3.63232 16.63243 1.34083 -4.18115 15.60138 -1.77359 -3.63232 16.63239 -1.23387 -5.18213 0.00387 -3.53805 -4.60791 0.00523 4.71928 -5.02490 1.53072 -3.31558 -4.46143 1.53202 4.53733 -3.72510 2.85166 -1.93844 -3.72510 2.85226 1.69936 -0.43408 9.30077 1.85884 -2.26221 9.30077 1.85884 0.00049 7.69656 2.43926 -2.31982 7.22165 3.20153 -0.88135 3.51556 1.82917 -2.33154 3.51570 2.68294 -3.88037 3.51556 1.85750 -4.81299 7.73272 2.38202 -4.23193 9.30077 1.85884 2.33350 16.93904 0.05393 -2.33350 16.93910 0.05320 0.94775 2.85260 1.69774 0.23291 1.53178 4.53414 -0.00049 1.53244 -3.31803 0.94775 2.85290 -1.94069 -0.00049 0.00578 -3.53500 0.06396 0.00509 4.71666 0.00049 7.73279 -2.60275 0.51318 9.30061 -1.96040 4.15283 9.30061 -1.96040 4.71729 7.73279 -2.60275 4.01123 3.51614 -2.12817 0.63916 3.51613 -2.04515 0.22314 9.92498 -2.16665 4.44190 9.92498 -2.16665 4.44190 9.28603 -2.16701 0.22314 9.28603 -2.16701 4.44190 9.92411 2.18158 0.22314 9.92421 2.18061 0.22314 9.28516 2.18121 4.44190 9.28516 2.18121 -4.44190 9.28582 -2.16636 -4.44190 9.92387 -2.16625 -0.22314 9.92387 -2.16625 -0.22314 9.28582 -2.16636 -0.22314 9.28603 2.18228 -0.22314 9.92408 2.18239 -4.44190 9.92408 2.18239 -4.44190 9.28603 2.18228 -0.23291 1.53202 4.53733 -0.94775 2.85226 1.69936 -0.94775 2.85166 -1.93844 0.00049 1.53072 -3.31558 0.00049 0.00387 -3.53219 -0.06396 0.00523 4.71928 -4.15283 9.30046 -1.95973 -0.51318 9.30046 -1.95973 -0.00049 7.73233 -2.60175 -4.71729 7.73233 -2.60175 -4.01123 3.51491 -2.12708 -0.63916 3.51492 -2.04405</float_array>
     <technique_common>
      <accessor count="128" source="#realb09-lib-positions-array" stride="3">
       <param name="X" type="float"/>
       <param name="Y" type="float"/>
       <param name="Z" type="float"/>
      </accessor>
     </technique_common>
    </source>
    <source id="realb09-lib-normals" name="normal">
     <float_array id="realb09-lib-normals-array" count="1407">0.97280 0.22134 0.06831 0.99309 0.09345 0.07098 0.99224 0.10346 0.06902 0.97280 0.22134 0.06831 0.95289 0.29799 0.05653 0.99309 0.09345 0.07098 0.53741 0.81243 0.22616 0.95289 0.29799 0.05653 0.97280 0.22134 0.06831 0.53741 0.81243 0.22616 0.71269 0.70148 0.00006 0.95289 0.29799 0.05653 0.00014 0.04006 -0.99920 0.00011 0.23625 -0.97169 0.00000 0.03985 -0.99921 0.00014 0.04006 -0.99920 0.00034 0.23674 -0.97157 0.00011 0.23625 -0.97169 -0.96654 0.25650 -0.00414 -0.96244 0.27046 -0.02374 -0.99794 0.06336 -0.00979 -0.96654 0.25650 -0.00414 -0.98718 0.15961 0.00004 -0.96244 0.27046 -0.02374 0.00000 0.30718 0.95165 0.00000 0.24165 0.97036 0.00000 0.30733 0.95160 0.00000 0.30718 0.95165 0.00000 0.24165 0.97036 0.99855 0.05378 0.00015 0.98029 0.19286 -0.04281 0.97203 0.23094 -0.04273 0.99855 0.05378 0.00015 0.95811 0.28639 0.00005 0.98029 0.19286 -0.04281 0.00000 0.11981 -0.99280 0.00000 0.03985 -0.99921 0.00000 0.11991 -0.99278 0.00000 0.11981 -0.99280 0.00014 0.04006 -0.99920 0.00000 0.03985 -0.99921 -0.99415 0.10792 0.00534 -0.99794 0.06336 -0.00979 -0.99441 0.10559 -0.00033 -0.99415 0.10792 0.00534 -0.98315 -0.18230 0.01324 -0.99794 0.06336 -0.00979 -0.88473 0.46610 0.00005 -0.75163 0.65958 0.00004 -0.61711 0.78473 0.05805 -0.88473 0.46610 0.00005 -0.88487 0.46585 -0.00006 -0.75163 0.65958 0.00004 -0.78389 -0.62090 -0.00005 -0.78363 -0.62123 -0.00026 -0.78406 -0.62069 0.00008 -0.78389 -0.62090 -0.00005 -0.78328 -0.62167 -0.00054 -0.78363 -0.62123 -0.00026 0.02635 0.13618 0.99033 -0.10951 0.46731 0.87728 0.05103 0.50391 0.86225 0.02635 0.13618 0.99033 -0.29993 0.15474 0.94133 -0.10951 0.46731 0.87728 0.01295 -0.17859 0.98384 -0.29993 0.15474 0.94133 0.02635 0.13618 0.99033 0.01295 -0.17859 0.98384 -0.84023 -0.23202 0.49008 -0.29993 0.15474 0.94133 0.00000 -0.18530 0.98268 0.00000 0.16312 0.98661 0.00000 0.16303 0.98662 0.00000 -0.18530 0.98268 0.00000 -0.18531 0.98268 0.00000 0.16312 0.98661 0.00000 0.08345 0.99651 0.00000 -0.18531 0.98268 0.00000 -0.18530 0.98268 0.00000 0.08345 0.99651 0.00000 0.08360 0.99650 0.00000 -0.18531 0.98268 0.00000 0.45456 0.89072 0.00000 0.08360 0.99650 0.00000 0.08345 0.99651 0.00000 0.45456 0.89072 0.00000 0.45456 0.89072 0.00000 0.08360 0.99650 0.00000 0.45489 -0.89055 0.00000 0.11991 -0.99278 0.00000 0.45489 -0.89055 0.00000 0.45489 -0.89055 0.00000 0.11981 -0.99280 0.00000 0.11991 -0.99278 -0.88850 0.45888 -0.00024 -0.99441 0.10559 -0.00033 -0.88841 0.45904 -0.00033 -0.88850 0.45888 -0.00024 -0.99415 0.10792 0.00534 -0.99441 0.10559 -0.00033 0.02635 0.13618 0.99033 0.42182 -0.14706 0.89467 0.01295 -0.17859 0.98384 0.02635 0.13618 0.99033 0.21639 0.17626 0.96026 0.42182 -0.14706 0.89467 0.05103 0.50391 0.86225 0.21639 0.17626 0.96026 0.02635 0.13618 0.99033 0.05103 0.50391 0.86225 -0.00045 0.31589 0.94880 0.21639 0.17626 0.96026 0.00000 -0.61675 0.78716 0.00000 -0.61675 0.78716 0.00000 -0.61675 0.78716 0.00000 -0.61675 0.78716 0.00000 0.46386 0.88591 0.00000 0.46386 0.88591 0.00000 0.46386 0.88591 0.00000 0.46386 0.88591 0.05811 0.78319 0.61905 0.00000 0.46386 0.88591 0.00000 -0.61709 -0.78689 -0.00000 -0.61709 -0.78689 0.00000 -0.61709 -0.78689 0.00000 -0.61709 -0.78689 0.00000 -0.61709 -0.78689 0.05813 0.78324 -0.61899 0.00000 0.46364 -0.88602 0.00000 0.46364 -0.88602 0.05813 0.78324 -0.61899 0.00000 0.65519 -0.75546 0.00000 0.46364 -0.88602 0.00000 0.23651 -0.97163 0.00000 0.03984 -0.99921 0.00000 0.23651 -0.97163 0.00000 0.23651 -0.97163 0.00000 0.03974 -0.99921 0.00000 0.03984 -0.99921 0.98107 0.18864 -0.04368 0.99834 0.05752 0.00323 0.95878 0.28414 -0.00002 0.98107 0.18864 -0.04368 0.97293 0.22692 -0.04372 0.99834 0.05752 0.00323 0.00000 0.24244 0.97017 0.00000 0.30788 0.95142 0.00000 0.24244 0.97017 0.00000 0.24244 0.97017 0.00000 0.30773 0.95147 0.00000 0.30788 0.95142 -0.96168 0.27317 -0.02328 -0.96557 0.26010 -0.00395 -0.98631 0.16488 -0.00001 -0.96168 0.27317 -0.02328 -0.99791 0.06397 -0.00901 -0.96557 0.26010 -0.00395 0.00000 0.03974 -0.99921 0.00000 0.11947 -0.99284 0.00000 0.03984 -0.99921 0.00000 0.03974 -0.99921 0.00000 0.11939 -0.99285 0.00000 0.11947 -0.99284 0.98481 -0.17362 0.00382 0.99480 0.10169 0.00471 0.99834 0.05752 0.00323 0.98481 -0.17362 0.00382 0.99462 0.10360 -0.00032 0.99480 0.10169 0.00471 0.88479 0.46598 -0.00001 0.61718 0.78469 0.05788 0.75161 0.65961 -0.00001 0.88479 0.46598 -0.00001 0.88479 0.46600 -0.00002 0.61718 0.78469 0.05788 0.78369 -0.62115 -0.00010 0.78394 -0.62084 -0.00029 0.78354 -0.62134 0.00002 0.78369 -0.62115 -0.00010 0.78426 -0.62043 -0.00054 0.78394 -0.62084 -0.00029 0.00000 -0.18548 0.98265 0.00000 0.16298 0.98663 0.00000 0.16309 0.98661 0.00000 -0.18548 0.98265 0.00000 -0.18547 0.98265 0.00000 0.16298 0.98663 0.00000 0.08400 0.99647 0.00000 -0.18547 0.98265 0.00000 -0.18548 0.98265 0.00000 0.08400 0.99647 0.00000 0.08389 0.99648 0.00000 -0.18547 0.98265 0.00000 0.45543 0.89027 0.00000 0.08389 0.99648 0.00000 0.08400 0.99647 0.00000 0.45543 0.89027 0.00000 0.08389 0.99648 0.00000 0.11939 -0.99285 0.00000 0.45462 -0.89068 0.00000 0.11947 -0.99284 0.00000 0.11939 -0.99285 0.00000 0.45462 -0.89068 0.99462 0.10360 -0.00032 0.88849 0.45889 -0.00037 0.99480 0.10169 0.00471 0.99462 0.10360 -0.00032 0.88846 0.45896 -0.00033 0.88849 0.45889 -0.00037 0.00000 -0.61677 0.78714 0.00000 -0.61677 0.78714 0.00000 -0.61677 0.78714 0.00000 -0.61677 0.78714 0.00000 -0.61677 0.78714 0.00000 0.65535 0.75533 0.00000 0.46373 0.88598 0.00000 0.46373 0.88598 0.00000 0.65535 0.75533 0.00000 0.46373 0.88598 0.00000 -0.61707 -0.78691 0.00000 -0.61707 -0.78691 0.00000 0.65522 -0.75544 0.00000 0.46378 -0.88595 0.00000 0.65522 -0.75544 -0.05813 0.78322 -0.61902 0.00000 0.46378 -0.88595 -0.95054 0.30333 0.06680 -0.99224 0.10219 0.07090 -0.99334 0.09223 0.06906 -0.95054 0.30333 0.06680 -0.97254 0.22429 0.06218 -0.99224 0.10219 0.07090 -0.75467 0.65438 0.04754 -0.97254 0.22429 0.06218 -0.95054 0.30333 0.06680 -0.75467 0.65438 0.04754 -0.87343 0.48696 -0.00008 -0.97254 0.22429 0.06218 0.21728 0.18205 0.95898 0.05053 0.50142 0.86373 0.00000 0.34023 0.94034 0.21728 0.18205 0.95898 0.02951 0.13115 0.99092 0.05053 0.50142 0.86373 0.44910 -0.15174 0.88050 0.02951 0.13115 0.99092 0.21728 0.18205 0.95898 0.44910 -0.15174 0.88050 0.04830 -0.17104 0.98408 0.02951 0.13115 0.99092 -0.29771 0.14930 0.94291 0.04830 -0.17104 0.98408 -0.45992 -0.20905 0.86300 -0.29771 0.14930 0.94291 0.02951 0.13115 0.99092 0.04830 -0.17104 0.98408 -0.11605 0.46132 0.87961 0.02951 0.13115 0.99092 -0.29771 0.14930 0.94291 -0.11605 0.46132 0.87961 0.05053 0.50142 0.86373 0.02951 0.13115 0.99092 0.00041 1.00000 0.00020 0.00000 0.65519 -0.75546 0.05813 0.78324 -0.61899 0.00041 1.00000 0.00020 -0.61711 0.78473 0.05805 -0.75163 0.65958 0.00004 0.05811 0.78319 0.61905 -0.61711 0.78473 0.05805 0.00041 1.00000 0.00020 0.00000 0.65522 -0.75544 -0.00041 1.00000 -0.00006 -0.05813 0.78322 -0.61902 0.75161 0.65961 -0.00001 0.61718 0.78469 0.05788 -0.00041 1.00000 -0.00006 0.00000 0.53683 0.84369 0.00000 0.53595 0.84425 0.00000 0.90653 0.42214 0.53741 0.81243 0.22616 -0.00031 0.37434 -0.92729 0.00000 0.72185 -0.69204 0.00000 0.72185 -0.69205 -0.00029 0.40351 -0.91497 -0.00000 -1.00000 -0.00008 -0.00000 -1.00000 -0.00008 -0.00000 -1.00000 -0.00008 -0.00047 0.14221 -0.98984 -0.00047 0.14221 -0.98984 -0.00031 0.37434 -0.92729 -0.00029 0.40351 -0.91497 0.00000 0.11871 0.99293 0.00000 0.53595 0.84425 0.00000 0.53683 0.84369 -0.00668 0.11689 -0.99312 0.00000 0.37912 -0.92535 0.00000 0.37912 -0.92535 -0.00664 0.11829 -0.99296 0.99807 0.06193 -0.00528 0.99850 0.05455 -0.00493 0.98220 -0.18774 0.00680 0.00000 0.16312 0.98661 0.00000 0.30718 0.95165 0.00000 0.30733 0.95160 0.00000 0.16303 0.98662 0.88273 0.46989 0.00002 0.93902 0.34335 -0.01873 0.93902 0.34335 -0.01873 0.99850 0.05455 -0.00493 0.99807 0.06193 -0.00528 0.78357 -0.62131 -0.00003 0.78357 -0.62131 -0.00003 0.99493 0.10045 0.00462 0.99855 0.05378 0.00015 0.98490 -0.17306 0.00505 0.99403 0.10901 0.00452 -0.00664 0.11829 -0.99296 -0.01220 -0.12328 -0.99230 -0.00668 0.11689 -0.99312 0.99493 0.10045 0.00462 0.99403 0.10901 0.00452 0.88849 0.45890 0.00009 0.88849 0.45890 0.00009 0.00000 0.00058 -1.00000 -0.00012 0.00018 1.00000 -0.00012 0.00018 1.00000 -0.00012 0.00018 1.00000 1.00000 0.00000 0.00000 0.00000 -1.00000 -0.00020 0.00001 1.00000 0.00019 0.00001 1.00000 0.00019 0.00001 1.00000 0.00019 -1.00000 0.00000 0.00000 0.00000 0.16309 0.98661 0.00000 0.16298 0.98663 0.00000 0.30788 0.95142 0.00000 0.30773 0.95147 -0.88271 0.46991 -0.00001 -0.74986 0.66160 -0.00001 -0.88271 0.46991 -0.00001 -0.88271 0.46991 -0.00001 -0.78358 -0.62128 -0.00007 -0.78358 -0.62128 -0.00007 -0.78358 -0.62128 -0.00007 -0.99493 0.10045 0.00461 -0.99404 0.10896 0.00451 -0.98490 -0.17304 0.00509 -0.99791 0.06397 -0.00901 -0.99493 0.10045 0.00461 -0.88851 0.45886 0.00001 -0.88851 0.45886 0.00001 -0.99404 0.10896 0.00451 0.00000 0.00018 -1.00000 0.00000 -0.00017 1.00000 -1.00000 0.00000 0.00000 0.00000 -1.00000 0.00005 0.00000 1.00000 -0.00005 1.00000 0.00000 0.00000 -0.99939 0.03275 0.01228 -0.84023 -0.23202 0.49008 -0.98277 -0.18240 0.02987 -0.99945 0.03086 0.01244 -0.95923 0.28248 -0.00902 -0.99939 0.03275 0.01228 -0.99945 0.03086 0.01244 -0.95923 0.28248 -0.00902 -0.97364 0.22744 0.01726 -0.98460 0.17392 0.01777 -0.99824 0.05626 0.01870 -0.99824 0.05626 0.01870 -0.97364 0.22744 0.01726 -0.83448 0.55088 0.01277 -0.83448 0.55088 0.01277 -0.98460 0.17392 0.01777 0.00000 0.53679 0.84371 0.00000 0.90669 0.42180 0.00000 0.90669 0.42180 0.00000 0.53592 0.84427 0.00037 0.37430 -0.92731 0.00035 0.40346 -0.91500 0.00000 0.72168 -0.69222 0.00000 -1.00000 0.00016 0.00000 -1.00000 0.00016 0.00000 -1.00000 0.00016 0.00000 -1.00000 0.00016 0.00056 0.14227 -0.98983 0.00035 0.40346 -0.91500 0.00037 0.37430 -0.92731 0.00056 0.14227 -0.98983 0.00000 0.11833 0.99297 0.00000 0.53679 0.84371 0.00000 0.53592 0.84427 0.00000 0.11833 0.99297 0.00668 0.11678 -0.99314 0.00664 0.11817 -0.99297 0.00000 0.37889 -0.92544 -0.99806 0.06196 -0.00528 -0.98220 -0.18770 0.00684 -0.98220 -0.18770 0.00684 -0.99850 0.05458 -0.00492 -0.93899 0.34342 -0.01877 -0.99806 0.06196 -0.00528 -0.99850 0.05458 -0.00492 -0.93899 0.34342 -0.01877 0.00664 0.11817 -0.99297 0.00668 0.11678 -0.99314 0.01220 -0.12328 -0.99230 0.01220 -0.12328 -0.99230 0.99939 0.03279 0.01230 0.99945 0.03087 0.01246 0.98277 -0.18239 0.02990 0.98277 -0.18239 0.02990 0.95923 0.28247 -0.00902 0.99945 0.03087 0.01246 0.99939 0.03279 0.01230 0.97364 0.22742 0.01720 0.99824 0.05625 0.01869 0.99824 0.05625 0.01869 0.98460 0.17391 0.01773 0.97364 0.22742 0.01720 0.98460 0.17391 0.01773 0.83450 0.55086 0.01263 0.83450 0.55086 0.01263 0.97203 0.23094 -0.04273 0.98674 0.16230 0.00043 0.99855 0.05378 0.00015 0.05811 0.78319 0.61905 0.00041 1.00000 0.00020 0.05813 0.78324 -0.61899 0.98490 -0.17306 0.00505 0.99855 0.05378 0.00015 0.98674 0.16230 0.00043 -0.98315 -0.18230 0.01324 -0.98688 0.16146 -0.00001 -0.99794 0.06336 -0.00979 -0.99794 0.06336 -0.00979 -0.98688 0.16146 -0.00001 -0.96654 0.25650 -0.00414 -0.98674 0.16232 0.00043 -0.96557 0.26010 -0.00395 -0.99791 0.06397 -0.00901 -0.00041 1.00000 -0.00006 -0.74986 0.66160 -0.00001 -0.05813 0.78322 -0.61902 -0.00041 1.00000 -0.00006 0.61718 0.78469 0.05788 0.00000 0.65535 0.75533 -0.99791 0.06397 -0.00901 -0.98490 -0.17304 0.00509 -0.98674 0.16232 0.00043 0.98688 0.16148 -0.00001 0.98481 -0.17362 0.00382 0.99834 0.05752 0.00323 0.98688 0.16148 -0.00001 0.99834 0.05752 0.00323 0.97293 0.22692 -0.04372</float_array>
     <technique_common>
      <accessor count="458" source="#realb09-lib-normals-array" stride="3">
       <param name="X" type="float"/>
       <param name="Y" type="float"/>
       <param name="Z" type="float"/>
      </accessor>
     </technique_common>
    </source>
    <source id="realb09-lib-texcoords">
     <float_array id="realb09-lib-texcoords-array" count="1032">0.34375 -0.39990 0.72412 -0.47168 0.33496 -0.47070 0.34375 -0.39990 0.71680 -0.39990 0.72412 -0.47168 0.47656 -0.29980 0.71680 -0.39990 0.34375 -0.39990 0.47656 -0.29980 0.65381 -0.29980 0.71680 -0.39990 0.78662 -0.00781 0.73096 -0.22656 0.73096 -0.00781 0.78662 -0.00781 0.78662 -0.22656 0.73096 -0.22656 0.84131 -0.12109 0.78662 -0.22656 0.78662 -0.00781 0.84131 -0.12109 0.84131 -0.22656 0.78662 -0.22656 0.89697 -0.12109 0.84131 -0.22656 0.84131 -0.12109 0.89697 -0.12109 0.89697 -0.22656 0.84131 -0.22656 0.95166 -0.00781 0.89697 -0.22656 0.89697 -0.12109 0.95166 -0.00781 0.95166 -0.22656 0.89697 -0.22656 0.77246 -0.21143 0.70068 -0.22510 0.70068 -0.21094 0.77246 -0.21143 0.77441 -0.22510 0.70068 -0.22510 0.84473 -0.21143 0.77441 -0.22510 0.77246 -0.21143 0.84473 -0.21143 0.84814 -0.22607 0.77441 -0.22510 0.20020 -0.15576 0.10986 -0.07812 0.20020 -0.07812 0.20020 -0.15576 0.10986 -0.15576 0.10986 -0.07812 0.18066 -0.23389 0.10986 -0.15576 0.20020 -0.15576 0.18066 -0.23389 0.12939 -0.23389 0.10986 -0.15576 0.21826 -0.70020 0.01855 -0.50000 0.21826 -0.50000 0.21826 -0.70020 0.01514 -0.65527 0.01855 -0.50000 0.21826 -1.00000 0.01514 -0.65527 0.21826 -0.70020 0.21826 -1.00000 0.06836 -1.00000 0.01514 -0.65527 0.84814 -0.22607 0.92090 -0.22510 0.84814 -0.22510 0.84814 -0.22607 0.92188 -0.22607 0.92090 -0.22510 0.84473 -0.21143 0.92188 -0.22607 0.84814 -0.22607 0.84473 -0.21143 0.91992 -0.21143 0.92188 -0.22607 0.84766 -0.20557 0.91992 -0.21143 0.84473 -0.21143 0.84766 -0.20557 0.92139 -0.20557 0.91992 -0.21143 0.77441 -0.20557 0.70068 -0.21094 0.70068 -0.20557 0.77441 -0.20557 0.77246 -0.21143 0.70068 -0.21094 0.84766 -0.20557 0.77246 -0.21143 0.77441 -0.20557 0.84766 -0.20557 0.84473 -0.21143 0.77246 -0.21143 0.21826 -0.70020 0.36816 -1.00000 0.21826 -1.00000 0.21826 -0.70020 0.44824 -0.64990 0.36816 -1.00000 0.21826 -0.50000 0.44824 -0.64990 0.21826 -0.70020 0.21826 -0.50000 0.41846 -0.50000 0.44824 -0.64990 0.20020 -0.15576 0.27100 -0.23389 0.22266 -0.23389 0.20020 -0.15576 0.29004 -0.15576 0.27100 -0.23389 0.20020 -0.07812 0.29004 -0.15576 0.20020 -0.15576 0.20020 -0.07812 0.29004 -0.07812 0.29004 -0.15576 0.02002 -0.15576 0.08740 -0.23389 0.03760 -0.23389 0.02002 -0.15576 0.10986 -0.15576 0.08740 -0.23389 0.02002 -0.07812 0.10986 -0.15576 0.02002 -0.15576 0.02002 -0.07812 0.10986 -0.07812 0.10986 -0.15576 0.78662 -0.22656 0.73096 -0.00781 0.73096 -0.22656 0.78662 -0.22656 0.78662 -0.00781 0.73096 -0.00781 0.84131 -0.22656 0.78662 -0.00781 0.78662 -0.22656 0.84131 -0.22656 0.84131 -0.12109 0.78662 -0.00781 0.89697 -0.22656 0.84131 -0.12109 0.84131 -0.22656 0.89697 -0.22656 0.89697 -0.12109 0.84131 -0.12109 0.95166 -0.22656 0.89697 -0.12109 0.89697 -0.22656 0.95166 -0.22656 0.95166 -0.00781 0.89697 -0.12109 0.77441 -0.22510 0.70068 -0.21094 0.70068 -0.22510 0.77441 -0.22510 0.77246 -0.21143 0.70068 -0.21094 0.84814 -0.22607 0.77246 -0.21143 0.77441 -0.22510 0.84814 -0.22607 0.84473 -0.21143 0.77246 -0.21143 0.10986 -0.15576 0.20020 -0.07812 0.10986 -0.07812 0.10986 -0.15576 0.20020 -0.15576 0.20020 -0.07812 0.12939 -0.23389 0.20020 -0.15576 0.10986 -0.15576 0.12939 -0.23389 0.18066 -0.23389 0.20020 -0.15576 0.92188 -0.22607 0.84814 -0.22510 0.92090 -0.22510 0.92188 -0.22607 0.84814 -0.22607 0.84814 -0.22510 0.91992 -0.21143 0.84814 -0.22607 0.92188 -0.22607 0.91992 -0.21143 0.84473 -0.21143 0.84814 -0.22607 0.92139 -0.20557 0.84473 -0.21143 0.91992 -0.21143 0.92139 -0.20557 0.84766 -0.20557 0.84473 -0.21143 0.77246 -0.21143 0.70068 -0.20557 0.70068 -0.21094 0.77246 -0.21143 0.77441 -0.20557 0.70068 -0.20557 0.84473 -0.21143 0.77441 -0.20557 0.77246 -0.21143 0.84473 -0.21143 0.84766 -0.20557 0.77441 -0.20557 0.29004 -0.15576 0.22266 -0.23389 0.27100 -0.23389 0.29004 -0.15576 0.20020 -0.15576 0.22266 -0.23389 0.29004 -0.07812 0.20020 -0.15576 0.29004 -0.15576 0.29004 -0.07812 0.20020 -0.07812 0.20020 -0.15576 0.10986 -0.15576 0.03760 -0.23389 0.08740 -0.23389 0.10986 -0.15576 0.02002 -0.15576 0.03760 -0.23389 0.10986 -0.07812 0.02002 -0.15576 0.10986 -0.15576 0.10986 -0.07812 0.02002 -0.07812 0.02002 -0.15576 0.71680 -0.39990 0.33496 -0.47070 0.72412 -0.47168 0.71680 -0.39990 0.34375 -0.39990 0.33496 -0.47070 0.65381 -0.29980 0.34375 -0.39990 0.71680 -0.39990 0.65381 -0.29980 0.47656 -0.29980 0.34375 -0.39990 0.01514 -0.65527 0.21826 -0.50000 0.01855 -0.50000 0.01514 -0.65527 0.21826 -0.70020 0.21826 -0.50000 0.06836 -1.00000 0.21826 -0.70020 0.01514 -0.65527 0.06836 -1.00000 0.21826 -1.00000 0.21826 -0.70020 0.44824 -0.64990 0.21826 -1.00000 0.36816 -1.00000 0.44824 -0.64990 0.21826 -0.70020 0.21826 -1.00000 0.41846 -0.50000 0.21826 -0.70020 0.44824 -0.64990 0.41846 -0.50000 0.21826 -0.50000 0.21826 -0.70020 0.20020 0.00000 0.10986 -0.07812 0.02002 -0.07812 0.20020 0.00000 0.20020 -0.07812 0.10986 -0.07812 0.29004 -0.07812 0.20020 -0.07812 0.20020 0.00000 0.10986 -0.07812 0.20020 0.00000 0.02002 -0.07812 0.10986 -0.07812 0.20020 -0.07812 0.20020 0.00000 0.29980 -0.40625 0.02979 -0.40625 0.07568 -0.29980 0.25244 -0.29980 0.73340 -0.40186 0.77832 -0.29980 0.90479 -0.29980 0.96191 -0.40186 0.67383 -0.22754 0.60205 -0.22754 0.59277 -0.09766 0.67480 -0.09717 0.96191 -0.47217 0.72656 -0.47217 0.73340 -0.40186 0.96191 -0.40186 0.30908 -0.46973 0.01904 -0.46973 0.02979 -0.40625 0.29980 -0.40625 0.72803 -0.64990 0.74658 -0.50000 0.97510 -0.50000 0.99170 -0.64990 0.47510 -0.64990 0.71045 -0.64990 0.67822 -1.00000 0.50000 -1.00000 0.89697 -0.00781 0.89697 -0.12109 0.84131 -0.12109 0.84131 -0.00781 0.29004 -0.07812 0.29004 -0.15576 0.38037 -0.15576 0.38037 -0.07812 0.50000 -0.50000 0.68945 -0.50000 0.71045 -0.64990 0.47510 -0.64990 0.31885 -0.23389 0.29004 -0.15576 0.38037 -0.15576 0.35449 -0.23389 0.99463 -0.21094 0.99463 -0.22510 0.92188 -0.22607 0.91992 -0.21143 0.99170 -0.64990 0.97363 -1.00049 0.74658 -1.00000 0.72803 -0.64990 0.98389 -0.20947 0.91992 -0.21143 0.92139 -0.20557 0.96680 -0.20459 0.43164 -0.15820 0.53125 -0.15869 0.53125 -0.25879 0.43164 -0.25830 0.43164 -0.15820 0.53125 -0.15820 0.53125 -0.25830 0.43164 -0.25781 0.53125 -0.25830 0.43164 -0.25830 0.43164 -0.15820 0.53125 -0.15820 0.53125 -0.25830 0.43164 -0.25830 0.43164 -0.15820 0.53125 -0.15820 0.53125 -0.25830 0.43164 -0.25830 0.43164 -0.15820 0.53125 -0.15820 0.53125 -0.15820 0.53125 -0.25830 0.43164 -0.25830 0.43164 -0.15820 0.89697 -0.00781 0.84131 -0.00781 0.84131 -0.12109 0.89697 -0.12109 0.29004 -0.07812 0.38037 -0.07812 0.38037 -0.15576 0.29004 -0.15576 0.31885 -0.23389 0.35449 -0.23389 0.38037 -0.15576 0.29004 -0.15576 0.99463 -0.21094 0.91992 -0.21143 0.92188 -0.22607 0.99463 -0.22510 0.98389 -0.20947 0.96680 -0.20459 0.92139 -0.20557 0.91992 -0.21143 0.43164 -0.15820 0.43164 -0.25830 0.53125 -0.25879 0.53125 -0.15869 0.43164 -0.15820 0.43164 -0.25781 0.53125 -0.25830 0.53125 -0.15820 0.53125 -0.25830 0.53125 -0.15820 0.43164 -0.15820 0.43164 -0.25830 0.53125 -0.25830 0.53125 -0.15820 0.43164 -0.15820 0.43164 -0.25830 0.53125 -0.25830 0.53125 -0.15820 0.43164 -0.15820 0.43164 -0.25830 0.53125 -0.15820 0.43164 -0.15820 0.43164 -0.25830 0.53125 -0.25830 0.47510 -0.65576 0.50342 -0.99658 0.67725 -0.99463 0.71289 -0.64990 0.50293 -0.50049 0.47510 -0.65576 0.71289 -0.64990 0.69189 -0.50098 0.71631 -0.40088 0.34375 -0.39990 0.33496 -0.47070 0.72217 -0.46924 0.71729 -0.38965 0.65381 -0.30078 0.47705 -0.30078 0.34375 -0.39990 0.29980 -0.40625 0.25244 -0.29980 0.07568 -0.29980 0.02979 -0.40625 0.73340 -0.40186 0.96191 -0.40186 0.90479 -0.29980 0.77832 -0.29980 0.67383 -0.22754 0.67480 -0.09717 0.59277 -0.09766 0.60205 -0.22754 0.96191 -0.47217 0.96191 -0.40186 0.73340 -0.40186 0.72656 -0.47217 0.30908 -0.46973 0.29980 -0.40625 0.02979 -0.40625 0.01904 -0.46973 0.72803 -0.64990 0.99170 -0.64990 0.97510 -0.50000 0.74658 -0.50000 0.47510 -0.64990 0.50000 -1.00000 0.67822 -1.00000 0.71045 -0.64990 0.50000 -0.50000 0.47510 -0.64990 0.71045 -0.64990 0.68945 -0.50000 0.99170 -0.64990 0.72803 -0.64990 0.74658 -1.00000 0.97363 -1.00049 0.47510 -0.65576 0.71289 -0.64990 0.67725 -0.99463 0.50342 -0.99658 0.50293 -0.50049 0.69189 -0.50098 0.71289 -0.64990 0.47510 -0.65576 0.71631 -0.40088 0.72217 -0.46924 0.33496 -0.47070 0.34375 -0.39990 0.71729 -0.38965 0.34375 -0.39990 0.47705 -0.30078 0.65381 -0.30078 0.89697 -0.12109 0.89697 -0.00781 0.95166 -0.00781 0.38037 -0.07812 0.20020 0.00000 0.29004 -0.07812 0.92188 -0.22607 0.99463 -0.22510 0.92090 -0.22510 0.84814 -0.22607 0.84814 -0.22510 0.77441 -0.22510 0.78662 -0.00781 0.84131 -0.00781 0.84131 -0.12109 0.89697 -0.00781 0.89697 -0.12109 0.95166 -0.00781 0.20020 0.00000 0.38037 -0.07812 0.29004 -0.07812 0.20020 0.00000 0.20020 -0.07812 0.29004 -0.07812 0.99463 -0.22510 0.92188 -0.22607 0.92090 -0.22510 0.84814 -0.22510 0.84814 -0.22607 0.77441 -0.22510 0.84131 -0.00781 0.78662 -0.00781 0.84131 -0.12109</float_array>
     <technique_common>
      <accessor count="516" offset="0" source="#realb09-lib-texcoords-array" stride="2">
       <param name="U" type="float"/>
       <param name="V" type="float"/>
      </accessor>
     </technique_common>
    </source>
    <vertices id="realb09-lib-vertices">
     <input semantic="POSITION" source="#realb09-lib-positions"/>
    </vertices>
    <polylist count="156" material="mat4.png">
     <input offset="0" semantic="VERTEX" source="#realb09-lib-vertices"/>
     <input offset="1" semantic="NORMAL" source="#realb09-lib-normals"/>
     <input offset="2" semantic="TEXCOORD" source="#realb09-lib-texcoords"/>
     <vcount>3 3 3 3 3 3 3 3 3 3 3 3 3 3 3 3 3 3 3 3 3 3 3 3 3 3 3 3 3 3 3 3 3 3 3 3 3 3 3 3 3 3 3 3 3 3 3 3 3 3 3 3 3 3 3 3 3 3 3 3 3 3 3 3 3 3 3 3 3 3 3 3 3 3 3 3 3 3 3 3 3 3 3 3 3 3 3 3 3 3 3 3 3 3 3 3 3 4 4 4 4 4 4 4 4 4 4 4 4 4 4 4 4 4 4 4 4 4 4 4 4 4 4 4 4 4 4 4 4 4 4 4 4 4 4 4 4 4 4 4 4 4 4 4 4 3 3 3 3 3 3 3 3 3 3 3</vcount>
     <p>0 2 2 1 1 1 2 0 0 1 5 5 3 4 4 2 3 3 2 8 8 3 7 7 4 6 6 3 11 11 5 10 10 4 9 9 6 14 14 7 13 13 8 12 12 7 17 17 9 16 16 8 15 15 8 20 20 9 19 19 10 18 18 9 23 23 11 22 22 10 21 21 10 26 26 11 25 25 12 24 24 11 28 29 13 28 28 12 27 27 12 31 32 13 30 31 6 29 30 13 34 35 7 33 34 6 32 33 14 37 38 6 36 37 15 35 36 6 40 41 8 39 40 15 38 39 15 43 44 8 42 43 16 41 42 8 46 47 17 45 46 16 44 45 18 49 50 19 48 49 20 47 48 19 52 53 21 51 52 20 50 51 20 55 56 21 54 55 22 53 54 21 58 59 23 57 58 22 56 57 24 61 62 25 60 61 26 59 60 25 64 65 27 63 64 26 62 63 26 67 68 27 66 67 28 65 66 27 70 71 29 69 70 28 68 69 30 73 74 31 72 73 17 71 72 31 76 77 32 75 76 17 74 75 17 79 80 32 78 79 16 77 78 32 82 83 33 81 82 16 80 81 16 85 86 33 84 85 22 83 84 33 88 89 34 87 88 22 86 87 35 91 92 14 90 91 23 89 90 14 94 95 15 93 94 23 92 93 23 97 98 15 96 97 22 95 96 15 100 101 16 99 100 22 98 99 28 103 104 36 102 103 26 101 102 36 106 107 37 105 106 26 104 105 26 109 110 37 108 109 24 107 108 37 112 113 38 111 112 24 110 111 22 114 116 34 114 115 20 113 114 34 116 119 39 115 118 20 115 117 20 119 122 39 118 121 18 117 120 39 122 125 40 121 124 18 120 123 35 124 128 23 123 127 41 123 126 23 127 131 21 126 130 41 125 129 41 130 134 21 129 133 42 128 132 21 133 137 19 132 136 42 131 135 43 136 140 44 135 139 45 134 138 44 139 143 46 138 142 45 137 141 45 142 146 46 141 145 47 140 144 46 145 149 48 144 148 47 143 147 47 148 152 48 147 151 49 146 150 48 151 155 50 150 154 49 149 153 49 154 158 50 153 157 43 152 156 50 157 161 44 156 160 43 155 159 44 160 164 51 159 163 46 158 162 51 163 167 52 162 166 46 161 165 46 166 170 52 165 169 53 164 168 52 169 173 54 168 172 53 167 171 55 172 176 56 171 175 57 170 174 56 175 179 58 174 178 57 173 177 57 178 182 58 177 181 59 176 180 58 181 185 60 180 184 59 179 183 61 184 188 62 183 187 63 182 186 62 187 191 53 186 190 63 185 189 63 190 194 53 189 193 64 188 192 53 193 197 54 192 196 64 191 195 64 196 200 54 195 199 65 194 198 54 198 203 60 197 202 65 197 201 51 201 206 66 200 205 52 199 204 66 203 209 59 203 208 52 202 207 52 206 212 59 205 211 54 204 210 59 209 215 60 208 214 54 207 213 65 212 218 60 211 217 67 210 216 60 214 221 58 214 220 67 213 219 67 217 224 58 216 223 68 215 222 58 219 227 56 219 226 68 218 225 59 220 230 66 220 229 57 220 228 66 221 233 69 221 232 57 221 231 57 223 236 69 223 235 55 222 234 69 226 239 70 225 238 55 224 237 71 229 242 72 228 241 73 227 240 72 232 245 74 231 244 73 230 243 73 235 248 74 234 247 75 233 246 74 238 251 76 237 250 75 236 249 77 241 254 78 240 253 79 239 252 78 244 257 80 243 256 79 242 255 79 247 260 80 246 259 81 245 258 80 250 263 82 249 262 81 248 261 83 253 266 82 252 265 84 251 264 82 256 269 80 255 268 84 254 267 84 259 272 80 258 271 85 257 270 80 262 275 78 261 274 85 260 273 42 265 278 19 264 277 86 263 276 19 268 281 18 267 280 86 266 279 86 271 284 18 270 283 40 269 282 70 274 287 87 273 286 55 272 285 87 277 290 56 276 289 55 275 288 4 281 294 88 280 293 89 279 292 2 278 291 90 285 298 91 284 297 5 283 296 3 282 295 92 288 302 1 287 301 0 286 300 93 286 299 90 292 306 3 291 305 1 290 304 92 289 303 2 295 310 89 294 309 93 293 308 0 293 307 94 299 314 95 298 313 96 297 312 97 296 311 36 302 318 98 302 317 97 301 316 37 300 315 30 306 322 10 305 321 12 304 320 31 303 319 40 307 326 39 307 325 41 307 324 42 307 323 37 311 330 97 310 329 96 309 328 38 308 327 35 313 334 41 313 333 39 313 332 34 312 331 33 317 338 32 316 337 6 315 336 14 314 335 97 320 342 98 319 341 99 319 340 94 318 339 35 324 346 34 323 345 33 322 344 14 321 343 100 325 350 101 325 349 102 325 348 103 325 347 104 328 354 105 327 353 106 326 352 107 326 351 107 329 358 102 329 357 101 329 356 104 329 355 106 330 362 103 330 361 102 330 360 107 330 359 100 333 366 105 332 365 104 331 364 101 331 363 106 334 370 105 334 369 100 334 368 103 334 367 50 338 374 48 337 373 62 336 372 61 335 371 69 342 378 67 341 377 68 340 376 70 339 375 67 345 382 69 344 381 66 343 380 65 343 379 44 349 386 63 348 385 64 347 384 51 346 383 64 353 390 65 352 389 66 351 388 51 350 387 108 354 394 109 354 393 110 354 392 111 354 391 112 355 398 113 355 397 114 355 396 115 355 395 109 356 402 108 356 401 115 356 400 114 356 399 108 357 406 111 357 405 112 357 404 115 357 403 114 358 410 113 358 409 110 358 408 109 358 407 110 359 414 113 359 413 112 359 412 111 359 411 94 363 418 99 362 417 29 361 416 27 360 415 95 367 422 94 366 421 27 365 420 25 364 419 92 371 426 93 370 425 89 369 424 90 368 423 89 375 430 88 374 429 91 373 428 90 372 427 116 379 434 117 378 433 76 377 432 74 376 431 75 382 438 118 382 437 119 381 436 73 380 435 72 386 442 71 385 441 120 384 440 121 383 439 71 390 446 73 389 445 119 388 444 120 387 443 121 394 450 116 393 449 74 392 448 72 391 447 122 397 454 123 397 453 124 396 452 125 395 451 125 401 458 126 400 457 83 399 456 84 398 455 122 405 462 125 404 461 84 403 460 85 402 459 127 409 466 126 408 465 125 407 464 124 406 463 81 413 470 127 412 469 124 411 468 79 410 467 79 416 474 124 415 473 123 414 472 77 414 471 116 420 478 121 419 477 120 418 476 119 417 475 118 424 482 117 423 481 116 422 480 119 421 479 6 427 485 31 426 484 12 425 483 42 430 488 86 429 487 40 428 486 31 433 491 6 432 490 32 431 489 8 436 494 30 435 493 17 434 492 10 439 497 30 438 496 8 437 495 44 442 500 50 441 499 61 440 498 70 445 503 68 444 502 87 443 501 68 448 506 56 447 505 87 446 504 61 451 509 63 450 508 44 449 507 46 454 512 53 453 511 62 452 510 48 457 515 46 456 514 62 455 513</p>
    </polylist>
   </mesh>
  </geometry>
  <geometry id="realb09_1-lib" name="realb09_1">
   <mesh>
    <source id="realb09_1-lib-positions" name="position">
     <float_array id="realb09_1-lib-positions-array" count="117">0.00000 24.46953 -3.06515 2.69043 25.30522 -1.39461 2.71875 24.46936 -1.49581 0.00000 25.30538 -2.94832 -2.71875 24.46936 -1.49581 -2.69043 25.30522 -1.39461 3.90723 21.25185 -1.86438 4.23438 24.95883 2.21451 4.23438 24.95905 -2.08139 3.91504 21.25198 1.96082 2.50195 20.07790 -1.02027 2.48828 20.18179 1.13508 2.14160 17.59155 -1.07031 2.14160 17.59155 1.24512 0.00000 20.82487 3.11603 0.00000 17.58472 2.42773 0.00000 22.26216 4.06215 0.00000 24.17809 4.18074 0.00000 17.59155 -2.22656 0.00000 20.09526 -2.06322 0.00000 21.25042 -3.90051 0.00000 24.95577 -4.27768 -4.23438 24.95905 -2.08139 0.59180 25.30591 2.99797 0.81934 24.95948 3.99381 0.00000 24.61148 3.13320 -0.81934 24.95948 3.99381 -0.59180 25.30591 2.99797 -3.91504 21.25198 1.96082 -4.23438 24.95883 2.21451 -3.90723 21.25185 -1.86438 -2.48828 20.18179 1.13508 -2.50195 20.07790 -1.02027 -2.14160 17.59155 1.24512 -2.14160 17.59155 -1.07031 2.69043 25.30588 1.71086 2.71875 24.46999 1.64384 -2.69043 25.30588 1.71086 -2.71875 24.46999 1.64384</float_array>
     <technique_common>
      <accessor count="39" source="#realb09_1-lib-positions-array" stride="3">
       <param name="X" type="float"/>
       <param name="Y" type="float"/>
       <param name="Z" type="float"/>
      </accessor>
     </technique_common>
    </source>
    <source id="realb09_1-lib-normals" name="normal">
     <float_array id="realb09_1-lib-normals-array" count="543">-0.49644 -0.12028 0.85970 -0.49630 -0.12077 0.85971 -0.49626 -0.12090 0.85972 -0.49644 -0.12028 0.85970 -0.49648 -0.12016 0.85969 -0.49630 -0.12077 0.85971 0.49641 -0.12077 0.85965 0.49632 -0.12029 0.85976 0.49630 -0.12017 0.85979 0.49641 -0.12077 0.85965 0.49643 -0.12089 0.85962 0.49632 -0.12029 0.85976 0.75792 -0.45753 -0.46500 0.99623 -0.08678 -0.00103 0.99613 -0.08791 -0.00000 0.75792 -0.45753 -0.46500 0.91320 -0.40742 0.00825 0.99623 -0.08678 -0.00103 0.69028 -0.67815 -0.25224 0.91320 -0.40742 0.00825 0.75792 -0.45753 -0.46500 0.69028 -0.67815 -0.25224 0.71094 -0.54346 0.44633 0.91320 -0.40742 0.00825 0.99048 -0.13750 0.00580 0.71094 -0.54346 0.44633 0.69028 -0.67815 -0.25224 0.99048 -0.13750 0.00580 0.94387 -0.11315 0.31032 0.71094 -0.54346 0.44633 0.21362 -0.48822 0.84617 0.47571 -0.18277 0.86040 -0.03989 -0.16814 0.98495 0.21362 -0.48822 0.84617 0.71094 -0.54346 0.44633 0.94387 -0.11315 0.31032 0.02164 -0.28739 0.95757 0.71094 -0.54346 0.44633 0.21362 -0.48822 0.84617 0.02164 -0.28739 0.95757 0.33409 -0.42286 0.84236 0.71094 -0.54346 0.44633 0.00850 -0.13102 0.99134 0.33409 -0.42286 0.84236 0.02164 -0.28739 0.95757 0.00850 -0.13102 0.99134 0.43596 -0.11730 0.89229 0.33409 -0.42286 0.84236 0.42955 0.00587 -0.90302 -0.02564 0.03632 -0.99901 0.47446 -0.05108 -0.87879 0.42955 0.00587 -0.90302 0.00509 -0.51987 -0.85423 -0.02564 0.03632 -0.99901 0.75792 -0.45753 -0.46500 0.00509 -0.51987 -0.85423 0.69028 -0.67815 -0.25224 0.75792 -0.45753 -0.46500 0.00494 -0.47136 -0.88193 0.00509 -0.51987 -0.85423 0.45949 -0.09127 -0.88348 0.00494 -0.47136 -0.88193 0.75792 -0.45753 -0.46500 0.45949 -0.09127 -0.88348 -0.00050 -0.10182 -0.99480 0.00494 -0.47136 -0.88193 -0.00831 0.96792 -0.25114 0.17903 0.97876 -0.09987 0.16974 0.97907 -0.11229 -0.00831 0.96792 -0.25114 -0.00310 0.96822 -0.25007 0.17903 0.97876 -0.09987 -0.16870 0.97817 -0.12137 -0.00310 0.96822 -0.25007 -0.00831 0.96792 -0.25114 -0.16870 0.97817 -0.12137 -0.17521 0.97942 -0.10023 -0.00310 0.96822 -0.25007 -0.64314 0.68865 0.33486 -0.19552 0.92525 0.32508 -0.29687 0.88297 0.36364 -0.64314 0.68865 0.33486 -0.70602 0.65440 0.27074 -0.19552 0.92525 0.32508 0.33424 0.87977 0.33807 0.64601 0.68424 0.33835 0.62184 0.72366 0.29940 0.33424 0.87977 0.33807 0.20652 0.91401 0.34918 0.64601 0.68424 0.33835 -0.74666 -0.47446 0.46625 -0.99621 -0.08694 -0.00103 -0.99631 -0.08583 -0.00000 -0.74666 -0.47446 0.46625 -0.76287 -0.45561 -0.45874 -0.99621 -0.08694 -0.00103 -0.70822 -0.62062 0.33654 -0.76287 -0.45561 -0.45874 -0.74666 -0.47446 0.46625 -0.70822 -0.62062 0.33654 -0.70537 -0.67536 -0.21529 -0.76287 -0.45561 -0.45874 -0.99037 -0.13832 0.00573 -0.70537 -0.67536 -0.21529 -0.70822 -0.62062 0.33654 -0.99037 -0.13832 0.00573 -0.98966 -0.14343 0.00000 -0.70537 -0.67536 -0.21529 -0.48329 -0.02751 0.87503 -0.03989 -0.16814 0.98495 -0.48329 -0.02751 0.87503 -0.70822 -0.62062 0.33654 -0.58698 -0.16823 0.79193 -0.03989 -0.16814 0.98495 -0.74666 -0.47446 0.46625 0.21362 -0.48822 0.84617 -0.70822 -0.62062 0.33654 -0.74666 -0.47446 0.46625 0.02164 -0.28739 0.95757 0.21362 -0.48822 0.84617 -0.44567 -0.10769 0.88870 0.02164 -0.28739 0.95757 -0.74666 -0.47446 0.46625 -0.44567 -0.10769 0.88870 0.00850 -0.13102 0.99134 0.02164 -0.28739 0.95757 0.00509 -0.51987 -0.85423 -0.42822 0.00793 -0.90364 -0.02564 0.03632 -0.99901 0.00509 -0.51987 -0.85423 -0.38428 -0.03713 -0.92247 -0.42822 0.00793 -0.90364 0.00494 -0.47136 -0.88193 -0.70537 -0.67536 -0.21529 0.00509 -0.51987 -0.85423 0.00494 -0.47136 -0.88193 -0.76287 -0.45561 -0.45874 -0.70537 -0.67536 -0.21529 -0.00050 -0.10182 -0.99480 -0.76287 -0.45561 -0.45874 0.00494 -0.47136 -0.88193 -0.00050 -0.10182 -0.99480 -0.45853 -0.09220 -0.88388 -0.76287 -0.45561 -0.45874 0.17903 0.97876 -0.09987 0.19551 0.97481 0.10732 0.18560 0.97124 0.14917 0.16974 0.97907 -0.11229 0.18560 0.97124 0.14917 0.19551 0.97481 0.10732 -0.29687 0.88297 0.36364 -0.19552 0.92525 0.32508 -0.99943 -0.03386 0.00001 -0.99943 -0.03386 0.00001 -0.99943 -0.03386 0.00001 -0.49280 0.13786 -0.85915 -0.49280 0.13786 -0.85915 -0.49280 0.13786 -0.85915 0.00000 0.15843 -0.98737 -0.17521 0.97942 -0.10023 -0.16870 0.97817 -0.12137 -0.18560 0.97124 0.14917 -0.19551 0.97481 0.10732 -0.18560 0.97124 0.14917 0.20652 0.91401 0.34918 0.33424 0.87977 0.33807 -0.19551 0.97481 0.10732 0.99943 -0.03386 0.00001 0.99943 -0.03386 0.00001 0.99943 -0.03386 0.00001 0.49280 0.13786 -0.85915 0.00000 0.15843 -0.98737 0.49280 0.13786 -0.85915 0.00850 -0.13102 0.99134 0.44579 -0.26273 0.85571 0.43596 -0.11730 0.89229 -0.44579 -0.26273 0.85571 0.00850 -0.13102 0.99134 -0.44567 -0.10769 0.88870</float_array>
     <technique_common>
      <accessor count="179" source="#realb09_1-lib-normals-array" stride="3">
       <param name="X" type="float"/>
       <param name="Y" type="float"/>
       <param name="Z" type="float"/>
      </accessor>
     </technique_common>
    </source>
    <source id="realb09_1-lib-texcoords">
     <float_array id="realb09_1-lib-texcoords-array" count="364">0.91992 -0.24512 0.98730 -0.01270 0.91992 -0.01270 0.91992 -0.24512 0.98730 -0.24512 0.98730 -0.01270 0.91992 -0.01270 0.98730 -0.24512 0.91992 -0.24512 0.91992 -0.01270 0.98730 -0.01270 0.98730 -0.24512 0.75488 -0.32031 0.49609 -0.01270 0.77344 -0.01367 0.75488 -0.32031 0.50781 -0.31836 0.49609 -0.01270 0.69824 -0.44141 0.50781 -0.31836 0.75488 -0.32031 0.69824 -0.44141 0.55859 -0.44141 0.50781 -0.31836 0.70215 -0.61035 0.55859 -0.44141 0.69824 -0.44141 0.70215 -0.61035 0.55273 -0.61035 0.55859 -0.44141 0.01855 -0.37695 0.24609 -0.61230 0.01855 -0.61230 0.01855 -0.37695 0.28320 -0.43066 0.24609 -0.61230 0.01855 -0.23926 0.28320 -0.43066 0.01855 -0.37695 0.01855 -0.23926 0.43457 -0.32422 0.28320 -0.43066 0.01855 -0.08594 0.43457 -0.32422 0.01855 -0.23926 0.01855 -0.08594 0.46875 -0.01562 0.43457 -0.32422 0.61133 -0.75293 0.38770 -0.98438 0.38770 -0.78613 0.61133 -0.75293 0.61328 -0.98438 0.38770 -0.98438 0.70996 -0.62207 0.61328 -0.98438 0.61133 -0.75293 0.70996 -0.62207 0.70996 -0.98438 0.61328 -0.98438 0.99023 -0.59180 0.70996 -0.98438 0.70996 -0.62207 0.99023 -0.59180 0.99023 -0.98438 0.70996 -0.98438 0.28516 -0.82129 0.01074 -0.94043 0.05371 -0.82129 0.28516 -0.82129 0.35938 -0.94043 0.01074 -0.94043 0.05371 -0.82129 0.35938 -0.94043 0.28516 -0.82129 0.05371 -0.82129 0.01074 -0.94043 0.35938 -0.94043 0.39062 -0.68848 0.29980 -0.76270 0.31055 -0.69238 0.39062 -0.68848 0.39160 -0.75879 0.29980 -0.76270 0.31055 -0.69238 0.39160 -0.75879 0.39062 -0.68848 0.31055 -0.69238 0.29980 -0.76270 0.39160 -0.75879 0.50781 -0.31836 0.77344 -0.01367 0.49609 -0.01270 0.50781 -0.31836 0.75488 -0.32031 0.77344 -0.01367 0.55859 -0.44141 0.75488 -0.32031 0.50781 -0.31836 0.55859 -0.44141 0.69824 -0.44141 0.75488 -0.32031 0.55273 -0.61035 0.69824 -0.44141 0.55859 -0.44141 0.55273 -0.61035 0.70215 -0.61035 0.69824 -0.44141 0.28320 -0.43066 0.01855 -0.61230 0.24609 -0.61230 0.28320 -0.43066 0.01855 -0.37695 0.01855 -0.61230 0.43457 -0.32422 0.01855 -0.37695 0.28320 -0.43066 0.43457 -0.32422 0.01855 -0.23926 0.01855 -0.37695 0.46875 -0.01562 0.01855 -0.23926 0.43457 -0.32422 0.46875 -0.01562 0.01855 -0.08594 0.01855 -0.23926 0.61328 -0.98438 0.38770 -0.78613 0.38770 -0.98438 0.61328 -0.98438 0.61133 -0.75293 0.38770 -0.78613 0.70996 -0.98438 0.61133 -0.75293 0.61328 -0.98438 0.70996 -0.98438 0.70996 -0.62207 0.61133 -0.75293 0.99023 -0.98438 0.70996 -0.62207 0.70996 -0.98438 0.99023 -0.98438 0.99023 -0.59180 0.70996 -0.62207 0.35938 -0.94043 0.01074 -0.94043 0.05371 -0.82129 0.28516 -0.82129 0.10938 -0.76367 0.03027 -0.69336 0.31055 -0.69238 0.29980 -0.76270 0.91992 -0.24512 0.98730 -0.24512 0.98730 -0.01270 0.91992 -0.01270 0.91992 -0.24512 0.98730 -0.24512 0.98730 -0.08496 0.91992 -0.01270 0.35938 -0.94043 0.28516 -0.82129 0.05371 -0.82129 0.01074 -0.94043 0.10938 -0.76367 0.29980 -0.76270 0.31055 -0.69238 0.03027 -0.69336 0.91992 -0.24512 0.91992 -0.01270 0.98730 -0.01270 0.98730 -0.24512 0.91992 -0.24512 0.91992 -0.01270 0.98730 -0.08496 0.98730 -0.24512 0.01855 -0.08594 0.08984 -0.01562 0.46875 -0.01562 0.08984 -0.01562 0.01855 -0.08594 0.46875 -0.01562</float_array>
     <technique_common>
      <accessor count="182" offset="0" source="#realb09_1-lib-texcoords-array" stride="2">
       <param name="U" type="float"/>
       <param name="V" type="float"/>
      </accessor>
     </technique_common>
    </source>
    <vertices id="realb09_1-lib-vertices">
     <input semantic="POSITION" source="#realb09_1-lib-positions"/>
    </vertices>
    <polylist count="58" material="mat3.png">
     <input offset="0" semantic="VERTEX" source="#realb09_1-lib-vertices"/>
     <input offset="1" semantic="NORMAL" source="#realb09_1-lib-normals"/>
     <input offset="2" semantic="TEXCOORD" source="#realb09_1-lib-texcoords"/>
     <vcount>3 3 3 3 3 3 3 3 3 3 3 3 3 3 3 3 3 3 3 3 3 3 3 3 3 3 3 3 3 3 3 3 3 3 3 3 3 3 3 3 3 3 3 3 3 3 3 3 4 4 4 4 4 4 4 4 3 3</vcount>
     <p>2 2 2 1 1 1 0 0 0 1 5 5 3 4 4 0 3 3 0 8 8 3 7 7 4 6 6 3 11 11 5 10 10 4 9 9 8 14 14 7 13 13 6 12 12 7 17 17 9 16 16 6 15 15 6 20 20 9 19 19 10 18 18 9 23 23 11 22 22 10 21 21 10 26 26 11 25 25 12 24 24 11 29 29 13 28 28 12 27 27 15 32 32 13 31 31 14 30 30 13 35 35 11 34 34 14 33 33 14 38 38 11 37 37 16 36 36 11 41 41 9 40 40 16 39 39 16 44 44 9 43 43 17 42 42 9 47 47 7 46 46 17 45 45 12 50 50 18 49 49 10 48 48 18 53 53 19 52 52 10 51 51 10 56 56 19 55 55 6 54 54 19 59 59 20 58 58 6 57 57 6 62 62 20 61 61 8 60 60 20 65 65 21 64 64 8 63 63 1 68 68 8 67 67 3 66 66 8 71 71 21 70 70 3 69 69 3 74 74 21 73 73 5 72 72 21 77 77 22 76 76 5 75 75 24 80 80 23 79 79 17 78 78 23 83 83 25 82 82 17 81 81 17 86 86 25 85 85 26 84 84 25 89 89 27 88 88 26 87 87 29 92 92 22 91 91 28 90 90 22 95 95 30 94 94 28 93 93 28 98 98 30 97 97 31 96 96 30 101 101 32 100 100 31 99 99 31 104 104 32 103 103 33 102 102 32 107 107 34 106 106 33 105 105 33 110 110 15 109 109 31 108 108 15 113 113 14 112 112 31 111 111 31 116 116 14 115 115 28 114 114 14 119 119 16 118 118 28 117 117 28 122 122 16 121 121 29 120 120 16 125 125 17 124 124 29 123 123 18 128 128 34 127 127 19 126 126 34 131 131 32 130 130 19 129 129 19 134 134 32 133 133 20 132 132 32 137 137 30 136 136 20 135 135 20 140 140 30 139 139 21 138 138 30 143 143 22 142 142 21 141 141 1 147 147 35 146 146 7 145 145 8 144 144 23 151 151 24 150 150 7 149 149 35 148 148 36 154 155 35 154 154 1 153 153 2 152 152 25 158 159 23 157 158 35 156 157 36 155 156 29 162 163 37 161 162 5 160 161 22 159 160 29 166 167 26 165 166 27 164 165 37 163 164 5 169 171 37 169 170 38 168 169 4 167 168 37 172 175 27 172 174 25 171 173 38 170 172 7 175 178 24 174 177 17 173 176 29 178 181 17 177 180 26 176 179</p>
    </polylist>
   </mesh>
  </geometry>
  <geometry id="realb09_2-lib" name="realb09_2">
   <mesh>
    <source id="realb09_2-lib-positions" name="position">
     <float_array id="realb09_2-lib-positions-array" count="108">14.35054 26.62835 0.07039 15.33495 24.64257 2.05566 14.35084 24.64194 2.05556 15.33468 26.62800 0.07039 14.35021 24.64209 -1.91535 15.33432 24.64272 -1.91525 14.35048 22.65666 0.06992 15.33462 22.65631 0.06993 0.00000 17.68726 -2.91895 2.68359 16.87476 -1.30664 2.68359 17.67261 -1.30664 0.00000 16.86011 -2.91895 -2.68262 17.67261 -1.30664 -2.68262 16.87476 -1.30664 0.00000 16.86011 2.91895 2.68359 17.67261 1.30664 2.68359 16.87476 1.30664 0.00000 17.68726 2.91895 -2.68359 16.87476 1.30664 -2.68359 17.67261 1.30664 4.66357 2.57313 3.02122 4.66357 3.67980 3.02132 4.66357 3.68026 -2.46807 4.66357 2.57359 -2.46816 0.00244 3.67980 3.02132 0.00244 2.57313 3.02122 0.00244 3.68026 -2.46807 0.00244 2.57359 -2.46816 -4.66357 2.57309 3.02304 -4.66357 2.57219 -2.46687 -4.66357 3.67896 -2.46705 -4.66357 3.67987 3.02286 -0.00244 3.67987 3.02286 -0.00244 2.57309 3.02304 -0.00244 3.67896 -2.46705 -0.00244 2.57219 -2.46687</float_array>
     <technique_common>
      <accessor count="36" source="#realb09_2-lib-positions-array" stride="3">
       <param name="X" type="float"/>
       <param name="Y" type="float"/>
       <param name="Z" type="float"/>
      </accessor>
     </technique_common>
    </source>
    <source id="realb09_2-lib-normals" name="normal">
     <float_array id="realb09_2-lib-normals-array" count="207">0.00008 0.70704 0.70718 -0.00036 0.70693 0.70729 -0.00053 0.70689 0.70733 0.00008 0.70704 0.70718 0.00025 0.70708 0.70713 -0.00036 0.70693 0.70729 -0.00024 0.70714 -0.70708 0.00012 0.70705 -0.70717 0.00025 0.70701 -0.70720 -0.00024 0.70714 -0.70708 -0.00038 0.70717 -0.70704 0.00012 0.70705 -0.70717 -0.00008 -0.70693 -0.70729 0.00036 -0.70704 -0.70718 0.00052 -0.70708 -0.70713 -0.00008 -0.70693 -0.70729 -0.00025 -0.70689 -0.70733 0.00036 -0.70704 -0.70718 0.00024 -0.70705 0.70717 -0.00012 -0.70714 0.70708 -0.00025 -0.70717 0.70704 0.00024 -0.70705 0.70717 0.00038 -0.70701 0.70720 -0.00012 -0.70714 0.70708 0.51500 0.00000 -0.85719 0.86992 0.00000 -0.49319 0.86992 0.00000 -0.49319 0.51500 0.00000 -0.85719 0.86992 0.00000 -0.49319 -0.86987 0.00000 -0.49328 -0.51514 0.00000 -0.85711 -0.51514 -0.00000 -0.85711 -0.86987 0.00000 -0.49328 -0.86987 0.00000 -0.49329 -0.51514 0.00000 -0.85711 0.51500 0.00000 0.85719 0.86992 0.00000 0.49319 0.86992 0.00000 0.49319 0.51500 0.00000 0.85719 0.86992 0.00000 0.49319 -0.87001 0.00000 0.49303 -0.51500 0.00000 0.85719 -0.87001 0.00000 0.49303 -0.87001 0.00000 0.49303 -0.51500 0.00000 0.85719 0.86992 0.00000 0.49319 0.86992 0.00000 0.49319 0.86992 0.00000 -0.49319 0.86992 0.00000 -0.49319 1.00000 0.00000 0.00000 0.00000 -0.00008 1.00000 -1.00000 0.00000 0.00000 0.00000 0.00008 -1.00000 0.00000 1.00000 0.00008 0.00000 -1.00000 -0.00008 -0.87001 0.00000 0.49303 -0.86987 0.00000 -0.49329 -0.86987 0.00000 -0.49328 -0.87001 0.00000 0.49303 -1.00000 0.00000 0.00000 0.00000 0.00016 1.00000 1.00000 0.00000 0.00000 0.00000 -0.00017 -1.00000 0.00000 1.00000 -0.00016 0.00000 -1.00000 0.00017</float_array>
     <technique_common>
      <accessor count="65" source="#realb09_2-lib-normals-array" stride="3">
       <param name="X" type="float"/>
       <param name="Y" type="float"/>
       <param name="Z" type="float"/>
      </accessor>
     </technique_common>
    </source>
    <source id="realb09_2-lib-texcoords">
     <float_array id="realb09_2-lib-texcoords-array" count="208">2.01953 0.01953 0.01172 -0.98047 0.01172 0.01953 2.01953 0.01953 2.01953 -0.98047 0.01172 -0.98047 4.02734 0.01953 2.01953 -0.98047 2.01953 0.01953 4.02734 0.01953 4.02734 -0.98047 2.01953 -0.98047 6.03125 0.01953 4.02734 -0.98047 4.02734 0.01953 6.03125 0.01953 6.03125 -0.98047 4.02734 -0.98047 8.03906 0.01953 6.03125 -0.98047 6.03125 0.01953 8.03906 0.01953 8.03906 -0.98047 6.03125 -0.98047 2.01953 0.00391 0.01562 -1.00391 0.01562 -0.01953 2.01953 0.00391 2.01953 -0.98047 0.01562 -1.00391 0.01562 -0.01953 2.01953 -0.98047 2.01953 0.00391 0.01562 -0.01953 0.01562 -1.00391 2.01953 -0.98047 0.00391 -0.96875 2.01953 -0.00391 2.01953 -0.96484 0.00391 -0.96875 0.00391 -0.01562 2.01953 -0.00391 2.01953 -0.96484 0.00391 -0.01562 0.00391 -0.96875 2.01953 -0.96484 2.01953 -0.00391 0.00391 -0.01562 0.00781 -0.99609 0.00781 -0.01172 2.00391 -0.01172 2.00391 -0.99609 2.15234 -1.00000 2.15234 -0.01953 5.51953 -0.01953 5.51953 -1.00000 0.01172 -0.01953 3.26172 -0.01953 3.26172 -1.00000 0.01172 -1.00000 1.04688 -0.01953 3.11719 -0.01953 3.11719 -1.00000 1.04688 -1.00000 0.01172 -0.01953 3.11719 -0.01953 3.11719 -1.00000 0.01172 -1.00000 0.30859 -0.27734 0.47656 -0.27734 0.32812 -0.31641 0.30859 -0.31641 0.47656 -0.27734 0.30859 -0.27734 0.30859 -0.31641 0.32812 -0.31641 0.00781 -0.99609 2.00391 -0.99609 2.00391 -0.01172 0.00781 -0.01172 2.15234 -1.00000 5.51953 -1.00000 5.51953 -0.01953 2.15234 -0.01953 0.01172 -0.01953 0.01172 -1.00000 3.26172 -1.00000 3.26172 -0.01953 1.04688 -0.01953 1.04688 -1.00000 3.11719 -1.00000 3.11719 -0.01953 0.01172 -0.01953 0.01172 -1.00000 3.11719 -1.00000 3.11719 -0.01953 0.30859 -0.27734 0.30859 -0.31641 0.32812 -0.31641 0.47656 -0.27734 0.47656 -0.27734 0.32812 -0.31641 0.30859 -0.31641 0.30859 -0.27734</float_array>
     <technique_common>
      <accessor count="104" offset="0" source="#realb09_2-lib-texcoords-array" stride="2">
       <param name="U" type="float"/>
       <param name="V" type="float"/>
      </accessor>
     </technique_common>
    </source>
    <vertices id="realb09_2-lib-vertices">
     <input semantic="POSITION" source="#realb09_2-lib-positions"/>
    </vertices>
    <polylist count="30" material="mat1.png">
     <input offset="0" semantic="VERTEX" source="#realb09_2-lib-vertices"/>
     <input offset="1" semantic="NORMAL" source="#realb09_2-lib-normals"/>
     <input offset="2" semantic="TEXCOORD" source="#realb09_2-lib-texcoords"/>
     <vcount>3 3 3 3 3 3 3 3 3 3 3 3 3 3 3 3 4 4 4 4 4 4 4 4 4 4 4 4 4 4</vcount>
     <p>2 2 2 1 1 1 0 0 0 1 5 5 3 4 4 0 3 3 0 8 8 3 7 7 4 6 6 3 11 11 5 10 10 4 9 9 4 14 14 5 13 13 6 12 12 5 17 17 7 16 16 6 15 15 6 20 20 7 19 19 2 18 18 7 23 23 1 22 22 2 21 21 10 26 26 9 25 25 8 24 24 9 28 29 11 27 28 8 27 27 8 31 32 11 30 31 12 29 30 11 34 35 13 33 34 12 32 33 16 37 38 15 36 37 14 35 36 15 39 41 17 38 40 14 38 39 14 41 44 17 41 43 18 40 42 17 44 47 19 43 46 18 42 45 9 48 51 10 47 50 15 46 49 16 45 48 23 49 55 22 49 54 21 49 53 20 49 52 25 50 59 20 50 58 21 50 57 24 50 56 27 51 63 25 51 62 24 51 61 26 51 60 23 52 67 27 52 66 26 52 65 22 52 64 26 53 71 24 53 70 21 53 69 22 53 68 25 54 75 27 54 74 23 54 73 20 54 72 19 58 79 12 57 78 13 56 77 18 55 76 31 59 83 30 59 82 29 59 81 28 59 80 31 60 87 28 60 86 33 60 85 32 60 84 32 61 91 33 61 90 35 61 89 34 61 88 34 62 95 35 62 94 29 62 93 30 62 92 31 63 99 32 63 98 34 63 97 30 63 96 29 64 103 35 64 102 33 64 101 28 64 100</p>
    </polylist>
   </mesh>
  </geometry>
  <geometry id="realb09_3-lib" name="realb09_3">
   <mesh>
    <source id="realb09_3-lib-positions" name="position">
     <float_array id="realb09_3-lib-positions-array" count="57">13.91202 26.68649 4.38179 9.64347 26.68678 -2.41880 9.64301 26.68597 2.50894 13.91101 26.68738 -4.29114 18.18054 26.68713 2.50946 18.18007 26.68703 -2.41936 13.91203 28.68763 0.04460 13.53648 25.37469 -2.14413 12.90662 25.35311 1.84157 14.05165 27.09999 2.14763 14.05200 27.10040 -2.06075 13.16170 27.10017 -2.06095 13.16232 27.09970 2.14842 12.24200 25.29083 -1.95360 12.24235 25.29028 2.04082 12.61015 27.09971 2.14835 12.61051 27.10021 -2.06100 11.88049 27.09976 -2.06076 11.88111 27.09938 2.14763</float_array>
     <technique_common>
      <accessor count="19" source="#realb09_3-lib-positions-array" stride="3">
       <param name="X" type="float"/>
       <param name="Y" type="float"/>
       <param name="Z" type="float"/>
      </accessor>
     </technique_common>
    </source>
    <source id="realb09_3-lib-normals" name="normal">
     <float_array id="realb09_3-lib-normals-array" count="171">0.00013 -1.00000 -0.00012 0.00012 -1.00000 -0.00012 0.00019 -1.00000 -0.00016 0.00013 -1.00000 -0.00012 0.00005 -1.00000 -0.00007 0.00012 -1.00000 -0.00012 0.00005 -1.00000 -0.00007 0.00005 -1.00000 -0.00007 0.00013 -1.00000 -0.00012 0.00005 -1.00000 -0.00007 -0.00009 -1.00000 0.00002 0.00005 -1.00000 -0.00007 -0.00006 1.00000 0.00001 -0.00014 0.90801 0.41895 -0.31770 0.92640 0.20212 -0.00006 1.00000 0.00001 0.31752 0.92647 0.20207 -0.00014 0.90801 0.41895 -0.00006 1.00000 0.00001 -0.00009 0.90803 -0.41891 0.31761 0.92644 -0.20206 -0.00006 1.00000 0.00001 -0.31773 0.92643 -0.20191 -0.00009 0.90803 -0.41891 0.90242 -0.42429 0.07489 0.90242 -0.42429 0.07489 0.90242 -0.42429 0.07489 0.90242 -0.42429 0.07489 -0.99649 -0.02944 -0.07831 -0.99649 -0.02944 -0.07831 -0.99649 -0.02944 -0.07831 -0.99649 -0.02944 -0.07831 0.97992 -0.19938 -0.00003 0.97992 -0.19938 -0.00003 0.97992 -0.19938 -0.00003 0.97992 -0.19938 -0.00003 -0.98063 -0.19589 0.00009 -0.98063 -0.19589 0.00009 -0.98063 -0.19589 0.00009 -0.31770 0.92640 0.20212 -0.31773 0.92643 -0.20191 -0.00006 1.00000 0.00001 -0.00006 1.00000 0.00001 0.31761 0.92644 -0.20206 0.31752 0.92647 0.20207 0.00093 -0.17317 0.98489 0.00093 -0.17317 0.98489 0.00093 -0.17317 0.98489 0.00021 0.04820 -0.99884 0.00021 0.04820 -0.99884 0.00021 0.04820 -0.99884 -0.00095 -0.05913 0.99825 -0.00095 -0.05913 0.99825 -0.00095 -0.05913 0.99825 -0.00030 -0.05920 -0.99825 -0.00030 -0.05920 -0.99825</float_array>
     <technique_common>
      <accessor count="56" source="#realb09_3-lib-normals-array" stride="3">
       <param name="X" type="float"/>
       <param name="Y" type="float"/>
       <param name="Z" type="float"/>
      </accessor>
     </technique_common>
    </source>
    <source id="realb09_3-lib-texcoords">
     <float_array id="realb09_3-lib-texcoords-array" count="116">0.33008 -0.89648 0.29199 -0.96094 0.29199 -0.91797 0.33008 -0.89648 0.33008 -0.98242 0.29199 -0.96094 0.36719 -0.91797 0.33008 -0.98242 0.33008 -0.89648 0.36719 -0.91797 0.36719 -0.96094 0.33008 -0.98242 0.50000 0.00000 0.50000 -1.00000 0.00000 -1.00000 0.50000 0.00000 1.00000 -1.00000 0.50000 -1.00000 0.50000 0.00000 0.50000 -1.00000 0.00000 -1.00000 0.50000 0.00000 1.00000 -1.00000 0.50000 -1.00000 0.12598 -0.58691 0.08398 -0.57422 0.08887 -0.55469 0.13281 -0.56738 0.03516 -0.56836 0.07910 -0.55469 0.08398 -0.57422 0.04199 -0.58789 0.10547 -0.57422 0.06152 -0.57422 0.06055 -0.55469 0.10645 -0.55469 0.06055 -0.55469 0.10645 -0.55469 0.10547 -0.57422 0.06152 -0.57422 1.00000 -1.00000 0.00000 -1.00000 0.50000 0.00000 0.50000 0.00000 1.00000 -1.00000 0.00000 -1.00000 0.07910 -0.55469 0.08887 -0.55469 0.08398 -0.57422 0.04199 -0.58789 0.02734 -0.57422 0.03516 -0.56836 0.08008 -0.55469 0.08789 -0.55469 0.08398 -0.57422 0.08398 -0.57422 0.08008 -0.55469 0.08789 -0.55469</float_array>
     <technique_common>
      <accessor count="58" offset="0" source="#realb09_3-lib-texcoords-array" stride="2">
       <param name="U" type="float"/>
       <param name="V" type="float"/>
      </accessor>
     </technique_common>
    </source>
    <vertices id="realb09_3-lib-vertices">
     <input semantic="POSITION" source="#realb09_3-lib-positions"/>
    </vertices>
    <polylist count="18" material="mat6.png">
     <input offset="0" semantic="VERTEX" source="#realb09_3-lib-vertices"/>
     <input offset="1" semantic="NORMAL" source="#realb09_3-lib-normals"/>
     <input offset="2" semantic="TEXCOORD" source="#realb09_3-lib-texcoords"/>
     <vcount>3 3 3 3 3 3 3 3 4 4 4 4 3 3 3 3 3 3</vcount>
     <p>2 2 2 1 1 1 0 0 0 1 5 5 3 4 4 0 3 3 0 8 8 3 7 7 4 6 6 3 11 11 5 10 10 4 9 9 2 14 14 0 13 13 6 12 12 0 17 17 4 16 16 6 15 15 5 20 20 3 19 19 6 18 18 3 23 23 1 22 22 6 21 21 10 27 27 9 26 26 8 25 25 7 24 24 7 31 31 8 30 30 12 29 29 11 28 28 16 35 35 15 34 34 14 33 33 13 32 32 13 38 39 14 38 38 18 37 37 17 36 36 6 41 42 1 40 41 2 39 40 4 44 45 5 43 44 6 42 43 8 47 48 9 46 47 12 45 46 11 50 51 10 49 50 7 48 49 14 53 54 15 52 53 18 51 52 17 55 57 16 54 56 13 54 55</p>
    </polylist>
   </mesh>
  </geometry>
  <geometry id="realb09_4-lib" name="realb09_4">
   <mesh>
    <source id="realb09_4-lib-positions" name="position">
     <float_array id="realb09_4-lib-positions-array" count="387">5.91618 25.17340 2.84326 3.96708 22.97882 1.88195 3.96699 24.45107 2.49893 5.91602 22.68310 2.05534 7.20812 25.10754 2.87121 7.20811 22.59701 2.12837 5.91691 27.63787 1.36049 5.16487 25.98464 2.38050 5.16519 26.81173 1.78146 7.20846 27.69092 1.40725 5.91645 27.63879 -1.14798 3.96684 26.68683 0.92645 3.96682 26.68726 -0.71447 7.20819 27.69040 -1.19459 7.20849 25.10784 -2.65915 5.91696 25.14577 -2.47693 5.16509 26.61365 -1.66168 5.16502 26.03611 -1.96504 5.91649 22.68395 -1.84382 3.96729 24.45136 -2.28653 3.96735 22.97932 -1.67080 7.20837 22.59768 -1.91606 10.84926 24.70554 1.24621 7.91213 26.13239 0.05840 12.99693 25.81859 0.02774 7.91231 24.63593 1.55497 10.90618 23.01709 0.00277 7.91195 23.13976 0.05916 10.00698 24.62122 -1.38671 7.91275 24.63626 -1.43740 14.35048 22.65666 0.06992 14.35084 24.64194 2.05556 14.35021 24.64209 -1.91535 11.24926 24.69785 -1.27915 14.35054 26.62835 0.07039 7.78365 22.57197 0.07367 7.78546 24.63615 -1.99104 7.78405 26.69993 0.07308 7.78517 24.63585 2.13783 4.28030 22.68014 0.07332 4.28061 24.63613 -1.88254 4.28027 26.59194 0.07359 4.28000 24.63507 2.02838 10.40943 24.63700 -1.79337 11.17663 26.50326 0.07436 10.41043 26.50350 0.07434 11.17661 24.63679 -1.79335 10.41006 22.76945 0.07419 11.17626 22.76921 0.07420 10.41009 24.63601 1.94093 11.17723 24.63677 1.94105 9.00514 24.11159 0.03668 15.52282 26.24046 0.07438 14.24915 25.83000 0.07436 15.52322 24.63728 -1.52936 14.25534 23.05852 0.07418 15.52298 23.03383 0.07421 14.25534 24.64506 1.43251 15.52356 24.63713 1.67700 -5.91602 22.68310 2.05534 -3.96699 24.45107 2.49893 -3.96708 22.97882 1.88195 -5.91618 25.17340 2.84326 -7.20811 22.59701 2.12837 -7.20812 25.10754 2.87121 -5.16519 26.81173 1.78146 -5.16487 25.98464 2.38050 -5.91691 27.63787 1.36049 -7.20846 27.69092 1.40725 -3.96682 26.68726 -0.71447 -3.96684 26.68683 0.92645 -5.91645 27.63879 -1.14798 -7.20819 27.69040 -1.19459 -5.91696 25.14577 -2.47693 -7.20849 25.10784 -2.65915 -5.16502 26.03611 -1.96504 -5.16509 26.61365 -1.66168 -3.96735 22.97932 -1.67080 -3.96729 24.45136 -2.28653 -5.91649 22.68395 -1.84382 -7.20837 22.59768 -1.91606 -7.91231 24.63593 1.55497 -10.84923 26.06981 0.16723 -7.91213 26.13239 0.05840 -10.84926 24.70554 1.24621 -7.91195 23.13976 0.05916 -10.84969 23.34052 0.16692 -7.91275 24.63626 -1.43740 -10.00698 24.62122 -1.38671 -13.86011 24.64484 2.05830 -13.85990 22.65586 0.07033 -11.24926 24.69785 -1.27915 -13.85960 24.64227 -1.91485 -13.85998 26.62765 0.06982 -7.78546 24.63615 -1.99104 -7.78365 22.57197 0.07367 -7.78405 26.69993 0.07308 -7.78517 24.63585 2.13783 -4.28061 24.63613 -1.88254 -4.28030 22.68014 0.07332 -4.28027 26.59194 0.07359 -4.28098 24.63511 2.02839 -11.17661 24.63679 -1.79335 -10.41043 26.50350 0.07434 -11.17663 26.50326 0.07436 -10.40943 24.63700 -1.79337 -11.17626 22.76921 0.07420 -10.41006 22.76945 0.07419 -11.17723 24.63677 1.94105 -10.41009 24.63601 1.94093 -15.78407 24.63725 -1.91665 -14.86649 26.62865 0.07409 -15.78419 26.62787 0.07443 -14.86641 24.63706 -1.91709 -15.78449 22.64540 0.07387 -14.86680 22.64618 0.07353 -15.78457 24.63700 2.06504 -14.86691 24.63681 2.06460 10.40056 24.62175 -1.27188 10.84962 24.70576 -0.91196 4.28079 24.63557 0.07341 -10.40056 24.62175 -1.27188 -10.84962 24.70576 -0.91196 -4.28079 24.63557 0.07341 -14.86641 24.63683 -1.67960 -13.86047 24.64784 -1.92115 -14.86680 26.39102 0.07378 -14.86692 24.63704 1.82712 -14.86652 22.88285 0.07374</float_array>
     <technique_common>
      <accessor count="129" source="#realb09_4-lib-positions-array" stride="3">
       <param name="X" type="float"/>
       <param name="Y" type="float"/>
       <param name="Z" type="float"/>
      </accessor>
     </technique_common>
    </source>
    <source id="realb09_4-lib-normals" name="normal">
     <float_array id="realb09_4-lib-normals-array" count="1650">-0.03257 0.06572 0.99731 -0.08506 -0.33543 0.93822 -0.01969 -0.38643 0.92211 -0.03257 0.06572 0.99731 -0.09414 -0.29363 0.95127 -0.08506 -0.33543 0.93822 -0.02292 0.09387 0.99532 -0.09414 -0.29363 0.95127 -0.03257 0.06572 0.99731 -0.02292 0.09387 0.99532 -0.07291 -0.28297 0.95635 -0.09414 -0.29363 0.95127 -0.05803 0.82188 0.56670 -0.00413 0.52644 0.85020 -0.18778 0.57619 0.79545 -0.05803 0.82188 0.56670 -0.03257 0.06572 0.99731 -0.00413 0.52644 0.85020 -0.04452 0.86624 0.49764 -0.03257 0.06572 0.99731 -0.05803 0.82188 0.56670 -0.04452 0.86624 0.49764 -0.02292 0.09387 0.99532 -0.03257 0.06572 0.99731 -0.22846 0.97355 0.00037 -0.43848 0.89874 0.00033 -0.43856 0.89870 0.00024 -0.22846 0.97355 0.00037 -0.43842 0.89877 0.00041 -0.43848 0.89874 0.00033 -0.04025 0.99919 0.00020 -0.05803 0.82188 0.56670 -0.22846 0.97355 0.00037 -0.04025 0.99919 0.00020 -0.04452 0.86624 0.49764 -0.05803 0.82188 0.56670 -0.05898 0.48199 -0.87419 -0.12814 0.09367 -0.98732 -0.05104 0.49265 -0.86873 -0.05898 0.48199 -0.87419 -0.08638 0.07222 -0.99364 -0.12814 0.09367 -0.98732 -0.04067 0.46913 -0.88219 -0.08638 0.07222 -0.99364 -0.05898 0.48199 -0.87419 -0.04067 0.46913 -0.88219 -0.05200 0.46439 -0.88410 -0.08638 0.07222 -0.99364 -0.06772 -0.27704 -0.95847 -0.06325 -0.30757 -0.94942 -0.13901 -0.38214 -0.91359 -0.06772 -0.27704 -0.95847 -0.08638 0.07222 -0.99364 -0.06325 -0.30757 -0.94942 -0.09249 -0.25853 -0.96156 -0.08638 0.07222 -0.99364 -0.06772 -0.27704 -0.95847 -0.09249 -0.25853 -0.96156 -0.12814 0.09367 -0.98732 -0.08638 0.07222 -0.99364 0.00965 0.73364 0.67947 0.05398 0.70215 0.70998 -0.36205 0.86691 0.34262 0.00965 0.73364 0.67947 0.05748 0.70597 0.70591 0.05398 0.70215 0.70998 -0.01578 -0.61587 0.78769 0.02895 -0.66339 0.74771 -0.01137 -0.61808 0.78603 -0.01578 -0.61587 0.78769 -0.01564 -0.70693 0.70711 0.02895 -0.66339 0.74771 0.06503 -0.64817 -0.75872 -0.01475 -0.68762 -0.72592 -0.05451 -0.62885 -0.77562 0.06503 -0.64817 -0.75872 0.01204 -0.70707 -0.70704 -0.01475 -0.68762 -0.72592 0.05034 0.69869 -0.71365 0.03547 0.71400 -0.69925 0.05206 0.70524 -0.70706 0.05034 0.69869 -0.71365 0.03934 0.70649 -0.70663 0.03547 0.71400 -0.69925 -0.14141 -0.66347 0.73472 -0.01137 -0.61808 0.78603 -0.17360 -0.69642 0.69632 -0.14141 -0.66347 0.73472 -0.01578 -0.61587 0.78769 -0.01137 -0.61808 0.78603 -0.10046 -0.66288 -0.74196 -0.05451 -0.62885 -0.77562 -0.06010 -0.70580 -0.70585 -0.10046 -0.66288 -0.74196 -0.34821 -0.52252 -0.77828 -0.05451 -0.62885 -0.77562 -0.24431 0.78777 -0.56545 -0.27793 0.85287 -0.44200 -0.13123 0.70091 -0.70107 -0.24431 0.78777 -0.56545 -0.36205 0.86691 0.34262 -0.27793 0.85287 -0.44200 -0.23609 0.76374 0.60080 -0.36205 0.86691 0.34262 -0.40667 0.64576 0.64623 -0.23609 0.76374 0.60080 0.00965 0.73364 0.67947 -0.36205 0.86691 0.34262 0.97456 -0.00025 -0.22412 0.97544 -0.22028 0.00153 0.97535 -0.22052 -0.00754 0.97456 -0.00025 -0.22412 0.97455 -0.00016 -0.22416 0.97544 -0.22028 0.00153 0.97541 0.22027 -0.00719 0.97455 -0.00016 -0.22416 0.97456 -0.00025 -0.22412 0.97541 0.22027 -0.00719 0.97550 0.21998 0.00166 0.97455 -0.00016 -0.22416 0.97701 0.00029 0.21318 0.97550 0.21998 0.00166 0.97541 0.22027 -0.00719 0.97701 0.00029 0.21318 0.97699 -0.00002 0.21327 0.97550 0.21998 0.00166 0.97535 -0.22052 -0.00754 0.97699 -0.00002 0.21327 0.97701 0.00029 0.21318 0.97535 -0.22052 -0.00754 0.97544 -0.22028 0.00153 0.97699 -0.00002 0.21327 -0.02181 -0.70697 -0.70690 -0.02183 -0.70696 -0.70692 -0.02176 -0.70702 -0.70686 -0.02181 -0.70697 -0.70690 -0.02188 -0.70691 -0.70696 -0.02183 -0.70696 -0.70692 -0.02189 0.70699 -0.70688 -0.02189 0.70699 -0.70688 -0.02189 0.70699 -0.70689 -0.02189 0.70699 -0.70688 -0.02189 0.70699 -0.70688 -0.02189 0.70699 -0.70688 -0.02193 0.70684 0.70703 -0.02200 0.70677 0.70710 -0.02169 0.70705 0.70683 -0.02193 0.70684 0.70703 -0.02224 0.70656 0.70731 -0.02200 0.70677 0.70710 -0.02191 -0.70697 0.70690 -0.02191 -0.70697 0.70691 -0.02192 -0.70698 0.70690 -0.02191 -0.70697 0.70690 -0.02190 -0.70696 0.70691 -0.02191 -0.70697 0.70691 0.00022 0.70734 -0.70687 0.00023 0.70734 -0.70688 0.00023 0.70734 -0.70688 0.00022 0.70734 -0.70687 0.00022 0.70734 -0.70687 0.00023 0.70734 -0.70688 -0.00020 -0.70710 -0.70711 -0.00018 -0.70711 -0.70711 -0.00017 -0.70711 -0.70710 -0.00020 -0.70710 -0.70711 -0.00021 -0.70710 -0.70711 -0.00018 -0.70711 -0.70711 0.00044 -0.70700 0.70721 -0.00008 -0.70711 0.70710 -0.00023 -0.70714 0.70707 0.00044 -0.70700 0.70721 0.00059 -0.70697 0.70724 -0.00008 -0.70711 0.70710 0.00003 0.70711 0.70711 -0.00063 0.70697 0.70724 -0.00081 0.70693 0.70728 0.00003 0.70711 0.70711 0.00021 0.70714 0.70707 -0.00063 0.70697 0.70724 -0.22143 0.69012 -0.68899 -0.22143 0.69012 -0.68899 -0.24894 0.77249 -0.58420 -0.22143 0.69012 -0.68899 -0.22128 0.68967 -0.68948 -0.22143 0.69012 -0.68899 -0.08624 -0.67500 -0.73276 -0.08364 -0.67624 -0.73192 -0.12611 -0.65524 -0.74482 -0.08624 -0.67500 -0.73276 -0.01375 -0.70707 -0.70701 -0.08364 -0.67624 -0.73192 -0.09913 -0.68581 0.72100 -0.05726 -0.66944 0.74066 -0.01269 -0.65031 0.75956 -0.09913 -0.68581 0.72100 -0.13939 -0.70007 0.70034 -0.05726 -0.66944 0.74066 -0.19006 0.70914 0.67896 -0.16256 0.72522 0.66905 -0.12119 0.74770 0.65289 -0.19006 0.70914 0.67896 -0.22213 0.68924 0.68965 -0.16256 0.72522 0.66905 0.08286 -0.31825 0.94438 0.09165 -0.33621 0.93732 0.13933 -0.38274 0.91329 0.08286 -0.31825 0.94438 0.02532 0.09007 0.99561 0.09165 -0.33621 0.93732 0.06239 -0.29578 0.95322 0.02532 0.09007 0.99561 0.08286 -0.31825 0.94438 0.06239 -0.29578 0.95322 0.02427 0.10973 0.99367 0.02532 0.09007 0.99561 0.02532 0.09007 0.99561 0.05348 0.52571 0.84898 -0.13327 0.58131 0.80269 0.02532 0.09007 0.99561 0.05137 0.50328 0.86260 0.05348 0.52571 0.84898 0.02427 0.10973 0.99367 0.05137 0.50328 0.86260 0.02532 0.09007 0.99561 0.02427 0.10973 0.99367 0.05168 0.49237 0.86885 0.05137 0.50328 0.86260 0.22901 0.97342 0.00037 0.43847 0.89875 0.00033 0.43839 0.89879 0.00024 0.22901 0.97342 0.00037 0.22867 0.97350 0.00018 0.43847 0.89875 0.00033 0.04071 0.99917 0.00020 0.22867 0.97350 0.00018 0.22901 0.97342 0.00037 0.04071 0.99917 0.00020 0.03993 0.99920 -0.00020 0.22867 0.97350 0.00018 0.09969 0.07235 -0.99238 0.06631 0.47567 -0.87712 0.12387 0.11463 -0.98565 0.09969 0.07235 -0.99238 0.04750 0.46941 -0.88170 0.06631 0.47567 -0.87712 0.04142 0.46915 -0.88215 0.04750 0.46941 -0.88170 0.09969 0.07235 -0.99238 0.04142 0.46915 -0.88215 0.02916 0.46482 -0.88492 0.04750 0.46941 -0.88170 0.09969 0.07235 -0.99238 0.05242 -0.30648 -0.95043 -0.04729 -0.38545 -0.92152 0.09969 0.07235 -0.99238 0.10700 -0.26066 -0.95948 0.05242 -0.30648 -0.95043 0.12387 0.11463 -0.98565 0.10700 -0.26066 -0.95948 0.09969 0.07235 -0.99238 0.12387 0.11463 -0.98565 0.07238 -0.28311 -0.95635 0.10700 -0.26066 -0.95948 -0.01596 0.67829 0.73462 0.02867 0.63731 0.77008 0.01113 0.70709 0.70704 -0.01596 0.67829 0.73462 0.03364 0.64172 0.76620 0.02867 0.63731 0.77008 -0.06449 -0.67688 0.73326 0.09196 -0.63502 0.76700 -0.09073 -0.70412 0.70427 -0.06449 -0.67688 0.73326 0.08771 -0.63932 0.76392 0.09196 -0.63502 0.76700 -0.04980 -0.73046 -0.68113 0.04859 -0.70532 -0.70723 -0.07406 -0.70520 -0.70513 -0.04980 -0.73046 -0.68113 -0.07269 -0.74988 -0.65757 0.04859 -0.70532 -0.70723 -0.03166 0.71336 -0.70008 -0.09341 0.69744 -0.71053 -0.02219 0.70686 -0.70701 -0.03166 0.71336 -0.70008 0.05396 0.69771 -0.71434 -0.09341 0.69744 -0.71053 0.08771 -0.63932 0.76392 0.00450 -0.69318 0.72075 0.09196 -0.63502 0.76700 0.08771 -0.63932 0.76392 -0.01035 -0.70690 0.70724 0.00450 -0.69318 0.72075 0.31990 -0.64645 -0.69265 0.01253 -0.70617 -0.70793 0.04859 -0.70532 -0.70723 0.31990 -0.64645 -0.69265 0.18410 -0.69482 -0.69522 0.01253 -0.70617 -0.70793 0.05396 0.69771 -0.71434 0.15357 0.69730 -0.70013 0.29431 0.65143 -0.69930 0.05396 0.69771 -0.71434 -0.00655 0.70748 -0.70670 0.15357 0.69730 -0.70013 0.03364 0.64172 0.76620 -0.00809 0.69365 0.72027 0.02867 0.63731 0.77008 0.03364 0.64172 0.76620 0.00238 0.70782 0.70638 -0.00809 0.69365 0.72027 -0.97455 -0.00006 -0.22417 -0.97535 -0.22053 -0.00701 -0.97545 -0.22023 0.00166 -0.97455 -0.00006 -0.22417 -0.97456 0.00017 -0.22411 -0.97535 -0.22053 -0.00701 -0.97549 0.22002 0.00154 -0.97456 0.00017 -0.22411 -0.97455 -0.00006 -0.22417 -0.97549 0.22002 0.00154 -0.97541 0.22027 -0.00765 -0.97456 0.00017 -0.22411 -0.97700 -0.00016 0.21324 -0.97541 0.22027 -0.00765 -0.97549 0.22002 0.00154 -0.97700 -0.00016 0.21324 -0.97701 -0.00030 0.21320 -0.97541 0.22027 -0.00765 -0.97545 -0.22023 0.00166 -0.97701 -0.00030 0.21320 -0.97700 -0.00016 0.21324 -0.97545 -0.22023 0.00166 -0.97535 -0.22053 -0.00701 -0.97701 -0.00030 0.21320 0.02181 -0.70696 -0.70692 0.02183 -0.70697 -0.70690 0.02176 -0.70691 -0.70697 0.02181 -0.70696 -0.70692 0.02188 -0.70702 -0.70686 0.02183 -0.70697 -0.70690 0.02189 0.70699 -0.70688 0.02189 0.70699 -0.70688 0.02189 0.70699 -0.70688 0.02189 0.70699 -0.70688 0.02189 0.70699 -0.70689 0.02189 0.70699 -0.70688 0.02192 0.70678 0.70710 0.02199 0.70684 0.70703 0.02167 0.70657 0.70731 0.02192 0.70678 0.70710 0.02222 0.70704 0.70682 0.02199 0.70684 0.70703 0.02192 -0.70696 0.70691 0.02191 -0.70697 0.70691 0.02193 -0.70695 0.70692 0.02192 -0.70696 0.70691 0.02190 -0.70698 0.70690 0.02191 -0.70697 0.70691 -0.00022 0.70734 -0.70688 -0.00023 0.70734 -0.70687 -0.00023 0.70734 -0.70687 -0.00022 0.70734 -0.70688 -0.00022 0.70734 -0.70688 -0.00023 0.70734 -0.70687 0.00020 -0.70711 -0.70711 0.00018 -0.70710 -0.70711 0.00017 -0.70710 -0.70711 0.00020 -0.70711 -0.70711 0.00021 -0.70711 -0.70710 0.00018 -0.70710 -0.70711 -0.00044 -0.70711 0.70710 0.00008 -0.70700 0.70721 0.00023 -0.70697 0.70724 -0.00044 -0.70711 0.70710 -0.00059 -0.70714 0.70707 0.00008 -0.70700 0.70721 -0.00003 0.70697 0.70724 0.00063 0.70711 0.70711 0.00081 0.70714 0.70707 -0.00003 0.70697 0.70724 -0.00021 0.70693 0.70728 0.00063 0.70711 0.70711 -0.00033 0.70706 -0.70715 -0.00073 0.70716 -0.70706 -0.00087 0.70719 -0.70703 -0.00033 0.70706 -0.70715 -0.00019 0.70703 -0.70718 -0.00073 0.70716 -0.70706 0.00017 -0.70702 -0.70719 -0.00032 -0.70691 -0.70731 -0.00049 -0.70687 -0.70734 0.00017 -0.70702 -0.70719 0.00034 -0.70706 -0.70715 -0.00032 -0.70691 -0.70731 0.00033 -0.70716 0.70706 0.00073 -0.70706 0.70715 0.00087 -0.70703 0.70718 0.00033 -0.70716 0.70706 0.00019 -0.70719 0.70703 0.00073 -0.70706 0.70715 -0.00017 0.70691 0.70730 0.00032 0.70702 0.70719 0.00048 0.70706 0.70715 -0.00017 0.70691 0.70730 -0.00034 0.70687 0.70734 0.00032 0.70702 0.70719 0.37879 -0.11412 -0.91842 -0.05451 -0.62885 -0.77562 0.59197 -0.51763 -0.61776 0.37879 -0.11412 -0.91842 0.06503 -0.64817 -0.75872 -0.05451 -0.62885 -0.77562 0.05034 0.69869 -0.71365 0.05206 0.70524 -0.70706 0.37879 -0.11412 -0.91842 -0.34821 -0.52252 -0.77828 -0.62806 -0.38680 -0.67522 -0.05451 -0.62885 -0.77562 -0.27793 0.85287 -0.44200 -0.36205 0.86691 0.34262 -0.30510 0.88522 -0.35113 -1.00000 -0.00001 -0.00015 -1.00000 0.00025 -0.00015 -1.00000 -0.00001 0.00009 -1.00000 -0.00001 -0.00015 -1.00000 -0.00001 -0.00040 -1.00000 0.00025 -0.00015 -1.00000 -0.00027 -0.00015 -1.00000 -0.00001 -0.00040 -1.00000 -0.00001 -0.00015 -1.00000 0.00010 0.00018 -1.00000 0.00010 0.00018 -1.00000 -0.00016 0.00018 -1.00000 0.00010 0.00018 -1.00000 0.00036 0.00018 -1.00000 0.00010 0.00018 1.00000 -0.00010 -0.00017 1.00000 -0.00010 -0.00017 1.00000 -0.00035 -0.00017 1.00000 -0.00010 -0.00017 1.00000 0.00016 -0.00017 1.00000 -0.00010 -0.00017 1.00000 0.00005 -0.00011 1.00000 0.00005 -0.00011 1.00000 -0.00026 -0.00011 1.00000 0.00005 -0.00011 1.00000 0.00036 -0.00011 1.00000 0.00005 -0.00011 -0.34151 -0.64645 -0.68226 -0.59735 -0.49723 -0.62924 0.04859 -0.70532 -0.70723 -0.28377 0.63027 -0.72266 0.05396 0.69771 -0.71434 -0.45603 0.55227 -0.69788 -0.09341 0.69744 -0.71053 0.05396 0.69771 -0.71434 -0.28377 0.63027 -0.72266 0.59127 -0.50005 -0.63274 0.31990 -0.64645 -0.69265 0.04859 -0.70532 -0.70723 0.57804 0.50620 -0.64002 0.05396 0.69771 -0.71434 0.29431 0.65143 -0.69930 1.00000 -0.00001 0.00009 1.00000 -0.00001 0.00009 1.00000 0.00025 0.00009 1.00000 -0.00001 0.00009 1.00000 -0.00027 0.00009 1.00000 -0.00001 0.00009 1.00000 -0.00001 0.00010 1.00000 -0.00027 0.00009 1.00000 -0.00001 0.00009 1.00000 0.00010 0.00018 1.00000 0.00010 0.00018 1.00000 -0.00016 0.00018 1.00000 0.00010 0.00018 1.00000 0.00036 0.00018 1.00000 0.00010 0.00018 -1.00000 -0.00010 -0.00017 -1.00000 -0.00010 -0.00017 -1.00000 -0.00035 -0.00017 -1.00000 -0.00010 -0.00017 -1.00000 0.00016 -0.00017 -1.00000 -0.00010 -0.00017 -1.00000 0.00008 -0.00013 -1.00000 0.00008 -0.00013 -1.00000 0.00009 -0.00013 -1.00000 0.00008 -0.00013 -1.00000 0.00007 -0.00013 -1.00000 0.00008 -0.00013 1.00000 -0.00008 0.00013 1.00000 -0.00008 0.00013 1.00000 -0.00009 0.00013 1.00000 -0.00008 0.00013 1.00000 -0.00007 0.00013 1.00000 -0.00008 0.00013 1.00000 -0.00000 0.00002 1.00000 0.00001 0.00002 1.00000 0.00018 -0.00010 1.00000 -0.00000 0.00002 1.00000 -0.00005 0.00007 1.00000 0.00001 0.00002 1.00000 -0.00003 0.00006 1.00000 -0.00005 0.00007 1.00000 -0.00000 0.00002 -1.00000 -0.00003 0.00002 -1.00000 -0.00003 0.00003 -1.00000 -0.00019 -0.00010 -1.00000 -0.00003 0.00002 -1.00000 0.00001 0.00008 -1.00000 -0.00003 0.00003 -1.00000 -0.00002 0.00006 -1.00000 0.00001 0.00008 -1.00000 -0.00003 0.00002 -0.17094 0.69760 -0.69580 -0.17094 0.69760 -0.69580 -0.00655 0.70748 -0.70670 -0.17094 0.69760 -0.69580 -0.16328 0.69806 0.69718 -0.00809 0.69365 0.72027 0.00238 0.70782 0.70638 -0.16328 0.69806 0.69718 -0.15507 -0.69840 0.69871 0.00450 -0.69318 0.72075 -0.01035 -0.70690 0.70724 -0.15507 -0.69840 0.69871 -0.15987 -0.69791 -0.69811 0.01253 -0.70617 -0.70793 -0.15987 -0.69791 -0.69811 -0.15987 -0.69791 -0.69811 0.56108 -0.61218 -0.55715 0.37879 -0.11412 -0.91842 0.59197 -0.51763 -0.61776 -1.00000 -0.00027 -0.00015 -1.00000 -0.00001 -0.00015 -1.00000 -0.00001 0.00009 1.00000 -0.00001 0.00009 1.00000 0.00025 0.00009 1.00000 -0.00001 0.00010 -0.07269 -0.74988 -0.65757 -0.34151 -0.64645 -0.68226 0.04859 -0.70532 -0.70723 1.00000 -0.00005 0.00007 1.00000 -0.00005 0.00015 1.00000 0.00001 0.00002 -1.00000 0.00001 0.00008 -1.00000 0.00001 0.00019 -1.00000 -0.00003 0.00003</float_array>
     <technique_common>
      <accessor count="550" source="#realb09_4-lib-normals-array" stride="3">
       <param name="X" type="float"/>
       <param name="Y" type="float"/>
       <param name="Z" type="float"/>
      </accessor>
     </technique_common>
    </source>
    <source id="realb09_4-lib-texcoords">
     <float_array id="realb09_4-lib-texcoords-array" count="1100">0.23535 -0.90234 0.04980 -0.75488 0.18066 -0.75488 0.23535 -0.90234 0.04980 -0.90234 0.04980 -0.75488 0.23535 -0.99609 0.04980 -0.90234 0.23535 -0.90234 0.23535 -0.99609 0.04980 -0.99512 0.04980 -0.90234 0.44629 -0.90234 0.29297 -0.83105 0.36816 -0.83105 0.44629 -0.90234 0.23535 -0.90234 0.29297 -0.83105 0.44727 -0.99609 0.23535 -0.90234 0.44629 -0.90234 0.44727 -0.99609 0.23535 -0.99609 0.23535 -0.90234 0.63281 -0.90234 0.46973 -0.75391 0.58984 -0.75391 0.63281 -0.90234 0.44629 -0.90234 0.46973 -0.75391 0.63281 -0.99512 0.44629 -0.90234 0.63281 -0.90234 0.63281 -0.99512 0.44727 -0.99609 0.44629 -0.90234 0.63281 -0.90234 0.84766 -0.99512 0.63281 -0.99512 0.63281 -0.90234 0.84766 -0.90137 0.84766 -0.99512 0.70312 -0.85059 0.84766 -0.90137 0.63281 -0.90234 0.70312 -0.85059 0.75000 -0.84961 0.84766 -0.90137 1.00781 -0.90039 0.84766 -0.75293 1.00781 -0.75195 1.00781 -0.90039 0.84766 -0.90137 0.84766 -0.75293 1.00879 -0.99512 0.84766 -0.90137 1.00781 -0.90039 1.00879 -0.99512 0.84766 -0.99512 0.84766 -0.90137 0.89648 -0.57227 0.98926 -0.73242 0.98926 -0.57227 0.89648 -0.57227 0.89648 -0.73242 0.98926 -0.73242 0.77637 -0.57227 0.89648 -0.73242 0.89648 -0.57227 0.77637 -0.57227 0.77539 -0.73242 0.89648 -0.73242 0.65723 -0.61816 0.77539 -0.73242 0.77637 -0.57227 0.65723 -0.61816 0.65723 -0.73242 0.77539 -0.73242 0.53711 -0.57227 0.65723 -0.73242 0.65723 -0.61816 0.53711 -0.57227 0.53809 -0.73242 0.65723 -0.73242 0.36621 -0.56836 0.48633 -0.74023 0.48633 -0.56836 0.36621 -0.56836 0.36621 -0.74023 0.48633 -0.74023 0.24707 -0.56836 0.36621 -0.74023 0.36621 -0.56836 0.24707 -0.56836 0.24707 -0.71875 0.36621 -0.74023 0.12695 -0.56836 0.24707 -0.71875 0.24707 -0.56836 0.12695 -0.56836 0.12695 -0.74023 0.24707 -0.71875 0.00781 -0.56836 0.12695 -0.74023 0.12695 -0.56836 0.00781 -0.56836 0.00781 -0.74023 0.12695 -0.74023 0.76172 -0.18652 0.99512 -0.24121 0.93066 -0.18652 0.76172 -0.18652 0.76172 -0.24121 0.99512 -0.24121 0.59180 -0.18652 0.76172 -0.24121 0.76172 -0.18652 0.59180 -0.18652 0.52832 -0.24121 0.76172 -0.24121 0.76172 -0.18652 0.52832 -0.24121 0.59180 -0.18652 0.76172 -0.18652 0.76172 -0.24121 0.52832 -0.24121 0.93066 -0.18652 0.76172 -0.24121 0.76172 -0.18652 0.93066 -0.18652 0.99512 -0.24121 0.76172 -0.24121 0.76172 -0.24121 0.98340 -0.55371 0.99512 -0.24121 0.76172 -0.24121 0.76172 -0.55371 0.98340 -0.55371 0.52832 -0.24121 0.76172 -0.55371 0.76172 -0.24121 0.52832 -0.24121 0.54004 -0.55371 0.76172 -0.55371 0.76172 -0.24121 0.54004 -0.55371 0.52832 -0.24121 0.76172 -0.24121 0.76172 -0.55371 0.54004 -0.55371 0.99512 -0.24121 0.76172 -0.55371 0.76172 -0.24121 0.99512 -0.24121 0.98340 -0.55371 0.76172 -0.55371 0.96582 -0.09961 1.00195 -0.08398 1.00195 -0.09961 0.96582 -0.09961 0.96582 -0.08398 1.00195 -0.08398 0.92969 -0.09961 0.96582 -0.08398 0.96582 -0.09961 0.92969 -0.09961 0.92969 -0.08398 0.96582 -0.08398 0.89355 -0.09961 0.92969 -0.08398 0.92969 -0.09961 0.89355 -0.09961 0.89355 -0.08398 0.92969 -0.08398 0.85742 -0.09961 0.89355 -0.08398 0.89355 -0.09961 0.85742 -0.09961 0.85742 -0.08398 0.89355 -0.08398 0.96582 -0.09961 1.00195 -0.08398 1.00195 -0.09961 0.96582 -0.09961 0.96582 -0.08398 1.00195 -0.08398 0.92969 -0.09961 0.96582 -0.08398 0.96582 -0.09961 0.92969 -0.09961 0.92969 -0.08398 0.96582 -0.08398 0.89355 -0.09961 0.92969 -0.08398 0.92969 -0.09961 0.89355 -0.09961 0.89355 -0.08398 0.92969 -0.08398 0.85742 -0.09961 0.89355 -0.08398 0.89355 -0.09961 0.85742 -0.09961 0.85742 -0.08398 0.89355 -0.08398 0.04980 -0.90234 0.18066 -0.75488 0.04980 -0.75488 0.04980 -0.90234 0.23535 -0.90234 0.18066 -0.75488 0.04980 -0.99512 0.23535 -0.90234 0.04980 -0.90234 0.04980 -0.99512 0.23535 -0.99609 0.23535 -0.90234 0.23535 -0.90234 0.36816 -0.83105 0.29297 -0.83105 0.23535 -0.90234 0.44629 -0.90234 0.36816 -0.83105 0.23535 -0.99609 0.44629 -0.90234 0.23535 -0.90234 0.23535 -0.99609 0.44727 -0.99609 0.44629 -0.90234 0.44629 -0.90234 0.58984 -0.75391 0.46973 -0.75391 0.44629 -0.90234 0.63281 -0.90234 0.58984 -0.75391 0.44727 -0.99609 0.63281 -0.90234 0.44629 -0.90234 0.44727 -0.99609 0.63281 -0.99512 0.63281 -0.90234 0.84766 -0.90137 0.63281 -0.99512 0.84766 -0.99512 0.84766 -0.90137 0.63281 -0.90234 0.63281 -0.99512 0.75000 -0.84961 0.63281 -0.90234 0.84766 -0.90137 0.75000 -0.84961 0.70312 -0.85059 0.63281 -0.90234 0.84766 -0.90137 1.00781 -0.75195 0.84766 -0.75293 0.84766 -0.90137 1.00781 -0.90039 1.00781 -0.75195 0.84766 -0.99512 1.00781 -0.90039 0.84766 -0.90137 0.84766 -0.99512 1.00879 -0.99512 1.00781 -0.90039 0.89648 -0.73242 0.98926 -0.57227 0.98926 -0.73242 0.89648 -0.73242 0.89648 -0.57227 0.98926 -0.57227 0.77539 -0.73242 0.89648 -0.57227 0.89648 -0.73242 0.77539 -0.73242 0.77637 -0.57227 0.89648 -0.57227 0.65723 -0.73242 0.77637 -0.57227 0.77539 -0.73242 0.65723 -0.73242 0.65723 -0.61816 0.77637 -0.57227 0.53809 -0.73242 0.65723 -0.61816 0.65723 -0.73242 0.53809 -0.73242 0.53711 -0.57227 0.65723 -0.61816 0.36621 -0.74023 0.48633 -0.59180 0.48633 -0.74023 0.36621 -0.74023 0.36523 -0.59180 0.48633 -0.59180 0.24707 -0.71875 0.36523 -0.59180 0.36621 -0.74023 0.24707 -0.71875 0.24414 -0.59082 0.36523 -0.59180 0.12695 -0.74023 0.24414 -0.59082 0.24707 -0.71875 0.12695 -0.74023 0.12500 -0.59180 0.24414 -0.59082 0.00781 -0.74023 0.12500 -0.59180 0.12695 -0.74023 0.00781 -0.74023 0.00391 -0.59180 0.12500 -0.59180 0.76172 -0.24121 0.93066 -0.18652 0.99512 -0.24121 0.76172 -0.24121 0.76172 -0.18652 0.93066 -0.18652 0.52832 -0.24121 0.76172 -0.18652 0.76172 -0.24121 0.52832 -0.24121 0.59180 -0.18652 0.76172 -0.18652 0.76172 -0.24121 0.59180 -0.18652 0.52832 -0.24121 0.76172 -0.24121 0.76172 -0.18652 0.59180 -0.18652 0.99512 -0.24121 0.76172 -0.18652 0.76172 -0.24121 0.99512 -0.24121 0.93066 -0.18652 0.76172 -0.18652 0.76172 -0.55371 0.99512 -0.24121 0.98340 -0.55371 0.76172 -0.55371 0.76172 -0.24121 0.99512 -0.24121 0.54004 -0.55371 0.76172 -0.24121 0.76172 -0.55371 0.54004 -0.55371 0.52832 -0.24121 0.76172 -0.24121 0.76172 -0.55371 0.52832 -0.24121 0.54004 -0.55371 0.76172 -0.55371 0.76172 -0.24121 0.52832 -0.24121 0.98340 -0.55371 0.76172 -0.24121 0.76172 -0.55371 0.98340 -0.55371 0.99512 -0.24121 0.76172 -0.24121 0.96582 -0.08398 1.00195 -0.09961 1.00195 -0.08398 0.96582 -0.08398 0.96582 -0.09961 1.00195 -0.09961 0.92969 -0.08398 0.96582 -0.09961 0.96582 -0.08398 0.92969 -0.08398 0.92969 -0.09961 0.96582 -0.09961 0.89355 -0.08398 0.92969 -0.09961 0.92969 -0.08398 0.89355 -0.08398 0.89355 -0.09961 0.92969 -0.09961 0.85742 -0.08398 0.89355 -0.09961 0.89355 -0.08398 0.85742 -0.08398 0.85742 -0.09961 0.89355 -0.09961 0.96582 -0.08398 1.00195 -0.09961 1.00195 -0.08398 0.96582 -0.08398 0.96582 -0.09961 1.00195 -0.09961 0.92969 -0.08398 0.96582 -0.09961 0.96582 -0.08398 0.92969 -0.08398 0.92969 -0.09961 0.96582 -0.09961 0.89355 -0.08398 0.92969 -0.09961 0.92969 -0.08398 0.89355 -0.08398 0.89355 -0.09961 0.92969 -0.09961 0.85742 -0.08398 0.89355 -0.09961 0.89355 -0.08398 0.85742 -0.08398 0.85742 -0.09961 0.89355 -0.09961 0.65723 -0.59570 0.77637 -0.57227 0.65723 -0.57227 0.65723 -0.59570 0.65723 -0.61816 0.77637 -0.57227 0.53711 -0.57227 0.65723 -0.61816 0.65723 -0.59570 0.24707 -0.71875 0.24707 -0.74023 0.36621 -0.74023 0.24707 -0.71875 0.12695 -0.74023 0.24707 -0.74023 0.36328 -0.38086 0.36328 -0.52148 0.22168 -0.38086 0.36328 -0.38086 0.50391 -0.38086 0.36328 -0.52148 0.36328 -0.24023 0.50391 -0.38086 0.36328 -0.38086 0.85742 -0.08398 1.00195 -0.08398 0.92969 -0.15625 0.85742 -0.08398 0.92969 -0.01172 1.00195 -0.08398 0.85742 -0.08398 1.00195 -0.08398 0.92969 -0.15625 0.85742 -0.08398 0.92969 -0.01172 1.00195 -0.08398 0.85742 -0.08398 1.00195 -0.08398 0.92969 -0.15625 0.85742 -0.08398 0.92969 -0.01172 1.00195 -0.08398 0.65723 -0.59570 0.65723 -0.57227 0.77637 -0.57227 0.65723 -0.59570 0.53711 -0.57227 0.65723 -0.57227 0.65723 -0.61816 0.53711 -0.57227 0.65723 -0.59570 0.24707 -0.74023 0.24707 -0.71875 0.36621 -0.74023 0.24707 -0.74023 0.12695 -0.74023 0.24707 -0.71875 0.36328 -0.38086 0.22168 -0.38086 0.36328 -0.52148 0.36328 -0.38086 0.36328 -0.24023 0.22168 -0.38086 0.50391 -0.38086 0.36328 -0.24023 0.36328 -0.38086 1.00195 -0.08398 0.85742 -0.08398 0.92969 -0.15625 1.00195 -0.08398 0.92969 -0.01172 0.85742 -0.08398 1.00195 -0.08398 0.85742 -0.08398 0.92969 -0.15625 1.00195 -0.08398 0.92969 -0.01172 0.85742 -0.08398 1.00195 -0.08398 0.85742 -0.08398 0.92969 -0.15625 1.00195 -0.08398 0.92969 -0.01172 0.85742 -0.08398 0.96582 -0.09961 0.89355 -0.09961 1.00195 -0.09961 0.96582 -0.09961 0.92969 -0.09961 0.89355 -0.09961 0.41113 -0.65039 0.40039 -0.64746 0.40723 -0.64746 0.41113 -0.65039 0.39844 -0.65332 0.40039 -0.64746 0.40918 -0.65332 0.39844 -0.65332 0.41113 -0.65039 0.39648 -0.65039 0.40723 -0.64746 0.40039 -0.64746 0.39648 -0.65039 0.40918 -0.65332 0.40723 -0.64746 0.39844 -0.65332 0.40918 -0.65332 0.39648 -0.65039 0.96582 -0.09961 0.96582 -0.09961 1.00195 -0.09961 1.00195 -0.09961 0.85742 -0.09961 0.85742 -0.09961 0.89355 -0.09961 0.89355 -0.09961 0.89355 -0.09961 0.89355 -0.09961 0.92969 -0.09961 0.92969 -0.09961 0.92969 -0.09961 0.92969 -0.09961 0.96582 -0.09961 0.96582 -0.09961 0.53711 -0.57227 0.65723 -0.59570 0.65723 -0.57227 0.36328 -0.24023 0.36328 -0.38086 0.22168 -0.38086 0.36328 -0.38086 0.36328 -0.52148 0.50391 -0.38086 0.65723 -0.61816 0.65723 -0.59570 0.77637 -0.57227 0.39844 -0.65332 0.39648 -0.65039 0.40039 -0.64746 0.40918 -0.65332 0.41113 -0.65039 0.40723 -0.64746</float_array>
     <technique_common>
      <accessor count="550" offset="0" source="#realb09_4-lib-texcoords-array" stride="2">
       <param name="U" type="float"/>
       <param name="V" type="float"/>
      </accessor>
     </technique_common>
    </source>
    <vertices id="realb09_4-lib-vertices">
     <input semantic="POSITION" source="#realb09_4-lib-positions"/>
    </vertices>
    <polylist count="182" material="mat5.png">
     <input offset="0" semantic="VERTEX" source="#realb09_4-lib-vertices"/>
     <input offset="1" semantic="NORMAL" source="#realb09_4-lib-normals"/>
     <input offset="2" semantic="TEXCOORD" source="#realb09_4-lib-texcoords"/>
     <vcount>3 3 3 3 3 3 3 3 3 3 3 3 3 3 3 3 3 3 3 3 3 3 3 3 3 3 3 3 3 3 3 3 3 3 3 3 3 3 3 3 3 3 3 3 3 3 3 3 3 3 3 3 3 3 3 3 3 3 3 3 3 3 3 3 3 3 3 3 3 3 3 3 3 3 3 3 3 3 3 3 3 3 3 3 3 3 3 3 3 3 3 3 3 3 3 3 3 3 3 3 3 3 3 3 3 3 3 3 3 3 3 3 3 3 3 3 3 3 3 3 3 3 3 3 3 3 3 3 3 3 3 3 3 3 3 3 3 3 3 3 3 3 3 3 3 3 3 3 3 3 3 3 3 3 3 3 3 3 3 3 3 3 3 3 3 3 3 3 3 3 3 3 4 4 4 4 3 3 3 3 3 3</vcount>
     <p>2 2 2 1 1 1 0 0 0 1 5 5 3 4 4 0 3 3 0 8 8 3 7 7 4 6 6 3 11 11 5 10 10 4 9 9 8 14 14 7 13 13 6 12 12 7 17 17 0 16 16 6 15 15 6 20 20 0 19 19 9 18 18 0 23 23 4 22 22 9 21 21 12 26 26 11 25 25 10 24 24 11 29 29 6 28 28 10 27 27 10 32 32 6 31 31 13 30 30 6 35 35 9 34 34 13 33 33 13 38 38 14 37 37 10 36 36 14 41 41 15 40 40 10 39 39 10 44 44 15 43 43 16 42 42 15 47 47 17 46 46 16 45 45 20 50 50 19 49 49 18 48 48 19 53 53 15 52 52 18 51 51 18 56 56 15 55 55 21 54 54 15 59 59 14 58 58 21 57 57 24 62 62 23 61 61 22 60 60 23 65 65 25 64 64 22 63 63 22 68 68 25 67 67 26 66 66 25 71 71 27 70 70 26 69 69 26 74 74 27 73 73 28 72 72 27 77 77 29 76 76 28 75 75 28 80 80 29 79 79 24 78 78 29 83 83 23 82 82 24 81 81 31 86 86 22 85 85 30 84 84 22 89 89 26 88 88 30 87 87 30 92 92 26 91 91 32 90 90 26 95 95 33 94 94 32 93 93 32 98 98 33 97 97 34 96 96 33 101 101 24 100 100 34 99 99 34 104 104 24 103 103 31 102 102 24 107 107 22 106 106 31 105 105 27 110 110 35 109 109 29 108 108 35 113 113 36 112 112 29 111 111 29 116 116 36 115 115 23 114 114 36 119 119 37 118 118 23 117 117 23 122 122 37 121 121 25 120 120 37 125 125 38 124 124 25 123 123 25 128 128 38 127 127 27 126 126 38 131 131 35 130 130 27 129 129 35 134 134 39 133 133 36 132 132 39 137 137 40 136 136 36 135 135 36 140 140 40 139 139 37 138 138 40 143 143 41 142 142 37 141 141 37 146 146 41 145 145 38 144 144 41 149 149 42 148 148 38 147 147 38 152 152 42 151 151 35 150 150 42 155 155 39 154 154 35 153 153 45 158 158 44 157 157 43 156 156 44 161 161 46 160 160 43 159 159 43 164 164 46 163 163 47 162 162 46 167 167 48 166 166 47 165 165 47 170 170 48 169 169 49 168 168 48 173 173 50 172 172 49 171 171 49 176 176 50 175 175 45 174 174 50 179 179 44 178 178 45 177 177 53 182 182 52 181 181 51 180 180 52 185 185 54 184 184 51 183 183 51 188 188 54 187 187 55 186 186 54 191 191 56 190 190 55 189 189 55 194 194 56 193 193 57 192 192 56 197 197 58 196 196 57 195 195 57 200 200 58 199 199 53 198 198 58 203 203 52 202 202 53 201 201 61 206 206 60 205 205 59 204 204 60 209 209 62 208 208 59 207 207 59 212 212 62 211 211 63 210 210 62 215 215 64 214 214 63 213 213 66 218 218 65 217 217 62 216 216 65 221 221 67 220 220 62 219 219 62 224 224 67 223 223 64 222 222 67 227 227 68 226 226 64 225 225 70 230 230 69 229 229 67 228 228 69 233 233 71 232 232 67 231 231 67 236 236 71 235 235 68 234 234 71 239 239 72 238 238 68 237 237 74 242 242 72 241 241 73 240 240 72 245 245 71 244 244 73 243 243 73 248 248 71 247 247 75 246 246 71 251 251 76 250 250 75 249 249 78 254 254 77 253 253 73 252 252 77 257 257 79 256 256 73 255 255 73 260 260 79 259 259 74 258 258 79 263 263 80 262 262 74 261 261 83 266 266 82 265 265 81 264 264 82 269 269 84 268 268 81 267 267 81 272 272 84 271 271 85 270 270 84 275 275 86 274 274 85 273 273 85 278 278 86 277 277 87 276 276 86 281 281 88 280 280 87 279 279 87 284 284 88 283 283 83 282 282 88 287 287 82 286 286 83 285 285 84 290 290 89 289 289 86 288 288 89 293 293 90 292 292 86 291 291 86 296 296 90 295 295 91 294 294 90 299 299 92 298 298 91 297 297 91 302 302 92 301 301 82 300 300 92 305 305 93 304 304 82 303 303 82 308 308 93 307 307 84 306 306 93 311 311 89 310 310 84 309 309 95 314 314 85 313 313 94 312 312 85 317 317 87 316 316 94 315 315 94 320 320 87 319 319 96 318 318 87 323 323 83 322 322 96 321 321 96 326 326 83 325 325 97 324 324 83 329 329 81 328 328 97 327 327 97 332 332 81 331 331 95 330 330 81 335 335 85 334 334 95 333 333 99 338 338 95 337 337 98 336 336 95 341 341 94 340 340 98 339 339 98 344 344 94 343 343 100 342 342 94 347 347 96 346 346 100 345 345 100 350 350 96 349 349 101 348 348 96 353 353 97 352 352 101 351 351 101 356 356 97 355 355 99 354 354 97 359 359 95 358 358 99 357 357 104 362 362 103 361 361 102 360 360 103 365 365 105 364 364 102 363 363 102 368 368 105 367 367 106 366 366 105 371 371 107 370 370 106 369 369 106 374 374 107 373 373 108 372 372 107 377 377 109 376 376 108 375 375 108 380 380 109 379 379 104 378 378 109 383 383 103 382 382 104 381 381 112 386 386 111 385 385 110 384 384 111 389 389 113 388 388 110 387 387 110 392 392 113 391 391 114 390 390 113 395 395 115 394 394 114 393 393 114 398 398 115 397 397 116 396 396 115 401 401 117 400 400 116 399 399 116 404 404 117 403 403 112 402 402 117 407 407 111 406 406 112 405 405 119 410 410 26 409 409 118 408 408 26 413 413 28 412 412 118 411 411 118 416 416 28 415 415 24 414 414 26 419 419 119 418 418 33 417 417 119 422 422 24 421 421 33 420 420 40 425 425 39 424 424 120 423 423 39 428 428 42 427 427 120 426 426 120 431 431 42 430 430 41 429 429 47 434 434 49 433 433 43 432 432 49 437 437 45 436 436 43 435 435 48 440 440 46 439 439 50 438 438 46 443 443 44 442 442 50 441 441 56 446 446 54 445 445 58 444 444 54 449 449 52 448 448 58 447 447 86 452 452 122 451 451 121 450 450 122 455 455 82 454 454 121 453 453 121 458 458 82 457 457 88 456 456 86 461 461 91 460 460 122 459 459 91 464 464 82 463 463 122 462 462 99 467 467 98 466 466 123 465 465 98 470 470 100 469 469 123 468 468 123 473 473 100 472 472 101 471 471 107 476 476 105 475 475 109 474 474 105 479 479 103 478 478 109 477 477 106 482 482 108 481 481 102 480 480 108 485 485 104 484 484 102 483 483 114 488 488 116 487 487 110 486 486 116 491 491 112 490 490 110 489 489 111 494 494 117 493 493 113 492 492 117 497 497 115 496 496 113 495 495 13 500 500 9 499 499 14 498 498 9 503 503 5 502 502 14 501 501 14 506 506 5 505 505 21 504 504 68 509 509 72 508 508 64 507 507 72 512 512 80 511 511 64 510 510 64 515 515 80 514 514 63 513 513 126 519 519 93 518 518 125 517 517 124 516 516 127 523 523 89 522 522 93 521 521 126 520 520 128 527 527 90 526 526 89 525 525 127 524 524 124 531 531 125 530 530 90 529 529 128 528 528 119 534 534 118 533 533 24 532 532 40 537 537 120 536 536 41 535 535 101 540 540 99 539 539 123 538 538 86 543 543 121 542 542 88 541 541 9 546 546 4 545 545 5 544 544 72 549 549 74 548 548 80 547 547</p>
    </polylist>
   </mesh>
  </geometry>
  <geometry id="realb09_5-lib" name="realb09_5">
   <mesh>
    <source id="realb09_5-lib-positions" name="position">
     <float_array id="realb09_5-lib-positions-array" count="528">1.18457 24.45329 0.44070 0.00000 25.48122 -0.35835 0.00000 24.45319 -0.75656 0.69043 25.48162 0.43657 0.00000 24.45383 2.36746 0.00000 25.48105 1.20513 -1.18457 24.45329 0.44070 -0.69043 25.48162 0.43657 0.50195 25.19168 1.92176 0.89258 26.68066 1.32158 0.81738 25.59372 1.46910 0.53418 26.68082 1.83820 0.00000 24.99917 1.85511 0.00000 26.68066 2.18223 -0.50195 25.19168 1.92176 -0.53418 26.68082 1.83820 -0.81738 25.59372 1.46910 -0.89258 26.68066 1.32158 0.98438 26.61699 1.43529 0.00000 25.19994 -1.16839 1.65527 25.20042 1.22526 0.00000 26.65448 -0.57191 1.12207 27.19090 1.41945 0.00000 27.84886 -0.94639 0.00000 27.73422 -0.53230 1.00000 27.13315 1.43208 0.97363 27.73439 1.42997 0.00000 27.13360 -0.56182 -0.97363 27.73439 1.42997 -1.00000 27.13315 1.43208 18.55518 23.77603 2.76930 19.87972 23.26900 1.34017 19.97445 23.10833 2.29578 18.45634 23.93047 1.89636 17.18522 24.70324 2.02431 16.85458 24.81880 1.33713 18.01597 23.35310 1.79475 19.50062 22.48653 2.18667 19.40590 22.64720 1.23106 18.11543 23.19934 2.66737 16.38173 24.19620 1.22768 16.71140 24.08061 1.91484 19.67648 24.34117 1.51621 18.03663 24.34959 -1.35275 18.03672 24.34922 1.63789 19.67660 24.34132 -1.47425 21.57973 24.33149 1.51595 21.57887 24.33157 -1.47355 19.68036 25.47281 -1.47837 18.04042 25.48130 1.37066 18.04099 25.48166 -1.35693 19.68015 25.47286 1.51996 21.58263 25.46306 -1.47768 21.58339 25.46308 1.52067 -1.65527 25.20042 1.22526 -0.98438 26.61699 1.43529 -1.12207 27.19090 1.41945 -17.39068 24.30946 1.89523 -19.26401 24.03155 1.96301 -19.10558 24.16138 1.28615 -17.55031 24.18752 2.52116 -15.40699 24.62473 1.70709 -15.52324 24.53123 2.18835 -17.31400 23.42797 2.41032 -18.85106 23.34286 1.16615 -19.00947 23.21353 1.84385 -17.15437 23.54991 1.78439 -15.26873 23.71272 2.06835 -15.15221 23.80540 1.58755 0.12891 25.01318 2.02316 0.07031 25.41628 1.81758 0.12598 25.01314 1.82088 0.07031 25.41655 2.02981 0.15820 24.65841 2.69139 0.08887 24.86042 2.72105 -0.07031 25.41655 2.02981 -0.12598 25.01314 1.82088 -0.07031 25.41628 1.81758 -0.12891 25.01318 2.02316 -0.08887 24.86042 2.72105 -0.15820 24.65841 2.69139 0.64648 17.90405 2.93457 -0.65332 17.92065 -2.97070 0.65332 17.92065 -2.97070 -0.64648 17.90405 2.93457 0.64746 17.88843 2.95605 -0.64746 17.88843 2.95605 0.65137 16.34644 2.96289 -0.65137 16.34644 2.96289 0.00000 27.17670 2.51259 0.51562 27.35540 2.26943 0.44727 26.68986 2.05694 0.00000 28.76109 2.94059 -0.51562 27.35540 2.26943 0.00000 27.73469 2.05271 0.00000 28.12710 0.73770 0.00000 26.68990 2.27607 -0.44727 26.68986 2.05694 0.00000 16.82104 0.00000 0.00000 16.86011 2.91895 2.68359 16.87476 1.30664 -2.68359 16.87476 1.30664 0.00000 16.86011 -2.91895 2.68359 16.87476 -1.30664 -2.68262 16.87476 -1.30664 0.00000 17.72632 0.00000 0.00000 17.68726 -2.91895 2.68359 17.67261 -1.30664 -2.68262 17.67261 -1.30664 0.00000 17.68726 2.91895 2.68359 17.67261 1.30664 -2.68359 17.67261 1.30664 0.00000 24.19940 -0.92627 2.71875 24.46999 1.64384 0.00000 24.61148 3.13320 2.71875 24.46936 -1.49581 0.00000 24.46953 -3.06515 -2.71875 24.46936 -1.49581 -2.71875 24.46999 1.64384 4.08008 23.15240 -0.73896 5.08984 23.15240 -0.73896 5.35644 24.27056 -0.73912 4.08008 24.27056 -0.73912 4.08008 23.15230 0.72198 4.08008 24.27047 0.72182 5.35644 24.27047 0.72182 5.08984 23.15230 0.72198 0.94922 25.26462 1.76110 0.63086 26.03253 1.92719 15.35255 24.36129 -1.03315 15.35271 24.36158 1.31859 15.35253 25.47990 -1.04167 15.35251 25.47948 1.32668 -4.08008 23.15240 -0.73896 -4.08008 24.27056 -0.73912 -5.35644 24.27056 -0.73912 -5.08984 23.15240 -0.73896 -4.08008 23.15230 0.72198 -5.08984 23.15230 0.72198 -5.35644 24.27047 0.72182 -4.08008 24.27047 0.72182 -0.63086 26.03253 1.92719 -0.94922 25.26462 1.76110 -20.51795 25.35289 1.65693 -20.51715 25.35211 -1.62237 -20.52106 26.59396 -1.62657 -20.52157 26.59390 1.66147 -15.29854 25.19515 1.49743 -15.33495 24.64257 2.05566 -16.86255 25.36743 1.72349 -16.86686 26.60892 1.57922 -15.33432 24.64272 -1.91525 -16.86215 25.36746 -1.55576 -15.29835 25.05584 -1.49328 -16.86668 26.60855 -1.55970 -18.43438 26.60484 1.66219 -18.43056 25.36288 1.65755 -18.42999 25.36315 -1.62263 -18.43370 26.60404 -1.62693 0.65332 14.90308 -2.97070 -0.65332 14.89429 -2.97070 -0.62012 16.16675 2.46387 0.61621 15.00659 2.47461 0.62012 16.16675 2.46387 -0.61621 15.00659 2.47461 1.56152 27.84837 1.68902 11.20090 24.67060 -0.18942 15.33468 26.62800 0.07039 15.33432 24.64272 -1.91525 15.33495 24.64257 2.05566 15.33462 22.65631 0.06993 0.00000 27.18133 2.46383 0.33691 28.76078 2.80172 -1.56152 27.84837 1.68902 -15.29887 26.61395 0.00192 -0.33691 28.76078 2.80172</float_array>
     <technique_common>
      <accessor count="176" source="#realb09_5-lib-positions-array" stride="3">
       <param name="X" type="float"/>
       <param name="Y" type="float"/>
       <param name="Z" type="float"/>
      </accessor>
     </technique_common>
    </source>
    <source id="realb09_5-lib-normals" name="normal">
     <float_array id="realb09_5-lib-normals-array" count="1626">0.69855 0.30002 -0.64963 0.69550 0.29071 -0.65709 0.68586 0.26286 -0.67861 0.69855 0.30002 -0.64963 0.71025 0.33881 -0.61705 0.69550 0.29071 -0.65709 0.71180 0.48187 0.51101 0.73347 0.45536 0.50465 0.78784 0.38052 0.48426 0.71180 0.48187 0.51101 0.59303 0.60333 0.53320 0.73347 0.45536 0.50465 -0.72379 0.43711 0.53391 -0.72754 0.45985 0.50914 -0.73296 0.50974 0.45048 -0.72379 0.43711 0.53391 -0.69979 0.33879 0.62890 -0.72754 0.45985 0.50914 -0.70216 0.28540 -0.65232 -0.69488 0.29458 -0.65602 -0.67327 0.32085 -0.66616 -0.70216 0.28540 -0.65232 -0.73168 0.24621 -0.63563 -0.69488 0.29458 -0.65602 0.81535 0.01934 0.57864 0.81924 0.01613 0.57322 0.81036 0.02340 0.58546 0.81535 0.01934 0.57864 0.70970 -0.06548 0.70145 0.81924 0.01613 0.57322 0.05248 -0.09796 0.99381 -0.15349 0.05868 0.98641 -0.15349 0.05868 0.98641 0.05248 -0.09796 0.99381 0.45723 -0.16983 0.87298 0.70970 -0.06548 0.70145 -0.32433 -0.10840 0.93971 0.45723 -0.16983 0.87298 0.05248 -0.09796 0.99381 -0.32433 -0.10840 0.93971 -0.69809 0.02742 0.71548 -0.54112 0.03544 0.84020 -0.81584 0.01627 0.57805 -0.69809 0.02742 0.71548 -0.32433 -0.10840 0.93971 -0.81584 0.01627 0.57805 -0.82147 0.02051 0.56988 -0.69809 0.02742 0.71548 0.87146 0.07308 -0.48499 0.83550 0.28397 -0.47043 0.74323 0.42821 -0.51405 0.87146 0.07308 -0.48499 0.89390 0.01345 -0.44807 0.83550 0.28397 -0.47043 0.84320 -0.27573 -0.46151 0.89390 0.01345 -0.44807 0.87146 0.07308 -0.48499 0.84320 -0.27573 -0.46151 0.86738 -0.18375 -0.46248 0.89390 0.01345 -0.44807 0.86723 0.24482 -0.43356 0.89492 0.03501 -0.44486 0.86299 0.26808 -0.42822 0.86723 0.24482 -0.43356 0.89366 0.02203 -0.44819 0.89492 0.03501 -0.44486 -0.86223 0.26605 -0.43102 -0.89519 0.02458 -0.44500 -0.86901 0.24269 -0.43120 -0.86223 0.26605 -0.43102 -0.89325 0.03761 -0.44798 -0.89519 0.02458 -0.44500 0.48119 0.87097 0.09931 0.45197 0.88588 0.10460 0.45164 0.88610 0.10421 0.48119 0.87097 0.09931 0.49113 0.86758 0.07808 0.45197 0.88588 0.10460 0.51395 0.85560 -0.06163 0.49113 0.86758 0.07808 0.48119 0.87097 0.09931 0.51395 0.85560 -0.06163 0.50933 0.85458 -0.10136 0.49113 0.86758 0.07808 -0.45164 -0.88604 -0.10467 -0.48212 -0.87055 -0.09854 -0.48210 -0.87055 -0.09858 -0.45164 -0.88604 -0.10467 -0.47392 -0.87672 -0.08228 -0.48212 -0.87055 -0.09854 -0.52432 -0.85046 0.04252 -0.47392 -0.87672 -0.08228 -0.45164 -0.88604 -0.10467 -0.52432 -0.85046 0.04252 -0.58014 -0.80178 0.14346 -0.47392 -0.87672 -0.08228 -0.14545 -0.06342 0.98733 0.17315 -0.29708 0.93902 0.17318 -0.29677 0.93911 -0.14545 -0.06342 0.98733 -0.09421 -0.10315 0.99019 0.17315 -0.29708 0.93902 -0.63195 0.35987 0.68640 -0.09421 -0.10315 0.99019 -0.14545 -0.06342 0.98733 -0.63195 0.35987 0.68640 -0.58536 0.31376 0.74760 -0.09421 -0.10315 0.99019 0.07417 0.11781 -0.99026 0.29935 -0.06012 -0.95225 0.29945 -0.06003 -0.95222 0.07417 0.11781 -0.99026 0.01798 0.15988 -0.98697 0.29935 -0.06012 -0.95225 -0.21061 0.32258 -0.92281 0.01798 0.15988 -0.98697 0.07417 0.11781 -0.99026 -0.21061 0.32258 -0.92281 -0.21072 0.32251 -0.92281 0.01798 0.15988 -0.98697 -0.00502 -0.99999 -0.00008 -0.00475 -0.99999 -0.00004 -0.00470 -0.99999 -0.00006 -0.00502 -0.99999 -0.00008 -0.00508 -0.99999 -0.00004 -0.00475 -0.99999 -0.00004 -0.00510 -0.99999 -0.00004 -0.00508 -0.99999 -0.00004 -0.00502 -0.99999 -0.00008 -0.00510 -0.99999 -0.00004 -0.00513 -0.99999 -0.00003 -0.00508 -0.99999 -0.00004 0.00522 0.99999 0.00003 0.00238 1.00000 0.00009 0.00256 1.00000 0.00014 0.00522 0.99999 0.00003 0.00514 0.99999 -0.00001 0.00238 1.00000 0.00009 0.00513 0.99999 -0.00001 0.00514 0.99999 -0.00001 0.00522 0.99999 0.00003 0.00513 0.99999 -0.00001 0.00514 0.99999 -0.00001 0.00514 0.99999 -0.00001 -0.87031 0.08355 -0.48538 -0.81305 0.36267 -0.45543 -0.80097 0.22716 -0.55394 -0.87031 0.08355 -0.48538 -0.88449 0.13076 -0.44787 -0.81305 0.36267 -0.45543 -0.87082 -0.19192 -0.45260 -0.88449 0.13076 -0.44787 -0.87031 0.08355 -0.48538 -0.87082 -0.19192 -0.45260 -0.83321 -0.28433 -0.47425 -0.88449 0.13076 -0.44787 -0.14017 0.97796 0.15477 -0.13948 0.97803 0.15495 -0.13948 0.97803 0.15495 -0.14017 0.97796 0.15477 -0.13998 0.97796 0.15492 -0.13948 0.97803 0.15495 -0.14029 0.97778 0.15577 -0.13998 0.97796 0.15492 -0.14017 0.97796 0.15477 -0.14029 0.97778 0.15577 -0.14016 0.97775 0.15610 -0.13998 0.97796 0.15492 0.14522 -0.97744 -0.15335 0.17195 -0.97426 -0.14578 0.17192 -0.97427 -0.14574 0.14522 -0.97744 -0.15335 0.13819 -0.97816 -0.15527 0.17195 -0.97426 -0.14578 0.10917 -0.98062 -0.16267 0.13819 -0.97816 -0.15527 0.14522 -0.97744 -0.15335 0.10917 -0.98062 -0.16267 0.10915 -0.98064 -0.16258 0.13819 -0.97816 -0.15527 -0.07843 -0.16777 0.98270 -0.28329 -0.22404 0.93250 -0.28333 -0.22400 0.93250 -0.07843 -0.16777 0.98270 -0.03277 -0.15438 0.98747 -0.28329 -0.22404 0.93250 0.17621 -0.08878 0.98034 -0.03277 -0.15438 0.98747 -0.07843 -0.16777 0.98270 0.17621 -0.08878 0.98034 0.17629 -0.08891 0.98032 -0.03277 -0.15438 0.98747 0.12202 0.18038 -0.97600 -0.11110 0.10956 -0.98775 -0.11110 0.10956 -0.98775 0.12202 0.18038 -0.97600 0.08041 0.16845 -0.98243 -0.11110 0.10956 -0.98775 0.30804 0.23093 -0.92292 0.08041 0.16845 -0.98243 0.12202 0.18038 -0.97600 0.30804 0.23093 -0.92292 0.30807 0.23110 -0.92287 0.08041 0.16845 -0.98243 0.98987 0.14129 0.01399 0.98990 0.14167 -0.00435 0.99052 0.13665 -0.01437 0.98987 0.14129 0.01399 0.98758 0.15504 0.02540 0.98990 0.14167 -0.00435 0.95592 0.24800 0.15721 0.98758 0.15504 0.02540 0.98987 0.14129 0.01399 0.95592 0.24800 0.15721 0.93408 0.29003 0.20827 0.98758 0.15504 0.02540 -0.98969 0.14011 0.02975 -0.98985 0.14178 -0.01003 -0.99060 0.13678 -0.00017 -0.98969 0.14011 0.02975 -0.98666 0.15619 0.04589 -0.98985 0.14178 -0.01003 -0.95607 0.27008 0.11397 -0.98666 0.15619 0.04589 -0.98969 0.14011 0.02975 -0.95607 0.27008 0.11397 -0.94419 0.30628 0.12121 -0.98666 0.15619 0.04589 0.00000 0.94944 0.31396 0.00000 1.00000 0.00281 0.00000 1.00000 0.00281 0.00000 0.94944 0.31396 0.00000 1.00000 0.00281 0.00000 0.45010 0.89298 0.00000 0.94944 0.31396 0.00000 0.45010 0.89298 0.00000 0.45010 0.89298 0.00000 0.94944 0.31396 0.00000 0.00443 0.99999 0.00000 0.45010 0.89298 0.00000 0.45010 0.89298 0.00000 0.00443 0.99999 0.00000 0.00443 0.99999 0.00000 0.45010 0.89298 -0.00000 -0.33203 0.94327 0.56487 -0.25700 0.78414 0.62501 -0.28249 0.72771 -0.00000 -0.33203 0.94327 0.00000 -0.29858 0.95438 0.56487 -0.25700 0.78414 -0.56487 -0.25700 0.78414 0.00000 -0.29858 0.95438 -0.00000 -0.33203 0.94327 0.63834 0.35823 0.68132 0.53863 0.02656 0.84212 0.59054 0.16715 0.78951 -0.30636 0.82761 0.47032 0.00000 0.99477 -0.10215 0.18019 0.94256 0.28127 -0.18019 0.94256 0.28127 0.00000 0.99477 -0.10215 -0.30636 0.82761 0.47032 -0.86223 0.26605 -0.43102 -0.86901 0.24269 -0.43120 0.00000 0.99477 -0.10215 0.00000 -0.43701 0.89946 -0.00000 -0.33203 0.94327 0.62501 -0.28249 0.72771 0.00000 -0.43701 0.89946 -0.62501 -0.28249 0.72771 -0.00000 -0.33203 0.94327 -0.00000 -1.00000 -0.00000 0.00000 -0.99991 0.01338 0.01695 -0.99984 0.00630 -0.00000 -1.00000 -0.00000 -0.01695 -0.99984 0.00630 0.00000 -0.99991 0.01338 -0.00000 -0.99991 -0.01338 -0.00000 -1.00000 -0.00000 0.01695 -0.99984 -0.00630 -0.00000 -0.99991 -0.01338 -0.01695 -0.99984 -0.00630 -0.00000 -1.00000 -0.00000 -0.00000 1.00000 -0.00000 -0.00000 0.99991 -0.01338 0.01694 0.99984 -0.00630 -0.00000 1.00000 -0.00000 -0.01695 0.99984 -0.00630 -0.00000 0.99991 -0.01338 -0.00000 0.99991 0.01338 -0.00000 1.00000 -0.00000 0.01694 0.99984 0.00630 -0.00000 0.99991 0.01338 -0.01695 0.99984 0.00630 -0.00000 1.00000 -0.00000 0.00000 0.99961 0.02810 -0.04104 0.99726 -0.06157 0.00000 0.99489 -0.10099 0.00000 0.99961 0.02810 -0.08965 0.99501 0.04370 -0.04104 0.99726 -0.06157 0.00000 0.99212 0.12530 -0.08965 0.99501 0.04370 0.00000 0.99961 0.02810 0.00000 0.99961 0.02810 0.08965 0.99501 0.04370 0.00000 0.99212 0.12530 0.00000 0.99961 0.02810 0.04104 0.99726 -0.06157 0.08965 0.99501 0.04370 0.00000 0.99489 -0.10099 0.04104 0.99726 -0.06157 0.00000 0.99961 0.02810 0.00000 -0.00014 -1.00000 0.00000 -0.00014 -1.00000 0.00000 -0.00014 -1.00000 0.00000 0.00014 1.00000 0.00000 -1.00000 -0.00007 0.97273 -0.23193 -0.00001 0.97273 -0.23193 -0.00001 0.97273 -0.23193 -0.00001 0.00000 1.00000 0.00006 0.72668 -0.05832 0.68449 0.62501 -0.28249 0.72771 0.56487 -0.25700 0.78414 0.74999 -0.21360 0.62601 0.66053 0.15958 0.73365 0.72668 -0.05832 0.68449 -0.00447 -0.99999 -0.00000 -0.00447 -0.99999 -0.00000 -0.00470 -0.99999 -0.00006 -0.00475 -0.99999 -0.00004 -0.00066 1.00000 0.00015 0.00256 1.00000 0.00014 0.00238 1.00000 0.00009 -0.00066 1.00000 0.00015 -0.03606 0.11283 0.99296 -0.06570 0.11161 0.99158 -0.06570 0.11161 0.99158 -0.03639 0.11282 0.99295 0.99999 -0.00328 -0.00027 0.99999 -0.00328 -0.00027 0.99999 -0.00328 -0.00027 0.99999 -0.00328 -0.00027 -0.09564 -0.00439 -0.99541 -0.09562 -0.00439 -0.99541 -0.11736 -0.00539 -0.99308 -0.11736 -0.00539 -0.99308 0.79761 -0.57690 -0.17606 0.79761 -0.57690 -0.17606 0.79761 -0.57690 -0.17606 -0.58536 0.31376 0.74760 -0.63195 0.35987 0.68640 -0.74955 0.49198 0.44287 -0.74955 0.49198 0.44287 -0.03639 0.11282 0.99295 -0.00339 0.05527 0.99847 -0.00338 0.05513 0.99847 -0.03606 0.11283 0.99296 -0.09564 -0.00439 -0.99541 -0.03676 -0.00352 -0.99932 -0.03684 -0.00352 -0.99931 -0.09562 -0.00439 -0.99541 -0.00339 0.05527 0.99847 -0.00014 -0.00374 0.99999 -0.00014 -0.00374 0.99999 -0.00338 0.05513 0.99847 -0.03676 -0.00352 -0.99932 0.00035 -0.00364 -0.99999 0.00035 -0.00364 -0.99999 -0.03684 -0.00352 -0.99931 0.00000 -0.00014 -1.00000 0.00000 -0.00014 -1.00000 0.00000 -0.00014 -1.00000 0.00000 0.00014 1.00000 0.00000 -1.00000 -0.00007 -0.97273 -0.23193 -0.00001 -0.97273 -0.23193 -0.00001 -0.97273 -0.23193 -0.00001 -0.97273 -0.23193 -0.00001 0.00000 1.00000 0.00006 -0.72668 -0.05832 0.68449 -0.74999 -0.21360 0.62601 -0.56487 -0.25700 0.78414 -0.62501 -0.28249 0.72771 -0.66053 0.15958 0.73365 -0.72668 -0.05832 0.68449 -0.66053 0.15958 0.73365 -1.00000 -0.00303 -0.00020 -1.00000 -0.00303 -0.00020 -1.00000 -0.00303 -0.00020 -1.00000 -0.00303 -0.00020 -0.93088 -0.25073 -0.26571 -0.93088 -0.25073 -0.26571 -0.93088 -0.25073 -0.26571 -0.93088 -0.25073 -0.26571 0.92922 0.24902 0.27301 0.92922 0.24902 0.27301 0.92922 0.24902 0.27301 0.92922 0.24902 0.27301 0.32786 0.50527 0.79825 0.17525 0.42690 0.88715 0.10361 0.27144 0.95686 0.22887 0.33115 0.91540 -0.23411 -0.97221 -0.00007 -0.42864 -0.90347 -0.00008 -0.42864 -0.90347 -0.00008 -0.22918 -0.97338 -0.00007 0.11177 0.37648 -0.91966 0.28654 0.46048 -0.84015 0.24088 0.27834 -0.92979 0.08307 0.21395 -0.97331 0.00256 0.02616 0.99965 0.00256 0.02613 0.99966 -0.00030 -0.00370 0.99999 -0.00030 -0.00370 0.99999 0.00392 -0.99999 0.00002 0.00395 -0.99999 0.00002 0.00504 -0.99999 0.00008 0.00504 -0.99999 0.00008 0.02130 -0.00330 -0.99977 0.02132 -0.00330 -0.99977 -0.00013 -0.00343 -0.99999 -0.00013 -0.00343 -0.99999 -0.00391 0.99999 -0.00015 -0.00391 0.99999 -0.00015 -0.00503 0.99999 -0.00011 0.00000 -0.14525 0.98939 0.00000 -0.14525 0.98939 0.00000 0.94260 0.33392 0.00000 1.00000 -0.00127 0.00000 0.77914 0.62685 0.00000 0.94260 0.33392 0.00000 0.77914 0.62685 0.00256 0.02616 0.99965 0.22887 0.33115 0.91540 0.10361 0.27144 0.95686 0.00256 0.02613 0.99966 0.00392 -0.99999 0.00002 -0.23411 -0.97221 -0.00007 -0.22918 -0.97338 -0.00007 0.00395 -0.99999 0.00002 0.02130 -0.00330 -0.99977 0.08307 0.21395 -0.97331 0.24088 0.27834 -0.92979 0.02132 -0.00330 -0.99977 -0.00391 0.99999 -0.00015 -0.00294 1.00000 -0.00016 -0.00293 1.00000 -0.00016 -0.00391 0.99999 -0.00015 0.00000 0.00000 -1.00000 -0.99847 -0.00007 -0.05522 -0.99994 -0.00612 -0.00893 -0.99963 -0.00809 -0.02593 -0.99847 -0.00007 -0.05522 0.99998 -0.00165 0.00649 0.99994 -0.00612 -0.00893 0.99998 -0.00438 0.00543 -0.99998 -0.00438 0.00543 -0.99994 -0.00612 -0.00893 -0.99998 -0.00165 0.00650 0.00000 -0.94086 0.33879 0.00000 -0.94086 0.33879 0.00000 -0.94086 0.33879 0.00000 0.00926 0.99996 0.00000 0.00926 0.99996 0.99963 -0.00809 -0.02593 0.99994 -0.00612 -0.00893 0.99847 -0.00007 -0.05522 0.99847 -0.00007 -0.05522 0.00336 -0.99980 0.01979 0.00336 -0.99980 0.01979 0.00336 -0.99980 0.01979 0.86738 -0.18375 -0.46248 0.84320 -0.27573 -0.46151 0.80788 -0.34369 -0.47875 0.86299 0.26808 -0.42822 0.00000 0.99477 -0.10215 0.86723 0.24482 -0.43356 0.27891 -0.67913 0.67896 0.27891 -0.67913 0.67896 0.27891 -0.67913 0.67896 0.35460 -0.66111 -0.66121 0.36243 0.65891 -0.65915 0.36243 0.65891 -0.65915 0.28743 0.67708 0.67746 0.28743 0.67708 0.67746 -0.00000 -1.00000 -0.00000 0.01695 -0.99984 0.00630 0.01695 -0.99984 -0.00630 -0.00000 1.00000 -0.00000 0.01694 0.99984 -0.00630 0.01694 0.99984 0.00630 0.59054 0.16715 0.78951 0.65070 0.45285 0.60952 0.63834 0.35823 0.68132 0.56487 -0.25700 0.78414 0.00000 -0.29858 0.95438 0.36460 -0.28891 0.88521 -0.83321 -0.28433 -0.47425 -0.87082 -0.19192 -0.45260 -0.80788 -0.34369 -0.47875 -0.62501 -0.28249 0.72771 -0.56487 -0.25700 0.78414 -0.00000 -0.33203 0.94327 -0.53863 0.02656 0.84212 -0.53863 0.02656 0.84212 -0.59054 0.16715 0.78951 -0.01695 -0.99984 0.00630 -0.00000 -1.00000 -0.00000 -0.01695 -0.99984 -0.00630 -0.01695 0.99984 -0.00630 -0.00000 1.00000 -0.00000 -0.01695 0.99984 0.00630 0.24790 0.93613 0.24942 0.32786 0.50527 0.79825 0.22887 0.33115 0.91540 -0.65070 0.45285 0.60952 -0.59054 0.16715 0.78951 -0.30636 0.82761 0.47032 0.00000 -0.29858 0.95438 -0.56487 -0.25700 0.78414 -0.36460 -0.28891 0.88521 0.24088 0.27834 -0.92979 0.28654 0.46048 -0.84015 0.58225 0.56302 -0.58651 -0.00293 1.00000 -0.00016 -0.00294 1.00000 -0.00016 0.24790 0.93613 0.24942 0.99994 -0.00612 -0.00893 0.99963 -0.00809 -0.02593 0.99998 -0.00438 0.00543 -0.99994 -0.00612 -0.00893 -0.99998 -0.00438 0.00543 -0.99963 -0.00809 -0.02593</float_array>
     <technique_common>
      <accessor count="535" source="#realb09_5-lib-normals-array" stride="3">
       <param name="X" type="float"/>
       <param name="Y" type="float"/>
       <param name="Z" type="float"/>
      </accessor>
     </technique_common>
    </source>
    <source id="realb09_5-lib-texcoords">
     <float_array id="realb09_5-lib-texcoords-array" count="1162">0.97803 -0.32178 0.88037 -0.24609 0.97803 -0.24609 0.97803 -0.32178 0.88037 -0.32764 0.88037 -0.24609 0.97803 -0.49072 0.88037 -0.32764 0.97803 -0.32178 0.97803 -0.49072 0.88037 -0.41260 0.88037 -0.32764 0.97803 -0.32178 0.88037 -0.41260 0.97803 -0.49072 0.97803 -0.32178 0.88037 -0.32764 0.88037 -0.41260 0.97803 -0.24609 0.88037 -0.32764 0.97803 -0.32178 0.97803 -0.24609 0.88037 -0.24609 0.88037 -0.32764 0.10986 -0.31494 0.21484 -0.06055 0.21729 -0.26904 0.10986 -0.31494 0.10693 -0.05957 0.21484 -0.06055 0.00732 -0.35742 0.10693 -0.05957 0.10986 -0.31494 0.00732 -0.35742 0.00684 -0.05957 0.10693 -0.05957 0.10986 -0.31494 0.00684 -0.05957 0.00732 -0.35742 0.10986 -0.31494 0.10693 -0.05957 0.00684 -0.05957 0.21729 -0.26904 0.10693 -0.05957 0.10986 -0.31494 0.21729 -0.26904 0.21484 -0.06055 0.10693 -0.05957 0.93408 -0.16504 0.98486 -0.06152 0.98975 -0.16504 0.93408 -0.16504 0.93066 -0.08301 0.98486 -0.06152 0.91113 -0.16797 0.93066 -0.08301 0.93408 -0.16504 0.91113 -0.16797 0.88574 -0.07129 0.93066 -0.08301 0.78467 -0.26465 0.64258 -0.30615 0.66650 -0.26709 0.78467 -0.26465 0.78662 -0.30469 0.64258 -0.30615 0.66650 -0.26709 0.78662 -0.30469 0.78467 -0.26465 0.66650 -0.26709 0.64258 -0.30615 0.78662 -0.30469 0.30518 -0.76465 0.20312 -0.85400 0.20557 -0.76318 0.30518 -0.76465 0.30029 -0.85449 0.20312 -0.85400 0.38867 -0.83545 0.30029 -0.85449 0.30518 -0.76465 0.38867 -0.83545 0.39453 -0.86914 0.30029 -0.85449 0.30029 -0.93408 0.20312 -1.02051 0.20312 -0.93408 0.30029 -0.93408 0.30713 -1.02100 0.20312 -1.02051 0.39600 -0.92334 0.30713 -1.02100 0.30029 -0.93408 0.39600 -0.92334 0.37793 -0.95703 0.30713 -1.02100 0.30029 -0.85449 0.20312 -0.93408 0.20312 -0.85400 0.30029 -0.85449 0.30029 -0.93408 0.20312 -0.93408 0.39453 -0.86914 0.30029 -0.93408 0.30029 -0.85449 0.39453 -0.86914 0.39600 -0.92334 0.30029 -0.93408 0.30029 -0.93408 0.39453 -0.86914 0.39600 -0.92334 0.30029 -0.93408 0.30029 -0.85449 0.39453 -0.86914 0.20312 -0.93408 0.30029 -0.85449 0.30029 -0.93408 0.20312 -0.93408 0.20312 -0.85400 0.30029 -0.85449 0.79980 -1.00000 1.00000 -0.70020 1.00000 -1.00000 0.79980 -1.00000 0.79980 -0.70020 1.00000 -0.70020 0.60010 -1.00000 0.79980 -0.70020 0.79980 -1.00000 0.60010 -1.00000 0.60010 -0.70020 0.79980 -0.70020 0.79980 -1.00000 1.00000 -0.70020 1.00000 -1.00000 0.79980 -1.00000 0.79980 -0.70020 1.00000 -0.70020 0.60010 -1.00000 0.79980 -0.70020 0.79980 -1.00000 0.60010 -1.00000 0.60010 -0.70020 0.79980 -0.70020 0.93066 -0.08301 0.98975 -0.16504 0.98486 -0.06152 0.93066 -0.08301 0.93408 -0.16504 0.98975 -0.16504 0.88574 -0.07129 0.93408 -0.16504 0.93066 -0.08301 0.88574 -0.07129 0.91113 -0.16797 0.93408 -0.16504 0.29980 -0.85303 0.20068 -0.79346 0.20068 -0.85303 0.29980 -0.85303 0.29980 -0.79346 0.20068 -0.79346 0.39941 -0.85303 0.29980 -0.79346 0.29980 -0.85303 0.39941 -0.85303 0.39941 -0.79346 0.29980 -0.79346 0.29980 -0.99170 0.20068 -0.93213 0.20068 -0.99170 0.29980 -0.99170 0.29980 -0.93262 0.20068 -0.93213 0.39941 -0.99170 0.29980 -0.93262 0.29980 -0.99170 0.39941 -0.99170 0.39941 -0.93213 0.29980 -0.93262 0.29980 -0.93262 0.20068 -0.85303 0.20068 -0.93213 0.29980 -0.93262 0.29980 -0.85303 0.20068 -0.85303 0.39941 -0.93213 0.29980 -0.85303 0.29980 -0.93262 0.39941 -0.93213 0.39941 -0.85303 0.29980 -0.85303 0.29980 -0.85303 0.39941 -0.93213 0.39941 -0.85303 0.29980 -0.85303 0.29980 -0.93262 0.39941 -0.93213 0.20068 -0.85303 0.29980 -0.93262 0.29980 -0.85303 0.20068 -0.85303 0.20068 -0.93213 0.29980 -0.93262 0.35596 -0.66211 0.36182 -0.64209 0.36475 -0.66064 0.35596 -0.66211 0.35205 -0.64404 0.36182 -0.64209 0.32861 -0.68359 0.35205 -0.64404 0.35596 -0.66211 0.32861 -0.68359 0.32520 -0.67432 0.35205 -0.64404 0.35205 -0.64404 0.36475 -0.66064 0.36182 -0.64209 0.35205 -0.64404 0.35596 -0.66211 0.36475 -0.66064 0.32520 -0.67432 0.35596 -0.66211 0.35205 -0.64404 0.32520 -0.67432 0.32861 -0.68359 0.35596 -0.66211 0.16260 -0.63184 0.16797 -0.65771 0.16260 -0.65771 0.16260 -0.63184 0.16797 -0.63184 0.16797 -0.65771 0.16260 -0.63184 0.16797 -0.63184 0.16260 -0.63184 0.16260 -0.63184 0.16797 -0.63184 0.16797 -0.63184 0.16260 -0.62500 0.16797 -0.63184 0.16260 -0.63184 0.16260 -0.62500 0.16797 -0.62500 0.16797 -0.63184 0.35254 -0.04639 0.38086 -0.14453 0.26318 -0.13965 0.35254 -0.04639 0.64648 -0.04639 0.38086 -0.14453 0.38086 -0.14453 0.64648 -0.04639 0.35254 -0.04639 0.60938 -0.23535 0.66650 -0.26709 0.64258 -0.30615 0.60938 -0.23535 0.70850 -0.22119 0.66650 -0.26709 0.66650 -0.26709 0.70850 -0.22119 0.60938 -0.23535 0.66650 -0.26709 0.78467 -0.26465 0.70850 -0.22119 0.25977 -0.04639 0.35254 -0.04639 0.26318 -0.13965 0.25977 -0.04639 0.26318 -0.13965 0.35254 -0.04639 0.00879 -0.70020 0.00879 -0.39990 0.29980 -0.70020 0.00879 -0.70020 0.29980 -0.70020 0.00879 -0.39990 0.29980 -0.70020 0.00879 -0.70020 0.00879 -0.39990 0.29980 -0.70020 0.00879 -0.39990 0.00879 -0.70020 -0.99414 0.29639 -0.99463 0.60303 -0.72559 0.29834 -0.99414 0.29639 -0.72559 0.29834 -0.99463 0.60303 -0.99463 0.59473 -0.99414 0.29639 -0.72559 0.29834 -0.99463 0.59473 -0.72559 0.29834 -0.99414 0.29639 0.68555 -0.48047 0.77930 -0.32471 0.85938 -0.49121 0.68555 -0.48047 0.59814 -0.32178 0.77930 -0.32471 0.50000 -0.48047 0.59814 -0.32178 0.68555 -0.48047 0.68555 -0.48047 0.59814 -0.32178 0.50000 -0.48047 0.68555 -0.48047 0.77930 -0.32471 0.59814 -0.32178 0.85352 -0.48145 0.77930 -0.32471 0.68555 -0.48047 0.95117 -0.06152 0.90967 -0.06152 0.89893 -0.01562 0.95117 -0.01562 0.95068 -0.01123 0.95068 -0.05713 0.89795 -0.05713 0.90918 -0.01123 0.94971 -0.00439 0.94971 -0.06445 0.90820 -0.06445 0.90820 -0.00439 0.90723 -0.00439 0.95459 -0.00439 0.95459 -0.06445 0.90674 -0.06445 0.90137 -0.06641 0.90137 -0.00684 0.95361 -0.00684 0.95361 -0.06641 0.26172 -0.30420 0.26318 -0.13965 0.38086 -0.14453 0.36328 -0.32129 0.99023 -0.16211 0.97998 -0.18701 0.94922 -0.19043 0.93408 -0.16504 0.10010 -0.82422 0.10010 -0.92969 0.00000 -0.92969 0.00000 -0.82422 0.10010 -1.00000 0.00000 -1.00000 0.00000 -0.96484 0.10010 -0.96484 0.00000 -0.92969 0.10010 -0.92969 0.10010 -0.96484 0.00000 -0.96484 0.50000 -0.70020 0.60010 -0.70020 0.60010 -1.00000 0.50000 -1.00000 0.00000 -0.82422 0.00000 -0.78955 0.10010 -0.78955 0.10010 -0.82422 0.20312 -0.85400 0.20312 -0.93408 0.11133 -0.92822 0.11133 -0.84814 0.39600 -0.92334 0.39453 -0.86914 0.47070 -0.84863 0.47070 -0.92676 1.00000 -0.60010 0.79980 -0.60010 0.79980 -0.51807 1.00000 -0.51807 1.00000 -0.51807 0.79980 -0.51807 0.79980 -0.60010 1.00000 -0.60010 0.79980 -0.60010 0.60107 -0.60010 0.60107 -0.51807 0.79980 -0.51807 0.79980 -0.51807 0.60107 -0.51807 0.60107 -0.60010 0.79980 -0.60010 0.95117 -0.06152 0.95117 -0.01562 0.89893 -0.01562 0.90967 -0.06152 0.95068 -0.01123 0.90918 -0.01123 0.89795 -0.05713 0.95068 -0.05713 0.94971 -0.00439 0.90820 -0.00439 0.90820 -0.06445 0.94971 -0.06445 0.90723 -0.00439 0.90674 -0.06445 0.95459 -0.06445 0.95459 -0.00439 0.90137 -0.06641 0.95361 -0.06641 0.95361 -0.00684 0.90137 -0.00684 0.26172 -0.30420 0.36328 -0.32129 0.38086 -0.14453 0.26318 -0.13965 0.99023 -0.16211 0.93408 -0.16504 0.94922 -0.19043 0.97998 -0.18701 0.50000 -0.70020 0.50000 -1.00000 0.60010 -1.00000 0.60010 -0.70020 0.20068 -0.85303 0.14111 -0.85303 0.14111 -0.93213 0.20068 -0.93213 0.39941 -0.93213 0.43896 -0.93213 0.43896 -0.85303 0.39941 -0.85303 1.00000 -0.60010 1.00000 -0.51807 0.89990 -0.51807 0.89990 -0.60010 0.89990 -1.00000 1.00000 -1.00000 1.00000 -0.70020 0.89990 -0.70020 1.00000 -0.51807 1.00000 -0.60010 0.89990 -0.60010 0.89990 -0.51807 0.79980 -0.60010 0.79980 -0.51807 0.60107 -0.51807 0.60107 -0.60010 0.79980 -1.00000 0.79980 -0.70020 0.60010 -0.70020 0.60010 -1.00000 0.79980 -0.51807 0.79980 -0.60010 0.60107 -0.60010 0.60107 -0.51807 0.79980 -1.00000 0.79980 -0.70020 0.60010 -0.70020 0.60010 -1.00000 0.39990 -0.70020 0.29980 -0.70020 0.29980 -0.63770 0.39990 -0.63770 0.39990 -0.52979 0.29980 -0.52881 0.29980 -0.39990 0.39990 -0.39990 0.29980 -0.63770 0.29980 -0.52881 0.39990 -0.52979 0.39990 -0.63770 0.79980 -0.60010 0.89990 -0.60010 0.89990 -0.51807 0.79980 -0.51807 0.79980 -1.00000 0.89990 -1.00000 0.89990 -0.70020 0.79980 -0.70020 0.79980 -0.51807 0.89990 -0.51807 0.89990 -0.60010 0.79980 -0.60010 0.79980 -1.00000 0.89990 -1.00000 0.89990 -0.70020 0.79980 -0.70020 0.16260 -0.67139 0.16260 -0.65771 0.16797 -0.65771 0.16797 -0.67139 0.16602 -0.62354 0.16797 -0.62256 0.16602 -0.63037 0.16602 -0.62988 0.13818 -0.61719 0.16260 -0.61719 0.16260 -0.62256 0.13867 -0.63037 0.19189 -0.63037 0.16797 -0.62256 0.16797 -0.61719 0.19189 -0.61719 0.16260 -0.62500 0.16260 -0.62256 0.16797 -0.62256 0.16797 -0.62500 0.16797 -0.62256 0.16260 -0.62256 0.16260 -0.61719 0.16797 -0.61719 0.16455 -0.63037 0.16260 -0.62256 0.16455 -0.62354 0.16455 -0.62988 0.16260 -0.59326 0.16797 -0.59326 0.16797 -0.61719 0.16260 -0.61719 0.88574 -0.07129 0.91113 -0.16797 0.88477 -0.18506 0.66650 -0.26709 0.70850 -0.22119 0.78467 -0.26465 0.00879 -0.70020 0.00879 -0.39990 0.29980 -0.70020 0.00879 -0.70020 0.29980 -0.70020 0.00879 -0.39990 0.00879 -0.70020 0.00879 -0.39990 0.29980 -0.70020 0.00879 -0.70020 0.29980 -0.70020 0.00879 -0.39990 0.00879 -0.70020 0.00879 -0.39990 0.29980 -0.70020 -0.99414 0.29639 -0.99463 0.60303 -0.72559 0.29834 0.64258 -0.30615 0.58008 -0.30615 0.60938 -0.23535 0.38086 -0.14453 0.64648 -0.04639 0.49854 -0.09082 0.91113 -0.16797 0.88574 -0.07129 0.88477 -0.18506 0.26318 -0.13965 0.38086 -0.14453 0.35254 -0.04639 0.66650 -0.26709 0.60938 -0.23535 0.64258 -0.30615 0.00879 -0.39990 0.00879 -0.70020 0.29980 -0.70020 -0.99463 0.60303 -0.99414 0.29639 -0.72559 0.29834 1.00000 -0.85010 1.00000 -0.70020 0.89990 -0.70020 0.58008 -0.30615 0.64258 -0.30615 0.60938 -0.23535 0.64648 -0.04639 0.38086 -0.14453 0.49854 -0.09082 0.89990 -1.00000 1.00000 -1.00000 1.00000 -0.85010 0.89990 -0.70020 0.89990 -1.00000 1.00000 -0.85010 0.16260 -0.62256 0.16455 -0.63037 0.13867 -0.63037 0.16797 -0.62256 0.19189 -0.63037 0.16602 -0.63037</float_array>
     <technique_common>
      <accessor count="581" offset="0" source="#realb09_5-lib-texcoords-array" stride="2">
       <param name="U" type="float"/>
       <param name="V" type="float"/>
      </accessor>
     </technique_common>
    </source>
    <vertices id="realb09_5-lib-vertices">
     <input semantic="POSITION" source="#realb09_5-lib-positions"/>
    </vertices>
    <polylist count="177" material="mat2.png">
     <input offset="0" semantic="VERTEX" source="#realb09_5-lib-vertices"/>
     <input offset="1" semantic="NORMAL" source="#realb09_5-lib-normals"/>
     <input offset="2" semantic="TEXCOORD" source="#realb09_5-lib-texcoords"/>
     <vcount>3 3 3 3 3 3 3 3 3 3 3 3 3 3 3 3 3 3 3 3 3 3 3 3 3 3 3 3 3 3 3 3 3 3 3 3 3 3 3 3 3 3 3 3 3 3 3 3 3 3 3 3 3 3 3 3 3 3 3 3 3 3 3 3 3 3 3 3 3 3 3 3 3 3 3 3 3 3 3 3 3 3 3 3 3 3 3 3 3 3 3 3 3 3 3 3 3 3 3 3 3 3 3 3 3 4 4 4 4 4 4 4 4 4 4 4 4 4 4 4 4 4 4 4 4 4 4 4 4 4 4 4 4 4 4 4 4 4 4 4 4 4 4 4 4 4 4 4 4 4 4 4 4 4 4 3 3 3 3 3 3 3 3 3 3 3 3 3 3 3 3 3 3 3 3 3 3</vcount>
     <p>2 2 2 1 1 1 0 0 0 1 5 5 3 4 4 0 3 3 0 8 8 3 7 7 4 6 6 3 11 11 5 10 10 4 9 9 4 14 14 5 13 13 6 12 12 5 17 17 7 16 16 6 15 15 6 20 20 7 19 19 2 18 18 7 23 23 1 22 22 2 21 21 10 26 26 9 25 25 8 24 24 9 29 29 11 28 28 8 27 27 8 32 32 11 31 31 12 30 30 11 35 35 13 34 34 12 33 33 12 38 38 13 37 37 14 36 36 13 41 41 15 40 40 14 39 39 14 44 44 15 43 43 16 42 42 15 47 47 17 46 46 16 45 45 20 50 50 19 49 49 18 48 48 19 53 53 21 52 52 18 51 51 18 56 56 21 55 55 22 54 54 21 59 59 23 58 58 22 57 57 26 62 62 25 61 61 24 60 60 25 65 65 27 64 64 24 63 63 24 68 68 27 67 67 28 66 66 27 71 71 29 70 70 28 69 69 32 74 74 31 73 73 30 72 72 31 77 77 33 76 76 30 75 75 30 80 80 33 79 79 34 78 78 33 83 83 35 82 82 34 81 81 38 86 86 37 85 85 36 84 84 37 89 89 39 88 88 36 87 87 36 92 92 39 91 91 40 90 90 39 95 95 41 94 94 40 93 93 37 98 98 32 97 97 39 96 96 32 101 101 30 100 100 39 99 99 39 104 104 30 103 103 41 102 102 30 107 107 34 106 106 41 105 105 40 110 110 35 109 109 36 108 108 35 113 113 33 112 112 36 111 111 36 116 116 33 115 115 38 114 114 33 119 119 31 118 118 38 117 117 44 122 122 43 121 121 42 120 120 43 125 125 45 124 124 42 123 123 42 128 128 45 127 127 46 126 126 45 131 131 47 130 130 46 129 129 50 134 134 49 133 133 48 132 132 49 137 137 51 136 136 48 135 135 48 140 140 51 139 139 52 138 138 51 143 143 53 142 142 52 141 141 19 146 146 54 145 145 21 144 144 54 149 149 55 148 148 21 147 147 21 152 152 55 151 151 23 150 150 55 155 155 56 154 154 23 153 153 59 158 158 58 157 157 57 156 156 58 161 161 60 160 160 57 159 159 57 164 164 60 163 163 61 162 162 60 167 167 62 166 166 61 165 165 65 170 170 64 169 169 63 168 168 64 173 173 66 172 172 63 171 171 63 176 176 66 175 175 67 174 174 66 179 179 68 178 178 67 177 177 58 182 182 65 181 181 60 180 180 65 185 185 63 184 184 60 183 183 60 188 188 63 187 187 62 186 186 63 191 191 67 190 190 62 189 189 61 194 194 68 193 193 57 192 192 68 197 197 66 196 196 57 195 195 57 200 200 66 199 199 59 198 198 66 203 203 64 202 202 59 201 201 71 206 206 70 205 205 69 204 204 70 209 209 72 208 208 69 207 207 69 212 212 72 211 211 73 210 210 72 215 215 74 214 214 73 213 213 77 218 218 76 217 217 75 216 216 76 221 221 78 220 220 75 219 219 75 224 224 78 223 223 79 222 222 78 227 227 80 226 226 79 225 225 83 230 230 82 229 229 81 228 228 82 232 233 84 231 232 81 231 231 81 234 236 84 234 235 85 233 234 84 237 239 86 236 238 85 235 237 85 240 242 86 239 241 87 238 240 86 243 245 88 242 244 87 241 243 91 246 248 90 245 247 89 244 246 90 249 251 92 248 250 89 247 249 89 252 254 92 251 253 93 250 252 25 255 257 26 254 256 94 253 255 26 258 260 95 257 259 94 256 258 94 261 263 95 260 262 28 259 261 95 264 266 24 263 265 28 262 264 91 267 269 89 266 268 96 265 267 89 270 272 97 269 271 96 268 270 100 273 275 99 272 274 98 271 273 99 276 278 101 275 277 98 274 276 103 279 281 98 278 280 102 277 279 98 282 284 104 281 283 102 280 282 107 285 287 106 284 286 105 283 285 106 288 290 108 287 289 105 286 288 110 291 293 105 290 292 109 289 291 105 294 296 111 293 295 109 292 294 114 297 299 113 296 298 112 295 297 113 300 302 115 299 301 112 298 300 112 303 305 115 302 304 116 301 303 116 306 308 117 305 307 112 304 306 117 309 311 118 308 310 112 307 309 112 312 314 118 311 313 114 310 312 122 315 318 121 314 317 120 313 316 119 313 315 126 316 322 125 316 321 124 316 320 123 316 319 120 317 326 126 317 325 123 317 324 119 317 323 125 320 330 126 319 329 120 318 328 121 318 327 122 321 334 124 321 333 125 321 332 121 321 331 22 325 338 90 324 337 91 323 336 18 322 335 18 327 342 128 326 341 127 326 340 20 326 339 43 331 346 44 330 345 130 329 344 129 328 343 132 335 350 49 334 349 50 333 348 131 332 347 49 339 354 132 338 353 130 337 352 44 336 351 47 343 358 52 342 357 53 341 356 46 340 355 129 347 362 131 346 361 50 345 360 43 344 359 32 350 366 37 349 365 38 348 364 31 348 363 35 354 370 40 353 369 41 352 368 34 351 367 44 358 374 42 357 373 51 356 372 49 355 371 50 362 378 48 361 377 45 360 376 43 359 375 42 366 382 46 365 381 53 364 380 51 363 379 48 370 386 52 369 385 47 368 384 45 367 383 136 373 390 135 372 389 134 371 388 133 371 387 140 374 394 139 374 393 138 374 392 137 374 391 137 375 398 138 375 397 136 375 396 133 375 395 136 379 402 138 378 401 139 377 400 135 376 399 139 380 406 140 380 405 134 380 404 135 380 403 97 384 410 93 383 409 56 382 408 55 381 407 142 387 414 141 387 413 55 386 412 54 385 411 146 391 418 145 390 417 144 389 416 143 388 415 64 395 422 65 394 421 58 393 420 59 392 419 67 399 426 68 398 425 61 397 424 62 396 423 150 403 430 149 402 429 148 401 428 147 400 427 152 407 434 151 406 433 148 405 432 149 404 431 152 411 438 154 410 437 153 409 436 151 408 435 146 415 442 143 414 441 156 413 440 155 412 439 143 419 446 144 418 445 157 417 444 156 416 443 144 423 450 145 422 449 158 421 448 157 420 447 145 426 454 146 426 453 155 425 452 158 424 451 74 428 458 79 428 457 80 427 456 73 427 455 70 430 462 77 430 461 75 429 460 72 429 459 74 433 466 72 432 465 75 432 464 79 431 463 156 437 470 149 436 469 150 435 468 155 434 467 157 441 474 152 440 473 149 439 472 156 438 471 158 445 478 154 444 477 152 443 476 157 442 475 155 449 482 150 448 481 154 447 480 158 446 479 160 450 486 82 450 485 83 450 484 159 450 483 86 454 490 84 453 489 161 452 488 88 451 487 83 457 494 163 456 493 162 455 492 159 455 491 160 460 498 164 460 497 161 459 496 82 458 495 88 463 502 161 462 501 163 462 500 87 461 499 164 465 506 162 465 505 163 464 504 161 464 503 85 469 510 87 468 509 163 467 508 81 466 507 162 472 514 164 471 513 160 471 512 159 470 511 165 475 517 22 474 516 23 473 515 24 478 520 95 477 519 26 476 518 168 481 523 167 480 522 166 479 521 167 482 526 169 482 525 166 482 524 169 484 529 170 483 528 166 483 527 170 486 532 168 485 531 166 485 530 103 489 535 100 488 534 98 487 533 110 492 538 107 491 537 105 490 536 94 495 541 171 494 540 25 493 539 172 498 544 92 497 543 90 496 542 173 501 547 23 500 546 56 499 545 89 504 550 93 503 549 97 502 548 29 507 553 94 506 552 28 505 551 104 510 556 98 509 555 101 508 554 111 513 559 105 512 558 108 511 557 150 516 562 147 515 561 174 514 560 94 519 565 29 518 564 171 517 563 175 522 568 93 521 567 92 520 566 174 525 571 153 524 570 154 523 569 174 528 574 154 527 573 150 526 572 83 531 577 81 530 576 163 529 575 84 534 580 82 533 579 161 532 578</p>
    </polylist>
   </mesh>
  </geometry>
 </library_geometries>
 <library_visual_scenes>
  <visual_scene id="Scene" name="Scene">
   <node id="Camera" name="Camera">
    <rotate sid="rotateY">0 1 0 -0.00000</rotate>
    <rotate sid="rotateX">1 0 0 -0.00000</rotate>
    <rotate sid="rotateZ">0 0 1 -0.00000</rotate>
    <translate sid="translate">0.00000 0.00000 109.00793</translate>
    <instance_camera url="#Camera-Camera"/>
   </node>
   <node id="realb09" name="realb09">
    <translate sid="translate">0.00000 0.00000 0.00000</translate>
    <rotate sid="head">0 1 0 0.00000</rotate>
    <rotate sid="pitch">1 0 0 0.00000</rotate>
    <rotate sid="bank">0 0 1 0.00000</rotate>
    <scale sid="scale">1.00000 1.00000 1.00000</scale>
    <instance_geometry url="#realb09-lib">
     <bind_material>
      <technique_common>
       <instance_material symbol="mat4.png" target="#mat4.png">
        <bind_vertex_input semantic="UVSET0" input_semantic="TEXCOORD"/>
       </instance_material>
      </technique_common>
     </bind_material>
    </instance_geometry>
   </node>
   <node id="realb09_1" name="realb09_1">
    <translate sid="translate">0.00000 0.00000 0.00000</translate>
    <rotate sid="head">0 1 0 0.00000</rotate>
    <rotate sid="pitch">1 0 0 0.00000</rotate>
    <rotate sid="bank">0 0 1 0.00000</rotate>
    <scale sid="scale">1.00000 1.00000 1.00000</scale>
    <instance_geometry url="#realb09_1-lib">
     <bind_material>
      <technique_common>
       <instance_material symbol="mat3.png" target="#mat3.png">
        <bind_vertex_input semantic="UVSET0" input_semantic="TEXCOORD"/>
       </instance_material>
      </technique_common>
     </bind_material>
    </instance_geometry>
   </node>
   <node id="realb09_2" name="realb09_2">
    <translate sid="translate">0.00000 0.00000 0.00000</translate>
    <rotate sid="head">0 1 0 0.00000</rotate>
    <rotate sid="pitch">1 0 0 0.00000</rotate>
    <rotate sid="bank">0 0 1 0.00000</rotate>
    <scale sid="scale">1.00000 1.00000 1.00000</scale>
    <instance_geometry url="#realb09_2-lib">
     <bind_material>
      <technique_common>
       <instance_material symbol="mat1.png" target="#mat1.png">
        <bind_vertex_input semantic="UVSET0" input_semantic="TEXCOORD"/>
       </instance_material>
      </technique_common>
     </bind_material>
    </instance_geometry>
   </node>
   <node id="realb09_3" name="realb09_3">
    <translate sid="translate">0.00000 0.00000 0.00000</translate>
    <rotate sid="head">0 1 0 0.00000</rotate>
    <rotate sid="pitch">1 0 0 0.00000</rotate>
    <rotate sid="bank">0 0 1 0.00000</rotate>
    <scale sid="scale">1.00000 1.00000 1.00000</scale>
    <instance_geometry url="#realb09_3-lib">
     <bind_material>
      <technique_common>
       <instance_material symbol="mat6.png" target="#mat6.png">
        <bind_vertex_input semantic="UVSET0" input_semantic="TEXCOORD"/>
       </instance_material>
      </technique_common>
     </bind_material>
    </instance_geometry>
   </node>
   <node id="realb09_4" name="realb09_4">
    <translate sid="translate">0.00000 0.00000 0.00000</translate>
    <rotate sid="head">0 1 0 0.00000</rotate>
    <rotate sid="pitch">1 0 0 0.00000</rotate>
    <rotate sid="bank">0 0 1 0.00000</rotate>
    <scale sid="scale">1.00000 1.00000 1.00000</scale>
    <instance_geometry url="#realb09_4-lib">
     <bind_material>
      <technique_common>
       <instance_material symbol="mat5.png" target="#mat5.png">
        <bind_vertex_input semantic="UVSET0" input_semantic="TEXCOORD"/>
       </instance_material>
      </technique_common>
     </bind_material>
    </instance_geometry>
   </node>
   <node id="realb09_5" name="realb09_5">
    <translate sid="translate">0.00000 0.00000 0.00000</translate>
    <rotate sid="head">0 1 0 0.00000</rotate>
    <rotate sid="pitch">1 0 0 0.00000</rotate>
    <rotate sid="bank">0 0 1 0.00000</rotate>
    <scale sid="scale">1.00000 1.00000 1.00000</scale>
    <instance_geometry url="#realb09_5-lib">
     <bind_material>
      <technique_common>
       <instance_material symbol="mat2.png" target="#mat2.png">
        <bind_vertex_input semantic="UVSET0" input_semantic="TEXCOORD"/>
       </instance_material>
      </technique_common>
     </bind_material>
    </instance_geometry>
   </node>
  </visual_scene>
 </library_visual_scenes>
 <scene>
  <instance_visual_scene url="#Scene"/>
 </scene>
</COLLADA>
