<?xml version="1.0" encoding="UTF-8"?>
<COLLADA xmlns="http://www.collada.org/2005/11/COLLADASchema" version="1.4.1">
 <asset>
  <contributor>
   <authoring_tool>ExpCollada for Metasequoia</authoring_tool>
  </contributor>
  <created>2024-07-21T23:28:38Z</created>
  <modified>2024-07-21T23:28:38Z</modified>
  <up_axis>Y_UP</up_axis>
 </asset>
 <library_cameras>
  <camera id="Camera-Camera" name="Camera-Camera">
   <optics>
    <technique_common>
     <perspective>
      <yfov>0.000</yfov>
      <znear>0.1</znear>
      <zfar>10000.0</zfar>
     </perspective>
    </technique_common>
   </optics>
  </camera>
 </library_cameras>
 <library_images>
  <image id="texture1" name="texture1">
   <init_from>mat4.png</init_from>
  </image>
  <image id="texture2" name="texture2">
   <init_from>mat1.png</init_from>
  </image>
  <image id="texture3" name="texture3">
   <init_from>mat3.png</init_from>
  </image>
  <image id="texture4" name="texture4">
   <init_from>mat2.png</init_from>
  </image>
  <image id="texture5" name="texture5">
   <init_from>mat6.png</init_from>
  </image>
  <image id="texture6" name="texture6">
   <init_from>mat5.png</init_from>
  </image>
 </library_images>
 <library_effects>
  <effect id="mat4.png-fx" name="mat4.png-fx">
   <profile_COMMON>
    <newparam sid="texture1-surface">
     <surface type="2D">
      <init_from>texture1</init_from>
     </surface>
    </newparam>
    <newparam sid="texture1-sampler">
    <sampler2D>
     <source>texture1-surface</source>
     <minfilter>LINEAR</minfilter>
     <magfilter>LINEAR</magfilter>
    </sampler2D>
   </newparam>
    <technique sid="metaseq">
     <lambert>
      <emission>
       <color>0.500 0.500 0.500 1</color>
      </emission>
      <ambient>
       <color>0.000 0.000 0.000 1</color>
      </ambient>
      <diffuse>
       <texture texture="texture1-sampler" texcoord="UVSET0"/>
      </diffuse>
      <reflective>
       <color>1 1 1 1</color>
      </reflective>
      <reflectivity>
       <float>0.0</float>
      </reflectivity>
      <transparent>
       <color>1 1 1 1</color>
      </transparent>
      <transparency>
       <float>1.000</float>
      </transparency>
     </lambert>
    </technique>
   </profile_COMMON>
  </effect>
  <effect id="mat1.png-fx" name="mat1.png-fx">
   <profile_COMMON>
    <newparam sid="texture2-surface">
     <surface type="2D">
      <init_from>texture2</init_from>
     </surface>
    </newparam>
    <newparam sid="texture2-sampler">
    <sampler2D>
     <source>texture2-surface</source>
     <minfilter>LINEAR</minfilter>
     <magfilter>LINEAR</magfilter>
    </sampler2D>
   </newparam>
    <technique sid="metaseq">
     <lambert>
      <emission>
       <color>0.500 0.500 0.500 1</color>
      </emission>
      <ambient>
       <color>0.000 0.000 0.000 1</color>
      </ambient>
      <diffuse>
       <texture texture="texture2-sampler" texcoord="UVSET0"/>
      </diffuse>
      <reflective>
       <color>1 1 1 1</color>
      </reflective>
      <reflectivity>
       <float>0.0</float>
      </reflectivity>
      <transparent>
       <color>1 1 1 1</color>
      </transparent>
      <transparency>
       <float>1.000</float>
      </transparency>
     </lambert>
    </technique>
   </profile_COMMON>
  </effect>
  <effect id="mat3.png-fx" name="mat3.png-fx">
   <profile_COMMON>
    <newparam sid="texture3-surface">
     <surface type="2D">
      <init_from>texture3</init_from>
     </surface>
    </newparam>
    <newparam sid="texture3-sampler">
    <sampler2D>
     <source>texture3-surface</source>
     <minfilter>LINEAR</minfilter>
     <magfilter>LINEAR</magfilter>
    </sampler2D>
   </newparam>
    <technique sid="metaseq">
     <lambert>
      <emission>
       <color>0.500 0.500 0.500 1</color>
      </emission>
      <ambient>
       <color>0.000 0.000 0.000 1</color>
      </ambient>
      <diffuse>
       <texture texture="texture3-sampler" texcoord="UVSET0"/>
      </diffuse>
      <reflective>
       <color>1 1 1 1</color>
      </reflective>
      <reflectivity>
       <float>0.0</float>
      </reflectivity>
      <transparent>
       <color>1 1 1 1</color>
      </transparent>
      <transparency>
       <float>1.000</float>
      </transparency>
     </lambert>
    </technique>
   </profile_COMMON>
  </effect>
  <effect id="mat2.png-fx" name="mat2.png-fx">
   <profile_COMMON>
    <newparam sid="texture4-surface">
     <surface type="2D">
      <init_from>texture4</init_from>
     </surface>
    </newparam>
    <newparam sid="texture4-sampler">
    <sampler2D>
     <source>texture4-surface</source>
     <minfilter>LINEAR</minfilter>
     <magfilter>LINEAR</magfilter>
    </sampler2D>
   </newparam>
    <technique sid="metaseq">
     <lambert>
      <emission>
       <color>0.500 0.500 0.500 1</color>
      </emission>
      <ambient>
       <color>0.000 0.000 0.000 1</color>
      </ambient>
      <diffuse>
       <texture texture="texture4-sampler" texcoord="UVSET0"/>
      </diffuse>
      <reflective>
       <color>1 1 1 1</color>
      </reflective>
      <reflectivity>
       <float>0.0</float>
      </reflectivity>
      <transparent>
       <color>1 1 1 1</color>
      </transparent>
      <transparency>
       <float>1.000</float>
      </transparency>
     </lambert>
    </technique>
   </profile_COMMON>
  </effect>
  <effect id="mat6.png-fx" name="mat6.png-fx">
   <profile_COMMON>
    <newparam sid="texture5-surface">
     <surface type="2D">
      <init_from>texture5</init_from>
     </surface>
    </newparam>
    <newparam sid="texture5-sampler">
    <sampler2D>
     <source>texture5-surface</source>
     <minfilter>LINEAR</minfilter>
     <magfilter>LINEAR</magfilter>
    </sampler2D>
   </newparam>
    <technique sid="metaseq">
     <lambert>
      <emission>
       <color>0.500 0.500 0.500 1</color>
      </emission>
      <ambient>
       <color>0.000 0.000 0.000 1</color>
      </ambient>
      <diffuse>
       <texture texture="texture5-sampler" texcoord="UVSET0"/>
      </diffuse>
      <reflective>
       <color>1 1 1 1</color>
      </reflective>
      <reflectivity>
       <float>0.0</float>
      </reflectivity>
      <transparent>
       <color>1 1 1 1</color>
      </transparent>
      <transparency>
       <float>1.000</float>
      </transparency>
     </lambert>
    </technique>
   </profile_COMMON>
  </effect>
  <effect id="mat5.png-fx" name="mat5.png-fx">
   <profile_COMMON>
    <newparam sid="texture6-surface">
     <surface type="2D">
      <init_from>texture6</init_from>
     </surface>
    </newparam>
    <newparam sid="texture6-sampler">
    <sampler2D>
     <source>texture6-surface</source>
     <minfilter>LINEAR</minfilter>
     <magfilter>LINEAR</magfilter>
    </sampler2D>
   </newparam>
    <technique sid="metaseq">
     <lambert>
      <emission>
       <color>0.500 0.500 0.500 1</color>
      </emission>
      <ambient>
       <color>0.000 0.000 0.000 1</color>
      </ambient>
      <diffuse>
       <texture texture="texture6-sampler" texcoord="UVSET0"/>
      </diffuse>
      <reflective>
       <color>1 1 1 1</color>
      </reflective>
      <reflectivity>
       <float>0.0</float>
      </reflectivity>
      <transparent>
       <color>1 1 1 1</color>
      </transparent>
      <transparency>
       <float>1.000</float>
      </transparency>
     </lambert>
    </technique>
   </profile_COMMON>
  </effect>
 </library_effects>
 <library_materials>
  <material id="mat4.png" name="mat4.png">
   <instance_effect url="#mat4.png-fx"/>
  </material>
  <material id="mat1.png" name="mat1.png">
   <instance_effect url="#mat1.png-fx"/>
  </material>
  <material id="mat3.png" name="mat3.png">
   <instance_effect url="#mat3.png-fx"/>
  </material>
  <material id="mat2.png" name="mat2.png">
   <instance_effect url="#mat2.png-fx"/>
  </material>
  <material id="mat6.png" name="mat6.png">
   <instance_effect url="#mat6.png-fx"/>
  </material>
  <material id="mat5.png" name="mat5.png">
   <instance_effect url="#mat5.png-fx"/>
  </material>
 </library_materials>
 <library_geometries>
  <geometry id="realb08-lib" name="realb08">
   <mesh>
    <source id="realb08-lib-positions" name="position">
     <float_array id="realb08-lib-positions-array" count="72">-0.77624 6.31547 -0.84944 -0.80538 4.95451 -0.73573 -1.51508 6.41512 -0.20447 -1.58935 4.91151 -0.15562 -0.78845 6.33717 0.81796 -0.77602 4.95441 0.69395 -0.76639 4.14438 0.46547 -1.19413 3.90297 -0.12197 -0.76491 3.82799 -0.45222 -0.38027 3.90294 -0.17168 -0.11799 4.94309 -0.12090 -0.08258 6.18480 -0.01117 0.77624 6.31547 -0.84944 1.51508 6.41512 -0.20447 0.80538 4.95451 -0.73573 1.58935 4.91151 -0.15562 1.19413 3.90297 -0.12197 0.78845 6.33717 0.81796 0.77602 4.95441 0.69395 0.76639 4.14438 0.46547 0.76491 3.82799 -0.45222 0.38027 3.90294 -0.17168 0.11799 4.94309 -0.12090 0.08258 6.18480 -0.01117</float_array>
     <technique_common>
      <accessor count="24" source="#realb08-lib-positions-array" stride="3">
       <param name="X" type="float"/>
       <param name="Y" type="float"/>
       <param name="Z" type="float"/>
      </accessor>
     </technique_common>
    </source>
    <source id="realb08-lib-normals" name="normal">
     <float_array id="realb08-lib-normals-array" count="288">-0.63539 -0.02805 -0.77168 -0.60708 -0.11750 -0.78591 -0.66055 -0.04845 -0.74921 -0.63539 -0.02805 -0.77168 -0.58652 -0.11761 -0.80135 -0.60708 -0.11750 -0.78591 -0.74272 -0.08663 0.66398 -0.77743 -0.00652 0.62894 -0.81582 -0.05893 0.57530 -0.74272 -0.08663 0.66398 -0.72626 -0.07730 0.68306 -0.77743 -0.00652 0.62894 -0.71394 -0.23062 0.66114 -0.72626 -0.07730 0.68306 -0.74272 -0.08663 0.66398 -0.71394 -0.23062 0.66114 -0.72531 -0.26300 0.63621 -0.72626 -0.07730 0.68306 0.62610 -0.15662 -0.76385 0.68374 -0.06900 -0.72646 0.60220 -0.17443 -0.77905 0.62610 -0.15662 -0.76385 0.66598 -0.03391 -0.74520 0.68374 -0.06900 -0.72646 0.76386 -0.06237 0.64237 0.76730 -0.11081 0.63165 0.75570 -0.05176 0.65287 0.76386 -0.06237 0.64237 0.77865 -0.13593 0.61256 0.76730 -0.11081 0.63165 -0.59744 -0.22789 -0.76885 -0.60708 -0.11750 -0.78591 -0.58652 -0.11761 -0.80135 -0.59744 -0.22789 -0.76885 -0.61892 -0.21254 -0.75615 -0.60708 -0.11750 -0.78591 0.68374 -0.06900 -0.72646 0.72925 -0.02574 -0.68376 0.76315 -0.07001 -0.64242 0.68374 -0.06900 -0.72646 0.66598 -0.03391 -0.74520 0.72925 -0.02574 -0.68376 0.77865 -0.13593 0.61256 0.78018 -0.19763 0.59352 0.76730 -0.11081 0.63165 0.77865 -0.13593 0.61256 0.79223 -0.22741 0.56627 0.78018 -0.19763 0.59352 0.60708 -0.11750 -0.78591 0.63539 -0.02805 -0.77168 0.66055 -0.04845 -0.74921 0.60708 -0.11750 -0.78591 0.58652 -0.11761 -0.80135 0.63539 -0.02805 -0.77168 0.59744 -0.22789 -0.76885 0.58652 -0.11761 -0.80135 0.60708 -0.11750 -0.78591 0.77743 -0.00652 0.62894 0.74272 -0.08663 0.66398 0.81582 -0.05893 0.57530 0.77743 -0.00652 0.62894 0.72626 -0.07730 0.68306 0.74272 -0.08663 0.66398 0.71394 -0.23062 0.66114 0.72626 -0.07730 0.68306 0.72531 -0.26300 0.63621 0.71394 -0.23062 0.66114 0.74272 -0.08663 0.66398 0.72626 -0.07730 0.68306 -0.68374 -0.06900 -0.72646 -0.62610 -0.15662 -0.76385 -0.60220 -0.17443 -0.77905 -0.68374 -0.06900 -0.72646 -0.66598 -0.03391 -0.74520 -0.62610 -0.15662 -0.76385 -0.72925 -0.02574 -0.68376 -0.66598 -0.03391 -0.74520 -0.68374 -0.06900 -0.72646 -0.76730 -0.11081 0.63165 -0.76386 -0.06237 0.64237 -0.75570 -0.05176 0.65287 -0.76730 -0.11081 0.63165 -0.77865 -0.13593 0.61256 -0.76386 -0.06237 0.64237 -0.78018 -0.19763 0.59352 -0.77865 -0.13593 0.61256 -0.76730 -0.11081 0.63165 -0.78018 -0.19763 0.59352 -0.79223 -0.22741 0.56627 -0.77865 -0.13593 0.61256 0.60708 -0.11750 -0.78591 0.61892 -0.21254 -0.75615 0.59744 -0.22789 -0.76885 -0.68374 -0.06900 -0.72646 -0.76315 -0.07001 -0.64242 -0.72925 -0.02574 -0.68376</float_array>
     <technique_common>
      <accessor count="96" source="#realb08-lib-normals-array" stride="3">
       <param name="X" type="float"/>
       <param name="Y" type="float"/>
       <param name="Z" type="float"/>
      </accessor>
     </technique_common>
    </source>
    <source id="realb08-lib-texcoords">
     <float_array id="realb08-lib-texcoords-array" count="192">1.94531 1.50391 2.73438 -0.58984 2.93750 1.25000 1.94531 1.50391 1.87500 -0.20312 2.73438 -0.58984 0.86328 -0.35156 1.91406 1.51562 0.74219 1.55078 0.86328 -0.35156 1.92578 -0.23047 1.91406 1.51562 1.00391 -0.89062 1.92578 -0.23047 0.86328 -0.35156 1.00391 -0.89062 1.86328 -1.46094 1.92578 -0.23047 3.60547 -1.66406 2.73828 -0.58594 2.66797 -2.07031 3.60547 -1.66406 3.79688 -0.79297 2.73828 -0.58594 -0.28516 1.38281 0.85938 -0.35156 0.73828 1.55469 -0.28516 1.38281 -0.15234 -0.69922 0.85938 -0.35156 1.87109 -1.46875 2.73438 -0.58984 1.87500 -0.20312 1.87109 -1.46875 2.66406 -2.07031 2.73438 -0.58984 2.73828 -0.58594 3.85156 1.48438 2.94141 1.25000 2.73828 -0.58594 3.79688 -0.79297 3.85156 1.48438 -0.15234 -0.69922 0.99609 -0.89844 0.85938 -0.35156 -0.15234 -0.69922 0.31250 -1.72656 0.99609 -0.89844 2.73438 -0.58984 1.94531 1.50391 2.93750 1.25000 2.73438 -0.58984 1.87500 -0.20312 1.94531 1.50391 1.87109 -1.46875 1.87500 -0.20312 2.73438 -0.58984 1.91406 1.51562 0.86328 -0.35156 0.74219 1.55078 1.91406 1.51562 1.92578 -0.23047 0.86328 -0.35156 1.00391 -0.89062 1.92578 -0.23047 1.86328 -1.46094 1.00391 -0.89062 0.86328 -0.35156 1.92578 -0.23047 2.73828 -0.58594 3.60547 -1.66406 2.66797 -2.07031 2.73828 -0.58594 3.79688 -0.79297 3.60547 -1.66406 3.85156 1.48438 3.79688 -0.79297 2.73828 -0.58594 0.85938 -0.35156 -0.28516 1.38281 0.73828 1.55469 0.85938 -0.35156 -0.15234 -0.69922 -0.28516 1.38281 0.99609 -0.89844 -0.15234 -0.69922 0.85938 -0.35156 0.99609 -0.89844 0.31250 -1.72656 -0.15234 -0.69922 2.73438 -0.58984 2.66406 -2.07031 1.87109 -1.46875 2.73828 -0.58594 2.94141 1.25000 3.85156 1.48438</float_array>
     <technique_common>
      <accessor count="96" offset="0" source="#realb08-lib-texcoords-array" stride="2">
       <param name="U" type="float"/>
       <param name="V" type="float"/>
      </accessor>
     </technique_common>
    </source>
    <vertices id="realb08-lib-vertices">
     <input semantic="POSITION" source="#realb08-lib-positions"/>
    </vertices>
    <polylist count="32" material="mat3.png">
     <input offset="0" semantic="VERTEX" source="#realb08-lib-vertices"/>
     <input offset="1" semantic="NORMAL" source="#realb08-lib-normals"/>
     <input offset="2" semantic="TEXCOORD" source="#realb08-lib-texcoords"/>
     <vcount>3 3 3 3 3 3 3 3 3 3 3 3 3 3 3 3 3 3 3 3 3 3 3 3 3 3 3 3 3 3 3 3</vcount>
     <p>0 2 2 1 1 1 2 0 0 1 5 5 3 4 4 2 3 3 4 8 8 2 7 7 5 6 6 2 11 11 3 10 10 5 9 9 5 14 14 3 13 13 6 12 12 3 17 17 7 16 16 6 15 15 8 20 20 1 19 19 9 18 18 1 23 23 10 22 22 9 21 21 4 26 26 5 25 25 11 24 24 5 29 29 10 28 28 11 27 27 3 32 32 1 31 31 7 30 30 1 35 35 8 34 34 7 33 33 0 38 38 11 37 37 1 36 36 11 41 41 10 40 40 1 39 39 5 44 44 6 43 43 10 42 42 6 47 47 9 46 46 10 45 45 12 50 50 13 49 49 14 48 48 13 53 53 15 52 52 14 51 51 14 56 56 15 55 55 16 54 54 17 59 59 18 58 58 13 57 57 18 62 62 15 61 61 13 60 60 16 65 65 15 64 64 19 63 63 15 68 68 18 67 67 19 66 66 20 71 71 21 70 70 14 69 69 21 74 74 22 73 73 14 72 72 14 77 77 22 76 76 23 75 75 17 80 80 23 79 79 18 78 78 23 83 83 22 82 82 18 81 81 18 86 86 22 85 85 19 84 84 22 89 89 21 88 88 19 87 87 16 92 92 20 91 91 14 90 90 23 95 95 12 94 94 14 93 93</p>
    </polylist>
   </mesh>
  </geometry>
  <geometry id="realb08_1-lib" name="realb08_1">
   <mesh>
    <source id="realb08_1-lib-positions" name="position">
     <float_array id="realb08_1-lib-positions-array" count="66">0.00000 10.91797 1.19222 -0.20288 11.08812 1.03709 -0.00073 10.99450 1.22335 -0.20190 11.01159 1.00597 -0.44995 11.28101 0.66838 -0.44922 11.20448 0.63726 0.20288 11.08812 1.03709 0.20215 11.01159 1.00597 0.00073 10.99450 1.22335 0.44995 11.28101 0.66838 0.44922 11.20448 0.63726 -0.25513 10.96602 0.97075 -0.00073 10.83213 1.10087 0.00000 10.76160 1.05789 -0.25439 10.87501 0.94694 -0.44995 11.26235 0.61702 -0.44922 11.19182 0.57403 0.25513 10.96602 0.97075 0.25439 10.87501 0.94694 0.00073 10.83213 1.10087 0.44995 11.26235 0.61702 0.44922 11.19182 0.57403</float_array>
     <technique_common>
      <accessor count="22" source="#realb08_1-lib-positions-array" stride="3">
       <param name="X" type="float"/>
       <param name="Y" type="float"/>
       <param name="Z" type="float"/>
      </accessor>
     </technique_common>
    </source>
    <source id="realb08_1-lib-normals" name="normal">
     <float_array id="realb08_1-lib-normals-array" count="144">-0.71712 -0.26876 0.64304 -0.79718 -0.23595 0.55572 -0.71703 -0.26844 0.64328 -0.71712 -0.26876 0.64304 -0.79022 -0.23934 0.56415 -0.79718 -0.23595 0.55572 -0.79022 -0.23934 0.56415 -0.85893 -0.20019 0.47134 -0.79718 -0.23595 0.55572 -0.79022 -0.23934 0.56415 -0.85890 -0.19995 0.47150 -0.85893 -0.20019 0.47134 0.71703 -0.26844 0.64328 0.79688 -0.23410 0.55694 0.79005 -0.23740 0.56522 0.71703 -0.26844 0.64328 0.71703 -0.26844 0.64328 0.79688 -0.23410 0.55694 0.79005 -0.23740 0.56522 0.85912 -0.19981 0.47116 0.85912 -0.19981 0.47116 0.79005 -0.23740 0.56522 0.79688 -0.23410 0.55694 0.85912 -0.19981 0.47116 -0.78307 -0.18104 0.59500 -0.57991 -0.42836 0.69297 -0.56310 -0.39286 0.72703 -0.56310 -0.39286 0.72703 -0.67432 -0.19739 0.71157 -0.78307 -0.18104 0.59500 -0.92636 -0.19140 0.32437 -0.78307 -0.18104 0.59500 -0.67432 -0.19739 0.71157 -0.67432 -0.19739 0.71157 -0.92790 -0.20101 0.31400 -0.92636 -0.19140 0.32437 0.78307 -0.18104 0.59500 0.67432 -0.19739 0.71157 0.56310 -0.39286 0.72703 0.56310 -0.39286 0.72703 0.57991 -0.42836 0.69297 0.78307 -0.18104 0.59500 0.92636 -0.19140 0.32437 0.92790 -0.20101 0.31400 0.67432 -0.19739 0.71157 0.67432 -0.19739 0.71157 0.78307 -0.18104 0.59500 0.92636 -0.19140 0.32437</float_array>
     <technique_common>
      <accessor count="48" source="#realb08_1-lib-normals-array" stride="3">
       <param name="X" type="float"/>
       <param name="Y" type="float"/>
       <param name="Z" type="float"/>
      </accessor>
     </technique_common>
    </source>
    <source id="realb08_1-lib-texcoords">
     <float_array id="realb08_1-lib-texcoords-array" count="96">0.40625 0.30859 1.02344 -0.57812 1.01953 0.27344 0.40625 0.30859 0.40625 -0.54297 1.02344 -0.57812 0.40625 -0.54297 1.00391 -1.59766 1.02344 -0.57812 0.40625 -0.54297 0.40625 -1.56250 1.00391 -1.59766 0.40625 0.30859 1.02344 -0.57812 0.40625 -0.54297 0.40625 0.30859 1.01953 0.27344 1.02344 -0.57812 0.40625 -0.54297 1.00391 -1.59766 0.40625 -1.56250 0.40625 -0.54297 1.02344 -0.57812 1.00391 -1.59766 0.31641 -0.75000 0.36719 -1.71094 1.01172 -1.72656 1.01172 -1.72656 0.92969 -0.76172 0.31641 -0.75000 0.34766 0.33984 0.31641 -0.75000 0.92969 -0.76172 0.92969 -0.76172 1.04688 0.31250 0.34766 0.33984 0.31641 -0.75000 0.92969 -0.76172 1.01172 -1.72656 1.01172 -1.72656 0.36719 -1.71094 0.31641 -0.75000 0.34766 0.33984 1.04688 0.31250 0.92969 -0.76172 0.92969 -0.76172 0.31641 -0.75000 0.34766 0.33984</float_array>
     <technique_common>
      <accessor count="48" offset="0" source="#realb08_1-lib-texcoords-array" stride="2">
       <param name="U" type="float"/>
       <param name="V" type="float"/>
      </accessor>
     </technique_common>
    </source>
    <vertices id="realb08_1-lib-vertices">
     <input semantic="POSITION" source="#realb08_1-lib-positions"/>
    </vertices>
    <polylist count="16" material="mat4.png">
     <input offset="0" semantic="VERTEX" source="#realb08_1-lib-vertices"/>
     <input offset="1" semantic="NORMAL" source="#realb08_1-lib-normals"/>
     <input offset="2" semantic="TEXCOORD" source="#realb08_1-lib-texcoords"/>
     <vcount>3 3 3 3 3 3 3 3 3 3 3 3 3 3 3 3</vcount>
     <p>2 2 2 1 1 1 0 0 0 1 5 5 3 4 4 0 3 3 1 8 8 4 7 7 3 6 6 4 11 11 5 10 10 3 9 9 7 14 14 6 13 13 0 12 12 6 17 17 8 16 16 0 15 15 10 20 20 9 19 19 7 18 18 9 23 23 6 22 22 7 21 21 13 26 26 12 25 25 11 24 24 11 29 29 14 28 28 13 27 27 14 32 32 11 31 31 15 30 30 15 35 35 16 34 34 14 33 33 13 38 38 18 37 37 17 36 36 17 41 41 19 40 40 13 39 39 18 44 44 21 43 43 20 42 42 20 47 47 17 46 46 18 45 45</p>
    </polylist>
   </mesh>
  </geometry>
  <geometry id="realb08_2-lib" name="realb08_2">
   <mesh>
    <source id="realb08_2-lib-positions" name="position">
     <float_array id="realb08_2-lib-positions-array" count="609">-0.35645 11.86877 0.91105 0.00000 12.33305 0.45835 0.00000 12.01836 0.94126 -0.51367 11.97219 0.47818 -0.61279 11.24977 0.65270 -0.48950 11.80616 -0.00619 -0.77266 3.43678 0.44873 -1.38251 2.74218 -0.19025 -1.18013 3.62530 -0.12148 -0.80672 2.71658 0.33001 -0.23982 2.69163 -0.21280 -0.87096 1.32106 0.07138 -0.63331 1.32105 -0.18247 -0.65253 0.57542 0.48162 -0.48443 0.59788 0.27996 -0.33526 0.33202 0.86133 -0.62526 0.92062 0.09902 -0.88398 0.96408 0.17658 -1.14273 0.90793 0.06151 -1.05884 1.32123 -0.22891 -1.23089 0.70604 -0.22460 -1.06470 11.01420 0.43608 -0.49976 11.13477 0.44286 -0.49414 10.99166 0.34582 -0.50488 11.26224 0.52922 -0.28027 10.88785 1.00376 0.00000 10.55579 0.94262 -0.18042 10.63317 0.85237 0.00000 10.74917 1.08508 -1.71404 0.40332 1.02698 -0.73575 0.40330 1.26514 -1.32310 0.46679 0.33978 -0.53521 0.72727 -0.16511 0.00000 10.95284 1.29745 0.00000 11.30538 0.35985 0.50488 11.26224 0.52922 -0.90698 11.06782 -0.18597 -0.76489 10.89469 -0.71556 0.28027 10.88785 1.00376 -0.76975 4.14946 1.42234 -0.77127 3.60677 0.55320 -0.97834 3.76375 0.55327 -0.57059 3.76357 0.55315 -0.76808 3.96054 0.55315 -0.86618 0.50977 -1.27802 -0.65061 -0.00096 -0.62882 -0.86119 0.39331 -0.65414 -1.09225 -0.00095 -0.63126 -0.51899 0.00000 0.89204 -0.12097 -0.00147 1.60035 -0.15724 -0.00000 0.79361 -1.29418 0.00000 2.19522 -0.89571 0.00001 1.22882 -1.23766 0.00001 1.15426 -1.07616 0.40429 1.21497 -1.73353 0.00001 2.05183 -1.56022 0.00002 1.07085 -1.40803 0.40429 1.12584 -0.70452 -0.00000 2.24812 -0.56606 0.00000 1.29006 -0.73575 0.40428 1.26514 -2.19186 0.00002 1.76685 -1.86029 0.00002 0.92080 -1.71404 0.40430 1.02698 -0.40967 11.14418 0.96029 -0.76318 12.10380 0.77749 -0.15625 12.01937 0.59033 -0.33545 11.84359 0.70491 -0.61743 12.20936 0.73652 -1.02710 12.54113 0.77427 -0.76318 12.10360 0.68992 -0.76639 4.14438 0.46547 -0.33545 11.84354 0.51928 0.00000 12.05420 -0.13776 0.00000 10.88822 -0.73907 -3.95997 11.33084 -0.19349 -4.46214 11.56515 -0.15483 -3.49271 11.66656 -0.20358 -4.00231 10.54695 -0.12929 -5.19524 10.44190 -0.07040 -5.38174 10.41612 -0.06633 -4.67608 11.57796 -0.11121 -4.39560 11.81071 -0.16839 -0.28662 10.02392 1.06527 -0.41284 10.05250 1.05259 -0.53491 11.29493 0.43797 -0.27588 9.79851 1.16349 -1.25202 10.35583 0.70304 -1.38223 10.41902 0.63638 -0.95825 11.01667 0.43643 -1.52221 10.27362 0.79507 -1.65956 10.98414 0.07897 -1.65956 10.98414 -0.01673 -1.92909 10.97753 0.01402 -0.85986 10.40524 -0.89808 -0.73926 10.36767 -0.92838 -0.59619 11.05012 -0.34650 -0.90356 10.16561 -1.04938 -1.42239 10.68965 -0.48204 0.00000 11.36301 -0.42853 -0.05615 10.10918 -1.01279 0.05615 10.10918 -1.01279 0.00000 9.85880 -1.15214 0.61279 11.24977 0.65270 0.35645 11.86877 0.91105 0.51367 11.97219 0.47818 0.40967 11.14418 0.96029 1.38251 2.74218 -0.19025 0.77266 3.43678 0.44873 1.18013 3.62530 -0.12148 0.80672 2.71658 0.33001 0.87096 1.32106 0.07138 0.23982 2.69163 -0.21280 0.63331 1.32105 -0.18247 0.48443 0.59788 0.27996 0.65253 0.57542 0.48162 0.33526 0.33202 0.86133 0.62526 0.92062 0.09902 0.00000 11.51594 1.32226 1.06470 11.01420 0.43608 0.49976 11.13477 0.44286 0.49414 10.99166 0.34582 0.90698 11.06782 -0.18597 0.48950 11.80616 -0.00619 0.76489 10.89469 -0.71556 0.18042 10.63317 0.85237 1.71404 0.40332 1.02698 0.73575 0.40330 1.26514 1.32310 0.46679 0.33978 0.88398 0.96408 0.17658 1.14273 0.90793 0.06151 1.05884 1.32123 -0.22891 1.23089 0.70604 -0.22460 0.53521 0.72727 -0.16511 0.36754 3.68774 -0.16648 0.77127 3.60677 0.55320 0.76975 4.14946 1.42234 0.97834 3.76375 0.55327 0.57059 3.76357 0.55315 0.65061 -0.00096 -0.62882 0.86618 0.50977 -1.27802 0.86119 0.39331 -0.65414 1.09225 -0.00095 -0.63126 0.12097 -0.00147 1.60035 0.51899 0.00000 0.89204 0.15724 -0.00000 0.79361 1.29418 0.00000 2.19522 1.23766 0.00001 1.15426 0.89571 0.00001 1.22882 1.07616 0.40429 1.21497 1.73353 0.00001 2.05183 1.56022 0.00002 1.07085 1.40803 0.40429 1.12584 0.70452 -0.00000 2.24812 0.56606 0.00000 1.29006 0.73575 0.40428 1.26514 2.19186 0.00002 1.76685 1.86029 0.00002 0.92080 1.71404 0.40430 1.02698 0.15625 12.01937 0.59033 0.76318 12.10380 0.77749 0.33545 11.84359 0.70491 0.61743 12.20936 0.73652 0.33545 11.84354 0.51928 0.76318 12.10360 0.68992 0.76808 3.96054 0.55315 0.76639 4.14438 0.46547 1.02710 12.54113 0.77427 4.46214 11.56515 -0.15483 3.95997 11.33084 -0.19349 3.49271 11.66656 -0.20358 4.00231 10.54695 -0.12929 5.19524 10.44190 -0.07040 5.38174 10.41612 -0.06633 4.67608 11.57796 -0.11121 4.39560 11.81071 -0.16839 0.41284 10.05250 1.05259 0.28662 10.02392 1.06527 0.53491 11.29493 0.43797 0.27588 9.79851 1.16349 1.38223 10.41902 0.63638 1.25202 10.35583 0.70304 0.95825 11.01667 0.43643 1.52221 10.27362 0.79507 1.65956 10.98414 -0.01673 1.65956 10.98414 0.07897 1.92909 10.97753 0.01402 0.73926 10.36767 -0.92838 0.85986 10.40524 -0.89808 0.59619 11.05012 -0.34650 0.90356 10.16561 -1.04938 1.42239 10.68965 -0.48204 0.23877 12.12316 0.31576 0.00000 12.43674 -0.44453 0.00000 11.68299 0.00760 -0.23877 12.12316 0.31576 -0.36754 3.68774 -0.16648 -3.25877 11.14526 -0.11324 -3.19478 10.53146 0.00673 -3.55247 10.51811 -0.10821 3.19478 10.53146 0.00673 3.25877 11.14526 -0.11324 3.55247 10.51811 -0.10821</float_array>
     <technique_common>
      <accessor count="203" source="#realb08_2-lib-positions-array" stride="3">
       <param name="X" type="float"/>
       <param name="Y" type="float"/>
       <param name="Z" type="float"/>
      </accessor>
     </technique_common>
    </source>
    <source id="realb08_2-lib-normals" name="normal">
     <float_array id="realb08_2-lib-normals-array" count="1932">-0.64868 0.46536 0.60221 -0.53480 0.84430 0.03394 0.00000 0.74629 0.66562 -0.64868 0.46536 0.60221 -0.82765 0.55679 0.07053 -0.53480 0.84430 0.03394 -0.82047 0.37075 0.43517 -0.82765 0.55679 0.07053 -0.64868 0.46536 0.60221 -0.82047 0.37075 0.43517 -0.70553 0.62688 -0.33052 -0.82765 0.55679 0.07053 -0.67152 -0.10604 0.73336 -0.71939 -0.05066 0.69276 -0.78511 0.13280 0.60495 -0.67152 -0.10604 0.73336 -0.66963 -0.09707 0.73632 -0.71939 -0.05066 0.69276 0.72516 -0.10040 0.68122 0.67944 -0.15668 0.71680 0.70026 -0.13648 0.70072 0.72516 -0.10040 0.68122 0.65775 0.12279 0.74316 0.67944 -0.15668 0.71680 0.78729 0.08174 0.61115 0.65775 0.12279 0.74316 0.72516 -0.10040 0.68122 0.13531 0.86661 0.48029 0.62355 0.66980 0.40318 0.78289 0.61959 0.05646 0.13531 0.86661 0.48029 0.74139 0.45864 0.48989 0.62355 0.66980 0.40318 -0.08981 0.47108 0.87751 0.74139 0.45864 0.48989 0.13531 0.86661 0.48029 -0.08981 0.47108 0.87751 0.65775 0.12279 0.74316 0.74139 0.45864 0.48989 -0.78281 0.45507 0.42440 -0.76270 0.13535 0.63243 -0.08981 0.47108 0.87751 -0.78281 0.45507 0.42440 -0.88065 0.11848 0.45871 -0.76270 0.13535 0.63243 -0.94154 0.33226 0.05563 -0.88065 0.11848 0.45871 -0.78281 0.45507 0.42440 0.20228 -0.70997 0.67456 0.10850 -0.55477 0.82490 0.10855 -0.55502 0.82473 0.20228 -0.70997 0.67456 0.08804 -0.94725 0.30817 0.10850 -0.55477 0.82490 -0.80604 -0.49323 0.32715 0.00000 -0.63845 0.76966 -0.71287 -0.53228 0.45661 -0.80604 -0.49323 0.32715 0.00000 -0.59313 0.80511 0.00000 -0.63845 0.76966 -0.09998 0.98806 0.11720 0.13531 0.86661 0.48029 -0.05089 0.97657 0.20912 -0.09998 0.98806 0.11720 -0.39576 0.86667 0.30374 0.13531 0.86661 0.48029 -0.78281 0.45507 0.42440 -0.39576 0.86667 0.30374 -0.94154 0.33226 0.05563 -0.78281 0.45507 0.42440 -0.08981 0.47108 0.87751 -0.39576 0.86667 0.30374 0.74139 0.45864 0.48989 0.95016 0.29153 0.11052 0.62355 0.66980 0.40318 0.74139 0.45864 0.48989 0.78729 0.08174 0.61115 0.95016 0.29153 0.11052 0.00000 -0.95282 -0.30354 0.00000 -0.93602 -0.35195 -0.03806 -0.93534 -0.35169 0.00000 -0.95282 -0.30354 -0.02396 -0.98814 -0.15164 0.00000 -0.93602 -0.35195 0.20228 -0.70997 0.67456 0.11235 -0.99367 -0.00217 0.08804 -0.94725 0.30817 -0.75514 0.63638 0.15744 -0.70553 0.62688 -0.33052 -0.82047 0.37075 0.43517 -0.80318 0.52341 -0.28449 -0.70553 0.62688 -0.33052 -0.75514 0.63638 0.15744 -0.80318 0.52341 -0.28449 -0.39270 0.55846 -0.73069 -0.70553 0.62688 -0.33052 -0.00000 0.80775 0.58952 0.18576 0.78557 0.59024 0.12478 0.80682 0.57747 -0.00000 0.80775 0.58952 0.00000 0.79350 0.60857 0.18576 0.78557 0.59024 -0.18576 0.78557 0.59024 0.00000 0.79350 0.60857 -0.00000 0.80775 0.58952 -0.54053 -0.71321 0.44627 -0.12918 -0.59742 0.79145 -0.51243 -0.67619 0.52933 0.55275 -0.70730 0.44067 0.52527 -0.67212 0.52186 0.55275 -0.70730 0.44067 0.69810 0.69994 -0.15079 0.69810 0.69994 -0.15079 0.69810 0.69994 -0.15079 0.87697 0.47361 0.08138 0.87697 0.47361 0.08138 0.87697 0.47361 0.08138 0.00340 -0.78538 -0.61900 0.00340 -0.78538 -0.61900 0.00340 -0.78538 -0.61900 -0.85571 0.50739 0.10156 -0.85571 0.50739 0.10156 -0.00050 -1.00000 -0.00180 -0.00050 -1.00000 -0.00180 -0.77065 0.46660 0.43403 -0.77065 0.46660 0.43403 -0.77065 0.46660 0.43403 -0.00001 -1.00000 -0.00001 -0.00001 -1.00000 -0.00001 -0.00001 -1.00000 -0.00001 0.85062 0.39171 0.35073 0.85062 0.39171 0.35073 0.85062 0.39171 0.35073 -0.92485 0.37700 -0.05020 -0.92485 0.37700 -0.05020 -0.92485 0.37700 -0.05020 -0.00001 -1.00000 -0.00001 -0.00001 -1.00000 -0.00001 -0.00001 -1.00000 -0.00001 0.81191 0.37366 0.44854 0.81191 0.37366 0.44854 0.81191 0.37366 0.44854 -0.91608 0.36689 -0.16184 -0.91608 0.36689 -0.16184 -0.00001 -1.00000 -0.00001 -0.00001 -1.00000 -0.00001 -0.00001 -1.00000 -0.00001 0.91112 0.39054 0.13168 -0.92109 0.34892 0.17277 -0.92109 0.34892 0.17277 -0.00001 -1.00000 -0.00001 -0.00001 -1.00000 -0.00001 -0.00001 -1.00000 -0.00001 0.69792 0.33427 0.63338 -0.85450 0.39708 -0.33489 -0.26242 -0.94388 -0.20054 0.08804 -0.94725 0.30817 0.11235 -0.99367 -0.00217 -0.26242 -0.94388 -0.20054 0.00000 -0.95282 -0.30354 0.08804 -0.94725 0.30817 -0.71939 -0.05066 0.69276 -0.76270 0.13535 0.63243 -0.88065 0.11848 0.45871 -0.71939 -0.05066 0.69276 -0.66963 -0.09707 0.73632 -0.76270 0.13535 0.63243 0.23857 0.10264 0.96569 0.31432 0.20468 0.92699 0.31777 0.26875 0.90928 0.23857 0.10264 0.96569 0.25276 0.02632 0.96717 0.31432 0.20468 0.92699 0.18706 0.12007 0.97498 0.25276 0.02632 0.96717 0.23857 0.10264 0.96569 0.11995 0.25721 -0.95888 0.03418 0.36317 -0.93110 0.00572 0.38798 -0.92165 -0.12918 -0.59742 0.79145 -0.67152 -0.10604 0.73336 -0.51243 -0.67619 0.52933 -0.12918 -0.59742 0.79145 0.52527 -0.67212 0.52186 0.70026 -0.13648 0.70072 0.00341 0.43046 0.90260 0.00994 0.43039 0.90259 -0.37554 0.40179 0.83518 0.00341 0.43046 0.90260 0.39203 0.39308 0.83174 0.00994 0.43039 0.90259 -0.51961 -0.85440 0.00043 -0.71623 -0.69786 0.00140 -0.51970 -0.85435 0.00023 -0.51961 -0.85440 0.00043 -0.68157 -0.73175 0.00167 -0.71623 -0.69786 0.00140 -0.08739 0.45798 -0.88466 0.00572 0.38798 -0.92165 0.03418 0.36317 -0.93110 -0.08739 0.45798 -0.88466 -0.09394 0.45381 -0.88613 0.00572 0.38798 -0.92165 -0.70553 0.62688 -0.33052 -0.53480 0.84430 0.03394 -0.82765 0.55679 0.07053 -0.70553 0.62688 -0.33052 0.00000 0.78700 -0.61696 -0.53480 0.84430 0.03394 -0.39270 0.55846 -0.73069 0.00000 0.78700 -0.61696 -0.70553 0.62688 -0.33052 -0.39270 0.55846 -0.73069 -0.00000 0.45835 -0.88877 0.00000 0.78700 -0.61696 -0.90301 -0.31652 0.29051 -0.71287 -0.53228 0.45661 -0.89231 -0.27723 0.35625 -0.90301 -0.31652 0.29051 -0.80604 -0.49323 0.32715 -0.71287 -0.53228 0.45661 0.08241 0.01223 0.99652 0.13759 0.00072 0.99049 0.05503 -0.04660 0.99740 0.08241 0.01223 0.99652 0.06381 0.05381 0.99651 0.13759 0.00072 0.99049 0.02179 0.06079 0.99791 0.13759 0.00072 0.99049 0.06381 0.05381 0.99651 0.02179 0.06079 0.99791 0.03958 0.04520 0.99819 0.13759 0.00072 0.99049 0.19606 -0.05912 0.97881 0.13759 0.00072 0.99049 0.03958 0.04520 0.99819 0.19606 -0.05912 0.97881 0.19980 -0.00006 0.97984 0.13759 0.00072 0.99049 0.00307 0.41671 0.90903 -0.05683 0.43247 0.89985 -0.25085 0.40932 0.87723 0.00307 0.41671 0.90903 -0.00163 0.39941 0.91677 -0.05683 0.43247 0.89985 -0.15930 0.52787 0.83425 -0.18691 0.59161 0.78426 -0.29439 0.45764 0.83899 -0.15930 0.52787 0.83425 0.00820 0.73367 0.67946 -0.18691 0.59161 0.78426 -0.12977 0.97503 0.18019 -0.08647 0.98685 -0.13655 -0.05617 0.99830 0.01526 -0.12977 0.97503 0.18019 -0.02452 0.99970 0.00000 -0.08647 0.98685 -0.13655 -0.06094 0.62563 -0.77773 -0.04139 0.55566 -0.83038 -0.28406 0.77635 -0.56266 -0.06094 0.62563 -0.77773 -0.04342 0.53902 -0.84117 -0.04139 0.55566 -0.83038 -0.29439 0.45764 0.83899 -0.05683 0.43247 0.89985 -0.15930 0.52787 0.83425 -0.29439 0.45764 0.83899 -0.25085 0.40932 0.87723 -0.05683 0.43247 0.89985 -0.08647 0.98685 -0.13655 -0.28406 0.77635 -0.56266 -0.05617 0.99830 0.01526 -0.08647 0.98685 -0.13655 -0.21293 0.73156 -0.64767 -0.28406 0.77635 -0.56266 -0.00000 0.57321 -0.81941 -0.04139 0.55566 -0.83038 0.01403 0.44333 -0.89625 -0.00000 0.57321 -0.81941 -0.28406 0.77635 -0.56266 -0.04139 0.55566 -0.83038 0.01403 0.44333 -0.89625 -0.01403 0.44333 -0.89625 -0.00000 0.57321 -0.81941 0.01403 0.44333 -0.89625 0.00000 0.48629 -0.87380 -0.01403 0.44333 -0.89625 0.82047 0.37075 0.43517 0.64868 0.46536 0.60221 0.82765 0.55679 0.07053 0.82047 0.37075 0.43517 0.69669 0.09946 0.71044 0.64868 0.46536 0.60221 0.71939 -0.05066 0.69276 0.67152 -0.10604 0.73336 0.78511 0.13280 0.60495 0.71939 -0.05066 0.69276 0.66963 -0.09707 0.73632 0.67152 -0.10604 0.73336 0.76270 0.13535 0.63243 0.66963 -0.09707 0.73632 0.71939 -0.05066 0.69276 -0.65775 0.12279 0.74316 -0.72516 -0.10040 0.68122 -0.67944 -0.15668 0.71680 -0.78729 0.08174 0.61115 -0.72516 -0.10040 0.68122 -0.65775 0.12279 0.74316 -0.62355 0.66980 0.40318 -0.13531 0.86661 0.48029 -0.78289 0.61959 0.05646 -0.62355 0.66980 0.40318 -0.74139 0.45864 0.48989 -0.13531 0.86661 0.48029 0.64868 0.46536 0.60221 0.68135 0.04310 0.73069 0.70024 0.11396 0.70476 0.64868 0.46536 0.60221 0.69669 0.09946 0.71044 0.68135 0.04310 0.73069 -0.20228 -0.70997 0.67456 -0.10850 -0.55477 0.82490 -0.10845 -0.55457 0.82504 -0.20228 -0.70997 0.67456 -0.10855 -0.55502 0.82473 -0.10850 -0.55477 0.82490 0.80318 0.52341 -0.28449 0.70553 0.62688 -0.33052 0.39270 0.55846 -0.73069 0.80318 0.52341 -0.28449 0.75514 0.63638 0.15744 0.70553 0.62688 -0.33052 0.80604 -0.49323 0.32715 0.00000 -0.63845 0.76966 0.00000 -0.59313 0.80511 0.80604 -0.49323 0.32715 0.71287 -0.53228 0.45661 0.00000 -0.63845 0.76966 0.90301 -0.31652 0.29051 0.71287 -0.53228 0.45661 0.80604 -0.49323 0.32715 0.90301 -0.31652 0.29051 0.89231 -0.27723 0.35625 0.71287 -0.53228 0.45661 -0.13531 0.86661 0.48029 0.09998 0.98806 0.11720 0.05089 0.97657 0.20912 -0.13531 0.86661 0.48029 0.39576 0.86667 0.30374 0.09998 0.98806 0.11720 0.08981 0.47108 0.87751 0.39576 0.86667 0.30374 -0.13531 0.86661 0.48029 0.08981 0.47108 0.87751 0.78281 0.45507 0.42440 0.39576 0.86667 0.30374 0.76270 0.13535 0.63243 0.78281 0.45507 0.42440 0.08981 0.47108 0.87751 0.76270 0.13535 0.63243 0.88065 0.11848 0.45871 0.78281 0.45507 0.42440 0.78281 0.45507 0.42440 0.94154 0.33226 0.05563 0.39576 0.86667 0.30374 0.78281 0.45507 0.42440 0.88065 0.11848 0.45871 0.94154 0.33226 0.05563 -0.95016 0.29153 0.11052 -0.74139 0.45864 0.48989 -0.62355 0.66980 0.40318 -0.95016 0.29153 0.11052 -0.78729 0.08174 0.61115 -0.74139 0.45864 0.48989 -0.11235 -0.99367 -0.00217 -0.20228 -0.70997 0.67456 -0.02396 -0.98814 -0.15164 0.82047 0.37075 0.43517 0.70553 0.62688 -0.33052 0.75514 0.63638 0.15744 0.82765 0.55679 0.07053 0.70553 0.62688 -0.33052 0.82047 0.37075 0.43517 0.82765 0.55679 0.07053 0.53480 0.84430 0.03394 0.70553 0.62688 -0.33052 0.64868 0.46536 0.60221 0.53480 0.84430 0.03394 0.82765 0.55679 0.07053 0.64868 0.46536 0.60221 0.00000 0.74629 0.66562 0.53480 0.84430 0.03394 0.70024 0.11396 0.70476 0.00000 0.74629 0.66562 0.64868 0.46536 0.60221 -0.70024 0.11396 0.70476 -0.64868 0.46536 0.60221 0.00000 0.74629 0.66562 -0.68135 0.04310 0.73069 -0.64868 0.46536 0.60221 -0.70024 0.11396 0.70476 -0.68135 0.04310 0.73069 -0.69669 0.09946 0.71044 -0.64868 0.46536 0.60221 -0.70026 -0.13648 0.70072 -0.72516 -0.10040 0.68122 -0.81764 0.07831 0.57037 -0.70026 -0.13648 0.70072 -0.67944 -0.15668 0.71680 -0.72516 -0.10040 0.68122 0.12918 -0.59742 0.79145 0.54053 -0.71321 0.44627 0.51243 -0.67619 0.52933 -0.55275 -0.70730 0.44067 -0.52527 -0.67212 0.52186 -0.55275 -0.70730 0.44067 -0.65775 0.12279 0.74316 -0.74139 0.45864 0.48989 -0.78729 0.08174 0.61115 -0.65775 0.12279 0.74316 0.08981 0.47108 0.87751 -0.74139 0.45864 0.48989 -0.87697 0.47361 0.08138 -0.87697 0.47361 0.08138 -0.87697 0.47361 0.08138 -0.00340 -0.78538 -0.61900 -0.00340 -0.78538 -0.61900 -0.00340 -0.78538 -0.61900 0.00050 -1.00000 -0.00180 0.00050 -1.00000 -0.00180 0.00050 -1.00000 -0.00180 0.77065 0.46660 0.43403 0.77065 0.46660 0.43403 0.77065 0.46660 0.43403 -0.87735 0.47829 -0.03858 -0.78289 0.61959 0.05646 -0.87735 0.47829 -0.03858 0.00001 -1.00000 -0.00001 0.00001 -1.00000 -0.00001 0.00001 -1.00000 -0.00001 0.92485 0.37700 -0.05020 0.92485 0.37700 -0.05020 0.92485 0.37700 -0.05020 -0.85062 0.39171 0.35073 -0.85062 0.39171 0.35073 -0.85062 0.39171 0.35073 0.00001 -1.00000 -0.00001 0.00001 -1.00000 -0.00001 0.00001 -1.00000 -0.00001 0.91608 0.36689 -0.16184 0.91608 0.36689 -0.16184 -0.81191 0.37366 0.44854 -0.81191 0.37366 0.44854 -0.81191 0.37366 0.44854 0.00001 -1.00000 -0.00001 0.00001 -1.00000 -0.00001 0.00001 -1.00000 -0.00001 0.92109 0.34892 0.17277 0.92109 0.34892 0.17277 -0.91112 0.39054 0.13168 0.00001 -1.00000 -0.00001 0.00001 -1.00000 -0.00001 0.00001 -1.00000 -0.00001 0.85450 0.39708 -0.33489 -0.69792 0.33427 0.63338 0.26242 -0.94388 -0.20054 -0.02396 -0.98814 -0.15164 0.00000 -0.95282 -0.30354 0.26242 -0.94388 -0.20054 -0.11235 -0.99367 -0.00217 -0.02396 -0.98814 -0.15164 0.00000 0.78700 -0.61696 0.70553 0.62688 -0.33052 0.53480 0.84430 0.03394 0.00000 0.78700 -0.61696 0.39270 0.55846 -0.73069 0.70553 0.62688 -0.33052 -0.00000 0.45835 -0.88877 0.39270 0.55846 -0.73069 0.00000 0.78700 -0.61696 -0.31432 0.20468 0.92699 -0.23857 0.10264 0.96569 -0.31777 0.26875 0.90928 -0.31432 0.20468 0.92699 -0.25276 0.02632 0.96717 -0.23857 0.10264 0.96569 0.08739 0.45798 -0.88466 -0.00572 0.38798 -0.92165 0.09394 0.45381 -0.88613 0.08739 0.45798 -0.88466 -0.03418 0.36317 -0.93110 -0.00572 0.38798 -0.92165 -0.69810 0.69994 -0.15079 -0.69810 0.69994 -0.15079 -0.69810 0.69994 -0.15079 0.67480 0.72090 -0.15798 0.67152 -0.10604 0.73336 0.12918 -0.59742 0.79145 0.51243 -0.67619 0.52933 -0.70026 -0.13648 0.70072 -0.52527 -0.67212 0.52186 0.12918 -0.59742 0.79145 -0.00994 0.43039 0.90259 -0.00341 0.43046 0.90260 0.37554 0.40179 0.83518 -0.00994 0.43039 0.90259 -0.39203 0.39308 0.83174 -0.00341 0.43046 0.90260 0.71623 -0.69786 0.00140 0.51961 -0.85440 0.00043 0.51970 -0.85435 0.00023 0.71623 -0.69786 0.00140 0.68157 -0.73175 0.00167 0.51961 -0.85440 0.00043 0.85618 -0.51667 0.00118 0.68157 -0.73175 0.00167 0.71623 -0.69786 0.00140 -0.25276 0.02632 0.96717 -0.18706 0.12007 0.97498 -0.23857 0.10264 0.96569 -0.00572 0.38798 -0.92165 -0.03418 0.36317 -0.93110 -0.11995 0.25721 -0.95888 -0.13759 0.00072 0.99049 -0.08241 0.01223 0.99652 -0.05503 -0.04660 0.99740 -0.13759 0.00072 0.99049 -0.06381 0.05381 0.99651 -0.08241 0.01223 0.99652 -0.02179 0.06079 0.99791 -0.06381 0.05381 0.99651 -0.13759 0.00072 0.99049 -0.13759 0.00072 0.99049 -0.03958 0.04520 0.99819 -0.02179 0.06079 0.99791 -0.13759 0.00072 0.99049 -0.19606 -0.05912 0.97881 -0.03958 0.04520 0.99819 -0.19980 -0.00006 0.97984 -0.19606 -0.05912 0.97881 -0.13759 0.00072 0.99049 0.05683 0.43247 0.89985 -0.00307 0.41671 0.90903 0.25085 0.40932 0.87723 0.05683 0.43247 0.89985 0.00163 0.39941 0.91677 -0.00307 0.41671 0.90903 0.18691 0.59161 0.78426 0.15930 0.52787 0.83425 0.29439 0.45764 0.83899 0.18691 0.59161 0.78426 -0.00820 0.73367 0.67946 0.15930 0.52787 0.83425 0.08647 0.98685 -0.13655 0.12977 0.97503 0.18019 0.05617 0.99830 0.01526 0.08647 0.98685 -0.13655 0.02452 0.99970 0.00000 0.12977 0.97503 0.18019 0.04139 0.55566 -0.83038 0.06094 0.62563 -0.77773 0.28406 0.77635 -0.56266 0.04139 0.55566 -0.83038 0.04342 0.53902 -0.84117 0.06094 0.62563 -0.77773 0.29439 0.45764 0.83899 0.05683 0.43247 0.89985 0.25085 0.40932 0.87723 0.29439 0.45764 0.83899 0.15930 0.52787 0.83425 0.05683 0.43247 0.89985 0.28406 0.77635 -0.56266 0.08647 0.98685 -0.13655 0.05617 0.99830 0.01526 0.28406 0.77635 -0.56266 0.21293 0.73156 -0.64767 0.08647 0.98685 -0.13655 0.06094 0.62563 -0.77773 0.21293 0.73156 -0.64767 0.28406 0.77635 -0.56266 -0.00000 0.57321 -0.81941 0.04139 0.55566 -0.83038 0.28406 0.77635 -0.56266 -0.00000 0.57321 -0.81941 -0.01403 0.44333 -0.89625 0.04139 0.55566 -0.83038 0.89919 -0.22507 -0.37522 1.00000 0.00000 0.00000 0.00000 0.92445 0.38129 0.00000 0.92445 0.38129 0.00000 0.92445 0.38129 1.00000 0.00000 0.00000 0.89919 0.22507 0.37522 0.70026 -0.13648 0.70072 0.81764 0.07831 0.57037 0.72516 -0.10040 0.68122 0.65775 0.12279 0.74316 0.78729 0.08174 0.61115 0.74139 0.45864 0.48989 0.87735 0.47829 -0.03858 0.87735 0.47829 -0.03858 0.78289 0.61959 0.05646 0.13531 0.86661 0.48029 -0.39576 0.86667 0.30374 -0.08981 0.47108 0.87751 -0.67480 0.72090 -0.15798 -0.69669 0.09946 0.71044 -0.82047 0.37075 0.43517 -0.64868 0.46536 0.60221 -0.85618 -0.51667 0.00118 -0.71623 -0.69786 0.00140 -0.68157 -0.73175 0.00167 -0.18691 0.59161 0.78426 -0.12977 0.97503 0.18019 -0.29439 0.45764 0.83899 -0.21293 0.73156 -0.64767 -0.06094 0.62563 -0.77773 -0.28406 0.77635 -0.56266 -0.30753 0.15154 0.93939 -0.30753 0.15154 0.93939 -0.00000 0.80775 0.58952 -0.12478 0.80682 0.57747 -0.18576 0.78557 0.59024 0.85571 0.50739 0.10156 0.85571 0.50739 0.10156 0.71939 -0.05066 0.69276 0.88065 0.11848 0.45871 0.76270 0.13535 0.63243 -0.13531 0.86661 0.48029 -0.74139 0.45864 0.48989 0.08981 0.47108 0.87751 0.12977 0.97503 0.18019 0.18691 0.59161 0.78426 0.29439 0.45764 0.83899 0.30753 0.15154 0.93939 0.30753 0.15154 0.93939 0.30753 0.15154 0.93939</float_array>
     <technique_common>
      <accessor count="637" source="#realb08_2-lib-normals-array" stride="3">
       <param name="X" type="float"/>
       <param name="Y" type="float"/>
       <param name="Z" type="float"/>
      </accessor>
     </technique_common>
    </source>
    <source id="realb08_2-lib-texcoords">
     <float_array id="realb08_2-lib-texcoords-array" count="1326">0.29102 -0.08398 0.37598 -0.04883 0.25000 -0.01562 0.29102 -0.08398 0.34570 -0.14551 0.37598 -0.04883 0.20996 -0.28027 0.34570 -0.14551 0.29102 -0.08398 0.20996 -0.28027 0.39746 -0.20898 0.34570 -0.14551 0.84277 -0.05078 0.74512 -0.22461 0.75391 -0.02930 0.84277 -0.05078 0.84863 -0.21777 0.74512 -0.22461 0.98340 -0.23145 0.84863 -0.21777 0.84277 -0.05078 0.98340 -0.23145 0.83691 -0.46484 0.84863 -0.21777 0.94531 -0.46680 0.83691 -0.46484 0.98340 -0.23145 0.35645 -0.63574 0.31055 -0.60547 0.33008 -0.72363 0.35645 -0.63574 0.32031 -0.52734 0.31055 -0.60547 0.41016 -0.52246 0.32031 -0.52734 0.35645 -0.63574 0.41016 -0.52246 0.41016 -0.43164 0.32031 -0.52734 0.46191 -0.50684 0.41016 -0.43164 0.41016 -0.52246 0.46191 -0.50684 0.49707 -0.42969 0.41016 -0.43164 0.51660 -0.49023 0.49707 -0.42969 0.46191 -0.50684 0.25879 -0.26855 0.20898 -0.25391 0.20703 -0.26953 0.25879 -0.26855 0.20996 -0.24121 0.20898 -0.25391 0.17773 -0.36816 0.08887 -0.54102 0.19238 -0.46387 0.17773 -0.36816 0.07324 -0.54102 0.08887 -0.54102 0.46582 -0.76660 0.35645 -0.63574 0.35645 -0.77734 0.46582 -0.76660 0.47949 -0.62207 0.35645 -0.63574 0.46191 -0.50684 0.47949 -0.62207 0.51660 -0.49023 0.46191 -0.50684 0.41016 -0.52246 0.47949 -0.62207 0.76465 -0.89844 0.76855 -0.96777 0.84473 -0.91211 0.76465 -0.89844 0.66406 -0.90430 0.76855 -0.96777 0.08301 -0.41797 0.08008 -0.35742 0.13477 -0.35059 0.08301 -0.41797 0.13477 -0.35059 0.08008 -0.35742 0.23828 -0.40430 0.20996 -0.28027 0.20215 -0.31055 0.23828 -0.40430 0.39746 -0.20898 0.20996 -0.28027 0.34375 -0.39941 0.39746 -0.20898 0.23828 -0.40430 0.34375 -0.39941 0.43945 -0.39551 0.39746 -0.20898 0.06152 -0.34668 0.12598 -0.42676 0.15625 -0.33691 0.06152 -0.34668 0.08008 -0.48730 0.12598 -0.42676 0.12598 -0.42676 0.08008 -0.48730 0.06152 -0.34668 0.77930 -0.75977 0.81738 -0.79102 0.82129 -0.77246 0.77930 -0.75977 0.80469 -0.79980 0.81738 -0.79102 0.78809 -0.80664 0.80469 -0.79980 0.77930 -0.75977 0.25977 -0.95605 0.21777 -0.98047 0.23828 -0.99121 0.25977 -0.95605 0.21191 -0.95898 0.21777 -0.98047 0.22266 -0.93848 0.21191 -0.95898 0.25977 -0.95605 0.53418 -0.88965 0.52441 -0.93066 0.57812 -0.92188 0.53418 -0.88965 0.46973 -0.89648 0.52441 -0.93066 0.26270 -0.96094 0.39746 -0.92969 0.40039 -0.97852 0.26270 -0.96094 0.42383 -0.95215 0.39746 -0.92969 0.40039 -0.97852 0.42383 -0.95215 0.26270 -0.96094 0.26270 -0.96094 0.39746 -0.92969 0.40039 -0.97852 0.26270 -0.96094 0.42383 -0.95215 0.39746 -0.92969 0.40039 -0.97852 0.42383 -0.95215 0.26270 -0.96094 0.26367 -0.89258 0.38965 -0.87598 0.39062 -0.92383 0.26367 -0.89258 0.42090 -0.90332 0.38965 -0.87598 0.39062 -0.92383 0.42090 -0.90332 0.26367 -0.89258 0.26367 -0.89258 0.38965 -0.87598 0.39062 -0.92383 0.26367 -0.89258 0.42090 -0.90332 0.38965 -0.87598 0.39062 -0.92383 0.42090 -0.90332 0.26367 -0.89258 0.07812 -0.34180 0.12207 -0.35254 0.11230 -0.34375 0.07812 -0.34180 0.09473 -0.38379 0.12207 -0.35254 0.74512 -0.22461 0.83691 -0.46484 0.76660 -0.46973 0.74512 -0.22461 0.84863 -0.21777 0.83691 -0.46484 0.81348 -0.73633 0.77832 -0.83496 0.82422 -0.83496 0.81348 -0.73633 0.78809 -0.74414 0.77832 -0.83496 0.79785 -0.66699 0.78809 -0.74414 0.81348 -0.73633 0.79785 -0.66699 0.76270 -0.73340 0.78809 -0.74414 0.94238 -0.81641 0.94238 -0.85254 0.94434 -0.77539 0.94238 -0.81641 0.93945 -0.77539 0.94238 -0.85254 0.94238 -0.85352 0.94238 -0.81641 0.94434 -0.77539 0.94238 -0.85352 0.93945 -0.77539 0.94238 -0.81641 0.85449 -0.83398 0.81348 -0.73633 0.82422 -0.83496 0.85449 -0.83398 0.82715 -0.73438 0.81348 -0.73633 0.73438 -0.83496 0.78809 -0.74414 0.76270 -0.73340 0.73438 -0.83496 0.77832 -0.83496 0.78809 -0.74414 0.39746 -0.20898 0.37598 -0.04883 0.34570 -0.14551 0.39746 -0.20898 0.52539 -0.12012 0.37598 -0.04883 0.43945 -0.39551 0.52539 -0.12012 0.39746 -0.20898 0.43945 -0.39551 0.52734 -0.39648 0.52539 -0.12012 0.20215 -0.31055 0.19238 -0.46387 0.20215 -0.34766 0.20215 -0.31055 0.17773 -0.36816 0.19238 -0.46387 0.61523 -0.54492 0.69043 -0.70312 0.64551 -0.40234 0.61523 -0.54492 0.50293 -0.62891 0.69043 -0.70312 0.58691 -0.87109 0.69043 -0.70312 0.50293 -0.62891 0.58691 -0.87109 0.62402 -0.95898 0.69043 -0.70312 0.71387 -0.71191 0.69043 -0.70312 0.62402 -0.95898 0.71387 -0.71191 0.72168 -0.65332 0.69043 -0.70312 0.91309 -0.85449 0.97266 -0.85059 0.97559 -0.51758 0.91309 -0.85449 0.94238 -0.98242 0.97266 -0.85059 0.91309 -0.85449 0.97266 -0.85059 0.95898 -0.48926 0.91309 -0.85449 0.94238 -0.98242 0.97266 -0.85059 0.91309 -0.85449 0.97266 -0.85059 0.95898 -0.48926 0.91309 -0.85449 0.94238 -0.98242 0.97266 -0.85059 0.91309 -0.85449 0.97266 -0.85059 0.95898 -0.48926 0.91309 -0.85449 0.94238 -0.98242 0.97266 -0.85059 0.22949 -0.53320 0.01660 -0.92773 0.32617 -0.81055 0.22949 -0.53320 0.01367 -0.57324 0.01660 -0.92773 0.02539 -0.92773 0.22461 -0.53125 0.01562 -0.56152 0.02539 -0.92773 0.17285 -0.88086 0.22461 -0.53125 0.22363 -0.53223 0.02148 -0.92871 0.31641 -0.81250 0.22363 -0.53223 0.01465 -0.56543 0.02148 -0.92871 0.91406 -0.85449 0.96191 -0.85352 0.96191 -0.46289 0.91406 -0.85449 0.94434 -0.94922 0.96191 -0.85352 0.20996 -0.28027 0.29102 -0.08398 0.34570 -0.14551 0.20996 -0.28027 0.13086 -0.20508 0.29102 -0.08398 0.74512 -0.22461 0.84277 -0.05078 0.75391 -0.02930 0.74512 -0.22461 0.84863 -0.21777 0.84277 -0.05078 0.83691 -0.46484 0.84863 -0.21777 0.74512 -0.22461 0.83691 -0.46484 0.98340 -0.23145 0.84863 -0.21777 0.94531 -0.46680 0.98340 -0.23145 0.83691 -0.46484 0.31055 -0.60547 0.35645 -0.63574 0.33008 -0.72363 0.31055 -0.60547 0.32031 -0.52734 0.35645 -0.63574 0.29102 -0.08398 0.02344 -0.12891 0.09863 -0.06445 0.29102 -0.08398 0.13086 -0.20508 0.02344 -0.12891 0.25879 -0.26855 0.20898 -0.25391 0.20996 -0.24121 0.25879 -0.26855 0.20703 -0.26953 0.20898 -0.25391 0.34375 -0.39941 0.39746 -0.20898 0.43945 -0.39551 0.34375 -0.39941 0.23828 -0.40430 0.39746 -0.20898 0.17773 -0.36816 0.08887 -0.54102 0.07324 -0.54102 0.17773 -0.36816 0.19238 -0.46387 0.08887 -0.54102 0.20215 -0.31055 0.19238 -0.46387 0.17773 -0.36816 0.20215 -0.31055 0.20215 -0.34766 0.19238 -0.46387 0.35645 -0.63574 0.46582 -0.76660 0.35645 -0.77734 0.35645 -0.63574 0.47949 -0.62207 0.46582 -0.76660 0.41016 -0.52246 0.47949 -0.62207 0.35645 -0.63574 0.41016 -0.52246 0.46191 -0.50684 0.47949 -0.62207 0.41016 -0.43164 0.46191 -0.50684 0.41016 -0.52246 0.41016 -0.43164 0.49707 -0.42969 0.46191 -0.50684 0.46191 -0.50684 0.51660 -0.49023 0.47949 -0.62207 0.46191 -0.50684 0.49707 -0.42969 0.51660 -0.49023 0.76855 -0.96777 0.76465 -0.89844 0.84473 -0.91211 0.76855 -0.96777 0.66406 -0.90430 0.76465 -0.89844 0.20996 -0.28027 0.23828 -0.40430 0.20215 -0.31055 0.20996 -0.28027 0.39746 -0.20898 0.23828 -0.40430 0.34570 -0.14551 0.39746 -0.20898 0.20996 -0.28027 0.34570 -0.14551 0.37598 -0.04883 0.39746 -0.20898 0.29102 -0.08398 0.37598 -0.04883 0.34570 -0.14551 0.29102 -0.08398 0.25000 -0.01562 0.37598 -0.04883 0.09863 -0.06445 0.25000 -0.01562 0.29102 -0.08398 0.09863 -0.06445 0.29102 -0.08398 0.25000 -0.01562 0.02344 -0.12891 0.29102 -0.08398 0.09863 -0.06445 0.02344 -0.12891 0.13086 -0.20508 0.29102 -0.08398 0.84277 -0.05078 0.98340 -0.23145 0.94238 -0.01172 0.84277 -0.05078 0.84863 -0.21777 0.98340 -0.23145 0.81738 -0.79102 0.77930 -0.75977 0.82129 -0.77246 0.81738 -0.79102 0.80469 -0.79980 0.77930 -0.75977 0.41016 -0.43164 0.32031 -0.52734 0.26855 -0.47656 0.41016 -0.43164 0.41016 -0.52246 0.32031 -0.52734 0.21777 -0.98047 0.25977 -0.95605 0.23828 -0.99121 0.21777 -0.98047 0.21191 -0.95898 0.25977 -0.95605 0.52441 -0.93066 0.53418 -0.88965 0.57812 -0.92188 0.52441 -0.93066 0.46973 -0.89648 0.53418 -0.88965 0.45898 -0.95898 0.46973 -0.89648 0.52441 -0.93066 0.26270 -0.96094 0.40039 -0.97852 0.39746 -0.92969 0.26270 -0.96094 0.42383 -0.95215 0.40039 -0.97852 0.39746 -0.92969 0.42383 -0.95215 0.26270 -0.96094 0.26270 -0.96094 0.40039 -0.97852 0.39746 -0.92969 0.26270 -0.96094 0.42383 -0.95215 0.40039 -0.97852 0.39746 -0.92969 0.42383 -0.95215 0.26270 -0.96094 0.26367 -0.89258 0.39062 -0.92383 0.38965 -0.87598 0.26367 -0.89258 0.42090 -0.90332 0.39062 -0.92383 0.38965 -0.87598 0.42090 -0.90332 0.26367 -0.89258 0.26367 -0.89258 0.39062 -0.92383 0.38965 -0.87598 0.26367 -0.89258 0.42090 -0.90332 0.39062 -0.92383 0.38965 -0.87598 0.42090 -0.90332 0.26367 -0.89258 0.07812 -0.34180 0.12207 -0.35254 0.09473 -0.38379 0.07812 -0.34180 0.11230 -0.34375 0.12207 -0.35254 0.52539 -0.12012 0.39746 -0.20898 0.37598 -0.04883 0.52539 -0.12012 0.43945 -0.39551 0.39746 -0.20898 0.52734 -0.39648 0.43945 -0.39551 0.52539 -0.12012 0.77832 -0.83496 0.81348 -0.73633 0.82422 -0.83496 0.77832 -0.83496 0.78809 -0.74414 0.81348 -0.73633 0.73438 -0.83496 0.78809 -0.74414 0.77832 -0.83496 0.73438 -0.83496 0.76270 -0.73340 0.78809 -0.74414 0.78809 -0.80664 0.77930 -0.75977 0.80469 -0.79980 0.78809 -0.80664 0.76855 -0.80566 0.77930 -0.75977 0.94238 -0.85254 0.94238 -0.81641 0.94434 -0.77539 0.94238 -0.85254 0.93945 -0.77539 0.94238 -0.81641 0.94238 -0.81641 0.94238 -0.85352 0.94434 -0.77539 0.94238 -0.81641 0.93945 -0.77539 0.94238 -0.85352 0.81348 -0.73633 0.85449 -0.83398 0.82422 -0.83496 0.81348 -0.73633 0.82715 -0.73438 0.85449 -0.83398 0.79785 -0.66699 0.82715 -0.73438 0.81348 -0.73633 0.78809 -0.74414 0.79785 -0.66699 0.81348 -0.73633 0.78809 -0.74414 0.76270 -0.73340 0.79785 -0.66699 0.69043 -0.70312 0.61523 -0.54492 0.64551 -0.40234 0.69043 -0.70312 0.50293 -0.62891 0.61523 -0.54492 0.58691 -0.87109 0.50293 -0.62891 0.69043 -0.70312 0.69043 -0.70312 0.62402 -0.95898 0.58691 -0.87109 0.69043 -0.70312 0.71387 -0.71191 0.62402 -0.95898 0.72168 -0.65332 0.71387 -0.71191 0.69043 -0.70312 0.97266 -0.85059 0.91309 -0.85449 0.97559 -0.51758 0.97266 -0.85059 0.94238 -0.98242 0.91309 -0.85449 0.97266 -0.85059 0.91309 -0.85449 0.95898 -0.48926 0.97266 -0.85059 0.94238 -0.98242 0.91309 -0.85449 0.97266 -0.85059 0.91309 -0.85449 0.95898 -0.48926 0.97266 -0.85059 0.94238 -0.98242 0.91309 -0.85449 0.97266 -0.85059 0.91309 -0.85449 0.95898 -0.48926 0.97266 -0.85059 0.94238 -0.98242 0.91309 -0.85449 0.22949 -0.53320 0.01660 -0.92773 0.01367 -0.57324 0.22949 -0.53320 0.32617 -0.81055 0.01660 -0.92773 0.22461 -0.53125 0.02539 -0.92773 0.01562 -0.56152 0.22461 -0.53125 0.17285 -0.88086 0.02539 -0.92773 0.32129 -0.81250 0.17285 -0.88086 0.22461 -0.53125 0.22363 -0.53223 0.02148 -0.92871 0.01465 -0.56543 0.22363 -0.53223 0.31641 -0.81250 0.02148 -0.92871 0.30957 -0.17188 0.31348 -0.12207 0.32617 -0.17188 0.30957 -0.17188 0.31348 -0.12207 0.30957 -0.17188 0.31348 -0.12207 0.32617 -0.17188 0.30957 -0.17188 0.84277 -0.05078 0.94238 -0.01172 0.98340 -0.23145 0.41016 -0.43164 0.26855 -0.47656 0.32031 -0.52734 0.45898 -0.95898 0.52441 -0.93066 0.46973 -0.89648 0.35645 -0.63574 0.47949 -0.62207 0.41016 -0.52246 0.77930 -0.75977 0.76855 -0.80566 0.78809 -0.80664 0.13086 -0.20508 0.20996 -0.28027 0.29102 -0.08398 0.79785 -0.66699 0.81348 -0.73633 0.82715 -0.73438 0.02051 -0.92969 0.20898 -0.86035 0.01562 -0.56348 0.17285 -0.88086 0.32129 -0.81250 0.22461 -0.53125 0.80078 -0.63086 0.89453 -0.84766 0.70801 -0.83789 0.06152 -0.34668 0.15625 -0.33691 0.12598 -0.42676 0.25977 -0.95605 0.21191 -0.95898 0.22266 -0.93848 0.74512 -0.22461 0.76660 -0.46973 0.83691 -0.46484 0.35645 -0.63574 0.32031 -0.52734 0.41016 -0.52246 0.20898 -0.86035 0.02051 -0.92969 0.01562 -0.56348 0.89453 -0.84766 0.80078 -0.63086 0.70801 -0.83789</float_array>
     <technique_common>
      <accessor count="663" offset="0" source="#realb08_2-lib-texcoords-array" stride="2">
       <param name="U" type="float"/>
       <param name="V" type="float"/>
      </accessor>
     </technique_common>
    </source>
    <vertices id="realb08_2-lib-vertices">
     <input semantic="POSITION" source="#realb08_2-lib-positions"/>
    </vertices>
    <polylist count="221" material="mat2.png">
     <input offset="0" semantic="VERTEX" source="#realb08_2-lib-vertices"/>
     <input offset="1" semantic="NORMAL" source="#realb08_2-lib-normals"/>
     <input offset="2" semantic="TEXCOORD" source="#realb08_2-lib-texcoords"/>
     <vcount>3 3 3 3 3 3 3 3 3 3 3 3 3 3 3 3 3 3 3 3 3 3 3 3 3 3 3 3 3 3 3 3 3 3 3 3 3 3 3 3 3 3 3 3 3 3 3 3 3 3 3 3 3 3 3 3 3 3 3 3 3 3 3 3 3 3 3 3 3 3 3 3 3 3 3 3 3 3 3 3 3 3 3 3 3 3 3 3 3 3 3 3 3 3 3 3 3 3 3 3 3 3 3 3 3 3 3 3 3 3 3 3 3 3 3 3 3 3 3 3 3 3 3 3 3 3 3 3 3 3 3 3 3 3 3 3 3 3 3 3 3 3 3 3 3 3 3 3 3 3 3 3 3 3 3 3 3 3 3 3 3 3 3 3 3 3 3 3 3 3 3 3 3 3 3 3 3 3 3 3 3 3 3 3 3 3 3 3 3 3 3 3 3 3 3 3 3 3 3 3 3 3 3 3 3 3 3 3 3 3 3 3 3 3 3 3 3 3 3 3 3</vcount>
     <p>2 2 2 1 1 1 0 0 0 1 5 5 3 4 4 0 3 3 0 8 8 3 7 7 4 6 6 3 11 11 5 10 10 4 9 9 8 14 14 7 13 13 6 12 12 7 17 17 9 16 16 6 15 15 6 20 20 9 19 19 10 18 18 9 23 23 11 22 22 10 21 21 10 26 26 11 25 25 12 24 24 15 29 29 14 28 28 13 27 27 14 32 32 16 31 31 13 30 30 13 35 35 16 34 34 17 33 33 16 38 38 11 37 37 17 36 36 17 41 41 11 40 40 18 39 39 11 44 44 19 43 43 18 42 42 18 47 47 19 46 46 20 45 45 23 50 50 22 49 49 21 48 48 22 53 53 24 52 52 21 51 51 27 56 56 26 55 55 25 54 54 26 59 59 28 58 58 25 57 57 30 62 62 13 61 61 29 60 60 13 65 65 31 64 64 29 63 63 20 68 68 31 67 67 18 66 66 31 71 71 17 70 70 18 69 69 14 74 74 32 73 73 16 72 72 32 77 77 12 76 76 16 75 75 24 80 80 34 79 79 33 78 78 34 83 83 35 82 82 33 81 81 24 86 86 4 85 85 21 84 84 4 89 89 5 88 88 21 87 87 21 92 92 5 91 91 36 90 90 5 95 95 37 94 94 36 93 93 24 98 98 25 97 97 34 96 96 25 101 101 28 100 100 34 99 99 34 104 104 28 103 103 38 102 102 41 107 107 40 106 106 39 105 105 40 110 110 42 109 109 39 108 108 39 113 113 42 112 112 43 111 111 46 116 116 45 115 115 44 114 114 45 119 119 47 118 118 44 117 117 44 121 122 47 121 121 46 120 120 50 123 125 49 122 124 48 122 123 49 126 128 15 125 127 48 124 126 53 129 131 52 128 130 51 127 129 52 132 134 54 131 133 51 130 132 51 135 137 54 134 136 53 133 135 56 138 140 53 137 139 55 136 138 53 141 143 57 140 142 55 139 141 55 143 146 57 143 145 56 142 144 52 146 149 59 145 148 58 144 147 59 147 152 60 147 151 58 147 150 58 149 155 60 148 154 52 148 153 62 152 158 56 151 157 61 150 156 56 153 161 63 153 160 61 153 159 61 154 164 63 154 163 62 154 162 4 157 167 24 156 166 64 155 165 24 160 170 33 159 169 64 158 168 19 163 173 11 162 172 7 161 171 11 166 176 9 165 175 7 164 174 67 169 179 66 168 178 65 167 177 66 172 182 68 171 181 65 170 180 65 175 185 68 174 184 69 173 183 68 178 188 70 177 187 69 176 186 41 181 191 6 180 190 40 179 189 6 184 194 42 183 193 40 182 192 41 187 197 43 186 196 71 185 195 43 190 200 42 189 199 71 188 198 67 193 203 65 192 202 72 191 201 65 196 206 70 195 205 72 194 204 70 199 209 68 198 208 72 197 207 68 202 212 66 201 211 72 200 210 3 205 215 1 204 214 5 203 213 1 208 218 73 207 217 5 206 216 5 211 221 73 210 220 37 209 219 73 214 224 74 213 223 37 212 222 22 217 227 27 216 226 24 215 225 27 220 230 25 219 229 24 218 228 77 223 233 76 222 232 75 221 231 76 226 236 78 225 235 75 224 234 78 229 239 76 228 238 79 227 237 76 232 242 80 231 241 79 230 240 80 235 245 76 234 244 81 233 243 76 238 248 82 237 247 81 236 246 85 241 251 84 240 250 83 239 249 84 244 254 86 243 253 83 242 252 89 247 257 88 246 256 87 245 255 88 250 260 90 249 259 87 248 258 89 253 263 92 252 262 91 251 261 92 256 266 93 255 265 91 254 264 96 259 269 95 258 268 94 257 267 95 262 272 97 261 271 94 260 270 87 265 275 84 264 274 89 263 273 84 268 278 85 267 277 89 266 276 89 271 281 96 270 280 92 269 279 96 274 284 98 273 283 92 272 282 100 277 287 95 276 286 99 275 285 95 280 290 96 279 289 99 278 288 99 283 293 101 282 292 100 281 291 101 286 296 102 285 295 100 284 294 105 289 299 104 288 298 103 287 297 104 292 302 106 291 301 103 290 300 109 295 305 108 294 304 107 293 303 108 298 308 110 297 307 107 296 306 107 301 311 110 300 310 111 299 309 110 304 314 112 303 313 111 302 312 111 307 317 112 306 316 113 305 315 116 310 320 115 309 319 114 308 318 115 313 323 117 312 322 114 311 321 118 316 326 33 315 325 104 314 324 33 319 329 106 318 328 104 317 327 35 322 332 120 321 331 119 320 330 120 325 335 121 324 334 119 323 333 124 328 338 123 327 337 122 326 336 123 331 341 119 330 340 122 329 339 28 334 344 26 333 343 38 332 342 26 337 347 125 336 346 38 335 345 38 340 350 125 339 349 35 338 348 125 343 353 120 342 352 35 341 351 127 346 356 126 345 355 115 344 354 126 349 359 128 348 358 115 347 357 115 352 362 128 351 361 129 350 360 128 355 365 130 354 364 129 353 363 129 358 368 130 357 367 111 356 366 130 361 371 131 360 370 111 359 369 128 364 374 132 363 373 130 362 372 132 367 377 131 366 376 130 365 375 114 370 380 117 369 379 133 368 378 117 373 383 113 372 382 133 371 381 35 376 386 119 375 385 103 374 384 119 379 389 123 378 388 103 377 387 103 382 392 123 381 391 105 380 390 123 385 395 1 384 394 105 383 393 105 388 398 1 387 397 104 386 396 1 391 401 2 390 400 104 389 399 104 394 404 2 393 403 118 392 402 2 397 407 0 396 406 118 395 405 118 400 410 0 399 409 33 398 408 0 403 413 64 402 412 33 401 411 134 406 416 112 405 415 108 404 414 112 409 419 110 408 418 108 407 417 137 412 422 136 411 421 135 410 420 136 415 425 138 414 424 135 413 423 113 418 428 117 417 427 111 416 426 117 421 431 129 420 430 111 419 429 141 424 434 140 423 433 139 422 432 140 427 437 142 426 436 139 425 435 145 430 440 144 429 439 143 428 438 144 433 443 116 432 442 143 431 441 143 436 446 116 435 445 145 434 444 148 439 449 147 438 448 146 437 447 147 442 452 149 441 451 146 440 450 146 445 455 149 444 454 148 443 453 147 448 458 151 447 457 150 446 456 151 450 461 152 449 460 150 449 459 150 453 464 152 452 463 147 451 462 154 456 467 148 455 466 153 454 465 148 458 470 155 458 469 153 457 468 153 459 473 155 459 472 154 459 471 151 462 476 157 461 475 156 460 474 157 463 479 158 463 478 156 463 477 156 464 482 158 464 481 151 464 480 33 467 485 35 466 484 106 465 483 35 470 488 103 469 487 106 468 486 1 473 491 123 472 490 73 471 489 123 476 494 124 475 493 73 474 492 73 479 497 124 478 496 74 477 495 161 482 500 160 481 499 159 480 498 160 485 503 162 484 502 159 483 501 159 488 506 162 487 505 163 486 504 162 491 509 164 490 508 163 489 507 138 494 512 136 493 511 165 492 510 136 495 515 137 495 514 165 495 513 137 498 518 135 497 517 108 496 516 135 501 521 138 500 520 108 499 519 137 504 524 166 503 523 165 502 522 166 507 527 138 506 526 165 505 525 161 510 530 163 509 529 160 508 528 163 513 533 164 512 532 160 511 531 160 516 536 164 515 535 167 514 534 160 519 539 167 518 538 162 517 537 167 522 542 164 521 541 162 520 540 170 525 545 169 524 544 168 523 543 169 528 548 171 527 547 168 526 546 168 531 551 171 530 550 172 529 549 172 534 554 173 533 553 168 532 552 173 537 557 174 536 556 168 535 555 168 540 560 174 539 559 175 538 558 178 543 563 177 542 562 176 541 561 177 546 566 179 545 565 176 544 564 182 549 569 181 548 568 180 547 567 181 552 572 183 551 571 180 550 570 182 555 575 185 554 574 184 553 573 185 558 578 186 557 577 184 556 576 189 561 581 188 560 580 187 559 579 188 564 584 190 563 583 187 562 582 178 567 587 176 566 586 182 565 585 176 570 590 181 569 589 182 568 588 182 573 593 184 572 592 189 571 591 184 576 596 191 575 595 189 574 594 189 579 599 191 578 598 188 577 597 189 582 602 187 581 601 99 580 600 187 585 605 101 584 604 99 583 603 194 587 608 193 587 607 192 586 606 192 590 611 193 589 610 195 588 609 195 592 614 194 591 613 193 591 612 10 595 617 196 594 616 6 593 615 16 598 620 12 597 619 11 596 618 15 601 623 49 600 622 50 599 621 17 604 626 31 603 625 13 602 624 43 605 629 41 605 628 39 605 627 0 608 632 4 607 631 64 606 630 70 611 635 65 610 634 69 609 633 89 614 638 91 613 637 88 612 636 96 617 641 94 616 640 98 615 639 199 619 644 198 619 643 197 618 642 38 622 647 35 621 646 34 620 645 141 624 650 142 623 649 140 623 648 111 627 653 131 626 652 107 625 651 129 630 656 117 629 655 115 628 654 182 633 659 180 632 658 185 631 657 202 636 662 201 635 661 200 634 660</p>
    </polylist>
   </mesh>
  </geometry>
  <geometry id="realb08_3-lib" name="realb08_3">
   <mesh>
    <source id="realb08_3-lib-positions" name="position">
     <float_array id="realb08_3-lib-positions-array" count="90">0.00000 7.25413 -12.10090 0.00000 7.25398 -10.83742 -0.37622 7.25405 -11.11648 0.37646 7.25405 -11.11648 -5.89853 12.65310 -1.43393 -5.99393 13.97933 -0.86248 -1.82770 13.97677 -0.99964 -8.10586 10.73339 -1.05619 -0.04912 8.98579 -0.67636 -4.81416 11.59848 -1.75723 -1.14360 12.05746 -0.87514 -5.65810 9.30297 -2.11625 -5.47754 6.97885 -2.34219 -13.40446 11.04106 1.38987 -9.32378 8.40874 -0.25855 -13.36532 8.01113 1.45995 -9.79930 12.47079 0.29424 9.32188 8.40863 -0.25868 13.40245 11.04092 1.38996 13.36332 8.01099 1.46004 8.10385 10.73325 -1.05610 5.47560 6.97889 -2.34239 5.65613 9.30297 -2.11621 0.04697 8.98568 -0.67640 4.81219 11.59848 -1.75719 1.14178 12.05741 -0.87526 1.82572 13.97671 -0.99951 5.89680 12.65309 -1.43386 9.79729 12.47065 0.29433 5.99196 13.97933 -0.86244</float_array>
     <technique_common>
      <accessor count="30" source="#realb08_3-lib-positions-array" stride="3">
       <param name="X" type="float"/>
       <param name="Y" type="float"/>
       <param name="Z" type="float"/>
      </accessor>
     </technique_common>
    </source>
    <source id="realb08_3-lib-normals" name="normal">
     <float_array id="realb08_3-lib-normals-array" count="288">0.00000 1.00000 0.00012 0.00000 1.00000 0.00012 0.00011 1.00000 0.00012 0.00000 1.00000 0.00012 -0.00011 1.00000 0.00012 0.00000 1.00000 0.00012 0.21562 -0.30316 0.92823 0.21843 -0.36346 0.90564 -0.14672 -0.13896 0.97937 0.21562 -0.30316 0.92823 0.40353 -0.12997 0.90569 0.21843 -0.36346 0.90564 -0.24260 -0.05418 0.96861 -0.06966 -0.15984 0.98468 -0.23132 -0.01942 0.97268 -0.24260 -0.05418 0.96861 0.07417 -0.10259 0.99196 -0.06966 -0.15984 0.98468 0.07420 -0.06741 0.99496 0.07417 -0.10259 0.99196 -0.24260 -0.05418 0.96861 0.40078 -0.03194 0.91562 0.44143 0.06062 0.89525 0.38897 0.02632 0.92087 0.40078 -0.03194 0.91562 0.40353 -0.12997 0.90569 0.44143 0.06062 0.89525 0.38496 -0.30252 0.87194 0.40353 -0.12997 0.90569 0.40078 -0.03194 0.91562 0.38496 -0.30252 0.87194 0.21843 -0.36346 0.90564 0.40353 -0.12997 0.90569 0.40353 -0.12997 0.90569 0.07420 -0.06741 0.99496 0.44143 0.06062 0.89525 0.40353 -0.12997 0.90569 0.07417 -0.10259 0.99196 0.07420 -0.06741 0.99496 0.21562 -0.30316 0.92823 0.07417 -0.10259 0.99196 0.40353 -0.12997 0.90569 0.21562 -0.30316 0.92823 -0.06966 -0.15984 0.98468 0.07417 -0.10259 0.99196 -0.14672 -0.13896 0.97937 -0.06966 -0.15984 0.98468 0.21562 -0.30316 0.92823 -0.14672 -0.13896 0.97937 -0.23132 -0.01942 0.97268 -0.06966 -0.15984 0.98468 -0.44143 0.06055 0.89525 -0.40080 -0.03196 0.91561 -0.38902 0.02632 0.92085 -0.44143 0.06055 0.89525 -0.40354 -0.13000 0.90568 -0.40080 -0.03196 0.91561 -0.07419 -0.06751 0.99496 -0.40354 -0.13000 0.90568 -0.44143 0.06055 0.89525 -0.07419 -0.06751 0.99496 -0.07417 -0.10265 0.99195 -0.40354 -0.13000 0.90568 0.24258 -0.05420 0.96862 -0.07417 -0.10265 0.99195 -0.07419 -0.06751 0.99496 0.24258 -0.05420 0.96862 0.06965 -0.15986 0.98468 -0.07417 -0.10265 0.99195 0.23129 -0.01946 0.97269 0.06965 -0.15986 0.98468 0.24258 -0.05420 0.96862 0.23129 -0.01946 0.97269 0.14669 -0.13903 0.97936 0.06965 -0.15986 0.98468 -0.07417 -0.10265 0.99195 -0.21567 -0.30317 0.92821 -0.40354 -0.13000 0.90568 -0.07417 -0.10265 0.99195 0.06965 -0.15986 0.98468 -0.21567 -0.30317 0.92821 -0.40354 -0.13000 0.90568 -0.38497 -0.30251 0.87194 -0.40080 -0.03196 0.91561 -0.40354 -0.13000 0.90568 -0.21843 -0.36347 0.90564 -0.38497 -0.30251 0.87194 -0.21567 -0.30317 0.92821 -0.21843 -0.36347 0.90564 -0.40354 -0.13000 0.90568 -0.21567 -0.30317 0.92821 0.14669 -0.13903 0.97936 -0.21843 -0.36347 0.90564 0.06965 -0.15986 0.98468 0.14669 -0.13903 0.97936 -0.21567 -0.30317 0.92821</float_array>
     <technique_common>
      <accessor count="96" source="#realb08_3-lib-normals-array" stride="3">
       <param name="X" type="float"/>
       <param name="Y" type="float"/>
       <param name="Z" type="float"/>
      </accessor>
     </technique_common>
    </source>
    <source id="realb08_3-lib-texcoords">
     <float_array id="realb08_3-lib-texcoords-array" count="192">0.40088 -0.19238 0.46045 -0.22900 0.47266 -0.12158 0.40088 -0.19238 0.47266 -0.12158 0.46045 -0.22900 0.67188 -0.29395 0.76611 -0.19287 0.46191 0.04688 0.67188 -0.29395 0.70996 -0.58105 0.76611 -0.19287 0.00293 -0.28125 0.52344 -0.31689 0.28516 -0.07959 0.00293 -0.28125 0.43457 -0.55029 0.52344 -0.31689 0.26904 -0.72754 0.43457 -0.55029 0.00293 -0.28125 1.10547 -0.86475 0.65137 -0.83984 0.91162 -1.10547 1.10547 -0.86475 0.70996 -0.58105 0.65137 -0.83984 0.94043 -0.53809 0.70996 -0.58105 1.10547 -0.86475 0.94043 -0.53809 0.76611 -0.19287 0.70996 -0.58105 0.70996 -0.58105 0.26904 -0.72754 0.65137 -0.83984 0.70996 -0.58105 0.43457 -0.55029 0.26904 -0.72754 0.67188 -0.29395 0.43457 -0.55029 0.70996 -0.58105 0.67188 -0.29395 0.52344 -0.31689 0.43457 -0.55029 0.46191 0.04688 0.52344 -0.31689 0.67188 -0.29395 0.46191 0.04688 0.28516 -0.07959 0.52344 -0.31689 0.65137 -0.83984 1.10547 -0.86475 0.91162 -1.10547 0.65137 -0.83984 0.70996 -0.58105 1.10547 -0.86475 0.26904 -0.72754 0.70996 -0.58105 0.65137 -0.83984 0.26904 -0.72754 0.43457 -0.55029 0.70996 -0.58105 0.00293 -0.28125 0.43457 -0.55029 0.26904 -0.72754 0.00293 -0.28125 0.52344 -0.31689 0.43457 -0.55029 0.28516 -0.07959 0.52344 -0.31689 0.00293 -0.28125 0.28516 -0.07959 0.46191 0.04688 0.52344 -0.31689 0.43457 -0.55029 0.67188 -0.29395 0.70996 -0.58105 0.43457 -0.55029 0.52344 -0.31689 0.67188 -0.29395 0.70996 -0.58105 0.94043 -0.53809 1.10547 -0.86475 0.70996 -0.58105 0.76611 -0.19287 0.94043 -0.53809 0.67188 -0.29395 0.76611 -0.19287 0.70996 -0.58105 0.67188 -0.29395 0.46191 0.04688 0.76611 -0.19287 0.52344 -0.31689 0.46191 0.04688 0.67188 -0.29395</float_array>
     <technique_common>
      <accessor count="96" offset="0" source="#realb08_3-lib-texcoords-array" stride="2">
       <param name="U" type="float"/>
       <param name="V" type="float"/>
      </accessor>
     </technique_common>
    </source>
    <vertices id="realb08_3-lib-vertices">
     <input semantic="POSITION" source="#realb08_3-lib-positions"/>
    </vertices>
    <polylist count="32" material="mat6.png">
     <input offset="0" semantic="VERTEX" source="#realb08_3-lib-vertices"/>
     <input offset="1" semantic="NORMAL" source="#realb08_3-lib-normals"/>
     <input offset="2" semantic="TEXCOORD" source="#realb08_3-lib-texcoords"/>
     <vcount>3 3 3 3 3 3 3 3 3 3 3 3 3 3 3 3 3 3 3 3 3 3 3 3 3 3 3 3 3 3 3 3</vcount>
     <p>2 2 2 1 1 1 0 0 0 1 5 5 3 4 4 0 3 3 6 8 8 5 7 7 4 6 6 5 11 11 7 10 10 4 9 9 10 14 14 9 13 13 8 12 12 9 17 17 11 16 16 8 15 15 8 20 20 11 19 19 12 18 18 15 23 23 14 22 22 13 21 21 14 26 26 7 25 25 13 24 24 13 29 29 7 28 28 16 27 27 7 32 32 5 31 31 16 30 30 14 35 35 12 34 34 7 33 33 12 38 38 11 37 37 7 36 36 7 41 41 11 40 40 4 39 39 11 44 44 9 43 43 4 42 42 4 47 47 9 46 46 6 45 45 9 50 50 10 49 49 6 48 48 19 53 53 18 52 52 17 51 51 18 56 56 20 55 55 17 54 54 17 59 59 20 58 58 21 57 57 20 62 62 22 61 61 21 60 60 21 65 65 22 64 64 23 63 63 22 68 68 24 67 67 23 66 66 23 71 71 24 70 70 25 69 69 24 74 74 26 73 73 25 72 72 20 77 77 27 76 76 22 75 75 27 80 80 24 79 79 22 78 78 18 83 83 28 82 82 20 81 81 28 86 86 29 85 85 20 84 84 20 89 89 29 88 88 27 87 87 29 92 92 26 91 91 27 90 90 27 95 95 26 94 94 24 93 93</p>
    </polylist>
   </mesh>
  </geometry>
  <geometry id="realb08_4-lib" name="realb08_4">
   <mesh>
    <source id="realb08_4-lib-positions" name="position">
     <float_array id="realb08_4-lib-positions-array" count="270">0.45361 7.25781 -0.62500 0.72852 7.25772 -2.56101 0.85767 7.25781 -0.68042 0.35327 7.25763 -2.59358 0.12256 7.24789 -7.89059 0.52808 7.25236 -5.71960 0.21704 7.25243 -5.67589 0.38965 7.24791 -7.94284 0.10840 7.24714 -8.21822 0.36987 7.24721 -8.26167 0.13086 7.24202 -10.80430 0.00000 7.24217 -10.75767 0.00000 7.24219 -10.76060 0.68628 7.25779 -3.17725 0.32568 7.25761 -3.13379 -0.73560 7.25772 -2.56101 -0.46069 7.25781 -0.62500 -0.86475 7.25781 -0.68042 -0.36035 7.25763 -2.59358 -0.69336 7.25779 -3.17725 -0.33276 7.25761 -3.13379 -0.53516 7.25236 -5.71960 -0.12939 7.24789 -7.89059 -0.22412 7.25243 -5.67589 -0.39673 7.24791 -7.94284 -0.00708 7.24217 -10.75767 -0.13794 7.24202 -10.80430 -0.00708 7.24219 -10.76060 -0.37671 7.24721 -8.26167 -0.11548 7.24714 -8.21822 -1.51508 6.41512 -0.20447 -1.55272 7.45577 -0.26001 -1.26363 7.23140 -0.25998 -1.96751 6.57606 -0.20466 -1.91975 4.97009 -0.15576 -1.58935 4.91151 -0.15562 -1.19413 3.90297 -0.12197 -1.18013 3.62530 -0.12148 -1.78544 2.76619 -0.19036 -1.51129 3.71267 -0.12153 -1.38251 2.74218 -0.19025 -1.19581 1.89908 -0.22894 -1.37123 1.88435 -0.22888 -0.77649 3.81793 -0.80741 -0.83109 2.66498 -0.86314 -0.83108 2.81841 -1.19222 -0.77637 3.65150 -0.43509 1.55272 7.45577 -0.26001 1.51508 6.41512 -0.20447 1.26363 7.23140 -0.25998 1.96751 6.57606 -0.20466 1.91975 4.97009 -0.15576 1.58935 4.91151 -0.15562 1.19413 3.90297 -0.12197 1.78544 2.76619 -0.19036 1.18013 3.62530 -0.12148 1.51129 3.71267 -0.12153 1.38251 2.74218 -0.19025 1.19581 1.89908 -0.22894 0.77649 3.81793 -0.80741 0.83109 2.66498 -0.86314 0.77637 3.65150 -0.43509 0.83108 2.81841 -1.19222 0.00000 10.48852 0.73748 0.00000 9.66996 1.00178 0.00000 10.36755 0.56357 0.00000 9.69130 1.20199 0.00000 8.48675 1.14446 0.00000 8.49717 0.92743 0.00000 7.01587 0.82080 0.00000 8.38490 -1.08092 0.00000 8.84337 -0.76030 0.00000 8.20511 -0.86121 0.00000 8.85821 -1.02030 0.00000 7.86856 -2.70188 0.00000 8.04219 -2.70193 0.00000 7.94170 -3.17638 0.00000 10.42667 -0.82091 0.00000 10.36504 -0.66715 0.00000 7.78150 -3.17808 0.00000 7.81799 -5.13961 0.00000 7.68294 -5.14103 0.00000 11.99930 -0.53350 0.00000 10.53934 -0.65481 0.00000 10.66093 -0.99701 0.00000 11.86904 -0.14711 -1.58750 4.05953 -0.12193 1.58750 4.05953 -0.12193 1.37123 1.88435 -0.22888 0.00000 6.98071 1.02661</float_array>
     <technique_common>
      <accessor count="90" source="#realb08_4-lib-positions-array" stride="3">
       <param name="X" type="float"/>
       <param name="Y" type="float"/>
       <param name="Z" type="float"/>
      </accessor>
     </technique_common>
    </source>
    <source id="realb08_4-lib-normals" name="normal">
     <float_array id="realb08_4-lib-normals-array" count="537">-0.00003 1.00000 -0.00005 -0.00022 1.00000 0.00002 -0.00001 1.00000 -0.00005 -0.00003 1.00000 -0.00005 -0.00028 1.00000 0.00001 -0.00022 1.00000 0.00002 -0.00046 1.00000 -0.00212 -0.00008 1.00000 -0.00208 -0.00010 1.00000 -0.00209 -0.00046 1.00000 -0.00212 -0.00051 1.00000 -0.00211 -0.00008 1.00000 -0.00208 -0.00059 1.00000 -0.00208 -0.00051 1.00000 -0.00211 -0.00046 1.00000 -0.00212 -0.00059 1.00000 -0.00208 -0.00060 1.00000 -0.00204 -0.00051 1.00000 -0.00211 0.00046 1.00000 -0.00194 0.00168 1.00000 0.00159 0.00370 0.99997 0.00716 0.00046 1.00000 -0.00194 -0.00060 1.00000 -0.00204 0.00168 1.00000 0.00159 -0.00055 1.00000 -0.00102 -0.00010 1.00000 -0.00209 -0.00008 1.00000 -0.00208 -0.00055 1.00000 -0.00102 -0.00061 1.00000 -0.00096 -0.00010 1.00000 -0.00209 -0.00028 1.00000 0.00001 -0.00055 1.00000 -0.00102 -0.00022 1.00000 0.00002 -0.00028 1.00000 0.00001 -0.00061 1.00000 -0.00096 -0.00055 1.00000 -0.00102 0.00022 1.00000 0.00002 0.00003 1.00000 -0.00005 0.00001 1.00000 -0.00005 0.00022 1.00000 0.00002 0.00028 1.00000 0.00001 0.00003 1.00000 -0.00005 0.00055 1.00000 -0.00102 0.00028 1.00000 0.00001 0.00022 1.00000 0.00002 0.00055 1.00000 -0.00102 0.00061 1.00000 -0.00096 0.00028 1.00000 0.00001 0.00008 1.00000 -0.00208 0.00046 1.00000 -0.00212 0.00010 1.00000 -0.00209 0.00008 1.00000 -0.00208 0.00051 1.00000 -0.00211 0.00046 1.00000 -0.00212 -0.00168 1.00000 0.00159 -0.00046 1.00000 -0.00194 -0.00370 0.99997 0.00716 -0.00168 1.00000 0.00159 0.00060 1.00000 -0.00204 -0.00046 1.00000 -0.00194 0.00059 1.00000 -0.00208 0.00060 1.00000 -0.00204 -0.00168 1.00000 0.00159 0.00055 1.00000 -0.00102 0.00010 1.00000 -0.00209 0.00061 1.00000 -0.00096 0.00055 1.00000 -0.00102 0.00008 1.00000 -0.00208 0.00010 1.00000 -0.00209 0.00059 1.00000 -0.00208 0.00051 1.00000 -0.00211 0.00060 1.00000 -0.00204 0.00059 1.00000 -0.00208 0.00046 1.00000 -0.00212 0.00051 1.00000 -0.00211 0.01622 0.04139 0.99901 0.03408 0.05449 0.99793 0.04240 0.05478 0.99760 0.01622 0.04139 0.99901 0.01506 0.04354 0.99894 0.03408 0.05449 0.99793 0.00710 0.03402 0.99940 0.01506 0.04354 0.99894 0.01622 0.04139 0.99901 0.00567 0.03426 0.99940 0.00710 0.03402 0.99940 0.01622 0.04139 0.99901 0.00567 0.03426 0.99940 0.01428 0.04134 0.99904 0.00710 0.03402 0.99940 -0.01476 -0.06957 0.99747 -0.00537 -0.06169 0.99808 -0.01794 -0.06734 0.99757 -0.01476 -0.06957 0.99747 -0.00389 -0.06106 0.99813 -0.00537 -0.06169 0.99808 0.00203 -0.04307 0.99907 -0.00537 -0.06169 0.99808 -0.00389 -0.06106 0.99813 0.00203 -0.04307 0.99907 0.00385 -0.04184 0.99912 -0.00537 -0.06169 0.99808 -0.99871 0.04627 0.02112 -0.99870 0.04626 0.02142 -0.99870 0.04625 0.02155 -0.99871 0.04627 0.02112 -0.99871 0.04628 0.02101 -0.99870 0.04626 0.02142 -0.03408 0.05449 0.99793 -0.01622 0.04139 0.99901 -0.04240 0.05478 0.99760 -0.03408 0.05449 0.99793 -0.01506 0.04354 0.99894 -0.01622 0.04139 0.99901 -0.00710 0.03402 0.99940 -0.01622 0.04139 0.99901 -0.01506 0.04354 0.99894 -0.00710 0.03402 0.99940 -0.00567 0.03426 0.99940 -0.01622 0.04139 0.99901 -0.01428 0.04134 0.99904 -0.00567 0.03426 0.99940 -0.00710 0.03402 0.99940 0.00537 -0.06169 0.99808 0.01476 -0.06957 0.99747 0.01794 -0.06734 0.99757 0.00537 -0.06169 0.99808 0.00389 -0.06106 0.99813 0.01476 -0.06957 0.99747 -0.00203 -0.04307 0.99907 0.00389 -0.06106 0.99813 0.00537 -0.06169 0.99808 0.99871 0.04627 0.02112 0.99870 0.04626 0.02142 0.99871 0.04628 0.02101 0.99871 0.04627 0.02112 0.99870 0.04625 0.02155 0.99870 0.04626 0.02142 -1.00000 0.00000 0.00000 -1.00000 0.00000 0.00000 -1.00000 0.00000 0.00000 -1.00000 0.00000 0.00000 -1.00000 0.00000 0.00000 -1.00000 0.00000 0.00000 -1.00000 0.00000 0.00000 -1.00000 0.00000 0.00000 -1.00000 0.00000 0.00000 -1.00000 0.00000 0.00000 -1.00000 0.00000 0.00000 -1.00000 0.00000 0.00000 -1.00000 0.00000 0.00000 -1.00000 0.00000 0.00000 -1.00000 0.00000 0.00000 -1.00000 0.00000 0.00000 0.00168 1.00000 0.00159 -0.00060 1.00000 -0.00204 -0.00059 1.00000 -0.00208 0.01428 0.04134 0.99904 0.01742 0.04347 0.99890 0.00710 0.03402 0.99940 -0.00710 0.03402 0.99940 -0.01742 0.04347 0.99890 -0.01428 0.04134 0.99904 0.00537 -0.06169 0.99808 -0.00385 -0.04184 0.99912 -0.00203 -0.04307 0.99907 -1.00000 0.00000 0.00000 -1.00000 0.00000 0.00000</float_array>
     <technique_common>
      <accessor count="168" source="#realb08_4-lib-normals-array" stride="3">
       <param name="X" type="float"/>
       <param name="Y" type="float"/>
       <param name="Z" type="float"/>
      </accessor>
     </technique_common>
    </source>
    <source id="realb08_4-lib-texcoords">
     <float_array id="realb08_4-lib-texcoords-array" count="408">-1.00781 -0.01172 2.83203 -0.98047 -0.96484 -0.97656 -1.00781 -0.01172 2.96484 -0.00781 2.83203 -0.98047 5.02344 -0.06250 0.00000 -0.98438 -0.06250 -0.00781 5.02344 -0.06250 5.10156 -0.94531 0.00000 -0.98438 5.77734 -0.07031 5.10156 -0.94531 5.02344 -0.06250 5.77734 -0.07031 5.83594 -0.93750 5.10156 -0.94531 5.83594 -0.93750 5.76953 -0.05859 5.77734 -0.05859 5.83594 -0.93750 -0.00781 -0.98828 5.76953 -0.05859 -0.00391 -0.99219 5.77734 -0.07422 5.83984 -0.94141 -0.00391 -0.99219 -0.05859 -0.00781 5.77734 -0.07422 2.96484 -0.00781 4.07812 -0.98047 2.83203 -0.98047 2.96484 -0.00781 4.05078 -0.00781 4.07812 -0.98047 2.83203 -0.98047 -1.00781 -0.01172 -0.96484 -0.97656 2.83203 -0.98047 2.96484 -0.00781 -1.00781 -0.01172 4.07812 -0.98047 2.96484 -0.00781 2.83203 -0.98047 4.07812 -0.98047 4.05078 -0.00781 2.96484 -0.00781 0.00000 -0.98438 5.02344 -0.06250 -0.06250 -0.00781 0.00000 -0.98438 5.10156 -0.94531 5.02344 -0.06250 5.76953 -0.05859 5.83594 -0.93750 5.77734 -0.05859 5.76953 -0.05859 -0.00781 -0.98828 5.83594 -0.93750 -0.05469 -0.01172 -0.00781 -0.98828 5.76953 -0.05859 -0.00391 -0.99219 5.77734 -0.07422 -0.05859 -0.00781 -0.00391 -0.99219 5.83984 -0.94141 5.77734 -0.07422 5.77734 -0.07031 5.10156 -0.94531 5.83594 -0.93750 5.77734 -0.07031 5.02344 -0.06250 5.10156 -0.94531 4.91406 -0.10156 7.39062 -0.60156 7.21094 -0.10156 4.91406 -0.10156 4.96875 -0.60156 7.39062 -0.60156 0.99609 -0.63672 4.96875 -0.60156 4.91406 -0.10156 0.90625 -0.16016 0.99609 -0.63672 4.91406 -0.10156 0.90625 -0.16016 -0.91016 -0.10156 0.99609 -0.63672 6.14453 -0.09375 3.16016 -0.71875 6.09375 -0.71875 6.14453 -0.09375 3.16016 -0.09375 3.16016 -0.71875 0.82422 -0.35547 3.16016 -0.71875 3.16016 -0.09375 0.82422 -0.35547 0.78906 -0.52344 3.16016 -0.71875 0.36719 -0.63672 3.12891 -0.05078 3.12891 -0.93359 0.36719 -0.63672 0.00391 -0.01953 3.12891 -0.05078 7.39062 -0.60156 4.91406 -0.10156 7.21094 -0.10156 7.39062 -0.60156 4.96875 -0.60156 4.91406 -0.10156 0.99609 -0.63672 4.91406 -0.10156 4.96875 -0.60156 0.99609 -0.63672 0.90625 -0.16016 4.91406 -0.10156 -0.91016 -0.10156 0.90625 -0.16016 0.99609 -0.63672 3.16016 -0.71875 6.14453 -0.09375 6.09375 -0.71875 3.16016 -0.71875 3.16016 -0.09375 6.14453 -0.09375 0.82422 -0.35547 3.16016 -0.09375 3.16016 -0.71875 0.36719 -0.63672 3.12891 -0.05078 0.00391 -0.01953 0.36719 -0.63672 3.12891 -0.93359 3.12891 -0.05078 1.69531 -0.58203 3.93750 -0.12109 1.68750 -0.13672 1.69531 -0.58203 3.93750 -0.58203 3.93750 -0.12109 6.70703 -0.58203 3.93750 -0.12109 3.93750 -0.58203 6.70703 -0.58203 6.70703 -0.12109 3.93750 -0.12109 10.21094 -0.12109 6.70703 -0.12109 6.70703 -0.58203 5.22266 -0.67188 3.55078 -0.06250 5.22266 -0.07031 5.22266 -0.67188 3.55469 -0.67188 3.55078 -0.06250 4.38281 -0.09766 -0.61719 -0.55078 -0.81641 -0.07422 4.38281 -0.09766 3.98047 -0.55859 -0.61719 -0.55078 5.32422 -0.56250 3.98047 -0.55859 4.38281 -0.09766 3.55078 -0.06250 -0.52734 -0.67188 -0.52734 -0.07031 3.55078 -0.06250 3.55469 -0.67188 -0.52734 -0.67188 -0.27734 -1.05078 5.22266 -1.59766 -0.65625 -1.59766 -0.27734 -1.05078 5.60156 -1.05078 5.22266 -1.59766 -0.98438 -0.90625 4.14844 -0.05078 4.14844 -0.93359 -0.98438 -0.90625 -0.98438 -0.01953 4.14844 -0.05078 5.76953 -0.05859 -0.00781 -0.98828 -0.05469 -0.01172 -0.91016 -0.10156 -0.88281 -0.60156 0.99609 -0.63672 0.99609 -0.63672 -0.88281 -0.60156 -0.91016 -0.10156 3.16016 -0.71875 0.78906 -0.52344 0.82422 -0.35547 6.70703 -0.58203 10.21094 -0.58203 10.21094 -0.12109 4.38281 -0.09766 5.72656 -0.10156 5.32422 -0.56250</float_array>
     <technique_common>
      <accessor count="204" offset="0" source="#realb08_4-lib-texcoords-array" stride="2">
       <param name="U" type="float"/>
       <param name="V" type="float"/>
      </accessor>
     </technique_common>
    </source>
    <vertices id="realb08_4-lib-vertices">
     <input semantic="POSITION" source="#realb08_4-lib-positions"/>
    </vertices>
    <polylist count="68" material="mat5.png">
     <input offset="0" semantic="VERTEX" source="#realb08_4-lib-vertices"/>
     <input offset="1" semantic="NORMAL" source="#realb08_4-lib-normals"/>
     <input offset="2" semantic="TEXCOORD" source="#realb08_4-lib-texcoords"/>
     <vcount>3 3 3 3 3 3 3 3 3 3 3 3 3 3 3 3 3 3 3 3 3 3 3 3 3 3 3 3 3 3 3 3 3 3 3 3 3 3 3 3 3 3 3 3 3 3 3 3 3 3 3 3 3 3 3 3 3 3 3 3 3 3 3 3 3 3 3 3</vcount>
     <p>2 2 2 1 1 1 0 0 0 1 5 5 3 4 4 0 3 3 6 8 8 5 7 7 4 6 6 5 11 11 7 10 10 4 9 9 4 14 14 7 13 13 8 12 12 7 17 17 9 16 16 8 15 15 12 20 20 11 19 19 10 18 18 11 23 23 9 22 22 10 21 21 5 26 26 6 25 25 13 24 24 6 29 29 14 28 28 13 27 27 1 32 32 13 31 31 3 30 30 13 35 35 14 34 34 3 33 33 17 38 38 16 37 37 15 36 36 16 41 41 18 40 40 15 39 39 15 44 44 18 43 43 19 42 42 18 47 47 20 46 46 19 45 45 23 50 50 22 49 49 21 48 48 22 53 53 24 52 52 21 51 51 27 56 56 26 55 55 25 54 54 26 59 59 28 58 58 25 57 57 25 62 62 28 61 61 29 60 60 20 65 65 23 64 64 19 63 63 23 68 68 21 67 67 19 66 66 28 71 71 24 70 70 29 69 69 24 74 74 22 73 73 29 72 72 32 77 77 31 76 76 30 75 75 31 80 80 33 79 79 30 78 78 30 83 83 33 82 82 34 81 81 30 86 86 34 85 85 35 84 84 34 89 89 36 88 88 35 87 87 39 92 92 38 91 91 37 90 90 38 95 95 40 94 94 37 93 93 40 98 98 38 97 97 41 96 96 38 101 101 42 100 100 41 99 99 45 104 104 44 103 103 43 102 102 44 107 107 46 106 106 43 105 105 49 110 110 48 109 109 47 108 108 48 113 113 50 112 112 47 111 111 50 116 116 48 115 115 51 114 114 48 119 119 52 118 118 51 117 117 51 122 122 52 121 121 53 120 120 56 125 125 55 124 124 54 123 123 55 128 128 57 127 127 54 126 126 54 131 131 57 130 130 58 129 129 61 134 134 60 133 133 59 132 132 60 137 137 62 136 136 59 135 135 65 138 140 64 138 139 63 138 138 64 139 143 66 139 142 63 139 141 66 140 146 64 140 145 67 140 144 64 141 149 68 141 148 67 141 147 67 142 152 68 142 151 69 142 150 72 143 155 71 143 154 70 143 153 71 144 158 73 144 157 70 144 156 72 145 161 70 145 160 74 145 159 70 146 164 75 146 163 74 146 162 74 147 167 75 147 166 76 147 165 78 148 170 77 148 169 71 148 168 77 149 173 73 149 172 71 149 171 76 150 176 80 150 175 79 150 174 80 151 179 81 151 178 79 151 177 84 152 182 83 152 181 82 152 180 83 153 185 85 153 184 82 153 183 8 156 188 9 155 187 11 154 186 34 159 191 86 158 190 36 157 189 53 162 194 87 161 193 51 160 192 58 165 197 88 164 196 54 163 195 69 166 200 89 166 199 67 166 198 76 167 203 79 167 202 74 167 201</p>
    </polylist>
   </mesh>
  </geometry>
  <geometry id="realb08_5-lib" name="realb08_5">
   <mesh>
    <source id="realb08_5-lib-positions" name="position">
     <float_array id="realb08_5-lib-positions-array" count="777">-0.91831 10.65305 -0.26327 -0.50732 10.73656 0.07629 -0.87425 10.67720 0.00968 -0.30835 10.72786 -0.37294 0.00000 10.55595 -0.66725 -0.72314 7.26343 0.59131 0.00000 7.01587 0.82080 -0.13794 6.32983 0.58496 -0.60107 8.36166 0.59896 -0.88721 7.64819 0.03296 -0.76514 8.31867 -0.02607 -0.52319 7.28369 -0.58398 -0.23560 8.48898 -0.56745 0.00000 8.20511 -0.86121 0.00000 8.84459 -0.76030 0.23560 8.48898 -0.56745 1.17798 9.38782 -0.44252 0.76514 8.31867 -0.02607 1.22656 8.79215 0.17765 0.60107 8.36166 0.59896 1.21167 9.65257 0.75250 0.00000 8.49717 0.92743 0.00000 9.66996 1.00178 -1.21167 9.65257 0.75250 -1.07393 10.48402 0.54313 -1.42647 10.42181 0.49421 -0.36279 11.09059 -0.38349 -0.49414 10.99166 0.34582 0.00000 6.25928 -0.00977 -0.08258 6.18480 -0.01117 0.00000 6.35840 0.59326 0.13794 6.32983 0.58496 0.72314 7.26343 0.59131 -1.26363 7.23140 -0.25998 -0.33008 6.80835 -0.86914 -0.61401 6.85767 -0.83813 0.00000 6.64087 -0.70947 0.08258 6.18480 -0.01117 -0.36754 3.68774 -0.16648 -0.76639 4.14438 0.46547 -0.38027 3.90294 -0.17168 -0.57059 3.76357 0.55315 -0.77266 3.43678 0.44873 -0.97834 3.76375 0.55327 -1.19413 3.90297 -0.12197 -1.18013 3.62530 -0.12148 -1.33632 10.86505 0.00966 -2.06584 10.97134 0.00965 -3.22764 10.64294 -0.01769 -3.35058 10.18579 -0.35280 -3.46888 10.68285 -0.10682 -5.34784 10.17169 -0.22072 -5.38174 10.41612 -0.06633 -0.63331 1.32105 -0.18247 -0.86119 0.39331 -0.65414 -0.53521 0.72727 -0.16511 -0.82736 1.32114 -0.47078 -0.82500 2.47022 -0.98363 -1.05884 1.32123 -0.22891 -1.38251 2.74218 -0.19025 -0.65061 -0.00096 -0.62882 -0.55464 -0.00048 -0.04501 -0.51899 0.00000 0.89204 -0.15724 -0.00000 0.79361 -1.32828 0.04201 0.13666 -1.09225 -0.00095 -0.63126 -0.40479 7.26463 -2.70188 -0.36841 7.16716 -2.70188 -0.06812 6.75351 -2.70200 0.00000 6.73943 -3.17799 0.00000 6.72022 -2.70186 0.06812 6.75351 -2.70200 0.33008 6.80835 -0.86914 0.36841 7.16716 -2.70188 0.52319 7.28369 -0.58398 0.40479 7.26463 -2.70188 0.00000 7.86856 -2.70188 0.00000 7.78150 -3.17808 -0.37817 7.26046 -3.17804 0.00000 7.68294 -5.14103 -0.30396 7.26055 -5.14109 -0.17725 7.25807 -7.96134 0.00000 7.01147 -7.96145 0.00000 7.02715 -8.21689 0.17725 7.25807 -7.96134 0.16577 7.25787 -8.21619 0.00000 7.48835 -8.21695 0.00000 7.25471 -11.91143 -0.16577 7.25788 -8.21789 0.00000 6.83790 -5.14114 -1.22656 8.79215 0.17765 -1.17798 9.38782 -0.44252 -5.35679 10.30924 0.21317 -5.72416 10.47574 0.28005 -5.70684 10.15159 0.52623 -5.34787 10.08647 0.05176 -5.65910 9.95519 0.50512 -6.51113 10.13939 -0.03941 -6.19611 10.38710 0.09762 -6.52951 10.12293 0.21605 -6.18691 10.34517 -0.25343 -6.45552 10.09486 -0.30881 -6.34079 9.92130 -0.44843 -6.45808 9.57230 -0.37809 -6.01363 10.09929 -0.42006 -5.71837 10.16374 -0.34414 -5.96183 10.34739 0.42840 -6.16054 9.86647 0.65837 -6.08922 9.75670 0.57235 -5.75959 10.48686 -0.04689 -6.02033 10.09461 0.34251 -6.10907 9.84916 0.49148 -6.16933 9.93128 0.56045 -6.60197 9.56650 0.74608 -6.42723 9.93263 -0.25630 -6.53003 9.44801 -0.15776 -6.50793 9.94386 -0.04080 -6.53023 9.37492 0.05700 -0.33526 0.33202 0.86133 -0.55446 0.22778 0.80683 -0.48443 0.59788 0.27996 -6.40400 9.94165 0.42238 -6.52529 9.52298 0.33520 -3.54178 10.28702 0.45916 -3.15423 10.27986 0.26217 -3.33101 9.94979 -0.09516 -3.22305 10.02809 -0.06128 -6.47811 9.92966 0.19164 -5.67886 10.02881 0.10291 -2.36658 9.86564 0.20695 -1.23089 0.70604 -0.22460 -1.32310 0.46679 0.33978 -1.71404 0.40332 1.02698 -0.78845 6.33717 0.81796 -1.51508 6.41512 -0.20447 -1.53958 10.38236 -0.54622 -1.11644 10.47234 -0.38754 -1.12665 9.97059 -0.59919 -0.23982 2.69163 -0.21280 -0.75681 3.68554 -0.43749 0.00000 10.29623 0.61234 -0.73575 0.40330 1.26514 -0.56606 -0.00098 1.29006 -1.86029 -0.00095 0.92080 -0.76491 3.82799 -0.45222 -0.65253 0.57542 0.48162 -0.77624 6.31547 -0.84944 1.07393 10.48402 0.54313 -1.45302 10.01634 0.23268 0.88721 7.64819 0.03296 0.00000 11.16455 -0.45009 0.00000 10.55579 0.94262 0.00000 10.64778 0.76174 -0.18042 10.63317 0.85237 0.18042 10.63317 0.85237 -0.49976 11.13477 0.44286 0.49976 11.13477 0.44286 0.49414 10.99166 0.34582 -0.90698 11.06782 -0.18597 -1.06470 11.01420 0.43608 -0.76489 10.89469 -0.71556 0.00000 10.88822 -0.73907 0.36279 11.09059 -0.38349 0.30835 10.72786 -0.37294 0.50732 10.73656 0.07629 0.91831 10.65305 -0.26327 1.11644 10.47234 -0.38754 1.12665 9.97059 -0.59919 0.61401 6.85767 -0.83813 0.77624 6.31547 -0.84944 1.51508 6.41512 -0.20447 3.22764 10.64294 -0.01769 1.42647 10.42181 0.49421 2.06584 10.97134 0.00965 3.15423 10.27986 0.26217 1.26363 7.23140 -0.25998 0.78845 6.33717 0.81796 0.76639 4.14438 0.46547 0.36754 3.68774 -0.16648 0.38027 3.90294 -0.17168 0.57059 3.76357 0.55315 1.19413 3.90297 -0.12197 0.97834 3.76375 0.55327 1.18013 3.62530 -0.12148 0.76491 3.82799 -0.45222 0.75681 3.68554 -0.43749 1.33632 10.86505 0.00966 1.53958 10.38236 -0.54622 3.35058 10.18579 -0.35280 2.36658 9.86564 0.20695 1.45302 10.01634 0.23268 0.86119 0.39331 -0.65414 0.63331 1.32105 -0.18247 0.53521 0.72727 -0.16511 0.82736 1.32114 -0.47078 1.05884 1.32123 -0.22891 0.82500 2.47022 -0.98363 1.38251 2.74218 -0.19025 0.65061 -0.00096 -0.62882 0.55464 -0.00048 -0.04501 0.51899 0.00000 0.89204 0.15724 -0.00000 0.79361 1.32828 0.04201 0.13666 1.86029 -0.00095 0.92080 0.48443 0.59788 0.27996 0.33526 0.33202 0.86133 0.37817 7.26046 -3.17804 0.30396 7.26055 -5.14109 0.00000 7.50443 -7.96122 1.09225 -0.00095 -0.63126 0.76489 10.89469 -0.71556 5.72416 10.47574 0.28005 5.38174 10.41612 -0.06633 5.75959 10.48686 -0.04689 5.35679 10.30924 0.21317 5.70684 10.15159 0.52623 5.34787 10.08647 0.05176 5.65910 9.95519 0.50512 6.01365 10.09953 -0.42004 6.02033 10.09461 0.34251 6.42723 9.93263 -0.25630 5.67886 10.02881 0.10291 5.71837 10.16374 -0.34414 5.34784 10.17169 -0.22072 6.18691 10.34517 -0.25343 6.45552 10.09486 -0.30881 6.51113 10.13939 -0.03941 6.34079 9.92130 -0.44843 5.96183 10.34739 0.42840 6.16054 9.86647 0.65837 6.16933 9.93128 0.56045 6.60197 9.56650 0.74608 6.10907 9.84916 0.49148 6.19611 10.38710 0.09762 6.52951 10.12293 0.21605 6.40399 9.94163 0.42263 6.08922 9.75670 0.57235 1.32310 0.46679 0.33978 1.23089 0.70604 -0.22460 1.71404 0.40332 1.02698 0.73575 0.40330 1.26514 0.56606 -0.00098 1.29006 0.55446 0.22778 0.80683 6.53023 9.37492 0.05700 6.47811 9.92966 0.19164 3.46888 10.68285 -0.10682 3.33100 9.94977 -0.09492 3.54178 10.28702 0.45916 6.52529 9.52298 0.33520 6.50792 9.94385 -0.04056 6.53003 9.44801 -0.15776 6.45808 9.57230 -0.37809 3.22305 10.02809 -0.06128 0.23982 2.69163 -0.21280 0.87425 10.67720 0.00968 0.65253 0.57542 0.48162 0.90698 11.06782 -0.18597 1.06470 11.01420 0.43608 0.77266 3.43678 0.44873</float_array>
     <technique_common>
      <accessor count="259" source="#realb08_5-lib-positions-array" stride="3">
       <param name="X" type="float"/>
       <param name="Y" type="float"/>
       <param name="Z" type="float"/>
      </accessor>
     </technique_common>
    </source>
    <source id="realb08_5-lib-normals" name="normal">
     <float_array id="realb08_5-lib-normals-array" count="4068">-0.08493 0.87076 -0.48432 -0.06877 0.96902 0.23722 0.06028 0.99078 0.12134 -0.08493 0.87076 -0.48432 -0.32988 0.71375 -0.61785 -0.06877 0.96902 0.23722 0.00000 0.34614 -0.93818 -0.32988 0.71375 -0.61785 -0.08493 0.87076 -0.48432 -0.59221 0.13057 0.79514 0.00000 -0.15719 0.98757 0.02128 -0.12969 0.99133 -0.59221 0.13057 0.79514 -0.66573 -0.22050 0.71287 0.00000 -0.15719 0.98757 -0.97116 0.21915 0.09387 -0.66573 -0.22050 0.71287 -0.59221 0.13057 0.79514 -0.97116 0.21915 0.09387 -0.89010 -0.08175 -0.44838 -0.66573 -0.22050 0.71287 -0.72710 0.38163 -0.57068 -0.89010 -0.08175 -0.44838 -0.97116 0.21915 0.09387 -0.72710 0.38163 -0.57068 -0.63425 -0.05692 -0.77103 -0.89010 -0.08175 -0.44838 -0.82027 0.31168 -0.47959 -0.63425 -0.05692 -0.77103 -0.72710 0.38163 -0.57068 -0.82027 0.31168 -0.47959 -0.25672 -0.07774 -0.96336 -0.63425 -0.05692 -0.77103 0.63425 -0.05692 -0.77103 0.51502 -0.11915 -0.84886 0.82027 0.31168 -0.47959 0.63425 -0.05692 -0.77103 0.73265 -0.24224 -0.63603 0.51502 -0.11915 -0.84886 0.79543 -0.36986 -0.48010 0.73265 -0.24224 -0.63603 0.63425 -0.05692 -0.77103 0.79543 -0.36986 -0.48010 0.87630 -0.47871 0.05427 0.73265 -0.24224 -0.63603 0.66573 -0.22050 0.71287 0.87630 -0.47871 0.05427 0.79543 -0.36986 -0.48010 0.66573 -0.22050 0.71287 0.62487 -0.06085 0.77836 0.87630 -0.47871 0.05427 0.00000 -0.14971 0.98873 0.62487 -0.06085 0.77836 0.66573 -0.22050 0.71287 0.00000 -0.14971 0.98873 0.00000 0.18339 0.98304 0.62487 -0.06085 0.77836 -0.43880 -0.00368 0.89858 0.00000 0.18339 0.98304 0.00000 -0.14971 0.98873 -0.43880 -0.00368 0.89858 -0.07340 0.63636 0.76789 0.00000 0.18339 0.98304 -0.14172 0.50759 0.84986 -0.07340 0.63636 0.76789 -0.43880 -0.00368 0.89858 -0.99467 -0.09856 0.03042 -0.94791 -0.02540 -0.31753 -0.86660 -0.35046 0.35522 -0.99467 -0.09856 0.03042 -0.73551 -0.12974 -0.66497 -0.94791 -0.02540 -0.31753 0.15183 -0.96556 0.21128 0.60377 -0.79329 -0.07841 0.63133 -0.77189 -0.07480 0.15183 -0.96556 0.21128 0.00000 -0.98676 0.16220 0.60377 -0.79329 -0.07841 0.00000 -0.15719 0.98757 0.00000 -0.32705 0.94501 0.02128 -0.12969 0.99133 0.00000 -0.15719 0.98757 -0.02128 -0.12969 0.99133 0.00000 -0.32705 0.94501 0.67120 0.11401 0.73245 -0.02128 -0.12969 0.99133 0.00000 -0.15719 0.98757 -0.31990 0.72097 -0.61471 -0.48689 0.44366 -0.75240 -0.72710 0.38163 -0.57068 -0.97116 0.21915 0.09387 -0.59221 0.13057 0.79514 -0.80742 0.31171 0.50091 -0.17050 -0.81982 -0.54664 -0.33858 -0.88011 -0.33281 -0.20094 -0.81909 -0.53733 -0.17050 -0.81982 -0.54664 -0.00000 -0.91595 -0.40128 -0.33858 -0.88011 -0.33281 0.60377 -0.79329 -0.07841 -0.00000 -0.91595 -0.40128 0.63133 -0.77189 -0.07480 -0.66675 -0.73721 -0.10940 -0.54306 -0.82556 -0.15343 -0.00000 -0.91595 -0.40128 0.91701 0.00955 0.39875 0.87454 0.41370 0.25304 0.86394 0.06319 0.49961 0.91701 0.00955 0.39875 0.85459 0.48320 0.19022 0.87454 0.41370 0.25304 0.77457 -0.56793 0.27839 0.77457 -0.56793 0.27839 0.91701 0.00955 0.39875 -0.91690 -0.02671 0.39821 -0.93624 0.13069 0.32614 -0.77937 0.51599 0.35544 -0.91690 -0.02671 0.39821 -0.92498 -0.20651 0.31900 -0.93624 0.13069 0.32614 -0.74299 -0.57625 0.34044 -0.92498 -0.20651 0.31900 -0.91690 -0.02671 0.39821 -0.14172 0.50759 0.84986 0.17299 0.83909 0.51575 -0.07340 0.63636 0.76789 -0.14172 0.50759 0.84986 -0.09852 0.59122 0.80047 0.17299 0.83909 0.51575 -0.18169 0.57119 0.80046 -0.09852 0.59122 0.80047 -0.14172 0.50759 0.84986 0.05354 0.58097 -0.81217 -0.04275 0.49733 -0.86651 -0.06945 0.65227 -0.75480 0.13763 0.47040 -0.87166 -0.04275 0.49733 -0.86651 0.05354 0.58097 -0.81217 0.13763 0.47040 -0.87166 0.08211 0.53235 -0.84253 -0.04275 0.49733 -0.86651 0.08006 0.69799 -0.71162 0.08211 0.53235 -0.84253 0.13763 0.47040 -0.87166 0.82085 -0.07773 -0.56583 0.72352 0.24685 -0.64466 0.89915 0.07136 -0.43177 0.82085 -0.07773 -0.56583 0.82619 -0.09013 -0.55614 0.72352 0.24685 -0.64466 -0.79308 -0.00720 -0.60907 -0.74372 -0.03885 -0.66736 -0.72014 -0.08021 -0.68918 -0.79308 -0.00720 -0.60907 -0.80548 0.06665 -0.58887 -0.74372 -0.03885 -0.66736 -0.64955 0.14970 -0.74544 -0.80548 0.06665 -0.58887 -0.79308 -0.00720 -0.60907 0.89915 0.07136 -0.43177 0.89625 0.12833 -0.42457 0.96883 0.00925 -0.24756 0.89915 0.07136 -0.43177 0.72352 0.24685 -0.64466 0.89625 0.12833 -0.42457 -0.03577 -0.99926 0.01426 -0.00963 -0.99990 -0.00999 0.00013 -1.00000 0.00051 -0.03577 -0.99926 0.01426 -0.02932 -0.99953 -0.00921 -0.00963 -0.99990 -0.00999 -0.02512 -0.99940 0.02385 -0.02932 -0.99953 -0.00921 -0.03577 -0.99926 0.01426 -0.93529 -0.35046 -0.04913 -0.99095 0.11360 -0.07157 -0.72710 0.38163 -0.57068 -0.93529 -0.35046 -0.04913 -0.87882 -0.47136 -0.07411 -0.99095 0.11360 -0.07157 -0.64130 -0.76418 -0.06895 -0.87882 -0.47136 -0.07411 -0.33858 -0.88011 -0.33281 -0.64130 -0.76418 -0.06895 -0.79359 -0.60529 -0.06200 -0.87882 -0.47136 -0.07411 -0.00001 -0.99920 -0.04007 -0.79359 -0.60529 -0.06200 -0.64130 -0.76418 -0.06895 -0.00001 -0.99920 -0.04007 0.64132 -0.76417 -0.06898 0.79359 -0.60529 -0.06200 0.56078 -0.78304 -0.26903 0.64132 -0.76417 -0.06898 -0.00001 -0.99920 -0.04007 0.56078 -0.78304 -0.26903 0.87879 -0.47140 -0.07421 0.64132 -0.76417 -0.06898 0.77309 0.35665 -0.52453 0.87879 -0.47140 -0.07421 0.56078 -0.78304 -0.26903 0.77309 0.35665 -0.52453 0.99093 0.11366 -0.07166 0.87879 -0.47140 -0.07421 0.82027 0.31168 -0.47959 0.99093 0.11366 -0.07166 0.77309 0.35665 -0.52453 0.82027 0.31168 -0.47959 0.82640 0.55390 -0.10127 0.99093 0.11366 -0.07166 -0.99095 0.11360 -0.07157 -0.82640 0.55390 -0.10127 -0.82027 0.31168 -0.47959 -0.99095 0.11360 -0.07157 -0.81522 0.57628 -0.05762 -0.82640 0.55390 -0.10127 -0.83983 0.54123 -0.04187 -0.81522 0.57628 -0.05762 -0.99095 0.11360 -0.07157 -0.83983 0.54123 -0.04187 -0.81099 0.58410 -0.03359 -0.81522 0.57628 -0.05762 -0.81123 0.58376 -0.03375 -0.81099 0.58410 -0.03359 -0.83983 0.54123 -0.04187 -0.81123 0.58376 -0.03375 -0.81118 0.58363 -0.03683 -0.81099 0.58410 -0.03359 -0.81149 -0.58326 -0.03588 -0.81151 -0.58324 -0.03589 -0.81141 -0.58353 -0.03327 -0.81149 -0.58326 -0.03588 -0.81152 -0.58322 -0.03587 -0.81151 -0.58324 -0.03589 0.81153 -0.58321 -0.03592 0.81160 -0.58311 -0.03592 0.81150 -0.58325 -0.03585 0.81153 -0.58321 -0.03592 0.81163 -0.58306 -0.03600 0.81160 -0.58311 -0.03592 0.81129 0.58348 -0.03686 0.81133 0.58341 -0.03695 0.81122 0.58357 -0.03691 0.81129 0.58348 -0.03686 0.81134 0.58342 -0.03690 0.81133 0.58341 -0.03695 -0.81119 0.58362 -0.03681 -0.81119 0.58362 -0.03691 -0.81119 0.58362 -0.03681 -0.81153 -0.58321 -0.03589 -0.81152 -0.58322 -0.03587 -0.81153 -0.58321 -0.03592 -0.81151 -0.58324 -0.03589 -0.81152 -0.58322 -0.03587 -0.81153 -0.58321 -0.03589 -0.81115 -0.58390 -0.03310 -0.80795 -0.58596 -0.06219 -0.79359 -0.60529 -0.06200 -0.81115 -0.58390 -0.03310 -0.81141 -0.58353 -0.03327 -0.80795 -0.58596 -0.06219 -0.81149 -0.58326 -0.03588 -0.81141 -0.58353 -0.03327 -0.81115 -0.58390 -0.03310 -0.64941 -0.72776 0.22053 -0.87630 -0.47871 0.05427 -0.66573 -0.22050 0.71287 -0.89010 -0.08175 -0.44838 -0.73265 -0.24224 -0.63603 -0.87630 -0.47871 0.05427 0.20668 0.86387 0.45935 0.11941 0.89584 0.42803 0.09906 0.93237 0.34768 0.20668 0.86387 0.45935 0.36120 0.33639 0.86970 0.11941 0.89584 0.42803 0.36393 -0.49167 0.79109 0.70465 -0.39760 0.58769 0.39246 -0.56416 0.72643 0.36393 -0.49167 0.79109 0.56970 0.00995 0.82179 0.36120 0.33639 0.86970 -0.87732 0.46299 -0.12629 -0.43222 0.89401 0.11803 -0.81104 0.48160 0.33208 -0.87732 0.46299 -0.12629 -0.29017 0.79360 -0.53479 -0.43222 0.89401 0.11803 -0.70498 0.43878 -0.55720 -0.29017 0.79360 -0.53479 -0.87732 0.46299 -0.12629 -0.70498 0.43878 -0.55720 -0.51964 0.27929 -0.80745 -0.29017 0.79360 -0.53479 -0.70693 0.09637 -0.70069 -0.51964 0.27929 -0.80745 -0.70498 0.43878 -0.55720 -0.04044 0.54086 -0.84014 -0.29017 0.79360 -0.53479 -0.51964 0.27929 -0.80745 -0.04044 0.54086 -0.84014 0.12984 0.63809 -0.75893 -0.29017 0.79360 -0.53479 0.36120 0.33639 0.86970 -0.18506 0.72271 0.66592 0.11941 0.89584 0.42803 0.36120 0.33639 0.86970 0.33209 -0.24102 0.91193 -0.18506 0.72271 0.66592 0.56970 0.00995 0.82179 0.33209 -0.24102 0.91193 0.36120 0.33639 0.86970 0.56970 0.00995 0.82179 0.36864 -0.41307 0.83275 0.33209 -0.24102 0.91193 -0.29017 0.79360 -0.53479 0.01206 0.94622 -0.32328 -0.43222 0.89401 0.11803 -0.29017 0.79360 -0.53479 0.12984 0.63809 -0.75893 0.01206 0.94622 -0.32328 0.07456 -0.95613 -0.28331 0.07485 -0.63000 -0.77298 -0.03705 -0.89960 -0.43513 0.07456 -0.95613 -0.28331 0.24575 -0.60770 -0.75519 0.07485 -0.63000 -0.77298 -0.71908 0.15057 -0.67842 -0.70207 0.07921 -0.70769 -0.87674 0.25913 -0.40520 -0.71908 0.15057 -0.67842 -0.55562 0.25654 -0.79087 -0.70207 0.07921 -0.70769 -0.92980 -0.04390 0.36544 -0.92980 -0.04390 0.36544 0.28782 -0.24909 -0.92472 0.28782 -0.24909 -0.92472 -0.87732 0.46299 -0.12629 -0.98732 0.05264 -0.14977 -0.70498 0.43878 -0.55720 -0.87732 0.46299 -0.12629 -0.99961 -0.01620 -0.02262 -0.98732 0.05264 -0.14977 -0.99504 0.01242 -0.09867 -0.99961 -0.01620 -0.02262 -0.87732 0.46299 -0.12629 -0.17690 0.28657 0.94159 0.01895 0.08168 0.99648 -0.39932 0.41135 0.81935 -0.17690 0.28657 0.94159 0.26213 -0.05595 0.96341 0.01895 0.08168 0.99648 0.96493 0.10296 -0.24149 0.92290 0.31585 -0.22022 0.88049 0.47398 -0.00916 0.96493 0.10296 -0.24149 0.96883 0.00925 -0.24756 0.92290 0.31585 -0.22022 0.89915 0.07136 -0.43177 0.96883 0.00925 -0.24756 0.96493 0.10296 -0.24149 0.08006 0.69799 -0.71162 0.12984 0.63809 -0.75893 0.08211 0.53235 -0.84253 0.08006 0.69799 -0.71162 0.01206 0.94622 -0.32328 0.12984 0.63809 -0.75893 0.11941 0.89584 0.42803 0.01206 0.94622 -0.32328 0.08006 0.69799 -0.71162 0.11941 0.89584 0.42803 -0.43222 0.89401 0.11803 0.01206 0.94622 -0.32328 -0.18506 0.72271 0.66592 -0.43222 0.89401 0.11803 0.11941 0.89584 0.42803 -0.18506 0.72271 0.66592 -0.81104 0.48160 0.33208 -0.43222 0.89401 0.11803 -0.68122 0.29228 0.67120 -0.81104 0.48160 0.33208 -0.18506 0.72271 0.66592 -0.68122 0.29228 0.67120 -0.80295 0.11066 0.58568 -0.81104 0.48160 0.33208 -0.01459 0.77264 0.63468 0.20668 0.86387 0.45935 0.09906 0.93237 0.34768 -0.01459 0.77264 0.63468 0.08858 0.81086 0.57850 0.20668 0.86387 0.45935 0.02255 0.67744 0.73523 0.08858 0.81086 0.57850 -0.01459 0.77264 0.63468 0.00079 -0.72237 0.69150 0.15025 -0.81977 0.55263 0.03885 -0.84705 0.53009 0.14296 -0.79553 0.58881 0.15025 -0.81977 0.55263 0.00079 -0.72237 0.69150 -0.77560 -0.12820 -0.61807 -0.30157 -0.19803 0.93265 -0.30157 -0.19803 0.93265 -0.30157 -0.19803 0.93265 -0.01084 -0.98447 -0.17519 0.21518 -0.92950 -0.29954 0.25952 -0.96455 -0.04785 -0.01084 -0.98447 -0.17519 0.07085 -0.95340 -0.29327 0.21518 -0.92950 -0.29954 0.68265 -0.70759 -0.18250 0.75557 -0.63231 -0.17118 0.93392 -0.21038 -0.28903 0.68265 -0.70759 -0.18250 0.07456 -0.95613 -0.28331 0.75557 -0.63231 -0.17118 0.69351 -0.66831 0.26909 0.68465 -0.64159 0.34585 0.88586 -0.21485 0.41120 0.69351 -0.66831 0.26909 0.25952 -0.96455 -0.04785 0.68465 -0.64159 0.34585 0.07456 -0.95613 -0.28331 0.25952 -0.96455 -0.04785 0.69351 -0.66831 0.26909 0.07456 -0.95613 -0.28331 -0.01084 -0.98447 -0.17519 0.25952 -0.96455 -0.04785 -0.03705 -0.89960 -0.43513 -0.01084 -0.98447 -0.17519 0.07456 -0.95613 -0.28331 -0.03705 -0.89960 -0.43513 0.07085 -0.95340 -0.29327 -0.01084 -0.98447 -0.17519 0.98902 -0.09564 0.11267 0.69351 -0.66831 0.26909 0.92702 -0.12475 0.35364 0.25416 -0.96552 0.05641 0.07456 -0.95613 -0.28331 0.69351 -0.66831 0.26909 0.75557 -0.63231 -0.17118 0.07456 -0.95613 -0.28331 0.25416 -0.96552 0.05641 0.15025 -0.81977 0.55263 0.39246 -0.56416 0.72643 0.03885 -0.84705 0.53009 0.15025 -0.81977 0.55263 0.36393 -0.49167 0.79109 0.39246 -0.56416 0.72643 0.00079 -0.72237 0.69150 -0.11492 -0.42138 0.89957 0.14296 -0.79553 0.58881 0.00079 -0.72237 0.69150 -0.14172 0.50759 0.84986 -0.11492 -0.42138 0.89957 -0.18169 0.57119 0.80046 -0.14172 0.50759 0.84986 0.02255 0.67744 0.73523 -0.82622 0.13933 -0.54584 -0.83118 0.14565 -0.53659 -0.63314 0.26081 -0.72878 -0.82622 0.13933 -0.54584 -0.93726 0.12957 -0.32366 -0.83118 0.14565 -0.53659 -0.93286 0.16461 -0.32044 -0.93726 0.12957 -0.32366 -0.82622 0.13933 -0.54584 -0.93286 0.16461 -0.32044 -0.79380 0.36013 -0.49009 -0.93726 0.12957 -0.32366 0.07590 -0.96721 0.24237 0.15183 -0.96556 0.21128 0.63133 -0.77189 -0.07480 0.33227 0.20201 0.92130 -0.59221 0.13057 0.79514 0.02128 -0.12969 0.99133 -0.80478 0.24349 0.54134 -0.59221 0.13057 0.79514 -0.79194 0.19724 0.57786 -0.80478 0.24349 0.54134 -0.80742 0.31171 0.50091 -0.59221 0.13057 0.79514 -0.35820 0.40243 -0.84247 -0.48689 0.44366 -0.75240 -0.61920 0.15999 -0.76876 -0.35820 0.40243 -0.84247 -0.72710 0.38163 -0.57068 -0.48689 0.44366 -0.75240 -0.00462 0.51304 -0.85835 -0.72710 0.38163 -0.57068 -0.35820 0.40243 -0.84247 0.01009 0.41206 -0.91110 -0.04737 0.58511 -0.80957 0.05399 0.72218 -0.68959 0.01009 0.41206 -0.91110 -0.12560 0.13459 -0.98291 -0.04737 0.58511 -0.80957 0.61468 0.13523 -0.77710 0.78738 -0.07094 -0.61237 0.79949 -0.02337 -0.60022 0.61468 0.13523 -0.77710 0.57246 0.15504 -0.80514 0.78738 -0.07094 -0.61237 -0.74372 -0.03885 -0.66736 -0.63314 0.26081 -0.72878 -0.72014 -0.08021 -0.68918 -0.74372 -0.03885 -0.66736 -0.82622 0.13933 -0.54584 -0.63314 0.26081 -0.72878 0.82085 -0.07773 -0.56583 0.78738 -0.07094 -0.61237 0.82619 -0.09013 -0.55614 0.82085 -0.07773 -0.56583 0.79949 -0.02337 -0.60022 0.78738 -0.07094 -0.61237 0.07085 -0.95340 -0.29327 -0.00182 -0.83095 -0.55635 0.05757 -0.95283 -0.29800 0.07085 -0.95340 -0.29327 0.25047 -0.70433 -0.66421 -0.00182 -0.83095 -0.55635 -0.07340 0.63636 0.76789 -0.06877 0.96902 0.23722 0.00000 0.62893 0.77746 -0.07340 0.63636 0.76789 0.06028 0.99078 0.12134 -0.06877 0.96902 0.23722 0.17299 0.83909 0.51575 0.06028 0.99078 0.12134 -0.07340 0.63636 0.76789 0.17299 0.83909 0.51575 -0.08493 0.87076 -0.48432 0.06028 0.99078 0.12134 -0.04737 0.58511 -0.80957 -0.08493 0.87076 -0.48432 0.05399 0.72218 -0.68959 -0.04737 0.58511 -0.80957 0.00000 0.34614 -0.93818 -0.08493 0.87076 -0.48432 -0.12560 0.13459 -0.98291 0.00000 0.34614 -0.93818 -0.04737 0.58511 -0.80957 -0.12560 0.13459 -0.98291 -0.25672 -0.07774 -0.96336 0.00000 0.34614 -0.93818 -0.73265 -0.24224 -0.63603 -0.25672 -0.07774 -0.96336 -0.12560 0.13459 -0.98291 -0.73265 -0.24224 -0.63603 -0.63425 -0.05692 -0.77103 -0.25672 -0.07774 -0.96336 -0.89010 -0.08175 -0.44838 -0.63425 -0.05692 -0.77103 -0.73265 -0.24224 -0.63603 0.21811 -0.81526 -0.53644 -0.00182 -0.83095 -0.55635 0.25047 -0.70433 -0.66421 0.21811 -0.81526 -0.53644 -0.05820 -0.96847 -0.24224 -0.00182 -0.83095 -0.55635 -0.26727 -0.07486 0.96071 -0.27394 -0.05580 0.96013 -0.24501 -0.13609 0.95992 0.91225 0.36982 0.17614 0.92840 0.31133 0.20284 0.91415 0.39042 0.10907 0.91086 0.34353 0.22873 0.92840 0.31133 0.20284 0.91225 0.36982 0.17614 0.57602 0.00180 -0.81743 0.57246 0.15504 -0.80514 0.61468 0.13523 -0.77710 0.57602 0.00180 -0.81743 0.59480 -0.04914 -0.80237 0.57246 0.15504 -0.80514 -0.59275 -0.09142 -0.80018 -0.64955 0.14970 -0.74544 -0.60483 0.12241 -0.78689 -0.59275 -0.09142 -0.80018 -0.61302 -0.03230 -0.78940 -0.64955 0.14970 -0.74544 0.32877 -0.37116 0.86842 -0.87639 0.32391 -0.35642 -0.71908 0.15057 -0.67842 -0.87674 0.25913 -0.40520 -0.50461 0.69840 0.50755 -0.66666 0.59261 0.45207 -0.18506 0.72271 0.66592 -0.50461 0.69840 0.50755 -0.40197 0.74653 0.53019 -0.66666 0.59261 0.45207 0.36864 -0.41307 0.83275 0.41931 -0.37534 0.82662 0.33209 -0.24102 0.91193 -0.00963 -0.99990 -0.00999 -0.00020 -0.99910 -0.04246 0.00066 -1.00000 -0.00238 -0.00963 -0.99990 -0.00999 -0.02932 -0.99953 -0.00921 -0.00020 -0.99910 -0.04246 -0.79380 0.36013 -0.49009 -0.76586 0.40766 -0.49727 -0.93726 0.12957 -0.32366 -0.23321 -0.16724 0.95794 -0.26727 -0.07486 0.96071 -0.24501 -0.13609 0.95992 0.88551 0.42514 0.18744 0.91086 0.34353 0.22873 0.91225 0.36982 0.17614 -0.43720 0.54555 0.71501 -0.17690 0.28657 0.94159 -0.39932 0.41135 0.81935 -0.62812 0.20359 -0.75101 -0.35820 0.40243 -0.84247 -0.61920 0.15999 -0.76876 0.73758 -0.20729 -0.64266 0.63133 -0.77189 -0.07480 0.73758 -0.20729 -0.64266 0.00000 0.62893 0.77746 0.00000 0.18339 0.98304 -0.07340 0.63636 0.76789 0.00000 0.62893 0.77746 0.07340 0.63636 0.76789 0.00000 0.18339 0.98304 -0.98359 -0.14695 0.10466 -0.73265 -0.24224 -0.63603 -0.93110 -0.01596 -0.36441 -0.98359 -0.14695 0.10466 -0.87630 -0.47871 0.05427 -0.73265 -0.24224 -0.63603 -0.93445 -0.18650 0.30335 -0.87630 -0.47871 0.05427 -0.98359 -0.14695 0.10466 -0.43880 -0.00368 0.89858 -0.66573 -0.22050 0.71287 -0.87630 -0.47871 0.05427 0.00000 -0.14971 0.98873 -0.66573 -0.22050 0.71287 -0.43880 -0.00368 0.89858 0.00000 -0.14971 0.98873 0.00000 -0.15719 0.98757 -0.66573 -0.22050 0.71287 0.66573 -0.22050 0.71287 0.00000 -0.15719 0.98757 0.00000 -0.14971 0.98873 0.66573 -0.22050 0.71287 0.67120 0.11401 0.73245 0.00000 -0.15719 0.98757 0.97116 0.21915 0.09387 0.67120 0.11401 0.73245 0.66573 -0.22050 0.71287 -0.00000 -0.91595 -0.40128 -0.64130 -0.76418 -0.06895 -0.33858 -0.88011 -0.33281 -0.00000 -0.91595 -0.40128 -0.00001 -0.99920 -0.04007 -0.64130 -0.76418 -0.06895 0.56078 -0.78304 -0.26903 -0.00001 -0.99920 -0.04007 -0.00000 -0.91595 -0.40128 0.03475 -0.99648 -0.07628 -0.05820 -0.96847 -0.24224 0.12571 -0.84953 0.51234 0.03475 -0.99648 -0.07628 -0.00182 -0.83095 -0.55635 -0.05820 -0.96847 -0.24224 0.01009 0.41206 -0.91110 -0.04275 0.49733 -0.86651 -0.12560 0.13459 -0.98291 0.01009 0.41206 -0.91110 -0.06945 0.65227 -0.75480 -0.04275 0.49733 -0.86651 0.05399 0.72218 -0.68959 -0.06945 0.65227 -0.75480 0.01009 0.41206 -0.91110 -0.73551 -0.12974 -0.66497 0.00000 0.12852 -0.99171 -0.16962 -0.05408 -0.98402 -0.32988 0.71375 -0.61785 0.00000 0.34614 -0.93818 0.00000 0.12852 -0.99171 -0.00000 -0.89135 -0.45331 -0.00000 -0.81842 -0.57463 -0.22910 -0.78035 -0.58187 -0.00000 -0.89135 -0.45331 0.22910 -0.78035 -0.58187 -0.00000 -0.81842 -0.57463 -0.00000 -0.81842 -0.57463 -0.27121 -0.70641 -0.65378 -0.22910 -0.78035 -0.58187 -0.69565 -0.28097 0.66116 -0.74727 -0.33402 0.57448 -0.76358 -0.34473 0.54599 0.76358 -0.34473 0.54599 0.74727 -0.33402 0.57448 0.69565 -0.28097 0.66116 0.76358 -0.34473 0.54599 0.86660 -0.35046 0.35522 0.74727 -0.33402 0.57448 -0.74727 -0.33402 0.57448 -0.86660 -0.35046 0.35522 -0.76358 -0.34473 0.54599 -0.74727 -0.33402 0.57448 -0.99467 -0.09856 0.03042 -0.86660 -0.35046 0.35522 0.10907 -0.99059 -0.08266 -0.30671 -0.94626 0.10259 -0.05500 -0.99351 -0.09958 -0.86660 -0.35046 0.35522 0.05214 -0.96463 0.25841 -0.30671 -0.94626 0.10259 0.28501 -0.90787 0.30748 0.05214 -0.96463 0.25841 0.10907 -0.99059 -0.08266 0.28501 -0.90787 0.30748 0.00000 -0.80366 0.59509 0.05214 -0.96463 0.25841 0.00000 -0.72275 0.69111 0.00000 -0.80366 0.59509 0.28501 -0.90787 0.30748 0.00000 -0.72275 0.69111 -0.28501 -0.90787 0.30748 0.00000 -0.80366 0.59509 0.68895 0.03483 -0.72397 0.62332 -0.04724 -0.78054 0.00000 0.12852 -0.99171 0.68895 0.03483 -0.72397 0.99467 -0.09856 0.03042 0.62332 -0.04724 -0.78054 0.19348 0.84383 -0.50051 0.08493 0.87076 -0.48432 0.06877 0.96902 0.23722 0.19348 0.84383 -0.50051 0.00000 0.34614 -0.93818 0.08493 0.87076 -0.48432 0.95203 0.19416 0.23654 0.97116 0.21915 0.09387 0.66573 -0.22050 0.71287 0.79543 -0.36986 -0.48010 0.77309 0.35665 -0.52453 0.97116 0.21915 0.09387 0.63425 -0.05692 -0.77103 0.77309 0.35665 -0.52453 0.79543 -0.36986 -0.48010 0.63425 -0.05692 -0.77103 0.82027 0.31168 -0.47959 0.77309 0.35665 -0.52453 0.00000 0.34614 -0.93818 0.04737 0.58511 -0.80957 0.08493 0.87076 -0.48432 0.00000 0.34614 -0.93818 0.12560 0.13459 -0.98291 0.04737 0.58511 -0.80957 -0.25672 -0.07774 -0.96336 0.12560 0.13459 -0.98291 0.00000 0.34614 -0.93818 -0.25672 -0.07774 -0.96336 0.73265 -0.24224 -0.63603 0.12560 0.13459 -0.98291 -0.54306 -0.82556 -0.15343 0.56078 -0.78304 -0.26903 -0.00000 -0.91595 -0.40128 -0.54306 -0.82556 -0.15343 0.20094 -0.81909 -0.53733 0.56078 -0.78304 -0.26903 -0.73758 -0.20729 -0.64266 -0.73758 -0.20729 -0.64266 -0.54306 -0.82556 -0.15343 0.62812 0.20359 -0.75101 0.61920 0.15999 -0.76876 0.35820 0.40243 -0.84247 0.18169 0.57119 0.80046 0.14172 0.50759 0.84986 0.09852 0.59122 0.80047 0.18169 0.57119 0.80046 -0.02255 0.67744 0.73523 0.14172 0.50759 0.84986 -0.15183 -0.96556 0.21128 0.60377 -0.79329 -0.07841 0.00000 -0.98676 0.16220 -0.15183 -0.96556 0.21128 -0.54306 -0.82556 -0.15343 -0.66675 -0.73721 -0.10940 0.35820 0.40243 -0.84247 0.00462 0.51304 -0.85835 0.00462 0.51304 -0.85835 0.35820 0.40243 -0.84247 0.48689 0.44366 -0.75240 0.77309 0.35665 -0.52453 0.61920 0.15999 -0.76876 0.48689 0.44366 -0.75240 0.35820 0.40243 -0.84247 0.80478 0.24349 0.54134 0.67120 0.11401 0.73245 0.80742 0.31171 0.50091 0.79194 0.19724 0.57786 0.67120 0.11401 0.73245 0.80478 0.24349 0.54134 -0.33227 0.20201 0.92130 -0.02128 -0.12969 0.99133 -0.33227 0.20201 0.92130 -0.54306 -0.82556 -0.15343 -0.15183 -0.96556 0.21128 -0.07590 -0.96721 0.24237 0.48689 0.44366 -0.75240 0.31990 0.72097 -0.61471 0.77309 0.35665 -0.52453 0.80742 0.31171 0.50091 0.67120 0.11401 0.73245 0.97116 0.21915 0.09387 -0.87454 0.41370 0.25304 -0.91701 0.00955 0.39875 -0.86394 0.06319 0.49961 -0.87454 0.41370 0.25304 -0.85459 0.48320 0.19022 -0.91701 0.00955 0.39875 0.93624 0.13069 0.32614 0.91690 -0.02671 0.39821 0.77937 0.51599 0.35544 0.93624 0.13069 0.32614 0.93437 0.18102 -0.30691 0.91690 -0.02671 0.39821 0.59275 -0.09142 -0.80018 0.60838 -0.04652 -0.79228 0.61302 -0.03230 -0.78940 0.59275 -0.09142 -0.80018 0.60483 0.12241 -0.78689 0.60838 -0.04652 -0.79228 -0.57602 0.00180 -0.81743 -0.57246 0.15504 -0.80514 -0.59480 -0.04914 -0.80237 -0.57602 0.00180 -0.81743 -0.61468 0.13523 -0.77710 -0.57246 0.15504 -0.80514 -0.17299 0.83909 0.51575 0.14172 0.50759 0.84986 0.07340 0.63636 0.76789 -0.17299 0.83909 0.51575 0.09852 0.59122 0.80047 0.14172 0.50759 0.84986 -0.01009 0.41206 -0.91110 0.06945 0.65227 -0.75480 -0.05399 0.72218 -0.68959 -0.01009 0.41206 -0.91110 0.04275 0.49733 -0.86651 0.06945 0.65227 -0.75480 0.12560 0.13459 -0.98291 0.04275 0.49733 -0.86651 -0.01009 0.41206 -0.91110 -0.03475 -0.99648 -0.07628 0.10295 -0.98678 -0.12513 0.00191 -0.83109 -0.55614 -0.12571 -0.84953 0.51234 0.10295 -0.98678 -0.12513 -0.03475 -0.99648 -0.07628 -0.72352 0.24685 -0.64466 -0.82085 -0.07773 -0.56583 -0.89915 0.07136 -0.43177 -0.72352 0.24685 -0.64466 -0.82619 -0.09013 -0.55614 -0.82085 -0.07773 -0.56583 0.74372 -0.03885 -0.66736 0.72014 -0.08021 -0.68918 0.63314 0.26081 -0.72878 0.79308 -0.00720 -0.60907 0.74372 -0.03885 -0.66736 0.80548 0.06665 -0.58887 0.79308 -0.00720 -0.60907 0.72014 -0.08021 -0.68918 0.74372 -0.03885 -0.66736 -0.82085 -0.07773 -0.56583 -0.82619 -0.09013 -0.55614 -0.78738 -0.07094 -0.61237 -0.89915 0.07136 -0.43177 -0.89625 0.12833 -0.42457 -0.72352 0.24685 -0.64466 -0.89915 0.07136 -0.43177 -0.96883 0.00925 -0.24756 -0.89625 0.12833 -0.42457 0.00963 -0.99990 -0.00999 0.03577 -0.99926 0.01426 -0.00013 -1.00000 0.00051 0.00963 -0.99990 -0.00999 0.02932 -0.99953 -0.00921 0.03577 -0.99926 0.01426 0.00020 -0.99910 -0.04246 0.02932 -0.99953 -0.00921 0.00963 -0.99990 -0.00999 -0.92290 0.31585 -0.22022 -0.96493 0.10296 -0.24149 -0.88049 0.47398 -0.00916 -0.92290 0.31585 -0.22022 -0.96883 0.00925 -0.24756 -0.96493 0.10296 -0.24149 0.81856 -0.57112 -0.06145 0.81115 -0.58390 -0.03312 0.79359 -0.60529 -0.06200 0.81856 -0.57112 -0.06145 0.81140 -0.58354 -0.03328 0.81115 -0.58390 -0.03312 0.81522 0.57628 -0.05762 0.99093 0.11366 -0.07166 0.82640 0.55390 -0.10127 0.81522 0.57628 -0.05762 0.80884 0.58665 -0.04015 0.99093 0.11366 -0.07166 0.81099 0.58410 -0.03359 0.80884 0.58665 -0.04015 0.81522 0.57628 -0.05762 0.81099 0.58410 -0.03359 0.81123 0.58376 -0.03375 0.80884 0.58665 -0.04015 0.81118 0.58363 -0.03683 0.81123 0.58376 -0.03375 0.81099 0.58410 -0.03359 0.81118 0.58363 -0.03683 0.81122 0.58357 -0.03691 0.81123 0.58376 -0.03375 0.81129 0.58348 -0.03686 0.81122 0.58357 -0.03691 0.81118 0.58363 -0.03683 0.03577 -0.99926 0.01426 0.02512 -0.99940 0.02385 0.00002 -1.00000 0.00083 0.03577 -0.99926 0.01426 0.02932 -0.99953 -0.00921 0.02512 -0.99940 0.02385 0.07340 0.63636 0.76789 0.62487 -0.06085 0.77836 0.00000 0.18339 0.98304 0.07340 0.63636 0.76789 0.14172 0.50759 0.84986 0.62487 -0.06085 0.77836 0.86660 -0.35046 0.35522 0.99467 -0.09856 0.03042 0.74727 -0.33402 0.57448 0.86660 -0.35046 0.35522 0.62332 -0.04724 -0.78054 0.99467 -0.09856 0.03042 -0.05214 -0.96463 0.25841 -0.28501 -0.90787 0.30748 -0.10907 -0.99059 -0.08266 -0.05214 -0.96463 0.25841 0.00000 -0.80366 0.59509 -0.28501 -0.90787 0.30748 -0.11941 0.89584 0.42803 -0.12599 0.99145 0.03412 -0.01206 0.94623 -0.32328 -0.11941 0.89584 0.42803 -0.20668 0.86387 0.45935 -0.12599 0.99145 0.03412 -0.36120 0.33639 0.86970 -0.20668 0.86387 0.45935 -0.11941 0.89584 0.42803 -0.70465 -0.39760 0.58769 -0.36388 -0.49168 0.79110 -0.39242 -0.56414 0.72646 -0.56970 0.00995 0.82179 -0.36388 -0.49168 0.79110 -0.36120 0.33639 0.86970 -0.25950 -0.96455 -0.04800 -0.07461 -0.95610 -0.28338 -0.34432 -0.93257 0.10845 -0.25950 -0.96455 -0.04800 0.01096 -0.98446 -0.17527 -0.07461 -0.95610 -0.28338 -0.21474 -0.92961 -0.29953 0.01096 -0.98446 -0.17527 -0.25950 -0.96455 -0.04800 -0.21474 -0.92961 -0.29953 -0.07085 -0.95340 -0.29327 0.01096 -0.98446 -0.17527 -0.05757 -0.95283 -0.29800 -0.07085 -0.95340 -0.29327 -0.21474 -0.92961 -0.29953 0.29020 0.79364 -0.53472 0.70498 0.43878 -0.55720 0.87732 0.46299 -0.12629 0.29020 0.79364 -0.53472 0.51975 0.27927 -0.80738 0.70498 0.43878 -0.55720 0.04045 0.54119 -0.83993 0.51975 0.27927 -0.80738 0.29020 0.79364 -0.53472 0.18508 0.72273 0.66588 -0.36120 0.33639 0.86970 -0.11941 0.89584 0.42803 0.18508 0.72273 0.66588 0.42644 0.67300 0.60433 -0.36120 0.33639 0.86970 0.73348 0.58199 0.35113 0.42644 0.67300 0.60433 0.18508 0.72273 0.66588 0.73348 0.58199 0.35113 0.40197 0.74653 0.53019 0.42644 0.67300 0.60433 0.70207 0.07921 -0.70769 0.55562 0.25654 -0.79087 0.67629 0.11487 -0.72763 0.43222 0.89401 0.11803 -0.11941 0.89584 0.42803 -0.01206 0.94623 -0.32328 0.43222 0.89401 0.11803 0.18508 0.72273 0.66588 -0.11941 0.89584 0.42803 0.81108 0.48166 0.33190 0.18508 0.72273 0.66588 0.43222 0.89401 0.11803 0.81108 0.48166 0.33190 0.68152 0.29249 0.67081 0.18508 0.72273 0.66588 -0.37800 -0.35897 0.85338 -0.56970 0.00995 0.82179 -0.36120 0.33639 0.86970 -0.37800 -0.35897 0.85338 -0.36864 -0.41307 0.83275 -0.56970 0.00995 0.82179 -0.41931 -0.37534 0.82662 -0.36864 -0.41307 0.83275 -0.37800 -0.35897 0.85338 0.67629 0.11487 -0.72763 0.87674 0.25913 -0.40520 0.70207 0.07921 -0.70769 0.73348 0.58199 0.35113 0.87639 0.32391 -0.35642 0.87674 0.25913 -0.40520 0.93726 0.12957 -0.32366 0.93286 0.16461 -0.32044 0.82622 0.13933 -0.54584 0.93726 0.12957 -0.32366 0.79380 0.36013 -0.49009 0.93286 0.16461 -0.32044 0.76586 0.40766 -0.49727 0.79380 0.36013 -0.49009 0.93726 0.12957 -0.32366 0.24501 -0.13609 0.95992 0.26727 -0.07486 0.96071 0.23321 -0.16724 0.95794 0.27394 -0.05580 0.96013 0.26727 -0.07486 0.96071 0.24501 -0.13609 0.95992 -0.91415 0.39042 0.10907 -0.92840 0.31133 0.20284 -0.91225 0.36982 0.17614 -0.01895 0.08168 0.99648 0.17690 0.28657 0.94159 0.39932 0.41135 0.81935 -0.01895 0.08168 0.99648 -0.26213 -0.05595 0.96341 0.17690 0.28657 0.94159 -0.12991 0.63819 -0.75884 -0.03473 0.53714 -0.84278 -0.08211 0.53235 -0.84253 -0.12991 0.63819 -0.75884 -0.01206 0.94623 -0.32328 -0.12599 0.99145 0.03412 0.29020 0.79364 -0.53472 -0.01206 0.94623 -0.32328 -0.12991 0.63819 -0.75884 0.29020 0.79364 -0.53472 0.43222 0.89401 0.11803 -0.01206 0.94623 -0.32328 0.87732 0.46299 -0.12629 0.43222 0.89401 0.11803 0.29020 0.79364 -0.53472 0.87732 0.46299 -0.12629 0.81108 0.48166 0.33190 0.43222 0.89401 0.11803 0.99503 0.01240 -0.09880 0.81108 0.48166 0.33190 0.87732 0.46299 -0.12629 0.30157 -0.19803 0.93265 0.30157 -0.19803 0.93265 0.30157 -0.19803 0.93265 0.04275 0.49733 -0.86651 -0.08211 0.53235 -0.84253 -0.13763 0.47040 -0.87166 0.00191 -0.83109 -0.55614 -0.07085 -0.95340 -0.29327 -0.05757 -0.95283 -0.29800 -0.24996 -0.70474 -0.66398 -0.07085 -0.95340 -0.29327 0.00191 -0.83109 -0.55614 0.01459 0.77264 0.63468 -0.20668 0.86387 0.45935 -0.08858 0.81086 0.57850 0.01459 0.77264 0.63468 -0.12599 0.99145 0.03412 -0.20668 0.86387 0.45935 -0.08211 0.53235 -0.84253 -0.03473 0.53714 -0.84278 -0.13763 0.47040 -0.87166 0.77560 -0.12820 -0.61807 0.80335 0.11056 0.58516 0.68152 0.29249 0.67081 0.81108 0.48166 0.33190 0.87732 0.46299 -0.12629 0.99955 -0.01624 -0.02507 0.99503 0.01240 -0.09880 0.87732 0.46299 -0.12629 0.98735 0.05261 -0.14960 0.99955 -0.01624 -0.02507 0.70498 0.43878 -0.55720 0.98735 0.05261 -0.14960 0.87732 0.46299 -0.12629 -0.28782 -0.24909 -0.92472 -0.28782 -0.24909 -0.92472 0.92980 -0.04390 0.36544 0.92980 -0.04390 0.36544 -0.75556 -0.63232 -0.17115 -0.68274 -0.70753 -0.18240 -0.93401 -0.21030 -0.28879 -0.75556 -0.63232 -0.17115 -0.07461 -0.95610 -0.28338 -0.68274 -0.70753 -0.18240 -0.25431 -0.96548 0.05628 -0.07461 -0.95610 -0.28338 -0.75556 -0.63232 -0.17115 -0.25431 -0.96548 0.05628 -0.34432 -0.93257 0.10845 -0.07461 -0.95610 -0.28338 -0.92715 -0.12485 0.35327 -0.90883 -0.16832 0.38170 -0.98905 -0.09567 0.11234 -0.68487 -0.64131 0.34593 -0.90883 -0.16832 0.38170 -0.88586 -0.21485 0.41120 -0.68487 -0.64131 0.34593 -0.25950 -0.96455 -0.04800 -0.34432 -0.93257 0.10845 -0.15074 -0.81965 0.55267 -0.39242 -0.56414 0.72646 -0.36388 -0.49168 0.79110 -0.15074 -0.81965 0.55267 -0.03886 -0.84693 0.53029 -0.39242 -0.56414 0.72646 -0.00092 -0.72229 0.69159 -0.03886 -0.84693 0.53029 -0.15074 -0.81965 0.55267 -0.02255 0.67744 0.73523 0.01459 0.77264 0.63468 -0.08858 0.81086 0.57850 0.18169 0.57119 0.80046 0.01459 0.77264 0.63468 -0.02255 0.67744 0.73523 -0.05354 0.58097 -0.81217 0.04275 0.49733 -0.86651 -0.13763 0.47040 -0.87166 0.06945 0.65227 -0.75480 0.04275 0.49733 -0.86651 -0.05354 0.58097 -0.81217 -0.14374 -0.79552 0.58863 -0.00092 -0.72229 0.69159 -0.15074 -0.81965 0.55267 -0.14374 -0.79552 0.58863 0.10295 -0.98678 -0.12513 -0.00092 -0.72229 0.69159 0.83118 0.14565 -0.53659 0.82622 0.13933 -0.54584 0.63314 0.26081 -0.72878 0.83118 0.14565 -0.53659 0.93726 0.12957 -0.32366 0.82622 0.13933 -0.54584 0.04737 0.58511 -0.80957 -0.01009 0.41206 -0.91110 -0.05399 0.72218 -0.68959 0.04737 0.58511 -0.80957 0.12560 0.13459 -0.98291 -0.01009 0.41206 -0.91110 -0.78738 -0.07094 -0.61237 -0.79949 -0.02337 -0.60022 -0.82085 -0.07773 -0.56583 -0.78738 -0.07094 -0.61237 -0.61468 0.13523 -0.77710 -0.79949 -0.02337 -0.60022 -0.57246 0.15504 -0.80514 -0.61468 0.13523 -0.77710 -0.78738 -0.07094 -0.61237 0.06877 0.96902 0.23722 0.07340 0.63636 0.76789 0.00000 0.62893 0.77746 0.06877 0.96902 0.23722 -0.06028 0.99078 0.12134 0.07340 0.63636 0.76789 0.08493 0.87076 -0.48432 -0.06028 0.99078 0.12134 0.06877 0.96902 0.23722 0.08493 0.87076 -0.48432 -0.17299 0.83909 0.51575 -0.06028 0.99078 0.12134 0.04737 0.58511 -0.80957 -0.05399 0.72218 -0.68959 0.08493 0.87076 -0.48432 0.03705 -0.89960 -0.43513 0.01096 -0.98446 -0.17527 -0.07085 -0.95340 -0.29327 0.03705 -0.89960 -0.43513 -0.07461 -0.95610 -0.28338 0.01096 -0.98446 -0.17527 -0.07485 -0.63000 -0.77298 -0.07461 -0.95610 -0.28338 0.03705 -0.89960 -0.43513 -0.07485 -0.63000 -0.77298 -0.24575 -0.60770 -0.75519 -0.07461 -0.95610 -0.28338 0.01003 -0.65950 -0.75164 -0.24575 -0.60770 -0.75519 -0.07485 -0.63000 -0.77298 0.00191 -0.83109 -0.55614 -0.21799 -0.81532 -0.53642 -0.24996 -0.70474 -0.66398 0.00191 -0.83109 -0.55614 0.10295 -0.98678 -0.12513 -0.21799 -0.81532 -0.53642 -0.91086 0.34353 0.22873 -0.88551 0.42514 0.18744 -0.91225 0.36982 0.17614 0.39932 0.41135 0.81935 0.17690 0.28657 0.94159 0.43720 0.54555 0.71501 0.93437 0.18102 -0.30691 0.79308 -0.00720 -0.60907 0.80548 0.06665 -0.58887 0.93437 0.18102 -0.30691 0.60483 0.12241 -0.78689 0.79308 -0.00720 -0.60907 0.62487 -0.06085 0.77836 0.98359 -0.14695 0.10466 0.87630 -0.47871 0.05427 0.62487 -0.06085 0.77836 0.93270 -0.15037 0.32782 0.98359 -0.14695 0.10466 0.73265 -0.24224 -0.63603 0.98359 -0.14695 0.10466 0.93110 -0.01596 -0.36441 0.73265 -0.24224 -0.63603 0.87630 -0.47871 0.05427 0.98359 -0.14695 0.10466 -0.06616 -0.54390 0.83654 0.07244 -0.35830 0.93079 -0.12571 -0.84953 0.51234 0.14172 0.50759 0.84986 -0.00092 -0.72229 0.69159 0.07244 -0.35830 0.93079 0.87879 -0.47140 -0.07421 0.79359 -0.60529 -0.06200 0.64132 -0.76417 -0.06898 0.87879 -0.47140 -0.07421 0.81856 -0.57112 -0.06145 0.79359 -0.60529 -0.06200 0.99093 0.11366 -0.07166 0.81856 -0.57112 -0.06145 0.87879 -0.47140 -0.07421 0.86660 -0.35046 0.35522 0.30671 -0.94626 0.10259 -0.05214 -0.96463 0.25841 -0.10907 -0.99059 -0.08266 0.05500 -0.99351 -0.09958 0.30671 -0.94626 0.10259 -0.81119 0.58362 -0.03681 -0.81118 0.58363 -0.03683 -0.81119 0.58362 -0.03681 -0.81119 0.58362 -0.03681 -0.81118 0.58363 -0.03683 -0.81118 0.58363 -0.03683 -0.87882 -0.47136 -0.07411 -0.83983 0.54123 -0.04187 -0.99095 0.11360 -0.07157 -0.87882 -0.47136 -0.07411 -0.79359 -0.60529 -0.06200 -0.80795 -0.58596 -0.06219 0.81115 -0.58390 -0.03312 0.81153 -0.58321 -0.03592 0.81150 -0.58325 -0.03585 0.81115 -0.58390 -0.03312 0.81140 -0.58354 -0.03328 0.81153 -0.58321 -0.03592 -0.03577 -0.99926 0.01426 -0.00002 -1.00000 0.00083 -0.02512 -0.99940 0.02385 -0.81104 0.48160 0.33208 -0.99504 0.01242 -0.09867 -0.87732 0.46299 -0.12629 -0.01459 0.77264 0.63468 -0.18169 0.57119 0.80046 0.02255 0.67744 0.73523 -0.79308 -0.00720 -0.60907 -0.60483 0.12241 -0.78689 -0.64955 0.14970 -0.74544 0.98902 -0.09564 0.11267 0.98953 -0.06125 -0.13068 0.75557 -0.63231 -0.17118 -0.98359 -0.14695 0.10466 -0.93270 -0.15037 0.32782 -0.43880 -0.00368 0.89858 0.12571 -0.84953 0.51234 -0.11492 -0.42138 0.89957 0.06616 -0.54390 0.83654 0.24575 -0.60770 -0.75519 -0.01003 -0.65950 -0.75164 0.07485 -0.63000 -0.77298 0.05757 -0.95283 -0.29800 0.21518 -0.92950 -0.29954 0.07085 -0.95340 -0.29327 -0.06028 0.99078 0.12134 -0.17299 0.83909 0.51575 0.07340 0.63636 0.76789 0.81160 -0.58311 -0.03592 0.81163 -0.58306 -0.03600 0.81164 -0.58306 -0.03591 0.70693 0.09637 -0.70069 0.70498 0.43878 -0.55720 0.51975 0.27927 -0.80738 0.63314 0.26081 -0.72878 0.82622 0.13933 -0.54584 0.74372 -0.03885 -0.66736 -0.77457 -0.56793 0.27839 -0.77457 -0.56793 0.27839 -0.91701 0.00955 0.39875 -0.32931 -0.37121 0.86819 -0.32931 -0.37121 0.86819 -0.32931 -0.37121 0.86819 -0.12991 0.63819 -0.75884 0.04045 0.54119 -0.83993 0.29020 0.79364 -0.53472 0.00963 -0.99990 -0.00999 -0.00066 -1.00000 -0.00238 0.00020 -0.99910 -0.04246 -0.92840 0.31133 0.20284 -0.91086 0.34353 0.22873 -0.91225 0.36982 0.17614 -0.98952 -0.06123 -0.13079 -0.98905 -0.09567 0.11234 -0.75556 -0.63232 -0.17115 -0.96883 0.00925 -0.24756 -0.89915 0.07136 -0.43177 -0.96493 0.10296 -0.24149 0.91690 -0.02671 0.39821 0.74299 -0.57625 0.34044 0.00000 0.12852 -0.99171 0.00000 0.34614 -0.93818 0.68895 0.03483 -0.72397 0.27121 -0.70641 -0.65378 -0.00000 -0.81842 -0.57463 0.22910 -0.78035 -0.58187 -0.82027 0.31168 -0.47959 -0.72710 0.38163 -0.57068 -0.99095 0.11360 -0.07157 -0.81118 0.58363 -0.03683 -0.81118 0.58363 -0.03683 -0.81099 0.58410 -0.03359</float_array>
     <technique_common>
      <accessor count="1351" source="#realb08_5-lib-normals-array" stride="3">
       <param name="X" type="float"/>
       <param name="Y" type="float"/>
       <param name="Z" type="float"/>
      </accessor>
     </technique_common>
    </source>
    <source id="realb08_5-lib-texcoords">
     <float_array id="realb08_5-lib-texcoords-array" count="2724">0.45117 -0.37549 0.51758 -0.35156 0.46484 -0.34229 0.45117 -0.37549 0.52734 -0.41504 0.51758 -0.35156 0.55273 -0.47363 0.52734 -0.41504 0.45117 -0.37549 0.13867 -0.79443 0.02881 -0.82031 0.07080 -0.89844 0.13867 -0.79443 0.15527 -0.64355 0.02881 -0.82031 0.21436 -0.75586 0.15527 -0.64355 0.13867 -0.79443 0.21436 -0.75586 0.24951 -0.66797 0.15527 -0.64355 0.27832 -0.83789 0.24951 -0.66797 0.21436 -0.75586 0.27832 -0.83789 0.36377 -0.69336 0.24951 -0.66797 0.39502 -0.75049 0.36377 -0.69336 0.27832 -0.83789 0.39502 -0.75049 0.42529 -0.67090 0.36377 -0.69336 0.36377 -0.69336 0.42529 -0.67090 0.39502 -0.75049 0.36377 -0.69336 0.33301 -0.52148 0.42529 -0.67090 0.24951 -0.66797 0.33301 -0.52148 0.36377 -0.69336 0.24951 -0.66797 0.24072 -0.56494 0.33301 -0.52148 0.15527 -0.64355 0.24072 -0.56494 0.24951 -0.66797 0.15527 -0.64355 0.18555 -0.45459 0.24072 -0.56494 0.04492 -0.62305 0.18555 -0.45459 0.15527 -0.64355 0.04492 -0.62305 0.02197 -0.46729 0.18555 -0.45459 0.18555 -0.45459 0.02197 -0.46729 0.04492 -0.62305 0.18555 -0.45459 0.17090 -0.33887 0.02197 -0.46729 0.22412 -0.34863 0.17090 -0.33887 0.18555 -0.45459 0.23975 -0.91064 0.19043 -0.88184 0.26465 -0.89453 0.23975 -0.91064 0.18896 -0.91650 0.19043 -0.88184 0.07080 -0.89844 0.04980 -0.98291 0.07031 -0.98193 0.07080 -0.89844 0.03809 -0.89941 0.04980 -0.98291 0.02881 -0.82031 0.03809 -0.89941 0.07080 -0.89844 0.02881 -0.82031 0.07080 -0.89844 0.03809 -0.89941 0.13867 -0.79443 0.07080 -0.89844 0.02881 -0.82031 0.83350 -0.04736 0.79541 -0.09424 0.72803 -0.02637 0.83350 -0.04736 0.90332 -0.12451 0.79541 -0.09424 0.53955 -0.08203 0.65332 -0.03320 0.67969 -0.06494 0.53955 -0.08203 0.60742 -0.01514 0.65332 -0.03320 0.53564 -0.06787 0.60742 -0.01514 0.53955 -0.08203 0.53564 -0.06787 0.53955 -0.08203 0.60742 -0.01514 0.64111 -0.31299 0.68945 -0.43506 0.67383 -0.31494 0.64111 -0.31299 0.63281 -0.42383 0.68945 -0.43506 0.57764 -0.40918 0.63281 -0.42383 0.64111 -0.31299 0.62500 -0.42871 0.60742 -0.53906 0.68945 -0.43506 0.62500 -0.42871 0.56641 -0.52197 0.60742 -0.53906 0.57764 -0.40918 0.56641 -0.52197 0.62500 -0.42871 0.89941 -0.84131 0.80273 -0.85205 0.89404 -0.89307 0.89941 -0.84131 0.80908 -0.75635 0.80273 -0.85205 0.81494 -0.59131 0.80908 -0.75635 0.89941 -0.84131 0.81494 -0.59131 0.73242 -0.56152 0.80908 -0.75635 0.80518 -0.55615 0.73242 -0.56152 0.81494 -0.59131 0.80518 -0.55615 0.79004 -0.28857 0.73242 -0.56152 0.83008 -0.29004 0.79004 -0.28857 0.80518 -0.55615 0.45166 -0.78857 0.45850 -0.81201 0.46191 -0.79688 0.45166 -0.78857 0.44580 -0.79492 0.45850 -0.81201 0.29199 -0.33643 0.36182 -0.38428 0.33984 -0.39355 0.29199 -0.33643 0.33936 -0.30957 0.36182 -0.38428 0.31494 -0.25146 0.33936 -0.30957 0.29199 -0.33643 0.49072 -0.86475 0.48535 -0.83838 0.47266 -0.85010 0.49072 -0.86475 0.49756 -0.84229 0.48535 -0.83838 0.48828 -0.91846 0.44141 -0.93213 0.44971 -0.94385 0.48828 -0.91846 0.47266 -0.89648 0.44141 -0.93213 0.52295 -0.88086 0.47266 -0.89648 0.48828 -0.91846 0.97949 -0.91699 0.90234 -0.94580 0.99463 -0.94531 0.97949 -0.91699 0.90186 -0.93994 0.90234 -0.94580 0.89697 -0.91162 0.90186 -0.93994 0.97949 -0.91699 0.89697 -0.91162 0.87598 -0.91016 0.90186 -0.93994 0.89697 -0.90820 0.87598 -0.91016 0.89697 -0.91162 0.89697 -0.90820 0.89697 -0.91162 0.87598 -0.91016 0.97949 -0.91699 0.89697 -0.91162 0.89697 -0.90820 0.97949 -0.91699 0.90186 -0.93994 0.89697 -0.91162 0.99463 -0.94531 0.90186 -0.93994 0.97949 -0.91699 0.99463 -0.94531 0.90234 -0.94580 0.90186 -0.93994 0.98242 -0.98584 0.90234 -0.94580 0.99463 -0.94531 0.98242 -0.98584 0.90381 -0.97998 0.90234 -0.94580 0.90234 -0.94580 0.90381 -0.97998 0.98242 -0.98584 0.90234 -0.94580 0.88379 -0.97852 0.90381 -0.97998 0.88184 -0.94629 0.88379 -0.97852 0.90234 -0.94580 0.88184 -0.94629 0.79443 -0.97217 0.88379 -0.97852 0.79248 -0.94629 0.79443 -0.97217 0.88184 -0.94629 0.79248 -0.94629 0.64600 -0.94727 0.79443 -0.97217 0.64355 -0.93115 0.64600 -0.94727 0.79248 -0.94629 0.64355 -0.93115 0.63086 -0.93213 0.64600 -0.94727 0.64600 -0.94727 0.63086 -0.93213 0.64355 -0.93115 0.64600 -0.94727 0.63281 -0.94727 0.63086 -0.93213 0.63428 -0.96143 0.63281 -0.94727 0.64600 -0.94727 0.63428 -0.96143 0.44189 -0.94873 0.63281 -0.94727 0.63281 -0.94727 0.44189 -0.94873 0.63428 -0.96143 0.63281 -0.94727 0.63086 -0.93213 0.44189 -0.94873 0.64600 -0.94727 0.63086 -0.93213 0.63281 -0.94727 0.78809 -0.91895 0.88184 -0.94629 0.87598 -0.91016 0.78809 -0.91895 0.79248 -0.94629 0.88184 -0.94629 0.64355 -0.93115 0.79248 -0.94629 0.78809 -0.91895 0.24951 -0.66797 0.24072 -0.56494 0.15527 -0.64355 0.24951 -0.66797 0.33301 -0.52148 0.24072 -0.56494 0.03760 -0.15479 0.09082 -0.15381 0.04199 -0.11133 0.03760 -0.15479 0.08447 -0.20459 0.09082 -0.15381 0.00830 -0.17822 0.08447 -0.20459 0.03760 -0.15479 0.00830 -0.17822 0.07031 -0.22510 0.08447 -0.20459 0.20801 -0.10693 0.15283 -0.12988 0.20703 -0.14502 0.20801 -0.10693 0.14990 -0.08496 0.15283 -0.12988 0.19336 -0.07031 0.14990 -0.08496 0.20801 -0.10693 0.19336 -0.07031 0.19092 -0.03613 0.14990 -0.08496 0.24805 -0.03271 0.19092 -0.03613 0.19336 -0.07031 0.13721 -0.04199 0.14990 -0.08496 0.19092 -0.03613 0.13721 -0.04199 0.08838 -0.06348 0.14990 -0.08496 0.08447 -0.20459 0.12402 -0.17822 0.09082 -0.15381 0.08447 -0.20459 0.13672 -0.25635 0.12402 -0.17822 0.07031 -0.22510 0.13672 -0.25635 0.08447 -0.20459 0.07031 -0.22510 0.11963 -0.26807 0.13672 -0.25635 0.14990 -0.08496 0.09229 -0.11279 0.15283 -0.12988 0.14990 -0.08496 0.08838 -0.06348 0.09229 -0.11279 0.39893 -0.11621 0.33984 -0.12402 0.37207 -0.06250 0.39893 -0.11621 0.35742 -0.12744 0.33984 -0.12402 0.14307 -0.24268 0.15771 -0.23730 0.15234 -0.20166 0.14307 -0.24268 0.18018 -0.31543 0.15771 -0.23730 0.19336 -0.07031 0.21240 -0.05957 0.24805 -0.03271 0.19336 -0.07031 0.29443 -0.08350 0.21240 -0.05957 0.20801 -0.10693 0.29443 -0.08350 0.19336 -0.07031 0.20801 -0.10693 0.23291 -0.10059 0.29443 -0.08350 0.30762 -0.13574 0.23291 -0.10059 0.20801 -0.10693 0.47168 -0.84473 0.47217 -0.83203 0.47656 -0.83887 0.47168 -0.84473 0.46631 -0.83594 0.47217 -0.83203 0.45752 -0.86035 0.46631 -0.83594 0.47168 -0.84473 0.45752 -0.86035 0.43994 -0.84717 0.46631 -0.83594 0.44629 -0.86963 0.43994 -0.84717 0.45752 -0.86035 0.04199 -0.11133 0.08838 -0.06348 0.03418 -0.07373 0.04199 -0.11133 0.09229 -0.11279 0.08838 -0.06348 0.09082 -0.15381 0.09229 -0.11279 0.04199 -0.11133 0.09082 -0.15381 0.15283 -0.12988 0.09229 -0.11279 0.12402 -0.17822 0.15283 -0.12988 0.09082 -0.15381 0.12402 -0.17822 0.20703 -0.14502 0.15283 -0.12988 0.20605 -0.18506 0.20703 -0.14502 0.12402 -0.17822 0.20605 -0.18506 0.27344 -0.18262 0.20703 -0.14502 0.80518 -0.55615 0.87207 -0.29492 0.83008 -0.29004 0.80518 -0.55615 0.88623 -0.54395 0.87207 -0.29492 0.88916 -0.59668 0.88623 -0.54395 0.80518 -0.55615 0.88916 -0.59668 0.96729 -0.56934 0.88623 -0.54395 0.95068 -0.58350 0.96729 -0.56934 0.88916 -0.59668 0.23242 -0.15381 0.20703 -0.14502 0.27344 -0.18262 0.23242 -0.15381 0.30762 -0.13574 0.20703 -0.14502 0.43164 -0.06494 0.50830 -0.06396 0.51074 -0.11377 0.43164 -0.06494 0.43848 -0.01660 0.50830 -0.06396 0.38916 -0.17529 0.42285 -0.18457 0.39258 -0.23975 0.38916 -0.17529 0.39893 -0.11621 0.42285 -0.18457 0.48682 -0.17627 0.51465 -0.16650 0.52002 -0.22021 0.48682 -0.17627 0.51074 -0.11377 0.51465 -0.16650 0.39893 -0.11621 0.51074 -0.11377 0.48682 -0.17627 0.39893 -0.11621 0.43164 -0.06494 0.51074 -0.11377 0.37207 -0.06250 0.43164 -0.06494 0.39893 -0.11621 0.37207 -0.06250 0.43848 -0.01660 0.43164 -0.06494 0.45605 -0.18701 0.48682 -0.17627 0.49707 -0.24854 0.45605 -0.18701 0.39893 -0.11621 0.48682 -0.17627 0.42285 -0.18457 0.39893 -0.11621 0.45605 -0.18701 0.96729 -0.56934 0.87207 -0.29492 0.88623 -0.54395 0.96729 -0.56934 0.91016 -0.29199 0.87207 -0.29492 0.88916 -0.59668 0.96729 -0.76709 0.95068 -0.58350 0.88916 -0.59668 0.89941 -0.84131 0.96729 -0.76709 0.81494 -0.59131 0.89941 -0.84131 0.88916 -0.59668 0.45801 -0.77100 0.46875 -0.78564 0.47168 -0.77734 0.45801 -0.77100 0.45215 -0.78711 0.46875 -0.78564 0.44531 -0.77881 0.45215 -0.78711 0.45801 -0.77100 0.44531 -0.77881 0.42725 -0.79004 0.45215 -0.78711 0.86768 -0.25293 0.96143 -0.24316 0.98438 -0.32275 0.86768 -0.25293 0.90332 -0.12451 0.96143 -0.24316 0.73486 -0.17725 0.90332 -0.12451 0.86768 -0.25293 0.73486 -0.17725 0.79541 -0.09424 0.90332 -0.12451 0.67969 -0.06494 0.79541 -0.09424 0.73486 -0.17725 0.67969 -0.06494 0.72803 -0.02637 0.79541 -0.09424 0.65332 -0.03320 0.72803 -0.02637 0.67969 -0.06494 0.69629 -0.81396 0.71582 -0.87549 0.80273 -0.85205 0.69629 -0.81396 0.63867 -0.86475 0.71582 -0.87549 0.26025 -0.27197 0.29199 -0.33643 0.26953 -0.33984 0.26025 -0.27197 0.28418 -0.26270 0.29199 -0.33643 0.43799 -0.79980 0.45850 -0.81201 0.44580 -0.79492 0.43799 -0.79980 0.44336 -0.81250 0.45850 -0.81201 0.32129 -0.40381 0.29199 -0.33643 0.33984 -0.39355 0.32129 -0.40381 0.26953 -0.33984 0.29199 -0.33643 0.75244 -0.27832 0.73242 -0.56152 0.79004 -0.28857 0.75244 -0.27832 0.68701 -0.54980 0.73242 -0.56152 0.47461 -0.25830 0.51758 -0.35156 0.60645 -0.29736 0.47461 -0.25830 0.46484 -0.34229 0.51758 -0.35156 0.40332 -0.31543 0.46484 -0.34229 0.47461 -0.25830 0.40332 -0.31543 0.45117 -0.37549 0.46484 -0.34229 0.41699 -0.39355 0.45117 -0.37549 0.40332 -0.31543 0.41699 -0.39355 0.55273 -0.47363 0.45117 -0.37549 0.38232 -0.45703 0.55273 -0.47363 0.41699 -0.39355 0.38232 -0.45703 0.42529 -0.67090 0.55273 -0.47363 0.33301 -0.52148 0.42529 -0.67090 0.38232 -0.45703 0.33301 -0.52148 0.36377 -0.69336 0.42529 -0.67090 0.24951 -0.66797 0.36377 -0.69336 0.33301 -0.52148 0.68311 -0.56543 0.73242 -0.56152 0.68701 -0.54980 0.68311 -0.56543 0.57617 -0.72803 0.73242 -0.56152 0.42480 -0.81006 0.43408 -0.81348 0.43359 -0.79297 0.42480 -0.81006 0.43066 -0.82178 0.43408 -0.81348 0.42529 -0.82227 0.43066 -0.82178 0.42480 -0.81006 0.52002 -0.68896 0.52100 -0.61084 0.50488 -0.67969 0.52002 -0.68896 0.55371 -0.62061 0.52100 -0.61084 0.55371 -0.62061 0.56641 -0.52197 0.52100 -0.61084 0.55371 -0.62061 0.60742 -0.53906 0.56641 -0.52197 0.12402 -0.17822 0.15234 -0.20166 0.20605 -0.18506 0.12402 -0.17822 0.14307 -0.24268 0.15234 -0.20166 0.13672 -0.25635 0.14307 -0.24268 0.12402 -0.17822 0.13672 -0.25635 0.18018 -0.31543 0.14307 -0.24268 0.11963 -0.26807 0.18018 -0.31543 0.13672 -0.25635 0.44141 -0.93213 0.43994 -0.90381 0.43555 -0.92383 0.44141 -0.93213 0.47266 -0.89648 0.43994 -0.90381 0.42725 -0.79004 0.43359 -0.79297 0.45215 -0.78711 0.42725 -0.79004 0.42480 -0.81006 0.43359 -0.79297 0.36816 -0.83740 0.38721 -0.92822 0.36816 -0.99023 0.36816 -0.83740 0.34180 -0.94141 0.38721 -0.92822 0.64697 -0.13330 0.67969 -0.06494 0.73486 -0.17725 0.64697 -0.13330 0.53955 -0.08203 0.67969 -0.06494 0.02295 -0.36572 0.02197 -0.46729 0.17090 -0.33887 0.02295 -0.36572 0.17090 -0.33887 0.02197 -0.46729 0.26123 -0.43213 0.33301 -0.52148 0.38232 -0.45703 0.26123 -0.43213 0.24072 -0.56494 0.33301 -0.52148 0.18555 -0.45459 0.24072 -0.56494 0.26123 -0.43213 0.18555 -0.45459 0.15527 -0.64355 0.24072 -0.56494 0.04492 -0.62305 0.15527 -0.64355 0.18555 -0.45459 0.04492 -0.62305 0.02881 -0.82031 0.15527 -0.64355 0.15527 -0.64355 0.02881 -0.82031 0.04492 -0.62305 0.15527 -0.64355 0.13867 -0.79443 0.02881 -0.82031 0.21436 -0.75586 0.13867 -0.79443 0.15527 -0.64355 0.98438 -0.89990 0.89697 -0.91162 0.97949 -0.91699 0.98438 -0.89990 0.89697 -0.90820 0.89697 -0.91162 0.97949 -0.91699 0.89697 -0.90820 0.98438 -0.89990 0.63867 -0.86475 0.57617 -0.72803 0.54932 -0.77686 0.63867 -0.86475 0.73242 -0.56152 0.57617 -0.72803 0.69629 -0.81396 0.73242 -0.56152 0.63867 -0.86475 0.69629 -0.81396 0.80908 -0.75635 0.73242 -0.56152 0.80273 -0.85205 0.80908 -0.75635 0.69629 -0.81396 0.18896 -0.91650 0.15186 -0.87109 0.19043 -0.88184 0.18896 -0.91650 0.14307 -0.93896 0.15186 -0.87109 0.30713 -0.94824 0.30176 -0.91602 0.28320 -0.93750 0.30713 -0.94824 0.28320 -0.93750 0.30176 -0.91602 0.30762 -0.94629 0.30029 -0.88525 0.29785 -0.94629 0.30762 -0.94629 0.28320 -0.98877 0.30029 -0.88525 0.30029 -0.88525 0.28320 -0.98877 0.30762 -0.94629 0.30029 -0.88525 0.26465 -0.89453 0.28320 -0.98877 0.28320 -0.98877 0.26465 -0.89453 0.30029 -0.88525 0.28320 -0.98877 0.23975 -0.91064 0.26465 -0.89453 0.26465 -0.89453 0.22363 -0.87061 0.26709 -0.86865 0.26465 -0.89453 0.18408 -0.87207 0.22363 -0.87061 0.19043 -0.88184 0.18408 -0.87207 0.26465 -0.89453 0.19043 -0.88184 0.14600 -0.85840 0.18408 -0.87207 0.15186 -0.87109 0.14600 -0.85840 0.19043 -0.88184 0.15186 -0.87109 0.19043 -0.88184 0.14600 -0.85840 0.18896 -0.91650 0.19043 -0.88184 0.15186 -0.87109 0.18896 -0.91650 0.23975 -0.91064 0.19043 -0.88184 0.52734 -0.41504 0.45117 -0.37549 0.51758 -0.35156 0.52734 -0.41504 0.55273 -0.47363 0.45117 -0.37549 0.24951 -0.66797 0.21436 -0.75586 0.15527 -0.64355 0.24951 -0.66797 0.27832 -0.83789 0.21436 -0.75586 0.36377 -0.69336 0.27832 -0.83789 0.24951 -0.66797 0.36377 -0.69336 0.39502 -0.75049 0.27832 -0.83789 0.55273 -0.47363 0.41699 -0.39355 0.45117 -0.37549 0.55273 -0.47363 0.38232 -0.45703 0.41699 -0.39355 0.42529 -0.67090 0.38232 -0.45703 0.55273 -0.47363 0.42529 -0.67090 0.33301 -0.52148 0.38232 -0.45703 0.53955 -0.08203 0.65332 -0.03320 0.60742 -0.01514 0.53955 -0.08203 0.67969 -0.06494 0.65332 -0.03320 0.64697 -0.13330 0.67969 -0.06494 0.53955 -0.08203 0.64697 -0.13330 0.73486 -0.17725 0.67969 -0.06494 0.81494 -0.59131 0.89941 -0.84131 0.80908 -0.75635 0.81494 -0.59131 0.88916 -0.59668 0.89941 -0.84131 0.07080 -0.89844 0.04980 -0.98291 0.03809 -0.89941 0.07080 -0.89844 0.07031 -0.98193 0.04980 -0.98291 0.67969 -0.06494 0.72803 -0.02637 0.65332 -0.03320 0.67969 -0.06494 0.79541 -0.09424 0.72803 -0.02637 0.73486 -0.17725 0.79541 -0.09424 0.67969 -0.06494 0.73486 -0.17725 0.90332 -0.12451 0.79541 -0.09424 0.86768 -0.25293 0.90332 -0.12451 0.73486 -0.17725 0.86768 -0.25293 0.96143 -0.24316 0.90332 -0.12451 0.98438 -0.32275 0.96143 -0.24316 0.86768 -0.25293 0.79541 -0.09424 0.83350 -0.04736 0.72803 -0.02637 0.79541 -0.09424 0.90332 -0.12451 0.83350 -0.04736 0.68945 -0.43506 0.64111 -0.31299 0.67383 -0.31494 0.68945 -0.43506 0.63281 -0.42383 0.64111 -0.31299 0.60742 -0.53906 0.62500 -0.42871 0.68945 -0.43506 0.60742 -0.53906 0.56641 -0.52197 0.62500 -0.42871 0.55371 -0.62061 0.56641 -0.52197 0.60742 -0.53906 0.55371 -0.62061 0.52100 -0.61084 0.56641 -0.52197 0.52002 -0.68896 0.52100 -0.61084 0.55371 -0.62061 0.52002 -0.68896 0.50488 -0.67969 0.52100 -0.61084 0.80273 -0.85205 0.89941 -0.84131 0.89404 -0.89307 0.80273 -0.85205 0.80908 -0.75635 0.89941 -0.84131 0.69629 -0.81396 0.80908 -0.75635 0.80273 -0.85205 0.69629 -0.81396 0.73242 -0.56152 0.80908 -0.75635 0.63867 -0.86475 0.73242 -0.56152 0.69629 -0.81396 0.63867 -0.86475 0.57617 -0.72803 0.73242 -0.56152 0.54932 -0.77686 0.57617 -0.72803 0.63867 -0.86475 0.45850 -0.81201 0.45166 -0.78857 0.46191 -0.79688 0.45850 -0.81201 0.44580 -0.79492 0.45166 -0.78857 0.43799 -0.79980 0.44580 -0.79492 0.45850 -0.81201 0.29199 -0.33643 0.36182 -0.38428 0.33936 -0.30957 0.29199 -0.33643 0.33984 -0.39355 0.36182 -0.38428 0.32129 -0.40381 0.33984 -0.39355 0.29199 -0.33643 0.49072 -0.86475 0.48535 -0.83838 0.49756 -0.84229 0.49072 -0.86475 0.47266 -0.85010 0.48535 -0.83838 0.44141 -0.93213 0.48828 -0.91846 0.44971 -0.94385 0.44141 -0.93213 0.47266 -0.89648 0.48828 -0.91846 0.43994 -0.90381 0.47266 -0.89648 0.44141 -0.93213 0.46631 -0.83594 0.45752 -0.86035 0.47168 -0.84473 0.46631 -0.83594 0.43994 -0.84717 0.45752 -0.86035 0.88184 -0.94629 0.78809 -0.91895 0.87598 -0.91016 0.88184 -0.94629 0.79248 -0.94629 0.78809 -0.91895 0.88379 -0.97852 0.90234 -0.94580 0.90381 -0.97998 0.88379 -0.97852 0.88184 -0.94629 0.90234 -0.94580 0.79443 -0.97217 0.88184 -0.94629 0.88379 -0.97852 0.79443 -0.97217 0.79248 -0.94629 0.88184 -0.94629 0.64746 -0.96240 0.79248 -0.94629 0.79443 -0.97217 0.64746 -0.96240 0.64600 -0.94727 0.79248 -0.94629 0.63428 -0.96143 0.64600 -0.94727 0.64746 -0.96240 0.48828 -0.91846 0.52295 -0.88086 0.52393 -0.88965 0.48828 -0.91846 0.47266 -0.89648 0.52295 -0.88086 0.17090 -0.33887 0.18555 -0.45459 0.02197 -0.46729 0.17090 -0.33887 0.22412 -0.34863 0.18555 -0.45459 0.26465 -0.89453 0.23975 -0.91064 0.28320 -0.98877 0.26465 -0.89453 0.19043 -0.88184 0.23975 -0.91064 0.18408 -0.87207 0.19043 -0.88184 0.26465 -0.89453 0.18408 -0.87207 0.14600 -0.85840 0.19043 -0.88184 0.09082 -0.15381 0.04199 -0.11133 0.09229 -0.11279 0.09082 -0.15381 0.03760 -0.15479 0.04199 -0.11133 0.08447 -0.20459 0.03760 -0.15479 0.09082 -0.15381 0.08447 -0.20459 0.00830 -0.17822 0.03760 -0.15479 0.07031 -0.22510 0.00830 -0.17822 0.08447 -0.20459 0.51074 -0.11377 0.39893 -0.11621 0.48682 -0.17627 0.51074 -0.11377 0.43164 -0.06494 0.39893 -0.11621 0.50830 -0.06396 0.43164 -0.06494 0.51074 -0.11377 0.50830 -0.06396 0.43848 -0.01660 0.43164 -0.06494 0.47900 -0.01367 0.43848 -0.01660 0.50830 -0.06396 0.14990 -0.08496 0.19336 -0.07031 0.20801 -0.10693 0.14990 -0.08496 0.19092 -0.03613 0.19336 -0.07031 0.13721 -0.04199 0.19092 -0.03613 0.14990 -0.08496 0.12402 -0.17822 0.08447 -0.20459 0.09082 -0.15381 0.12402 -0.17822 0.13672 -0.25635 0.08447 -0.20459 0.14307 -0.24268 0.13672 -0.25635 0.12402 -0.17822 0.14307 -0.24268 0.18018 -0.31543 0.13672 -0.25635 0.15771 -0.23730 0.18018 -0.31543 0.14307 -0.24268 0.15283 -0.12988 0.09082 -0.15381 0.09229 -0.11279 0.15283 -0.12988 0.12402 -0.17822 0.09082 -0.15381 0.20703 -0.14502 0.12402 -0.17822 0.15283 -0.12988 0.20703 -0.14502 0.20605 -0.18506 0.12402 -0.17822 0.13672 -0.25635 0.07031 -0.22510 0.08447 -0.20459 0.13672 -0.25635 0.11963 -0.26807 0.07031 -0.22510 0.18018 -0.31543 0.11963 -0.26807 0.13672 -0.25635 0.14307 -0.24268 0.15234 -0.20166 0.15771 -0.23730 0.14307 -0.24268 0.12402 -0.17822 0.15234 -0.20166 0.45215 -0.78711 0.44531 -0.77881 0.45801 -0.77100 0.45215 -0.78711 0.42725 -0.79004 0.44531 -0.77881 0.43359 -0.79297 0.42725 -0.79004 0.45215 -0.78711 0.43359 -0.79297 0.42480 -0.81006 0.42725 -0.79004 0.43408 -0.81348 0.42480 -0.81006 0.43359 -0.79297 0.43408 -0.81348 0.43066 -0.82178 0.42480 -0.81006 0.47217 -0.83203 0.47168 -0.84473 0.47656 -0.83887 0.47217 -0.83203 0.46631 -0.83594 0.47168 -0.84473 0.08838 -0.06348 0.04199 -0.11133 0.03418 -0.07373 0.08838 -0.06348 0.09229 -0.11279 0.04199 -0.11133 0.14990 -0.08496 0.09229 -0.11279 0.08838 -0.06348 0.14990 -0.08496 0.15283 -0.12988 0.09229 -0.11279 0.20801 -0.10693 0.15283 -0.12988 0.14990 -0.08496 0.20801 -0.10693 0.20703 -0.14502 0.15283 -0.12988 0.30762 -0.13574 0.20703 -0.14502 0.20801 -0.10693 0.30762 -0.13574 0.23242 -0.15381 0.20703 -0.14502 0.73242 -0.56152 0.79004 -0.28857 0.80518 -0.55615 0.73242 -0.56152 0.75244 -0.27832 0.79004 -0.28857 0.68701 -0.54980 0.75244 -0.27832 0.73242 -0.56152 0.80518 -0.55615 0.87207 -0.29492 0.88623 -0.54395 0.80518 -0.55615 0.83008 -0.29004 0.87207 -0.29492 0.79004 -0.28857 0.83008 -0.29004 0.80518 -0.55615 0.27344 -0.18262 0.20703 -0.14502 0.23242 -0.15381 0.27344 -0.18262 0.20605 -0.18506 0.20703 -0.14502 0.20801 -0.10693 0.23291 -0.10059 0.30762 -0.13574 0.20801 -0.10693 0.29443 -0.08350 0.23291 -0.10059 0.19336 -0.07031 0.29443 -0.08350 0.20801 -0.10693 0.19336 -0.07031 0.21240 -0.05957 0.29443 -0.08350 0.24805 -0.03271 0.21240 -0.05957 0.19336 -0.07031 0.42285 -0.18457 0.38916 -0.17529 0.39258 -0.23975 0.42285 -0.18457 0.39893 -0.11621 0.38916 -0.17529 0.45605 -0.18701 0.39893 -0.11621 0.42285 -0.18457 0.45605 -0.18701 0.48682 -0.17627 0.39893 -0.11621 0.49707 -0.24854 0.48682 -0.17627 0.45605 -0.18701 0.51465 -0.16650 0.48682 -0.17627 0.52002 -0.22021 0.51465 -0.16650 0.51074 -0.11377 0.48682 -0.17627 0.96729 -0.56934 0.87207 -0.29492 0.91016 -0.29199 0.96729 -0.56934 0.88623 -0.54395 0.87207 -0.29492 0.88916 -0.59668 0.88623 -0.54395 0.96729 -0.56934 0.88916 -0.59668 0.80518 -0.55615 0.88623 -0.54395 0.81494 -0.59131 0.80518 -0.55615 0.88916 -0.59668 0.81494 -0.59131 0.73242 -0.56152 0.80518 -0.55615 0.80908 -0.75635 0.73242 -0.56152 0.81494 -0.59131 0.95068 -0.58350 0.88916 -0.59668 0.96729 -0.56934 0.95068 -0.58350 0.96729 -0.76709 0.88916 -0.59668 0.46875 -0.78564 0.45801 -0.77100 0.47168 -0.77734 0.46875 -0.78564 0.45215 -0.78711 0.45801 -0.77100 0.71582 -0.87549 0.69629 -0.81396 0.80273 -0.85205 0.71582 -0.87549 0.63867 -0.86475 0.69629 -0.81396 0.29199 -0.33643 0.26953 -0.33984 0.32129 -0.40381 0.29199 -0.33643 0.26025 -0.27197 0.26953 -0.33984 0.28418 -0.26270 0.26025 -0.27197 0.29199 -0.33643 0.51758 -0.35156 0.47461 -0.25830 0.60645 -0.29736 0.51758 -0.35156 0.46484 -0.34229 0.47461 -0.25830 0.45117 -0.37549 0.46484 -0.34229 0.51758 -0.35156 0.45117 -0.37549 0.40332 -0.31543 0.46484 -0.34229 0.41699 -0.39355 0.40332 -0.31543 0.45117 -0.37549 0.37207 -0.06250 0.43164 -0.06494 0.43848 -0.01660 0.37207 -0.06250 0.39893 -0.11621 0.43164 -0.06494 0.33984 -0.12402 0.39893 -0.11621 0.37207 -0.06250 0.33984 -0.12402 0.35742 -0.12744 0.39893 -0.11621 0.29883 -0.19629 0.35742 -0.12744 0.33984 -0.12402 0.73242 -0.56152 0.68311 -0.56543 0.68701 -0.54980 0.73242 -0.56152 0.57617 -0.72803 0.68311 -0.56543 0.38721 -0.92822 0.36816 -0.83740 0.36816 -0.99023 0.38721 -0.92822 0.34180 -0.94141 0.36816 -0.83740 0.31494 -0.25146 0.29199 -0.33643 0.33936 -0.30957 0.31494 -0.25146 0.28418 -0.26270 0.29199 -0.33643 0.18555 -0.45459 0.26123 -0.43213 0.24072 -0.56494 0.18555 -0.45459 0.22412 -0.34863 0.26123 -0.43213 0.33301 -0.52148 0.26123 -0.43213 0.38232 -0.45703 0.33301 -0.52148 0.24072 -0.56494 0.26123 -0.43213 0.89941 -0.84131 0.96729 -0.76709 0.98340 -0.82080 0.89941 -0.84131 0.88916 -0.59668 0.96729 -0.76709 0.90186 -0.93994 0.87598 -0.91016 0.89697 -0.91162 0.90186 -0.93994 0.88184 -0.94629 0.87598 -0.91016 0.90234 -0.94580 0.88184 -0.94629 0.90186 -0.93994 0.26465 -0.89453 0.22363 -0.87061 0.18408 -0.87207 0.26465 -0.89453 0.26709 -0.86865 0.22363 -0.87061 0.63428 -0.96143 0.64600 -0.94727 0.63281 -0.94727 0.63428 -0.96143 0.64746 -0.96240 0.64600 -0.94727 0.90186 -0.93994 0.88184 -0.94629 0.90234 -0.94580 0.90186 -0.93994 0.87598 -0.91016 0.88184 -0.94629 0.78809 -0.91895 0.64600 -0.94727 0.64355 -0.93115 0.78809 -0.91895 0.79248 -0.94629 0.64600 -0.94727 0.48828 -0.91846 0.52393 -0.88965 0.52295 -0.88086 0.20703 -0.14502 0.30762 -0.13574 0.20801 -0.10693 0.80518 -0.55615 0.81494 -0.59131 0.88916 -0.59668 0.29199 -0.33643 0.28418 -0.26270 0.31494 -0.25146 0.45605 -0.18701 0.43164 -0.26709 0.42285 -0.18457 0.26123 -0.43213 0.22412 -0.34863 0.18555 -0.45459 0.98340 -0.82080 0.96729 -0.76709 0.89941 -0.84131 0.35742 -0.12744 0.29883 -0.19629 0.33984 -0.12402 0.47900 -0.01367 0.50830 -0.06396 0.43848 -0.01660 0.46484 -0.34229 0.40332 -0.31543 0.47461 -0.25830 0.63086 -0.93213 0.63281 -0.94727 0.44189 -0.94873 0.24805 -0.03271 0.19336 -0.07031 0.19092 -0.03613 0.45850 -0.81201 0.44336 -0.81250 0.43799 -0.79980 0.63281 -0.42383 0.57764 -0.40918 0.64111 -0.31299 0.15234 -0.20166 0.12402 -0.17822 0.20605 -0.18506 0.08838 -0.06348 0.13721 -0.04199 0.14990 -0.08496 0.44141 -0.93213 0.43555 -0.92383 0.43994 -0.90381 0.43066 -0.82178 0.42529 -0.82227 0.42480 -0.81006 0.43164 -0.26709 0.45605 -0.18701 0.42285 -0.18457 0.43994 -0.84717 0.44629 -0.86963 0.45752 -0.86035 0.62500 -0.42871 0.56641 -0.52197 0.57764 -0.40918 0.15186 -0.87109 0.14307 -0.93896 0.18896 -0.91650 0.30029 -0.88525 0.30762 -0.94629 0.29785 -0.94629 0.98242 -0.98584 0.99463 -0.94531 0.90234 -0.94580 0.64600 -0.94727 0.64746 -0.96240 0.79443 -0.97217</float_array>
     <technique_common>
      <accessor count="1362" offset="0" source="#realb08_5-lib-texcoords-array" stride="2">
       <param name="U" type="float"/>
       <param name="V" type="float"/>
      </accessor>
     </technique_common>
    </source>
    <vertices id="realb08_5-lib-vertices">
     <input semantic="POSITION" source="#realb08_5-lib-positions"/>
    </vertices>
    <polylist count="454" material="mat1.png">
     <input offset="0" semantic="VERTEX" source="#realb08_5-lib-vertices"/>
     <input offset="1" semantic="NORMAL" source="#realb08_5-lib-normals"/>
     <input offset="2" semantic="TEXCOORD" source="#realb08_5-lib-texcoords"/>
     <vcount>3 3 3 3 3 3 3 3 3 3 3 3 3 3 3 3 3 3 3 3 3 3 3 3 3 3 3 3 3 3 3 3 3 3 3 3 3 3 3 3 3 3 3 3 3 3 3 3 3 3 3 3 3 3 3 3 3 3 3 3 3 3 3 3 3 3 3 3 3 3 3 3 3 3 3 3 3 3 3 3 3 3 3 3 3 3 3 3 3 3 3 3 3 3 3 3 3 3 3 3 3 3 3 3 3 3 3 3 3 3 3 3 3 3 3 3 3 3 3 3 3 3 3 3 3 3 3 3 3 3 3 3 3 3 3 3 3 3 3 3 3 3 3 3 3 3 3 3 3 3 3 3 3 3 3 3 3 3 3 3 3 3 3 3 3 3 3 3 3 3 3 3 3 3 3 3 3 3 3 3 3 3 3 3 3 3 3 3 3 3 3 3 3 3 3 3 3 3 3 3 3 3 3 3 3 3 3 3 3 3 3 3 3 3 3 3 3 3 3 3 3 3 3 3 3 3 3 3 3 3 3 3 3 3 3 3 3 3 3 3 3 3 3 3 3 3 3 3 3 3 3 3 3 3 3 3 3 3 3 3 3 3 3 3 3 3 3 3 3 3 3 3 3 3 3 3 3 3 3 3 3 3 3 3 3 3 3 3 3 3 3 3 3 3 3 3 3 3 3 3 3 3 3 3 3 3 3 3 3 3 3 3 3 3 3 3 3 3 3 3 3 3 3 3 3 3 3 3 3 3 3 3 3 3 3 3 3 3 3 3 3 3 3 3 3 3 3 3 3 3 3 3 3 3 3 3 3 3 3 3 3 3 3 3 3 3 3 3 3 3 3 3 3 3 3 3 3 3 3 3 3 3 3 3 3 3 3 3 3 3 3 3 3 3 3 3 3 3 3 3 3 3 3 3 3 3 3 3 3 3 3 3 3 3 3 3 3 3 3 3 3 3 3 3 3 3 3 3 3 3 3 3 3 3 3 3 3 3 3 3 3 3 3 3 3 3 3 3 3 3 3 3 3 3</vcount>
     <p>2 2 2 1 1 1 0 0 0 1 5 5 3 4 4 0 3 3 0 8 8 3 7 7 4 6 6 7 11 11 6 10 10 5 9 9 6 14 14 8 13 13 5 12 12 5 17 17 8 16 16 9 15 15 8 20 20 10 19 19 9 18 18 9 23 23 10 22 22 11 21 21 10 26 26 12 25 25 11 24 24 11 29 29 12 28 28 13 27 27 12 32 32 14 31 31 13 30 30 13 35 35 14 34 34 15 33 33 14 38 38 16 37 37 15 36 36 15 41 41 16 40 40 17 39 39 16 44 44 18 43 43 17 42 42 17 47 47 18 46 46 19 45 45 18 50 50 20 49 49 19 48 48 19 53 53 20 52 52 21 51 51 20 56 56 22 55 55 21 54 54 21 59 59 22 58 58 23 57 57 22 62 62 24 61 61 23 60 60 23 65 65 24 64 64 25 63 63 27 68 68 26 67 67 1 66 66 26 71 71 3 70 70 1 69 69 29 74 74 28 73 73 7 72 72 28 77 77 30 76 76 7 75 75 7 80 80 30 79 79 6 78 78 30 83 83 31 82 82 6 81 81 6 86 86 31 85 85 32 84 84 11 89 89 33 88 88 9 87 87 33 92 92 5 91 91 9 90 90 35 95 95 34 94 94 29 93 93 34 98 98 36 97 97 29 96 96 29 101 101 36 100 100 28 99 99 36 104 104 37 103 103 28 102 102 40 107 107 39 106 106 38 105 105 39 110 110 41 109 109 38 108 108 38 113 113 41 112 112 42 111 111 39 116 116 44 115 115 43 114 114 44 119 119 45 118 118 43 117 117 43 122 122 45 121 121 42 120 120 24 125 125 46 124 124 25 123 123 46 128 128 47 127 127 25 126 126 25 131 131 47 130 130 48 129 129 47 134 134 49 133 133 48 132 132 48 137 137 49 136 136 50 135 135 49 140 140 51 139 139 50 138 138 50 143 143 51 142 142 52 141 141 55 146 146 54 145 145 53 144 144 54 149 149 56 148 148 53 147 147 56 152 152 58 151 151 57 150 150 58 155 155 59 154 154 57 153 153 57 158 158 59 157 157 45 156 156 61 161 161 60 160 160 55 159 159 60 164 164 54 163 163 55 162 162 63 167 167 62 166 166 61 165 165 62 170 170 64 169 169 61 168 168 61 173 173 64 172 172 65 171 171 11 176 176 66 175 175 34 174 174 66 179 179 67 178 178 34 177 177 34 182 182 67 181 181 68 180 180 67 185 185 69 184 184 68 183 183 68 188 188 69 187 187 70 186 186 69 191 191 71 190 190 70 189 189 70 194 194 71 193 193 72 192 192 71 197 197 73 196 196 72 195 195 72 200 200 73 199 199 74 198 198 73 203 203 75 202 202 74 201 201 74 206 206 75 205 205 13 204 204 75 209 209 76 208 208 13 207 207 13 212 212 76 211 211 66 210 210 76 215 215 77 214 214 66 213 213 66 218 218 77 217 217 78 216 216 77 221 221 79 220 220 78 219 219 78 224 224 79 223 223 80 222 222 79 227 227 81 226 226 80 225 225 80 230 230 81 229 229 82 228 228 81 233 233 83 232 232 82 231 231 82 236 236 83 235 235 84 234 234 83 239 239 85 238 238 84 237 237 84 242 242 85 241 241 86 240 240 85 245 245 87 244 244 86 243 243 86 248 248 87 247 247 88 246 246 87 251 251 83 250 250 88 249 249 88 254 254 83 253 253 81 252 252 69 257 257 78 256 256 89 255 255 78 260 260 80 259 259 89 258 258 89 263 263 80 262 262 82 261 261 8 266 266 90 265 265 10 264 264 90 269 269 91 268 268 10 267 267 52 272 272 93 271 271 92 270 270 93 275 275 94 274 274 92 273 273 92 278 278 94 277 277 95 276 276 94 281 281 96 280 280 95 279 279 99 284 284 98 283 283 97 282 282 98 287 287 100 286 286 97 285 285 97 290 290 100 289 289 101 288 288 100 293 293 102 292 292 101 291 291 101 296 296 102 295 295 103 294 294 102 299 299 100 298 298 104 297 297 100 302 302 105 301 301 104 300 300 93 305 305 106 304 304 94 303 303 106 308 308 107 307 307 94 306 306 94 311 311 107 310 310 96 309 309 107 314 314 108 313 313 96 312 312 98 317 317 109 316 316 100 315 315 109 320 320 105 319 319 100 318 318 96 323 323 108 322 322 110 321 321 108 326 326 111 325 325 110 324 324 110 329 329 111 328 328 112 327 327 111 332 332 113 331 331 112 330 330 103 334 335 114 333 334 101 333 333 114 336 338 115 336 337 101 335 336 101 339 341 115 338 340 97 337 339 115 342 344 116 341 343 97 340 342 97 345 347 116 344 346 117 343 345 119 348 350 62 347 349 118 346 348 62 351 353 63 350 352 118 349 351 118 354 356 63 353 355 120 352 354 63 357 359 61 356 358 120 355 357 120 360 362 61 359 361 55 358 360 51 363 365 105 362 364 52 361 363 105 366 368 109 365 367 52 364 366 52 369 371 109 368 370 93 367 369 109 372 374 98 371 373 93 370 372 93 375 377 98 374 376 106 373 375 98 378 380 99 377 379 106 376 378 106 381 383 99 380 382 121 379 381 99 384 386 122 383 385 121 382 384 52 387 389 92 386 388 50 385 387 92 390 392 123 389 391 50 388 390 50 393 395 123 392 394 124 391 393 123 396 398 125 395 397 124 394 396 124 399 401 125 398 400 126 397 399 122 400 404 99 400 403 127 400 402 99 403 407 117 402 406 127 401 405 104 406 410 105 405 409 128 404 408 105 409 413 95 408 412 128 407 411 122 412 416 127 411 415 121 410 414 127 415 419 110 414 418 121 413 417 103 418 422 102 417 421 114 416 420 102 421 425 104 420 424 114 419 423 114 424 428 104 423 427 110 422 426 104 427 431 128 426 430 110 425 429 110 430 434 128 429 433 96 428 432 128 433 437 95 432 436 96 431 435 115 436 440 114 435 439 116 434 438 114 439 443 110 438 442 116 437 441 116 442 446 110 441 445 127 440 444 123 445 449 92 444 448 125 443 447 92 448 452 95 447 451 125 446 450 126 451 455 129 450 454 124 449 453 129 454 458 25 453 457 124 452 456 124 457 461 25 456 460 48 455 459 54 460 464 65 459 463 130 458 462 65 463 467 64 462 466 130 461 465 130 466 470 64 465 469 131 464 468 64 469 473 132 468 472 131 467 471 29 472 476 7 471 475 133 470 474 7 475 479 5 474 478 133 473 477 133 478 482 5 477 481 134 476 480 5 481 485 33 480 484 134 479 483 134 484 488 33 483 487 35 482 486 33 487 491 11 486 490 35 485 489 35 490 494 11 489 493 34 488 492 46 493 497 136 492 496 135 491 495 136 496 500 137 495 499 135 494 498 138 499 503 57 498 502 38 497 501 57 502 506 139 501 505 38 500 504 56 505 509 54 504 508 58 503 507 54 508 512 130 507 511 58 506 510 56 511 515 57 510 514 53 509 513 57 514 518 138 513 517 53 512 516 51 517 521 49 516 520 95 515 519 49 520 524 125 519 523 95 518 522 140 523 527 1 522 526 24 521 525 1 526 530 2 525 529 24 524 528 24 529 533 2 528 532 46 527 531 2 532 536 0 531 535 46 530 534 46 535 539 0 534 538 136 533 537 0 538 542 4 537 541 136 536 540 136 541 545 4 540 544 137 539 543 4 544 548 14 543 547 137 542 546 137 547 551 14 546 550 91 545 549 14 550 554 12 549 553 91 548 552 91 553 557 12 552 556 10 551 555 125 556 560 49 555 559 126 554 558 49 559 563 129 558 562 126 557 561 143 562 566 142 561 565 141 560 564 142 565 569 62 564 568 141 563 567 141 568 572 62 567 571 119 566 570 38 571 575 139 570 574 40 569 573 139 574 578 144 573 577 40 572 576 139 577 581 45 576 580 144 575 579 45 580 584 44 579 583 144 578 582 121 581 587 110 581 586 106 581 585 110 584 590 112 583 589 106 582 588 106 587 593 112 586 592 107 585 591 112 590 596 113 589 595 107 588 594 107 593 599 113 592 598 108 591 597 142 596 602 143 595 601 62 594 600 143 599 605 64 598 604 62 597 603 64 602 608 143 601 607 132 600 606 143 605 611 141 604 610 132 603 609 141 608 614 119 607 613 145 606 612 119 611 617 118 610 616 145 609 615 134 614 620 35 613 619 146 612 618 35 617 623 29 616 622 146 615 621 24 620 626 22 619 625 140 618 624 22 623 629 147 622 628 140 621 627 137 626 632 91 625 631 148 624 630 91 629 635 90 628 634 148 627 633 148 632 638 90 631 637 23 630 636 90 635 641 8 634 640 23 633 639 23 638 644 8 637 643 21 636 642 8 641 647 6 640 646 21 639 645 21 644 650 6 643 649 19 642 648 6 647 653 32 646 652 19 645 651 19 650 656 32 649 655 149 648 654 34 653 659 68 652 658 36 651 657 68 656 662 70 655 661 36 654 660 36 659 665 70 658 664 72 657 663 148 662 668 129 661 667 137 660 666 129 665 671 49 664 670 137 663 669 137 668 674 49 667 673 135 666 672 49 671 677 47 670 676 135 669 675 135 674 680 47 673 679 46 672 678 26 677 683 150 676 682 3 675 681 150 680 686 4 679 685 3 678 684 153 683 689 152 682 688 151 681 687 152 686 692 154 685 691 151 684 690 153 689 695 155 688 694 152 687 693 155 692 698 140 691 697 152 690 696 152 695 701 140 694 700 156 693 699 140 698 704 157 697 703 156 696 702 155 701 707 27 700 706 140 699 705 27 704 710 1 703 709 140 702 708 159 707 713 158 706 712 27 705 711 158 710 716 160 709 715 27 708 714 27 713 719 160 712 718 26 711 717 160 716 722 161 715 721 26 714 720 26 719 725 161 718 724 150 717 723 161 722 728 162 721 727 150 720 726 150 725 731 162 724 730 163 723 729 162 728 734 164 727 733 163 726 732 164 731 737 165 730 736 163 729 735 165 734 740 4 733 739 163 732 738 19 737 743 149 736 742 17 735 741 149 740 746 74 739 745 17 738 744 17 743 749 74 742 748 15 741 747 74 746 752 13 745 751 15 744 750 165 749 755 166 748 754 4 747 753 166 752 758 167 751 757 4 750 756 4 755 761 167 754 760 14 753 759 167 758 764 16 757 763 14 756 762 36 761 767 72 760 766 37 759 765 72 764 770 168 763 769 37 762 768 37 767 773 168 766 772 169 765 771 168 770 776 170 769 775 169 768 774 173 773 779 172 772 778 171 771 777 172 776 782 174 775 781 171 774 780 30 779 785 28 778 784 31 777 783 28 782 788 37 781 787 31 780 786 72 785 791 74 784 790 168 783 789 74 788 794 175 787 793 168 786 792 168 791 797 175 790 796 170 789 795 175 794 800 32 793 799 170 792 798 170 797 803 32 796 802 176 795 801 32 800 806 31 799 805 176 798 804 176 803 809 31 802 808 37 801 807 74 806 812 149 805 811 175 804 810 149 809 815 32 808 814 175 807 813 179 812 818 178 811 817 177 810 816 178 815 821 180 814 820 177 813 819 177 818 824 182 817 823 181 816 822 182 821 827 183 820 826 181 819 825 181 824 830 183 823 829 184 822 828 183 827 833 185 826 832 184 825 831 184 830 836 185 829 835 179 828 834 185 833 839 178 832 838 179 831 837 147 836 842 172 835 841 186 834 840 172 839 845 173 838 844 186 837 843 186 842 848 173 841 847 187 840 846 173 845 851 188 844 850 187 843 849 187 848 854 188 847 853 167 846 852 188 851 857 189 850 856 167 849 855 167 854 860 189 853 859 190 852 858 193 857 863 192 856 862 191 855 861 192 860 866 194 859 865 191 858 864 191 863 869 194 862 868 195 861 867 197 866 872 195 865 871 196 864 870 195 869 875 194 868 874 196 867 873 196 872 878 194 871 877 192 870 876 191 875 881 198 874 880 193 873 879 198 878 884 199 877 883 193 876 882 201 881 887 199 880 886 200 879 885 199 884 890 202 883 889 200 882 888 200 887 893 202 886 892 203 885 891 205 890 896 204 889 895 201 888 894 204 893 899 199 892 898 201 891 897 69 896 902 89 895 901 206 894 900 89 899 905 207 898 904 206 897 903 76 902 908 75 901 907 77 900 906 75 905 911 206 904 910 77 903 909 77 908 914 206 907 913 79 906 912 206 911 917 207 910 916 79 909 915 79 914 920 207 913 919 208 912 918 207 917 923 84 916 922 208 915 921 208 920 926 84 919 925 86 918 924 198 923 929 209 922 928 199 921 927 209 926 932 202 925 931 199 924 930 22 929 935 20 928 934 147 927 933 20 932 938 172 931 937 147 930 936 140 935 941 164 934 940 157 933 939 164 938 944 162 937 943 157 936 942 157 941 947 162 940 946 210 939 945 162 944 950 161 943 949 210 942 948 213 947 953 212 946 952 211 945 951 212 950 956 214 949 955 211 948 954 211 953 959 214 952 958 215 951 957 214 956 962 216 955 961 215 954 960 215 959 965 216 958 964 217 957 963 220 962 968 219 961 967 218 960 966 219 965 971 221 964 970 218 963 969 218 968 974 221 967 973 222 966 972 221 971 977 216 970 976 222 969 975 222 974 980 216 973 979 223 972 978 226 977 983 225 976 982 224 975 981 225 980 986 227 979 985 224 978 984 224 983 989 227 982 988 218 981 987 211 986 992 215 985 991 228 984 990 215 989 995 229 988 994 228 987 993 228 992 998 229 991 997 230 990 996 229 995 1001 231 994 1000 230 993 999 230 998 1004 231 997 1003 232 996 1002 213 1001 1007 211 1000 1006 233 999 1005 211 1004 1010 228 1003 1009 233 1002 1008 233 1007 1013 228 1006 1012 234 1005 1011 228 1010 1016 235 1009 1015 234 1008 1014 215 1013 1019 217 1012 1018 229 1011 1017 217 1016 1022 236 1015 1021 229 1014 1020 229 1019 1025 236 1018 1024 231 1017 1023 232 1022 1028 219 1021 1027 230 1020 1026 219 1025 1031 228 1024 1030 230 1023 1029 238 1028 1034 237 1027 1033 202 1026 1032 237 1031 1037 239 1030 1036 202 1029 1035 202 1034 1040 239 1033 1039 203 1032 1038 239 1037 1043 240 1036 1042 203 1035 1041 203 1040 1046 240 1039 1045 241 1038 1044 240 1043 1049 200 1042 1048 241 1041 1047 242 1046 1052 205 1045 1051 200 1044 1050 205 1049 1055 201 1048 1054 200 1047 1053 223 1052 1058 212 1051 1057 222 1050 1056 212 1055 1061 213 1054 1060 222 1053 1059 222 1058 1064 213 1057 1063 224 1056 1062 213 1061 1067 233 1060 1066 224 1059 1065 224 1064 1070 233 1063 1069 226 1062 1068 233 1067 1073 234 1066 1072 226 1065 1071 226 1070 1076 234 1069 1075 243 1068 1074 234 1073 1079 244 1072 1078 243 1071 1077 245 1076 1082 223 1075 1081 188 1074 1080 223 1079 1085 216 1078 1084 188 1077 1083 188 1082 1088 216 1081 1087 246 1080 1086 247 1085 1091 214 1084 1090 245 1083 1089 214 1088 1094 212 1087 1093 245 1086 1092 245 1091 1097 212 1090 1096 223 1089 1095 244 1092 1100 234 1092 1099 248 1092 1098 234 1095 1103 235 1094 1102 248 1093 1101 243 1098 1106 249 1097 1105 226 1096 1104 249 1101 1109 250 1100 1108 226 1099 1107 226 1104 1112 250 1103 1111 225 1102 1110 250 1106 1115 220 1106 1114 225 1105 1113 225 1108 1118 220 1108 1117 251 1107 1116 248 1111 1121 235 1110 1120 244 1109 1119 235 1114 1124 219 1113 1123 244 1112 1122 244 1117 1127 219 1116 1126 249 1115 1125 219 1120 1130 220 1119 1129 249 1118 1128 249 1123 1133 220 1122 1132 250 1121 1131 251 1126 1136 220 1125 1135 227 1124 1134 220 1129 1139 218 1128 1138 227 1127 1137 216 1132 1142 214 1131 1141 246 1130 1140 214 1135 1145 247 1134 1144 246 1133 1143 246 1138 1148 247 1137 1147 174 1136 1146 247 1141 1151 245 1140 1150 174 1139 1149 174 1144 1154 245 1143 1153 171 1142 1152 245 1147 1157 188 1146 1156 171 1145 1155 171 1150 1160 188 1149 1159 173 1148 1158 246 1153 1163 174 1152 1162 252 1151 1161 174 1156 1166 189 1155 1165 252 1154 1164 191 1159 1169 238 1158 1168 209 1157 1167 238 1162 1172 202 1161 1171 209 1160 1170 186 1165 1175 187 1164 1174 166 1163 1173 187 1168 1178 167 1167 1177 166 1166 1176 192 1171 1181 253 1170 1180 196 1169 1179 253 1174 1184 178 1173 1183 196 1172 1182 196 1177 1187 178 1176 1186 185 1175 1185 140 1180 1190 147 1179 1189 164 1178 1188 147 1183 1193 254 1182 1192 164 1181 1191 164 1186 1196 254 1185 1195 165 1184 1194 254 1189 1199 186 1188 1198 165 1187 1197 165 1192 1202 186 1191 1201 166 1190 1200 216 1195 1205 221 1194 1204 217 1193 1203 221 1198 1208 219 1197 1207 217 1196 1206 217 1201 1211 219 1200 1210 236 1199 1209 219 1204 1214 232 1203 1213 236 1202 1212 236 1207 1217 232 1206 1216 231 1205 1215 246 1210 1220 252 1209 1219 188 1208 1218 252 1213 1223 189 1212 1222 188 1211 1221 240 1216 1226 255 1215 1225 242 1214 1224 255 1219 1229 205 1218 1228 242 1217 1227 197 1222 1232 196 1221 1231 183 1220 1230 196 1225 1235 185 1224 1234 183 1223 1233 18 1228 1238 190 1227 1237 20 1226 1236 190 1231 1241 172 1230 1240 20 1229 1239 167 1234 1244 190 1233 1243 16 1232 1242 190 1237 1247 18 1236 1246 16 1235 1245 190 1240 1250 189 1239 1249 172 1238 1248 189 1243 1253 174 1242 1252 172 1241 1251 71 1246 1256 69 1245 1255 73 1244 1254 69 1249 1259 206 1248 1258 73 1247 1257 73 1252 1262 206 1251 1261 75 1250 1260 210 1255 1265 256 1254 1264 157 1253 1263 256 1258 1268 257 1257 1267 157 1256 1266 88 1261 1271 81 1260 1270 86 1259 1269 81 1264 1274 208 1263 1273 86 1262 1272 66 1267 1277 78 1266 1276 67 1265 1275 78 1270 1280 69 1269 1279 67 1268 1278 82 1273 1283 84 1272 1282 89 1271 1281 84 1276 1286 207 1275 1285 89 1274 1284 65 1279 1289 60 1278 1288 61 1277 1287 97 1282 1292 117 1281 1291 99 1280 1290 124 1285 1295 48 1284 1294 50 1283 1293 45 1288 1298 139 1287 1297 57 1286 1296 127 1291 1301 117 1290 1300 116 1289 1299 23 1294 1304 25 1293 1303 148 1292 1302 25 1297 1307 129 1296 1306 148 1295 1305 108 1300 1310 113 1299 1309 111 1298 1308 95 1303 1313 105 1302 1312 51 1301 1311 147 1306 1316 186 1305 1315 254 1304 1314 87 1309 1319 85 1308 1318 83 1307 1317 227 1312 1322 225 1311 1321 251 1310 1320 195 1315 1325 238 1314 1324 191 1313 1323 178 1318 1328 258 1317 1327 180 1316 1326 235 1321 1331 228 1320 1330 219 1319 1329 224 1324 1334 218 1323 1333 222 1322 1332 203 1327 1337 241 1326 1336 200 1325 1335 240 1330 1340 242 1329 1339 200 1328 1338 244 1333 1343 249 1332 1342 243 1331 1341 204 1336 1346 193 1335 1345 199 1334 1344 258 1338 1349 183 1338 1348 182 1337 1347 163 1341 1352 4 1340 1351 150 1339 1350 154 1344 1355 152 1343 1354 156 1342 1353 66 1347 1358 11 1346 1357 13 1345 1356 79 1350 1361 208 1349 1360 81 1348 1359</p>
    </polylist>
   </mesh>
  </geometry>
 </library_geometries>
 <library_visual_scenes>
  <visual_scene id="Scene" name="Scene">
   <node id="Camera" name="Camera">
    <rotate sid="rotateY">0 1 0 -0.00000</rotate>
    <rotate sid="rotateX">1 0 0 -0.00000</rotate>
    <rotate sid="rotateZ">0 0 1 -0.00000</rotate>
    <translate sid="translate">0.00000 0.00000 63.45607</translate>
    <instance_camera url="#Camera-Camera"/>
   </node>
   <node id="realb08" name="realb08">
    <translate sid="translate">0.00000 0.00000 0.00000</translate>
    <rotate sid="head">0 1 0 0.00000</rotate>
    <rotate sid="pitch">1 0 0 0.00000</rotate>
    <rotate sid="bank">0 0 1 0.00000</rotate>
    <scale sid="scale">1.00000 1.00000 1.00000</scale>
    <instance_geometry url="#realb08-lib">
     <bind_material>
      <technique_common>
       <instance_material symbol="mat3.png" target="#mat3.png">
        <bind_vertex_input semantic="UVSET0" input_semantic="TEXCOORD"/>
       </instance_material>
      </technique_common>
     </bind_material>
    </instance_geometry>
   </node>
   <node id="realb08_1" name="realb08_1">
    <translate sid="translate">0.00000 0.00000 0.00000</translate>
    <rotate sid="head">0 1 0 0.00000</rotate>
    <rotate sid="pitch">1 0 0 0.00000</rotate>
    <rotate sid="bank">0 0 1 0.00000</rotate>
    <scale sid="scale">1.00000 1.00000 1.00000</scale>
    <instance_geometry url="#realb08_1-lib">
     <bind_material>
      <technique_common>
       <instance_material symbol="mat4.png" target="#mat4.png">
        <bind_vertex_input semantic="UVSET0" input_semantic="TEXCOORD"/>
       </instance_material>
      </technique_common>
     </bind_material>
    </instance_geometry>
   </node>
   <node id="realb08_2" name="realb08_2">
    <translate sid="translate">0.00000 0.00000 0.00000</translate>
    <rotate sid="head">0 1 0 0.00000</rotate>
    <rotate sid="pitch">1 0 0 0.00000</rotate>
    <rotate sid="bank">0 0 1 0.00000</rotate>
    <scale sid="scale">1.00000 1.00000 1.00000</scale>
    <instance_geometry url="#realb08_2-lib">
     <bind_material>
      <technique_common>
       <instance_material symbol="mat2.png" target="#mat2.png">
        <bind_vertex_input semantic="UVSET0" input_semantic="TEXCOORD"/>
       </instance_material>
      </technique_common>
     </bind_material>
    </instance_geometry>
   </node>
   <node id="realb08_3" name="realb08_3">
    <translate sid="translate">0.00000 0.00000 0.00000</translate>
    <rotate sid="head">0 1 0 0.00000</rotate>
    <rotate sid="pitch">1 0 0 0.00000</rotate>
    <rotate sid="bank">0 0 1 0.00000</rotate>
    <scale sid="scale">1.00000 1.00000 1.00000</scale>
    <instance_geometry url="#realb08_3-lib">
     <bind_material>
      <technique_common>
       <instance_material symbol="mat6.png" target="#mat6.png">
        <bind_vertex_input semantic="UVSET0" input_semantic="TEXCOORD"/>
       </instance_material>
      </technique_common>
     </bind_material>
    </instance_geometry>
   </node>
   <node id="realb08_4" name="realb08_4">
    <translate sid="translate">0.00000 0.00000 0.00000</translate>
    <rotate sid="head">0 1 0 0.00000</rotate>
    <rotate sid="pitch">1 0 0 0.00000</rotate>
    <rotate sid="bank">0 0 1 0.00000</rotate>
    <scale sid="scale">1.00000 1.00000 1.00000</scale>
    <instance_geometry url="#realb08_4-lib">
     <bind_material>
      <technique_common>
       <instance_material symbol="mat5.png" target="#mat5.png">
        <bind_vertex_input semantic="UVSET0" input_semantic="TEXCOORD"/>
       </instance_material>
      </technique_common>
     </bind_material>
    </instance_geometry>
   </node>
   <node id="realb08_5" name="realb08_5">
    <translate sid="translate">0.00000 0.00000 0.00000</translate>
    <rotate sid="head">0 1 0 0.00000</rotate>
    <rotate sid="pitch">1 0 0 0.00000</rotate>
    <rotate sid="bank">0 0 1 0.00000</rotate>
    <scale sid="scale">1.00000 1.00000 1.00000</scale>
    <instance_geometry url="#realb08_5-lib">
     <bind_material>
      <technique_common>
       <instance_material symbol="mat1.png" target="#mat1.png">
        <bind_vertex_input semantic="UVSET0" input_semantic="TEXCOORD"/>
       </instance_material>
      </technique_common>
     </bind_material>
    </instance_geometry>
   </node>
  </visual_scene>
 </library_visual_scenes>
 <scene>
  <instance_visual_scene url="#Scene"/>
 </scene>
</COLLADA>
