<?xml version="1.0" encoding="UTF-8"?>
<COLLADA xmlns="http://www.collada.org/2005/11/COLLADASchema" version="1.4.1">
 <asset>
  <contributor>
   <authoring_tool>ExpCollada for Metasequoia</authoring_tool>
  </contributor>
  <created>2024-08-02T01:30:58Z</created>
  <modified>2024-08-02T01:30:58Z</modified>
  <up_axis>Y_UP</up_axis>
 </asset>
 <library_cameras>
  <camera id="Camera-Camera" name="Camera-Camera">
   <optics>
    <technique_common>
     <perspective>
      <yfov>0.000</yfov>
      <znear>0.1</znear>
      <zfar>10000.0</zfar>
     </perspective>
    </technique_common>
   </optics>
  </camera>
 </library_cameras>
 <library_images>
  <image id="texture1" name="texture1">
   <init_from>mat2.png</init_from>
  </image>
  <image id="texture2" name="texture2">
   <init_from>mat1.png</init_from>
  </image>
  <image id="texture3" name="texture3">
   <init_from>mat5.png</init_from>
  </image>
  <image id="texture4" name="texture4">
   <init_from>mat3.png</init_from>
  </image>
  <image id="texture5" name="texture5">
   <init_from>mat4.png</init_from>
  </image>
 </library_images>
 <library_effects>
  <effect id="mat2.png-fx" name="mat2.png-fx">
   <profile_COMMON>
    <newparam sid="texture1-surface">
     <surface type="2D">
      <init_from>texture1</init_from>
     </surface>
    </newparam>
    <newparam sid="texture1-sampler">
    <sampler2D>
     <source>texture1-surface</source>
     <minfilter>LINEAR</minfilter>
     <magfilter>LINEAR</magfilter>
    </sampler2D>
   </newparam>
    <technique sid="metaseq">
     <phong>
      <emission>
       <color>0.500 0.500 0.500 1</color>
      </emission>
      <ambient>
       <color>0.000 0.000 0.000 1</color>
      </ambient>
      <diffuse>
       <texture texture="texture1-sampler" texcoord="UVSET0"/>
      </diffuse>
      <specular>
       <color>0.000 0.000 0.000 1</color>
      </specular>
      <shininess>
       <float>0.000</float>
      </shininess>
      <reflective>
       <color>1 1 1 1</color>
      </reflective>
      <reflectivity>
       <float>0.0</float>
      </reflectivity>
      <transparent>
       <color>1 1 1 1</color>
      </transparent>
      <transparency>
       <float>1.000</float>
      </transparency>
     </phong>
    </technique>
   </profile_COMMON>
  </effect>
  <effect id="mat1.png-fx" name="mat1.png-fx">
   <profile_COMMON>
    <newparam sid="texture2-surface">
     <surface type="2D">
      <init_from>texture2</init_from>
     </surface>
    </newparam>
    <newparam sid="texture2-sampler">
    <sampler2D>
     <source>texture2-surface</source>
     <minfilter>LINEAR</minfilter>
     <magfilter>LINEAR</magfilter>
    </sampler2D>
   </newparam>
    <technique sid="metaseq">
     <phong>
      <emission>
       <color>0.500 0.500 0.500 1</color>
      </emission>
      <ambient>
       <color>0.000 0.000 0.000 1</color>
      </ambient>
      <diffuse>
       <texture texture="texture2-sampler" texcoord="UVSET0"/>
      </diffuse>
      <specular>
       <color>0.000 0.000 0.000 1</color>
      </specular>
      <shininess>
       <float>0.000</float>
      </shininess>
      <reflective>
       <color>1 1 1 1</color>
      </reflective>
      <reflectivity>
       <float>0.0</float>
      </reflectivity>
      <transparent>
       <color>1 1 1 1</color>
      </transparent>
      <transparency>
       <float>1.000</float>
      </transparency>
     </phong>
    </technique>
   </profile_COMMON>
  </effect>
  <effect id="mat5.png-fx" name="mat5.png-fx">
   <profile_COMMON>
    <newparam sid="texture3-surface">
     <surface type="2D">
      <init_from>texture3</init_from>
     </surface>
    </newparam>
    <newparam sid="texture3-sampler">
    <sampler2D>
     <source>texture3-surface</source>
     <minfilter>LINEAR</minfilter>
     <magfilter>LINEAR</magfilter>
    </sampler2D>
   </newparam>
    <technique sid="metaseq">
     <phong>
      <emission>
       <color>0.500 0.500 0.500 1</color>
      </emission>
      <ambient>
       <color>0.000 0.000 0.000 1</color>
      </ambient>
      <diffuse>
       <texture texture="texture3-sampler" texcoord="UVSET0"/>
      </diffuse>
      <specular>
       <color>0.000 0.000 0.000 1</color>
      </specular>
      <shininess>
       <float>0.000</float>
      </shininess>
      <reflective>
       <color>1 1 1 1</color>
      </reflective>
      <reflectivity>
       <float>0.0</float>
      </reflectivity>
      <transparent>
       <color>1 1 1 1</color>
      </transparent>
      <transparency>
       <float>1.000</float>
      </transparency>
     </phong>
    </technique>
   </profile_COMMON>
  </effect>
  <effect id="mat3.png-fx" name="mat3.png-fx">
   <profile_COMMON>
    <newparam sid="texture4-surface">
     <surface type="2D">
      <init_from>texture4</init_from>
     </surface>
    </newparam>
    <newparam sid="texture4-sampler">
    <sampler2D>
     <source>texture4-surface</source>
     <minfilter>LINEAR</minfilter>
     <magfilter>LINEAR</magfilter>
    </sampler2D>
   </newparam>
    <technique sid="metaseq">
     <phong>
      <emission>
       <color>0.500 0.500 0.500 1</color>
      </emission>
      <ambient>
       <color>0.000 0.000 0.000 1</color>
      </ambient>
      <diffuse>
       <texture texture="texture4-sampler" texcoord="UVSET0"/>
      </diffuse>
      <specular>
       <color>0.000 0.000 0.000 1</color>
      </specular>
      <shininess>
       <float>0.000</float>
      </shininess>
      <reflective>
       <color>1 1 1 1</color>
      </reflective>
      <reflectivity>
       <float>0.0</float>
      </reflectivity>
      <transparent>
       <color>1 1 1 1</color>
      </transparent>
      <transparency>
       <float>1.000</float>
      </transparency>
     </phong>
    </technique>
   </profile_COMMON>
  </effect>
  <effect id="mat4.png-fx" name="mat4.png-fx">
   <profile_COMMON>
    <newparam sid="texture5-surface">
     <surface type="2D">
      <init_from>texture5</init_from>
     </surface>
    </newparam>
    <newparam sid="texture5-sampler">
    <sampler2D>
     <source>texture5-surface</source>
     <minfilter>LINEAR</minfilter>
     <magfilter>LINEAR</magfilter>
    </sampler2D>
   </newparam>
    <technique sid="metaseq">
     <phong>
      <emission>
       <color>0.500 0.500 0.500 1</color>
      </emission>
      <ambient>
       <color>0.000 0.000 0.000 1</color>
      </ambient>
      <diffuse>
       <texture texture="texture5-sampler" texcoord="UVSET0"/>
      </diffuse>
      <specular>
       <color>0.000 0.000 0.000 1</color>
      </specular>
      <shininess>
       <float>0.000</float>
      </shininess>
      <reflective>
       <color>1 1 1 1</color>
      </reflective>
      <reflectivity>
       <float>0.0</float>
      </reflectivity>
      <transparent>
       <color>1 1 1 1</color>
      </transparent>
      <transparency>
       <float>1.000</float>
      </transparency>
     </phong>
    </technique>
   </profile_COMMON>
  </effect>
 </library_effects>
 <library_materials>
  <material id="mat2.png" name="mat2.png">
   <instance_effect url="#mat2.png-fx"/>
  </material>
  <material id="mat1.png" name="mat1.png">
   <instance_effect url="#mat1.png-fx"/>
  </material>
  <material id="mat5.png" name="mat5.png">
   <instance_effect url="#mat5.png-fx"/>
  </material>
  <material id="mat3.png" name="mat3.png">
   <instance_effect url="#mat3.png-fx"/>
  </material>
  <material id="mat4.png" name="mat4.png">
   <instance_effect url="#mat4.png-fx"/>
  </material>
 </library_materials>
 <library_geometries>
  <geometry id="realb28-lib" name="realb28">
   <mesh>
    <source id="realb28-lib-positions" name="position">
     <float_array id="realb28-lib-positions-array" count="72">0.73096 10.79070 -1.57042 2.41650 13.69801 -1.67473 2.66406 13.55472 -1.37161 0.90820 10.68855 -1.42840 0.53809 10.90242 -1.43215 2.13623 13.85989 -1.37334 0.32422 10.90740 -1.57033 0.98047 14.59351 -1.67505 1.26221 14.54349 -1.37187 0.52588 10.87165 -1.42826 0.10449 10.94587 -1.43212 0.66162 14.64945 -1.37325 -0.32520 10.91570 -1.57032 -0.96777 14.59595 -1.67505 -0.68604 14.64603 -1.37179 -0.12354 10.95124 -1.42821 -0.54443 10.87703 -1.43217 -1.28662 14.54007 -1.37333 -0.73486 10.82830 -1.57039 -2.38965 13.70582 -1.67473 -2.14160 13.84915 -1.37188 -0.55762 10.93073 -1.42822 -0.92822 10.71687 -1.43228 -2.66992 13.54398 -1.37309</float_array>
     <technique_common>
      <accessor count="24" source="#realb28-lib-positions-array" stride="3">
       <param name="X" type="float"/>
       <param name="Y" type="float"/>
       <param name="Z" type="float"/>
      </accessor>
     </technique_common>
    </source>
    <source id="realb28-lib-normals" name="normal">
     <float_array id="realb28-lib-normals-array" count="126">0.55632 -0.34085 -0.75784 0.55632 -0.34085 -0.75784 0.55632 -0.34085 -0.75784 -0.53378 0.28972 -0.79445 -0.53378 0.28972 -0.79445 -0.01359 -0.01192 0.99984 -0.01359 -0.01192 0.99984 -0.01359 -0.01192 0.99984 -0.01359 -0.01192 0.99984 0.63947 -0.12837 -0.75802 0.63947 -0.12837 -0.75802 0.63947 -0.12837 -0.75802 -0.60041 0.09128 -0.79446 -0.60041 0.09128 -0.79446 -0.00824 -0.01426 0.99986 -0.00824 -0.01426 0.99986 -0.00824 -0.01426 0.99986 -0.00824 -0.01426 0.99986 0.64496 0.09807 -0.75790 0.64496 0.09807 -0.75790 -0.59565 -0.11968 -0.79427 -0.59565 -0.11968 -0.79427 -0.59565 -0.11968 -0.79427 -0.00311 -0.01630 0.99986 -0.00311 -0.01630 0.99986 -0.00311 -0.01630 0.99986 -0.00311 -0.01630 0.99986 0.57309 0.31099 -0.75819 0.57309 0.31099 -0.75819 0.57309 0.31099 -0.75819 0.57309 0.31099 -0.75819 -0.51746 -0.31746 -0.79464 0.00379 -0.01803 0.99983 0.00379 -0.01803 0.99983 0.00379 -0.01803 0.99983 0.00379 -0.01803 0.99983</float_array>
     <technique_common>
      <accessor count="36" source="#realb28-lib-normals-array" stride="3">
       <param name="X" type="float"/>
       <param name="Y" type="float"/>
       <param name="Z" type="float"/>
      </accessor>
     </technique_common>
    </source>
    <source id="realb28-lib-texcoords">
     <float_array id="realb28-lib-texcoords-array" count="96">0.23242 -0.19922 0.22656 -0.04980 0.32227 -0.04883 0.33203 -0.19824 0.22754 -0.19922 0.23145 -0.04980 0.33105 -0.04980 0.32910 -0.19922 0.21680 -0.19922 0.21973 -0.04980 0.33691 -0.04883 0.33105 -0.19824 0.23242 -0.19922 0.22656 -0.04980 0.32227 -0.04883 0.33203 -0.19824 0.22754 -0.19922 0.23145 -0.04980 0.33105 -0.04980 0.32910 -0.19922 0.21680 -0.19922 0.21973 -0.04980 0.33691 -0.04883 0.33105 -0.19824 0.23242 -0.19922 0.22656 -0.04980 0.32227 -0.04883 0.33203 -0.19824 0.22754 -0.19922 0.23145 -0.04980 0.33105 -0.04980 0.32910 -0.19922 0.21680 -0.19922 0.21973 -0.04980 0.33691 -0.04883 0.33105 -0.19824 0.23242 -0.19922 0.22656 -0.04980 0.32227 -0.04883 0.33203 -0.19824 0.22754 -0.19922 0.23145 -0.04980 0.33105 -0.04980 0.32910 -0.19922 0.21680 -0.19922 0.21973 -0.04980 0.33691 -0.04883 0.33105 -0.19824</float_array>
     <technique_common>
      <accessor count="48" offset="0" source="#realb28-lib-texcoords-array" stride="2">
       <param name="U" type="float"/>
       <param name="V" type="float"/>
      </accessor>
     </technique_common>
    </source>
    <vertices id="realb28-lib-vertices">
     <input semantic="POSITION" source="#realb28-lib-positions"/>
    </vertices>
    <polylist count="12" material="mat4.png">
     <input offset="0" semantic="VERTEX" source="#realb28-lib-vertices"/>
     <input offset="1" semantic="NORMAL" source="#realb28-lib-normals"/>
     <input offset="2" semantic="TEXCOORD" source="#realb28-lib-texcoords"/>
     <vcount>4 4 4 4 4 4 4 4 4 4 4 4</vcount>
     <p>0 2 3 1 2 2 2 1 1 3 0 0 4 4 7 5 4 6 1 3 5 0 3 4 3 8 11 2 7 10 5 6 9 4 5 8 6 11 15 7 10 14 8 10 13 9 9 12 10 13 19 11 12 18 7 12 17 6 12 16 9 17 23 8 16 22 11 15 21 10 14 20 12 19 27 13 18 26 14 18 25 15 18 24 16 22 31 17 21 30 13 20 29 12 20 28 15 26 35 14 25 34 17 24 33 16 23 32 18 30 39 19 29 38 20 28 37 21 27 36 22 31 43 23 31 42 19 31 41 18 31 40 21 35 47 20 34 46 23 33 45 22 32 44</p>
    </polylist>
   </mesh>
  </geometry>
  <geometry id="realb28_1-lib" name="realb28_1">
   <mesh>
    <source id="realb28_1-lib-positions" name="position">
     <float_array id="realb28_1-lib-positions-array" count="69">0.00000 5.86206 2.00635 0.74854 7.69702 1.12695 0.59277 6.57739 1.72217 0.00000 7.42993 1.58691 -0.59277 6.57739 1.72217 -0.74902 7.69751 1.12695 0.00000 14.77943 -1.50988 1.57129 10.98548 -1.50972 1.57129 14.12855 -1.50986 0.00000 10.33460 -1.50971 -1.57129 14.12855 -1.50986 -1.57129 10.98548 -1.50972 1.03662 9.32153 0.12109 0.00000 9.03784 0.87451 1.78613 8.26245 0.08545 0.98535 7.88696 -0.95117 0.00000 9.01440 -0.93652 0.00000 7.30200 -1.49121 -0.98535 7.88696 -0.95117 -1.03662 9.32153 0.12109 -1.78613 8.26245 0.08545 2.22266 12.55677 -1.50955 -2.22266 12.55677 -1.50955</float_array>
     <technique_common>
      <accessor count="23" source="#realb28_1-lib-positions-array" stride="3">
       <param name="X" type="float"/>
       <param name="Y" type="float"/>
       <param name="Z" type="float"/>
      </accessor>
     </technique_common>
    </source>
    <source id="realb28_1-lib-normals" name="normal">
     <float_array id="realb28_1-lib-normals-array" count="198">0.02011 0.31321 0.94947 0.41611 0.36330 0.83358 -0.16768 0.48085 0.86062 0.02011 0.31321 0.94947 0.04832 0.34888 0.93592 0.41611 0.36330 0.83358 -0.21837 0.29920 0.92887 0.04832 0.34888 0.93592 0.02011 0.31321 0.94947 -0.21837 0.29920 0.92887 -0.42949 0.38453 0.81712 0.04832 0.34888 0.93592 0.00000 -0.00004 -1.00000 0.00007 -0.00004 -1.00000 0.00005 -0.00004 -1.00000 0.00000 -0.00004 -1.00000 0.00000 -0.00004 -1.00000 0.00007 -0.00004 -1.00000 -0.00006 -0.00004 -1.00000 0.00000 -0.00004 -1.00000 0.00000 -0.00004 -1.00000 -0.00006 -0.00004 -1.00000 -0.00007 -0.00004 -1.00000 0.00000 -0.00004 -1.00000 0.50827 0.38641 0.76964 0.41611 0.36330 0.83358 0.00011 0.44349 0.89628 0.50827 0.38641 0.76964 0.55248 0.36578 0.74898 0.41611 0.36330 0.83358 0.47332 0.40064 -0.78451 0.61587 0.45744 -0.64145 0.58131 0.47371 -0.66157 0.00000 0.47739 -0.87869 0.47332 0.40064 -0.78451 0.58131 0.47371 -0.66157 0.00000 0.47739 -0.87869 0.00000 0.30816 -0.95133 0.47332 0.40064 -0.78451 -0.47332 0.40064 -0.78451 0.00000 0.30816 -0.95133 0.00000 0.47739 -0.87869 0.00011 0.44349 0.89628 -0.42949 0.38453 0.81712 -0.50830 0.38660 0.76953 0.00011 0.44349 0.89628 0.04832 0.34888 0.93592 -0.42949 0.38453 0.81712 0.41611 0.36330 0.83358 0.04832 0.34888 0.93592 0.00011 0.44349 0.89628 -0.58131 0.47371 -0.66157 -0.47332 0.40064 -0.78451 0.00000 0.47739 -0.87869 -0.58131 0.47371 -0.66157 -0.61587 0.45744 -0.64145 -0.47332 0.40064 -0.78451 -0.42949 0.38453 0.81712 -0.55265 0.36591 0.74879 -0.50830 0.38660 0.76953 0.00007 -0.00004 -1.00000 0.00037 -0.00004 -1.00000 0.00005 -0.00004 -1.00000 -0.00037 -0.00004 -1.00000 -0.00007 -0.00004 -1.00000 -0.00006 -0.00004 -1.00000</float_array>
     <technique_common>
      <accessor count="66" source="#realb28_1-lib-normals-array" stride="3">
       <param name="X" type="float"/>
       <param name="Y" type="float"/>
       <param name="Z" type="float"/>
      </accessor>
     </technique_common>
    </source>
    <source id="realb28_1-lib-texcoords">
     <float_array id="realb28_1-lib-texcoords-array" count="132">0.04004 -0.99902 0.27344 -0.60645 0.19238 -0.91504 0.04004 -0.99902 0.05566 -0.66504 0.27344 -0.60645 0.19238 -0.91504 0.05566 -0.66504 0.04004 -0.99902 0.19238 -0.91504 0.27344 -0.60645 0.05566 -0.66504 0.94531 -0.17383 0.68164 -0.85547 0.66797 -0.29590 0.94531 -0.17383 0.96387 -0.96484 0.68164 -0.85547 0.66797 -0.29590 0.96387 -0.96484 0.94531 -0.17383 0.66797 -0.29590 0.68164 -0.85547 0.96387 -0.96484 0.37402 -0.30371 0.27344 -0.60645 0.08887 -0.36230 0.37402 -0.30371 0.52832 -0.50684 0.27344 -0.60645 0.65332 -0.25879 0.52832 -0.50684 0.37402 -0.30371 0.50781 -0.03027 0.65332 -0.25879 0.37402 -0.30371 0.50781 -0.03027 0.83105 -0.08301 0.65332 -0.25879 0.65332 -0.25879 0.83105 -0.08301 0.50781 -0.03027 0.08887 -0.36230 0.27344 -0.60645 0.37402 -0.30371 0.08887 -0.36230 0.05566 -0.66504 0.27344 -0.60645 0.27344 -0.60645 0.05566 -0.66504 0.08887 -0.36230 0.37402 -0.30371 0.65332 -0.25879 0.50781 -0.03027 0.37402 -0.30371 0.52832 -0.50684 0.65332 -0.25879 0.27344 -0.60645 0.52832 -0.50684 0.37402 -0.30371 0.68164 -0.85547 0.55957 -0.57812 0.66797 -0.29590 0.55957 -0.57812 0.68164 -0.85547 0.66797 -0.29590</float_array>
     <technique_common>
      <accessor count="66" offset="0" source="#realb28_1-lib-texcoords-array" stride="2">
       <param name="U" type="float"/>
       <param name="V" type="float"/>
      </accessor>
     </technique_common>
    </source>
    <vertices id="realb28_1-lib-vertices">
     <input semantic="POSITION" source="#realb28_1-lib-positions"/>
    </vertices>
    <polylist count="22" material="mat1.png">
     <input offset="0" semantic="VERTEX" source="#realb28_1-lib-vertices"/>
     <input offset="1" semantic="NORMAL" source="#realb28_1-lib-normals"/>
     <input offset="2" semantic="TEXCOORD" source="#realb28_1-lib-texcoords"/>
     <vcount>3 3 3 3 3 3 3 3 3 3 3 3 3 3 3 3 3 3 3 3 3 3</vcount>
     <p>2 2 2 1 1 1 0 0 0 1 5 5 3 4 4 0 3 3 0 8 8 3 7 7 4 6 6 3 11 11 5 10 10 4 9 9 8 14 14 7 13 13 6 12 12 7 17 17 9 16 16 6 15 15 6 20 20 9 19 19 10 18 18 9 23 23 11 22 22 10 21 21 13 26 26 1 25 25 12 24 24 1 29 29 14 28 28 12 27 27 12 32 32 14 31 31 15 30 30 12 35 35 15 34 34 16 33 33 15 38 38 17 37 37 16 36 36 16 41 41 17 40 40 18 39 39 19 44 44 5 43 43 13 42 42 5 47 47 3 46 46 13 45 45 13 50 50 3 49 49 1 48 48 16 53 53 18 52 52 19 51 51 18 56 56 20 55 55 19 54 54 19 59 59 20 58 58 5 57 57 8 62 62 21 61 61 7 60 60 10 65 65 11 64 64 22 63 63</p>
    </polylist>
   </mesh>
  </geometry>
  <geometry id="realb28_2-lib" name="realb28_2">
   <mesh>
    <source id="realb28_2-lib-positions" name="position">
     <float_array id="realb28_2-lib-positions-array" count="51">6.12364 11.00876 5.67971 5.94066 11.00787 7.80884 6.12316 11.00850 7.80887 5.94114 11.00814 5.67968 6.19945 11.01004 5.59428 5.86813 11.00936 5.59422 6.10964 11.00855 5.50882 5.95802 11.00844 5.50880 6.15461 11.00933 5.28327 5.91316 11.00771 5.28323 6.08167 11.00813 5.05428 5.98619 11.00897 5.05426 6.10134 11.00847 4.99277 5.96656 11.00865 4.99274 6.08170 11.00814 4.93125 5.98622 11.00898 4.93123 6.03323 11.00939 8.10960</float_array>
     <technique_common>
      <accessor count="17" source="#realb28_2-lib-positions-array" stride="3">
       <param name="X" type="float"/>
       <param name="Y" type="float"/>
       <param name="Z" type="float"/>
      </accessor>
     </technique_common>
    </source>
    <source id="realb28_2-lib-normals" name="normal">
     <float_array id="realb28_2-lib-normals-array" count="135">0.00340 -0.99997 -0.00716 0.00345 -0.99999 0.00172 0.00345 -0.99999 0.00173 0.00340 -0.99997 -0.00716 0.00271 -0.99995 -0.00920 0.00345 -0.99999 0.00172 0.00249 -1.00000 0.00013 0.00271 -0.99995 -0.00920 0.00340 -0.99997 -0.00716 0.00249 -1.00000 0.00013 0.00171 -1.00000 -0.00234 0.00271 -0.99995 -0.00920 0.00138 -0.99997 0.00705 0.00171 -1.00000 -0.00234 0.00249 -1.00000 0.00013 0.00138 -0.99997 0.00705 0.00204 -0.99998 0.00635 0.00171 -1.00000 -0.00234 0.00553 -0.99998 0.00145 0.00204 -0.99998 0.00635 0.00138 -0.99997 0.00705 0.00553 -0.99998 0.00145 0.00480 -0.99999 0.00107 0.00204 -0.99998 0.00635 -0.00490 -0.99997 -0.00546 0.00480 -0.99999 0.00107 0.00553 -0.99998 0.00145 -0.00490 -0.99997 -0.00546 -0.00603 -0.99998 -0.00316 0.00480 -0.99999 0.00107 -0.00361 -0.99999 0.00144 -0.00603 -0.99998 -0.00316 -0.00490 -0.99997 -0.00546 -0.00361 -0.99999 0.00144 -0.00362 -0.99999 0.00144 -0.00603 -0.99998 -0.00316 -0.00329 -0.99999 0.00215 -0.00362 -0.99999 0.00144 -0.00361 -0.99999 0.00144 -0.00329 -0.99999 0.00215 -0.00880 -0.99993 -0.00818 -0.00362 -0.99999 0.00144 0.00345 -0.99999 0.00172 0.00345 -0.99999 0.00399 0.00345 -0.99999 0.00173</float_array>
     <technique_common>
      <accessor count="45" source="#realb28_2-lib-normals-array" stride="3">
       <param name="X" type="float"/>
       <param name="Y" type="float"/>
       <param name="Z" type="float"/>
      </accessor>
     </technique_common>
    </source>
    <source id="realb28_2-lib-texcoords">
     <float_array id="realb28_2-lib-texcoords-array" count="90">0.05762 -0.21387 0.11426 -0.84180 0.05762 -0.84180 0.05762 -0.21387 0.11426 -0.21387 0.11426 -0.84180 0.03418 -0.19238 0.11426 -0.21387 0.05762 -0.21387 0.03418 -0.19238 0.13770 -0.19238 0.11426 -0.21387 0.06250 -0.17090 0.13770 -0.19238 0.03418 -0.19238 0.06250 -0.17090 0.10938 -0.17090 0.13770 -0.19238 0.04883 -0.11328 0.10938 -0.17090 0.06250 -0.17090 0.04883 -0.11328 0.12305 -0.11328 0.10938 -0.17090 0.07129 -0.05566 0.12305 -0.11328 0.04883 -0.11328 0.07129 -0.05566 0.10059 -0.05566 0.12305 -0.11328 0.06543 -0.04004 0.10059 -0.05566 0.07129 -0.05566 0.06543 -0.04004 0.10742 -0.04004 0.10059 -0.05566 0.07129 -0.02344 0.10742 -0.04004 0.06543 -0.04004 0.07129 -0.02344 0.10059 -0.02344 0.10742 -0.04004 0.11426 -0.84180 0.08594 -0.91895 0.05762 -0.84180</float_array>
     <technique_common>
      <accessor count="45" offset="0" source="#realb28_2-lib-texcoords-array" stride="2">
       <param name="U" type="float"/>
       <param name="V" type="float"/>
      </accessor>
     </technique_common>
    </source>
    <vertices id="realb28_2-lib-vertices">
     <input semantic="POSITION" source="#realb28_2-lib-positions"/>
    </vertices>
    <polylist count="15" material="mat4.png">
     <input offset="0" semantic="VERTEX" source="#realb28_2-lib-vertices"/>
     <input offset="1" semantic="NORMAL" source="#realb28_2-lib-normals"/>
     <input offset="2" semantic="TEXCOORD" source="#realb28_2-lib-texcoords"/>
     <vcount>3 3 3 3 3 3 3 3 3 3 3 3 3 3 3</vcount>
     <p>2 2 2 1 1 1 0 0 0 1 5 5 3 4 4 0 3 3 0 8 8 3 7 7 4 6 6 3 11 11 5 10 10 4 9 9 4 14 14 5 13 13 6 12 12 5 17 17 7 16 16 6 15 15 6 20 20 7 19 19 8 18 18 7 23 23 9 22 22 8 21 21 8 26 26 9 25 25 10 24 24 9 29 29 11 28 28 10 27 27 10 32 32 11 31 31 12 30 30 11 35 35 13 34 34 12 33 33 12 38 38 13 37 37 14 36 36 13 41 41 15 40 40 14 39 39 2 44 44 16 43 43 1 42 42</p>
    </polylist>
   </mesh>
  </geometry>
  <geometry id="realb28_3-lib" name="realb28_3">
   <mesh>
    <source id="realb28_3-lib-positions" name="position">
     <float_array id="realb28_3-lib-positions-array" count="57">6.70519 10.97579 -7.46153 6.86338 10.97650 -9.63221 6.70230 10.97567 -9.63221 6.86132 10.97683 -7.46153 6.70521 10.97580 -7.36240 6.86133 10.97684 -7.36240 6.73262 10.97720 -6.84622 6.83413 10.97555 -6.84622 6.71027 10.97567 -6.78469 6.85402 10.97720 -6.78469 6.73264 10.97721 -6.72316 6.83415 10.97556 -6.72316 6.56650 10.97651 -7.36239 6.61110 10.97715 -7.46153 6.95543 10.97548 -7.36240 7.00250 10.97602 -7.46154 6.78150 10.97488 -9.93303 6.56398 10.97659 -7.57775 7.00255 10.97604 -7.22225</float_array>
     <technique_common>
      <accessor count="19" source="#realb28_3-lib-positions-array" stride="3">
       <param name="X" type="float"/>
       <param name="Y" type="float"/>
       <param name="Z" type="float"/>
      </accessor>
     </technique_common>
    </source>
    <source id="realb28_3-lib-normals" name="normal">
     <float_array id="realb28_3-lib-normals-array" count="141">0.00114 -1.00000 -0.00134 0.00520 -0.99998 0.00183 0.00517 -0.99998 0.00184 0.00114 -1.00000 -0.00134 0.00106 -1.00000 -0.00124 0.00520 -0.99998 0.00183 0.00110 -1.00000 -0.00064 0.00106 -1.00000 -0.00124 0.00114 -1.00000 -0.00134 0.00110 -1.00000 -0.00064 0.00005 -1.00000 -0.00078 0.00106 -1.00000 -0.00124 -0.01435 -0.99974 -0.01777 0.00005 -1.00000 -0.00078 0.00110 -1.00000 -0.00064 -0.01435 -0.99974 -0.01777 -0.00535 -0.99998 0.00386 0.00005 -1.00000 -0.00078 0.00227 -0.99998 0.00543 -0.00535 -0.99998 0.00386 -0.01435 -0.99974 -0.01777 0.00227 -0.99998 0.00543 0.00221 -0.99998 0.00565 -0.00535 -0.99998 0.00386 0.00407 -0.99996 0.00830 0.00221 -0.99998 0.00565 0.00227 -0.99998 0.00543 0.00407 -0.99996 0.00830 -0.01626 -0.99936 -0.03182 0.00221 -0.99998 0.00565 -0.00348 -0.99999 -0.00325 0.00110 -1.00000 -0.00064 0.00114 -1.00000 -0.00134 0.00256 -0.99999 -0.00225 0.00163 -1.00000 -0.00178 -0.00395 -0.99999 -0.00284 0.00106 -1.00000 -0.00124 0.00005 -1.00000 -0.00078 0.00520 -0.99998 0.00183 0.00517 -0.99998 0.00397 0.00517 -0.99998 0.00184 0.00256 -0.99999 -0.00225 0.01306 -0.99991 -0.00051 -0.00348 -0.99999 -0.00325 0.00163 -1.00000 -0.00178 0.01155 -0.99993 0.00011 -0.00395 -0.99999 -0.00284</float_array>
     <technique_common>
      <accessor count="47" source="#realb28_3-lib-normals-array" stride="3">
       <param name="X" type="float"/>
       <param name="Y" type="float"/>
       <param name="Z" type="float"/>
      </accessor>
     </technique_common>
    </source>
    <source id="realb28_3-lib-texcoords">
     <float_array id="realb28_3-lib-texcoords-array" count="94">0.25293 -0.21094 0.30859 -0.84180 0.25195 -0.84180 0.25293 -0.21094 0.30762 -0.21094 0.30859 -0.84180 0.25293 -0.18555 0.30762 -0.21094 0.25293 -0.21094 0.25293 -0.18555 0.30762 -0.18555 0.30762 -0.21094 0.26270 -0.05469 0.30762 -0.18555 0.25293 -0.18555 0.26270 -0.05469 0.29883 -0.05469 0.30762 -0.18555 0.25488 -0.03906 0.29883 -0.05469 0.26270 -0.05469 0.25488 -0.03906 0.30566 -0.03906 0.29883 -0.05469 0.26270 -0.02344 0.30566 -0.03906 0.25488 -0.03906 0.26270 -0.02344 0.29883 -0.02344 0.30566 -0.03906 0.20410 -0.18555 0.25293 -0.18555 0.25293 -0.21094 0.21973 -0.21094 0.34082 -0.18652 0.35742 -0.21191 0.30762 -0.21094 0.30762 -0.18555 0.30859 -0.84180 0.28027 -0.91895 0.25195 -0.84180 0.21973 -0.21094 0.20410 -0.24121 0.20410 -0.18555 0.34082 -0.18652 0.35840 -0.15137 0.35742 -0.21191</float_array>
     <technique_common>
      <accessor count="47" offset="0" source="#realb28_3-lib-texcoords-array" stride="2">
       <param name="U" type="float"/>
       <param name="V" type="float"/>
      </accessor>
     </technique_common>
    </source>
    <vertices id="realb28_3-lib-vertices">
     <input semantic="POSITION" source="#realb28_3-lib-positions"/>
    </vertices>
    <polylist count="15" material="mat4.png">
     <input offset="0" semantic="VERTEX" source="#realb28_3-lib-vertices"/>
     <input offset="1" semantic="NORMAL" source="#realb28_3-lib-normals"/>
     <input offset="2" semantic="TEXCOORD" source="#realb28_3-lib-texcoords"/>
     <vcount>3 3 3 3 3 3 3 3 3 3 4 4 3 3 3</vcount>
     <p>2 2 2 1 1 1 0 0 0 1 5 5 3 4 4 0 3 3 0 8 8 3 7 7 4 6 6 3 11 11 5 10 10 4 9 9 4 14 14 5 13 13 6 12 12 5 17 17 7 16 16 6 15 15 6 20 20 7 19 19 8 18 18 7 23 23 9 22 22 8 21 21 8 26 26 9 25 25 10 24 24 9 29 29 11 28 28 10 27 27 13 33 33 0 32 32 4 31 31 12 30 30 5 37 37 3 36 36 15 35 35 14 34 34 2 40 40 16 39 39 1 38 38 12 43 43 17 42 42 13 41 41 15 46 46 18 45 45 14 44 44</p>
    </polylist>
   </mesh>
  </geometry>
  <geometry id="realb28_4-lib" name="realb28_4">
   <mesh>
    <source id="realb28_4-lib-positions" name="position">
     <float_array id="realb28_4-lib-positions-array" count="162">-0.52881 12.65912 -0.03220 0.00000 13.16542 0.44743 0.00000 12.59706 0.45706 -0.49658 13.10346 0.02293 0.00000 12.69837 -0.48725 0.00000 13.16565 -0.46370 0.52881 12.65912 -0.03220 0.49658 13.16553 0.01237 0.00000 13.09446 -0.79321 0.28711 12.79373 -0.73334 0.56152 13.09466 -0.58422 0.00000 12.73787 -0.94179 -0.56152 13.09466 -0.58422 -0.28711 12.79373 -0.73334 -0.77441 13.09475 0.00806 -0.69727 12.79123 -0.29486 -0.90723 12.71780 0.00794 -0.56152 13.09484 0.60035 -0.69727 12.79134 0.31109 0.00000 13.09456 0.80933 -0.28711 12.79127 0.74762 0.00000 12.73777 0.95665 0.56152 13.09484 0.60035 0.28711 12.79127 0.74762 0.77441 13.09475 0.00806 0.74414 12.79134 0.31109 0.96973 12.74563 0.00791 0.74414 12.79123 -0.29486 -0.61377 13.92810 -0.63973 0.00000 13.92788 -0.86775 0.61377 13.92810 -0.63973 -0.61377 13.92839 0.65569 -0.84668 13.92825 0.00822 0.61377 13.92839 0.65569 0.00000 13.92813 0.88371 0.84668 13.92825 0.00822 -0.14111 14.55420 -0.02022 0.00000 15.34579 0.06934 0.00000 14.55385 0.12089 -0.08936 15.34570 -0.02002 0.00000 14.55406 -0.16133 0.00000 15.34562 -0.10986 0.14111 14.55420 -0.02022 0.08936 15.34570 -0.02002 0.47070 14.45750 -0.54307 -0.03223 14.45750 -0.53624 -0.58105 14.45751 -0.52794 -0.55859 14.45755 0.00820 -0.53516 14.45760 0.55898 0.01270 14.45759 0.55214 0.51611 14.45758 0.54384 0.49365 14.45755 0.00820 0.00000 14.64798 0.00801 0.00000 15.46631 -0.02013</float_array>
     <technique_common>
      <accessor count="54" source="#realb28_4-lib-positions-array" stride="3">
       <param name="X" type="float"/>
       <param name="Y" type="float"/>
       <param name="Z" type="float"/>
      </accessor>
     </technique_common>
    </source>
    <source id="realb28_4-lib-normals" name="normal">
     <float_array id="realb28_4-lib-normals-array" count="684">-0.66115 -0.01994 0.74999 -0.66721 -0.00871 0.74482 -0.67828 0.01244 0.73470 -0.66115 -0.01994 0.74999 -0.64560 -0.04773 0.76218 -0.66721 -0.00871 0.74482 -0.68477 0.07368 -0.72503 -0.67156 0.10118 -0.73401 -0.65181 0.13974 -0.74540 -0.68477 0.07368 -0.72503 -0.70175 0.03586 -0.71152 -0.67156 0.10118 -0.73401 0.67544 0.08073 -0.73299 0.66788 0.06569 -0.74137 0.65342 0.03811 -0.75604 0.67544 0.08073 -0.73299 0.68809 0.10695 -0.71770 0.66788 0.06569 -0.74137 0.66809 -0.00154 0.74408 0.67146 -0.00690 0.74100 0.68031 -0.02119 0.73262 0.66809 -0.00154 0.74408 0.65892 0.01274 0.75210 0.67146 -0.00690 0.74100 0.03262 0.12864 -0.99115 0.41526 0.22078 -0.88250 0.69536 0.01396 -0.71853 0.03262 0.12864 -0.99115 0.05348 0.31649 -0.94709 0.41526 0.22078 -0.88250 -0.72331 -0.00976 -0.69045 0.05348 0.31649 -0.94709 0.03262 0.12864 -0.99115 -0.72331 -0.00976 -0.69045 -0.60009 -0.15870 -0.78404 0.05348 0.31649 -0.94709 -0.99434 0.10184 -0.03031 -0.89866 0.17362 -0.40283 -0.72331 -0.00976 -0.69045 -0.99434 0.10184 -0.03031 -0.96236 0.26682 -0.05176 -0.89866 0.17362 -0.40283 -0.69833 -0.01089 0.71569 -0.96236 0.26682 -0.05176 -0.99434 0.10184 -0.03031 -0.69833 -0.01089 0.71569 -0.77759 -0.21526 0.59077 -0.96236 0.26682 -0.05176 -0.03317 0.12638 0.99143 -0.41728 0.21536 0.88289 -0.69833 -0.01089 0.71569 -0.03317 0.12638 0.99143 -0.05484 0.31196 0.94851 -0.41728 0.21536 0.88289 0.72116 0.01342 0.69263 -0.05484 0.31196 0.94851 -0.03317 0.12638 0.99143 0.72116 0.01342 0.69263 0.60039 -0.16291 0.78294 -0.05484 0.31196 0.94851 0.98113 0.18984 0.03679 0.86118 0.31360 0.40003 0.72116 0.01342 0.69263 0.98113 0.18984 0.03679 0.90596 0.41982 0.05472 0.86118 0.31360 0.40003 0.69536 0.01396 -0.71853 0.90596 0.41982 0.05472 0.98113 0.18984 0.03679 0.69536 0.01396 -0.71853 0.79056 -0.10031 -0.60411 0.90596 0.41982 0.05472 0.03262 0.12864 -0.99115 -0.70071 0.04904 -0.71176 -0.72331 -0.00976 -0.69045 0.03262 0.12864 -0.99115 0.00231 0.15174 -0.98842 -0.70071 0.04904 -0.71176 0.69536 0.01396 -0.71853 0.00231 0.15174 -0.98842 0.03262 0.12864 -0.99115 0.69536 0.01396 -0.71853 0.71122 0.10424 -0.69520 0.00231 0.15174 -0.98842 -0.99434 0.10184 -0.03031 -0.70684 0.06671 0.70422 -0.69833 -0.01089 0.71569 -0.99434 0.10184 -0.03031 -0.99234 0.12324 0.00830 -0.70684 0.06671 0.70422 -0.72331 -0.00976 -0.69045 -0.99234 0.12324 0.00830 -0.99434 0.10184 -0.03031 -0.72331 -0.00976 -0.69045 -0.70071 0.04904 -0.71176 -0.99234 0.12324 0.00830 -0.03317 0.12638 0.99143 0.70623 0.08685 0.70264 0.72116 0.01342 0.69263 -0.03317 0.12638 0.99143 0.00357 0.15198 0.98838 0.70623 0.08685 0.70264 -0.69833 -0.01089 0.71569 0.00357 0.15198 0.98838 -0.03317 0.12638 0.99143 -0.69833 -0.01089 0.71569 -0.70684 0.06671 0.70422 0.00357 0.15198 0.98838 0.98113 0.18984 0.03679 0.71122 0.10424 -0.69520 0.69536 0.01396 -0.71853 0.98113 0.18984 0.03679 0.98559 0.16900 -0.00729 0.71122 0.10424 -0.69520 0.72116 0.01342 0.69263 0.98559 0.16900 -0.00729 0.98113 0.18984 0.03679 0.72116 0.01342 0.69263 0.70623 0.08685 0.70264 0.98559 0.16900 -0.00729 -0.70631 0.04599 0.70641 -0.68924 0.22401 0.68903 -0.70630 0.04599 0.70641 -0.70631 0.04599 0.70641 -0.68927 0.22390 0.68904 -0.68924 0.22401 0.68903 -0.70652 0.04631 -0.70617 -0.69074 0.22396 -0.68754 -0.70632 0.04637 -0.70637 -0.70652 0.04631 -0.70617 -0.69100 0.22345 -0.68745 -0.69074 0.22396 -0.68754 0.70653 0.04599 -0.70618 0.69077 0.22379 -0.68757 0.70634 0.04593 -0.70638 0.70653 0.04599 -0.70618 0.69086 0.22431 -0.68731 0.69077 0.22379 -0.68757 0.70631 0.04600 0.70641 0.68926 0.22388 0.68905 0.70630 0.04600 0.70641 0.70631 0.04600 0.70641 0.68925 0.22400 0.68903 0.68926 0.22388 0.68905 0.48783 0.69685 -0.52576 0.00231 0.15174 -0.98842 0.71122 0.10424 -0.69520 0.48783 0.69685 -0.52576 -0.00897 0.78106 -0.62439 0.00231 0.15174 -0.98842 -0.55887 0.65809 -0.50456 -0.99234 0.12324 0.00830 -0.70071 0.04904 -0.71176 -0.55887 0.65809 -0.50456 -0.64428 0.76431 0.02714 -0.99234 0.12324 0.00830 -0.52229 0.67005 0.52749 0.00357 0.15198 0.98838 -0.70684 0.06671 0.70422 -0.52229 0.67005 0.52749 0.00908 0.78109 0.62435 0.00357 0.15198 0.98838 0.52348 0.68794 0.50270 0.98559 0.16900 -0.00729 0.70623 0.08685 0.70264 0.52348 0.68794 0.50270 0.62490 0.78027 -0.02617 0.98559 0.16900 -0.00729 0.00231 0.15174 -0.98842 -0.55887 0.65809 -0.50456 -0.70071 0.04904 -0.71176 0.00231 0.15174 -0.98842 -0.00897 0.78106 -0.62439 -0.55887 0.65809 -0.50456 -0.99234 0.12324 0.00830 -0.52229 0.67005 0.52749 -0.70684 0.06671 0.70422 -0.99234 0.12324 0.00830 -0.64428 0.76431 0.02714 -0.52229 0.67005 0.52749 0.00357 0.15198 0.98838 0.52348 0.68794 0.50270 0.70623 0.08685 0.70264 0.00357 0.15198 0.98838 0.00908 0.78109 0.62435 0.52348 0.68794 0.50270 0.98559 0.16900 -0.00729 0.48783 0.69685 -0.52576 0.71122 0.10424 -0.69520 0.98559 0.16900 -0.00729 0.62490 0.78027 -0.02617 0.48783 0.69685 -0.52576 0.01664 0.99986 -0.00042 -0.00897 0.78106 -0.62439 0.48783 0.69685 -0.52576 0.01664 0.99986 -0.00042 -0.55887 0.65809 -0.50456 -0.00897 0.78106 -0.62439 -0.64428 0.76431 0.02714 -0.55887 0.65809 -0.50456 0.01664 0.99986 -0.00042 0.01664 0.99986 -0.00042 0.62490 0.78027 -0.02617 0.52348 0.68794 0.50270 0.01664 0.99986 -0.00042 0.48783 0.69685 -0.52576 0.62490 0.78027 -0.02617 -0.68927 0.22390 0.68904 -0.62637 0.46467 0.62590 -0.68924 0.22401 0.68903 -0.69074 0.22396 -0.68754 -0.69100 0.22345 -0.68745 -0.62771 0.46444 -0.62472 0.62637 0.46467 0.62590 0.68926 0.22388 0.68905 0.68925 0.22400 0.68903 0.62771 0.46444 -0.62472 0.69077 0.22379 -0.68757 0.69086 0.22431 -0.68731 0.01664 0.99986 -0.00042 -0.52229 0.67005 0.52749 -0.64428 0.76431 0.02714 0.01664 0.99986 -0.00042 0.00908 0.78109 0.62435 -0.52229 0.67005 0.52749 0.52348 0.68794 0.50270 0.00908 0.78109 0.62435 0.01664 0.99986 -0.00042</float_array>
     <technique_common>
      <accessor count="228" source="#realb28_4-lib-normals-array" stride="3">
       <param name="X" type="float"/>
       <param name="Y" type="float"/>
       <param name="Z" type="float"/>
      </accessor>
     </technique_common>
    </source>
    <source id="realb28_4-lib-texcoords">
     <float_array id="realb28_4-lib-texcoords-array" count="456">0.84766 -0.93750 0.88086 -0.92383 0.85156 -0.92383 0.84766 -0.93750 0.87891 -0.93750 0.88086 -0.92383 0.85156 -0.94531 0.87891 -0.93750 0.84766 -0.93750 0.85156 -0.94531 0.88281 -0.94336 0.87891 -0.93750 0.84766 -0.93750 0.88281 -0.94336 0.85156 -0.94531 0.84766 -0.93750 0.87891 -0.93750 0.88281 -0.94336 0.85156 -0.92383 0.87891 -0.93750 0.84766 -0.93750 0.85156 -0.92383 0.88086 -0.92383 0.87891 -0.93750 0.76172 -0.70898 0.89062 -0.91797 0.99805 -0.67969 0.76172 -0.70898 0.75977 -0.96094 0.89062 -0.91797 0.99609 -0.67773 0.75977 -0.96094 0.76172 -0.70898 0.99609 -0.67773 0.89062 -0.91602 0.75977 -0.96094 0.25000 -0.73242 0.11719 -0.90820 0.00000 -0.70898 0.25000 -0.73242 0.25195 -0.95117 0.11719 -0.90820 0.00000 -0.70703 0.25195 -0.95117 0.25000 -0.73242 0.00000 -0.70703 0.11719 -0.90625 0.25195 -0.95117 0.75586 -0.77344 0.64062 -0.93359 0.50000 -0.74414 0.75586 -0.77344 0.75586 -0.97461 0.64062 -0.93359 0.50000 -0.74219 0.75586 -0.97461 0.75586 -0.77344 0.50000 -0.74219 0.63867 -0.93359 0.75586 -0.97461 0.25586 -0.73242 0.38086 -0.92383 0.50000 -0.70312 0.25586 -0.73242 0.25391 -0.95898 0.38086 -0.92383 0.50000 -0.69922 0.25391 -0.95898 0.25586 -0.73242 0.50000 -0.69922 0.38281 -0.92383 0.25391 -0.95898 0.76172 -0.70898 0.99609 -0.21094 0.99609 -0.67773 0.76172 -0.70898 0.76172 -0.23047 0.99609 -0.21094 0.99805 -0.67969 0.76172 -0.23047 0.76172 -0.70898 0.99805 -0.67969 0.99805 -0.21289 0.76172 -0.23047 0.25000 -0.73242 0.00000 -0.19922 0.00000 -0.70703 0.25000 -0.73242 0.25000 -0.21094 0.00000 -0.19922 0.00000 -0.70898 0.25000 -0.21094 0.25000 -0.73242 0.00000 -0.70898 0.00000 -0.20117 0.25000 -0.21094 0.75586 -0.77344 0.50000 -0.17969 0.50000 -0.74219 0.75586 -0.77344 0.74609 -0.20898 0.50000 -0.17969 0.50000 -0.74414 0.74609 -0.20898 0.75586 -0.77344 0.50000 -0.74414 0.50000 -0.18164 0.74609 -0.20898 0.25586 -0.73242 0.50000 -0.18945 0.50000 -0.69922 0.25586 -0.73242 0.25586 -0.20898 0.50000 -0.18945 0.50000 -0.70312 0.25586 -0.20898 0.25586 -0.73242 0.50000 -0.70312 0.50000 -0.19141 0.25586 -0.20898 0.51953 -0.76758 0.51367 -0.37695 0.53320 -0.74609 0.51953 -0.76758 0.50391 -0.40430 0.51367 -0.37695 0.49805 -0.78125 0.50391 -0.40430 0.51953 -0.76758 0.49805 -0.78125 0.49609 -0.41406 0.50391 -0.40430 0.47461 -0.77148 0.49609 -0.41406 0.49805 -0.78125 0.47461 -0.77148 0.48828 -0.40430 0.49609 -0.41406 0.45117 -0.73828 0.48828 -0.40430 0.47461 -0.77148 0.45117 -0.73828 0.47852 -0.37695 0.48828 -0.40430 0.97266 -0.01953 0.76172 -0.23047 0.99805 -0.21289 0.97266 -0.01953 0.75977 -0.01367 0.76172 -0.23047 0.01562 -0.02734 0.25000 -0.21094 0.00000 -0.20117 0.01562 -0.02734 0.25586 -0.02539 0.25000 -0.21094 0.48828 -0.00195 0.74609 -0.20898 0.50000 -0.18164 0.48828 -0.00195 0.75000 -0.01172 0.74609 -0.20898 0.49414 -0.00586 0.25586 -0.20898 0.50000 -0.19141 0.49414 -0.00586 0.25391 -0.00195 0.25586 -0.20898 0.76172 -0.23047 1.00781 -0.01562 0.99609 -0.21094 0.76172 -0.23047 0.75977 -0.01367 1.00781 -0.01562 0.25000 -0.21094 0.01172 -0.02344 0.00000 -0.19922 0.25000 -0.21094 0.25586 -0.02539 0.01172 -0.02344 0.74609 -0.20898 0.51562 -0.00977 0.50000 -0.17969 0.74609 -0.20898 0.75000 -0.01172 0.51562 -0.00977 0.25586 -0.20898 0.49805 -0.00391 0.50000 -0.18945 0.25586 -0.20898 0.25391 -0.00195 0.49805 -0.00391 0.10156 -0.07422 0.07227 -0.09961 0.04883 -0.07227 0.10156 -0.07422 0.09570 -0.13086 0.07227 -0.09961 0.12500 -0.10742 0.09570 -0.13086 0.10156 -0.07422 0.10156 -0.07422 0.08008 -0.04688 0.10938 -0.02344 0.10156 -0.07422 0.04883 -0.07227 0.08008 -0.04688 0.50391 -0.40430 0.49609 -0.34766 0.51367 -0.37695 0.50391 -0.40430 0.49609 -0.41406 0.49609 -0.34766 0.49609 -0.34766 0.48828 -0.40430 0.47852 -0.37695 0.49609 -0.34766 0.49609 -0.41406 0.48828 -0.40430 0.10156 -0.07422 0.15430 -0.08203 0.12500 -0.10742 0.10156 -0.07422 0.13281 -0.05273 0.15430 -0.08203 0.10938 -0.02344 0.13281 -0.05273 0.10156 -0.07422</float_array>
     <technique_common>
      <accessor count="228" offset="0" source="#realb28_4-lib-texcoords-array" stride="2">
       <param name="U" type="float"/>
       <param name="V" type="float"/>
      </accessor>
     </technique_common>
    </source>
    <vertices id="realb28_4-lib-vertices">
     <input semantic="POSITION" source="#realb28_4-lib-positions"/>
    </vertices>
    <polylist count="76" material="mat5.png">
     <input offset="0" semantic="VERTEX" source="#realb28_4-lib-vertices"/>
     <input offset="1" semantic="NORMAL" source="#realb28_4-lib-normals"/>
     <input offset="2" semantic="TEXCOORD" source="#realb28_4-lib-texcoords"/>
     <vcount>3 3 3 3 3 3 3 3 3 3 3 3 3 3 3 3 3 3 3 3 3 3 3 3 3 3 3 3 3 3 3 3 3 3 3 3 3 3 3 3 3 3 3 3 3 3 3 3 3 3 3 3 3 3 3 3 3 3 3 3 3 3 3 3 3 3 3 3 3 3 3 3 3 3 3 3</vcount>
     <p>2 2 2 1 1 1 0 0 0 1 5 5 3 4 4 0 3 3 0 8 8 3 7 7 4 6 6 3 11 11 5 10 10 4 9 9 4 14 14 5 13 13 6 12 12 5 17 17 7 16 16 6 15 15 6 20 20 7 19 19 2 18 18 7 23 23 1 22 22 2 21 21 10 26 26 9 25 25 8 24 24 9 29 29 11 28 28 8 27 27 8 32 32 11 31 31 12 30 30 11 35 35 13 34 34 12 33 33 12 38 38 15 37 37 14 36 36 15 41 41 16 40 40 14 39 39 14 44 44 16 43 43 17 42 42 16 47 47 18 46 46 17 45 45 17 50 50 20 49 49 19 48 48 20 53 53 21 52 52 19 51 51 19 56 56 21 55 55 22 54 54 21 59 59 23 58 58 22 57 57 22 62 62 25 61 61 24 60 60 25 65 65 26 64 64 24 63 63 24 68 68 26 67 67 10 66 66 26 71 71 27 70 70 10 69 69 12 74 74 28 73 73 8 72 72 28 77 77 29 76 76 8 75 75 8 80 80 29 79 79 10 78 78 29 83 83 30 82 82 10 81 81 17 86 86 31 85 85 14 84 84 31 89 89 32 88 88 14 87 87 14 92 92 32 91 91 12 90 90 32 95 95 28 94 94 12 93 93 22 98 98 33 97 97 19 96 96 33 101 101 34 100 100 19 99 99 19 104 104 34 103 103 17 102 102 34 107 107 31 106 106 17 105 105 10 110 110 30 109 109 24 108 108 30 113 113 35 112 112 24 111 111 24 116 116 35 115 115 22 114 114 35 119 119 33 118 118 22 117 117 38 122 122 37 121 121 36 120 120 37 125 125 39 124 124 36 123 123 36 128 128 39 127 127 40 126 126 39 131 131 41 130 130 40 129 129 40 134 134 41 133 133 42 132 132 41 137 137 43 136 136 42 135 135 42 140 140 43 139 139 38 138 138 43 143 143 37 142 142 38 141 141 30 146 146 29 145 145 44 144 144 29 149 149 45 148 148 44 147 147 28 152 152 32 151 151 46 150 150 32 155 155 47 154 154 46 153 153 31 158 158 34 157 157 48 156 156 34 161 161 49 160 160 48 159 159 33 164 164 35 163 163 50 162 162 35 167 167 51 166 166 50 165 165 28 170 170 46 169 169 29 168 168 46 173 173 45 172 172 29 171 171 31 176 176 48 175 175 32 174 174 48 179 179 47 178 178 32 177 177 33 182 182 50 181 181 34 180 180 50 185 185 49 184 184 34 183 183 30 188 188 44 187 187 35 186 186 44 191 191 51 190 190 35 189 189 44 194 194 45 193 193 52 192 192 45 197 197 46 196 196 52 195 195 52 200 200 46 199 199 47 198 198 50 203 203 51 202 202 52 201 201 51 206 206 44 205 205 52 204 204 37 209 209 53 208 208 39 207 207 53 212 212 41 211 211 39 210 210 37 215 215 43 214 214 53 213 213 43 218 218 41 217 217 53 216 216 47 221 221 48 220 220 52 219 219 48 224 224 49 223 223 52 222 222 52 227 227 49 226 226 50 225 225</p>
    </polylist>
   </mesh>
  </geometry>
  <geometry id="L1sword_2-lib" name="L1sword_2">
   <mesh>
    <source id="L1sword_2-lib-positions" name="position">
     <float_array id="L1sword_2-lib-positions-array" count="279">0.00000 9.20649 -0.93095 1.06738 9.00024 0.09277 0.93115 9.51533 0.07318 0.00000 8.96167 -0.91797 -0.93115 9.51533 0.07318 -1.06738 9.00024 0.09277 0.00000 9.02661 0.86670 0.00000 9.50842 0.83001 1.17236 11.75458 -1.13309 1.90749 10.76842 -0.92012 2.14149 11.44802 -0.97015 1.23975 10.91542 -1.19142 0.00000 11.78217 -1.25914 0.00000 10.96527 -1.24802 -1.17236 11.75458 -1.13309 -1.23975 10.91542 -1.19142 -2.14149 11.44802 -0.97015 -1.90749 10.76842 -0.92012 0.00000 11.02523 1.55574 1.04541 12.45530 1.03432 1.35840 10.99031 1.22661 0.00000 12.30859 1.34525 -1.35840 10.99031 1.22661 -1.04541 12.45530 1.03432 1.01562 12.80146 -0.44461 2.13514 12.97188 -0.64685 1.44141 13.20136 -0.32352 0.00000 12.32350 -1.01997 -1.01562 12.80146 -0.44461 -1.44141 13.20136 -0.32352 -2.13514 12.97188 -0.64685 1.20410 10.52199 -1.01837 0.00000 10.21785 -1.10599 -1.20410 10.52199 -1.01837 0.63721 5.69019 -2.35352 0.59668 7.83813 -0.83447 0.12012 7.73950 -1.03613 1.29150 5.81226 -2.07129 1.58838 4.22632 -3.62940 2.58301 4.47485 -3.29590 -1.29150 5.81226 -2.07129 -0.12012 7.73950 -1.03613 -0.59668 7.83813 -0.83447 -0.63721 5.69019 -2.35352 -2.58301 4.47485 -3.29590 -1.58838 4.22632 -3.62940 0.52881 12.70114 -0.03220 0.00000 12.69837 -0.48725 0.00000 12.59706 0.45706 1.00598 0.33931 1.42790 0.96991 0.47751 1.96654 0.46686 0.01253 1.44442 1.57976 0.01272 1.44454 0.99807 0.76509 0.39366 0.64350 0.65465 -0.02196 1.38869 0.65478 -0.02188 0.96987 0.01262 1.76091 2.12200 12.99494 0.08774 0.00000 9.62005 1.09572 1.00684 10.29215 0.78713 2.11570 11.49367 0.49904 1.28369 10.73407 0.61398 -0.52881 12.70114 -0.03220 -0.96991 0.47751 1.96654 -1.00598 0.33931 1.42790 -0.46686 0.01253 1.44442 -1.57976 0.01272 1.44454 -0.99807 0.76509 0.39366 -0.64350 0.65465 -0.02196 -1.38869 0.65478 -0.02188 -0.96987 0.01262 1.76091 -2.11570 11.49367 0.49904 -1.28369 10.73407 0.61398 -2.12200 12.99494 0.08774 -1.00684 10.29215 0.78713 0.69470 0.01251 -0.56357 1.39204 0.01262 -0.53908 -0.69470 0.01251 -0.56357 -1.39204 0.01262 -0.53908 1.01214 0.64542 -0.50293 -1.01214 0.64542 -0.50293 0.90820 10.68855 -1.42840 0.73096 10.79070 -1.57042 0.53809 10.90242 -1.43215 0.52588 10.87165 -1.42826 0.32422 10.90740 -1.57033 0.10449 10.94587 -1.43212 -0.12354 10.95124 -1.42821 -0.32520 10.91570 -1.57032 -0.54443 10.87703 -1.43217 -0.55762 10.93073 -1.42822 -0.73486 10.82830 -1.57039 -0.92822 10.71687 -1.43228</float_array>
     <technique_common>
      <accessor count="93" source="#L1sword_2-lib-positions-array" stride="3">
       <param name="X" type="float"/>
       <param name="Y" type="float"/>
       <param name="Z" type="float"/>
      </accessor>
     </technique_common>
    </source>
    <source id="L1sword_2-lib-normals" name="normal">
     <float_array id="L1sword_2-lib-normals-array" count="918">0.69243 0.00239 -0.72148 0.69932 0.13530 -0.70189 0.69922 0.15842 -0.69713 0.69243 0.00239 -0.72148 0.68780 -0.03843 -0.72488 0.69932 0.13530 -0.70189 -0.68458 0.13201 -0.71688 -0.72675 0.00735 -0.68686 -0.73824 -0.03571 -0.67360 -0.68458 0.13201 -0.71688 -0.67674 0.15159 -0.72045 -0.72675 0.00735 -0.68686 0.61748 0.09191 0.78119 0.59152 0.15705 0.79085 0.58000 0.18358 0.79366 0.61748 0.09191 0.78119 0.62937 0.05900 0.77487 0.59152 0.15705 0.79085 -0.61119 0.15886 0.77538 -0.59539 0.09275 0.79807 -0.58689 0.06147 0.80733 -0.61119 0.15886 0.77538 -0.61808 0.19246 0.76219 -0.59539 0.09275 0.79807 0.13699 0.24894 -0.95878 0.25350 -0.12890 -0.95871 0.17481 0.02953 -0.98416 0.13699 0.24894 -0.95878 0.20826 -0.15764 -0.96529 0.25350 -0.12890 -0.95871 -0.03323 0.23182 -0.97219 0.20826 -0.15764 -0.96529 0.13699 0.24894 -0.95878 -0.03323 0.23182 -0.97219 0.00481 -0.10148 -0.99483 0.20826 -0.15764 -0.96529 -0.09582 0.26829 -0.95856 0.00481 -0.10148 -0.99483 -0.03323 0.23182 -0.97219 -0.09582 0.26829 -0.95856 -0.17807 -0.16451 -0.97017 0.00481 -0.10148 -0.99483 -0.24730 0.06875 -0.96650 -0.17807 -0.16451 -0.97017 -0.09582 0.26829 -0.95856 -0.24730 0.06875 -0.96650 -0.31850 -0.24383 -0.91603 -0.17807 -0.16451 -0.97017 0.00270 -0.06786 0.99769 0.39538 0.30555 0.86621 0.41795 -0.02222 0.90820 0.00270 -0.06786 0.99769 0.00723 0.16816 0.98573 0.39538 0.30555 0.86621 -0.42105 -0.02539 0.90668 0.00723 0.16816 0.98573 0.00270 -0.06786 0.99769 -0.42105 -0.02539 0.90668 -0.39866 0.31072 0.86286 0.00723 0.16816 0.98573 -0.14868 0.79536 -0.58763 -0.08535 0.42299 -0.90211 -0.22689 0.49547 -0.83847 -0.14868 0.79536 -0.58763 0.13699 0.24894 -0.95878 -0.08535 0.42299 -0.90211 -0.06040 0.62923 -0.77487 0.13699 0.24894 -0.95878 -0.14868 0.79536 -0.58763 -0.06040 0.62923 -0.77487 -0.03323 0.23182 -0.97219 0.13699 0.24894 -0.95878 0.18340 0.67458 -0.71505 -0.03323 0.23182 -0.97219 -0.06040 0.62923 -0.77487 0.18340 0.67458 -0.71505 -0.09582 0.26829 -0.95856 -0.03323 0.23182 -0.97219 0.22779 0.50739 -0.83106 -0.09582 0.26829 -0.95856 0.18340 0.67458 -0.71505 0.22779 0.50739 -0.83106 0.08053 0.42402 -0.90207 -0.09582 0.26829 -0.95856 0.00481 -0.10148 -0.99483 0.14060 -0.36714 -0.91948 0.20826 -0.15764 -0.96529 0.00481 -0.10148 -0.99483 0.02577 -0.21208 -0.97691 0.14060 -0.36714 -0.91948 -0.17807 -0.16451 -0.97017 0.02577 -0.21208 -0.97691 0.00481 -0.10148 -0.99483 -0.17807 -0.16451 -0.97017 -0.20764 -0.40955 -0.88834 0.02577 -0.21208 -0.97691 0.19895 0.64097 -0.74133 0.22229 0.56575 -0.79405 0.21910 0.56613 -0.79467 0.19895 0.64097 -0.74133 0.18533 0.64155 -0.74436 0.22229 0.56575 -0.79405 0.08151 0.70621 -0.70329 0.18533 0.64155 -0.74436 0.19895 0.64097 -0.74133 0.08151 0.70621 -0.70329 0.06060 0.70528 -0.70633 0.18533 0.64155 -0.74436 -0.18858 0.66145 -0.72590 -0.22320 0.56305 -0.79571 -0.22085 0.56227 -0.79692 -0.18858 0.66145 -0.72590 -0.17853 0.65248 -0.73648 -0.22320 0.56305 -0.79571 -0.08899 0.69541 -0.71308 -0.17853 0.65248 -0.73648 -0.18858 0.66145 -0.72590 -0.08899 0.69541 -0.71308 -0.07356 0.68200 -0.72764 -0.17853 0.65248 -0.73648 -0.05560 0.99758 0.04179 -0.06040 0.62923 -0.77487 -0.14868 0.79536 -0.58763 -0.05560 0.99758 0.04179 0.00000 0.81781 -0.57548 -0.06040 0.62923 -0.77487 0.00000 0.95109 0.30890 0.00000 0.96491 0.26257 -0.13907 0.95623 0.25745 0.00000 0.95109 0.30890 0.13907 0.95623 0.25745 0.00000 0.96491 0.26257 -0.70777 0.70505 -0.04427 -0.50793 0.82557 -0.24585 -0.78111 0.62436 -0.00681 0.67238 0.74010 -0.01284 0.76134 0.64769 0.02925 0.49013 0.85164 -0.18569 -0.59446 0.74197 0.31000 -0.70777 0.70505 -0.04427 -0.83567 0.54780 -0.03971 0.55200 0.77254 0.31382 0.80749 0.58855 -0.03955 0.67238 0.74010 -0.01284 -0.01402 -0.40448 0.91444 -0.04399 -0.40413 0.91364 -0.49870 -0.35060 0.79270 -0.01402 -0.40448 0.91444 0.42866 -0.36550 0.82624 -0.04399 -0.40413 0.91364 -0.20425 0.94380 0.25986 -0.13907 0.95623 0.25745 -0.70005 0.69204 0.17608 -0.20425 0.94380 0.25986 0.30136 0.82148 0.48409 0.39538 0.30555 0.86621 -0.00000 -0.45173 0.89215 0.41795 -0.02222 0.90820 0.67346 -0.60579 0.42363 -0.00000 -0.45173 0.89215 0.00270 -0.06786 0.99769 0.41795 -0.02222 0.90820 -0.42105 -0.02539 0.90668 0.00270 -0.06786 0.99769 -0.00000 -0.45173 0.89215 0.58756 0.22059 0.77853 0.39538 0.30555 0.86621 0.30136 0.82148 0.48409 0.58756 0.22059 0.77853 0.41795 -0.02222 0.90820 0.39538 0.30555 0.86621 0.78659 -0.59792 0.15417 0.74708 -0.64076 0.17690 0.67463 -0.70666 0.21330 0.78659 -0.59792 0.15417 0.67346 -0.60579 0.42363 0.74708 -0.64076 0.17690 -0.06040 0.62923 -0.77487 0.05560 0.99758 0.04179 0.18340 0.67458 -0.71505 -0.06040 0.62923 -0.77487 0.00000 0.81781 -0.57548 0.05560 0.99758 0.04179 0.50793 0.82557 -0.24585 0.70777 0.70505 -0.04427 0.78111 0.62436 -0.00681 -0.49013 0.85164 -0.18569 -0.76134 0.64769 0.02925 -0.67238 0.74010 -0.01284 0.70777 0.70505 -0.04427 0.59446 0.74197 0.31000 0.83567 0.54780 -0.03971 -0.67238 0.74010 -0.01284 -0.80749 0.58855 -0.03955 -0.55200 0.77254 0.31382 0.04399 -0.40413 0.91364 0.01402 -0.40448 0.91444 0.49870 -0.35060 0.79270 0.04399 -0.40413 0.91364 -0.42866 -0.36550 0.82624 0.01402 -0.40448 0.91444 -0.67463 -0.70666 0.21330 -0.74708 -0.64076 0.17690 -0.78659 -0.59792 0.15417 -0.58756 0.22059 0.77853 -0.39866 0.31072 0.86286 -0.42105 -0.02539 0.90668 0.13907 0.95623 0.25745 0.20425 0.94380 0.25986 0.47595 0.85455 0.20791 -0.39866 0.31072 0.86286 -0.30136 0.82148 0.48409 0.20425 0.94380 0.25986 -0.58756 0.22059 0.77853 -0.30136 0.82148 0.48409 -0.39866 0.31072 0.86286 -0.67346 -0.60579 0.42363 -0.42105 -0.02539 0.90668 -0.00000 -0.45173 0.89215 -0.67346 -0.60579 0.42363 -0.78659 -0.59792 0.15417 -0.74708 -0.64076 0.17690 -0.83567 0.54780 -0.03971 -0.70777 0.70505 -0.04427 -0.78111 0.62436 -0.00681 -0.84750 0.48245 -0.22131 0.76134 0.64769 0.02925 0.67238 0.74010 -0.01284 0.80749 0.58855 -0.03955 0.82548 0.52387 -0.21012 0.00017 -1.00000 0.00003 0.00017 -1.00000 0.00003 0.00017 -1.00000 0.00003 0.00017 -1.00000 0.00003 0.83567 0.54780 -0.03971 0.84750 0.48245 -0.22131 0.78111 0.62436 -0.00681 0.70777 0.70505 -0.04427 -0.76134 0.64769 0.02925 -0.82548 0.52387 -0.21012 -0.80749 0.58855 -0.03955 -0.67238 0.74010 -0.01284 -0.00017 -1.00000 0.00003 -0.00017 -1.00000 0.00003 -0.00017 -1.00000 0.00003 -0.13907 0.95623 0.25745 0.00000 0.96491 0.26257 -0.05560 0.99758 0.04179 -0.14868 0.79536 -0.58763 0.13907 0.95623 0.25745 0.47595 0.85455 0.20791 0.05560 0.99758 0.04179 0.00000 0.96491 0.26257 -0.45218 0.30703 -0.83742 0.03498 0.07793 -0.99635 0.03498 0.07793 -0.99635 0.00017 -1.00000 0.00003 0.00017 -1.00000 0.00003 0.00017 -1.00000 0.00003 -0.84750 0.48245 -0.22131 -0.45218 0.30703 -0.83742 -0.83567 0.54780 -0.03971 0.80749 0.58855 -0.03955 0.69850 0.45108 -0.55554 0.82548 0.52387 -0.21012 0.25350 -0.12890 -0.95871 0.20826 -0.15764 -0.96529 0.14060 -0.36714 -0.91948 0.30136 0.82148 0.48409 -0.20425 0.94380 0.25986 0.30366 0.95247 -0.02447 0.13699 0.24894 -0.95878 0.17481 0.02953 -0.98416 -0.08535 0.42299 -0.90211 -0.03498 0.07793 -0.99635 0.45218 0.30703 -0.83742 -0.03498 0.07793 -0.99635 -0.00017 -1.00000 0.00003 -0.00017 -1.00000 0.00003 -0.00017 -1.00000 0.00003 0.45218 0.30703 -0.83742 0.84750 0.48245 -0.22131 0.83567 0.54780 -0.03971 -0.69850 0.45108 -0.55554 -0.80749 0.58855 -0.03955 -0.82548 0.52387 -0.21012 -0.17807 -0.16451 -0.97017 -0.31850 -0.24383 -0.91603 -0.20764 -0.40955 -0.88834 0.20425 0.94380 0.25986 -0.30136 0.82148 0.48409 -0.30366 0.95247 -0.02447 -0.24730 0.06875 -0.96650 -0.09582 0.26829 -0.95856 0.08053 0.42402 -0.90207 -0.50033 -0.86583 0.00167 -0.50033 -0.86583 0.00167 -0.50033 -0.86583 0.00167 -0.17345 -0.98484 -0.00162 -0.17345 -0.98484 -0.00162 0.17363 -0.98481 -0.00011 0.17363 -0.98481 -0.00011 0.49980 -0.86614 0.00092 0.49980 -0.86614 0.00092 0.49980 -0.86614 0.00092</float_array>
     <technique_common>
      <accessor count="305" source="#L1sword_2-lib-normals-array" stride="3">
       <param name="X" type="float"/>
       <param name="Y" type="float"/>
       <param name="Z" type="float"/>
      </accessor>
     </technique_common>
    </source>
    <source id="L1sword_2-lib-texcoords">
     <float_array id="L1sword_2-lib-texcoords-array" count="616">0.78906 -0.38184 0.62793 -0.23633 0.74219 -0.18652 0.78906 -0.38184 0.70117 -0.41699 0.62793 -0.23633 0.74219 -0.18652 0.70117 -0.41699 0.78906 -0.38184 0.74219 -0.18652 0.62793 -0.23633 0.70117 -0.41699 0.64062 -0.04980 0.70605 -0.40527 0.79395 -0.37402 0.64062 -0.04980 0.53125 -0.11621 0.70605 -0.40527 0.79395 -0.37402 0.53125 -0.11621 0.64062 -0.04980 0.79395 -0.37402 0.70605 -0.40527 0.53125 -0.11621 0.33008 -0.84766 0.16699 -0.75293 0.31641 -0.72559 0.33008 -0.84766 0.14453 -0.82227 0.16699 -0.75293 0.32910 -0.97266 0.14453 -0.82227 0.33008 -0.84766 0.32910 -0.97266 0.16016 -0.95605 0.14453 -0.82227 0.32324 -0.83594 0.16016 -0.95605 0.32910 -0.97266 0.32324 -0.83594 0.14648 -0.81641 0.16016 -0.95605 0.31641 -0.72559 0.14648 -0.81641 0.32324 -0.83594 0.31641 -0.72559 0.16699 -0.75293 0.14648 -0.81641 0.03320 -0.51855 0.20996 -0.22363 0.21387 -0.51270 0.03320 -0.51855 0.03516 -0.25488 0.20996 -0.22363 0.22266 -0.50293 0.03516 -0.25488 0.03320 -0.51855 0.22266 -0.50293 0.20996 -0.22363 0.03516 -0.25488 0.44336 -0.85645 0.40332 -0.72656 0.44043 -0.78613 0.44336 -0.85645 0.33008 -0.84766 0.40332 -0.72656 0.39062 -0.97656 0.33008 -0.84766 0.44336 -0.85645 0.39062 -0.97656 0.32910 -0.97266 0.33008 -0.84766 0.44336 -0.85645 0.32910 -0.97266 0.39062 -0.97656 0.44336 -0.85645 0.32324 -0.83594 0.32910 -0.97266 0.44043 -0.78613 0.32324 -0.83594 0.44336 -0.85645 0.44043 -0.78613 0.40332 -0.72656 0.32324 -0.83594 0.16016 -0.95605 0.06543 -0.80469 0.14453 -0.82227 0.16016 -0.95605 0.01562 -0.93848 0.06543 -0.80469 0.14648 -0.81641 0.01562 -0.93848 0.16016 -0.95605 0.14648 -0.81641 0.06543 -0.80469 0.01562 -0.93848 0.81738 -0.52051 0.94824 -0.95508 0.82617 -0.96484 0.81738 -0.52051 0.93848 -0.51660 0.94824 -0.95508 0.85254 -0.08203 0.93848 -0.51660 0.81738 -0.52051 0.85254 -0.08203 0.98145 -0.10449 0.93848 -0.51660 0.93848 -0.51660 0.82617 -0.96484 0.94824 -0.95508 0.93848 -0.51660 0.81738 -0.52051 0.82617 -0.96484 0.98145 -0.10449 0.81738 -0.52051 0.93848 -0.51660 0.98145 -0.10449 0.85254 -0.08203 0.81738 -0.52051 0.48340 -0.91113 0.39062 -0.97656 0.44336 -0.85645 0.48340 -0.91113 0.46484 -0.97363 0.39062 -0.97656 0.03516 -0.25488 0.03613 -0.15234 0.20996 -0.22363 0.03516 -0.25488 0.20996 -0.22363 0.03613 -0.15234 0.68359 -0.54102 0.77246 -0.56152 0.68164 -0.64648 0.68359 -0.54102 0.68750 -0.46484 0.77246 -0.56152 0.50684 -0.53223 0.68359 -0.54102 0.45215 -0.58984 0.50684 -0.53223 0.45410 -0.46289 0.68359 -0.54102 0.54980 -0.97656 0.57520 -0.93555 0.63184 -0.94141 0.54980 -0.97656 0.53711 -0.88184 0.57520 -0.93555 0.34277 -0.07715 0.20996 -0.22363 0.27734 -0.06250 0.34277 -0.07715 0.44238 -0.12305 0.20996 -0.22363 0.03223 -0.72852 0.21387 -0.51270 0.21191 -0.66895 0.03223 -0.72852 0.03320 -0.51855 0.21387 -0.51270 0.22266 -0.50293 0.03320 -0.51855 0.03223 -0.72852 0.37793 -0.35449 0.20996 -0.22363 0.44238 -0.12305 0.37793 -0.35449 0.21387 -0.51270 0.20996 -0.22363 0.28125 -0.54297 0.21387 -0.51270 0.37793 -0.35449 0.28125 -0.54297 0.21191 -0.66895 0.21387 -0.51270 0.39062 -0.97656 0.48340 -0.91113 0.44336 -0.85645 0.39062 -0.97656 0.46484 -0.97363 0.48340 -0.91113 0.77246 -0.56152 0.68359 -0.54102 0.68164 -0.64648 0.77246 -0.56152 0.68750 -0.46484 0.68359 -0.54102 0.68359 -0.54102 0.50684 -0.53223 0.45215 -0.58984 0.68359 -0.54102 0.45410 -0.46289 0.50684 -0.53223 0.57520 -0.93555 0.54980 -0.97656 0.63184 -0.94141 0.57520 -0.93555 0.53711 -0.88184 0.54980 -0.97656 0.37793 -0.35449 0.22266 -0.50293 0.28125 -0.54297 0.37793 -0.35449 0.20996 -0.22363 0.22266 -0.50293 0.20996 -0.22363 0.34277 -0.07715 0.27734 -0.06250 0.20996 -0.22363 0.44238 -0.12305 0.34277 -0.07715 0.37793 -0.35449 0.44238 -0.12305 0.20996 -0.22363 0.21191 -0.66895 0.22266 -0.50293 0.03223 -0.72852 0.21191 -0.66895 0.28125 -0.54297 0.22266 -0.50293 0.45215 -0.58984 0.68359 -0.54102 0.68164 -0.64648 0.37695 -0.65430 0.68750 -0.46484 0.68359 -0.54102 0.45410 -0.46289 0.42285 -0.33789 0.71973 -0.76074 0.63184 -0.94141 0.53711 -0.88184 0.66016 -0.72461 0.45215 -0.58984 0.37695 -0.65430 0.68164 -0.64648 0.68359 -0.54102 0.68750 -0.46484 0.42285 -0.33789 0.45410 -0.46289 0.68359 -0.54102 0.71973 -0.76074 0.66016 -0.72461 0.53711 -0.88184 0.63184 -0.94141 0.20996 -0.22363 0.03613 -0.15234 0.17285 -0.04688 0.27734 -0.06250 0.20996 -0.22363 0.27734 -0.06250 0.17285 -0.04688 0.03613 -0.15234 0.72461 -0.68945 0.71973 -0.76074 0.66016 -0.72461 0.63184 -0.94141 0.57520 -0.93555 0.53711 -0.88184 0.37695 -0.65430 0.37402 -0.55273 0.45215 -0.58984 0.45410 -0.46289 0.36133 -0.43750 0.42285 -0.33789 0.16699 -0.75293 0.14453 -0.82227 0.06543 -0.80469 0.43652 -0.13281 0.32812 -0.15234 0.41406 -0.23730 0.33008 -0.84766 0.31641 -0.72559 0.40332 -0.72656 0.71973 -0.76074 0.72461 -0.68945 0.66016 -0.72461 0.57520 -0.93555 0.63184 -0.94141 0.53711 -0.88184 0.37402 -0.55273 0.37695 -0.65430 0.45215 -0.58984 0.36133 -0.43750 0.45410 -0.46289 0.42285 -0.33789 0.14648 -0.81641 0.16699 -0.75293 0.06543 -0.80469 0.32812 -0.15234 0.43652 -0.13281 0.41406 -0.23730 0.31641 -0.72559 0.32324 -0.83594 0.40332 -0.72656 0.28613 -0.10352 0.25977 -0.10352 0.26270 -0.07715 0.28613 -0.10352 0.25977 -0.10352 0.26270 -0.07715 0.28613 -0.10352 0.25977 -0.10352 0.26270 -0.07715 0.28613 -0.10352 0.25977 -0.10352 0.26270 -0.07715</float_array>
     <technique_common>
      <accessor count="308" offset="0" source="#L1sword_2-lib-texcoords-array" stride="2">
       <param name="U" type="float"/>
       <param name="V" type="float"/>
      </accessor>
     </technique_common>
    </source>
    <vertices id="L1sword_2-lib-vertices">
     <input semantic="POSITION" source="#L1sword_2-lib-positions"/>
    </vertices>
    <polylist count="100" material="mat2.png">
     <input offset="0" semantic="VERTEX" source="#L1sword_2-lib-vertices"/>
     <input offset="1" semantic="NORMAL" source="#L1sword_2-lib-normals"/>
     <input offset="2" semantic="TEXCOORD" source="#L1sword_2-lib-texcoords"/>
     <vcount>3 3 3 3 3 3 3 3 3 3 3 3 3 3 3 3 3 3 3 3 3 3 3 3 3 3 3 3 3 3 3 3 3 3 3 3 3 3 3 3 3 3 3 3 3 3 3 3 3 3 3 3 3 3 3 3 3 3 3 3 3 3 3 3 3 3 3 3 3 3 3 3 3 3 4 4 4 4 4 4 4 4 3 3 3 3 3 3 3 3 3 3 3 3 3 3 3 3 3 3</vcount>
     <p>2 2 2 1 1 1 0 0 0 1 5 5 3 4 4 0 3 3 0 8 8 3 7 7 4 6 6 3 11 11 5 10 10 4 9 9 1 14 14 2 13 13 6 12 12 2 17 17 7 16 16 6 15 15 6 20 20 7 19 19 5 18 18 7 23 23 4 22 22 5 21 21 10 26 26 9 25 25 8 24 24 9 29 29 11 28 28 8 27 27 8 32 32 11 31 31 12 30 30 11 35 35 13 34 34 12 33 33 12 38 38 13 37 37 14 36 36 13 41 41 15 40 40 14 39 39 14 44 44 15 43 43 16 42 42 15 47 47 17 46 46 16 45 45 20 50 50 19 49 49 18 48 48 19 53 53 21 52 52 18 51 51 18 56 56 21 55 55 22 54 54 21 59 59 23 58 58 22 57 57 26 62 62 25 61 61 24 60 60 25 65 65 8 64 64 24 63 63 24 68 68 8 67 67 27 66 66 8 71 71 12 70 70 27 69 69 27 74 74 12 73 73 28 72 72 12 77 77 14 76 76 28 75 75 28 80 80 14 79 79 29 78 78 14 83 83 30 82 82 29 81 81 11 86 86 31 85 85 13 84 84 31 89 89 32 88 88 13 87 87 13 92 92 32 91 91 15 90 90 32 95 95 33 94 94 15 93 93 36 98 98 35 97 97 34 96 96 35 101 101 37 100 100 34 99 99 34 104 104 37 103 103 38 102 102 37 107 107 39 106 106 38 105 105 42 110 110 41 109 109 40 108 108 41 113 113 43 112 112 40 111 111 40 116 116 43 115 115 44 114 114 43 119 119 45 118 118 44 117 117 24 122 122 27 121 121 46 120 120 27 125 125 47 124 124 46 123 123 19 128 128 48 127 127 21 126 126 48 131 131 23 130 130 21 129 129 51 134 134 50 133 133 49 132 132 50 137 137 52 136 136 49 135 135 54 140 140 49 139 139 53 138 138 49 143 143 55 142 142 53 141 141 51 146 146 56 145 145 50 144 144 56 149 149 52 148 148 50 147 147 24 152 152 19 151 151 26 150 150 19 155 155 57 154 154 26 153 153 59 158 158 20 157 157 58 156 156 20 161 161 18 160 160 58 159 159 58 164 164 18 163 163 22 162 162 57 167 167 19 166 166 60 165 165 19 170 170 20 169 169 60 168 168 60 173 173 20 172 172 61 171 171 20 176 176 59 175 175 61 174 174 28 179 179 62 178 178 27 177 177 62 182 182 47 181 181 27 180 180 65 185 185 64 184 184 63 183 183 64 188 188 66 187 187 63 186 186 68 191 191 67 190 190 64 189 189 67 194 194 69 193 193 64 192 192 65 197 197 63 196 196 70 195 195 63 200 200 66 199 199 70 198 198 72 203 203 22 202 202 71 201 201 22 206 206 23 205 205 71 204 204 28 209 209 29 208 208 23 207 207 29 212 212 73 211 211 23 210 210 23 215 215 73 214 214 71 213 213 58 218 218 22 217 217 74 216 216 22 221 221 72 220 220 74 219 219 75 225 225 51 224 224 49 223 223 54 222 222 76 229 229 55 228 228 49 227 227 52 226 226 76 233 233 52 232 232 51 231 231 75 230 230 64 237 237 65 236 236 77 235 235 68 234 234 64 241 241 69 240 240 78 239 239 66 238 238 65 244 245 66 243 244 78 242 243 77 242 242 24 248 249 46 247 248 48 246 247 19 245 246 48 252 253 62 251 252 28 250 251 23 249 250 76 255 256 75 254 255 79 253 254 52 258 259 56 257 258 51 256 257 54 261 262 79 260 261 75 259 260 76 264 265 79 263 264 55 262 263 31 267 268 11 266 267 9 265 266 25 270 271 26 269 270 57 268 269 25 273 274 10 272 273 8 271 272 78 276 277 80 275 276 77 274 275 66 279 280 65 278 279 70 277 278 68 282 283 77 281 282 80 280 281 78 285 286 69 284 285 80 283 284 33 288 289 17 287 288 15 286 287 30 291 292 73 290 291 29 289 290 30 294 295 14 293 294 16 292 293 83 297 298 82 296 297 81 295 296 86 299 301 85 298 300 84 298 299 89 301 304 88 301 303 87 300 302 92 304 307 91 303 306 90 302 305</p>
    </polylist>
   </mesh>
  </geometry>
  <geometry id="R2sword_2-lib" name="R2sword_2">
   <mesh>
    <source id="R2sword_2-lib-positions" name="position">
     <float_array id="R2sword_2-lib-positions-array" count="57">-5.79948 10.96921 5.74444 -5.97875 10.96971 7.92490 -5.79618 10.96885 7.92486 -5.97643 10.96989 5.74447 -5.76863 10.96825 5.64532 -6.00732 10.97087 5.64537 -5.85013 10.97087 5.13270 -5.92598 10.97081 5.13272 -5.76596 10.96824 5.02332 -6.01027 10.97104 5.02337 -5.76594 10.96822 5.11901 -5.52437 10.96796 5.06770 -6.01025 10.97102 5.11906 -6.25184 10.97130 5.06785 -5.63657 10.96898 5.64530 -5.63655 10.96897 5.74441 -6.15341 10.97058 5.64540 -6.15339 10.97057 5.74451 -5.88599 10.96920 8.22563</float_array>
     <technique_common>
      <accessor count="19" source="#R2sword_2-lib-positions-array" stride="3">
       <param name="X" type="float"/>
       <param name="Y" type="float"/>
       <param name="Z" type="float"/>
      </accessor>
     </technique_common>
    </source>
    <source id="R2sword_2-lib-normals" name="normal">
     <float_array id="R2sword_2-lib-normals-array" count="141">-0.00228 -0.99999 0.00457 -0.00469 -0.99999 -0.00019 -0.00471 -0.99999 -0.00020 -0.00228 -0.99999 0.00457 -0.00522 -0.99998 -0.00237 -0.00469 -0.99999 -0.00019 -0.00434 -0.99999 0.00173 -0.00522 -0.99998 -0.00237 -0.00228 -0.99999 0.00457 -0.00434 -0.99999 0.00173 -0.00649 -0.99997 -0.00454 -0.00522 -0.99998 -0.00237 -0.00551 -0.99992 0.01137 -0.00649 -0.99997 -0.00454 -0.00434 -0.99999 0.00173 -0.00551 -0.99992 0.01137 -0.00396 -0.99998 0.00552 -0.00649 -0.99997 -0.00454 -0.00975 -0.99995 0.00385 -0.00396 -0.99998 0.00552 -0.00551 -0.99992 0.01137 -0.00975 -0.99995 0.00385 -0.00461 -0.99999 0.00193 -0.00396 -0.99998 0.00552 -0.01813 -0.99984 -0.00021 -0.00975 -0.99995 0.00385 -0.00551 -0.99992 0.01137 -0.01813 -0.99984 -0.00021 -0.00112 -1.00000 -0.00021 -0.00975 -0.99995 0.00385 -0.00461 -0.99999 0.00193 -0.00187 -1.00000 -0.00021 -0.00396 -0.99998 0.00552 -0.00461 -0.99999 0.00193 -0.00112 -1.00000 -0.00021 -0.00187 -1.00000 -0.00021 0.00203 -0.99999 0.00456 -0.00434 -0.99999 0.00173 -0.00228 -0.99999 0.00457 0.00203 -0.99999 0.00456 -0.00093 -0.99999 -0.00440 -0.00093 -0.99999 -0.00440 -0.00522 -0.99998 -0.00237 -0.00649 -0.99997 -0.00454 -0.00469 -0.99999 -0.00019 -0.00471 -0.99999 -0.00024 -0.00471 -0.99999 -0.00020</float_array>
     <technique_common>
      <accessor count="47" source="#R2sword_2-lib-normals-array" stride="3">
       <param name="X" type="float"/>
       <param name="Y" type="float"/>
       <param name="Z" type="float"/>
      </accessor>
     </technique_common>
    </source>
    <source id="R2sword_2-lib-texcoords">
     <float_array id="R2sword_2-lib-texcoords-array" count="94">0.75684 -0.21289 0.81250 -0.84375 0.75684 -0.84375 0.75684 -0.21289 0.81250 -0.21289 0.81250 -0.84375 0.74805 -0.18750 0.81250 -0.21289 0.75684 -0.21289 0.74805 -0.18750 0.82129 -0.18750 0.81250 -0.21289 0.77344 -0.05664 0.82129 -0.18750 0.74805 -0.18750 0.77344 -0.05664 0.79590 -0.05664 0.82129 -0.18750 0.74707 -0.02930 0.79590 -0.05664 0.77344 -0.05664 0.74707 -0.02930 0.82227 -0.02930 0.79590 -0.05664 0.74707 -0.05371 0.74707 -0.02930 0.77344 -0.05664 0.74707 -0.05371 0.67188 -0.04102 0.74707 -0.02930 0.82227 -0.02930 0.82227 -0.05371 0.79590 -0.05664 0.82227 -0.02930 0.89746 -0.04102 0.82227 -0.05371 0.70703 -0.18750 0.74805 -0.18750 0.75684 -0.21289 0.70703 -0.21289 0.86719 -0.18750 0.86719 -0.21289 0.81250 -0.21289 0.82129 -0.18750 0.81250 -0.84375 0.78516 -0.91992 0.75684 -0.84375</float_array>
     <technique_common>
      <accessor count="47" offset="0" source="#R2sword_2-lib-texcoords-array" stride="2">
       <param name="U" type="float"/>
       <param name="V" type="float"/>
      </accessor>
     </technique_common>
    </source>
    <vertices id="R2sword_2-lib-vertices">
     <input semantic="POSITION" source="#R2sword_2-lib-positions"/>
    </vertices>
    <polylist count="15" material="mat4.png">
     <input offset="0" semantic="VERTEX" source="#R2sword_2-lib-vertices"/>
     <input offset="1" semantic="NORMAL" source="#R2sword_2-lib-normals"/>
     <input offset="2" semantic="TEXCOORD" source="#R2sword_2-lib-texcoords"/>
     <vcount>3 3 3 3 3 3 3 3 3 3 3 3 4 4 3</vcount>
     <p>2 2 2 1 1 1 0 0 0 1 5 5 3 4 4 0 3 3 0 8 8 3 7 7 4 6 6 3 11 11 5 10 10 4 9 9 4 14 14 5 13 13 6 12 12 5 17 17 7 16 16 6 15 15 6 20 20 7 19 19 8 18 18 7 23 23 9 22 22 8 21 21 6 26 26 8 25 25 10 24 24 8 29 29 11 28 28 10 27 27 7 32 32 12 31 31 9 30 30 12 35 35 13 34 34 9 33 33 15 39 39 0 38 38 4 37 37 14 36 36 5 43 43 3 42 42 17 41 41 16 40 40 2 46 46 18 45 45 1 44 44</p>
    </polylist>
   </mesh>
  </geometry>
  <geometry id="L2sword_2-lib" name="L2sword_2">
   <mesh>
    <source id="L2sword_2-lib-positions" name="position">
     <float_array id="L2sword_2-lib-positions-array" count="783">0.76604 6.42666 -0.82038 0.16699 6.93384 0.09326 0.14432 6.48674 0.10327 0.67529 7.67065 -0.76270 2.00513 6.82970 0.14769 1.65479 7.93970 0.09131 0.81497 6.47207 1.04845 0.74756 7.60376 0.87402 3.12545 11.76093 0.48740 4.20622 11.41199 -0.05725 3.26097 11.10027 -0.00323 4.21419 11.81273 0.24338 3.26566 12.56097 -0.19465 4.23169 12.20388 -0.11757 3.40964 11.81728 -0.92896 4.11653 11.79494 -0.62573 5.02817 11.87777 -0.72760 4.68953 11.22642 -0.12165 4.32528 11.76958 -0.61186 4.92998 12.35197 -0.14668 4.81039 11.93013 0.45755 6.55278 11.96086 0.45253 6.76030 12.32384 0.40468 6.84706 12.10602 0.37727 5.90752 11.95240 0.28602 7.05723 11.61181 0.69353 6.92999 11.52412 0.76515 7.01701 11.47360 0.57791 6.97576 11.42875 0.70656 6.70932 11.66238 0.28268 5.91880 11.65622 -0.08651 5.85440 12.18709 -0.12192 5.91000 11.92435 -0.48152 2.58720 11.73914 0.18627 2.62916 11.30454 -0.09203 2.53806 12.35147 -0.22188 2.58555 11.73580 -0.71713 1.01412 2.50336 -1.63892 0.04830 4.56044 0.10259 0.04929 2.23479 0.09349 0.99359 4.49872 -1.04498 2.72438 2.52833 0.06099 2.36849 4.53176 0.08890 1.02749 2.57715 1.37216 1.01380 4.38294 1.23306 0.62571 1.76299 0.02929 1.01214 0.64542 -0.50293 0.99374 1.76026 -0.44414 0.64350 0.65465 -0.02196 0.99421 1.76072 0.41841 0.99807 0.76509 0.39366 1.39625 1.76435 0.00309 1.38869 0.65478 -0.02188 0.00000 7.80396 -0.87646 0.00000 6.96851 0.09033 -0.67529 7.67065 -0.76270 -0.16699 6.93384 0.09326 -0.76604 6.42666 -0.82038 -0.14432 6.48674 0.10327 -0.96742 4.71818 -1.12372 -0.04830 4.56044 0.10259 0.00000 7.68628 0.91602 -0.74756 7.60376 0.87402 -0.81497 6.47207 1.04845 -1.00706 4.66254 1.25308 1.00706 4.66254 1.25308 0.96744 4.71721 -1.12368 2.21733 11.89210 0.38538 2.16118 11.06480 -0.04437 2.13834 12.77330 -0.26462 2.23388 11.68606 -0.89874 2.14149 11.44802 -0.97015 2.12200 12.99494 0.08774 2.13514 12.97188 -0.64685 2.11570 11.49367 0.49904 1.90749 10.76842 -0.92012 1.28369 10.73407 0.61398 1.20410 10.52199 -1.01837 1.00684 10.29215 0.78713 2.69897 10.15910 0.48723 3.74500 9.71719 -0.05741 2.77599 9.48924 -0.00365 3.78817 10.11645 0.24307 2.83102 10.94399 -0.19510 3.78220 10.56042 -0.11787 2.98691 10.19086 -0.92926 3.68891 10.10660 -0.62618 4.60458 10.10994 -0.72803 4.21054 9.49055 -0.12192 3.89506 10.06331 -0.61204 4.58730 10.52377 -0.14721 4.39190 10.18098 0.45735 6.13099 10.05978 0.45156 6.36888 10.40311 0.40335 6.43648 10.17884 0.37631 5.48683 10.10736 0.28530 6.60293 9.66835 0.69235 6.46882 9.59175 0.76445 6.55106 9.53406 0.57682 6.50556 9.49303 0.70568 6.26012 9.74871 0.28207 5.47268 9.81122 -0.08709 5.45449 10.34606 -0.12298 5.48676 10.07924 -0.48264 2.16080 10.18459 0.18627 2.16428 9.74807 -0.09245 2.16515 10.73215 -0.22217 2.15901 10.18164 -0.71734 1.80552 10.22395 0.38529 1.57897 9.46280 -0.04408 1.80874 11.10345 -0.26497 1.80402 10.16258 -0.89884 -2.00513 6.82970 0.14769 -1.65479 7.93970 0.09131 -2.36849 4.53176 0.08890 -4.21419 11.81273 0.24338 -3.26098 11.10027 -0.00372 -4.20622 11.41199 -0.05725 -3.12545 11.76093 0.48740 -4.23169 12.20388 -0.11757 -3.26566 12.56097 -0.19465 -4.11653 11.79494 -0.62573 -3.40964 11.81728 -0.92896 -4.32528 11.76958 -0.61186 -4.68953 11.22642 -0.12165 -5.02817 11.87777 -0.72760 -4.92998 12.35197 -0.14668 -4.81039 11.93013 0.45755 -5.90752 11.95240 0.28602 -6.84706 12.10602 0.37727 -6.76030 12.32384 0.40468 -6.55278 11.96086 0.45253 -6.92999 11.52412 0.76515 -7.05723 11.61181 0.69353 -6.97576 11.42875 0.70656 -7.01701 11.47360 0.57791 -6.70932 11.66238 0.28268 -5.91880 11.65622 -0.08651 -5.85440 12.18709 -0.12192 -5.91000 11.92435 -0.48201 -2.62916 11.30454 -0.09203 -2.58720 11.73914 0.18627 -2.53806 12.35147 -0.22188 -2.58555 11.73580 -0.71713 -0.99359 4.49872 -1.04498 -0.04929 2.23479 0.09349 -1.01412 2.50336 -1.63892 -2.72438 2.52833 0.06099 -1.01380 4.38294 1.23306 -1.02749 2.57715 1.37216 -0.64350 0.65465 -0.02196 -0.99374 1.76026 -0.44414 -1.01214 0.64542 -0.50293 -0.62571 1.76299 0.02929 -0.99807 0.76509 0.39366 -0.99421 1.76072 0.41841 -1.38869 0.65478 -0.02188 -1.39625 1.76435 0.00309 -2.16118 11.06480 -0.04437 -2.21733 11.89210 0.38538 -2.13834 12.77330 -0.26462 -2.23388 11.68606 -0.89874 -2.11570 11.49367 0.49904 -2.13514 12.97188 -0.64685 -2.12200 12.99494 0.08774 -2.14149 11.44802 -0.97015 -1.28369 10.73407 0.61398 -1.90749 10.76842 -0.92012 -1.00684 10.29215 0.78713 -1.20410 10.52199 -1.01837 -3.78817 10.11645 0.24307 -2.77599 9.48924 -0.00365 -3.74500 9.71719 -0.05741 -2.69897 10.15910 0.48723 -3.78220 10.56042 -0.11787 -2.83102 10.94399 -0.19510 -3.68891 10.10660 -0.62618 -2.98691 10.19086 -0.92926 -3.89506 10.06331 -0.61204 -4.21054 9.49055 -0.12192 -4.60458 10.10994 -0.72803 -4.58730 10.52377 -0.14721 -4.39190 10.18098 0.45735 -5.48683 10.10736 0.28530 -6.43648 10.17884 0.37631 -6.36888 10.40311 0.40335 -6.13099 10.05978 0.45156 -6.46882 9.59175 0.76445 -6.60293 9.66835 0.69235 -6.50556 9.49303 0.70568 -6.55106 9.53406 0.57682 -6.26012 9.74871 0.28207 -5.47268 9.81122 -0.08709 -5.45449 10.34606 -0.12298 -5.48676 10.07924 -0.48264 -2.16428 9.74807 -0.09245 -2.16080 10.18459 0.18627 -2.16515 10.73215 -0.22217 -2.15901 10.18164 -0.71734 -1.57897 9.46280 -0.04408 -1.80552 10.22395 0.38529 -1.80874 11.10345 -0.26497 -1.80402 10.16258 -0.89884 1.06738 9.00024 0.09277 0.00000 9.02661 0.86670 6.78715 12.24535 -0.63627 6.56144 11.70914 -0.56780 6.91021 12.01099 -0.63574 7.22546 12.11539 -0.65339 7.23139 11.77349 -0.58417 7.39806 11.74181 -0.11246 7.26589 12.13733 0.40724 7.25553 11.70787 0.39567 0.95264 11.86249 -0.22147 0.93115 9.51533 0.07318 0.00000 9.20649 -0.93095 0.00000 10.21785 -1.10599 0.00000 9.50842 0.83001 0.00000 9.62005 1.09572 6.38849 10.32255 -0.63772 6.11699 9.80821 -0.56910 6.49054 10.07864 -0.63684 6.82096 10.15442 -0.65495 6.78722 9.79083 -0.58571 6.95515 9.76534 -0.11401 6.86356 10.17319 0.40573 6.81388 9.72573 0.39425 0.63770 10.28068 -0.22118 -1.06738 9.00024 0.09277 -6.78715 12.24535 -0.63627 -7.26589 12.13733 0.40675 -7.24490 11.64225 0.39551 -7.39064 11.66012 -0.11264 -6.91021 12.01099 -0.63574 -7.22546 12.11539 -0.65339 -7.22853 11.71044 -0.58430 -6.56144 11.70914 -0.56780 -0.95264 11.86249 -0.22147 -0.93115 9.51533 0.07318 -6.38849 10.32255 -0.63772 -6.86356 10.17319 0.40573 -6.81695 9.68959 0.39437 -6.96272 9.70284 -0.11401 -6.49054 10.07864 -0.63684 -6.82096 10.15442 -0.65495 -6.80199 9.75815 -0.58536 -6.11699 9.80821 -0.56910 -0.63770 10.28068 -0.22118 0.00000 8.96167 -0.91797 2.13623 13.85989 -1.37334 2.41650 13.69801 -1.67473 2.66406 13.55472 -1.37161 0.66162 14.64945 -1.37325 0.98047 14.59351 -1.67505 1.26221 14.54349 -1.37187 -1.28662 14.54007 -1.37333 -0.96777 14.59595 -1.67505 -0.68604 14.64603 -1.37179 -2.66992 13.54398 -1.37309 -2.38965 13.70582 -1.67473 -2.14160 13.84915 -1.37188</float_array>
     <technique_common>
      <accessor count="261" source="#L2sword_2-lib-positions-array" stride="3">
       <param name="X" type="float"/>
       <param name="Y" type="float"/>
       <param name="Z" type="float"/>
      </accessor>
     </technique_common>
    </source>
    <source id="L2sword_2-lib-normals" name="normal">
     <float_array id="L2sword_2-lib-normals-array" count="4026">-0.83466 -0.00774 -0.55071 -0.83680 -0.00209 -0.54751 -0.82277 0.02458 -0.56784 -0.83466 -0.00774 -0.55071 -0.84497 -0.03690 -0.53354 -0.83680 -0.00209 -0.54751 0.60072 0.11768 -0.79075 0.53924 0.15785 -0.82723 0.60994 0.12247 -0.78293 0.60072 0.11768 -0.79075 0.60213 0.23241 -0.76382 0.53924 0.15785 -0.82723 0.57284 0.16573 0.80274 0.56513 0.24811 0.78681 0.57895 0.16821 0.79782 0.57284 0.16573 0.80274 0.49016 0.19083 0.85049 0.56513 0.24811 0.78681 -0.81652 0.04361 0.57567 -0.81649 0.04370 0.57570 -0.80445 0.02918 0.59331 -0.81652 0.04361 0.57567 -0.82306 0.05439 0.56535 -0.81649 0.04370 0.57570 -0.08835 -0.61066 0.78695 0.04075 -0.59290 0.80424 -0.02792 -0.58443 0.81097 -0.08835 -0.61066 0.78695 0.01435 -0.60793 0.79386 0.04075 -0.59290 0.80424 -0.02144 0.65765 0.75302 -0.09352 0.66669 0.73944 -0.11104 0.61560 0.78019 -0.02144 0.65765 0.75302 -0.03207 0.72373 0.68933 -0.09352 0.66669 0.73944 0.04102 0.70815 -0.70487 0.07240 0.73643 -0.67263 0.03368 0.68826 -0.72469 0.04102 0.70815 -0.70487 0.23050 0.73191 -0.64123 0.07240 0.73643 -0.67263 0.01830 -0.79265 -0.60940 0.11243 -0.81435 -0.56939 0.06823 -0.80414 -0.59052 0.01830 -0.79265 -0.60940 0.02582 -0.76861 -0.63919 0.11243 -0.81435 -0.56939 0.09930 -0.73873 -0.66665 0.02582 -0.76861 -0.63919 -0.11631 -0.65281 -0.74854 0.09930 -0.73873 -0.66665 -0.00446 -0.84001 -0.54256 0.02582 -0.76861 -0.63919 -0.03838 0.76456 -0.64341 -0.05134 0.75263 -0.65644 -0.03523 0.77632 -0.62936 -0.03838 0.76456 -0.64341 0.07240 0.73643 -0.67263 -0.05134 0.75263 -0.65644 -0.10359 0.79068 0.60340 -0.03207 0.72373 0.68933 -0.01534 0.83160 0.55516 -0.10359 0.79068 0.60340 -0.09352 0.66669 0.73944 -0.03207 0.72373 0.68933 0.01897 -0.63164 0.77503 0.01435 -0.60793 0.79386 0.04709 -0.66034 0.74949 0.01897 -0.63164 0.77503 0.04075 -0.59290 0.80424 0.01435 -0.60793 0.79386 -0.06859 0.13294 0.98875 -0.06361 0.14972 0.98668 0.11461 -0.11806 0.98637 -0.06859 0.13294 0.98875 -0.16927 0.75745 0.63057 -0.06361 0.14972 0.98668 -0.09770 0.61056 0.78592 -0.16927 0.75745 0.63057 -0.06859 0.13294 0.98875 -0.09770 0.61056 0.78592 -0.05751 0.68022 0.73075 -0.16927 0.75745 0.63057 0.83366 -0.29479 0.46702 0.83950 -0.27990 0.46572 0.66471 -0.58362 0.46642 0.83366 -0.29479 0.46702 0.90691 0.21132 0.36451 0.83950 -0.27990 0.46572 0.66814 0.55306 -0.49770 0.71974 0.41204 -0.55875 0.64297 0.60469 -0.47004 0.66814 0.55306 -0.49770 0.73166 0.15409 -0.66403 0.71974 0.41204 -0.55875 0.06976 -0.89408 -0.44244 0.73166 0.15409 -0.66403 0.51214 -0.74114 -0.43408 0.06976 -0.89408 -0.44244 0.03540 -0.94715 -0.31884 0.03540 -0.94715 -0.31884 -0.21587 -0.76596 0.60556 -0.53162 -0.62866 0.56760 -0.13615 -0.74881 0.64865 -0.21587 -0.76596 0.60556 -0.53090 -0.61376 0.58433 -0.53162 -0.62866 0.56760 0.04709 -0.66034 0.74949 -0.13615 -0.74881 0.64865 0.01897 -0.63164 0.77503 0.04709 -0.66034 0.74949 -0.21587 -0.76596 0.60556 -0.13615 -0.74881 0.64865 -0.01534 0.83160 0.55516 -0.16927 0.75745 0.63057 -0.10359 0.79068 0.60340 -0.01534 0.83160 0.55516 -0.08028 0.92953 0.35990 -0.16927 0.75745 0.63057 -0.03523 0.77632 -0.62936 -0.05886 0.79311 -0.60622 -0.03838 0.76456 -0.64341 -0.03523 0.77632 -0.62936 -0.13688 0.69046 -0.71030 -0.05886 0.79311 -0.60622 -0.11631 -0.65281 -0.74854 -0.00485 -0.81065 -0.58551 0.09930 -0.73873 -0.66665 -0.11631 -0.65281 -0.74854 0.06976 -0.89408 -0.44244 -0.00485 -0.81065 -0.58551 -0.02159 -0.56228 0.82666 -0.02792 -0.58443 0.81097 0.00710 -0.52490 0.85113 -0.02159 -0.56228 0.82666 -0.08835 -0.61066 0.78695 -0.02792 -0.58443 0.81097 0.15569 0.59654 0.78733 -0.11104 0.61560 0.78019 -0.31764 0.50812 0.80057 0.15569 0.59654 0.78733 -0.02144 0.65765 0.75302 -0.11104 0.61560 0.78019 0.05712 0.64648 -0.76079 0.03368 0.68826 -0.72469 0.23057 0.57638 -0.78398 0.05712 0.64648 -0.76079 0.04102 0.70815 -0.70487 0.03368 0.68826 -0.72469 0.10492 -0.79925 -0.59177 0.06823 -0.80414 -0.59052 0.16493 -0.81201 -0.55986 0.10492 -0.79925 -0.59177 0.01830 -0.79265 -0.60940 0.06823 -0.80414 -0.59052 -0.81930 -0.16987 -0.54762 -0.81132 0.04930 -0.58252 -0.80051 -0.32874 -0.50111 -0.81930 -0.16987 -0.54762 -0.77213 -0.05534 -0.63305 -0.81132 0.04930 -0.58252 0.66225 0.17243 -0.72918 0.65574 -0.01668 -0.75481 0.68709 0.21377 -0.69441 0.66225 0.17243 -0.72918 0.62908 0.12794 -0.76674 0.65574 -0.01668 -0.75481 0.59398 -0.26146 0.76080 0.63754 0.07706 0.76655 0.59989 -0.23901 0.76355 0.59398 -0.26146 0.76080 0.64422 0.01480 0.76469 0.63754 0.07706 0.76655 -0.68985 -0.34505 0.63643 -0.77088 -0.02224 0.63660 -0.76170 -0.17811 0.62297 -0.68985 -0.34505 0.63643 -0.77289 -0.00097 0.63454 -0.77088 -0.02224 0.63660 -0.72280 -0.40722 -0.55833 -0.79214 0.01666 -0.61012 -0.72283 -0.41869 -0.54974 -0.72280 -0.40722 -0.55833 -0.79345 0.01540 -0.60844 -0.79214 0.01666 -0.61012 -0.67432 -0.38866 0.62789 -0.74755 -0.02719 0.66365 -0.64426 -0.41011 0.64555 -0.67432 -0.38866 0.62789 -0.75811 -0.01915 0.65185 -0.74755 -0.02719 0.66365 0.61724 -0.51969 0.59071 0.72361 -0.01866 0.68996 0.60124 -0.46459 0.65012 0.61724 -0.51969 0.59071 0.72576 -0.02042 0.68765 0.72361 -0.01866 0.68996 0.66898 -0.45909 -0.58455 0.77325 0.03441 -0.63317 0.64123 -0.48675 -0.59321 0.66898 -0.45909 -0.58455 0.78620 0.04548 -0.61630 0.77325 0.03441 -0.63317 -0.76170 -0.17811 0.62297 -0.64426 -0.41011 0.64555 -0.68985 -0.34505 0.63643 -0.76170 -0.17811 0.62297 -0.67432 -0.38866 0.62789 -0.64426 -0.41011 0.64555 0.59989 -0.23901 0.76355 0.60124 -0.46459 0.65012 0.59398 -0.26146 0.76080 0.59989 -0.23901 0.76355 0.61724 -0.51969 0.59071 0.60124 -0.46459 0.65012 0.47264 -0.75723 -0.45079 0.64123 -0.48675 -0.59321 0.45967 -0.76491 -0.45123 0.47264 -0.75723 -0.45079 0.66898 -0.45909 -0.58455 0.64123 -0.48675 -0.59321 -0.80051 -0.32874 -0.50111 -0.72283 -0.41869 -0.54974 -0.81930 -0.16987 -0.54762 -0.80051 -0.32874 -0.50111 -0.72280 -0.40722 -0.55833 -0.72283 -0.41869 -0.54974 -0.00164 -0.37424 -0.92733 -0.11185 -0.74913 -0.65292 -0.03556 -0.74686 -0.66402 -0.00164 -0.37424 -0.92733 -0.01982 -0.74308 -0.66891 -0.11185 -0.74913 -0.65292 -0.03536 -0.51667 -0.85545 -0.01982 -0.74308 -0.66891 -0.00164 -0.37424 -0.92733 -0.03536 -0.51667 -0.85545 0.60216 -0.37027 -0.70732 -0.01982 -0.74308 -0.66891 0.83466 -0.00773 -0.55071 0.60216 -0.37027 -0.70732 0.84497 -0.03690 -0.53354 0.83466 -0.00773 -0.55071 0.82278 0.02459 -0.56783 0.60216 -0.37027 -0.70732 0.79120 -0.12775 -0.59806 0.82278 0.02459 -0.56783 0.83466 -0.00773 -0.55071 0.79120 -0.12775 -0.59806 0.78669 0.00495 -0.61733 0.82278 0.02459 -0.56783 0.02578 -0.73733 0.67504 -0.05820 -0.74764 0.66155 -0.15556 -0.68955 0.70733 0.02578 -0.73733 0.67504 0.00270 -0.36321 0.93170 -0.05820 -0.74764 0.66155 0.12499 -0.74465 0.65565 0.00270 -0.36321 0.93170 0.02578 -0.73733 0.67504 0.12499 -0.74465 0.65565 -0.29341 -0.10200 0.95053 0.00270 -0.36321 0.93170 0.81652 0.04361 0.57567 0.81649 0.04370 0.57570 0.82306 0.05439 0.56535 0.81652 0.04361 0.57567 0.80445 0.02918 0.59331 0.81649 0.04370 0.57570 0.77927 0.01084 0.62659 0.80445 0.02918 0.59331 0.81652 0.04361 0.57567 0.77927 0.01084 0.62659 0.76611 -0.03654 0.64167 0.80445 0.02918 0.59331 -0.80445 0.02918 0.59331 -0.77289 -0.00097 0.63454 -0.81652 0.04361 0.57567 -0.80445 0.02918 0.59331 -0.76611 -0.03654 0.64167 -0.77289 -0.00097 0.63454 0.57895 0.16821 0.79782 0.63558 0.04035 0.77098 0.57284 0.16573 0.80274 0.57895 0.16821 0.79782 0.63754 0.07706 0.76655 0.63558 0.04035 0.77098 0.60994 0.12247 -0.78293 0.62908 0.12794 -0.76674 0.60072 0.11768 -0.79075 0.60994 0.12247 -0.78293 0.65691 0.03993 -0.75291 0.62908 0.12794 -0.76674 -0.82277 0.02458 -0.56784 -0.79115 -0.12829 -0.59802 -0.83466 -0.00774 -0.55071 -0.82277 0.02458 -0.56784 -0.81132 0.04930 -0.58252 -0.79115 -0.12829 -0.59802 -0.08694 -0.46540 0.88082 0.00710 -0.52490 0.85113 -0.04400 -0.45818 0.88777 -0.08694 -0.46540 0.88082 -0.02159 -0.56228 0.82666 0.00710 -0.52490 0.85113 0.00437 0.58438 0.81147 0.56149 0.52321 0.64107 0.17364 0.59463 0.78503 0.00437 0.58438 0.81147 0.15569 0.59654 0.78733 -0.31764 0.50812 0.80057 0.03483 0.54953 -0.83475 0.23057 0.57638 -0.78398 0.04451 0.50622 -0.86125 0.03483 0.54953 -0.83475 0.05712 0.64648 -0.76079 0.23057 0.57638 -0.78398 -0.03249 -0.80304 -0.59504 0.16493 -0.81201 -0.55986 0.01251 -0.80922 -0.58737 -0.03249 -0.80304 -0.59504 0.10492 -0.79925 -0.59177 0.16493 -0.81201 -0.55986 0.98431 -0.17498 0.02276 0.99984 0.00049 0.01771 0.99984 0.00037 0.01787 0.98431 -0.17498 0.02276 0.92368 -0.36158 0.12677 0.99984 0.00049 0.01771 0.67829 -0.72469 0.12146 0.92368 -0.36158 0.12677 0.98431 -0.17498 0.02276 0.67829 -0.72469 0.12146 0.74030 -0.66124 0.12129 0.92368 -0.36158 0.12677 0.66390 -0.74578 -0.05531 0.74030 -0.66124 0.12129 0.67829 -0.72469 0.12146 0.66390 -0.74578 -0.05531 0.82159 -0.50253 0.26917 0.74030 -0.66124 0.12129 -0.14115 -0.60067 0.78694 -0.01026 -0.59357 0.80472 -0.07904 -0.58004 0.81074 -0.14115 -0.60067 0.78694 -0.03852 -0.60635 0.79426 -0.01026 -0.59357 0.80472 -0.01410 0.65657 0.75413 -0.07249 0.62974 0.77341 -0.06140 0.63826 0.76737 -0.01410 0.65657 0.75413 0.04775 0.69518 0.71724 -0.07249 0.62974 0.77341 0.10356 0.69929 -0.70730 0.19418 0.70329 -0.68387 0.04966 0.70032 -0.71210 0.10356 0.69929 -0.70730 0.29013 0.68680 -0.66643 0.19418 0.70329 -0.68387 -0.05103 -0.79108 -0.60958 0.04156 -0.82098 -0.56944 -0.00242 -0.80682 -0.59080 -0.05103 -0.79108 -0.60958 -0.04107 -0.76799 -0.63914 0.04156 -0.82098 -0.56944 0.03419 -0.74447 -0.66678 -0.04107 -0.76799 -0.63914 -0.17278 -0.64030 -0.74844 0.03419 -0.74447 -0.66678 -0.07701 -0.83635 -0.54276 -0.04107 -0.76799 -0.63914 0.04624 0.78768 -0.61434 0.04551 0.74425 -0.66635 0.01459 0.81366 -0.58116 0.04624 0.78768 -0.61434 0.19418 0.70329 -0.68387 0.04551 0.74425 -0.66635 0.00295 0.81307 0.58215 0.04775 0.69518 0.71724 0.10750 0.85288 0.51092 0.00295 0.81307 0.58215 -0.07249 0.62974 0.77341 0.04775 0.69518 0.71724 -0.03603 -0.63072 0.77517 -0.03852 -0.60635 0.79426 -0.01099 -0.66189 0.74952 -0.03603 -0.63072 0.77517 -0.01026 -0.59357 0.80472 -0.03852 -0.60635 0.79426 -0.05615 0.13873 0.98874 -0.04960 0.15568 0.98656 0.10440 -0.12569 0.98656 -0.05615 0.13873 0.98874 -0.11667 0.77576 0.62014 -0.04960 0.15568 0.98656 -0.04362 0.61737 0.78546 -0.11667 0.77576 0.62014 -0.05615 0.13873 0.98874 -0.04362 0.61737 0.78546 0.00242 0.68320 0.73022 -0.11667 0.77576 0.62014 0.80473 -0.36793 0.46587 0.81244 -0.35242 0.46448 0.61415 -0.63748 0.46522 0.80473 -0.36793 0.46587 0.92225 0.12555 0.36564 0.81244 -0.35242 0.46448 0.71316 0.49176 -0.49957 0.75181 0.34813 -0.55999 0.69288 0.54492 -0.47221 0.71316 0.49176 -0.49957 0.74140 0.09213 -0.66471 0.75181 0.34813 -0.55999 -0.00857 -0.89694 -0.44207 0.74140 0.09213 -0.66471 0.44628 -0.78198 -0.43514 -0.00857 -0.89694 -0.44207 -0.04743 -0.94683 -0.31822 -0.04743 -0.94683 -0.31822 -0.28131 -0.74428 0.60573 -0.58405 -0.57973 0.56815 -0.20090 -0.73408 0.64866 -0.28131 -0.74428 0.60573 -0.58202 -0.56482 0.58500 -0.58405 -0.57973 0.56815 -0.01099 -0.66189 0.74952 -0.20090 -0.73408 0.64866 -0.03603 -0.63072 0.77517 -0.01099 -0.66189 0.74952 -0.28131 -0.74428 0.60573 -0.20090 -0.73408 0.64866 0.10750 0.85288 0.51092 -0.11667 0.77576 0.62014 0.00295 0.81307 0.58215 0.10750 0.85288 0.51092 -0.02680 0.93210 0.36120 -0.11667 0.77576 0.62014 0.01459 0.81366 -0.58116 -0.00355 0.80458 -0.59384 0.04624 0.78768 -0.61434 0.01459 0.81366 -0.58116 -0.07635 0.69956 -0.71048 -0.00355 0.80458 -0.59384 -0.17278 -0.64030 -0.74844 -0.07563 -0.80735 -0.58520 0.03419 -0.74447 -0.66678 -0.17278 -0.64030 -0.74844 -0.00857 -0.89694 -0.44207 -0.07563 -0.80735 -0.58520 0.01305 -0.56208 0.82698 -0.07904 -0.58004 0.81074 0.01184 -0.54956 0.83537 0.01305 -0.56208 0.82698 -0.14115 -0.60067 0.78694 -0.07904 -0.58004 0.81074 0.13927 0.61750 0.77414 -0.06140 0.63826 0.76737 0.02751 0.59680 0.80192 0.13927 0.61750 0.77414 -0.01410 0.65657 0.75413 -0.06140 0.63826 0.76737 0.08664 0.66783 -0.73926 0.04966 0.70032 -0.71210 0.20479 0.61364 -0.76257 0.08664 0.66783 -0.73926 0.10356 0.69929 -0.70730 0.04966 0.70032 -0.71210 0.06993 -0.80351 -0.59116 -0.00242 -0.80682 -0.59080 0.10731 -0.81484 -0.56967 0.06993 -0.80351 -0.59116 -0.05103 -0.79108 -0.60958 -0.00242 -0.80682 -0.59080 0.00182 -0.47890 0.87787 0.01184 -0.54956 0.83537 -0.12115 -0.46010 0.87956 0.00182 -0.47890 0.87787 0.01305 -0.56208 0.82698 0.01184 -0.54956 0.83537 0.01520 0.59490 0.80366 0.02751 0.59680 0.80192 0.06953 0.59290 0.80227 0.01520 0.59490 0.80366 0.13927 0.61750 0.77414 0.02751 0.59680 0.80192 0.02410 0.59659 -0.80219 0.20479 0.61364 -0.76257 0.07201 0.55704 -0.82736 0.02410 0.59659 -0.80219 0.08664 0.66783 -0.73926 0.20479 0.61364 -0.76257 -0.08723 -0.76048 -0.64348 0.10731 -0.81484 -0.56967 0.00199 -0.77403 -0.63315 -0.08723 -0.76048 -0.64348 0.06993 -0.80351 -0.59116 0.10731 -0.81484 -0.56967 -0.60072 0.11768 -0.79075 -0.61714 0.20120 -0.76069 -0.60213 0.23241 -0.76382 -0.60072 0.11768 -0.79075 -0.60996 0.12250 -0.78291 -0.61714 0.20120 -0.76069 -0.64692 0.15717 -0.74619 -0.60996 0.12250 -0.78291 -0.60072 0.11768 -0.79075 -0.64692 0.15717 -0.74619 -0.65695 0.04031 -0.75286 -0.60996 0.12250 -0.78291 -0.01249 -0.59331 0.80488 0.01837 -0.60474 0.79621 -0.04059 -0.60794 0.79294 -0.01249 -0.59331 0.80488 0.07958 -0.58712 0.80558 0.01837 -0.60474 0.79621 -0.02095 0.66728 0.74451 0.13946 0.66257 0.73590 0.04330 0.72350 0.68896 -0.02095 0.66728 0.74451 0.04687 0.62075 0.78261 0.13946 0.66257 0.73590 -0.23621 0.72734 -0.64434 -0.04980 0.70820 -0.70425 -0.06629 0.74366 -0.66527 -0.23621 0.72734 -0.64434 -0.05599 0.69275 -0.71900 -0.04980 0.70820 -0.70425 0.05586 -0.80700 -0.58790 -0.08234 -0.79515 -0.60079 -0.10893 -0.81639 -0.56713 0.05586 -0.80700 -0.58790 -0.03548 -0.80635 -0.59037 -0.08234 -0.79515 -0.60079 0.10618 -0.76813 -0.63143 0.03334 -0.74798 -0.66288 0.05586 -0.80700 -0.58790 0.10618 -0.76813 -0.63143 -0.15940 -0.73072 -0.66381 0.03334 -0.74798 -0.66288 -0.06629 0.74366 -0.66527 0.03374 0.76570 -0.64231 0.06208 0.74391 -0.66539 -0.06629 0.74366 -0.66527 0.03714 0.77567 -0.63005 0.03374 0.76570 -0.64231 0.04330 0.72350 0.68896 0.03554 0.79614 0.60407 -0.02095 0.66728 0.74451 0.04330 0.72350 0.68896 0.14001 0.83284 0.53551 0.03554 0.79614 0.60407 -0.04059 -0.60794 0.79294 -0.01879 -0.63361 0.77342 -0.01249 -0.59331 0.80488 -0.04059 -0.60794 0.79294 -0.00496 -0.65227 0.75797 -0.01879 -0.63361 0.77342 0.18443 0.76705 0.61451 0.00178 -0.08882 0.99605 0.06644 -0.15058 0.98636 0.18443 0.76705 0.61451 0.19694 0.58923 0.78360 0.00178 -0.08882 0.99605 -0.28068 0.25752 0.92461 0.19694 0.58923 0.78360 0.18443 0.76705 0.61451 -0.28068 0.25752 0.92461 -0.23010 0.39312 0.89023 0.19694 0.58923 0.78360 -0.80763 -0.32441 0.49243 -0.23010 0.39312 0.89023 -0.28068 0.25752 0.92461 -0.80763 -0.32441 0.49243 -0.90674 -0.39260 0.15392 -0.90674 -0.39260 0.15392 -0.64915 0.46324 -0.60334 -0.69700 0.54379 -0.46742 -0.60540 0.39969 -0.68829 -0.64915 0.46324 -0.60334 -0.71796 0.58828 -0.37210 -0.69700 0.54379 -0.46742 0.02759 -0.88268 -0.46916 -0.44404 -0.82844 -0.34135 0.19323 -0.90556 -0.37766 0.02759 -0.88268 -0.46916 -0.04605 -0.88598 -0.46143 -0.44404 -0.82844 -0.34135 0.54954 -0.62386 0.55571 0.07539 -0.78016 0.62102 0.55458 -0.61231 0.56348 0.54954 -0.62386 0.55571 0.16641 -0.74860 0.64180 0.07539 -0.78016 0.62102 0.16641 -0.74860 0.64180 -0.00496 -0.65227 0.75797 0.07539 -0.78016 0.62102 0.16641 -0.74860 0.64180 -0.01879 -0.63361 0.77342 -0.00496 -0.65227 0.75797 0.10797 0.91775 0.38221 0.14001 0.83284 0.53551 0.18443 0.76705 0.61451 0.10797 0.91775 0.38221 0.03554 0.79614 0.60407 0.14001 0.83284 0.53551 0.12317 0.68546 -0.71762 0.03714 0.77567 -0.63005 0.04240 0.80397 -0.59316 0.12317 0.68546 -0.71762 0.03374 0.76570 -0.64231 0.03714 0.77567 -0.63005 -0.04605 -0.88598 -0.46143 -0.15940 -0.73072 -0.66381 0.04307 -0.82739 -0.55998 -0.04605 -0.88598 -0.46143 0.03334 -0.74798 -0.66288 -0.15940 -0.73072 -0.66381 0.07958 -0.58712 0.80558 0.00537 -0.56379 0.82590 0.01837 -0.60474 0.79621 0.07958 -0.58712 0.80558 0.02305 -0.52347 0.85173 0.00537 -0.56379 0.82590 0.04687 0.62075 0.78261 -0.07616 0.61626 0.78385 0.13946 0.66257 0.73590 0.04687 0.62075 0.78261 -0.23358 0.56888 0.78856 -0.07616 0.61626 0.78385 -0.05599 0.69275 -0.71900 -0.27267 0.63447 -0.72325 -0.04980 0.70820 -0.70425 -0.05599 0.69275 -0.71900 -0.09840 0.58066 -0.80818 -0.27267 0.63447 -0.72325 -0.03548 -0.80635 -0.59037 -0.15048 -0.79497 -0.58770 -0.08234 -0.79515 -0.60079 -0.03548 -0.80635 -0.59037 -0.08125 -0.82229 -0.56323 -0.15048 -0.79497 -0.58770 0.79865 -0.11734 -0.59025 0.79448 -0.28516 -0.53617 0.78669 0.00495 -0.61733 0.79865 -0.11734 -0.59025 0.85794 -0.12318 -0.49875 0.79448 -0.28516 -0.53617 -0.64692 0.15717 -0.74619 -0.66686 -0.23297 -0.70783 -0.63602 0.01216 -0.77157 -0.64692 0.15717 -0.74619 -0.69122 -0.22490 -0.68675 -0.66686 -0.23297 -0.70783 -0.63585 0.02492 0.77141 -0.59559 -0.25328 0.76232 -0.64355 0.08729 0.76041 -0.63585 0.02492 0.77141 -0.59454 -0.28125 0.75327 -0.59559 -0.25328 0.76232 0.77927 0.01084 0.62659 0.74183 -0.19320 0.64215 0.76083 -0.00553 0.64893 0.77927 0.01084 0.62659 0.70575 -0.34955 0.61622 0.74183 -0.19320 0.64215 -0.57895 0.16821 0.79782 -0.63558 0.04035 0.77098 -0.64355 0.08729 0.76041 -0.57895 0.16821 0.79782 -0.57284 0.16573 0.80274 -0.63558 0.04035 0.77098 -0.56513 0.24811 0.78681 -0.57284 0.16573 0.80274 -0.57895 0.16821 0.79782 -0.56513 0.24811 0.78681 -0.61150 0.15599 0.77572 -0.57284 0.16573 0.80274 0.79213 0.01797 -0.61008 0.71415 -0.43109 -0.55150 0.79337 0.01899 -0.60844 0.79213 0.01797 -0.61008 0.72331 -0.41892 -0.54894 0.71415 -0.43109 -0.55150 0.74676 -0.03616 0.66411 0.65851 -0.43762 0.61226 0.75449 -0.04239 0.65494 0.74676 -0.03616 0.66411 0.64307 -0.41721 0.64219 0.65851 -0.43762 0.61226 -0.72379 -0.01646 0.68982 -0.66121 -0.40052 0.63434 -0.72665 -0.01426 0.68686 -0.72379 -0.01646 0.68982 -0.60659 -0.45337 0.65307 -0.66121 -0.40052 0.63434 -0.77348 0.02095 -0.63347 -0.65321 -0.49857 -0.56987 -0.78733 0.00851 -0.61647 -0.77348 0.02095 -0.63347 -0.64756 -0.47079 -0.59918 -0.65321 -0.49857 -0.56987 0.64307 -0.41721 0.64219 0.70575 -0.34955 0.61622 0.65851 -0.43762 0.61226 0.64307 -0.41721 0.64219 0.74183 -0.19320 0.64215 0.70575 -0.34955 0.61622 -0.60659 -0.45337 0.65307 -0.59454 -0.28125 0.75327 -0.66121 -0.40052 0.63434 -0.60659 -0.45337 0.65307 -0.59559 -0.25328 0.76232 -0.59454 -0.28125 0.75327 -0.64756 -0.47079 -0.59918 -0.69122 -0.22490 -0.68675 -0.65321 -0.49857 -0.56987 -0.64756 -0.47079 -0.59918 -0.66686 -0.23297 -0.70783 -0.69122 -0.22490 -0.68675 0.72331 -0.41892 -0.54894 0.85794 -0.12318 -0.49875 0.71415 -0.43109 -0.55150 0.72331 -0.41892 -0.54894 0.79448 -0.28516 -0.53617 0.85794 -0.12318 -0.49875 0.02305 -0.52347 0.85173 0.05119 -0.46772 0.88239 0.00537 -0.56379 0.82590 0.02305 -0.52347 0.85173 0.09328 -0.45397 0.88612 0.05119 -0.46772 0.88239 -0.23358 0.56888 0.78856 -0.15986 0.58077 0.79821 -0.07616 0.61626 0.78385 -0.23358 0.56888 0.78856 0.00072 0.59357 0.80478 -0.15986 0.58077 0.79821 -0.09840 0.58066 -0.80818 -0.02903 0.53498 -0.84437 -0.27267 0.63447 -0.72325 -0.09840 0.58066 -0.80818 -0.00708 0.50426 -0.86352 -0.02903 0.53498 -0.84437 -0.08125 -0.82229 -0.56323 -0.00710 -0.80373 -0.59496 -0.15048 -0.79497 -0.58770 -0.08125 -0.82229 -0.56323 0.03651 -0.80676 -0.58975 -0.00710 -0.80373 -0.59496 -0.89495 -0.44519 0.02959 -0.99984 0.00058 0.01771 -0.99984 0.00070 0.01786 -0.89495 -0.44519 0.02959 -0.95322 -0.26579 0.14396 -0.99984 0.00058 0.01771 -0.83171 -0.48618 0.26811 -0.95322 -0.26579 0.14396 -0.89495 -0.44519 0.02959 -0.83171 -0.48618 0.26811 -0.77200 -0.59697 0.21829 -0.95322 -0.26579 0.14396 -0.77717 -0.53390 0.33310 -0.77200 -0.59697 0.21829 -0.83171 -0.48618 0.26811 -0.77717 -0.53390 0.33310 -0.61744 -0.77061 -0.15786 -0.77200 -0.59697 0.21829 0.03988 -0.59129 0.80547 0.07124 -0.60056 0.79640 0.01257 -0.60865 0.79334 0.03988 -0.59129 0.80547 0.13032 -0.57791 0.80563 0.07124 -0.60056 0.79640 -0.13255 0.62757 0.76720 0.08096 0.66090 0.74609 -0.05338 0.70716 0.70503 -0.13255 0.62757 0.76720 0.03542 0.63931 0.76813 0.08096 0.66090 0.74609 -0.27764 0.69800 -0.66009 -0.05673 0.69862 -0.71324 -0.15269 0.72411 -0.67257 -0.27764 0.69800 -0.66009 -0.11233 0.70389 -0.70137 -0.05673 0.69862 -0.71324 0.12571 -0.79902 -0.58802 -0.01240 -0.79929 -0.60081 -0.03769 -0.82282 -0.56706 0.12571 -0.79902 -0.58802 0.03506 -0.80627 -0.59051 -0.01240 -0.79929 -0.60081 0.17198 -0.75602 -0.63155 0.09845 -0.74215 -0.66297 0.12571 -0.79902 -0.58802 0.17198 -0.75602 -0.63155 -0.09484 -0.74179 -0.66390 0.09845 -0.74215 -0.66297 -0.15269 0.72411 -0.67257 -0.05790 0.78736 -0.61377 0.01073 0.70374 -0.71038 -0.15269 0.72411 -0.67257 -0.09482 0.81125 -0.57696 -0.05790 0.78736 -0.61377 -0.05338 0.70716 0.70503 -0.04390 0.82404 0.56483 -0.13255 0.62757 0.76720 -0.05338 0.70716 0.70503 0.07554 0.88004 0.46886 -0.04390 0.82404 0.56483 0.01257 -0.60865 0.79334 0.03654 -0.63273 0.77351 0.03988 -0.59129 0.80547 0.01257 -0.60865 0.79334 0.05151 -0.65035 0.75789 0.03654 -0.63273 0.77351 0.11642 0.78029 0.61449 0.00841 -0.08831 0.99606 0.07873 -0.14268 0.98663 0.11642 0.78029 0.61449 0.14457 0.60415 0.78365 0.00841 -0.08831 0.99606 -0.30539 0.23106 0.92377 0.14457 0.60415 0.78365 0.11642 0.78029 0.61449 -0.30539 0.23106 0.92377 -0.26504 0.37297 0.88918 0.14457 0.60415 0.78365 -0.77649 -0.39389 0.49184 -0.26504 0.37297 0.88918 -0.30539 0.23106 0.92377 -0.77649 -0.39389 0.49184 -0.86839 -0.47041 0.15686 -0.86839 -0.47041 0.15686 -0.68654 0.40463 -0.60410 -0.74091 0.48012 -0.46962 -0.63784 0.34568 -0.68823 -0.68654 0.40463 -0.60410 -0.76567 0.52236 -0.37536 -0.74091 0.48012 -0.46962 0.10452 -0.87708 -0.46883 -0.37020 -0.86386 -0.34161 0.27079 -0.88550 -0.37757 0.10452 -0.87708 -0.46883 0.03152 -0.88668 -0.46132 -0.37020 -0.86386 -0.34161 0.60171 -0.57330 0.55613 0.14330 -0.77043 0.62121 0.60578 -0.56117 0.56402 0.60171 -0.57330 0.55613 0.23057 -0.73132 0.64188 0.14330 -0.77043 0.62121 0.23057 -0.73132 0.64188 0.05151 -0.65035 0.75789 0.14330 -0.77043 0.62121 0.23057 -0.73132 0.64188 0.03654 -0.63273 0.77351 0.05151 -0.65035 0.75789 0.03604 0.92895 0.36844 0.07554 0.88004 0.46886 0.11642 0.78029 0.61449 0.03604 0.92895 0.36844 -0.04390 0.82404 0.56483 0.07554 0.88004 0.46886 0.07883 0.70076 -0.70903 -0.09482 0.81125 -0.57696 0.00673 0.80282 -0.59618 0.07883 0.70076 -0.70903 -0.05790 0.78736 -0.61377 -0.09482 0.81125 -0.57696 0.03152 -0.88668 -0.46132 -0.09484 -0.74179 -0.66390 0.11521 -0.82043 -0.56002 0.03152 -0.88668 -0.46132 0.09845 -0.74215 -0.66297 -0.09484 -0.74179 -0.66390 0.13032 -0.57791 0.80563 0.03408 -0.56168 0.82665 0.07124 -0.60056 0.79640 0.13032 -0.57791 0.80563 0.03737 -0.55201 0.83300 0.03408 -0.56168 0.82665 0.03542 0.63931 0.76813 -0.07245 0.62769 0.77508 0.08096 0.66090 0.74609 0.03542 0.63931 0.76813 -0.16922 0.58761 0.79125 -0.07245 0.62769 0.77508 -0.11233 0.70389 -0.70137 -0.26127 0.64632 -0.71694 -0.05673 0.69862 -0.71324 -0.11233 0.70389 -0.70137 -0.14106 0.61851 -0.77301 -0.26127 0.64632 -0.71694 0.03506 -0.80627 -0.59051 -0.08040 -0.80498 -0.58783 -0.01240 -0.79929 -0.60081 0.03506 -0.80627 -0.59051 -0.03479 -0.81975 -0.57167 -0.08040 -0.80498 -0.58783 0.03737 -0.55201 0.83300 0.11561 -0.45434 0.88329 0.03408 -0.56168 0.82665 0.03737 -0.55201 0.83300 -0.01030 -0.49362 0.86962 0.11561 -0.45434 0.88329 -0.16922 0.58761 0.79125 -0.07006 0.59352 0.80176 -0.07245 0.62769 0.77508 -0.16922 0.58761 0.79125 -0.01544 0.59440 0.80402 -0.07006 0.59352 0.80176 -0.14106 0.61851 -0.77301 -0.05590 0.58837 -0.80666 -0.26127 0.64632 -0.71694 -0.14106 0.61851 -0.77301 0.00394 0.55875 -0.82933 -0.05590 0.58837 -0.80666 -0.03479 -0.81975 -0.57167 -0.00356 -0.77604 -0.63068 -0.08040 -0.80498 -0.58783 -0.03479 -0.81975 -0.57167 0.08622 -0.75964 -0.64460 -0.00356 -0.77604 -0.63068 0.56028 0.30296 0.77091 0.49016 0.19083 0.85049 0.00000 0.25810 0.96612 0.56028 0.30296 0.77091 0.56513 0.24811 0.78681 0.49016 0.19083 0.85049 0.53924 0.15785 -0.82723 0.60213 0.23241 -0.76382 0.61768 0.28855 -0.73158 -0.08028 0.92953 0.35990 -0.06361 0.14972 0.98668 -0.16927 0.75745 0.63057 -0.08028 0.92953 0.35990 0.08483 0.98666 -0.13893 0.14540 0.98753 -0.06036 -0.13688 0.69046 -0.71030 0.08483 0.98666 -0.13893 -0.05886 0.79311 -0.60622 -0.13688 0.69046 -0.71030 -0.20298 -0.24715 -0.94748 -0.11089 -0.05416 -0.99236 0.06976 -0.89408 -0.44244 -0.20298 -0.24715 -0.94748 -0.00485 -0.81065 -0.58551 0.06976 -0.89408 -0.44244 0.51214 -0.74114 -0.43408 0.56533 -0.82338 -0.04953 -0.06836 -0.08179 -0.99430 -0.11089 -0.05416 -0.99236 -0.20298 -0.24715 -0.94748 -0.06836 -0.08179 -0.99430 -0.00801 -0.14312 -0.98967 -0.11089 -0.05416 -0.99236 0.01077 -0.19822 -0.98010 -0.00801 -0.14312 -0.98967 -0.06836 -0.08179 -0.99430 0.94052 -0.05166 -0.33579 0.97701 0.21205 -0.02225 0.96721 0.14215 -0.21046 -0.06732 -0.05317 0.99631 0.11461 -0.11806 0.98637 -0.06361 0.14972 0.98668 -0.06732 -0.05317 0.99631 -0.06948 -0.02519 0.99727 0.11461 -0.11806 0.98637 0.97701 0.21205 -0.02225 0.96292 -0.03045 0.26807 0.97976 0.14201 0.14110 -0.58912 -0.80795 -0.01264 -0.59959 -0.79604 -0.08260 -0.67289 -0.70122 -0.23559 -0.58912 -0.80795 -0.01264 -0.55647 -0.82552 0.09414 -0.59959 -0.79604 -0.08260 -0.60339 -0.78108 0.16075 -0.55647 -0.82552 0.09414 -0.58912 -0.80795 -0.01264 0.23050 0.73191 -0.64123 -0.05134 0.75263 -0.65644 0.07240 0.73643 -0.67263 0.11243 -0.81435 -0.56939 0.02582 -0.76861 -0.63919 -0.00446 -0.84001 -0.54256 0.00270 -0.36321 0.93170 0.00000 0.25810 0.96612 0.49016 0.19083 0.85049 0.00270 -0.36321 0.93170 -0.29341 -0.10200 0.95053 0.00000 0.25810 0.96612 0.65691 0.03993 -0.75291 0.65574 -0.01668 -0.75481 0.62908 0.12794 -0.76674 -0.79115 -0.12829 -0.59802 -0.81132 0.04930 -0.58252 -0.77213 -0.05534 -0.63305 -0.43207 0.11026 0.89507 -0.08694 -0.46540 0.88082 -0.04400 -0.45818 0.88777 -0.43207 0.11026 0.89507 0.00437 0.58438 0.81147 0.17364 0.59463 0.78503 0.03483 0.54953 -0.83475 0.04451 0.50622 -0.86125 -0.37037 0.44348 -0.81618 -0.76611 -0.03654 0.64167 -0.77088 -0.02224 0.63660 -0.77289 -0.00097 0.63454 0.63558 0.04035 0.77098 0.63754 0.07706 0.76655 0.64422 0.01480 0.76469 0.66390 -0.74578 -0.05531 0.84965 -0.51964 0.08986 0.82159 -0.50253 0.26917 0.66390 -0.74578 -0.05531 0.29413 -0.39964 -0.86821 0.84965 -0.51964 0.08986 0.00000 -0.17054 -0.98535 0.29413 -0.39964 -0.86821 0.11403 -0.16943 -0.97892 0.00000 -0.17054 -0.98535 -0.11403 -0.16943 -0.97892 0.29413 -0.39964 -0.86821 0.82159 -0.50253 0.26917 0.56431 -0.70111 0.43589 0.59179 -0.74318 0.31220 0.82159 -0.50253 0.26917 0.84965 -0.51964 0.08986 0.56431 -0.70111 0.43589 -0.02680 0.93210 0.36120 -0.04960 0.15568 0.98656 -0.11667 0.77576 0.62014 -0.02680 0.93210 0.36120 0.16770 0.97597 -0.13914 0.22804 0.97177 -0.06057 -0.07635 0.69956 -0.71048 0.16770 0.97597 -0.13914 -0.00355 0.80458 -0.59384 -0.07635 0.69956 -0.71048 -0.22386 -0.22910 -0.94731 -0.11478 -0.04510 -0.99237 -0.00857 -0.89694 -0.44207 -0.22386 -0.22910 -0.94731 -0.07563 -0.80735 -0.58520 -0.00857 -0.89694 -0.44207 0.44628 -0.78198 -0.43514 0.49174 -0.86933 -0.04966 -0.07520 -0.07462 -0.99437 -0.11478 -0.04510 -0.99237 -0.22386 -0.22910 -0.94731 -0.07520 -0.07462 -0.99437 -0.02354 -0.13417 -0.99068 -0.11478 -0.04510 -0.99237 -0.01119 -0.18606 -0.98247 -0.02354 -0.13417 -0.99068 -0.07520 -0.07462 -0.99437 0.92872 -0.15070 -0.33878 0.99380 0.10796 -0.02675 0.97609 0.03947 -0.21375 -0.06924 -0.04543 0.99657 0.10440 -0.12569 0.98656 -0.04960 0.15568 0.98656 -0.06924 -0.04543 0.99657 -0.06893 -0.01792 0.99746 0.10440 -0.12569 0.98656 0.99380 0.10796 -0.02675 0.95953 -0.11315 0.25788 0.98963 0.05119 0.13422 -0.67031 -0.74203 -0.00909 -0.67198 -0.73495 -0.09104 -0.73823 -0.62494 -0.25390 -0.67031 -0.74203 -0.00909 -0.64187 -0.75796 0.11620 -0.67198 -0.73495 -0.09104 -0.69906 -0.68292 0.21199 -0.64187 -0.75796 0.11620 -0.67031 -0.74203 -0.00909 0.29013 0.68680 -0.66643 0.04551 0.74425 -0.66635 0.19418 0.70329 -0.68387 0.04156 -0.82098 -0.56944 -0.04107 -0.76799 -0.63914 -0.07701 -0.83635 -0.54276 -0.44930 0.15560 0.87973 0.00182 -0.47890 0.87787 -0.12115 -0.46010 0.87956 -0.44930 0.15560 0.87973 0.01520 0.59490 0.80366 0.06953 0.59290 0.80227 0.02410 0.59659 -0.80219 0.07201 0.55704 -0.82736 -0.39081 0.51565 -0.76248 -0.29341 -0.10200 0.95053 -0.56028 0.30296 0.77091 0.00000 0.25810 0.96612 -0.29341 -0.10200 0.95053 -0.56513 0.24811 0.78681 -0.56028 0.30296 0.77091 -0.06295 0.99765 0.02693 0.10797 0.91775 0.38221 0.18443 0.76705 0.61451 -0.06295 0.99765 0.02693 -0.08478 0.98667 -0.13893 0.10797 0.91775 0.38221 0.00178 -0.08882 0.99605 0.06648 -0.04914 0.99658 0.06644 -0.15058 0.98636 0.00178 -0.08882 0.99605 0.06874 -0.01973 0.99744 0.06648 -0.04914 0.99658 0.67537 -0.73287 -0.08231 0.67500 -0.73758 -0.01888 0.73359 -0.63846 -0.23284 0.67537 -0.73287 -0.08231 0.64670 -0.75793 0.08556 0.67500 -0.73758 -0.01888 0.01503 -0.12237 -0.99237 0.06874 -0.07758 -0.99461 0.11068 -0.05425 -0.99237 0.01503 -0.12237 -0.99237 -0.00051 -0.16817 -0.98576 0.06874 -0.07758 -0.99461 -0.98897 0.14705 -0.01783 -0.94295 -0.04902 -0.32931 -0.97347 0.12754 -0.18999 -0.98472 0.11897 0.12720 -0.98897 0.14705 -0.01783 -0.97347 0.12754 -0.18999 -0.98472 0.11897 0.12720 -0.96063 -0.04694 0.27385 -0.98897 0.14705 -0.01783 -0.04605 -0.88598 -0.46143 0.10185 -0.96489 -0.24209 -0.44404 -0.82844 -0.34135 -0.04605 -0.88598 -0.46143 0.04307 -0.82739 -0.55998 0.10185 -0.96489 -0.24209 -0.08478 0.98667 -0.13893 0.12317 0.68546 -0.71762 0.04240 0.80397 -0.59316 0.11068 -0.05425 -0.99237 0.14642 -0.06440 -0.98712 0.12317 0.68546 -0.71762 0.06874 -0.07758 -0.99461 0.14642 -0.06440 -0.98712 0.11068 -0.05425 -0.99237 0.06208 0.74391 -0.66539 -0.23621 0.72734 -0.64434 -0.06629 0.74366 -0.66527 0.10618 -0.76813 -0.63143 0.05586 -0.80700 -0.58790 -0.10893 -0.81639 -0.56713 -0.00708 0.50426 -0.86352 0.37037 0.44348 -0.81618 -0.02903 0.53498 -0.84437 -0.00710 -0.80373 -0.59496 0.03651 -0.80676 -0.58975 0.39686 -0.72597 -0.56166 0.09328 -0.45397 0.88612 0.43207 0.11026 0.89507 0.05119 -0.46772 0.88239 -0.15986 0.58077 0.79821 0.00072 0.59357 0.80478 0.43207 0.11026 0.89507 0.76083 -0.00553 0.64893 0.76611 -0.03654 0.64167 0.77927 0.01084 0.62659 -0.63585 0.02492 0.77141 -0.64355 0.08729 0.76041 -0.63558 0.04035 0.77098 -0.61744 -0.77061 -0.15786 -0.84965 -0.51964 0.08986 -0.65694 -0.62894 -0.41576 -0.61744 -0.77061 -0.15786 -0.77717 -0.53390 0.33310 -0.84965 -0.51964 0.08986 -0.77717 -0.53390 0.33310 -0.56431 -0.70111 0.43589 -0.84965 -0.51964 0.08986 -0.77717 -0.53390 0.33310 -0.59179 -0.74318 0.31220 -0.56431 -0.70111 0.43589 -0.14719 0.98875 0.02677 0.03604 0.92895 0.36844 0.11642 0.78029 0.61449 -0.14719 0.98875 0.02677 -0.16770 0.97597 -0.13914 0.03604 0.92895 0.36844 0.00841 -0.08831 0.99606 0.06923 -0.04434 0.99662 0.07873 -0.14268 0.98663 0.00841 -0.08831 0.99606 0.06892 -0.01679 0.99748 0.06923 -0.04434 0.99662 0.70837 -0.70136 -0.07940 0.70852 -0.70550 -0.01641 0.76317 -0.60214 -0.23452 0.70837 -0.70136 -0.07940 0.67918 -0.72846 0.08978 0.70852 -0.70550 -0.01641 0.02550 -0.12587 -0.99172 0.07553 -0.07214 -0.99453 0.11478 -0.04510 -0.99237 0.02550 -0.12587 -0.99172 0.01448 -0.17228 -0.98494 0.07553 -0.07214 -0.99453 -0.99483 0.09962 -0.01967 -0.93767 -0.10317 -0.33186 -0.97813 0.07445 -0.19419 -0.98948 0.06674 0.12838 -0.99483 0.09962 -0.01967 -0.97813 0.07445 -0.19419 -0.98948 0.06674 0.12838 -0.95725 -0.09865 0.27191 -0.99483 0.09962 -0.01967 0.03152 -0.88668 -0.46132 0.18562 -0.95231 -0.24219 -0.37020 -0.86386 -0.34161 0.03152 -0.88668 -0.46132 0.11521 -0.82043 -0.56002 0.18562 -0.95231 -0.24219 -0.16770 0.97597 -0.13914 0.07883 0.70076 -0.70903 0.00673 0.80282 -0.59618 0.11478 -0.04510 -0.99237 0.15196 -0.05146 -0.98705 0.07883 0.70076 -0.70903 0.07553 -0.07214 -0.99453 0.15196 -0.05146 -0.98705 0.11478 -0.04510 -0.99237 0.01073 0.70374 -0.71038 -0.27764 0.69800 -0.66009 -0.15269 0.72411 -0.67257 0.17198 -0.75602 -0.63155 0.12571 -0.79902 -0.58802 -0.03769 -0.82282 -0.56706 0.00394 0.55875 -0.82933 0.39081 0.51565 -0.76248 -0.05590 0.58837 -0.80666 -0.00356 -0.77604 -0.63068 0.08622 -0.75964 -0.64460 0.43427 -0.63758 -0.63631 -0.01030 -0.49362 0.86962 0.44930 0.15560 0.87973 0.11561 -0.45434 0.88329 -0.07006 0.59352 0.80176 -0.01544 0.59440 0.80402 0.44930 0.15560 0.87973 0.79120 -0.12775 -0.59806 0.79865 -0.11734 -0.59025 0.78669 0.00495 -0.61733 -0.65695 0.04031 -0.75286 -0.64692 0.15717 -0.74619 -0.63602 0.01216 -0.77157 -0.61714 0.20120 -0.76069 -0.61768 0.28855 -0.73158 -0.60213 0.23241 -0.76382 -0.61714 0.20120 -0.76069 -0.39385 0.13782 -0.90879 -0.61768 0.28855 -0.73158 -0.00164 -0.37424 -0.92733 -0.39385 0.13782 -0.90879 -0.03536 -0.51667 -0.85545 -0.00164 -0.37424 -0.92733 0.53924 0.15785 -0.82723 -0.39385 0.13782 -0.90879 0.31459 0.94810 -0.04618 0.31459 0.94810 -0.04618 0.14540 0.98753 -0.06036 0.08483 0.98666 -0.13893 0.56533 -0.82338 -0.04953 0.51214 -0.74114 -0.43408 0.82578 -0.56302 -0.03308 0.39127 0.91910 -0.04658 0.39127 0.91910 -0.04658 0.22804 0.97177 -0.06057 0.16770 0.97597 -0.13914 0.49174 -0.86933 -0.04966 0.44628 -0.78198 -0.43514 0.77354 -0.63288 -0.03326 0.77354 -0.63288 -0.03326 -0.31456 0.94811 -0.04619 -0.08478 0.98667 -0.13893 -0.06295 0.99765 0.02693 -0.31456 0.94811 -0.04619 -0.82578 -0.56302 -0.03308 -0.82578 -0.56302 -0.03308 -0.44404 -0.82844 -0.34135 -0.39127 0.91910 -0.04658 -0.16770 0.97597 -0.13914 -0.14719 0.98875 0.02677 -0.39127 0.91910 -0.04658 -0.77354 -0.63288 -0.03326 -0.77354 -0.63288 -0.03326 -0.77354 -0.63288 -0.03326 -0.37020 -0.86386 -0.34161 -0.06859 0.13294 0.98875 0.11461 -0.11806 0.98637 0.37366 -0.30294 0.87670 0.96721 0.14215 -0.21046 0.97701 0.21205 -0.02225 0.97976 0.14201 0.14110 0.01251 -0.80922 -0.58737 -0.39686 -0.72597 -0.56166 -0.03249 -0.80304 -0.59504 -0.05615 0.13873 0.98874 0.10440 -0.12569 0.98656 0.34612 -0.33400 0.87672 0.97609 0.03947 -0.21375 0.99380 0.10796 -0.02675 0.98963 0.05119 0.13422 0.00199 -0.77403 -0.63315 -0.43427 -0.63758 -0.63631 -0.08723 -0.76048 -0.64348 0.00178 -0.08882 0.99605 -0.37366 -0.30294 0.87670 0.69115 -0.70423 0.16241 0.67500 -0.73758 -0.01888 0.64670 -0.75793 0.08556 0.00841 -0.08831 0.99606 -0.34612 -0.33400 0.87672 -0.34612 -0.33400 0.87672 0.72036 -0.67328 0.16664 0.70852 -0.70550 -0.01641 0.67918 -0.72846 0.08978 0.50052 0.86572 0.00047 0.50052 0.86572 0.00047 0.50052 0.86572 0.00047 0.17374 0.98479 0.00102 0.17374 0.98479 0.00102 0.17374 0.98479 0.00102 -0.17374 0.98479 -0.00122 -0.17374 0.98479 -0.00122 -0.50018 0.86592 -0.00015 -0.50018 0.86592 -0.00015 -0.50018 0.86592 -0.00015 0.61768 0.28855 -0.73158 0.65900 0.25981 -0.70585 0.53924 0.15785 -0.82723</float_array>
     <technique_common>
      <accessor count="1342" source="#L2sword_2-lib-normals-array" stride="3">
       <param name="X" type="float"/>
       <param name="Y" type="float"/>
       <param name="Z" type="float"/>
      </accessor>
     </technique_common>
    </source>
    <source id="L2sword_2-lib-texcoords">
     <float_array id="L2sword_2-lib-texcoords-array" count="2692">0.66699 -0.10693 0.61914 -0.04395 0.64795 -0.03174 0.66699 -0.10693 0.59229 -0.12012 0.61914 -0.04395 0.65576 -0.19971 0.59229 -0.12012 0.66699 -0.10693 0.65576 -0.19971 0.59521 -0.19971 0.59229 -0.12012 0.67285 -0.27441 0.59521 -0.19971 0.65576 -0.19971 0.67285 -0.27441 0.60352 -0.26758 0.59521 -0.19971 0.66406 -0.34082 0.60352 -0.26758 0.67285 -0.27441 0.66406 -0.34082 0.63525 -0.33252 0.60352 -0.26758 0.10547 -0.21826 0.06201 -0.34326 0.02100 -0.22314 0.10547 -0.21826 0.12744 -0.34277 0.06201 -0.34326 0.20703 -0.23877 0.12744 -0.34277 0.10547 -0.21826 0.20703 -0.23877 0.20801 -0.33691 0.12744 -0.34277 0.30811 -0.24756 0.20801 -0.33691 0.20703 -0.23877 0.30811 -0.24756 0.29932 -0.32959 0.20801 -0.33691 0.43066 -0.23096 0.29932 -0.32959 0.30811 -0.24756 0.43066 -0.23096 0.37988 -0.34961 0.29932 -0.32959 0.28516 -0.43262 0.37988 -0.34961 0.38623 -0.41064 0.28516 -0.43262 0.29736 -0.35498 0.37988 -0.34961 0.21191 -0.42578 0.29736 -0.35498 0.28516 -0.43262 0.21191 -0.42578 0.20801 -0.33691 0.29736 -0.35498 0.13818 -0.41211 0.20801 -0.33691 0.21191 -0.42578 0.13818 -0.41211 0.12744 -0.34277 0.20801 -0.33691 0.03906 -0.40283 0.12744 -0.34277 0.13818 -0.41211 0.03906 -0.40283 0.06201 -0.34326 0.12744 -0.34277 0.46143 -0.90771 0.43457 -0.85596 0.46436 -0.85303 0.46143 -0.90771 0.40430 -0.96680 0.43457 -0.85596 0.55371 -0.90625 0.40430 -0.96680 0.46143 -0.90771 0.55371 -0.90625 0.55176 -0.92676 0.40430 -0.96680 0.57617 -0.91748 0.55176 -0.92676 0.55371 -0.90625 0.57617 -0.91748 0.56396 -0.93164 0.55176 -0.92676 0.13184 -0.84375 0.05664 -0.82959 0.12012 -0.79297 0.13184 -0.84375 0.06787 -0.84570 0.05664 -0.82959 0.20850 -0.93359 0.06787 -0.84570 0.13184 -0.84375 0.20850 -0.93359 0.05615 -0.85107 0.06787 -0.84570 0.16260 -0.97461 0.05615 -0.85107 0.20850 -0.93359 0.16260 -0.97461 0.04785 -0.86865 0.05615 -0.85107 0.13818 -0.41211 0.09766 -0.54443 0.03906 -0.40283 0.13818 -0.41211 0.15381 -0.53418 0.09766 -0.54443 0.21191 -0.42578 0.15381 -0.53418 0.13818 -0.41211 0.21191 -0.42578 0.21191 -0.52734 0.15381 -0.53418 0.28516 -0.43262 0.21191 -0.52734 0.21191 -0.42578 0.28516 -0.43262 0.26807 -0.53271 0.21191 -0.52734 0.38623 -0.41064 0.26807 -0.53271 0.28516 -0.43262 0.38623 -0.41064 0.32275 -0.54883 0.26807 -0.53271 0.11572 -0.15186 0.02100 -0.22314 0.05420 -0.13281 0.11572 -0.15186 0.10547 -0.21826 0.02100 -0.22314 0.20801 -0.16846 0.10547 -0.21826 0.11572 -0.15186 0.20801 -0.16846 0.20703 -0.23877 0.10547 -0.21826 0.30908 -0.15820 0.20703 -0.23877 0.20801 -0.16846 0.30908 -0.15820 0.30811 -0.24756 0.20703 -0.23877 0.39844 -0.13721 0.30811 -0.24756 0.30908 -0.15820 0.39844 -0.13721 0.43066 -0.23096 0.30811 -0.24756 0.91162 -0.10498 0.77148 -0.01221 0.92285 -0.02637 0.91162 -0.10498 0.77832 -0.10059 0.77148 -0.01221 0.90771 -0.18311 0.77832 -0.10059 0.91162 -0.10498 0.90771 -0.18311 0.77832 -0.18945 0.77832 -0.10059 0.91504 -0.25342 0.77832 -0.18945 0.90771 -0.18311 0.91504 -0.25342 0.79004 -0.27148 0.77832 -0.18945 0.93604 -0.32080 0.79004 -0.27148 0.91504 -0.25342 0.93604 -0.32080 0.78809 -0.35303 0.79004 -0.27148 0.03955 -0.69678 0.10693 -0.72852 0.04248 -0.73145 0.03955 -0.69678 0.10303 -0.69385 0.10693 -0.72852 0.03760 -0.66602 0.10303 -0.69385 0.03955 -0.69678 0.03760 -0.66602 0.09473 -0.66309 0.10303 -0.69385 0.03613 -0.63281 0.09473 -0.66309 0.03760 -0.66602 0.03613 -0.63281 0.10010 -0.63037 0.09473 -0.66309 0.03564 -0.59814 0.10010 -0.63037 0.03613 -0.63281 0.03564 -0.59814 0.09961 -0.59521 0.10010 -0.63037 0.91504 -0.25342 0.96582 -0.28076 0.93604 -0.32080 0.91504 -0.25342 0.95068 -0.24170 0.96582 -0.28076 0.90771 -0.18311 0.95068 -0.24170 0.91504 -0.25342 0.90771 -0.18311 0.95508 -0.17871 0.95068 -0.24170 0.91162 -0.10498 0.95508 -0.17871 0.90771 -0.18311 0.91162 -0.10498 0.94482 -0.11133 0.95508 -0.17871 0.92285 -0.02637 0.94482 -0.11133 0.91162 -0.10498 0.92285 -0.02637 0.95557 -0.06445 0.94482 -0.11133 0.56104 -0.09375 0.61914 -0.04395 0.59229 -0.12012 0.56104 -0.09375 0.61084 -0.03955 0.61914 -0.04395 0.59229 -0.12012 0.61084 -0.03955 0.56104 -0.09375 0.59229 -0.12012 0.61914 -0.04395 0.61084 -0.03955 0.66699 -0.10693 0.61914 -0.04395 0.59229 -0.12012 0.66699 -0.10693 0.64795 -0.03174 0.61914 -0.04395 0.76562 -0.10107 0.64795 -0.03174 0.66699 -0.10693 0.76562 -0.10107 0.77148 -0.01221 0.64795 -0.03174 0.62891 -0.33887 0.60352 -0.26758 0.63525 -0.33252 0.62891 -0.33887 0.57666 -0.30371 0.60352 -0.26758 0.63525 -0.33252 0.57666 -0.30371 0.62891 -0.33887 0.63525 -0.33252 0.60352 -0.26758 0.57666 -0.30371 0.66406 -0.34082 0.60352 -0.26758 0.63525 -0.33252 0.66406 -0.34082 0.67285 -0.27441 0.60352 -0.26758 0.78809 -0.35303 0.67285 -0.27441 0.66406 -0.34082 0.78809 -0.35303 0.77783 -0.27148 0.67285 -0.27441 0.67285 -0.27441 0.78809 -0.35303 0.66406 -0.34082 0.67285 -0.27441 0.77783 -0.27148 0.78809 -0.35303 0.65576 -0.19971 0.77783 -0.27148 0.67285 -0.27441 0.65576 -0.19971 0.77832 -0.18945 0.77783 -0.27148 0.66699 -0.10693 0.77832 -0.18945 0.65576 -0.19971 0.66699 -0.10693 0.76562 -0.10107 0.77832 -0.18945 0.64795 -0.03174 0.76562 -0.10107 0.66699 -0.10693 0.64795 -0.03174 0.77148 -0.01221 0.76562 -0.10107 0.12793 -0.10986 0.05420 -0.13281 0.05713 -0.05664 0.12793 -0.10986 0.11572 -0.15186 0.05420 -0.13281 0.21143 -0.14795 0.11572 -0.15186 0.12793 -0.10986 0.21143 -0.14795 0.20801 -0.16846 0.11572 -0.15186 0.30322 -0.12451 0.20801 -0.16846 0.21143 -0.14795 0.30322 -0.12451 0.30908 -0.15820 0.20801 -0.16846 0.39404 -0.05811 0.30908 -0.15820 0.30322 -0.12451 0.39404 -0.05811 0.39844 -0.13721 0.30908 -0.15820 0.53223 -0.38721 0.45410 -0.31934 0.51270 -0.32812 0.53223 -0.38721 0.41455 -0.36963 0.45410 -0.31934 0.51465 -0.49463 0.41455 -0.36963 0.53223 -0.38721 0.51465 -0.49463 0.40576 -0.49219 0.41455 -0.36963 0.51172 -0.57520 0.40576 -0.49219 0.51465 -0.49463 0.51172 -0.57520 0.36572 -0.55762 0.40576 -0.49219 0.62695 -0.60693 0.58301 -0.74463 0.53467 -0.61377 0.62695 -0.60693 0.65430 -0.74219 0.58301 -0.74463 0.73779 -0.61719 0.65430 -0.74219 0.62695 -0.60693 0.73779 -0.61719 0.74219 -0.73340 0.65430 -0.74219 0.84863 -0.63232 0.74219 -0.73340 0.73779 -0.61719 0.84863 -0.63232 0.84180 -0.72217 0.74219 -0.73340 0.98193 -0.60938 0.84180 -0.72217 0.84863 -0.63232 0.98193 -0.60938 0.93066 -0.74121 0.84180 -0.72217 0.83008 -0.83545 0.93066 -0.74121 0.93994 -0.80811 0.83008 -0.83545 0.84082 -0.75000 0.93066 -0.74121 0.74951 -0.83008 0.84082 -0.75000 0.83008 -0.83545 0.74951 -0.83008 0.74219 -0.73340 0.84082 -0.75000 0.66846 -0.81738 0.74219 -0.73340 0.74951 -0.83008 0.66846 -0.81738 0.65430 -0.74219 0.74219 -0.73340 0.56006 -0.81104 0.65430 -0.74219 0.66846 -0.81738 0.56006 -0.81104 0.58301 -0.74463 0.65430 -0.74219 0.46143 -0.90771 0.43457 -0.85596 0.46436 -0.85303 0.46143 -0.90771 0.40430 -0.96680 0.43457 -0.85596 0.55371 -0.90625 0.40430 -0.96680 0.46143 -0.90771 0.55371 -0.90625 0.55176 -0.92676 0.40430 -0.96680 0.57617 -0.91748 0.55176 -0.92676 0.55371 -0.90625 0.57617 -0.91748 0.56396 -0.93164 0.55176 -0.92676 0.13184 -0.84375 0.05664 -0.82959 0.12012 -0.79297 0.13184 -0.84375 0.06787 -0.84570 0.05664 -0.82959 0.20850 -0.93359 0.06787 -0.84570 0.13184 -0.84375 0.20850 -0.93359 0.05615 -0.85107 0.06787 -0.84570 0.16260 -0.97461 0.05615 -0.85107 0.20850 -0.93359 0.16260 -0.97461 0.04785 -0.86865 0.05615 -0.85107 0.66846 -0.81738 0.62891 -0.96387 0.56006 -0.81104 0.66846 -0.81738 0.68994 -0.95068 0.62891 -0.96387 0.74951 -0.83008 0.68994 -0.95068 0.66846 -0.81738 0.74951 -0.83008 0.75342 -0.94141 0.68994 -0.95068 0.83008 -0.83545 0.75342 -0.94141 0.74951 -0.83008 0.83008 -0.83545 0.81445 -0.94531 0.75342 -0.94141 0.93994 -0.80811 0.81445 -0.94531 0.83008 -0.83545 0.93994 -0.80811 0.87500 -0.96094 0.81445 -0.94531 0.63574 -0.53369 0.53467 -0.61377 0.56885 -0.51367 0.63574 -0.53369 0.62695 -0.60693 0.53467 -0.61377 0.73730 -0.54980 0.62695 -0.60693 0.63574 -0.53369 0.73730 -0.54980 0.73779 -0.61719 0.62695 -0.60693 0.84668 -0.53467 0.73779 -0.61719 0.73730 -0.54980 0.84668 -0.53467 0.84863 -0.63232 0.73779 -0.61719 0.94336 -0.50781 0.84863 -0.63232 0.84668 -0.53467 0.94336 -0.50781 0.98193 -0.60938 0.84863 -0.63232 0.64893 -0.48779 0.56885 -0.51367 0.57129 -0.43018 0.64893 -0.48779 0.63574 -0.53369 0.56885 -0.51367 0.73975 -0.52881 0.63574 -0.53369 0.64893 -0.48779 0.73975 -0.52881 0.73730 -0.54980 0.63574 -0.53369 0.83887 -0.49805 0.73730 -0.54980 0.73975 -0.52881 0.83887 -0.49805 0.84668 -0.53467 0.73730 -0.54980 0.93408 -0.42090 0.84668 -0.53467 0.83887 -0.49805 0.93408 -0.42090 0.94336 -0.50781 0.84668 -0.53467 0.65576 -0.19971 0.59229 -0.12012 0.59521 -0.19971 0.65576 -0.19971 0.66699 -0.10693 0.59229 -0.12012 0.77832 -0.18945 0.66699 -0.10693 0.65576 -0.19971 0.77832 -0.18945 0.76562 -0.10107 0.66699 -0.10693 0.12744 -0.34277 0.02100 -0.22314 0.06201 -0.34326 0.12744 -0.34277 0.10547 -0.21826 0.02100 -0.22314 0.20801 -0.33691 0.10547 -0.21826 0.12744 -0.34277 0.20801 -0.33691 0.20703 -0.23877 0.10547 -0.21826 0.29932 -0.32959 0.20703 -0.23877 0.20801 -0.33691 0.29932 -0.32959 0.30811 -0.24756 0.20703 -0.23877 0.37988 -0.34961 0.30811 -0.24756 0.29932 -0.32959 0.37988 -0.34961 0.43066 -0.23096 0.30811 -0.24756 0.29736 -0.35498 0.38623 -0.41064 0.37988 -0.34961 0.29736 -0.35498 0.28516 -0.43262 0.38623 -0.41064 0.20801 -0.33691 0.28516 -0.43262 0.29736 -0.35498 0.20801 -0.33691 0.21191 -0.42578 0.28516 -0.43262 0.12744 -0.34277 0.21191 -0.42578 0.20801 -0.33691 0.12744 -0.34277 0.13818 -0.41211 0.21191 -0.42578 0.06201 -0.34326 0.13818 -0.41211 0.12744 -0.34277 0.06201 -0.34326 0.03906 -0.40283 0.13818 -0.41211 0.40430 -0.96680 0.46436 -0.85303 0.43457 -0.85596 0.40430 -0.96680 0.46143 -0.90771 0.46436 -0.85303 0.55176 -0.92676 0.46143 -0.90771 0.40430 -0.96680 0.55176 -0.92676 0.55371 -0.90625 0.46143 -0.90771 0.56396 -0.93164 0.55371 -0.90625 0.55176 -0.92676 0.56396 -0.93164 0.57617 -0.91748 0.55371 -0.90625 0.06787 -0.84570 0.12012 -0.79297 0.05664 -0.82959 0.06787 -0.84570 0.13184 -0.84375 0.12012 -0.79297 0.05615 -0.85107 0.13184 -0.84375 0.06787 -0.84570 0.05615 -0.85107 0.20850 -0.93359 0.13184 -0.84375 0.04785 -0.86865 0.20850 -0.93359 0.05615 -0.85107 0.04785 -0.86865 0.16260 -0.97461 0.20850 -0.93359 0.15381 -0.53418 0.03906 -0.40283 0.09766 -0.54443 0.15381 -0.53418 0.13818 -0.41211 0.03906 -0.40283 0.21191 -0.52734 0.13818 -0.41211 0.15381 -0.53418 0.21191 -0.52734 0.21191 -0.42578 0.13818 -0.41211 0.26807 -0.53271 0.21191 -0.42578 0.21191 -0.52734 0.26807 -0.53271 0.28516 -0.43262 0.21191 -0.42578 0.32275 -0.54883 0.28516 -0.43262 0.26807 -0.53271 0.32275 -0.54883 0.38623 -0.41064 0.28516 -0.43262 0.10547 -0.21826 0.05420 -0.13281 0.02100 -0.22314 0.10547 -0.21826 0.11572 -0.15186 0.05420 -0.13281 0.20703 -0.23877 0.11572 -0.15186 0.10547 -0.21826 0.20703 -0.23877 0.20801 -0.16846 0.11572 -0.15186 0.30811 -0.24756 0.20801 -0.16846 0.20703 -0.23877 0.30811 -0.24756 0.30908 -0.15820 0.20801 -0.16846 0.43066 -0.23096 0.30908 -0.15820 0.30811 -0.24756 0.43066 -0.23096 0.39844 -0.13721 0.30908 -0.15820 0.77832 -0.10059 0.92285 -0.02637 0.77148 -0.01221 0.77832 -0.10059 0.91162 -0.10498 0.92285 -0.02637 0.77832 -0.18945 0.91162 -0.10498 0.77832 -0.10059 0.77832 -0.18945 0.90771 -0.18311 0.91162 -0.10498 0.79004 -0.27148 0.90771 -0.18311 0.77832 -0.18945 0.79004 -0.27148 0.91504 -0.25342 0.90771 -0.18311 0.78809 -0.35303 0.91504 -0.25342 0.79004 -0.27148 0.78809 -0.35303 0.93604 -0.32080 0.91504 -0.25342 0.65576 -0.19971 0.77783 -0.27148 0.77832 -0.18945 0.65576 -0.19971 0.67285 -0.27441 0.77783 -0.27148 0.59521 -0.19971 0.67285 -0.27441 0.65576 -0.19971 0.59521 -0.19971 0.60352 -0.26758 0.67285 -0.27441 0.10303 -0.69385 0.04248 -0.73145 0.10693 -0.72852 0.10303 -0.69385 0.03955 -0.69678 0.04248 -0.73145 0.09473 -0.66309 0.03955 -0.69678 0.10303 -0.69385 0.09473 -0.66309 0.03760 -0.66602 0.03955 -0.69678 0.10010 -0.63037 0.03760 -0.66602 0.09473 -0.66309 0.10010 -0.63037 0.03613 -0.63281 0.03760 -0.66602 0.09961 -0.59521 0.03613 -0.63281 0.10010 -0.63037 0.09961 -0.59521 0.03564 -0.59814 0.03613 -0.63281 0.95068 -0.24170 0.93604 -0.32080 0.96582 -0.28076 0.95068 -0.24170 0.91504 -0.25342 0.93604 -0.32080 0.95508 -0.17871 0.91504 -0.25342 0.95068 -0.24170 0.95508 -0.17871 0.90771 -0.18311 0.91504 -0.25342 0.94482 -0.11133 0.90771 -0.18311 0.95508 -0.17871 0.94482 -0.11133 0.91162 -0.10498 0.90771 -0.18311 0.95557 -0.06445 0.91162 -0.10498 0.94482 -0.11133 0.95557 -0.06445 0.92285 -0.02637 0.91162 -0.10498 0.11572 -0.15186 0.05713 -0.05664 0.05420 -0.13281 0.11572 -0.15186 0.12793 -0.10986 0.05713 -0.05664 0.20801 -0.16846 0.12793 -0.10986 0.11572 -0.15186 0.20801 -0.16846 0.21143 -0.14795 0.12793 -0.10986 0.30908 -0.15820 0.21143 -0.14795 0.20801 -0.16846 0.30908 -0.15820 0.30322 -0.12451 0.21143 -0.14795 0.39844 -0.13721 0.30322 -0.12451 0.30908 -0.15820 0.39844 -0.13721 0.39404 -0.05811 0.30322 -0.12451 0.41455 -0.36963 0.51270 -0.32812 0.45410 -0.31934 0.41455 -0.36963 0.53223 -0.38721 0.51270 -0.32812 0.40576 -0.49219 0.53223 -0.38721 0.41455 -0.36963 0.40576 -0.49219 0.51465 -0.49463 0.53223 -0.38721 0.36572 -0.55762 0.51465 -0.49463 0.40576 -0.49219 0.36572 -0.55762 0.51172 -0.57520 0.51465 -0.49463 0.65430 -0.74219 0.53467 -0.61377 0.58301 -0.74463 0.65430 -0.74219 0.62695 -0.60693 0.53467 -0.61377 0.74219 -0.73340 0.62695 -0.60693 0.65430 -0.74219 0.74219 -0.73340 0.73779 -0.61719 0.62695 -0.60693 0.84180 -0.72217 0.73779 -0.61719 0.74219 -0.73340 0.84180 -0.72217 0.84863 -0.63232 0.73779 -0.61719 0.93066 -0.74121 0.84863 -0.63232 0.84180 -0.72217 0.93066 -0.74121 0.98193 -0.60938 0.84863 -0.63232 0.84082 -0.75000 0.93994 -0.80811 0.93066 -0.74121 0.84082 -0.75000 0.83008 -0.83545 0.93994 -0.80811 0.74219 -0.73340 0.83008 -0.83545 0.84082 -0.75000 0.74219 -0.73340 0.74951 -0.83008 0.83008 -0.83545 0.65430 -0.74219 0.74951 -0.83008 0.74219 -0.73340 0.65430 -0.74219 0.66846 -0.81738 0.74951 -0.83008 0.58301 -0.74463 0.66846 -0.81738 0.65430 -0.74219 0.58301 -0.74463 0.56006 -0.81104 0.66846 -0.81738 0.40430 -0.96680 0.46436 -0.85303 0.43457 -0.85596 0.40430 -0.96680 0.46143 -0.90771 0.46436 -0.85303 0.55176 -0.92676 0.46143 -0.90771 0.40430 -0.96680 0.55176 -0.92676 0.55371 -0.90625 0.46143 -0.90771 0.56396 -0.93164 0.55371 -0.90625 0.55176 -0.92676 0.56396 -0.93164 0.57617 -0.91748 0.55371 -0.90625 0.06787 -0.84570 0.12012 -0.79297 0.05664 -0.82959 0.06787 -0.84570 0.13184 -0.84375 0.12012 -0.79297 0.05615 -0.85107 0.13184 -0.84375 0.06787 -0.84570 0.05615 -0.85107 0.20850 -0.93359 0.13184 -0.84375 0.04785 -0.86865 0.20850 -0.93359 0.05615 -0.85107 0.04785 -0.86865 0.16260 -0.97461 0.20850 -0.93359 0.68994 -0.95068 0.56006 -0.81104 0.62891 -0.96387 0.68994 -0.95068 0.66846 -0.81738 0.56006 -0.81104 0.75342 -0.94141 0.66846 -0.81738 0.68994 -0.95068 0.75342 -0.94141 0.74951 -0.83008 0.66846 -0.81738 0.81445 -0.94531 0.74951 -0.83008 0.75342 -0.94141 0.81445 -0.94531 0.83008 -0.83545 0.74951 -0.83008 0.87500 -0.96094 0.83008 -0.83545 0.81445 -0.94531 0.87500 -0.96094 0.93994 -0.80811 0.83008 -0.83545 0.62695 -0.60693 0.56885 -0.51367 0.53467 -0.61377 0.62695 -0.60693 0.63574 -0.53369 0.56885 -0.51367 0.73779 -0.61719 0.63574 -0.53369 0.62695 -0.60693 0.73779 -0.61719 0.73730 -0.54980 0.63574 -0.53369 0.84863 -0.63232 0.73730 -0.54980 0.73779 -0.61719 0.84863 -0.63232 0.84668 -0.53467 0.73730 -0.54980 0.98193 -0.60938 0.84668 -0.53467 0.84863 -0.63232 0.98193 -0.60938 0.94336 -0.50781 0.84668 -0.53467 0.63574 -0.53369 0.57129 -0.43018 0.56885 -0.51367 0.63574 -0.53369 0.64893 -0.48779 0.57129 -0.43018 0.73730 -0.54980 0.64893 -0.48779 0.63574 -0.53369 0.73730 -0.54980 0.73975 -0.52881 0.64893 -0.48779 0.84668 -0.53467 0.73975 -0.52881 0.73730 -0.54980 0.84668 -0.53467 0.83887 -0.49805 0.73975 -0.52881 0.94336 -0.50781 0.83887 -0.49805 0.84668 -0.53467 0.94336 -0.50781 0.93408 -0.42090 0.83887 -0.49805 0.55566 -0.20020 0.60352 -0.26758 0.54150 -0.28613 0.55566 -0.20020 0.59521 -0.19971 0.60352 -0.26758 0.59229 -0.12012 0.59521 -0.19971 0.55566 -0.20020 0.33838 -0.95410 0.43457 -0.85596 0.40430 -0.96680 0.33838 -0.95410 0.30713 -0.81982 0.43457 -0.85596 0.27002 -0.93457 0.30713 -0.81982 0.33838 -0.95410 0.27002 -0.93457 0.25000 -0.84912 0.30713 -0.81982 0.20850 -0.93359 0.25000 -0.84912 0.27002 -0.93457 0.20850 -0.93359 0.13184 -0.84375 0.25000 -0.84912 0.27393 -0.80127 0.30713 -0.81982 0.25000 -0.84912 0.27393 -0.80127 0.31396 -0.77002 0.30713 -0.81982 0.29102 -0.72266 0.31396 -0.77002 0.27393 -0.80127 0.29102 -0.72266 0.39404 -0.71045 0.31396 -0.77002 0.44727 -0.79395 0.46436 -0.85303 0.43457 -0.85596 0.44727 -0.79395 0.46484 -0.74658 0.46436 -0.85303 0.39404 -0.71045 0.46484 -0.74658 0.44727 -0.79395 0.25781 -0.66699 0.15039 -0.77490 0.17090 -0.66016 0.25781 -0.66699 0.27393 -0.80127 0.15039 -0.77490 0.29102 -0.72266 0.27393 -0.80127 0.25781 -0.66699 0.29932 -0.32959 0.29736 -0.35498 0.20801 -0.33691 0.29932 -0.32959 0.37988 -0.34961 0.29736 -0.35498 0.57666 -0.30371 0.54150 -0.28613 0.60352 -0.26758 0.57666 -0.30371 0.60352 -0.26758 0.54150 -0.28613 0.76562 -0.10107 0.77832 -0.10059 0.77832 -0.18945 0.76562 -0.10107 0.77148 -0.01221 0.77832 -0.10059 0.22461 -0.01025 0.12793 -0.10986 0.05713 -0.05664 0.22461 -0.01025 0.21143 -0.14795 0.12793 -0.10986 0.30322 -0.12451 0.21143 -0.14795 0.22461 -0.01025 0.77783 -0.27148 0.79004 -0.27148 0.78809 -0.35303 0.77783 -0.27148 0.77832 -0.18945 0.79004 -0.27148 0.51172 -0.57520 0.40234 -0.56201 0.36572 -0.55762 0.51172 -0.57520 0.41602 -0.66553 0.40234 -0.56201 0.50439 -0.67529 0.41602 -0.66553 0.51172 -0.57520 0.50439 -0.67529 0.51172 -0.57520 0.41602 -0.66553 0.36572 -0.55762 0.37158 -0.66016 0.32764 -0.65527 0.36572 -0.55762 0.40234 -0.56201 0.37158 -0.66016 0.33838 -0.95410 0.43457 -0.85596 0.40430 -0.96680 0.33838 -0.95410 0.30713 -0.81982 0.43457 -0.85596 0.27002 -0.93457 0.30713 -0.81982 0.33838 -0.95410 0.27002 -0.93457 0.25000 -0.84912 0.30713 -0.81982 0.20850 -0.93359 0.25000 -0.84912 0.27002 -0.93457 0.20850 -0.93359 0.13184 -0.84375 0.25000 -0.84912 0.27393 -0.80127 0.30713 -0.81982 0.25000 -0.84912 0.27393 -0.80127 0.31396 -0.77002 0.30713 -0.81982 0.29102 -0.72266 0.31396 -0.77002 0.27393 -0.80127 0.29102 -0.72266 0.39404 -0.71045 0.31396 -0.77002 0.44727 -0.79395 0.46436 -0.85303 0.43457 -0.85596 0.44727 -0.79395 0.46484 -0.74658 0.46436 -0.85303 0.39404 -0.71045 0.46484 -0.74658 0.44727 -0.79395 0.25781 -0.66699 0.15039 -0.77490 0.17090 -0.66016 0.25781 -0.66699 0.27393 -0.80127 0.15039 -0.77490 0.29102 -0.72266 0.27393 -0.80127 0.25781 -0.66699 0.84180 -0.72217 0.84082 -0.75000 0.74219 -0.73340 0.84180 -0.72217 0.93066 -0.74121 0.84082 -0.75000 0.75049 -0.37646 0.64893 -0.48779 0.57129 -0.43018 0.75049 -0.37646 0.73975 -0.52881 0.64893 -0.48779 0.83887 -0.49805 0.73975 -0.52881 0.75049 -0.37646 0.60352 -0.26758 0.55566 -0.20020 0.54150 -0.28613 0.60352 -0.26758 0.59521 -0.19971 0.55566 -0.20020 0.43457 -0.85596 0.33838 -0.95410 0.40430 -0.96680 0.43457 -0.85596 0.30713 -0.81982 0.33838 -0.95410 0.46436 -0.85303 0.44727 -0.79395 0.43457 -0.85596 0.46436 -0.85303 0.48975 -0.75244 0.44727 -0.79395 0.15039 -0.77490 0.24512 -0.68994 0.16504 -0.68213 0.15039 -0.77490 0.27393 -0.80127 0.24512 -0.68994 0.31396 -0.77002 0.27393 -0.80127 0.30713 -0.81982 0.31396 -0.77002 0.31592 -0.71484 0.27393 -0.80127 0.39404 -0.71045 0.31592 -0.71484 0.31396 -0.77002 0.44727 -0.79395 0.39404 -0.71045 0.31396 -0.77002 0.44727 -0.79395 0.48975 -0.75244 0.39404 -0.71045 0.20850 -0.93359 0.25000 -0.84912 0.13184 -0.84375 0.20850 -0.93359 0.27002 -0.93457 0.25000 -0.84912 0.30713 -0.81982 0.27002 -0.93457 0.33838 -0.95410 0.30713 -0.81982 0.25000 -0.84912 0.27002 -0.93457 0.27393 -0.80127 0.25000 -0.84912 0.30713 -0.81982 0.29736 -0.35498 0.29932 -0.32959 0.20801 -0.33691 0.29736 -0.35498 0.37988 -0.34961 0.29932 -0.32959 0.30322 -0.12451 0.22461 -0.01025 0.21143 -0.14795 0.30322 -0.12451 0.39404 -0.05811 0.22461 -0.01025 0.12793 -0.10986 0.22461 -0.01025 0.05713 -0.05664 0.12793 -0.10986 0.21143 -0.14795 0.22461 -0.01025 0.79004 -0.27148 0.77783 -0.27148 0.78809 -0.35303 0.79004 -0.27148 0.77832 -0.18945 0.77783 -0.27148 0.51172 -0.57520 0.40234 -0.56201 0.41602 -0.66553 0.51172 -0.57520 0.36572 -0.55762 0.40234 -0.56201 0.36572 -0.55762 0.37158 -0.66016 0.40234 -0.56201 0.36572 -0.55762 0.32764 -0.65527 0.37158 -0.66016 0.43457 -0.85596 0.33838 -0.95410 0.40430 -0.96680 0.43457 -0.85596 0.30713 -0.81982 0.33838 -0.95410 0.46436 -0.85303 0.44727 -0.79395 0.43457 -0.85596 0.46436 -0.85303 0.48975 -0.75244 0.44727 -0.79395 0.15039 -0.77490 0.24512 -0.68994 0.16504 -0.68213 0.15039 -0.77490 0.27393 -0.80127 0.24512 -0.68994 0.31396 -0.77002 0.27393 -0.80127 0.30713 -0.81982 0.31396 -0.77002 0.31592 -0.71484 0.27393 -0.80127 0.39404 -0.71045 0.31592 -0.71484 0.31396 -0.77002 0.44727 -0.79395 0.39404 -0.71045 0.31396 -0.77002 0.44727 -0.79395 0.48975 -0.75244 0.39404 -0.71045 0.20850 -0.93359 0.25000 -0.84912 0.13184 -0.84375 0.20850 -0.93359 0.27002 -0.93457 0.25000 -0.84912 0.30713 -0.81982 0.27002 -0.93457 0.33838 -0.95410 0.30713 -0.81982 0.25000 -0.84912 0.27002 -0.93457 0.27393 -0.80127 0.25000 -0.84912 0.30713 -0.81982 0.84082 -0.75000 0.84180 -0.72217 0.74219 -0.73340 0.84082 -0.75000 0.93066 -0.74121 0.84180 -0.72217 0.83887 -0.49805 0.75049 -0.37646 0.73975 -0.52881 0.83887 -0.49805 0.93408 -0.42090 0.75049 -0.37646 0.64893 -0.48779 0.75049 -0.37646 0.57129 -0.43018 0.64893 -0.48779 0.73975 -0.52881 0.75049 -0.37646 0.76562 -0.10107 0.77832 -0.10059 0.77148 -0.01221 0.76562 -0.10107 0.77832 -0.18945 0.77832 -0.10059 0.59229 -0.12012 0.55566 -0.20020 0.59521 -0.19971 0.59229 -0.12012 0.53174 -0.11377 0.55566 -0.20020 0.56104 -0.09375 0.53174 -0.11377 0.59229 -0.12012 0.56104 -0.09375 0.59229 -0.12012 0.53174 -0.11377 0.31396 -0.77002 0.44727 -0.79395 0.43457 -0.85596 0.30713 -0.81982 0.25000 -0.84912 0.13184 -0.84375 0.15039 -0.77490 0.27393 -0.80127 0.31396 -0.77002 0.44727 -0.79395 0.43457 -0.85596 0.30713 -0.81982 0.25000 -0.84912 0.13184 -0.84375 0.15039 -0.77490 0.27393 -0.80127 0.31396 -0.77002 0.30713 -0.81982 0.43457 -0.85596 0.44727 -0.79395 0.25000 -0.84912 0.27393 -0.80127 0.15039 -0.77490 0.13184 -0.84375 0.31396 -0.77002 0.30713 -0.81982 0.43457 -0.85596 0.44727 -0.79395 0.25000 -0.84912 0.27393 -0.80127 0.15039 -0.77490 0.13184 -0.84375 0.12012 -0.79297 0.15039 -0.77490 0.13184 -0.84375 0.31396 -0.77002 0.39404 -0.71045 0.44727 -0.79395 0.30322 -0.12451 0.22461 -0.01025 0.39404 -0.05811 0.12012 -0.79297 0.15039 -0.77490 0.13184 -0.84375 0.31396 -0.77002 0.39404 -0.71045 0.44727 -0.79395 0.83887 -0.49805 0.75049 -0.37646 0.93408 -0.42090 0.15039 -0.77490 0.12012 -0.79297 0.13184 -0.84375 0.30029 -0.70068 0.24512 -0.68994 0.27393 -0.80127 0.15039 -0.77490 0.12012 -0.79297 0.13184 -0.84375 0.31592 -0.71484 0.24512 -0.68994 0.27393 -0.80127 0.30420 -0.13525 0.30127 -0.10938 0.32031 -0.13135 0.30420 -0.13525 0.30127 -0.10938 0.32031 -0.13135 0.30420 -0.13525 0.30127 -0.10938 0.32031 -0.13135 0.30420 -0.13525 0.30127 -0.10938 0.32031 -0.13135 0.55566 -0.20020 0.53174 -0.11377 0.59229 -0.12012</float_array>
     <technique_common>
      <accessor count="1346" offset="0" source="#L2sword_2-lib-texcoords-array" stride="2">
       <param name="U" type="float"/>
       <param name="V" type="float"/>
      </accessor>
     </technique_common>
    </source>
    <vertices id="L2sword_2-lib-vertices">
     <input semantic="POSITION" source="#L2sword_2-lib-positions"/>
    </vertices>
    <polylist count="446" material="mat3.png">
     <input offset="0" semantic="VERTEX" source="#L2sword_2-lib-vertices"/>
     <input offset="1" semantic="NORMAL" source="#L2sword_2-lib-normals"/>
     <input offset="2" semantic="TEXCOORD" source="#L2sword_2-lib-texcoords"/>
     <vcount>3 3 3 3 3 3 3 3 3 3 3 3 3 3 3 3 3 3 3 3 3 3 3 3 3 3 3 3 3 3 3 3 3 3 3 3 3 3 3 3 3 3 3 3 3 3 3 3 3 3 3 3 3 3 3 3 3 3 3 3 3 3 3 3 3 3 3 3 3 3 3 3 3 3 3 3 3 3 3 3 3 3 3 3 3 3 3 3 3 3 3 3 3 3 3 3 3 3 3 3 3 3 3 3 3 3 3 3 3 3 3 3 3 3 3 3 3 3 3 3 3 3 3 3 3 3 3 3 3 3 3 3 3 3 3 3 3 3 3 3 3 3 3 3 3 3 3 3 3 3 3 3 3 3 3 3 3 3 3 3 3 3 3 3 3 3 3 3 3 3 3 3 3 3 3 3 3 3 3 3 3 3 3 3 3 3 3 3 3 3 3 3 3 3 3 3 3 3 3 3 3 3 3 3 3 3 3 3 3 3 3 3 3 3 3 3 3 3 3 3 3 3 3 3 3 3 3 3 3 3 3 3 3 3 3 3 3 3 3 3 3 3 3 3 3 3 3 3 3 3 3 3 3 3 3 3 3 3 3 3 3 3 3 3 3 3 3 3 3 3 3 3 3 3 3 3 3 3 3 3 3 3 3 3 3 3 3 3 3 3 3 3 3 3 3 3 3 3 3 3 3 3 3 3 3 3 3 3 3 3 3 3 3 3 3 3 3 3 3 3 3 3 3 3 3 3 3 3 3 3 3 3 3 3 3 3 3 3 3 3 3 3 3 3 3 3 3 3 3 3 3 3 3 3 3 3 3 3 3 3 3 3 3 3 3 3 3 3 3 3 3 3 3 3 3 3 3 3 3 3 3 3 3 3 3 3 3 3 3 3 3 3 3 3 3 3 3 3 3 3 3 3 3 3 3 3 3 3 3 3 3 3 3 3 3 3 3 3 3 3 3 3 3 4 4 4 4 4 4 4 4 3 3 3 3 3 3 3 3 3 3 3 3 3 3 3</vcount>
     <p>2 2 2 1 1 1 0 0 0 1 5 5 3 4 4 0 3 3 0 8 8 3 7 7 4 6 6 3 11 11 5 10 10 4 9 9 4 14 14 5 13 13 6 12 12 5 17 17 7 16 16 6 15 15 6 20 20 7 19 19 2 18 18 7 23 23 1 22 22 2 21 21 10 26 26 9 25 25 8 24 24 9 29 29 11 28 28 8 27 27 8 32 32 11 31 31 12 30 30 11 35 35 13 34 34 12 33 33 12 38 38 13 37 37 14 36 36 13 41 41 15 40 40 14 39 39 14 44 44 15 43 43 10 42 42 15 47 47 9 46 46 10 45 45 17 50 50 9 49 49 16 48 48 9 53 53 18 52 52 16 51 51 16 56 56 18 55 55 19 54 54 18 59 59 13 58 58 19 57 57 19 62 62 13 61 61 20 60 60 13 65 65 11 64 64 20 63 63 20 68 68 11 67 67 17 66 66 11 71 71 9 70 70 17 69 69 23 74 74 22 73 73 21 72 72 22 77 77 24 76 76 21 75 75 21 80 80 24 79 79 25 78 78 24 83 83 26 82 82 25 81 81 25 86 86 26 85 85 27 84 84 26 89 89 28 88 88 27 87 87 21 92 92 25 91 91 29 90 90 25 95 95 27 94 94 29 93 93 29 98 98 27 97 97 30 96 96 27 101 101 28 100 100 30 99 99 30 104 104 28 103 103 24 102 102 28 107 107 26 106 106 24 105 105 17 110 110 30 109 109 20 108 108 30 113 113 24 112 112 20 111 111 20 116 116 24 115 115 19 114 114 24 119 119 31 118 118 19 117 117 19 122 122 31 121 121 16 120 120 31 125 125 32 124 124 16 123 123 16 128 128 32 127 127 17 126 126 32 131 131 30 130 130 17 129 129 34 134 134 10 133 133 33 132 132 10 137 137 8 136 136 33 135 135 33 140 140 8 139 139 35 138 138 8 143 143 12 142 142 35 141 141 35 146 146 12 145 145 36 144 144 12 149 149 14 148 148 36 147 147 36 152 152 14 151 151 34 150 150 14 155 155 10 154 154 34 153 153 39 158 158 38 157 157 37 156 156 38 161 161 40 160 160 37 159 159 37 164 164 40 163 163 41 162 162 40 167 167 42 166 166 41 165 165 41 170 170 42 169 169 43 168 168 42 173 173 44 172 172 43 171 171 43 176 176 44 175 175 39 174 174 44 179 179 38 178 178 39 177 177 47 182 182 46 181 181 45 180 180 46 185 185 48 184 184 45 183 183 45 188 188 48 187 187 49 186 186 48 191 191 50 190 190 49 189 189 49 194 194 50 193 193 51 192 192 50 197 197 52 196 196 51 195 195 51 200 200 52 199 199 47 198 198 52 203 203 46 202 202 47 201 201 39 206 206 45 205 205 43 204 204 45 209 209 49 208 208 43 207 207 43 212 212 49 211 211 41 210 210 49 215 215 51 214 214 41 213 213 41 218 218 51 217 217 37 216 216 51 221 221 47 220 220 37 219 219 37 224 224 47 223 223 39 222 222 47 227 227 45 226 226 39 225 225 3 230 230 1 229 229 53 228 228 1 233 233 54 232 232 53 231 231 53 236 236 54 235 235 55 234 234 54 239 239 56 238 238 55 237 237 55 242 242 56 241 241 57 240 240 56 245 245 58 244 244 57 243 243 57 248 248 58 247 247 59 246 246 58 251 251 60 250 250 59 249 249 1 254 254 7 253 253 54 252 252 7 257 257 61 256 256 54 255 255 54 260 260 61 259 259 56 258 258 61 263 263 62 262 262 56 261 261 56 266 266 62 265 265 58 264 264 62 269 269 63 268 268 58 267 267 58 272 272 63 271 271 60 270 270 63 275 275 64 274 274 60 273 273 2 278 278 38 277 277 6 276 276 38 281 281 65 280 280 6 279 279 6 284 284 65 283 283 4 282 282 65 287 287 42 286 286 4 285 285 4 290 290 42 289 289 0 288 288 42 293 293 66 292 292 0 291 291 0 296 296 66 295 295 2 294 294 66 299 299 38 298 298 2 297 297 68 302 302 34 301 301 67 300 300 34 305 305 33 304 304 67 303 303 67 308 308 33 307 307 69 306 306 33 311 311 35 310 310 69 309 309 69 314 314 35 313 313 70 312 312 35 317 317 36 316 316 70 315 315 70 320 320 36 319 319 68 318 318 36 323 323 34 322 322 68 321 321 73 326 326 72 325 325 71 324 324 72 329 329 74 328 328 71 327 327 71 332 332 74 331 331 75 330 330 74 335 335 76 334 334 75 333 333 75 338 338 76 337 337 77 336 336 76 341 341 78 340 340 77 339 339 81 344 344 80 343 343 79 342 342 80 347 347 82 346 346 79 345 345 79 350 350 82 349 349 83 348 348 82 353 353 84 352 352 83 351 351 83 356 356 84 355 355 85 354 354 84 359 359 86 358 358 85 357 357 85 362 362 86 361 361 81 360 360 86 365 365 80 364 364 81 363 363 88 368 368 80 367 367 87 366 366 80 371 371 89 370 370 87 369 369 87 374 374 89 373 373 90 372 372 89 377 377 84 376 376 90 375 375 90 380 380 84 379 379 91 378 378 84 383 383 82 382 382 91 381 381 91 386 386 82 385 385 88 384 384 82 389 389 80 388 388 88 387 387 94 392 392 93 391 391 92 390 390 93 395 395 95 394 394 92 393 393 92 398 398 95 397 397 96 396 396 95 401 401 97 400 400 96 399 399 96 404 404 97 403 403 98 402 402 97 407 407 99 406 406 98 405 405 92 410 410 96 409 409 100 408 408 96 413 413 98 412 412 100 411 411 100 416 416 98 415 415 101 414 414 98 419 419 99 418 418 101 417 417 101 422 422 99 421 421 95 420 420 99 425 425 97 424 424 95 423 423 88 428 428 101 427 427 91 426 426 101 431 431 95 430 430 91 429 429 91 434 434 95 433 433 90 432 432 95 437 437 102 436 436 90 435 435 90 440 440 102 439 439 87 438 438 102 443 443 103 442 442 87 441 441 87 446 446 103 445 445 88 444 444 103 449 449 101 448 448 88 447 447 105 452 452 81 451 451 104 450 450 81 455 455 79 454 454 104 453 453 104 458 458 79 457 457 106 456 456 79 461 461 83 460 460 106 459 459 106 464 464 83 463 463 107 462 462 83 467 467 85 466 466 107 465 465 107 470 470 85 469 469 105 468 468 85 473 473 81 472 472 105 471 471 109 476 476 105 475 475 108 474 474 105 479 479 104 478 478 108 477 477 108 482 482 104 481 481 110 480 480 104 485 485 106 484 484 110 483 483 110 488 488 106 487 487 111 486 486 106 491 491 107 490 490 111 489 489 111 494 494 107 493 493 109 492 492 107 497 497 105 496 496 109 495 495 113 500 500 55 499 499 112 498 498 55 503 503 57 502 502 112 501 501 112 506 506 57 505 505 114 504 504 57 509 509 59 508 508 114 507 507 117 512 512 116 511 511 115 510 510 116 515 515 118 514 514 115 513 513 115 518 518 118 517 517 119 516 516 118 521 521 120 520 520 119 519 519 119 524 524 120 523 523 121 522 522 120 527 527 122 526 526 121 525 525 121 530 530 122 529 529 117 528 528 122 533 533 116 532 532 117 531 531 117 536 536 124 535 535 123 534 534 124 539 539 125 538 538 123 537 537 123 542 542 125 541 541 119 540 540 125 545 545 126 544 544 119 543 543 119 548 548 126 547 547 115 546 546 126 551 551 127 550 550 115 549 549 115 554 554 127 553 553 117 552 552 127 557 557 124 556 556 117 555 555 130 560 560 129 559 559 128 558 558 129 563 563 131 562 562 128 561 561 128 566 566 131 565 565 132 564 564 131 569 569 133 568 568 132 567 567 132 572 572 133 571 571 134 570 570 133 575 575 135 574 574 134 573 573 133 578 578 131 577 577 135 576 576 131 581 581 136 580 580 135 579 579 135 584 584 136 583 583 134 582 582 136 587 587 137 586 586 134 585 585 134 590 590 137 589 589 132 588 588 137 593 593 128 592 592 132 591 591 137 596 596 124 595 595 128 594 594 124 599 599 127 598 598 128 597 597 128 602 602 127 601 601 138 600 600 127 605 605 126 604 604 138 603 603 138 608 608 126 607 607 139 606 606 126 611 611 125 610 610 139 609 609 139 614 614 125 613 613 137 612 612 125 617 617 124 616 616 137 615 615 116 620 620 140 619 619 118 618 618 140 623 623 141 622 622 118 621 621 118 626 626 141 625 625 120 624 624 141 629 629 142 628 628 120 627 627 120 632 632 142 631 631 122 630 630 142 635 635 143 634 634 122 633 633 122 638 638 143 637 637 116 636 636 143 641 641 140 640 640 116 639 639 60 644 644 145 643 643 144 642 642 145 647 647 146 646 646 144 645 645 144 650 650 146 649 649 114 648 648 146 653 653 147 652 652 114 651 651 114 656 656 147 655 655 148 654 654 147 659 659 149 658 658 148 657 657 148 662 662 149 661 661 60 660 660 149 665 665 145 664 664 60 663 663 114 668 668 64 667 667 112 666 666 64 671 671 63 670 670 112 669 669 112 674 674 63 673 673 113 672 672 63 677 677 62 676 676 113 675 675 152 680 680 151 679 679 150 678 678 151 683 683 153 682 682 150 681 681 150 686 686 153 685 685 154 684 684 153 689 689 155 688 688 154 687 687 154 692 692 155 691 691 156 690 690 155 695 695 157 694 694 156 693 693 156 698 698 157 697 697 152 696 696 157 701 701 151 700 700 152 699 699 153 704 704 145 703 703 155 702 702 145 707 707 149 706 706 155 705 705 155 710 710 149 709 709 157 708 708 149 713 713 147 712 712 157 711 711 157 716 716 147 715 715 151 714 714 147 719 719 146 718 718 151 717 717 151 722 722 146 721 721 153 720 720 146 725 725 145 724 724 153 723 723 140 728 728 158 727 727 141 726 726 158 731 731 159 730 730 141 729 729 141 734 734 159 733 733 142 732 732 159 737 737 160 736 736 142 735 735 142 740 740 160 739 739 143 738 738 160 743 743 161 742 742 143 741 741 143 746 746 161 745 745 140 744 744 161 749 749 158 748 748 140 747 747 164 752 752 163 751 751 162 750 750 163 755 755 165 754 754 162 753 753 162 758 758 165 757 757 166 756 756 165 761 761 167 760 760 166 759 759 166 764 764 167 763 763 168 762 762 167 767 767 169 766 766 168 765 765 172 770 770 171 769 769 170 768 768 171 773 773 173 772 772 170 771 771 170 776 776 173 775 775 174 774 774 173 779 779 175 778 778 174 777 777 174 782 782 175 781 781 176 780 780 175 785 785 177 784 784 176 783 783 176 788 788 177 787 787 172 786 786 177 791 791 171 790 790 172 789 789 172 794 794 179 793 793 178 792 792 179 797 797 180 796 796 178 795 795 178 800 800 180 799 799 174 798 798 180 803 803 181 802 802 174 801 801 174 806 806 181 805 805 170 804 804 181 809 809 182 808 808 170 807 807 170 812 812 182 811 811 172 810 810 182 815 815 179 814 814 172 813 813 185 818 818 184 817 817 183 816 816 184 821 821 186 820 820 183 819 819 183 824 824 186 823 823 187 822 822 186 827 827 188 826 826 187 825 825 187 830 830 188 829 829 189 828 828 188 833 833 190 832 832 189 831 831 188 836 836 186 835 835 190 834 834 186 839 839 191 838 838 190 837 837 190 842 842 191 841 841 189 840 840 191 845 845 192 844 844 189 843 843 189 848 848 192 847 847 187 846 846 192 851 851 183 850 850 187 849 849 192 854 854 179 853 853 183 852 852 179 857 857 182 856 856 183 855 855 183 860 860 182 859 859 193 858 858 182 863 863 181 862 862 193 861 861 193 866 866 181 865 865 194 864 864 181 869 869 180 868 868 194 867 867 194 872 872 180 871 871 192 870 870 180 875 875 179 874 874 192 873 873 171 878 878 195 877 877 173 876 876 195 881 881 196 880 880 173 879 879 173 884 884 196 883 883 175 882 882 196 887 887 197 886 886 175 885 885 175 890 890 197 889 889 177 888 888 197 893 893 198 892 892 177 891 891 177 896 896 198 895 895 171 894 894 198 899 899 195 898 898 171 897 897 195 902 902 199 901 901 196 900 900 199 905 905 200 904 904 196 903 903 196 908 908 200 907 907 197 906 906 200 911 911 201 910 910 197 909 909 197 914 914 201 913 913 198 912 912 201 917 917 202 916 916 198 915 915 198 920 920 202 919 919 195 918 918 202 923 923 199 922 922 195 921 921 204 926 926 7 925 925 203 924 924 7 929 929 5 928 928 203 927 927 203 932 932 5 931 931 3 930 930 24 935 935 22 934 934 31 933 933 22 938 938 205 937 937 31 936 936 31 941 941 205 940 940 32 939 939 205 944 944 206 943 943 32 942 942 32 947 947 206 946 946 30 945 945 206 950 950 29 949 949 30 948 948 206 953 953 205 952 952 207 951 951 205 956 956 208 955 955 207 954 954 207 959 959 208 958 958 209 957 957 208 962 962 210 961 961 209 960 960 22 965 965 23 964 964 211 963 963 23 968 968 212 967 967 211 966 966 211 971 971 212 970 970 210 969 969 212 974 974 23 973 973 210 972 972 23 977 977 207 976 976 210 975 975 210 980 980 207 979 979 209 978 978 13 983 983 18 982 982 15 981 981 18 986 986 9 985 985 15 984 984 7 989 989 204 988 988 61 987 987 204 992 992 62 991 991 61 990 990 42 995 995 40 994 994 66 993 993 40 998 998 38 997 997 66 996 996 68 1001 1001 67 1000 1000 213 999 999 67 1004 1004 69 1003 1003 213 1002 1002 213 1007 1007 69 1006 1006 70 1005 1005 38 1010 1010 44 1009 1009 65 1008 1008 44 1013 1013 42 1012 1012 65 1011 1011 78 1016 1016 214 1015 1015 77 1014 1014 214 1019 1019 215 1018 1018 77 1017 1017 77 1022 1022 215 1021 1021 216 1020 1020 215 1025 1025 169 1024 1024 216 1023 1023 218 1028 1028 217 1027 1027 78 1026 1026 217 1031 1031 214 1030 1030 78 1029 1029 95 1034 1034 93 1033 1033 102 1032 1032 93 1037 1037 219 1036 1036 102 1035 1035 102 1040 1040 219 1039 1039 103 1038 1038 219 1043 1043 220 1042 1042 103 1041 1041 103 1046 1046 220 1045 1045 101 1044 1044 220 1049 1049 100 1048 1048 101 1047 1047 220 1052 1052 219 1051 1051 221 1050 1050 219 1055 1055 222 1054 1054 221 1053 1053 221 1058 1058 222 1057 1057 223 1056 1056 222 1061 1061 224 1060 1060 223 1059 1059 93 1064 1064 94 1063 1063 225 1062 1062 94 1067 1067 226 1066 1066 225 1065 1065 225 1070 1070 226 1069 1069 224 1068 1068 226 1073 1073 94 1072 1072 224 1071 1071 94 1076 1076 221 1075 1075 224 1074 1074 224 1079 1079 221 1078 1078 223 1077 1077 84 1082 1082 89 1081 1081 86 1080 1080 89 1085 1085 80 1084 1084 86 1083 1083 109 1088 1088 108 1087 1087 227 1086 1086 108 1091 1091 110 1090 1090 227 1089 1089 227 1094 1094 110 1093 1093 111 1092 1092 204 1097 1097 228 1096 1096 62 1095 1095 228 1100 1100 113 1099 1099 62 1098 1098 128 1103 1103 138 1102 1102 130 1101 1101 138 1106 1106 229 1105 1105 130 1104 1104 130 1109 1109 230 1108 1108 129 1107 1107 230 1112 1112 231 1111 1111 129 1110 1110 231 1115 1115 232 1114 1114 129 1113 1113 232 1118 1118 233 1117 1117 129 1116 1116 229 1121 1121 233 1120 1120 234 1119 1119 233 1124 1124 235 1123 1123 234 1122 1122 234 1127 1127 235 1126 1126 232 1125 1125 234 1130 1130 232 1129 1129 230 1128 1128 232 1133 1133 231 1132 1132 230 1131 1131 136 1136 1136 236 1135 1135 137 1134 1134 236 1139 1139 139 1138 1138 137 1137 1137 138 1142 1142 139 1141 1141 229 1140 1140 139 1145 1145 236 1144 1144 229 1143 1143 229 1148 1148 236 1147 1147 233 1146 1146 119 1151 1151 121 1150 1150 123 1149 1149 121 1154 1154 117 1153 1153 123 1152 1152 160 1157 1157 237 1156 1156 161 1155 1155 237 1160 1160 158 1159 1159 161 1158 1158 158 1163 1163 237 1162 1162 159 1161 1161 237 1166 1166 160 1165 1165 159 1164 1164 60 1169 1169 64 1168 1168 148 1167 1167 64 1172 1172 114 1171 1171 148 1170 1170 215 1175 1175 238 1174 1174 169 1173 1173 238 1178 1178 168 1177 1177 169 1176 1176 238 1181 1181 217 1180 1180 168 1179 1179 217 1184 1184 218 1183 1183 168 1182 1182 183 1187 1187 193 1186 1186 185 1185 1185 193 1190 1190 239 1189 1189 185 1188 1188 185 1193 1193 240 1192 1192 184 1191 1191 240 1196 1196 241 1195 1195 184 1194 1194 241 1199 1199 242 1198 1198 184 1197 1197 242 1202 1202 243 1201 1201 184 1200 1200 239 1205 1205 243 1204 1204 244 1203 1203 243 1208 1208 245 1207 1207 244 1206 1206 244 1211 1211 245 1210 1210 242 1209 1209 244 1214 1214 242 1213 1213 240 1212 1212 242 1217 1217 241 1216 1216 240 1215 1215 191 1220 1220 246 1219 1219 192 1218 1218 246 1223 1223 194 1222 1222 192 1221 1221 193 1226 1226 194 1225 1225 239 1224 1224 194 1229 1229 246 1228 1228 239 1227 1227 239 1232 1232 246 1231 1231 243 1230 1230 174 1235 1235 176 1234 1234 178 1233 1233 176 1238 1238 172 1237 1237 178 1236 1236 201 1241 1241 247 1240 1240 202 1239 1239 247 1244 1244 199 1243 1243 202 1242 1242 199 1247 1247 247 1246 1246 200 1245 1245 247 1250 1250 201 1249 1249 200 1248 1248 60 1253 1253 144 1252 1252 59 1251 1251 144 1256 1256 114 1255 1255 59 1254 1254 113 1259 1259 228 1258 1258 55 1257 1257 228 1262 1262 248 1261 1261 55 1260 1260 55 1265 1265 248 1264 1264 53 1263 1263 248 1268 1268 3 1267 1267 53 1266 1266 205 1272 1272 22 1271 1271 211 1270 1270 208 1269 1269 207 1275 1276 23 1275 1275 29 1274 1274 206 1273 1273 219 1279 1280 93 1278 1279 225 1277 1278 222 1276 1277 221 1283 1284 94 1282 1283 100 1281 1282 220 1280 1281 230 1287 1288 130 1286 1287 229 1285 1286 234 1284 1285 136 1290 1292 129 1289 1291 233 1289 1290 236 1288 1289 240 1294 1296 185 1293 1295 239 1292 1294 244 1291 1293 191 1298 1300 184 1297 1299 243 1296 1298 246 1295 1297 29 1301 1303 23 1300 1302 21 1299 1301 211 1304 1306 210 1303 1305 208 1302 1304 68 1307 1309 213 1306 1308 70 1305 1307 100 1310 1312 94 1309 1311 92 1308 1310 225 1313 1315 224 1312 1314 222 1311 1313 109 1316 1318 227 1315 1317 111 1314 1316 136 1318 1321 131 1318 1320 129 1317 1319 233 1321 1324 232 1320 1323 235 1319 1322 191 1324 1327 186 1323 1326 184 1322 1325 243 1327 1330 242 1326 1329 245 1325 1328 251 1330 1333 250 1329 1332 249 1328 1331 254 1333 1336 253 1332 1335 252 1331 1334 257 1335 1339 256 1334 1338 255 1334 1337 260 1338 1342 259 1337 1341 258 1336 1340 3 1341 1345 248 1340 1344 203 1339 1343</p>
    </polylist>
   </mesh>
  </geometry>
  <geometry id="R1sword_2-lib" name="R1sword_2">
   <mesh>
    <source id="R1sword_2-lib-positions" name="position">
     <float_array id="R1sword_2-lib-positions-array" count="57">-6.88970 10.98944 -7.45763 -6.72829 10.98995 -9.64538 -6.88928 10.98921 -9.64540 -6.73119 10.99010 -7.45761 -6.88725 10.98954 -7.35850 -6.73121 10.99011 -7.35847 -6.85271 10.99080 -6.84231 -6.76851 10.99130 -6.84230 -6.91714 10.99100 -6.73635 -6.70411 10.99112 -6.73632 -6.96899 10.98912 -7.35851 -7.02348 10.98965 -7.45765 -6.64205 10.99078 -7.35846 -6.57762 10.99058 -7.45758 -6.80997 10.98951 -9.94621 -7.03589 10.98924 -7.26964 -6.56776 10.99095 -7.26957 -6.91712 10.99100 -6.82523 -6.70409 10.99112 -6.82520</float_array>
     <technique_common>
      <accessor count="19" source="#R1sword_2-lib-positions-array" stride="3">
       <param name="X" type="float"/>
       <param name="Y" type="float"/>
       <param name="Z" type="float"/>
      </accessor>
     </technique_common>
    </source>
    <source id="R1sword_2-lib-normals" name="normal">
     <float_array id="R1sword_2-lib-normals-array" count="141">0.00334 -0.99999 -0.00030 0.00460 -0.99999 0.00016 0.00461 -0.99999 0.00016 0.00334 -0.99999 -0.00030 0.00444 -0.99999 0.00085 0.00460 -0.99999 0.00016 0.00313 -1.00000 0.00032 0.00444 -0.99999 0.00085 0.00334 -0.99999 -0.00030 0.00313 -1.00000 0.00032 0.00431 -0.99999 0.00148 0.00444 -0.99999 0.00085 0.00429 -0.99998 0.00357 0.00431 -0.99999 0.00148 0.00313 -1.00000 0.00032 0.00429 -0.99998 0.00357 0.00266 -1.00000 0.00110 0.00431 -0.99999 0.00148 0.00073 -1.00000 0.00066 0.00266 -1.00000 0.00110 0.00429 -0.99998 0.00357 0.00073 -1.00000 0.00066 -0.00066 -1.00000 -0.00130 0.00266 -1.00000 0.00110 -0.00159 -1.00000 -0.00216 0.00313 -1.00000 0.00032 0.00334 -0.99999 -0.00030 -0.00061 -1.00000 -0.00206 0.00281 -0.99999 0.00203 0.00324 -0.99999 0.00204 0.00444 -0.99999 0.00085 0.00431 -0.99999 0.00148 0.00460 -0.99999 0.00016 0.00461 -0.99999 0.00023 0.00461 -0.99999 0.00016 -0.00061 -1.00000 -0.00206 -0.00507 -0.99998 -0.00253 -0.00159 -1.00000 -0.00216 0.00281 -0.99999 0.00203 -0.00012 -1.00000 0.00195 0.00324 -0.99999 0.00204 -0.00296 -1.00000 0.00011 0.00073 -1.00000 0.00066 0.00429 -0.99998 0.00357 -0.00066 -1.00000 -0.00130 -0.00296 -1.00000 0.00010 0.00266 -1.00000 0.00110</float_array>
     <technique_common>
      <accessor count="47" source="#R1sword_2-lib-normals-array" stride="3">
       <param name="X" type="float"/>
       <param name="Y" type="float"/>
       <param name="Z" type="float"/>
      </accessor>
     </technique_common>
    </source>
    <source id="R1sword_2-lib-texcoords">
     <float_array id="R1sword_2-lib-texcoords-array" count="94">0.48730 -0.21191 0.54297 -0.84277 0.48730 -0.84277 0.48730 -0.21191 0.54297 -0.21191 0.54297 -0.84277 0.48730 -0.18652 0.54297 -0.21191 0.48730 -0.21191 0.48730 -0.18652 0.54297 -0.18652 0.54297 -0.21191 0.50098 -0.05566 0.54297 -0.18652 0.48730 -0.18652 0.50098 -0.05566 0.52930 -0.05566 0.54297 -0.18652 0.47754 -0.02832 0.52930 -0.05566 0.50098 -0.05566 0.47754 -0.02832 0.55273 -0.02832 0.52930 -0.05566 0.45898 -0.18652 0.48730 -0.18652 0.48730 -0.21191 0.44043 -0.21191 0.57422 -0.18652 0.59668 -0.21191 0.54297 -0.21191 0.54297 -0.18652 0.54297 -0.84277 0.51465 -0.91895 0.48730 -0.84277 0.44043 -0.21191 0.43652 -0.16406 0.45898 -0.18652 0.57422 -0.18652 0.60059 -0.16406 0.59668 -0.21191 0.47754 -0.05078 0.47754 -0.02832 0.50098 -0.05566 0.55273 -0.02832 0.55273 -0.05078 0.52930 -0.05566</float_array>
     <technique_common>
      <accessor count="47" offset="0" source="#R1sword_2-lib-texcoords-array" stride="2">
       <param name="U" type="float"/>
       <param name="V" type="float"/>
      </accessor>
     </technique_common>
    </source>
    <vertices id="R1sword_2-lib-vertices">
     <input semantic="POSITION" source="#R1sword_2-lib-positions"/>
    </vertices>
    <polylist count="15" material="mat4.png">
     <input offset="0" semantic="VERTEX" source="#R1sword_2-lib-vertices"/>
     <input offset="1" semantic="NORMAL" source="#R1sword_2-lib-normals"/>
     <input offset="2" semantic="TEXCOORD" source="#R1sword_2-lib-texcoords"/>
     <vcount>3 3 3 3 3 3 3 3 4 4 3 3 3 3 3</vcount>
     <p>2 2 2 1 1 1 0 0 0 1 5 5 3 4 4 0 3 3 0 8 8 3 7 7 4 6 6 3 11 11 5 10 10 4 9 9 4 14 14 5 13 13 6 12 12 5 17 17 7 16 16 6 15 15 6 20 20 7 19 19 8 18 18 7 23 23 9 22 22 8 21 21 11 27 27 0 26 26 4 25 25 10 24 24 5 31 31 3 30 30 13 29 29 12 28 28 2 34 34 14 33 33 1 32 32 10 37 37 15 36 36 11 35 35 13 40 40 16 39 39 12 38 38 6 43 43 8 42 42 17 41 41 7 46 46 18 45 45 9 44 44</p>
    </polylist>
   </mesh>
  </geometry>
  <geometry id="tuka_2-lib" name="tuka_2">
   <mesh>
    <source id="tuka_2-lib-positions" name="position">
     <float_array id="tuka_2-lib-positions-array" count="162">1.50420 11.82060 -1.48500 1.27983 11.88036 -1.48502 1.41715 11.80107 -1.48502 1.25321 11.96550 -1.48504 1.46685 11.91238 -1.48505 1.35123 11.97913 -1.48510 1.58124 12.03390 -1.48500 1.39943 12.13887 -1.48509 1.60787 12.20563 -1.48523 1.53480 12.24782 -1.48519 1.64464 12.23596 -1.48520 1.54259 12.29488 -1.48503 1.65252 12.28297 -1.48524 1.57945 12.32516 -1.48520 0.71975 12.33616 -1.48506 0.41763 12.31681 -1.48502 0.79916 12.24942 -1.48514 0.56801 12.36288 -1.48512 0.75771 12.70225 -1.48517 0.65780 12.71993 -1.48525 0.78528 12.74278 -1.48517 0.64580 12.76730 -1.48521 0.77328 12.79015 -1.48514 0.67337 12.80784 -1.48521 -0.28229 12.36979 -1.48507 -0.57046 12.24638 -1.48510 -0.13835 12.32269 -1.48510 -0.43414 12.34279 -1.48498 -0.38183 12.72504 -1.48519 -0.46211 12.71094 -1.48520 -0.33126 12.81140 -1.48510 -0.53910 12.77451 -1.48499 -1.01056 11.95201 -1.48499 -1.26417 11.72332 -1.48505 -0.87504 11.94800 -1.48507 -1.18889 11.84919 -1.48506 -1.25546 12.23474 -1.48496 -1.31103 12.20282 -1.48512 -1.23002 12.33739 -1.48503 -1.41271 12.23175 -1.48491 0.85533 12.31211 -1.48503 0.82906 12.15971 -1.48501 0.47598 12.37912 -1.48499 0.44754 12.48487 -1.48514 -0.20260 12.38378 -1.48506 -0.15048 12.45725 -1.48515 -0.52238 12.32751 -1.48501 -0.60523 12.37712 -1.48499 -0.32019 12.74945 -1.48502 -0.52818 12.71265 -1.48501 -1.03141 12.41562 -1.48510 -1.57958 12.09920 -1.48494 -1.29969 11.78516 -1.48488 -0.91090 12.00959 -1.48499</float_array>
     <technique_common>
      <accessor count="54" source="#tuka_2-lib-positions-array" stride="3">
       <param name="X" type="float"/>
       <param name="Y" type="float"/>
       <param name="Z" type="float"/>
      </accessor>
     </technique_common>
    </source>
    <source id="tuka_2-lib-normals" name="normal">
     <float_array id="tuka_2-lib-normals-array" count="414">-0.00006 -0.00028 -1.00000 -0.00002 -0.00027 -1.00000 0.00013 0.00026 -1.00000 -0.00006 -0.00028 -1.00000 -0.00017 -0.00070 -1.00000 -0.00002 -0.00027 -1.00000 0.00005 -0.00041 -1.00000 -0.00017 -0.00070 -1.00000 -0.00006 -0.00028 -1.00000 0.00005 -0.00041 -1.00000 -0.00004 -0.00084 -1.00000 -0.00017 -0.00070 -1.00000 0.00012 -0.00062 -1.00000 -0.00004 -0.00084 -1.00000 0.00005 -0.00041 -1.00000 0.00012 -0.00062 -1.00000 0.00007 -0.00047 -1.00000 -0.00004 -0.00084 -1.00000 -0.00022 0.00006 -1.00000 0.00007 -0.00047 -1.00000 0.00012 -0.00062 -1.00000 -0.00022 0.00006 -1.00000 -0.00023 0.00136 -1.00000 0.00007 -0.00047 -1.00000 -0.00095 0.00066 -1.00000 -0.00023 0.00136 -1.00000 -0.00022 0.00006 -1.00000 -0.00095 0.00066 -1.00000 -0.00095 0.00066 -1.00000 -0.00023 0.00136 -1.00000 -0.00201 -0.00095 -1.00000 -0.00095 0.00066 -1.00000 -0.00095 0.00066 -1.00000 -0.00201 -0.00095 -1.00000 -0.00222 -0.00288 -0.99999 -0.00095 0.00066 -1.00000 0.00010 0.00036 -1.00000 0.00014 -0.00007 -1.00000 0.00153 0.00034 -1.00000 0.00010 0.00036 -1.00000 0.00002 -0.00131 -1.00000 0.00014 -0.00007 -1.00000 0.00063 -0.00045 -1.00000 0.00002 -0.00131 -1.00000 0.00010 0.00036 -1.00000 0.00063 -0.00045 -1.00000 0.00056 0.00009 -1.00000 0.00002 -0.00131 -1.00000 0.00052 0.00037 -1.00000 0.00056 0.00009 -1.00000 0.00063 -0.00045 -1.00000 0.00052 0.00037 -1.00000 0.00052 0.00038 -1.00000 0.00056 0.00009 -1.00000 0.00048 0.00058 -1.00000 0.00052 0.00038 -1.00000 0.00052 0.00037 -1.00000 0.00048 0.00058 -1.00000 0.00066 -0.00040 -1.00000 0.00052 0.00038 -1.00000 -0.00024 0.00023 -1.00000 0.00003 0.00110 -1.00000 -0.00046 0.00005 -1.00000 -0.00024 0.00023 -1.00000 -0.00073 0.00150 -1.00000 0.00003 0.00110 -1.00000 0.00043 0.00022 -1.00000 -0.00073 0.00150 -1.00000 -0.00024 0.00023 -1.00000 0.00043 0.00022 -1.00000 -0.00069 0.00072 -1.00000 -0.00073 0.00150 -1.00000 0.00106 0.00060 -1.00000 -0.00069 0.00072 -1.00000 0.00043 0.00022 -1.00000 0.00106 0.00060 -1.00000 -0.00179 0.00111 -1.00000 -0.00069 0.00072 -1.00000 -0.00026 0.00066 -1.00000 -0.00163 0.00098 -1.00000 -0.00057 0.00094 -1.00000 -0.00026 0.00066 -1.00000 0.00027 -0.00003 -1.00000 -0.00163 0.00098 -1.00000 0.00238 -0.00062 -1.00000 0.00027 -0.00003 -1.00000 -0.00026 0.00066 -1.00000 0.00238 -0.00062 -1.00000 0.00045 0.00097 -1.00000 0.00027 -0.00003 -1.00000 0.00002 -0.00032 -1.00000 0.00045 0.00097 -1.00000 0.00238 -0.00062 -1.00000 0.00002 -0.00032 -1.00000 -0.00148 0.00190 -1.00000 0.00045 0.00097 -1.00000 0.00132 0.00073 -1.00000 0.00153 0.00034 -1.00000 0.00278 -0.00058 -1.00000 0.00132 0.00073 -1.00000 0.00010 0.00036 -1.00000 0.00153 0.00034 -1.00000 0.00014 -0.00007 -1.00000 0.00017 0.00029 -1.00000 0.00154 -0.00099 -1.00000 0.00014 -0.00007 -1.00000 0.00002 -0.00131 -1.00000 0.00017 0.00029 -1.00000 -0.00044 0.00013 -1.00000 -0.00046 0.00005 -1.00000 -0.00104 -0.00050 -1.00000 -0.00044 0.00013 -1.00000 -0.00024 0.00023 -1.00000 -0.00046 0.00005 -1.00000 0.00003 0.00110 -1.00000 0.00018 0.00100 -1.00000 0.00032 0.00092 -1.00000 0.00003 0.00110 -1.00000 -0.00073 0.00150 -1.00000 0.00018 0.00100 -1.00000 0.00300 -0.00072 -1.00000 0.00106 0.00060 -1.00000 0.00043 0.00022 -1.00000 -0.00179 0.00111 -1.00000 -0.00286 -0.00020 -1.00000 -0.00069 0.00072 -1.00000 -0.00010 -0.00060 -1.00000 0.00002 -0.00032 -1.00000 0.00238 -0.00062 -1.00000 -0.00148 0.00190 -1.00000 -0.00144 0.00201 -1.00000 0.00045 0.00097 -1.00000 0.00027 -0.00003 -1.00000 -0.00249 0.00141 -1.00000 -0.00163 0.00098 -1.00000 -0.00057 0.00094 -1.00000 -0.00057 0.00095 -1.00000 -0.00026 0.00066 -1.00000</float_array>
     <technique_common>
      <accessor count="138" source="#tuka_2-lib-normals-array" stride="3">
       <param name="X" type="float"/>
       <param name="Y" type="float"/>
       <param name="Z" type="float"/>
      </accessor>
     </technique_common>
    </source>
    <source id="tuka_2-lib-texcoords">
     <float_array id="tuka_2-lib-texcoords-array" count="276">0.03418 -0.19238 0.11426 -0.21387 0.05762 -0.21387 0.03418 -0.19238 0.13770 -0.19238 0.11426 -0.21387 0.06250 -0.17090 0.13770 -0.19238 0.03418 -0.19238 0.06250 -0.17090 0.10938 -0.17090 0.13770 -0.19238 0.04883 -0.11328 0.10938 -0.17090 0.06250 -0.17090 0.04883 -0.11328 0.12305 -0.11328 0.10938 -0.17090 0.07129 -0.05566 0.12305 -0.11328 0.04883 -0.11328 0.07129 -0.05566 0.10059 -0.05566 0.12305 -0.11328 0.06543 -0.04004 0.10059 -0.05566 0.07129 -0.05566 0.06543 -0.04004 0.10742 -0.04004 0.10059 -0.05566 0.07129 -0.02344 0.10742 -0.04004 0.06543 -0.04004 0.07129 -0.02344 0.10059 -0.02344 0.10742 -0.04004 0.25293 -0.18555 0.35742 -0.21191 0.21973 -0.21094 0.25293 -0.18555 0.30762 -0.18555 0.35742 -0.21191 0.26270 -0.05469 0.30762 -0.18555 0.25293 -0.18555 0.26270 -0.05469 0.29883 -0.05469 0.30762 -0.18555 0.25488 -0.03906 0.29883 -0.05469 0.26270 -0.05469 0.25488 -0.03906 0.30566 -0.03906 0.29883 -0.05469 0.26270 -0.02344 0.30566 -0.03906 0.25488 -0.03906 0.26270 -0.02344 0.29883 -0.02344 0.30566 -0.03906 0.48730 -0.18652 0.59668 -0.21191 0.44043 -0.21191 0.48730 -0.18652 0.54297 -0.18652 0.59668 -0.21191 0.50098 -0.05566 0.54297 -0.18652 0.48730 -0.18652 0.50098 -0.05566 0.52930 -0.05566 0.54297 -0.18652 0.47754 -0.02832 0.52930 -0.05566 0.50098 -0.05566 0.47754 -0.02832 0.55273 -0.02832 0.52930 -0.05566 0.74805 -0.18750 0.86719 -0.21289 0.70703 -0.21289 0.74805 -0.18750 0.82129 -0.18750 0.86719 -0.21289 0.77344 -0.05664 0.82129 -0.18750 0.74805 -0.18750 0.77344 -0.05664 0.79590 -0.05664 0.82129 -0.18750 0.74707 -0.02930 0.79590 -0.05664 0.77344 -0.05664 0.74707 -0.02930 0.82227 -0.02930 0.79590 -0.05664 0.20410 -0.18555 0.21973 -0.21094 0.20410 -0.24121 0.20410 -0.18555 0.25293 -0.18555 0.21973 -0.21094 0.35742 -0.21191 0.34082 -0.18652 0.35840 -0.15137 0.35742 -0.21191 0.30762 -0.18555 0.34082 -0.18652 0.45898 -0.18652 0.44043 -0.21191 0.43652 -0.16406 0.45898 -0.18652 0.48730 -0.18652 0.44043 -0.21191 0.59668 -0.21191 0.57422 -0.18652 0.60059 -0.16406 0.59668 -0.21191 0.54297 -0.18652 0.57422 -0.18652 0.47754 -0.05078 0.47754 -0.02832 0.50098 -0.05566 0.55273 -0.02832 0.55273 -0.05078 0.52930 -0.05566 0.67188 -0.04102 0.74707 -0.02930 0.77344 -0.05664 0.82227 -0.02930 0.89746 -0.04102 0.79590 -0.05664 0.82129 -0.18750 0.86719 -0.18750 0.86719 -0.21289 0.70703 -0.21289 0.70703 -0.18750 0.74805 -0.18750</float_array>
     <technique_common>
      <accessor count="138" offset="0" source="#tuka_2-lib-texcoords-array" stride="2">
       <param name="U" type="float"/>
       <param name="V" type="float"/>
      </accessor>
     </technique_common>
    </source>
    <vertices id="tuka_2-lib-vertices">
     <input semantic="POSITION" source="#tuka_2-lib-positions"/>
    </vertices>
    <polylist count="46" material="mat4.png">
     <input offset="0" semantic="VERTEX" source="#tuka_2-lib-vertices"/>
     <input offset="1" semantic="NORMAL" source="#tuka_2-lib-normals"/>
     <input offset="2" semantic="TEXCOORD" source="#tuka_2-lib-texcoords"/>
     <vcount>3 3 3 3 3 3 3 3 3 3 3 3 3 3 3 3 3 3 3 3 3 3 3 3 3 3 3 3 3 3 3 3 3 3 3 3 3 3 3 3 3 3 3 3 3 3</vcount>
     <p>2 2 2 1 1 1 0 0 0 1 5 5 3 4 4 0 3 3 0 8 8 3 7 7 4 6 6 3 11 11 5 10 10 4 9 9 4 14 14 5 13 13 6 12 12 5 17 17 7 16 16 6 15 15 6 20 20 7 19 19 8 18 18 7 23 23 9 22 22 8 21 21 8 26 26 9 25 25 10 24 24 9 29 29 11 28 28 10 27 27 10 32 32 11 31 31 12 30 30 11 35 35 13 34 34 12 33 33 16 38 38 15 37 37 14 36 36 15 41 41 17 40 40 14 39 39 14 44 44 17 43 43 18 42 42 17 47 47 19 46 46 18 45 45 18 50 50 19 49 49 20 48 48 19 53 53 21 52 52 20 51 51 20 56 56 21 55 55 22 54 54 21 59 59 23 58 58 22 57 57 26 62 62 25 61 61 24 60 60 25 65 65 27 64 64 24 63 63 24 68 68 27 67 67 28 66 66 27 71 71 29 70 70 28 69 69 28 74 74 29 73 73 30 72 72 29 77 77 31 76 76 30 75 75 34 80 80 33 79 79 32 78 78 33 83 83 35 82 82 32 81 81 32 86 86 35 85 85 36 84 84 35 89 89 37 88 88 36 87 87 36 92 92 37 91 91 38 90 90 37 95 95 39 94 94 38 93 93 41 98 98 16 97 97 40 96 96 16 101 101 14 100 100 40 99 99 43 104 104 42 103 103 15 102 102 42 107 107 17 106 106 15 105 105 45 110 110 26 109 109 44 108 108 26 113 113 24 112 112 44 111 111 47 116 116 46 115 115 25 114 114 46 119 119 27 118 118 25 117 117 28 122 122 30 121 121 48 120 120 29 125 125 49 124 124 31 123 123 36 128 128 38 127 127 50 126 126 37 131 131 51 130 130 39 129 129 33 134 134 52 133 133 35 132 132 32 137 137 53 136 136 34 135 135</p>
    </polylist>
   </mesh>
  </geometry>
 </library_geometries>
 <library_visual_scenes>
  <visual_scene id="Scene" name="Scene">
   <node id="Camera" name="Camera">
    <rotate sid="rotateY">0 1 0 -0.00000</rotate>
    <rotate sid="rotateX">1 0 0 -0.00000</rotate>
    <rotate sid="rotateZ">0 0 1 -0.00000</rotate>
    <translate sid="translate">0.00000 0.00000 57.61369</translate>
    <instance_camera url="#Camera-Camera"/>
   </node>
   <node id="realb28" name="realb28">
    <translate sid="translate">0.00000 0.00000 0.00000</translate>
    <rotate sid="head">0 1 0 0.00000</rotate>
    <rotate sid="pitch">1 0 0 0.00000</rotate>
    <rotate sid="bank">0 0 1 0.00000</rotate>
    <scale sid="scale">1.00000 1.00000 1.00000</scale>
    <instance_geometry url="#realb28-lib">
     <bind_material>
      <technique_common>
       <instance_material symbol="mat4.png" target="#mat4.png">
        <bind_vertex_input semantic="UVSET0" input_semantic="TEXCOORD"/>
       </instance_material>
      </technique_common>
     </bind_material>
    </instance_geometry>
   </node>
   <node id="realb28_1" name="realb28_1">
    <translate sid="translate">0.00000 0.00000 0.00000</translate>
    <rotate sid="head">0 1 0 0.00000</rotate>
    <rotate sid="pitch">1 0 0 0.00000</rotate>
    <rotate sid="bank">0 0 1 0.00000</rotate>
    <scale sid="scale">1.00000 1.00000 1.00000</scale>
    <instance_geometry url="#realb28_1-lib">
     <bind_material>
      <technique_common>
       <instance_material symbol="mat1.png" target="#mat1.png">
        <bind_vertex_input semantic="UVSET0" input_semantic="TEXCOORD"/>
       </instance_material>
      </technique_common>
     </bind_material>
    </instance_geometry>
   </node>
   <node id="realb28_2" name="realb28_2">
    <translate sid="translate">0.00000 0.00000 0.00000</translate>
    <rotate sid="head">0 1 0 0.00000</rotate>
    <rotate sid="pitch">1 0 0 0.00000</rotate>
    <rotate sid="bank">0 0 1 0.00000</rotate>
    <scale sid="scale">1.00000 1.00000 1.00000</scale>
    <instance_geometry url="#realb28_2-lib">
     <bind_material>
      <technique_common>
       <instance_material symbol="mat4.png" target="#mat4.png">
        <bind_vertex_input semantic="UVSET0" input_semantic="TEXCOORD"/>
       </instance_material>
      </technique_common>
     </bind_material>
    </instance_geometry>
   </node>
   <node id="realb28_3" name="realb28_3">
    <translate sid="translate">0.00000 0.00000 0.00000</translate>
    <rotate sid="head">0 1 0 0.00000</rotate>
    <rotate sid="pitch">1 0 0 0.00000</rotate>
    <rotate sid="bank">0 0 1 0.00000</rotate>
    <scale sid="scale">1.00000 1.00000 1.00000</scale>
    <instance_geometry url="#realb28_3-lib">
     <bind_material>
      <technique_common>
       <instance_material symbol="mat4.png" target="#mat4.png">
        <bind_vertex_input semantic="UVSET0" input_semantic="TEXCOORD"/>
       </instance_material>
      </technique_common>
     </bind_material>
    </instance_geometry>
   </node>
   <node id="realb28_4" name="realb28_4">
    <translate sid="translate">0.00000 0.00000 0.00000</translate>
    <rotate sid="head">0 1 0 0.00000</rotate>
    <rotate sid="pitch">1 0 0 0.00000</rotate>
    <rotate sid="bank">0 0 1 0.00000</rotate>
    <scale sid="scale">1.00000 1.00000 1.00000</scale>
    <instance_geometry url="#realb28_4-lib">
     <bind_material>
      <technique_common>
       <instance_material symbol="mat5.png" target="#mat5.png">
        <bind_vertex_input semantic="UVSET0" input_semantic="TEXCOORD"/>
       </instance_material>
      </technique_common>
     </bind_material>
    </instance_geometry>
   </node>
   <node id="L1sword_2" name="L1sword_2">
    <translate sid="translate">0.00000 0.00000 0.00000</translate>
    <rotate sid="head">0 1 0 0.00000</rotate>
    <rotate sid="pitch">1 0 0 0.00000</rotate>
    <rotate sid="bank">0 0 1 0.00000</rotate>
    <scale sid="scale">1.00000 1.00000 1.00000</scale>
    <instance_geometry url="#L1sword_2-lib">
     <bind_material>
      <technique_common>
       <instance_material symbol="mat2.png" target="#mat2.png">
        <bind_vertex_input semantic="UVSET0" input_semantic="TEXCOORD"/>
       </instance_material>
      </technique_common>
     </bind_material>
    </instance_geometry>
   </node>
   <node id="R2sword_2" name="R2sword_2">
    <translate sid="translate">0.00000 0.00000 0.00000</translate>
    <rotate sid="head">0 1 0 0.00000</rotate>
    <rotate sid="pitch">1 0 0 0.00000</rotate>
    <rotate sid="bank">0 0 1 0.00000</rotate>
    <scale sid="scale">1.00000 1.00000 1.00000</scale>
    <instance_geometry url="#R2sword_2-lib">
     <bind_material>
      <technique_common>
       <instance_material symbol="mat4.png" target="#mat4.png">
        <bind_vertex_input semantic="UVSET0" input_semantic="TEXCOORD"/>
       </instance_material>
      </technique_common>
     </bind_material>
    </instance_geometry>
   </node>
   <node id="L2sword_2" name="L2sword_2">
    <translate sid="translate">0.00000 0.00000 0.00000</translate>
    <rotate sid="head">0 1 0 0.00000</rotate>
    <rotate sid="pitch">1 0 0 0.00000</rotate>
    <rotate sid="bank">0 0 1 0.00000</rotate>
    <scale sid="scale">1.00000 1.00000 1.00000</scale>
    <instance_geometry url="#L2sword_2-lib">
     <bind_material>
      <technique_common>
       <instance_material symbol="mat3.png" target="#mat3.png">
        <bind_vertex_input semantic="UVSET0" input_semantic="TEXCOORD"/>
       </instance_material>
      </technique_common>
     </bind_material>
    </instance_geometry>
   </node>
   <node id="R1sword_2" name="R1sword_2">
    <translate sid="translate">0.00000 0.00000 0.00000</translate>
    <rotate sid="head">0 1 0 0.00000</rotate>
    <rotate sid="pitch">1 0 0 0.00000</rotate>
    <rotate sid="bank">0 0 1 0.00000</rotate>
    <scale sid="scale">1.00000 1.00000 1.00000</scale>
    <instance_geometry url="#R1sword_2-lib">
     <bind_material>
      <technique_common>
       <instance_material symbol="mat4.png" target="#mat4.png">
        <bind_vertex_input semantic="UVSET0" input_semantic="TEXCOORD"/>
       </instance_material>
      </technique_common>
     </bind_material>
    </instance_geometry>
   </node>
   <node id="tuka_2" name="tuka_2">
    <translate sid="translate">0.00000 0.00000 0.00000</translate>
    <rotate sid="head">0 1 0 0.00000</rotate>
    <rotate sid="pitch">1 0 0 0.00000</rotate>
    <rotate sid="bank">0 0 1 0.00000</rotate>
    <scale sid="scale">1.00000 1.00000 1.00000</scale>
    <instance_geometry url="#tuka_2-lib">
     <bind_material>
      <technique_common>
       <instance_material symbol="mat4.png" target="#mat4.png">
        <bind_vertex_input semantic="UVSET0" input_semantic="TEXCOORD"/>
       </instance_material>
      </technique_common>
     </bind_material>
    </instance_geometry>
   </node>
  </visual_scene>
 </library_visual_scenes>
 <scene>
  <instance_visual_scene url="#Scene"/>
 </scene>
</COLLADA>
