<?xml version="1.0" encoding="UTF-8"?>
<COLLADA xmlns="http://www.collada.org/2005/11/COLLADASchema" version="1.4.1">
 <asset>
  <contributor>
   <authoring_tool>ExpCollada for Metasequoia</authoring_tool>
  </contributor>
  <created>2024-08-02T01:25:03Z</created>
  <modified>2024-08-02T01:25:03Z</modified>
  <up_axis>Y_UP</up_axis>
 </asset>
 <library_cameras>
  <camera id="Camera-Camera" name="Camera-Camera">
   <optics>
    <technique_common>
     <perspective>
      <yfov>0.000</yfov>
      <znear>0.1</znear>
      <zfar>10000.0</zfar>
     </perspective>
    </technique_common>
   </optics>
  </camera>
 </library_cameras>
 <library_images>
  <image id="texture1" name="texture1">
   <init_from>mat1.png</init_from>
  </image>
  <image id="texture2" name="texture2">
   <init_from>mat2.png</init_from>
  </image>
  <image id="texture3" name="texture3">
   <init_from>mat3.png</init_from>
  </image>
  <image id="texture4" name="texture4">
   <init_from>mat4.png</init_from>
  </image>
 </library_images>
 <library_effects>
  <effect id="mat1.png-fx" name="mat1.png-fx">
   <profile_COMMON>
    <newparam sid="texture1-surface">
     <surface type="2D">
      <init_from>texture1</init_from>
     </surface>
    </newparam>
    <newparam sid="texture1-sampler">
    <sampler2D>
     <source>texture1-surface</source>
     <minfilter>LINEAR</minfilter>
     <magfilter>LINEAR</magfilter>
    </sampler2D>
   </newparam>
    <technique sid="metaseq">
     <phong>
      <emission>
       <color>0.500 0.500 0.500 1</color>
      </emission>
      <ambient>
       <color>0.000 0.000 0.000 1</color>
      </ambient>
      <diffuse>
       <texture texture="texture1-sampler" texcoord="UVSET0"/>
      </diffuse>
      <specular>
       <color>0.000 0.000 0.000 1</color>
      </specular>
      <shininess>
       <float>0.000</float>
      </shininess>
      <reflective>
       <color>1 1 1 1</color>
      </reflective>
      <reflectivity>
       <float>0.0</float>
      </reflectivity>
      <transparent>
       <color>1 1 1 1</color>
      </transparent>
      <transparency>
       <float>1.000</float>
      </transparency>
     </phong>
    </technique>
   </profile_COMMON>
  </effect>
  <effect id="mat2.png-fx" name="mat2.png-fx">
   <profile_COMMON>
    <newparam sid="texture2-surface">
     <surface type="2D">
      <init_from>texture2</init_from>
     </surface>
    </newparam>
    <newparam sid="texture2-sampler">
    <sampler2D>
     <source>texture2-surface</source>
     <minfilter>LINEAR</minfilter>
     <magfilter>LINEAR</magfilter>
    </sampler2D>
   </newparam>
    <technique sid="metaseq">
     <phong>
      <emission>
       <color>0.500 0.500 0.500 1</color>
      </emission>
      <ambient>
       <color>0.000 0.000 0.000 1</color>
      </ambient>
      <diffuse>
       <texture texture="texture2-sampler" texcoord="UVSET0"/>
      </diffuse>
      <specular>
       <color>0.000 0.000 0.000 1</color>
      </specular>
      <shininess>
       <float>0.000</float>
      </shininess>
      <reflective>
       <color>1 1 1 1</color>
      </reflective>
      <reflectivity>
       <float>0.0</float>
      </reflectivity>
      <transparent>
       <color>1 1 1 1</color>
      </transparent>
      <transparency>
       <float>1.000</float>
      </transparency>
     </phong>
    </technique>
   </profile_COMMON>
  </effect>
  <effect id="mat3.png-fx" name="mat3.png-fx">
   <profile_COMMON>
    <newparam sid="texture3-surface">
     <surface type="2D">
      <init_from>texture3</init_from>
     </surface>
    </newparam>
    <newparam sid="texture3-sampler">
    <sampler2D>
     <source>texture3-surface</source>
     <minfilter>LINEAR</minfilter>
     <magfilter>LINEAR</magfilter>
    </sampler2D>
   </newparam>
    <technique sid="metaseq">
     <phong>
      <emission>
       <color>0.500 0.500 0.500 1</color>
      </emission>
      <ambient>
       <color>0.000 0.000 0.000 1</color>
      </ambient>
      <diffuse>
       <texture texture="texture3-sampler" texcoord="UVSET0"/>
      </diffuse>
      <specular>
       <color>0.000 0.000 0.000 1</color>
      </specular>
      <shininess>
       <float>0.000</float>
      </shininess>
      <reflective>
       <color>1 1 1 1</color>
      </reflective>
      <reflectivity>
       <float>0.0</float>
      </reflectivity>
      <transparent>
       <color>1 1 1 1</color>
      </transparent>
      <transparency>
       <float>1.000</float>
      </transparency>
     </phong>
    </technique>
   </profile_COMMON>
  </effect>
  <effect id="mat4.png-fx" name="mat4.png-fx">
   <profile_COMMON>
    <newparam sid="texture4-surface">
     <surface type="2D">
      <init_from>texture4</init_from>
     </surface>
    </newparam>
    <newparam sid="texture4-sampler">
    <sampler2D>
     <source>texture4-surface</source>
     <minfilter>LINEAR</minfilter>
     <magfilter>LINEAR</magfilter>
    </sampler2D>
   </newparam>
    <technique sid="metaseq">
     <phong>
      <emission>
       <color>0.500 0.500 0.500 1</color>
      </emission>
      <ambient>
       <color>0.000 0.000 0.000 1</color>
      </ambient>
      <diffuse>
       <texture texture="texture4-sampler" texcoord="UVSET0"/>
      </diffuse>
      <specular>
       <color>0.000 0.000 0.000 1</color>
      </specular>
      <shininess>
       <float>0.000</float>
      </shininess>
      <reflective>
       <color>1 1 1 1</color>
      </reflective>
      <reflectivity>
       <float>0.0</float>
      </reflectivity>
      <transparent>
       <color>1 1 1 1</color>
      </transparent>
      <transparency>
       <float>1.000</float>
      </transparency>
     </phong>
    </technique>
   </profile_COMMON>
  </effect>
 </library_effects>
 <library_materials>
  <material id="mat1.png" name="mat1.png">
   <instance_effect url="#mat1.png-fx"/>
  </material>
  <material id="mat2.png" name="mat2.png">
   <instance_effect url="#mat2.png-fx"/>
  </material>
  <material id="mat3.png" name="mat3.png">
   <instance_effect url="#mat3.png-fx"/>
  </material>
  <material id="mat4.png" name="mat4.png">
   <instance_effect url="#mat4.png-fx"/>
  </material>
 </library_materials>
 <library_geometries>
  <geometry id="realb26-lib" name="realb26">
   <mesh>
    <source id="realb26-lib-positions" name="position">
     <float_array id="realb26-lib-positions-array" count="111">2.18756 5.35754 -1.98473 0.00000 5.75600 -3.08842 1.88037 9.13623 -1.34839 0.00000 9.35767 -1.88623 1.89575 9.73047 -1.34155 0.00000 9.91553 -1.93237 1.60864 9.68164 -1.16846 0.00000 9.82788 -1.65015 3.61434 4.74371 -0.02441 3.06323 8.63599 0.10352 2.44609 4.21679 1.82373 2.29858 7.85303 1.74170 1.11841 4.17261 2.13159 0.00000 7.51538 2.42017 0.00000 4.16406 2.41260 -1.11841 4.17261 2.13159 -1.11548 2.73560 2.13843 1.11523 2.73560 2.13867 0.00000 2.54956 2.41260 2.31494 8.39624 1.92236 0.00000 8.03149 2.57495 -2.31494 8.39624 1.92236 0.00000 8.22168 2.20361 -1.96143 8.53809 1.70557 2.66065 9.23438 0.06860 3.12378 9.20923 0.06543 1.96143 8.53809 1.70557 -1.89575 9.73047 -1.34155 -1.88037 9.13647 -1.34839 -3.12378 9.20923 0.06543 -3.06323 8.63599 0.10352 -2.29858 7.85303 1.74170 -2.18686 5.35789 -1.98473 -3.61359 4.74337 -0.02441 -2.44541 4.21704 1.82373 -1.60864 9.68164 -1.16846 -2.66065 9.23438 0.06860</float_array>
     <technique_common>
      <accessor count="37" source="#realb26-lib-positions-array" stride="3">
       <param name="X" type="float"/>
       <param name="Y" type="float"/>
       <param name="Z" type="float"/>
      </accessor>
     </technique_common>
    </source>
    <source id="realb26-lib-normals" name="normal">
     <float_array id="realb26-lib-normals-array" count="486">0.57058 0.10268 -0.81480 -0.00001 0.24301 -0.97002 0.67570 0.16555 -0.71835 0.57058 0.10268 -0.81480 0.00001 0.11752 -0.99307 -0.00001 0.24301 -0.97002 0.50989 -0.01143 -0.86016 0.00001 0.11752 -0.99307 0.57058 0.10268 -0.81480 0.50989 -0.01143 -0.86016 0.00000 -0.08243 -0.99660 0.00001 0.11752 -0.99307 0.01511 0.95514 0.29577 0.00000 0.95557 0.29477 0.02387 0.95239 0.30394 0.01511 0.95514 0.29577 0.00000 0.95501 0.29658 0.00000 0.95557 0.29477 0.55530 0.06010 0.82948 0.90952 -0.02712 0.41477 0.82811 0.09912 0.55173 0.55530 0.06010 0.82948 0.68023 -0.10240 0.72581 0.90952 -0.02712 0.41477 0.24416 0.01050 0.96968 0.68023 -0.10240 0.72581 0.55530 0.06010 0.82948 0.24416 0.01050 0.96968 -0.00000 -0.13378 0.99101 0.68023 -0.10240 0.72581 -0.00002 0.00011 1.00000 -0.00000 -0.13378 0.99101 0.24416 0.01050 0.96968 -0.00002 0.00011 1.00000 -0.24418 0.01045 0.96967 -0.00000 -0.13378 0.99101 -0.24063 0.00162 0.97062 -0.24418 0.01045 0.96967 -0.00002 0.00011 1.00000 0.24054 0.00166 0.97064 -0.00002 0.00011 1.00000 0.24416 0.01050 0.96968 0.24054 0.00166 0.97064 -0.00008 0.00000 1.00000 -0.00002 0.00011 1.00000 -0.00000 -0.13378 0.99101 0.69662 -0.23624 0.67743 0.68023 -0.10240 0.72581 -0.00000 -0.13378 0.99101 0.00000 -0.28726 0.95785 0.69662 -0.23624 0.67743 -0.69662 -0.23624 0.67743 0.00000 -0.28726 0.95785 -0.00000 -0.13378 0.99101 -0.05507 0.87872 0.47415 0.00000 0.88627 0.46316 0.00000 0.89005 0.45585 -0.04190 0.86816 0.49451 0.00000 0.88627 0.46316 -0.05507 0.87872 0.47415 0.02387 0.95239 0.30394 0.05198 0.93359 0.35456 0.01511 0.95514 0.29577 0.02387 0.95239 0.30394 0.05701 0.92775 0.36882 0.05198 0.93359 0.35456 0.57058 0.10268 -0.81480 0.74952 -0.10360 -0.65383 0.50989 -0.01143 -0.86016 0.57058 0.10268 -0.81480 0.78790 0.04035 -0.61447 0.74952 -0.10360 -0.65383 0.67570 0.16555 -0.71835 0.78790 0.04035 -0.61447 0.57058 0.10268 -0.81480 0.67570 0.16555 -0.71835 0.82074 0.13446 -0.55525 0.78790 0.04035 -0.61447 0.05701 0.92775 0.36882 0.04190 0.86816 0.49451 0.05198 0.93359 0.35456 0.05701 0.92775 0.36882 0.05507 0.87872 0.47415 0.04190 0.86816 0.49451 0.90952 -0.02712 0.41477 0.69662 -0.23624 0.67743 0.92567 -0.07311 0.37119 0.90952 -0.02712 0.41477 0.68023 -0.10240 0.72581 0.69662 -0.23624 0.67743 0.05507 0.87872 0.47415 0.00000 0.88627 0.46316 0.04190 0.86816 0.49451 0.05507 0.87872 0.47415 0.00000 0.89005 0.45585 0.00000 0.88627 0.46316 -0.50989 -0.01144 -0.86016 0.00001 0.11752 -0.99307 0.00000 -0.08243 -0.99660 -0.50989 -0.01144 -0.86016 -0.57059 0.10263 -0.81480 0.00001 0.11752 -0.99307 -0.74951 -0.10361 -0.65384 -0.57059 0.10263 -0.81480 -0.50989 -0.01144 -0.86016 -0.74951 -0.10361 -0.65384 -0.78790 0.04027 -0.61448 -0.57059 0.10263 -0.81480 -0.69662 -0.23624 0.67743 -0.90953 -0.02719 0.41474 -0.92567 -0.07311 0.37119 -0.69662 -0.23624 0.67743 -0.68026 -0.10246 0.72577 -0.90953 -0.02719 0.41474 -0.00000 -0.13378 0.99101 -0.68026 -0.10246 0.72577 -0.69662 -0.23624 0.67743 -0.00000 -0.13378 0.99101 -0.24418 0.01045 0.96967 -0.68026 -0.10246 0.72577 -0.57059 0.10263 -0.81480 -0.00001 0.24301 -0.97002 0.00001 0.11752 -0.99307 -0.57059 0.10263 -0.81480 -0.67573 0.16542 -0.71834 -0.00001 0.24301 -0.97002 -0.78790 0.04027 -0.61448 -0.67573 0.16542 -0.71834 -0.57059 0.10263 -0.81480 -0.78790 0.04027 -0.61448 -0.82076 0.13429 -0.55526 -0.67573 0.16542 -0.71834 -0.55536 0.06000 0.82944 -0.82818 0.09896 0.55166 -0.90953 -0.02719 0.41474 -0.68026 -0.10246 0.72577 -0.55536 0.06000 0.82944 -0.90953 -0.02719 0.41474 -0.68026 -0.10246 0.72577 -0.24418 0.01045 0.96967 -0.55536 0.06000 0.82944 -0.01511 0.95514 0.29577 0.00000 0.95557 0.29477 0.00000 0.95501 0.29658 -0.01511 0.95514 0.29577 -0.02387 0.95239 0.30394 0.00000 0.95557 0.29477 -0.05198 0.93359 0.35456 -0.02387 0.95239 0.30394 -0.01511 0.95514 0.29577 -0.05198 0.93359 0.35456 -0.05701 0.92775 0.36882 -0.02387 0.95239 0.30394 -0.04190 0.86816 0.49451 -0.05701 0.92775 0.36882 -0.05198 0.93359 0.35456 -0.04190 0.86816 0.49451 -0.05507 0.87872 0.47415 -0.05701 0.92775 0.36882 -0.00002 0.00011 1.00000 -0.00008 0.00000 1.00000 -0.24063 0.00162 0.97062</float_array>
     <technique_common>
      <accessor count="162" source="#realb26-lib-normals-array" stride="3">
       <param name="X" type="float"/>
       <param name="Y" type="float"/>
       <param name="Z" type="float"/>
      </accessor>
     </technique_common>
    </source>
    <source id="realb26-lib-texcoords">
     <float_array id="realb26-lib-texcoords-array" count="324">0.63770 -0.18359 0.99316 -0.40430 0.76660 -0.52344 0.63770 -0.18359 0.82812 -0.10840 0.99316 -0.40430 0.61426 -0.11230 0.82812 -0.10840 0.63770 -0.18359 0.61426 -0.11230 0.80078 -0.04492 0.82812 -0.10840 0.60645 -0.08887 0.80078 -0.04492 0.61426 -0.11230 0.60645 -0.08887 0.79199 -0.02344 0.80078 -0.04492 0.28027 -0.63574 0.44629 -0.24707 0.52344 -0.59961 0.28027 -0.63574 0.24023 -0.29199 0.44629 -0.24707 0.13672 -0.63867 0.24023 -0.29199 0.28027 -0.63574 0.13672 -0.63867 0.01465 -0.31641 0.24023 -0.29199 0.01465 -0.64062 0.01465 -0.31641 0.13672 -0.63867 0.01465 -0.64062 0.13672 -0.63867 0.01465 -0.31641 0.13672 -0.87109 0.13672 -0.63867 0.01465 -0.64062 0.13672 -0.87109 0.01465 -0.64062 0.13672 -0.63867 0.13672 -0.87109 0.01465 -0.87207 0.01465 -0.64062 0.01465 -0.31641 0.23730 -0.21289 0.24023 -0.29199 0.01465 -0.31641 0.01465 -0.25781 0.23730 -0.21289 0.23730 -0.21289 0.01465 -0.25781 0.01465 -0.31641 0.23730 -0.21289 0.01465 -0.23828 0.01465 -0.25781 0.23535 -0.18652 0.01465 -0.23828 0.23730 -0.21289 0.61426 -0.11230 0.42285 -0.14746 0.60645 -0.08887 0.61426 -0.11230 0.42871 -0.17188 0.42285 -0.14746 0.63770 -0.18359 0.42871 -0.17188 0.61426 -0.11230 0.63770 -0.18359 0.44629 -0.24707 0.42871 -0.17188 0.76660 -0.52344 0.44629 -0.24707 0.63770 -0.18359 0.76660 -0.52344 0.52344 -0.59961 0.44629 -0.24707 0.42871 -0.17188 0.23535 -0.18652 0.42285 -0.14746 0.42871 -0.17188 0.23730 -0.21289 0.23535 -0.18652 0.44629 -0.24707 0.23730 -0.21289 0.42871 -0.17188 0.44629 -0.24707 0.24023 -0.29199 0.23730 -0.21289 0.23730 -0.21289 0.01465 -0.23828 0.23535 -0.18652 0.23730 -0.21289 0.01465 -0.25781 0.01465 -0.23828 0.61426 -0.11230 0.82812 -0.10840 0.80078 -0.04492 0.61426 -0.11230 0.63770 -0.18359 0.82812 -0.10840 0.42871 -0.17188 0.63770 -0.18359 0.61426 -0.11230 0.42871 -0.17188 0.44629 -0.24707 0.63770 -0.18359 0.23730 -0.21289 0.44629 -0.24707 0.42871 -0.17188 0.23730 -0.21289 0.24023 -0.29199 0.44629 -0.24707 0.01465 -0.31641 0.24023 -0.29199 0.23730 -0.21289 0.01465 -0.31641 0.13672 -0.63867 0.24023 -0.29199 0.63770 -0.18359 0.99316 -0.40430 0.82812 -0.10840 0.63770 -0.18359 0.76660 -0.52344 0.99316 -0.40430 0.44629 -0.24707 0.76660 -0.52344 0.63770 -0.18359 0.44629 -0.24707 0.52344 -0.59961 0.76660 -0.52344 0.28027 -0.63574 0.52344 -0.59961 0.44629 -0.24707 0.24023 -0.29199 0.28027 -0.63574 0.44629 -0.24707 0.24023 -0.29199 0.13672 -0.63867 0.28027 -0.63574 0.60645 -0.08887 0.80078 -0.04492 0.79199 -0.02344 0.60645 -0.08887 0.61426 -0.11230 0.80078 -0.04492 0.42285 -0.14746 0.61426 -0.11230 0.60645 -0.08887 0.42285 -0.14746 0.42871 -0.17188 0.61426 -0.11230 0.23535 -0.18652 0.42871 -0.17188 0.42285 -0.14746 0.23535 -0.18652 0.23730 -0.21289 0.42871 -0.17188 0.01465 -0.64062 0.01465 -0.87207 0.13672 -0.87109</float_array>
     <technique_common>
      <accessor count="162" offset="0" source="#realb26-lib-texcoords-array" stride="2">
       <param name="U" type="float"/>
       <param name="V" type="float"/>
      </accessor>
     </technique_common>
    </source>
    <vertices id="realb26-lib-vertices">
     <input semantic="POSITION" source="#realb26-lib-positions"/>
    </vertices>
    <polylist count="54" material="mat3.png">
     <input offset="0" semantic="VERTEX" source="#realb26-lib-vertices"/>
     <input offset="1" semantic="NORMAL" source="#realb26-lib-normals"/>
     <input offset="2" semantic="TEXCOORD" source="#realb26-lib-texcoords"/>
     <vcount>3 3 3 3 3 3 3 3 3 3 3 3 3 3 3 3 3 3 3 3 3 3 3 3 3 3 3 3 3 3 3 3 3 3 3 3 3 3 3 3 3 3 3 3 3 3 3 3 3 3 3 3 3 3</vcount>
     <p>0 2 2 1 1 1 2 0 0 1 5 5 3 4 4 2 3 3 2 8 8 3 7 7 4 6 6 3 11 11 5 10 10 4 9 9 4 14 14 5 13 13 6 12 12 5 17 17 7 16 16 6 15 15 8 20 20 9 19 19 10 18 18 9 23 23 11 22 22 10 21 21 10 26 26 11 25 25 12 24 24 11 29 29 13 28 28 12 27 27 12 32 32 13 31 31 14 30 30 13 35 35 15 34 34 14 33 33 14 38 38 15 37 37 16 36 36 12 41 41 14 40 40 17 39 39 14 44 44 18 43 43 17 42 42 11 47 47 19 46 46 13 45 45 19 50 50 20 49 49 13 48 48 13 53 53 20 52 52 21 51 51 20 56 56 22 55 55 21 54 54 21 59 59 22 58 58 23 57 57 6 62 62 24 61 61 4 60 60 24 65 65 25 64 64 4 63 63 4 68 68 25 67 67 2 66 66 25 71 71 9 70 70 2 69 69 2 74 74 9 73 73 0 72 72 9 77 77 8 76 76 0 75 75 24 80 80 26 79 79 25 78 78 26 83 83 19 82 82 25 81 81 25 86 86 19 85 85 9 84 84 19 89 89 11 88 88 9 87 87 26 92 92 22 91 91 19 90 90 22 95 95 20 94 94 19 93 93 5 98 98 3 97 97 27 96 96 3 101 101 28 100 100 27 99 99 27 104 104 28 103 103 29 102 102 28 107 107 30 106 106 29 105 105 29 110 110 30 109 109 21 108 108 30 113 113 31 112 112 21 111 111 21 116 116 31 115 115 13 114 114 31 119 119 15 118 118 13 117 117 3 122 122 1 121 121 28 120 120 1 125 125 32 124 124 28 123 123 28 128 128 32 127 127 30 126 126 32 131 131 33 130 130 30 129 129 30 134 134 33 133 133 34 132 132 30 137 137 34 136 136 31 135 135 34 140 140 15 139 139 31 138 138 7 143 143 5 142 142 35 141 141 5 146 146 27 145 145 35 144 144 35 149 149 27 148 148 36 147 147 27 152 152 29 151 151 36 150 150 36 155 155 29 154 154 23 153 153 29 158 158 21 157 157 23 156 156 16 161 161 18 160 160 14 159 159</p>
    </polylist>
   </mesh>
  </geometry>
  <geometry id="realb26_1-lib" name="realb26_1">
   <mesh>
    <source id="realb26_1-lib-positions" name="position">
     <float_array id="realb26_1-lib-positions-array" count="222">0.51953 16.63652 1.33946 0.00000 17.01301 1.50573 0.44922 16.95037 0.94785 0.00000 16.18895 1.80995 0.40356 16.09572 1.65005 0.00000 15.24714 1.75204 0.28345 15.32122 1.60919 0.70117 16.58519 0.90762 0.79004 16.27959 0.46522 0.79517 16.32490 0.88209 0.42993 16.87537 0.59098 0.00000 17.20698 0.99083 -0.44922 16.95037 0.94785 -0.51953 16.63652 1.33946 -0.70117 16.58519 0.90762 -0.79517 16.32490 0.88209 -0.79004 16.27959 0.46522 0.75439 14.72519 1.39941 0.75464 15.30392 1.18361 0.99829 15.27659 0.74384 0.48779 15.05034 1.80400 0.00000 14.53739 1.61879 0.00000 15.01006 1.90053 -0.48779 15.05034 1.80400 0.00000 15.22365 1.77394 -0.32642 15.28023 1.66203 0.86987 15.70974 0.62061 0.70874 15.22294 0.49550 0.86108 15.70847 0.90220 0.96069 15.74019 0.06776 0.48804 16.22086 0.00191 0.00000 16.23253 -0.13287 0.00000 17.02186 0.47902 -0.42993 16.87537 0.59098 1.06909 16.29227 0.53778 0.87231 16.50776 0.69126 1.08960 15.85415 0.61794 0.67700 15.36406 1.37106 0.32642 15.28023 1.66203 0.00000 16.36895 1.97800 0.28540 16.47694 1.53299 0.00000 16.24540 1.78958 0.00000 16.86124 2.25363 -0.28540 16.47694 1.53299 0.00000 16.74168 1.60795 0.83862 15.84086 1.20947 -0.83862 15.84086 1.20947 -0.86108 15.70847 0.90220 -0.70874 15.22294 0.49550 -0.86987 15.70974 0.62061 -0.96069 15.74019 0.06776 -0.48804 16.22086 0.00191 -1.06909 16.29227 0.53778 -0.87231 16.50776 0.69126 -1.08960 15.85415 0.61794 -0.75439 14.72519 1.39941 0.00000 14.91112 0.85684 -0.99829 15.27659 0.74384 -0.75464 15.30392 1.18361 -0.40356 16.09572 1.65005 -0.28345 15.32122 1.60919 -0.67700 15.36406 1.37106 0.38306 15.58718 1.08826 0.00000 15.27042 1.34360 0.35474 15.24446 1.37516 0.00000 15.69584 0.92534 0.43164 15.51093 1.59573 0.49780 15.32240 1.52316 0.39233 15.29360 1.61107 -0.38306 15.58718 1.08826 -0.35474 15.24446 1.37516 -0.49780 15.32240 1.52316 -0.43164 15.51093 1.59573 -0.39233 15.29360 1.61107</float_array>
     <technique_common>
      <accessor count="74" source="#realb26_1-lib-positions-array" stride="3">
       <param name="X" type="float"/>
       <param name="Y" type="float"/>
       <param name="Z" type="float"/>
      </accessor>
     </technique_common>
    </source>
    <source id="realb26_1-lib-normals" name="normal">
     <float_array id="realb26_1-lib-normals-array" count="1095">0.71011 0.42839 0.55877 0.55417 0.59126 0.58593 0.66962 0.73867 0.07725 0.71011 0.42839 0.55877 -0.00000 0.18569 0.98261 0.55417 0.59126 0.58593 0.55652 0.12406 0.82152 -0.00000 0.18569 0.98261 0.71011 0.42839 0.55877 0.55652 0.12406 0.82152 -0.00000 -0.10877 0.99407 -0.00000 0.18569 0.98261 0.49350 -0.12196 0.86115 -0.00000 -0.10877 0.99407 0.55652 0.12406 0.82152 0.88723 0.45368 0.08360 0.73272 0.54613 -0.40603 0.91202 0.26358 0.31425 0.88723 0.45368 0.08360 0.58223 0.69540 -0.42122 0.73272 0.54613 -0.40603 0.66962 0.73867 0.07725 0.58223 0.69540 -0.42122 0.88723 0.45368 0.08360 0.66962 0.73867 0.07725 0.47924 0.87695 0.03588 0.58223 0.69540 -0.42122 0.55417 0.59126 0.58593 0.47924 0.87695 0.03588 0.66962 0.73867 0.07725 -0.55417 0.59126 0.58593 -0.66962 0.73867 0.07725 -0.47924 0.87695 0.03588 -0.71011 0.42839 0.55877 -0.66962 0.73867 0.07725 -0.55417 0.59126 0.58593 -0.71011 0.42839 0.55877 -0.88723 0.45368 0.08360 -0.66962 0.73867 0.07725 -0.91202 0.26358 0.31425 -0.88723 0.45368 0.08360 -0.71011 0.42839 0.55877 -0.91202 0.26358 0.31425 -0.73272 0.54613 -0.40603 -0.88723 0.45368 0.08360 0.77532 -0.12415 0.61925 0.89010 0.08134 0.44845 0.87055 0.13169 0.47414 0.77532 -0.12415 0.61925 0.54536 -0.24856 0.80050 0.89010 0.08134 0.44845 0.00000 -0.57779 0.81619 0.54536 -0.24856 0.80050 0.77532 -0.12415 0.61925 0.00000 -0.57779 0.81619 0.00000 -0.51200 0.85899 0.54536 -0.24856 0.80050 -0.57650 -0.35665 0.73515 0.00000 -0.51200 0.85899 0.00000 -0.57779 0.81619 -0.25302 0.61398 0.74767 -0.00000 0.79531 0.60621 -0.00000 0.50986 0.86026 -0.09847 0.89869 0.42739 -0.00000 0.79531 0.60621 -0.25302 0.61398 0.74767 0.91781 -0.38769 0.08553 0.81793 -0.55703 -0.14389 0.95673 -0.12279 0.26378 0.91781 -0.38769 0.08553 0.98437 0.16469 -0.06233 0.81793 -0.55703 -0.14389 0.73272 0.54613 -0.40603 0.98437 0.16469 -0.06233 0.91781 -0.38769 0.08553 0.73272 0.54613 -0.40603 0.48186 0.62090 -0.61830 0.98437 0.16469 -0.06233 0.58223 0.69540 -0.42122 0.48186 0.62090 -0.61830 0.73272 0.54613 -0.40603 0.58223 0.69540 -0.42122 -0.00000 0.65971 -0.75152 0.48186 0.62090 -0.61830 0.00000 0.80762 -0.58970 -0.00000 0.65971 -0.75152 0.58223 0.69540 -0.42122 0.00000 0.80762 -0.58970 -0.58223 0.69540 -0.42122 -0.00000 0.65971 -0.75152 -0.47924 0.87695 0.03588 -0.58223 0.69540 -0.42122 0.00000 0.80762 -0.58970 -0.47924 0.87695 0.03588 -0.66962 0.73867 0.07725 -0.58223 0.69540 -0.42122 0.76764 0.17118 0.61760 0.91202 0.26358 0.31425 0.76333 0.28365 0.58040 0.76764 0.17118 0.61760 0.95673 -0.12279 0.26378 0.91202 0.26358 0.31425 0.72926 0.15603 0.66621 0.95673 -0.12279 0.26378 0.76764 0.17118 0.61760 0.54929 -0.83552 0.01338 0.91781 -0.38769 0.08553 0.95673 -0.12279 0.26378 0.21815 0.16583 -0.96172 0.16655 -0.19442 -0.96668 0.10269 -0.17437 -0.97931 0.21815 0.16583 -0.96172 0.25482 -0.22101 -0.94139 0.16655 -0.19442 -0.96668 0.15945 0.66517 -0.72947 0.73272 0.54613 -0.40603 0.21815 0.16583 -0.96172 -0.93115 0.36356 -0.02806 -0.93115 0.36356 -0.02806 -0.93115 0.36356 -0.02806 0.88723 0.45368 0.08360 0.71011 0.42839 0.55877 0.66962 0.73867 0.07725 0.88723 0.45368 0.08360 0.91202 0.26358 0.31425 0.71011 0.42839 0.55877 0.54536 -0.24856 0.80050 0.85571 0.12146 0.50301 0.89010 0.08134 0.44845 0.28843 0.64148 0.71085 0.09847 0.89869 0.42739 0.85571 0.12146 0.50301 -0.00000 0.79531 0.60621 0.09847 0.89869 0.42739 0.28843 0.64148 0.71085 0.82132 -0.36543 0.43806 0.81896 -0.37524 0.43417 0.76057 -0.54294 0.35603 0.82132 -0.36543 0.43806 0.83956 -0.26541 0.47403 0.81896 -0.37524 0.43417 -0.81896 -0.37524 0.43417 -0.83956 -0.26541 0.47403 -0.82132 -0.36543 0.43806 -0.65390 0.74393 -0.13775 -0.65390 0.74393 -0.13775 -0.65390 0.74393 -0.13775 0.90649 0.01956 0.42178 0.71011 0.42839 0.55877 0.91202 0.26358 0.31425 0.90649 0.01956 0.42178 0.55652 0.12406 0.82152 0.71011 0.42839 0.55877 0.55652 0.12406 0.82152 0.85571 0.12146 0.50301 0.49350 -0.12196 0.86115 0.55652 0.12406 0.82152 0.89010 0.08134 0.44845 0.85571 0.12146 0.50301 0.90649 0.01956 0.42178 0.89010 0.08134 0.44845 0.55652 0.12406 0.82152 0.90649 0.01956 0.42178 0.95673 -0.12279 0.26378 0.89010 0.08134 0.44845 0.91202 0.26358 0.31425 0.95673 -0.12279 0.26378 0.90649 0.01956 0.42178 -0.91202 0.26358 0.31425 -0.90649 0.01956 0.42178 -0.95673 -0.12279 0.26378 -0.91202 0.26358 0.31425 -0.71011 0.42839 0.55877 -0.90649 0.01956 0.42178 -0.81793 -0.55703 -0.14389 -0.91781 -0.38769 0.08553 -0.95673 -0.12279 0.26378 -0.81793 -0.55703 -0.14389 -0.98437 0.16469 -0.06233 -0.91781 -0.38769 0.08553 -0.58223 0.69540 -0.42122 -0.48186 0.62090 -0.61830 -0.00000 0.65971 -0.75152 -0.58223 0.69540 -0.42122 -0.73272 0.54613 -0.40603 -0.48186 0.62090 -0.61830 -0.88723 0.45368 0.08360 -0.73272 0.54613 -0.40603 -0.58223 0.69540 -0.42122 -0.91202 0.26358 0.31425 -0.76764 0.17118 0.61760 -0.76333 0.28365 0.58040 -0.91202 0.26358 0.31425 -0.95673 -0.12279 0.26378 -0.76764 0.17118 0.61760 -0.54929 -0.83552 0.01338 -0.95673 -0.12279 0.26378 -0.91781 -0.38769 0.08553 -0.72926 0.15603 0.66621 -0.76764 0.17118 0.61760 -0.95673 -0.12279 0.26378 -0.16655 -0.19442 -0.96668 -0.21815 0.16583 -0.96172 -0.10269 -0.17437 -0.97931 -0.16655 -0.19442 -0.96668 -0.25482 -0.22101 -0.94139 -0.21815 0.16583 -0.96172 -0.13429 -0.86516 -0.48319 -0.18170 -0.86847 -0.46124 0.00000 -0.88410 -0.46730 -0.81793 -0.55703 -0.14389 -0.51019 -0.74224 -0.43449 -0.18170 -0.86847 -0.46124 -0.53817 0.43556 -0.72157 -0.53817 0.43556 -0.72157 -0.53817 0.43556 -0.72157 -0.95673 -0.12279 0.26378 -0.89010 0.08134 0.44845 -0.87055 0.13169 0.47414 -0.90649 0.01956 0.42178 -0.89010 0.08134 0.44845 -0.95673 -0.12279 0.26378 -0.90649 0.01956 0.42178 -0.55652 0.12406 0.82152 -0.89010 0.08134 0.44845 -0.71011 0.42839 0.55877 -0.55652 0.12406 0.82152 -0.90649 0.01956 0.42178 -0.73272 0.54613 -0.40603 -0.15945 0.66517 -0.72947 -0.21815 0.16583 -0.96172 0.93115 0.36356 -0.02806 0.93115 0.36356 -0.02806 0.93115 0.36356 -0.02806 -0.00000 0.18569 0.98261 -0.71011 0.42839 0.55877 -0.55417 0.59126 0.58593 -0.00000 0.18569 0.98261 -0.55652 0.12406 0.82152 -0.71011 0.42839 0.55877 -0.00000 -0.10877 0.99407 -0.55652 0.12406 0.82152 -0.00000 0.18569 0.98261 -0.00000 -0.10877 0.99407 -0.49350 -0.12196 0.86115 -0.55652 0.12406 0.82152 -0.98437 0.16469 -0.06233 -0.73272 0.54613 -0.40603 -0.91781 -0.38769 0.08553 -0.98437 0.16469 -0.06233 -0.48186 0.62090 -0.61830 -0.73272 0.54613 -0.40603 -0.85571 0.12146 0.50301 -0.55652 0.12406 0.82152 -0.49350 -0.12196 0.86115 -0.85571 0.12146 0.50301 -0.89010 0.08134 0.44845 -0.55652 0.12406 0.82152 -0.57650 -0.35665 0.73515 -0.89010 0.08134 0.44845 -0.85571 0.12146 0.50301 -0.57650 -0.35665 0.73515 -0.77532 -0.12415 0.61925 -0.89010 0.08134 0.44845 0.00000 -0.57779 0.81619 -0.77532 -0.12415 0.61925 -0.57650 -0.35665 0.73515 0.00000 -0.89782 -0.44037 0.00000 -0.88410 -0.46730 -0.18170 -0.86847 -0.46124 0.18170 -0.86847 -0.46124 0.00000 -0.88410 -0.46730 0.00000 -0.89782 -0.44037 0.18170 -0.86847 -0.46124 0.13429 -0.86516 -0.48319 0.00000 -0.88410 -0.46730 0.51019 -0.74224 -0.43449 0.81793 -0.55703 -0.14389 0.18170 -0.86847 -0.46124 0.53817 0.43556 -0.72157 0.53817 0.43556 -0.72157 0.53817 0.43556 -0.72157 0.89010 0.08134 0.44845 0.95673 -0.12279 0.26378 0.87055 0.13169 0.47414 0.47924 0.87695 0.03588 0.00000 0.80762 -0.58970 0.58223 0.69540 -0.42122 0.65390 0.74393 -0.13775 0.65390 0.74393 -0.13775 0.65390 0.74393 -0.13775 -0.09909 -0.87846 -0.46744 -0.06963 -0.87690 -0.47561 -0.19415 -0.85816 -0.47525 0.00000 0.90066 0.43453 -0.14532 0.93583 0.32110 0.09847 0.89869 0.42739 0.09847 0.89869 0.42739 -0.00000 0.79531 0.60621 0.00000 0.90066 0.43453 0.54536 -0.24856 0.80050 -0.00000 0.50986 0.86026 -0.00000 0.79531 0.60621 -0.14532 0.93583 0.32110 -0.11797 0.66866 0.73415 -0.30435 0.83575 0.45704 -0.30435 0.83575 0.45704 0.09847 0.89869 0.42739 -0.14532 0.93583 0.32110 -0.00000 -0.88403 -0.46744 0.00000 -0.87889 -0.47703 -0.06963 -0.87690 -0.47561 -0.06963 -0.87690 -0.47561 -0.09909 -0.87846 -0.46744 -0.00000 -0.88403 -0.46744 0.00000 0.90066 0.43453 0.00000 0.70107 0.71309 -0.11797 0.66866 0.73415 -0.11797 0.66866 0.73415 -0.14532 0.93583 0.32110 0.00000 0.90066 0.43453 0.64921 -0.06395 0.75792 0.64921 -0.06395 0.75792 0.64921 -0.06395 0.75792 -0.87055 0.13169 0.47414 -0.89010 0.08134 0.44845 -0.77532 -0.12415 0.61925 -0.66962 0.73867 0.07725 -0.88723 0.45368 0.08360 -0.58223 0.69540 -0.42122 -0.85571 0.12146 0.50301 -0.09847 0.89869 0.42739 -0.25302 0.61398 0.74767 -0.81896 -0.37524 0.43417 -0.82132 -0.36543 0.43806 -0.76057 -0.54294 0.35603 0.06963 -0.87690 -0.47561 0.09909 -0.87846 -0.46744 0.19415 -0.85816 -0.47525 0.00000 0.90066 0.43453 -0.00000 0.79531 0.60621 -0.09847 0.89869 0.42739 -0.09847 0.89869 0.42739 0.14532 0.93583 0.32110 0.00000 0.90066 0.43453 0.14532 0.93583 0.32110 -0.09847 0.89869 0.42739 0.30435 0.83575 0.45704 0.30435 0.83575 0.45704 0.11797 0.66866 0.73415 0.14532 0.93583 0.32110 -0.00000 -0.88403 -0.46744 0.09909 -0.87846 -0.46744 0.06963 -0.87690 -0.47561 0.06963 -0.87690 -0.47561 0.00000 -0.87889 -0.47703 -0.00000 -0.88403 -0.46744 0.00000 0.90066 0.43453 0.14532 0.93583 0.32110 0.11797 0.66866 0.73415 0.11797 0.66866 0.73415 0.00000 0.70107 0.71309 0.00000 0.90066 0.43453 -0.64921 -0.06395 0.75792 -0.64921 -0.06395 0.75792</float_array>
     <technique_common>
      <accessor count="365" source="#realb26_1-lib-normals-array" stride="3">
       <param name="X" type="float"/>
       <param name="Y" type="float"/>
       <param name="Z" type="float"/>
      </accessor>
     </technique_common>
    </source>
    <source id="realb26_1-lib-texcoords">
     <float_array id="realb26_1-lib-texcoords-array" count="732">0.17383 -0.17188 0.00586 -0.04199 0.42480 -0.06836 0.17383 -0.17188 0.00586 -0.37207 0.00586 -0.04199 0.15625 -0.41699 0.00586 -0.37207 0.17383 -0.17188 0.15625 -0.41699 0.00586 -0.71387 0.00586 -0.37207 0.13281 -0.69824 0.00586 -0.71387 0.15625 -0.41699 0.43652 -0.22070 0.60742 -0.42090 0.41699 -0.33203 0.43652 -0.22070 0.58301 -0.17969 0.60742 -0.42090 0.42480 -0.06836 0.58301 -0.17969 0.43652 -0.22070 0.42480 -0.06836 0.51172 -0.01172 0.58301 -0.17969 0.00586 -0.04199 0.51172 -0.01172 0.42480 -0.06836 0.00586 -0.04199 0.42480 -0.06836 0.51172 -0.01172 0.17383 -0.17188 0.42480 -0.06836 0.00586 -0.04199 0.17383 -0.17188 0.43652 -0.22070 0.42480 -0.06836 0.41699 -0.33203 0.43652 -0.22070 0.17383 -0.17188 0.41699 -0.33203 0.60742 -0.42090 0.43652 -0.22070 0.24219 -0.95801 0.33008 -0.69824 0.43164 -0.74121 0.24219 -0.95801 0.18750 -0.83398 0.33008 -0.69824 0.00586 -0.97070 0.18750 -0.83398 0.24219 -0.95801 0.00586 -0.97070 0.00586 -0.83984 0.18750 -0.83398 0.18750 -0.83398 0.00586 -0.83984 0.00586 -0.97070 0.18750 -0.83398 0.00586 -0.71191 0.00586 -0.83984 0.13281 -0.69727 0.00586 -0.71191 0.18750 -0.83398 0.59961 -0.64648 0.48926 -0.78906 0.43652 -0.58887 0.59961 -0.64648 0.71875 -0.67578 0.48926 -0.78906 0.60742 -0.42090 0.71875 -0.67578 0.59961 -0.64648 0.60742 -0.42090 0.77441 -0.43164 0.71875 -0.67578 0.58301 -0.17969 0.77441 -0.43164 0.60742 -0.42090 0.58301 -0.17969 0.88867 -0.37598 0.77441 -0.43164 0.70996 -0.08887 0.88867 -0.37598 0.58301 -0.17969 0.70996 -0.08887 0.58301 -0.17969 0.88867 -0.37598 0.51172 -0.01172 0.58301 -0.17969 0.70996 -0.08887 0.51172 -0.01172 0.42480 -0.06836 0.58301 -0.17969 0.59961 -0.45508 0.39355 -0.38770 0.50684 -0.34473 0.59961 -0.45508 0.43457 -0.57520 0.39355 -0.38770 0.50879 -0.61133 0.43457 -0.57520 0.59961 -0.45508 0.50879 -0.61133 0.49316 -0.61523 0.43457 -0.57520 0.59961 -0.45508 0.54980 -0.59961 0.50879 -0.61133 0.59961 -0.45508 0.62109 -0.47852 0.54980 -0.59961 0.58008 -0.39941 0.62109 -0.47852 0.59961 -0.45508 0.58008 -0.39941 0.61816 -0.42188 0.62109 -0.47852 0.43652 -0.22070 0.17383 -0.17188 0.42480 -0.06836 0.43652 -0.22070 0.41699 -0.33203 0.17383 -0.17188 0.18750 -0.83398 0.23535 -0.68457 0.33008 -0.69824 0.18750 -0.83398 0.13281 -0.69727 0.23535 -0.68457 0.00586 -0.71191 0.13281 -0.69727 0.18750 -0.83398 0.62695 -0.98633 0.68848 -0.85840 0.67773 -0.98340 0.62695 -0.98633 0.45605 -0.97559 0.68848 -0.85840 0.68848 -0.85840 0.45605 -0.97559 0.62695 -0.98633 0.68848 -0.85840 0.60352 -0.79785 0.45605 -0.97559 0.31836 -0.50586 0.17383 -0.17188 0.41699 -0.33203 0.31836 -0.50586 0.15625 -0.41699 0.17383 -0.17188 0.15625 -0.41699 0.23535 -0.68457 0.13281 -0.69824 0.15625 -0.41699 0.33008 -0.69824 0.23535 -0.68457 0.31836 -0.50586 0.33008 -0.69824 0.15625 -0.41699 0.31836 -0.50586 0.43652 -0.58887 0.33008 -0.69824 0.41699 -0.33203 0.43652 -0.58887 0.31836 -0.50586 0.41699 -0.33203 0.31836 -0.50586 0.43652 -0.58887 0.41699 -0.33203 0.17383 -0.17188 0.31836 -0.50586 0.48926 -0.78906 0.59961 -0.64648 0.43652 -0.58887 0.48926 -0.78906 0.71875 -0.67578 0.59961 -0.64648 0.58301 -0.17969 0.77441 -0.43164 0.88867 -0.37598 0.58301 -0.17969 0.60742 -0.42090 0.77441 -0.43164 0.43652 -0.22070 0.60742 -0.42090 0.58301 -0.17969 0.39355 -0.38770 0.59961 -0.45508 0.50684 -0.34473 0.39355 -0.38770 0.43457 -0.57520 0.59961 -0.45508 0.50879 -0.61133 0.43457 -0.57520 0.49316 -0.61523 0.50879 -0.61133 0.59961 -0.45508 0.43457 -0.57520 0.54980 -0.59961 0.59961 -0.45508 0.50879 -0.61133 0.54980 -0.59961 0.62109 -0.47852 0.59961 -0.45508 0.48926 -0.78906 0.24219 -0.95801 0.27246 -0.98535 0.48926 -0.78906 0.43164 -0.74121 0.24219 -0.95801 0.43652 -0.58887 0.43164 -0.74121 0.48926 -0.78906 0.43652 -0.58887 0.33008 -0.69824 0.43164 -0.74121 0.31836 -0.50586 0.33008 -0.69824 0.43652 -0.58887 0.31836 -0.50586 0.15625 -0.41699 0.33008 -0.69824 0.17383 -0.17188 0.15625 -0.41699 0.31836 -0.50586 0.62109 -0.47852 0.58008 -0.39941 0.59961 -0.45508 0.62109 -0.47852 0.61816 -0.42188 0.58008 -0.39941 0.00586 -0.37207 0.17383 -0.17188 0.00586 -0.04199 0.00586 -0.37207 0.15625 -0.41699 0.17383 -0.17188 0.00586 -0.71387 0.15625 -0.41699 0.00586 -0.37207 0.00586 -0.71387 0.13281 -0.69824 0.15625 -0.41699 0.71875 -0.67578 0.60742 -0.42090 0.59961 -0.64648 0.71875 -0.67578 0.77441 -0.43164 0.60742 -0.42090 0.23535 -0.68457 0.15625 -0.41699 0.13281 -0.69824 0.23535 -0.68457 0.33008 -0.69824 0.15625 -0.41699 0.18750 -0.83398 0.33008 -0.69824 0.23535 -0.68457 0.18750 -0.83398 0.24219 -0.95801 0.33008 -0.69824 0.00586 -0.97070 0.24219 -0.95801 0.18750 -0.83398 0.00586 -0.97070 0.27246 -0.98535 0.24219 -0.95801 0.24219 -0.95801 0.27246 -0.98535 0.00586 -0.97070 0.24219 -0.95801 0.48926 -0.78906 0.27246 -0.98535 0.43164 -0.74121 0.48926 -0.78906 0.24219 -0.95801 0.43164 -0.74121 0.43652 -0.58887 0.48926 -0.78906 0.33008 -0.69824 0.43652 -0.58887 0.43164 -0.74121 0.51172 -0.01172 0.70996 -0.08887 0.58301 -0.17969 0.68848 -0.85840 0.45605 -0.97559 0.60352 -0.79785 0.92090 -0.80957 0.95020 -0.70312 0.99121 -0.81250 0.86914 -0.91113 0.91895 -0.89746 0.95898 -0.93945 0.95898 -0.93945 0.87012 -0.99219 0.86914 -0.91113 0.18750 -0.83398 0.00586 -0.83984 0.00586 -0.71191 0.91895 -0.89746 0.92090 -0.80957 0.99121 -0.81250 0.99121 -0.81250 0.95898 -0.93945 0.91895 -0.89746 0.86816 -0.79785 0.87012 -0.69141 0.95020 -0.70312 0.95020 -0.70312 0.92090 -0.80957 0.86816 -0.79785 0.86914 -0.91113 0.86816 -0.79785 0.92090 -0.80957 0.92090 -0.80957 0.91895 -0.89746 0.86914 -0.91113 0.51465 -0.95996 0.64648 -0.93066 0.59375 -0.86523 0.43164 -0.74121 0.33008 -0.69824 0.24219 -0.95801 0.42480 -0.06836 0.43652 -0.22070 0.58301 -0.17969 0.23535 -0.68457 0.13281 -0.69727 0.18750 -0.83398 0.68848 -0.85840 0.62695 -0.98633 0.67773 -0.98340 0.95020 -0.70312 0.92090 -0.80957 0.99121 -0.81250 0.86914 -0.91113 0.87012 -0.99219 0.95898 -0.93945 0.95898 -0.93945 0.91895 -0.89746 0.86914 -0.91113 0.91895 -0.89746 0.95898 -0.93945 0.99121 -0.81250 0.99121 -0.81250 0.92090 -0.80957 0.91895 -0.89746 0.86816 -0.79785 0.92090 -0.80957 0.95020 -0.70312 0.95020 -0.70312 0.87012 -0.69141 0.86816 -0.79785 0.86914 -0.91113 0.91895 -0.89746 0.92090 -0.80957 0.92090 -0.80957 0.86816 -0.79785 0.86914 -0.91113 0.64648 -0.93066 0.51465 -0.95996 0.59375 -0.86523</float_array>
     <technique_common>
      <accessor count="366" offset="0" source="#realb26_1-lib-texcoords-array" stride="2">
       <param name="U" type="float"/>
       <param name="V" type="float"/>
      </accessor>
     </technique_common>
    </source>
    <vertices id="realb26_1-lib-vertices">
     <input semantic="POSITION" source="#realb26_1-lib-positions"/>
    </vertices>
    <polylist count="122" material="mat1.png">
     <input offset="0" semantic="VERTEX" source="#realb26_1-lib-vertices"/>
     <input offset="1" semantic="NORMAL" source="#realb26_1-lib-normals"/>
     <input offset="2" semantic="TEXCOORD" source="#realb26_1-lib-texcoords"/>
     <vcount>3 3 3 3 3 3 3 3 3 3 3 3 3 3 3 3 3 3 3 3 3 3 3 3 3 3 3 3 3 3 3 3 3 3 3 3 3 3 3 3 3 3 3 3 3 3 3 3 3 3 3 3 3 3 3 3 3 3 3 3 3 3 3 3 3 3 3 3 3 3 3 3 3 3 3 3 3 3 3 3 3 3 3 3 3 3 3 3 3 3 3 3 3 3 3 3 3 3 3 3 3 3 3 3 3 3 3 3 3 3 3 3 3 3 3 3 3 3 3 3 3 3</vcount>
     <p>2 2 2 1 1 1 0 0 0 1 5 5 3 4 4 0 3 3 0 8 8 3 7 7 4 6 6 3 11 11 5 10 10 4 9 9 4 14 14 5 13 13 6 12 12 9 17 17 8 16 16 7 15 15 8 20 20 10 19 19 7 18 18 7 23 23 10 22 22 2 21 21 10 26 26 11 25 25 2 24 24 2 29 29 11 28 28 1 27 27 11 32 32 12 31 31 1 30 30 1 35 35 12 34 34 13 33 33 12 38 38 14 37 37 13 36 36 13 41 41 14 40 40 15 39 39 14 44 44 16 43 43 15 42 42 19 47 47 18 46 46 17 45 45 18 50 50 20 49 49 17 48 48 17 53 53 20 52 52 21 51 51 20 56 56 22 55 55 21 54 54 21 59 59 22 58 58 23 57 57 22 62 62 24 61 61 23 60 60 23 65 65 24 64 64 25 63 63 28 68 68 27 67 67 26 66 66 27 71 71 29 70 70 26 69 69 26 74 74 29 73 73 8 72 72 29 77 77 30 76 76 8 75 75 8 80 80 30 79 79 10 78 78 30 83 83 31 82 82 10 81 81 10 86 86 31 85 85 32 84 84 31 89 89 33 88 88 32 87 87 32 92 92 33 91 91 11 90 90 33 95 95 12 94 94 11 93 93 35 98 98 9 97 97 34 96 96 9 101 101 28 100 100 34 99 99 34 104 104 28 103 103 36 102 102 28 107 107 26 106 106 36 105 105 36 110 110 26 109 109 34 108 108 26 113 113 8 112 112 34 111 111 34 116 116 8 115 115 35 114 114 8 119 119 9 118 118 35 117 117 2 122 122 0 121 121 7 120 120 0 125 125 9 124 124 7 123 123 18 128 128 37 127 127 20 126 126 37 131 131 38 130 130 20 129 129 20 134 134 38 133 133 24 132 132 41 137 137 40 136 136 39 135 135 40 140 140 42 139 139 39 138 138 39 143 143 42 142 142 43 141 141 42 146 146 44 145 145 43 144 144 9 149 149 0 148 148 45 147 147 0 152 152 4 151 151 45 150 150 6 155 155 37 154 154 4 153 153 37 158 158 18 157 157 4 156 156 4 161 161 18 160 160 45 159 159 18 164 164 28 163 163 45 162 162 45 167 167 28 166 166 9 165 165 47 170 170 46 169 169 15 168 168 46 173 173 13 172 172 15 171 171 47 176 176 49 175 175 48 174 174 49 179 179 50 178 178 48 177 177 31 182 182 51 181 181 33 180 180 51 185 185 16 184 184 33 183 183 33 188 188 16 187 187 14 186 186 53 191 191 52 190 190 15 189 189 52 194 194 47 193 193 15 192 192 49 197 197 47 196 196 54 195 195 47 200 200 52 199 199 54 198 198 54 203 203 52 202 202 49 201 201 52 206 206 16 205 205 49 204 204 56 209 209 55 208 208 48 207 207 55 212 212 57 211 211 48 210 210 48 215 215 57 214 214 47 213 213 57 218 218 58 217 217 47 216 216 47 221 221 58 220 220 46 219 219 58 224 224 59 223 223 46 222 222 46 227 227 59 226 226 13 225 225 52 230 230 53 229 229 16 228 228 53 233 233 15 232 232 16 231 231 1 236 236 13 235 235 3 234 234 13 239 239 59 238 238 3 237 237 3 242 242 59 241 241 5 240 240 59 245 245 60 244 244 5 243 243 49 248 248 16 247 247 50 246 246 16 251 251 51 250 250 50 249 249 60 254 254 59 253 253 61 252 252 59 257 257 58 256 256 61 255 255 61 260 260 58 259 259 23 258 258 58 263 263 55 262 262 23 261 261 23 266 266 55 265 265 21 264 264 55 269 269 56 268 268 21 267 267 21 272 272 56 271 271 17 270 270 56 275 275 27 274 274 17 273 273 17 278 278 27 277 277 19 276 276 27 281 281 28 280 280 19 279 279 19 284 284 28 283 283 18 282 282 10 287 287 32 286 286 11 285 285 44 290 290 42 289 289 40 288 288 37 293 293 6 292 292 62 291 291 38 296 296 64 295 295 63 294 294 63 299 299 24 298 298 38 297 297 24 302 302 22 301 301 20 300 300 37 305 305 62 304 304 64 303 303 64 308 308 38 307 307 37 306 306 6 311 311 5 310 310 65 309 309 65 314 314 62 313 313 6 312 312 62 317 317 65 316 316 63 315 315 63 320 320 64 319 319 62 318 318 68 323 323 67 322 322 66 321 321 55 326 326 58 325 325 57 324 324 33 329 329 14 328 328 12 327 327 23 332 332 25 331 331 61 330 330 41 335 335 39 334 334 43 333 333 61 338 338 69 337 337 60 336 336 25 341 341 24 340 340 63 339 339 63 344 344 70 343 343 25 342 342 61 347 347 25 346 346 70 345 345 70 350 350 69 349 349 61 348 348 60 353 353 69 352 352 65 351 351 65 356 356 5 355 355 60 354 354 69 359 359 70 358 358 63 357 357 63 362 362 65 361 361 69 360 360 73 364 365 72 363 364 71 363 363</p>
    </polylist>
   </mesh>
  </geometry>
  <geometry id="realb26_2-lib" name="realb26_2">
   <mesh>
    <source id="realb26_2-lib-positions" name="position">
     <float_array id="realb26_2-lib-positions-array" count="861">0.00000 14.61460 0.86255 0.00000 14.91112 0.85684 0.70874 15.22294 0.49550 -0.70874 15.22294 0.49550 -1.00977 15.05863 0.62166 -0.96069 15.74019 0.06776 -1.67090 15.79603 -0.84728 1.00977 15.05863 0.62166 1.59912 14.98100 0.94045 1.67090 15.79603 -0.84728 2.07568 15.55974 -0.56523 0.96069 15.74019 0.06776 0.00000 15.52647 -1.46540 0.48804 16.22086 0.00191 0.00000 16.23253 -0.13287 0.75562 15.89781 -0.52037 1.36475 15.41667 -1.56313 0.84668 6.66065 -1.43408 0.00000 6.59839 0.11768 0.14639 6.38058 0.07054 0.00000 7.62573 -1.73731 0.00000 9.89746 -1.63086 -0.84668 6.66065 -1.43408 -1.67944 9.80737 -1.15723 -2.74365 8.41113 0.10767 -2.87329 10.00045 0.04423 2.00317 7.56372 1.71435 0.00000 7.89087 2.22168 -2.00317 7.56372 1.71435 0.00000 10.69879 2.58112 -1.93018 10.07201 1.68393 -1.84448 12.23782 1.62814 -2.97925 12.45589 -0.11559 -2.40381 13.87158 1.00996 1.61304 10.68055 -1.18452 0.00000 11.21125 -1.42412 1.72681 12.41775 -2.02993 2.81079 13.61444 -1.58447 2.23291 14.81642 -1.68442 0.00000 13.30336 2.14064 1.92993 12.75816 1.86412 0.00000 14.41862 1.44908 -1.59912 14.98100 0.94045 0.00000 13.31485 -2.20969 0.00000 14.69512 -2.07416 -1.72681 12.41775 -2.02993 -1.61304 10.68055 -1.18452 -2.81079 13.61444 -1.58447 -2.64355 10.86000 -0.18903 2.18408 14.95319 0.58472 3.22771 14.63817 0.80718 2.40381 13.87158 1.00996 3.30265 14.57854 -1.65210 3.69468 15.28612 -0.53234 4.14790 14.11087 -0.28010 3.30351 3.48476 -0.11882 2.49529 3.12204 1.21327 2.74365 8.41113 0.10767 2.52507 2.82919 0.96082 3.53539 2.91659 -0.31815 1.37417 2.51511 -0.10220 2.68384 1.41100 0.67329 1.92115 1.21298 -0.11485 1.36628 3.24247 -0.07298 2.43015 1.18491 -0.82188 2.23952 1.61996 -0.90726 3.32564 1.18905 -0.34614 1.89958 2.47183 -1.27233 1.85810 3.30160 -0.90731 1.79646 3.70980 -0.91218 6.00687 8.20506 1.51387 7.14629 8.97457 1.03866 6.43866 8.44867 2.04055 6.24234 8.30021 0.15211 6.56739 7.81622 1.37252 6.56711 7.62873 -0.89014 7.16690 7.17821 -0.98916 7.71208 7.36595 -1.16400 7.24849 6.50473 -0.83016 7.80227 6.32137 -0.92324 7.22835 5.62819 -0.55776 8.21800 6.38973 0.32611 7.64913 5.55740 0.69955 7.49621 6.18651 1.88991 7.21030 5.70037 0.72205 7.12065 6.31205 1.86230 6.94280 7.98869 1.75329 7.96680 8.09324 1.29973 7.68178 8.99332 -0.32639 8.13544 7.65524 -0.02655 4.31288 11.27716 -1.09435 5.29421 12.31141 -1.86588 3.57671 11.74791 -1.19652 5.65271 11.36908 -1.61851 5.86442 10.99556 -1.49632 5.68540 12.30447 -0.14806 6.67490 11.36806 0.01941 5.86043 10.76664 1.17777 6.71891 8.32069 -1.04387 7.47254 7.80941 1.36348 8.14495 6.95362 1.59216 6.86473 5.81752 -0.48666 7.56836 6.99338 1.62802 6.13323 7.23579 1.96253 5.92450 7.39938 2.18454 6.09898 7.52652 2.38153 6.33164 7.23412 2.36504 1.84968 -0.00051 -0.49912 1.77028 0.72547 2.04965 1.68312 -0.00082 1.90582 2.47680 0.47721 -1.12328 1.97848 0.59581 2.72532 3.55810 -0.00048 2.33538 1.96187 -0.00085 2.75530 3.53319 0.46312 2.35641 3.90002 0.67248 1.72198 3.89955 -0.00031 1.50223 3.04590 12.97240 -0.32225 2.97900 12.45589 -0.11559 2.78229 13.72563 0.84112 3.75383 13.59994 0.57636 5.14544 13.25283 0.00159 3.80728 13.65891 -1.16976 4.39863 12.53992 -2.01932 2.93857 13.44354 -1.43555 1.33814 14.51784 -2.02888 3.59925 -0.00010 -0.89414 1.93018 10.07201 1.68393 1.84448 12.23782 1.62814 2.87329 10.00049 0.04443 3.62662 12.24306 0.65111 0.00000 12.94390 1.92358 -1.92993 12.75816 1.86412 4.24463 11.73995 0.25118 2.90942 11.27501 -0.15284 2.64355 10.86000 -0.18903 1.67944 9.80737 -1.15723 -1.33814 14.51784 -2.02888 -2.23291 14.81642 -1.68442 6.71932 8.93097 1.75961 8.32802 9.35212 0.40862 7.69582 8.65332 -1.44272 5.31041 8.06192 0.70944 6.18235 10.12454 1.49202 7.76423 10.53222 0.13400 7.15872 9.84709 -1.71035 5.89426 7.89609 -1.20530 5.35742 9.08970 -1.47309 7.37785 9.41660 1.02638 7.65168 10.12610 1.57942 7.36758 10.08770 0.66965 6.83489 9.94919 1.12150 4.77131 9.25617 0.44832 5.00880 10.56651 0.38902 6.95421 11.56830 0.08355 6.53396 10.42634 -1.71314 5.47979 8.25921 -0.32955 4.58253 8.25499 -0.61162 5.10700 8.89139 -0.13236 5.31404 8.83240 -0.81103 6.60214 8.53203 -1.36629 6.41531 8.70791 -2.27097 6.01134 9.00120 -1.45856 6.66300 9.27477 -1.54625 7.87592 9.27741 -0.59588 8.44596 9.90542 -1.00230 7.50361 9.76508 -1.04451 7.70941 10.00095 -0.40527 5.85233 8.75600 1.14137 5.19621 9.05827 1.74335 5.83008 9.51362 1.19529 5.32158 9.19845 0.80920 -0.48804 16.22086 0.00191 -0.75562 15.89781 -0.52037 -0.14648 6.38062 0.07056 -2.18408 14.95319 0.58472 -1.36475 15.41667 -1.56313 -2.07568 15.55974 -0.56523 -2.78203 13.72568 0.84117 -3.22759 14.63825 0.80739 -3.75358 13.59962 0.57641 -3.62654 12.24295 0.65091 -5.14517 13.25266 0.00155 -4.24448 11.73995 0.25078 -5.68504 12.30424 -0.14825 -3.69455 15.28592 -0.53209 -3.30268 14.57819 -1.65190 -4.14777 14.11075 -0.28014 -3.80740 13.65858 -1.16963 -5.29399 12.31111 -1.86581 -5.65273 11.36868 -1.61862 -5.86410 10.99512 -1.49649 -4.31271 11.27705 -1.09460 -5.35695 9.08945 -1.47328 -2.49440 3.12176 1.21366 -3.30262 3.48454 -0.11865 -3.32435 1.18862 -0.34567 -3.53421 2.91620 -0.31790 -2.68247 1.41078 0.67382 -2.23828 1.61941 -0.90681 -2.42897 1.18435 -0.82153 -1.37318 2.51482 -0.10181 -1.92018 1.21259 -0.11432 -2.52412 2.82891 0.96125 -1.89851 2.47126 -1.27213 -1.85720 3.30120 -0.90691 -1.36545 3.24241 -0.07273 -1.79572 3.70955 -0.91189 -7.14548 8.97433 1.03832 -6.00621 8.20499 1.51318 -6.43790 8.44890 2.03996 -6.24175 8.30007 0.15159 -6.94206 7.98883 1.75280 -7.96567 8.09321 1.29939 -7.47168 7.80932 1.36274 -8.14392 6.95337 1.59155 -7.56731 6.99346 1.62731 -7.49530 6.18665 1.88923 -7.11952 6.31206 1.86167 -6.53366 10.42568 -1.71323 -6.67432 11.36779 0.01938 -2.93868 13.44337 -1.43532 -3.57661 11.74776 -1.19664 -3.04590 12.97240 -0.32225 -4.39862 12.53971 -2.01926 -7.71159 7.36546 -1.16433 -6.71856 8.32036 -1.04427 -7.68115 8.99282 -0.32642 -6.56660 7.62846 -0.89042 -7.16622 7.17799 -0.98962 -8.13448 7.65488 -0.02694 -7.80157 6.32103 -0.92369 -8.21701 6.38951 0.32561 -7.22743 5.62773 -0.55827 -7.24783 6.50452 -0.83057 -6.86406 5.81733 -0.48722 -7.20950 5.70033 0.72149 -7.64827 5.55720 0.69896 -6.56662 7.81621 1.37218 -6.33073 7.23440 2.36435 -5.92370 7.39941 2.18390 -6.13231 7.23592 1.96198 -6.09826 7.52681 2.38075 -1.76887 0.72596 2.05041 -1.84833 -0.00097 -0.49815 -1.68164 -0.00046 1.90675 -3.55649 -0.00037 2.33619 -1.97701 0.59645 2.72615 -1.96032 -0.00028 2.75627 -3.53164 0.46331 2.35711 -3.89797 -0.00054 1.50295 -3.89851 0.67243 1.72280 -5.00827 10.56637 0.38870 -5.85999 10.76666 1.17738 -3.59782 -0.00104 -0.89360 -2.47551 0.47649 -1.12277 -2.90942 11.27501 -0.15284 -6.71861 8.93077 1.75891 -8.32731 9.35191 0.40838 -7.69533 8.65281 -1.44302 -5.30992 8.06203 0.70877 -6.18156 10.12448 1.49143 -7.76361 10.53187 0.13392 -7.15845 9.84665 -1.71038 -5.89400 7.89574 -1.20579 -7.65081 10.12580 1.57892 -7.37707 9.41638 1.02616 -7.36681 10.08741 0.66940 -6.83398 9.94903 1.12115 -4.77104 9.25631 0.44792 -6.95368 11.56803 0.08344 -4.58224 8.25494 -0.61192 -5.47937 8.25900 -0.33006 -5.10663 8.89116 -0.13270 -5.31371 8.83232 -0.81139 -6.41501 8.70742 -2.27120 -6.60161 8.53164 -1.36660 -6.01096 9.00085 -1.45884 -6.66255 9.27415 -1.54657 -8.44541 9.90487 -1.00230 -7.87519 9.27711 -0.59610 -7.50296 9.76461 -1.04477 -7.70885 10.00056 -0.40541 -5.19560 9.05828 1.74287 -5.85154 8.75594 1.14086 -5.82948 9.51364 1.19476 -5.32104 9.19845 0.80865</float_array>
     <technique_common>
      <accessor count="287" source="#realb26_2-lib-positions-array" stride="3">
       <param name="X" type="float"/>
       <param name="Y" type="float"/>
       <param name="Z" type="float"/>
      </accessor>
     </technique_common>
    </source>
    <source id="realb26_2-lib-normals" name="normal">
     <float_array id="realb26_2-lib-normals-array" count="4590">0.00000 0.73747 0.67538 -0.00000 0.01924 0.99981 0.02130 0.56339 0.82592 0.00000 0.73747 0.67538 -0.02130 0.56339 0.82592 -0.00000 0.01924 0.99981 0.04363 0.77222 0.63386 -0.02130 0.56339 0.82592 0.00000 0.73747 0.67538 0.04363 0.77222 0.63386 -0.56804 0.72599 0.38765 -0.02130 0.56339 0.82592 -0.14363 0.98823 0.05258 -0.56804 0.72599 0.38765 0.04363 0.77222 0.63386 -0.04363 0.77222 0.63386 0.00000 0.73747 0.67538 0.02130 0.56339 0.82592 -0.04363 0.77222 0.63386 0.18552 0.71244 0.67676 0.00000 0.73747 0.67538 0.39117 0.89777 -0.20249 0.18552 0.71244 0.67676 -0.04363 0.77222 0.63386 0.39117 0.89777 -0.20249 0.26598 0.95942 0.09361 0.18552 0.71244 0.67676 0.56804 0.72599 0.38765 -0.04363 0.77222 0.63386 0.02130 0.56339 0.82592 0.56804 0.72599 0.38765 0.39117 0.89777 -0.20249 -0.04363 0.77222 0.63386 -0.00000 0.76374 -0.64552 0.37680 0.86183 -0.33952 -0.00000 0.88362 -0.46820 -0.00000 0.76374 -0.64552 0.22472 0.94290 -0.24585 0.37680 0.86183 -0.33952 0.17402 0.70851 -0.68391 0.22472 0.94290 -0.24585 -0.00000 0.76374 -0.64552 0.17402 0.70851 -0.68391 0.39117 0.89777 -0.20249 0.22472 0.94290 -0.24585 0.67240 0.49530 -0.55005 0.39117 0.89777 -0.20249 0.17402 0.70851 -0.68391 -0.74539 -0.50799 -0.43167 -0.73803 -0.52511 -0.42376 -0.81191 -0.37474 -0.44764 -0.74539 -0.50799 -0.43167 -0.50333 -0.18463 -0.84414 -0.73803 -0.52511 -0.42376 -0.00000 0.06340 -0.99799 0.50333 -0.18463 -0.84414 0.54752 0.01146 -0.83671 -0.00000 0.06340 -0.99799 -0.54759 0.01136 -0.83667 -0.50333 -0.18463 -0.84414 -0.52800 -0.02505 -0.84887 -0.54759 0.01136 -0.83667 -0.00000 0.06340 -0.99799 -0.52800 -0.02505 -0.84887 -0.66038 -0.05268 -0.74908 -0.54759 0.01136 -0.83667 -0.70771 -0.04193 -0.70525 -0.66038 -0.05268 -0.74908 -0.52800 -0.02505 -0.84887 -0.00006 -0.64400 0.76503 -0.10280 -0.41099 0.90582 -0.49013 -0.34372 0.80102 -0.00006 -0.64400 0.76503 -0.00000 -0.48310 0.87556 -0.10280 -0.41099 0.90582 -0.68331 -0.19568 0.70342 -0.00000 -0.48310 0.87556 -0.00006 -0.64400 0.76503 -0.68331 -0.19568 0.70342 0.00000 0.07518 0.99717 -0.00000 -0.48310 0.87556 -0.68437 0.03413 0.72833 0.00000 0.07518 0.99717 -0.68331 -0.19568 0.70342 -0.68437 0.03413 0.72833 -0.61460 -0.07134 0.78561 0.00000 0.07518 0.99717 -0.97652 -0.04529 0.21062 -0.61460 -0.07134 0.78561 -0.68437 0.03413 0.72833 -0.97652 -0.04529 0.21062 -0.52688 0.18674 0.82917 -0.61460 -0.07134 0.78561 0.45456 -0.17260 -0.87383 0.00000 -0.18446 -0.98284 -0.00000 0.06340 -0.99799 0.45456 -0.17260 -0.87383 0.31377 -0.26089 -0.91295 0.00000 -0.18446 -0.98284 0.46399 -0.16772 -0.86982 0.31377 -0.26089 -0.91295 0.45456 -0.17260 -0.87383 0.46399 -0.16772 -0.86982 0.27895 0.48091 -0.83121 0.31377 -0.26089 -0.91295 0.00000 0.45917 0.88835 0.18552 0.71244 0.67676 0.16970 -0.00728 0.98547 0.00000 0.45917 0.88835 0.00000 0.72130 0.69262 0.18552 0.71244 0.67676 -0.18552 0.71244 0.67676 0.00000 0.72130 0.69262 0.00000 0.45917 0.88835 -0.18552 0.71244 0.67676 0.00000 0.73747 0.67538 0.00000 0.72130 0.69262 0.04363 0.77222 0.63386 0.00000 0.73747 0.67538 -0.18552 0.71244 0.67676 -0.00000 -0.06066 -0.99816 0.31377 -0.26089 -0.91295 -0.00000 0.35267 -0.93575 -0.00000 -0.06066 -0.99816 0.00000 -0.18446 -0.98284 0.31377 -0.26089 -0.91295 -0.31377 -0.26089 -0.91295 0.00000 -0.18446 -0.98284 -0.00000 -0.06066 -0.99816 -0.31377 -0.26089 -0.91295 -0.45455 -0.17259 -0.87384 0.00000 -0.18446 -0.98284 -0.46408 -0.16773 -0.86977 -0.45455 -0.17259 -0.87384 -0.31377 -0.26089 -0.91295 -0.46408 -0.16773 -0.86977 -0.81365 -0.35102 -0.46342 -0.45455 -0.17259 -0.87384 0.26059 0.72089 0.64219 0.37827 0.45689 0.80509 0.50105 0.19257 0.84372 0.26059 0.72089 0.64219 0.26598 0.95942 0.09361 0.37827 0.45689 0.80509 0.50845 -0.01013 -0.86103 0.27895 0.48091 -0.83121 0.46399 -0.16772 -0.86982 0.17108 0.81961 -0.54679 0.26598 0.95942 0.09361 0.27895 0.48091 -0.83121 0.56948 0.59009 -0.57226 0.26598 0.95942 0.09361 0.17108 0.81961 -0.54679 0.46763 0.72077 0.51167 0.37827 0.45689 0.80509 0.26598 0.95942 0.09361 0.66298 0.50052 0.55672 0.37827 0.45689 0.80509 0.46763 0.72077 0.51167 0.81997 0.05986 0.56927 0.86896 -0.09011 0.48661 0.90791 -0.01723 0.41882 0.81997 0.05986 0.56927 0.82988 -0.14867 0.53776 0.86896 -0.09011 0.48661 0.79693 0.00448 0.60406 0.82988 -0.14867 0.53776 0.81997 0.05986 0.56927 -0.65903 -0.14758 0.73750 -0.64045 -0.24955 0.72632 -0.92322 -0.11628 0.36625 -0.65903 -0.14758 0.73750 -0.66658 -0.35646 0.65469 -0.64045 -0.24955 0.72632 -0.68711 -0.15262 0.71034 -0.66658 -0.35646 0.65469 -0.65903 -0.14758 0.73750 -0.68711 -0.15262 0.71034 -0.72581 -0.32415 0.60673 -0.66658 -0.35646 0.65469 -0.10280 -0.41099 0.90582 -0.72581 -0.32415 0.60673 -0.68711 -0.15262 0.71034 0.89482 0.02872 0.44550 0.90791 -0.01723 0.41882 0.86896 -0.09011 0.48661 -0.82723 -0.04834 -0.55978 -0.88418 -0.19088 -0.42636 -0.80570 -0.09841 -0.58409 -0.82723 -0.04834 -0.55978 -0.81190 -0.44489 -0.37802 -0.88418 -0.19088 -0.42636 0.68425 0.23498 -0.69035 0.48765 -0.06731 -0.87044 0.45962 0.19340 -0.86681 0.68425 0.23498 -0.69035 0.42893 0.21964 -0.87623 0.48765 -0.06731 -0.87044 0.81027 -0.07558 0.58117 0.79693 0.00448 0.60406 0.83022 -0.10966 0.54655 0.81027 -0.07558 0.58117 0.82988 -0.14867 0.53776 0.79693 0.00448 0.60406 -0.86049 -0.11768 -0.49568 -0.88184 -0.22445 -0.41471 -0.86202 0.03430 -0.50572 -0.86049 -0.11768 -0.49568 -0.88418 -0.19088 -0.42636 -0.88184 -0.22445 -0.41471 0.49823 0.07351 -0.86392 0.66038 -0.05260 -0.74909 0.54752 0.01146 -0.83671 0.49823 0.07351 -0.86392 0.42989 0.26212 -0.86399 0.66038 -0.05260 -0.74909 -0.67667 0.71323 0.18280 -0.34531 0.93696 -0.05364 -0.68585 0.68512 0.24540 -0.67667 0.71323 0.18280 -0.75662 0.63199 -0.16766 -0.34531 0.93696 -0.05364 -0.36622 -0.92096 0.13308 -0.83147 -0.55557 0.00113 -0.61525 -0.63147 -0.47192 -0.36622 -0.92096 0.13308 -0.67034 -0.73952 0.06136 -0.83147 -0.55557 0.00113 -0.84120 -0.51815 0.15460 -0.67034 -0.73952 0.06136 -0.36622 -0.92096 0.13308 -0.24065 -0.18798 -0.95224 -0.10243 -0.03369 -0.99417 -0.58908 -0.04713 -0.80670 -0.24866 -0.26006 -0.93302 -0.10243 -0.03369 -0.99417 -0.24065 -0.18798 -0.95224 -0.24866 -0.26006 -0.93302 -0.24302 -0.25949 -0.93467 -0.10243 -0.03369 -0.99417 -0.29579 -0.27728 -0.91412 -0.24302 -0.25949 -0.93467 -0.24866 -0.26006 -0.93302 0.71480 -0.65977 -0.23188 0.94839 -0.31279 -0.05216 0.89542 -0.33763 -0.29022 0.83510 -0.54769 0.05143 0.94839 -0.31279 -0.05216 0.71480 -0.65977 -0.23188 0.83510 -0.54769 0.05143 0.80966 -0.49906 0.30885 0.94839 -0.31279 -0.05216 -0.29706 -0.92985 0.21710 -0.30403 -0.85081 0.42859 -0.30795 -0.92439 0.22512 -0.29706 -0.92985 0.21710 -0.31456 -0.84656 0.42940 -0.30403 -0.85081 0.42859 0.58665 0.60671 0.53643 0.53896 0.25269 0.80354 0.62103 0.20888 0.75544 0.58665 0.60671 0.53643 0.72373 0.44077 0.53098 0.53896 0.25269 0.80354 0.82195 0.48552 -0.29777 0.72373 0.44077 0.53098 0.58665 0.60671 0.53643 0.82195 0.48552 -0.29777 0.97573 0.15307 -0.15659 0.72373 0.44077 0.53098 0.92733 0.08020 -0.36555 0.97573 0.15307 -0.15659 0.82195 0.48552 -0.29777 0.92733 0.08020 -0.36555 0.89542 -0.33763 -0.29022 0.97573 0.15307 -0.15659 -0.39242 -0.35673 -0.84779 -0.20759 -0.49999 -0.84078 -0.31315 -0.45139 -0.83557 -0.39242 -0.35673 -0.84779 -0.30858 -0.40636 -0.86003 -0.20759 -0.49999 -0.84078 -0.27162 -0.08654 -0.95851 -0.30858 -0.40636 -0.86003 -0.39242 -0.35673 -0.84779 0.66803 0.61932 -0.41252 0.81224 0.50147 -0.29799 0.89876 0.36062 -0.24938 0.60392 0.63675 -0.47941 0.81224 0.50147 -0.29799 0.66803 0.61932 -0.41252 0.46610 0.60754 0.64315 0.38677 0.56636 0.72777 0.31484 0.24172 0.91785 0.08118 0.20712 -0.97494 -0.10243 -0.03369 -0.99417 0.82195 0.48552 -0.29777 0.08118 0.20712 -0.97494 -0.58908 -0.04713 -0.80670 -0.10243 -0.03369 -0.99417 -0.75662 0.63199 -0.16766 -0.58908 -0.04713 -0.80670 -0.92283 0.12121 -0.36564 0.39143 -0.50951 0.76628 0.17281 -0.51440 0.83996 0.53896 0.25269 0.80354 0.72373 0.44077 0.53098 0.05952 0.29527 0.95356 0.17281 -0.51440 0.83996 0.94839 -0.31279 -0.05216 0.97011 -0.19591 0.14323 0.72373 0.44077 0.53098 0.94839 -0.31279 -0.05216 0.80966 -0.49906 0.30885 0.97011 -0.19591 0.14323 -0.30795 -0.92439 0.22512 -0.41640 -0.90594 0.07669 -0.29706 -0.92985 0.21710 -0.30795 -0.92439 0.22512 -0.44435 -0.89041 0.09858 -0.41640 -0.90594 0.07669 0.94839 -0.31279 -0.05216 0.97573 0.15307 -0.15659 0.89542 -0.33763 -0.29022 0.94839 -0.31279 -0.05216 0.72373 0.44077 0.53098 0.97573 0.15307 -0.15659 0.05952 0.29527 0.95356 0.07433 0.30854 0.94830 0.17281 -0.51440 0.83996 0.05952 0.29527 0.95356 0.04688 0.30458 0.95133 0.07433 0.30854 0.94830 -0.94230 0.33220 0.04143 -0.98736 0.15844 -0.00431 -0.84053 0.44712 -0.30593 -0.94230 0.33220 0.04143 -0.97332 0.15055 0.17314 -0.98736 0.15844 -0.00431 -0.77361 0.57018 0.27643 -0.97332 0.15055 0.17314 -0.94230 0.33220 0.04143 -0.32019 -0.27443 -0.90674 -0.29579 -0.27728 -0.91412 -0.24866 -0.26006 -0.93302 0.17281 -0.51440 0.83996 -0.36622 -0.92096 0.13308 0.31722 -0.94214 0.10837 0.17281 -0.51440 0.83996 -0.84120 -0.51815 0.15460 -0.36622 -0.92096 0.13308 -0.97332 0.15055 0.17314 -0.84120 -0.51815 0.15460 -0.98698 -0.07215 0.14372 -0.61525 -0.63147 -0.47192 -0.70431 -0.37176 -0.60477 -0.48421 -0.41873 -0.76825 -0.61525 -0.63147 -0.47192 -0.73509 -0.64193 -0.21808 -0.70431 -0.37176 -0.60477 -0.75990 0.04917 0.64818 -0.78319 0.13421 0.60712 -0.67667 0.71323 0.18280 0.60900 -0.73660 -0.29419 0.31722 -0.94214 0.10837 0.61633 -0.73862 -0.27309 0.60900 -0.73660 -0.29419 0.60623 -0.73576 -0.30189 0.31722 -0.94214 0.10837 -0.73509 -0.64193 -0.21808 -0.50509 -0.71268 0.48680 -0.44832 -0.86704 0.21739 -0.78319 0.13421 0.60712 -0.75990 0.04917 0.64818 -0.50509 -0.71268 0.48680 0.48976 0.24370 0.83710 0.53896 0.25269 0.80354 0.45145 0.31207 0.83595 0.48976 0.24370 0.83710 0.62103 0.20888 0.75544 0.53896 0.25269 0.80354 -0.67667 0.71323 0.18280 -0.68585 0.68512 0.24540 -0.75990 0.04917 0.64818 -0.92501 0.16838 -0.34059 -0.98873 0.08285 0.12468 -0.99017 0.09933 0.09843 -0.92501 0.16838 -0.34059 -0.92322 -0.11628 0.36625 -0.98873 0.08285 0.12468 -0.77810 0.21918 -0.58866 -0.80570 -0.09841 -0.58409 -0.92501 0.16838 -0.34059 -0.77810 0.21918 -0.58866 -0.82723 -0.04834 -0.55978 -0.80570 -0.09841 -0.58409 0.24972 0.02859 0.96790 0.66643 0.01100 0.74548 0.25419 0.04147 0.96627 0.24972 0.02859 0.96790 0.64115 -0.04236 0.76624 0.66643 0.01100 0.74548 0.01142 0.95415 0.29910 0.08530 0.94441 0.31750 0.11967 0.98120 0.15143 0.01142 0.95415 0.29910 0.18040 0.91792 0.35338 0.08530 0.94441 0.31750 0.04059 0.96530 0.25799 0.18040 0.91792 0.35338 0.01142 0.95415 0.29910 0.04059 0.96530 0.25799 0.45599 0.88497 0.09440 0.18040 0.91792 0.35338 0.64115 -0.04236 0.76624 0.99728 0.05222 0.05200 0.66643 0.01100 0.74548 0.64115 -0.04236 0.76624 0.99185 -0.04018 0.12092 0.99728 0.05222 0.05200 -0.95069 0.04706 0.30656 -0.98873 0.08285 0.12468 -0.95255 0.04167 0.30152 -0.95069 0.04706 0.30656 -0.99017 0.09933 0.09843 -0.98873 0.08285 0.12468 0.91155 0.04545 0.40867 0.99224 -0.09779 0.07678 0.97649 -0.04532 0.21073 -0.09101 -0.84521 0.52662 0.17482 -0.41557 0.89260 -0.86306 -0.49020 0.12182 0.37827 0.45689 0.80509 0.17482 -0.41557 0.89260 0.50105 0.19257 0.84372 0.37827 0.45689 0.80509 0.46939 0.18320 0.86378 0.17482 -0.41557 0.89260 0.66298 0.50052 0.55672 0.46939 0.18320 0.86378 0.37827 0.45689 0.80509 0.66298 0.50052 0.55672 0.68001 0.73140 -0.05151 0.46939 0.18320 0.86378 0.54971 0.58063 -0.60057 0.63425 0.56365 -0.52917 0.76262 0.40983 -0.50045 0.54971 0.58063 -0.60057 0.73308 0.57387 -0.36506 0.68001 0.73140 -0.05151 0.24592 0.66521 -0.70500 0.73308 0.57387 -0.36506 0.54971 0.58063 -0.60057 -0.23919 -0.56908 -0.78672 -0.31315 -0.45139 -0.83557 -0.20759 -0.49999 -0.84078 -0.56846 -0.63268 -0.52591 -0.31315 -0.45139 -0.83557 -0.23919 -0.56908 -0.78672 -0.56846 -0.63268 -0.52591 -0.93118 -0.35922 -0.06225 -0.74630 -0.64939 0.14603 0.97649 -0.04532 0.21073 0.99224 -0.09779 0.07678 0.50032 -0.29894 -0.81260 0.14974 0.23284 -0.96092 0.31377 -0.26089 -0.91295 0.27895 0.48091 -0.83121 0.14974 0.23284 -0.96092 -0.00000 0.35267 -0.93575 0.31377 -0.26089 -0.91295 -0.86049 -0.11768 -0.49568 -0.74539 -0.50799 -0.43167 -0.81191 -0.37474 -0.44764 -0.86049 -0.11768 -0.49568 -0.78922 -0.26680 -0.55313 -0.74539 -0.50799 -0.43167 -0.86202 0.03430 -0.50572 -0.78922 -0.26680 -0.55313 -0.86049 -0.11768 -0.49568 0.44189 0.23718 -0.86514 0.42989 0.26212 -0.86399 0.49823 0.07351 -0.86392 0.48265 0.11950 -0.86762 0.42989 0.26212 -0.86399 0.44189 0.23718 -0.86514 0.48265 0.11950 -0.86762 0.42893 0.21964 -0.87623 0.42989 0.26212 -0.86399 0.48765 -0.06731 -0.87044 0.42893 0.21964 -0.87623 0.48265 0.11950 -0.86762 0.68425 0.23498 -0.69035 0.99728 0.05222 0.05200 0.99185 -0.04018 0.12092 0.68425 0.23498 -0.69035 0.75388 0.41003 -0.51336 0.99728 0.05222 0.05200 0.39279 0.42307 -0.81654 0.75388 0.41003 -0.51336 0.68425 0.23498 -0.69035 0.00021 -1.00000 -0.00011 0.00021 -1.00000 -0.00011 -0.04648 -0.97726 -0.20687 0.00021 -1.00000 -0.00011 0.00021 -1.00000 -0.00011 0.00021 -1.00000 -0.00011 0.00021 -1.00000 -0.00011 0.00021 -1.00000 -0.00011 0.00021 -1.00000 -0.00011 -0.04690 -0.97685 -0.20873 -0.04648 -0.97726 -0.20687 -0.15670 -0.70199 -0.69473 -0.04690 -0.97685 -0.20873 0.00021 -1.00000 -0.00011 -0.04648 -0.97726 -0.20687 0.00000 0.07518 0.99717 -0.10280 -0.41099 0.90582 -0.00000 -0.48310 0.87556 0.00000 0.07518 0.99717 0.68437 0.03415 0.72834 -0.10280 -0.41099 0.90582 0.61463 -0.07135 0.78558 0.68437 0.03415 0.72834 0.00000 0.07518 0.99717 0.61463 -0.07135 0.78558 0.97649 -0.04532 0.21073 0.68437 0.03415 0.72834 0.50105 0.19257 0.84372 0.97649 -0.04532 0.21073 0.61463 -0.07135 0.78558 0.89482 0.02872 0.44550 0.86724 0.17814 0.46493 0.90791 -0.01723 0.41882 0.89482 0.02872 0.44550 0.68437 0.03415 0.72834 0.86724 0.17814 0.46493 -0.56846 -0.63268 -0.52591 -0.36266 -0.75146 -0.55117 0.50032 -0.29894 -0.81260 0.50845 -0.01013 -0.86103 0.46399 -0.16772 -0.86982 0.34384 -0.28123 -0.89593 0.50845 -0.01013 -0.86103 0.50032 -0.29894 -0.81260 0.54971 0.58063 -0.60057 0.76262 0.40983 -0.50045 0.50845 -0.01013 -0.86103 -0.85945 -0.49120 0.14168 -0.74630 -0.64939 0.14603 -0.86306 -0.49020 0.12182 -0.85945 -0.49120 0.14168 -0.75653 -0.62499 0.19249 -0.74630 -0.64939 0.14603 0.46939 0.18320 0.86378 0.39255 -0.04450 0.91865 0.17482 -0.41557 0.89260 0.46939 0.18320 0.86378 0.34761 -0.02180 0.93738 0.39255 -0.04450 0.91865 -0.00000 -0.21679 0.97622 0.00000 -0.51692 0.85603 0.16970 -0.00728 0.98547 -0.00000 -0.21679 0.97622 -0.16970 -0.00728 0.98547 0.00000 -0.51692 0.85603 -0.61460 -0.07134 0.78561 -0.16970 -0.00728 0.98547 -0.00000 -0.21679 0.97622 -0.61460 -0.07134 0.78561 -0.52688 0.18674 0.82917 -0.94739 -0.24758 0.20287 0.61463 -0.07135 0.78558 -0.00000 -0.21679 0.97622 0.16970 -0.00728 0.98547 0.61463 -0.07135 0.78558 0.00000 0.07518 0.99717 -0.00000 -0.21679 0.97622 0.81224 0.50147 -0.29799 0.73308 0.57387 -0.36506 0.89876 0.36062 -0.24938 0.81224 0.50147 -0.29799 0.68001 0.73140 -0.05151 0.73308 0.57387 -0.36506 0.32100 0.03511 0.94643 0.34761 -0.02180 0.93738 0.31484 0.24172 0.91785 0.32100 0.03511 0.94643 0.39255 -0.04450 0.91865 0.34761 -0.02180 0.93738 -0.66382 -0.71938 0.20454 -0.75653 -0.62499 0.19249 -0.64561 -0.73162 0.21889 -0.66382 -0.71938 0.20454 -0.74630 -0.64939 0.14603 -0.75653 -0.62499 0.19249 0.94589 -0.30332 -0.11527 0.68437 0.03415 0.72834 0.97649 -0.04532 0.21073 0.94589 -0.30332 -0.11527 0.81364 -0.35106 -0.46341 0.68437 0.03415 0.72834 0.26059 0.72089 0.64219 0.18552 0.71244 0.67676 0.26598 0.95942 0.09361 0.26059 0.72089 0.64219 0.16970 -0.00728 0.98547 0.18552 0.71244 0.67676 0.50105 0.19257 0.84372 0.16970 -0.00728 0.98547 0.26059 0.72089 0.64219 0.50105 0.19257 0.84372 0.61463 -0.07135 0.78558 0.94739 -0.24758 0.20287 0.46399 -0.16772 -0.86982 0.94589 -0.30332 -0.11527 0.97649 -0.04532 0.21073 0.46399 -0.16772 -0.86982 0.81364 -0.35106 -0.46341 0.94589 -0.30332 -0.11527 0.45456 -0.17260 -0.87383 0.81364 -0.35106 -0.46341 0.46399 -0.16772 -0.86982 0.45456 -0.17260 -0.87383 0.70776 -0.04193 -0.70521 0.81364 -0.35106 -0.46341 0.52803 -0.02504 -0.84886 0.70776 -0.04193 -0.70521 0.45456 -0.17260 -0.87383 0.52803 -0.02504 -0.84886 0.66038 -0.05260 -0.74909 0.70776 -0.04193 -0.70521 0.54752 0.01146 -0.83671 0.66038 -0.05260 -0.74909 0.52803 -0.02504 -0.84886 0.17402 0.70851 -0.68391 0.27895 0.48091 -0.83121 0.26598 0.95942 0.09361 0.17402 0.70851 -0.68391 0.14974 0.23284 -0.96092 0.27895 0.48091 -0.83121 -0.00000 0.76374 -0.64552 0.14974 0.23284 -0.96092 0.17402 0.70851 -0.68391 -0.00000 0.76374 -0.64552 -0.00000 0.35267 -0.93575 0.14974 0.23284 -0.96092 -0.14974 0.23284 -0.96092 -0.00000 0.35267 -0.93575 -0.00000 0.76374 -0.64552 -0.14974 0.23284 -0.96092 -0.31377 -0.26089 -0.91295 -0.00000 0.35267 -0.93575 -0.27910 0.48093 -0.83115 -0.31377 -0.26089 -0.91295 -0.14974 0.23284 -0.96092 -0.27910 0.48093 -0.83115 -0.46408 -0.16773 -0.86977 -0.31377 -0.26089 -0.91295 0.28017 -0.92773 0.24664 0.39746 -0.90048 0.17654 0.32568 -0.93046 0.16785 -0.22692 0.97097 -0.07567 -0.34531 0.93696 -0.05364 -0.22692 0.97097 -0.07567 0.37095 -0.88778 0.27246 0.28017 -0.92773 0.24664 0.32568 -0.93046 0.16785 0.37095 -0.88778 0.27246 0.41146 -0.88206 0.22949 0.28017 -0.92773 0.24664 0.40368 -0.88941 0.21448 0.37607 -0.90033 0.21902 0.39746 -0.90048 0.17654 0.40368 -0.88941 0.21448 0.37804 -0.89949 0.21912 0.37607 -0.90033 0.21902 0.47799 0.45712 0.75004 0.52475 0.41601 0.74268 0.52401 0.40386 0.74987 0.47799 0.45712 0.75004 0.52151 0.43047 0.73670 0.52475 0.41601 0.74268 -0.05520 -0.17664 -0.98273 -0.03062 -0.23184 -0.97227 -0.03071 -0.23179 -0.97228 -0.05520 -0.17664 -0.98273 -0.12202 -0.10831 -0.98660 -0.03062 -0.23184 -0.97227 0.86116 0.31014 -0.40276 0.75453 0.49168 -0.43466 0.86363 0.29729 -0.40713 0.86116 0.31014 -0.40276 0.77700 0.44281 -0.44744 0.75453 0.49168 -0.43466 0.22472 0.94290 -0.24585 0.56804 0.72599 0.38765 0.37680 0.86183 -0.33952 0.22472 0.94290 -0.24585 0.39117 0.89777 -0.20249 0.56804 0.72599 0.38765 0.94686 -0.13955 -0.28980 0.94686 -0.13955 -0.28980 -0.34227 -0.49191 0.80055 -0.34227 -0.49191 0.80055 -0.34227 -0.49191 0.80055 0.52803 -0.02504 -0.84886 -0.00000 0.06340 -0.99799 0.54752 0.01146 -0.83671 0.52803 -0.02504 -0.84886 0.45456 -0.17260 -0.87383 -0.00000 0.06340 -0.99799 -0.86824 -0.44139 -0.22657 -0.96536 -0.25736 0.04307 -0.86822 -0.44146 -0.22650 -0.86824 -0.44139 -0.22657 -0.87894 -0.41670 -0.23201 -0.96536 -0.25736 0.04307 -0.56475 -0.07314 0.82201 -0.59388 -0.00439 0.80454 -0.56743 -0.07137 0.82032 -0.56475 -0.07314 0.82201 -0.57601 -0.04503 0.81620 -0.59388 -0.00439 0.80454 -0.39242 -0.35673 -0.84779 -0.96536 -0.25736 0.04307 -0.87894 -0.41670 -0.23201 -0.85567 0.17709 0.48628 -0.81355 0.13489 0.56563 -0.96536 -0.25736 0.04307 -0.64561 -0.73162 0.21889 -0.81355 0.13489 0.56563 -0.66382 -0.71938 0.20454 0.32100 0.03511 0.94643 0.31484 0.24172 0.91785 0.17632 0.22732 0.95773 -0.67342 0.26828 0.68887 -0.59388 -0.00439 0.80454 -0.57601 -0.04503 0.81620 0.38677 0.56636 0.72777 0.48330 0.46515 0.74166 0.47799 0.45712 0.75004 -0.12202 -0.10831 -0.98660 -0.27162 -0.08654 -0.95851 -0.39242 -0.35673 -0.84779 -0.12202 -0.10831 -0.98660 -0.17607 -0.02176 -0.98414 -0.27162 -0.08654 -0.95851 -0.26922 -0.42789 0.86280 -0.26922 -0.42789 0.86280 0.24668 -0.58050 -0.77599 0.24668 -0.58050 -0.77599 0.24668 -0.58050 -0.77599 -0.61933 -0.78474 -0.02466 -0.61933 -0.78474 -0.02466 -0.61933 -0.78474 -0.02466 0.96508 -0.13367 -0.22529 0.12672 -0.61744 -0.77634 0.12672 -0.61744 -0.77634 0.62364 -0.06177 0.77927 0.62364 -0.06177 0.77927 0.62364 -0.06177 0.77927 0.66729 -0.03337 0.74405 0.66729 -0.03337 0.74405 -0.55277 -0.81002 -0.19574 -0.55277 -0.81002 -0.19574 -0.55277 -0.81002 -0.19574 0.41146 -0.88206 0.22949 0.40029 -0.89856 0.17988 0.37804 -0.89949 0.21912 0.41146 -0.88206 0.22949 0.37095 -0.88778 0.27246 0.40029 -0.89856 0.17988 0.48330 0.46515 0.74166 0.52151 0.43047 0.73670 0.47799 0.45712 0.75004 0.69657 0.52055 -0.49378 0.58728 0.66694 -0.45858 0.77700 0.44281 -0.44744 -0.67342 0.26828 0.68887 -0.81355 0.13489 0.56563 -0.66273 0.44429 0.60283 -0.67342 0.26828 0.68887 -0.96536 -0.25736 0.04307 -0.81355 0.13489 0.56563 0.58728 0.66694 -0.45858 0.75453 0.49168 -0.43466 0.77700 0.44281 -0.44744 -0.17607 -0.02176 -0.98414 -0.12202 -0.10831 -0.98660 -0.05520 -0.17664 -0.98273 -0.54207 0.81790 -0.19286 -0.54011 0.81747 -0.20005 -0.67342 0.26828 0.68887 -0.54207 0.81790 -0.19286 -0.47572 0.78847 -0.38987 -0.54011 0.81747 -0.20005 -0.37680 0.86183 -0.33952 -0.00000 0.76374 -0.64552 -0.00000 0.88362 -0.46820 -0.37680 0.86183 -0.33952 -0.22472 0.94290 -0.24585 -0.00000 0.76374 -0.64552 -0.56804 0.72599 0.38765 -0.22472 0.94290 -0.24585 -0.37680 0.86183 -0.33952 -0.56804 0.72599 0.38765 -0.14363 0.98823 0.05258 -0.22472 0.94290 -0.24585 0.74544 -0.50794 -0.43165 0.73791 -0.52534 -0.42370 0.50333 -0.18463 -0.84414 0.74544 -0.50794 -0.43165 0.81188 -0.37486 -0.44758 0.73791 -0.52534 -0.42370 -0.45455 -0.17259 -0.87384 -0.00000 0.06340 -0.99799 0.00000 -0.18446 -0.98284 -0.45455 -0.17259 -0.87384 -0.52800 -0.02505 -0.84887 -0.00000 0.06340 -0.99799 -0.70771 -0.04193 -0.70525 -0.52800 -0.02505 -0.84887 -0.45455 -0.17259 -0.87384 -0.16970 -0.00728 0.98547 -0.18552 0.71244 0.67676 0.00000 0.45917 0.88835 -0.16970 -0.00728 0.98547 -0.26051 0.72091 0.64220 -0.18552 0.71244 0.67676 -0.52688 0.18674 0.82917 -0.26051 0.72091 0.64220 -0.16970 -0.00728 0.98547 -0.17402 0.70851 -0.68391 -0.14974 0.23284 -0.96092 -0.00000 0.76374 -0.64552 -0.17402 0.70851 -0.68391 -0.27910 0.48093 -0.83115 -0.14974 0.23284 -0.96092 -0.32362 0.94589 0.02366 -0.27910 0.48093 -0.83115 -0.17402 0.70851 -0.68391 -0.17477 -0.41574 0.89253 -0.37825 0.45685 0.80512 -0.52688 0.18674 0.82917 -0.17477 -0.41574 0.89253 -0.46939 0.18301 0.86382 -0.37825 0.45685 0.80512 -0.39260 -0.04468 0.91862 -0.46939 0.18301 0.86382 -0.17477 -0.41574 0.89253 -0.39260 -0.04468 0.91862 -0.38732 0.15864 0.90820 -0.46939 0.18301 0.86382 -0.32101 0.03495 0.94643 -0.38732 0.15864 0.90820 -0.39260 -0.04468 0.91862 -0.32101 0.03495 0.94643 -0.31482 0.24160 0.91789 -0.38732 0.15864 0.90820 -0.37825 0.45685 0.80512 -0.26051 0.72091 0.64220 -0.52688 0.18674 0.82917 -0.37825 0.45685 0.80512 -0.32362 0.94589 0.02366 -0.26051 0.72091 0.64220 -0.46775 0.72076 0.51157 -0.32362 0.94589 0.02366 -0.37825 0.45685 0.80512 -0.56947 0.59012 -0.57224 -0.43952 0.30914 -0.84336 -0.32362 0.94589 0.02366 -0.84249 0.53774 0.03242 -0.43952 0.30914 -0.84336 -0.56947 0.59012 -0.57224 -0.84249 0.53774 0.03242 -0.54868 0.44729 -0.70632 -0.43952 0.30914 -0.84336 -0.68543 0.64499 -0.33789 -0.54868 0.44729 -0.70632 -0.84249 0.53774 0.03242 -0.68543 0.64499 -0.33789 -0.73308 0.57390 -0.36500 -0.54868 0.44729 -0.70632 -0.81230 0.50140 -0.29792 -0.73308 0.57390 -0.36500 -0.68543 0.64499 -0.33789 -0.81230 0.50140 -0.29792 -0.89889 0.36046 -0.24911 -0.73308 0.57390 -0.36500 -0.66826 0.61914 -0.41241 -0.89889 0.36046 -0.24911 -0.81230 0.50140 -0.29792 0.27157 -0.08646 -0.95853 0.39243 -0.35661 -0.84784 0.30860 -0.40609 -0.86015 0.12201 -0.10817 -0.98662 0.39243 -0.35661 -0.84784 0.27157 -0.08646 -0.95853 -0.90791 -0.01725 0.41880 -0.86900 -0.09023 0.48652 -0.82007 0.05969 0.56915 -0.90791 -0.01725 0.41880 -0.68331 -0.19568 0.70342 -0.86900 -0.09023 0.48652 -0.97837 0.08585 0.18822 -0.79701 0.00435 0.60396 -0.81030 -0.07563 0.58112 -0.43305 0.19693 -0.87960 -0.48772 -0.06738 -0.87040 -0.42902 0.21940 -0.87625 -0.45972 0.19344 -0.86674 -0.48772 -0.06738 -0.87040 -0.43305 0.19693 -0.87960 0.82739 -0.04842 -0.55953 0.88428 -0.19081 -0.42620 0.81201 -0.44487 -0.37780 0.90947 -0.03891 -0.41395 0.88428 -0.19081 -0.42620 0.82739 -0.04842 -0.55953 0.64057 -0.24942 0.72626 0.65912 -0.14736 0.73746 0.65348 -0.28124 0.70276 0.64057 -0.24942 0.72626 0.66671 -0.35622 0.65468 0.65912 -0.14736 0.73746 -0.79701 0.00435 0.60396 -0.82994 -0.14877 0.53765 -0.81030 -0.07563 0.58112 -0.79701 0.00435 0.60396 -0.82007 0.05969 0.56915 -0.82994 -0.14877 0.53765 -0.48269 0.11929 -0.86763 -0.42992 0.26187 -0.86405 -0.42902 0.21940 -0.87625 -0.48269 0.11929 -0.86763 -0.44179 0.23703 -0.86524 -0.42992 0.26187 -0.86405 0.86054 -0.11751 -0.49565 0.86200 0.03457 -0.50572 0.88192 -0.22435 -0.41460 0.86054 -0.11751 -0.49565 0.78927 -0.26664 -0.55313 0.86200 0.03457 -0.50572 0.74544 -0.50794 -0.43165 0.78927 -0.26664 -0.55313 0.86054 -0.11751 -0.49565 -0.54759 0.01136 -0.83667 -0.66038 -0.05268 -0.74908 -0.49822 0.07323 -0.86395 -0.49822 0.07323 -0.86395 -0.42992 0.26187 -0.86405 -0.44179 0.23703 -0.86524 -0.49822 0.07323 -0.86395 -0.66038 -0.05268 -0.74908 -0.42992 0.26187 -0.86405 0.88192 -0.22435 -0.41460 0.88428 -0.19081 -0.42620 0.86054 -0.11751 -0.49565 0.88192 -0.22435 -0.41460 0.81201 -0.44487 -0.37780 0.88428 -0.19081 -0.42620 -0.42902 0.21940 -0.87625 -0.48772 -0.06738 -0.87040 -0.48269 0.11929 -0.86763 0.34587 0.93672 -0.05408 0.67680 0.71318 0.18254 0.68604 0.68508 0.24499 0.34587 0.93672 -0.05408 0.75659 0.63199 -0.16781 0.67680 0.71318 0.18254 -0.53893 0.25261 0.80358 -0.58667 0.60668 0.53643 -0.62096 0.20889 0.75550 -0.53893 0.25261 0.80358 -0.31603 0.51888 0.79428 -0.58667 0.60668 0.53643 -0.21196 -0.29011 0.93322 -0.39132 -0.50996 0.76603 -0.53893 0.25261 0.80358 -0.21196 -0.29011 0.93322 -0.05940 0.29526 0.95357 -0.31603 0.51888 0.79428 -0.07433 0.30861 0.94828 -0.05940 0.29526 0.95357 -0.21196 -0.29011 0.93322 -0.07433 0.30861 0.94828 -0.04689 0.30464 0.95131 -0.05940 0.29526 0.95357 -0.03234 0.30600 0.95148 -0.04689 0.30464 0.95131 -0.07433 0.30861 0.94828 0.27157 -0.08646 -0.95853 0.17594 -0.02179 -0.98416 0.12201 -0.10817 -0.98662 -0.66826 0.61914 -0.41241 -0.60406 0.63663 -0.47938 -0.58732 0.66691 -0.45856 -0.81230 0.50140 -0.29792 -0.60406 0.63663 -0.47938 -0.66826 0.61914 -0.41241 0.56838 -0.63271 -0.52595 0.64909 -0.66404 -0.37111 0.90664 -0.42017 0.03819 0.56838 -0.63271 -0.52595 0.23923 -0.56897 -0.78680 0.64909 -0.66404 -0.37111 -0.54868 0.44729 -0.70632 -0.24604 0.66528 -0.70489 -0.24934 0.17041 -0.95331 -0.54868 0.44729 -0.70632 -0.73308 0.57390 -0.36500 -0.24604 0.66528 -0.70489 0.20761 -0.49986 -0.84085 0.64909 -0.66404 -0.37111 0.23923 -0.56897 -0.78680 0.20761 -0.49986 -0.84085 0.39243 -0.35661 -0.84784 0.64909 -0.66404 -0.37111 0.30860 -0.40609 -0.86015 0.39243 -0.35661 -0.84784 0.20761 -0.49986 -0.84085 0.10235 -0.03362 -0.99418 -0.08135 0.20717 -0.97492 -0.80499 0.37386 -0.46066 0.10235 -0.03362 -0.99418 0.58907 -0.04704 -0.80671 -0.08135 0.20717 -0.97492 0.24055 -0.18771 -0.95231 0.58907 -0.04704 -0.80671 0.10235 -0.03362 -0.99418 -0.97577 0.15302 -0.15641 -0.92746 0.08014 -0.36523 -0.80499 0.37386 -0.46066 -0.97577 0.15302 -0.15641 -0.89549 -0.33768 -0.28996 -0.92746 0.08014 -0.36523 -0.31603 0.51888 0.79428 -0.66360 0.69769 0.26992 -0.58667 0.60668 0.53643 -0.97979 0.19756 0.03133 -0.97577 0.15302 -0.15641 -0.80499 0.37386 -0.46066 -0.94841 -0.31274 -0.05204 -0.97577 0.15302 -0.15641 -0.97979 0.19756 0.03133 -0.94841 -0.31274 -0.05204 -0.89549 -0.33768 -0.28996 -0.97577 0.15302 -0.15641 -0.71486 -0.65975 -0.23175 -0.89549 -0.33768 -0.28996 -0.94841 -0.31274 -0.05204 0.29592 -0.27702 -0.91416 0.24871 -0.25991 -0.93305 0.24311 -0.25931 -0.93470 0.32034 -0.27415 -0.90677 0.24871 -0.25991 -0.93305 0.29592 -0.27702 -0.91416 0.77370 0.57013 0.27630 0.94233 0.33214 0.04125 0.97334 0.15055 0.17303 0.29731 -0.92972 0.21732 0.30368 -0.85089 0.42869 0.31406 -0.84671 0.42949 0.29731 -0.92972 0.21732 0.30830 -0.92423 0.22529 0.30368 -0.85089 0.42869 0.41701 -0.90563 0.07709 0.30830 -0.92423 0.22529 0.29731 -0.92972 0.21732 0.41701 -0.90563 0.07709 0.44502 -0.89003 0.09904 0.30830 -0.92423 0.22529 0.98735 0.15846 -0.00450 0.94233 0.33214 0.04125 0.84050 0.44703 -0.30616 0.98735 0.15846 -0.00450 0.97334 0.15055 0.17303 0.94233 0.33214 0.04125 0.98702 -0.07202 0.14358 0.97334 0.15055 0.17303 0.98735 0.15846 -0.00450 0.98702 -0.07202 0.14358 0.90226 -0.41201 0.12717 0.97334 0.15055 0.17303 0.36618 -0.92096 0.13321 0.00464 -0.96566 0.25977 0.00464 -0.96566 0.25977 0.36618 -0.92096 0.13321 0.67037 -0.73948 0.06137 0.90226 -0.41201 0.12717 0.83150 -0.55552 0.00110 0.67037 -0.73948 0.06137 0.36618 -0.92096 0.13321 0.75659 0.63199 -0.16781 0.92273 0.12131 -0.36586 0.58907 -0.04704 -0.80671 -0.97010 -0.19590 0.14327 -0.94841 -0.31274 -0.05204 -0.97979 0.19756 0.03133 -0.97010 -0.19590 0.14327 -0.80962 -0.49906 0.30895 -0.94841 -0.31274 -0.05204 0.10235 -0.03362 -0.99418 0.24871 -0.25991 -0.93305 0.24055 -0.18771 -0.95231 0.10235 -0.03362 -0.99418 0.24311 -0.25931 -0.93470 0.24871 -0.25991 -0.93305 0.50488 -0.71238 0.48746 0.50367 -0.71945 0.47824 0.71574 -0.67616 -0.17469 0.50488 -0.71238 0.48746 0.75981 0.04982 0.64824 0.50367 -0.71945 0.47824 0.48389 -0.41883 -0.76840 0.61511 -0.63159 -0.47195 0.48389 -0.41883 -0.76840 0.71574 -0.67616 -0.17469 0.79709 -0.33607 -0.50170 0.61511 -0.63159 -0.47195 -0.31725 -0.94209 0.10871 -0.60900 -0.73666 -0.29402 -0.61633 -0.73868 -0.27293 -0.31725 -0.94209 0.10871 -0.60624 -0.73583 -0.30172 -0.60900 -0.73666 -0.29402 -0.48966 0.24359 0.83719 -0.45138 0.31194 0.83604 -0.53893 0.25261 0.80358 -0.62096 0.20889 0.75550 -0.48966 0.24359 0.83719 -0.53893 0.25261 0.80358 0.68604 0.68508 0.24499 0.67680 0.71318 0.18254 0.75981 0.04982 0.64824 0.98873 0.08302 0.12458 0.92500 0.16851 -0.34057 0.99017 0.09947 0.09833 0.98873 0.08302 0.12458 0.90947 -0.03891 -0.41395 0.92500 0.16851 -0.34057 -0.04063 0.96538 0.25765 0.41108 0.89513 0.17249 -0.01162 0.95425 0.29877 -0.66650 0.01109 0.74542 -0.24983 0.02878 0.96786 -0.25430 0.04166 0.96623 -0.66650 0.01109 0.74542 -0.64116 -0.04231 0.76624 -0.24983 0.02878 0.96786 -0.99729 0.05211 0.05198 -0.64116 -0.04231 0.76624 -0.66650 0.01109 0.74542 -0.99729 0.05211 0.05198 -0.99182 -0.04036 0.12110 -0.64116 -0.04231 0.76624 -0.97837 0.08585 0.18822 -0.99182 -0.04036 0.12110 -0.99729 0.05211 0.05198 -0.45602 0.88497 0.09427 -0.04063 0.96538 0.25765 -0.18055 0.91798 0.35315 -0.08552 0.94446 0.31731 -0.01162 0.95425 0.29877 -0.11991 0.98122 0.15112 -0.08552 0.94446 0.31731 -0.18055 0.91798 0.35315 -0.01162 0.95425 0.29877 0.95071 0.04725 0.30647 0.98873 0.08302 0.12458 0.99017 0.09947 0.09833 0.95071 0.04725 0.30647 0.95257 0.04186 0.30143 0.98873 0.08302 0.12458 -0.43952 0.30914 -0.84336 -0.27910 0.48093 -0.83115 -0.32362 0.94589 0.02366 -0.43952 0.30914 -0.84336 -0.46408 -0.16773 -0.86977 -0.27910 0.48093 -0.83115 -0.63632 -0.30698 -0.70771 -0.46408 -0.16773 -0.86977 -0.43952 0.30914 -0.84336 0.56838 -0.63271 -0.52595 0.36242 -0.75155 -0.55120 0.36242 -0.75155 -0.55120 -0.99228 -0.09728 0.07689 -0.97652 -0.04529 0.21062 -0.63632 -0.30698 -0.70771 -0.37825 0.45685 0.80512 -0.84249 0.53774 0.03242 -0.46775 0.72076 0.51157 -0.37825 0.45685 0.80512 -0.46939 0.18301 0.86382 -0.84249 0.53774 0.03242 -0.99228 -0.09728 0.07689 -0.52688 0.18674 0.82917 -0.97652 -0.04529 0.21062 0.09105 -0.84522 0.52661 -0.17477 -0.41574 0.89253 0.09105 -0.84522 0.52661 0.64909 -0.66404 -0.37111 0.85948 -0.49116 0.14160 0.90664 -0.42017 0.03819 0.64909 -0.66404 -0.37111 0.75649 -0.62502 0.19254 0.85948 -0.49116 0.14160 0.75101 -0.60061 0.27434 0.75649 -0.62502 0.19254 0.64909 -0.66404 -0.37111 0.75101 -0.60061 0.27434 0.64556 -0.73164 0.21899 0.75649 -0.62502 0.19254 0.84057 0.03613 0.54049 0.64556 -0.73164 0.21899 0.75101 -0.60061 0.27434 0.35717 0.39989 0.84411 -0.31482 0.24160 0.91789 -0.32101 0.03495 0.94643 0.67343 0.26831 0.68884 0.66270 0.44433 0.60283 0.35717 0.39989 0.84411 -0.38699 0.56614 0.72783 -0.46611 0.60753 0.64316 -0.31482 0.24160 0.91789 0.68720 -0.15238 0.71031 0.60421 -0.23958 0.75995 0.49016 -0.34369 0.80101 0.68720 -0.15238 0.71031 0.72593 -0.32393 0.60671 0.60421 -0.23958 0.75995 0.66671 -0.35622 0.65468 0.72593 -0.32393 0.60671 0.68720 -0.15238 0.71031 -0.82994 -0.14877 0.53765 -0.82007 0.05969 0.56915 -0.86900 -0.09023 0.48652 -0.75396 0.40979 -0.51344 -0.97837 0.08585 0.18822 -0.99729 0.05211 0.05198 -0.75396 0.40979 -0.51344 -0.39288 0.42282 -0.81662 -0.43305 0.19693 -0.87960 -0.83516 -0.54760 0.05147 -0.94841 -0.31274 -0.05204 -0.80962 -0.49906 0.30895 -0.83516 -0.54760 0.05147 -0.71486 -0.65975 -0.23175 -0.94841 -0.31274 -0.05204 0.04674 -0.97731 -0.20661 0.04714 -0.97691 -0.20837 0.15699 -0.70223 -0.69442 0.04674 -0.97731 -0.20661 -0.00000 -1.00000 0.00021 0.04714 -0.97691 -0.20837 -0.00000 -1.00000 0.00021 -0.00000 -1.00000 0.00021 0.04674 -0.97731 -0.20661 -0.00000 -1.00000 0.00021 -0.00000 -1.00000 0.00021 -0.00000 -1.00000 0.00021 -0.86727 0.17808 0.46490 -0.68331 -0.19568 0.70342 -0.90791 -0.01725 0.41880 -0.86727 0.17808 0.46490 -0.68437 0.03413 0.72833 -0.68331 -0.19568 0.70342 -0.82055 0.34332 0.45698 -0.68437 0.03413 0.72833 -0.86727 0.17808 0.46490 -0.81365 -0.35102 -0.46342 -0.94586 -0.30340 -0.11533 -0.68437 0.03413 0.72833 0.77824 0.21911 -0.58850 0.90947 -0.03891 -0.41395 0.82739 -0.04842 -0.55953 0.77824 0.21911 -0.58850 0.92500 0.16851 -0.34057 0.90947 -0.03891 -0.41395 -0.18552 0.71244 0.67676 -0.14363 0.98823 0.05258 0.04363 0.77222 0.63386 -0.18552 0.71244 0.67676 -0.32362 0.94589 0.02366 -0.14363 0.98823 0.05258 -0.26051 0.72091 0.64220 -0.32362 0.94589 0.02366 -0.18552 0.71244 0.67676 -0.94586 -0.30340 -0.11533 -0.46408 -0.16773 -0.86977 -0.97652 -0.04529 0.21062 -0.94586 -0.30340 -0.11533 -0.81365 -0.35102 -0.46342 -0.46408 -0.16773 -0.86977 -0.17402 0.70851 -0.68391 -0.67240 0.49530 -0.55005 -0.32362 0.94589 0.02366 -0.17402 0.70851 -0.68391 -0.22472 0.94290 -0.24585 -0.14363 0.98823 0.05258 -0.00000 0.76374 -0.64552 -0.22472 0.94290 -0.24585 -0.17402 0.70851 -0.68391 -0.39741 -0.90048 0.17661 -0.28048 -0.92763 0.24666 -0.32589 -0.93035 0.16806 0.22775 0.97073 -0.07624 0.34587 0.93672 -0.05408 0.22775 0.97073 -0.07624 -0.28048 -0.92763 0.24666 -0.37096 -0.88778 0.27248 -0.32589 -0.93035 0.16806 -0.28048 -0.92763 0.24666 -0.41141 -0.88203 0.22969 -0.37096 -0.88778 0.27248 -0.37595 -0.90035 0.21918 -0.40355 -0.88945 0.21453 -0.39741 -0.90048 0.17661 -0.37595 -0.90035 0.21918 -0.37792 -0.89949 0.21931 -0.40355 -0.88945 0.21453 -0.47800 0.45696 0.75014 -0.52467 0.41591 0.74279 -0.52142 0.43036 0.73682 -0.47800 0.45696 0.75014 -0.52392 0.40377 0.74998 -0.52467 0.41591 0.74279 0.05517 -0.17653 -0.98275 0.03065 -0.23162 -0.97232 0.12201 -0.10817 -0.98662 0.05517 -0.17653 -0.98275 0.03073 -0.23157 -0.97233 0.03065 -0.23162 -0.97232 -0.86119 0.31016 -0.40267 -0.75453 0.49173 -0.43460 -0.77701 0.44284 -0.44738 -0.86119 0.31016 -0.40267 -0.86368 0.29725 -0.40706 -0.75453 0.49173 -0.43460 -0.94686 -0.13957 -0.28977 -0.94686 -0.13957 -0.28977 0.34228 -0.49176 0.80064 0.34228 -0.49176 0.80064 0.34228 -0.49176 0.80064 0.22741 0.97334 0.02993 0.22741 0.97334 0.02993 0.22741 0.97334 0.02993 0.86828 -0.44134 -0.22650 0.96487 -0.23200 0.12331 0.87898 -0.41668 -0.23188 0.86828 -0.44134 -0.22650 0.86830 -0.44128 -0.22657 0.96487 -0.23200 0.12331 0.56477 -0.07324 0.82199 0.59394 -0.00442 0.80450 0.56313 -0.07433 0.82302 0.56477 -0.07324 0.82199 0.56744 -0.07147 0.82031 0.59394 -0.00442 0.80450 0.96487 -0.23200 0.12331 0.39243 -0.35661 -0.84784 0.87898 -0.41668 -0.23188 0.96487 -0.23200 0.12331 0.84057 0.03613 0.54049 0.75101 -0.60061 0.27434 0.67343 0.26831 0.68884 0.84057 0.03613 0.54049 0.96487 -0.23200 0.12331 0.59394 -0.00442 0.80450 0.67343 0.26831 0.68884 0.96487 -0.23200 0.12331 -0.47800 0.45696 0.75014 -0.48329 0.46499 0.74176 -0.38699 0.56614 0.72783 -0.52142 0.43036 0.73682 -0.48329 0.46499 0.74176 -0.47800 0.45696 0.75014 -0.77701 0.44284 -0.44738 -0.58732 0.66691 -0.45856 -0.69663 0.52047 -0.49378 -0.75453 0.49173 -0.43460 -0.58732 0.66691 -0.45856 -0.77701 0.44284 -0.44738 0.05517 -0.17653 -0.98275 0.12201 -0.10817 -0.98662 0.17594 -0.02179 -0.98416 0.26912 -0.42804 0.86276 0.26912 -0.42804 0.86276 0.26912 -0.42804 0.86276 -0.24648 -0.58039 -0.77614 0.64097 0.72282 -0.25823 0.64097 0.72282 -0.25823 0.64097 0.72282 -0.25823 0.61946 -0.78464 -0.02468 0.61946 -0.78464 -0.02468 -0.96511 -0.13376 -0.22508 -0.96511 -0.13376 -0.22508 -0.96511 -0.13376 -0.22508 0.39358 0.78455 -0.47915 0.39358 0.78455 -0.47915 0.39358 0.78455 -0.47915 -0.12689 -0.61754 -0.77624 -0.62350 -0.06207 0.77935 -0.62350 -0.06207 0.77935 0.12652 0.94316 -0.30732 -0.66737 -0.03349 0.74397 -0.66737 -0.03349 0.74397 -0.66737 -0.03349 0.74397 0.55297 -0.80988 -0.19576 0.55297 -0.80988 -0.19576 0.55359 0.83126 0.05039 0.55359 0.83126 0.05039 0.55359 0.83126 0.05039 -0.40025 -0.89853 0.18013 -0.41141 -0.88203 0.22969 -0.37792 -0.89949 0.21931 -0.40025 -0.89853 0.18013 -0.37096 -0.88778 0.27248 -0.41141 -0.88203 0.22969 0.54004 0.81747 -0.20025 0.54202 0.81791 -0.19296 0.67343 0.26831 0.68884 0.54004 0.81747 -0.20025 0.47567 0.78840 -0.39008 0.54202 0.81791 -0.19296 0.76262 0.40983 -0.50045 0.56948 0.59009 -0.57226 0.50845 -0.01013 -0.86103 -0.68711 -0.15262 0.71034 -0.49013 -0.34372 0.80102 -0.10280 -0.41099 0.90582 0.04688 0.30458 0.95133 0.03232 0.30594 0.95150 0.07433 0.30854 0.94830 0.68425 0.23498 -0.69035 0.45962 0.19340 -0.86681 0.39279 0.42307 -0.81654 0.01142 0.95415 0.29910 -0.41109 0.89504 0.17293 0.04059 0.96530 0.25799 -0.98698 -0.07215 0.14372 -0.98736 0.15844 -0.00431 -0.97332 0.15055 0.17314 0.18552 0.71244 0.67676 0.00000 0.72130 0.69262 0.00000 0.73747 0.67538 0.68437 0.03415 0.72834 0.82049 0.34344 0.45700 0.86724 0.17814 0.46493 -0.81190 -0.44489 -0.37802 -0.88184 -0.22445 -0.41471 -0.88418 -0.19088 -0.42636 -0.22762 0.97329 0.03000 -0.22762 0.97329 0.03000 -0.22762 0.97329 0.03000 0.08046 0.62935 -0.77294 0.24592 0.66521 -0.70500 0.54971 0.58063 -0.60057 -0.64096 0.72279 -0.25836 -0.39380 0.78451 -0.47903 -0.39380 0.78451 -0.47903 -0.12669 0.94317 -0.30723 -0.12669 0.94317 -0.30723 -0.12669 0.94317 -0.30723 -0.55355 0.83129 0.05045 -0.55355 0.83129 0.05045 -0.55355 0.83129 0.05045 0.40029 -0.89856 0.17988 0.37607 -0.90033 0.21902 0.37804 -0.89949 0.21912 0.66803 0.61932 -0.41252 0.58728 0.66694 -0.45858 0.60392 0.63675 -0.47941 -0.00006 -0.64400 0.76503 0.49016 -0.34369 0.80101 0.60421 -0.23958 0.75995 -0.31377 -0.26089 -0.91295 -0.00000 -0.06066 -0.99816 -0.00000 0.35267 -0.93575 -0.24934 0.17041 -0.95331 -0.43952 0.30914 -0.84336 -0.54868 0.44729 -0.70632 -0.21196 -0.29011 0.93322 -0.31725 -0.94209 0.10871 0.36618 -0.92096 0.13321 0.67680 0.71318 0.18254 0.79486 0.43427 0.42380 0.75981 0.04982 0.64824 0.86054 -0.11751 -0.49565 0.81188 -0.37486 -0.44758 0.74544 -0.50794 -0.43165 -0.18055 0.91798 0.35315 -0.04063 0.96538 0.25765 -0.01162 0.95425 0.29877 0.36618 -0.92096 0.13321 0.61511 -0.63159 -0.47195 0.83150 -0.55552 0.00110 -0.39288 0.42282 -0.81662 -0.45972 0.19344 -0.86674 -0.43305 0.19693 -0.87960 -0.00000 -1.00000 0.00021 -0.00000 -1.00000 0.00021 -0.00000 -1.00000 0.00021 -0.61460 -0.07134 0.78561 -0.00000 -0.21679 0.97622 0.00000 0.07518 0.99717 -0.68437 0.03413 0.72833 -0.94586 -0.30340 -0.11533 -0.97652 -0.04529 0.21062 -0.38732 0.15864 0.90820 -0.84249 0.53774 0.03242 -0.46939 0.18301 0.86382 0.68720 -0.15238 0.71031 0.65912 -0.14736 0.73746 0.66671 -0.35622 0.65468 -0.45455 -0.17259 -0.87384 -0.81365 -0.35102 -0.46342 -0.70771 -0.04193 -0.70525 -0.37595 -0.90035 0.21918 -0.40025 -0.89853 0.18013 -0.37792 -0.89949 0.21931</float_array>
     <technique_common>
      <accessor count="1522" source="#realb26_2-lib-normals-array" stride="3">
       <param name="X" type="float"/>
       <param name="Y" type="float"/>
       <param name="Z" type="float"/>
      </accessor>
     </technique_common>
    </source>
    <source id="realb26_2-lib-texcoords">
     <float_array id="realb26_2-lib-texcoords-array" count="3084">0.29834 -0.11377 0.29834 -0.10254 0.33301 -0.06641 0.29834 -0.11377 0.33301 -0.06641 0.29834 -0.10254 0.34521 -0.08984 0.33301 -0.06641 0.29834 -0.11377 0.34521 -0.08984 0.35303 -0.02051 0.33301 -0.06641 0.40186 -0.01318 0.35303 -0.02051 0.34521 -0.08984 0.34521 -0.08984 0.29834 -0.11377 0.33301 -0.06641 0.34521 -0.08984 0.40332 -0.11768 0.29834 -0.11377 0.40186 -0.01318 0.40332 -0.11768 0.34521 -0.08984 0.40186 -0.01318 0.46924 -0.05762 0.40332 -0.11768 0.35303 -0.02051 0.34521 -0.08984 0.33301 -0.06641 0.35303 -0.02051 0.40186 -0.01318 0.34521 -0.08984 0.27832 -0.10107 0.25684 -0.01270 0.27832 -0.01465 0.27832 -0.10107 0.22900 -0.04834 0.25684 -0.01270 0.20264 -0.12695 0.22900 -0.04834 0.27832 -0.10107 0.20264 -0.12695 0.18262 -0.05762 0.22900 -0.04834 0.10889 -0.08105 0.18262 -0.05762 0.20264 -0.12695 0.18506 -0.65137 0.27832 -0.80127 0.24414 -0.79639 0.18506 -0.65137 0.27832 -0.62402 0.27832 -0.80127 0.27832 -0.57520 0.27832 -0.62402 0.18506 -0.65137 0.27832 -0.57520 0.18506 -0.65137 0.27832 -0.62402 0.17090 -0.59424 0.18506 -0.65137 0.27832 -0.57520 0.17090 -0.59424 0.07324 -0.64551 0.18506 -0.65137 0.05762 -0.55664 0.07324 -0.64551 0.17090 -0.59424 0.29834 -0.73145 0.44971 -0.61914 0.33643 -0.72021 0.29834 -0.73145 0.29834 -0.58203 0.44971 -0.61914 0.44775 -0.61914 0.29834 -0.58203 0.29834 -0.73145 0.44775 -0.61914 0.29834 -0.47656 0.29834 -0.58203 0.42969 -0.45703 0.29834 -0.47656 0.44775 -0.61914 0.42969 -0.45703 0.42578 -0.32373 0.29834 -0.47656 0.55664 -0.32227 0.42578 -0.32373 0.42969 -0.45703 0.55664 -0.32227 0.50732 -0.24854 0.42578 -0.32373 0.17480 -0.48730 0.27832 -0.46387 0.27832 -0.57520 0.17480 -0.48730 0.16943 -0.28223 0.27832 -0.46387 0.06787 -0.26709 0.16943 -0.28223 0.17480 -0.48730 0.06787 -0.26709 0.09961 -0.17188 0.16943 -0.28223 0.29834 -0.25879 0.40332 -0.11768 0.41797 -0.28564 0.29834 -0.25879 0.29834 -0.15088 0.40332 -0.11768 0.40332 -0.11768 0.29834 -0.15088 0.29834 -0.25879 0.40332 -0.11768 0.29834 -0.11377 0.29834 -0.15088 0.34521 -0.08984 0.29834 -0.11377 0.40332 -0.11768 0.27832 -0.28564 0.16943 -0.28223 0.27832 -0.19238 0.27832 -0.28564 0.27832 -0.46387 0.16943 -0.28223 0.16943 -0.28223 0.27832 -0.46387 0.27832 -0.28564 0.16943 -0.28223 0.17480 -0.48730 0.27832 -0.46387 0.06787 -0.26709 0.17480 -0.48730 0.16943 -0.28223 0.06787 -0.26709 0.06299 -0.47266 0.17480 -0.48730 0.94971 -0.64258 0.88379 -0.64551 0.90576 -0.54736 0.94971 -0.64258 0.98877 -0.72656 0.88379 -0.64551 0.89746 -0.82324 0.96289 -0.81445 0.94775 -0.90479 0.89746 -0.82324 0.98877 -0.72656 0.96289 -0.81445 0.91064 -0.73145 0.98877 -0.72656 0.89746 -0.82324 0.91064 -0.73145 0.88379 -0.64551 0.98877 -0.72656 0.82080 -0.74707 0.88379 -0.64551 0.91064 -0.73145 0.77100 -0.20898 0.69678 -0.20410 0.77539 -0.02881 0.77100 -0.20898 0.69824 -0.22754 0.69678 -0.20410 0.76855 -0.30127 0.69824 -0.22754 0.77100 -0.20898 0.61670 -0.31152 0.71240 -0.40967 0.63965 -0.42041 0.61670 -0.31152 0.69824 -0.22754 0.71240 -0.40967 0.60840 -0.22754 0.69824 -0.22754 0.61670 -0.31152 0.60840 -0.22754 0.69678 -0.20410 0.69824 -0.22754 0.68896 -0.04639 0.69678 -0.20410 0.60840 -0.22754 0.68896 -0.04639 0.77539 -0.02881 0.69678 -0.20410 0.84619 -0.42285 0.94385 -0.32471 0.89209 -0.42529 0.84619 -0.42285 0.85693 -0.35254 0.94385 -0.32471 0.76807 -0.41602 0.85693 -0.35254 0.84619 -0.42285 0.76807 -0.41602 0.76855 -0.30127 0.85693 -0.35254 0.71240 -0.40967 0.76855 -0.30127 0.76807 -0.41602 0.71240 -0.40967 0.69824 -0.22754 0.76855 -0.30127 0.94189 -0.23389 0.86523 -0.26367 0.85986 -0.22705 0.94189 -0.23389 0.94385 -0.32471 0.86523 -0.26367 0.85889 -0.20068 0.77539 -0.02881 0.88623 -0.05029 0.85889 -0.20068 0.77100 -0.20898 0.77539 -0.02881 0.21680 -0.95557 0.27100 -0.95068 0.24365 -0.96875 0.21680 -0.95557 0.23242 -0.90039 0.27100 -0.95068 0.18262 -0.95801 0.23242 -0.90039 0.21680 -0.95557 0.18262 -0.95801 0.16748 -0.87256 0.23242 -0.90039 0.12354 -0.85986 0.16748 -0.87256 0.18262 -0.95801 0.12354 -0.85986 0.12158 -0.83447 0.16748 -0.87256 0.08984 -0.86377 0.12158 -0.83447 0.12354 -0.85986 0.08984 -0.86377 0.08105 -0.84424 0.12158 -0.83447 0.04346 -0.85059 0.08105 -0.84424 0.08984 -0.86377 0.04346 -0.85059 0.06689 -0.79346 0.08105 -0.84424 0.03613 -0.79150 0.06689 -0.79346 0.04346 -0.85059 0.03613 -0.79150 0.03467 -0.73096 0.06689 -0.79346 0.02197 -0.79150 0.03467 -0.73096 0.03613 -0.79150 0.02197 -0.79150 0.01514 -0.73096 0.03467 -0.73096 0.18506 -0.70654 0.12891 -0.69629 0.15869 -0.68750 0.18506 -0.70654 0.10889 -0.73145 0.12891 -0.69629 0.19971 -0.77686 0.10889 -0.73145 0.18506 -0.70654 0.19971 -0.77686 0.11572 -0.78711 0.10889 -0.73145 0.12158 -0.83447 0.11572 -0.78711 0.19971 -0.77686 0.12158 -0.83447 0.08105 -0.84424 0.11572 -0.78711 0.73975 -0.97363 0.78711 -0.88721 0.80615 -0.97754 0.73975 -0.97363 0.71387 -0.88623 0.78711 -0.88721 0.70264 -0.88965 0.71387 -0.88623 0.73975 -0.97363 0.70264 -0.88965 0.72998 -0.76318 0.71387 -0.88623 0.69434 -0.76270 0.72998 -0.76318 0.70264 -0.88965 0.69434 -0.76270 0.63867 -0.66895 0.72998 -0.76318 0.20850 -0.84424 0.12158 -0.83447 0.19971 -0.77686 0.20850 -0.84424 0.16748 -0.87256 0.12158 -0.83447 0.23242 -0.90039 0.16748 -0.87256 0.20850 -0.84424 0.10889 -0.73145 0.09863 -0.71094 0.12891 -0.69629 0.10889 -0.73145 0.06836 -0.73877 0.09863 -0.71094 0.06689 -0.79346 0.06836 -0.73877 0.10889 -0.73145 0.06689 -0.79346 0.03467 -0.73096 0.06836 -0.73877 0.03613 -0.79150 0.01807 -0.84863 0.02197 -0.79150 0.03613 -0.79150 0.04346 -0.85059 0.01807 -0.84863 0.06689 -0.79346 0.11572 -0.78711 0.08105 -0.84424 0.06689 -0.79346 0.10889 -0.73145 0.11572 -0.78711 0.06836 -0.73877 0.06543 -0.71436 0.09863 -0.71094 0.06836 -0.73877 0.03467 -0.73096 0.06543 -0.71436 0.06104 -0.93066 0.11084 -0.97461 0.08643 -0.98291 0.06104 -0.93066 0.08984 -0.86377 0.11084 -0.97461 0.05420 -0.87256 0.08984 -0.86377 0.06104 -0.93066 0.05420 -0.87256 0.04346 -0.85059 0.08984 -0.86377 0.13232 -0.96973 0.18262 -0.95801 0.16016 -0.98779 0.13232 -0.96973 0.12354 -0.85986 0.18262 -0.95801 0.08984 -0.86377 0.12354 -0.85986 0.13232 -0.96973 0.59131 -0.50635 0.66504 -0.54053 0.60303 -0.53955 0.59131 -0.50635 0.67480 -0.52637 0.66504 -0.54053 0.67529 -0.51270 0.67480 -0.52637 0.59131 -0.50635 0.69775 -0.47998 0.62402 -0.45654 0.65625 -0.43408 0.69775 -0.47998 0.68408 -0.49756 0.62402 -0.45654 0.70801 -0.49414 0.68408 -0.49756 0.69775 -0.47998 0.70801 -0.49414 0.70068 -0.50684 0.68408 -0.49756 0.67529 -0.51270 0.62402 -0.45654 0.68408 -0.49756 0.67529 -0.51270 0.59375 -0.47363 0.62402 -0.45654 0.59131 -0.50635 0.59375 -0.47363 0.67529 -0.51270 0.50635 -0.92383 0.47412 -0.79248 0.50537 -0.80273 0.50635 -0.92383 0.43115 -0.91992 0.47412 -0.79248 0.49414 -0.97900 0.43115 -0.91992 0.50635 -0.92383 0.49414 -0.97900 0.42676 -0.96484 0.43115 -0.91992 0.47852 -0.76123 0.39062 -0.70557 0.48828 -0.73730 0.47852 -0.76123 0.38525 -0.72852 0.39062 -0.70557 0.47412 -0.79248 0.38525 -0.72852 0.47852 -0.76123 0.47412 -0.79248 0.36621 -0.75684 0.38525 -0.72852 0.40430 -0.84326 0.36621 -0.75684 0.47412 -0.79248 0.40430 -0.84326 0.35010 -0.85645 0.36621 -0.75684 0.38525 -0.72852 0.33740 -0.74756 0.36670 -0.71436 0.38525 -0.72852 0.36621 -0.75684 0.33740 -0.74756 0.50488 -0.76025 0.47412 -0.79248 0.47852 -0.76123 0.50488 -0.76025 0.50537 -0.80273 0.47412 -0.79248 0.90576 -0.54736 0.84814 -0.49219 0.86279 -0.47314 0.90576 -0.54736 0.85449 -0.57666 0.84814 -0.49219 0.88379 -0.64551 0.85449 -0.57666 0.90576 -0.54736 0.88379 -0.64551 0.81348 -0.65088 0.85449 -0.57666 0.82080 -0.74707 0.81348 -0.65088 0.88379 -0.64551 0.82080 -0.74707 0.75488 -0.75928 0.81348 -0.65088 0.82617 -0.82471 0.75488 -0.75928 0.82080 -0.74707 0.82617 -0.82471 0.78711 -0.88721 0.75488 -0.75928 0.80615 -0.89990 0.78711 -0.88721 0.82617 -0.82471 0.80615 -0.89990 0.80615 -0.97754 0.78711 -0.88721 0.90234 -0.89844 0.80615 -0.97754 0.80615 -0.89990 0.90234 -0.89844 0.92236 -0.97314 0.80615 -0.97754 0.94385 -0.97998 0.92236 -0.97314 0.90234 -0.89844 0.19971 -0.19922 0.16943 -0.28223 0.09961 -0.17188 0.19971 -0.19922 0.27832 -0.19238 0.16943 -0.28223 0.94189 -0.23389 0.88623 -0.05029 0.98584 -0.08301 0.94189 -0.23389 0.85889 -0.20068 0.88623 -0.05029 0.85986 -0.22705 0.85889 -0.20068 0.94189 -0.23389 0.85986 -0.22705 0.77100 -0.20898 0.85889 -0.20068 0.86523 -0.26367 0.77100 -0.20898 0.85986 -0.22705 0.86523 -0.26367 0.76855 -0.30127 0.77100 -0.20898 0.85693 -0.35254 0.76855 -0.30127 0.86523 -0.26367 0.35010 -0.85645 0.33740 -0.74756 0.36621 -0.75684 0.35010 -0.85645 0.26270 -0.83740 0.33740 -0.74756 0.24170 -0.88623 0.26270 -0.83740 0.35010 -0.85645 0.49756 -0.08301 0.58154 -0.07764 0.57666 -0.15918 0.49756 -0.08301 0.57129 -0.04785 0.58154 -0.07764 0.49951 -0.05322 0.57129 -0.04785 0.49756 -0.08301 0.51758 -0.16602 0.57666 -0.15918 0.55127 -0.18701 0.51758 -0.16602 0.49756 -0.08301 0.57666 -0.15918 0.29834 -0.47656 0.44971 -0.61914 0.29834 -0.58203 0.29834 -0.47656 0.42969 -0.45703 0.44971 -0.61914 0.42578 -0.32373 0.42969 -0.45703 0.29834 -0.47656 0.42578 -0.32373 0.55664 -0.32227 0.42969 -0.45703 0.50732 -0.24854 0.55664 -0.32227 0.42578 -0.32373 0.44971 -0.61914 0.56982 -0.51025 0.54932 -0.57324 0.44971 -0.61914 0.42969 -0.45703 0.56982 -0.51025 0.90234 -0.89844 0.94775 -0.90479 0.94385 -0.97998 0.90234 -0.89844 0.89746 -0.82324 0.94775 -0.90479 0.82617 -0.82471 0.89746 -0.82324 0.90234 -0.89844 0.82617 -0.82471 0.82080 -0.74707 0.89746 -0.82324 0.85449 -0.57666 0.73340 -0.52930 0.84814 -0.49219 0.85449 -0.57666 0.73877 -0.63965 0.73340 -0.52930 0.81348 -0.65088 0.73877 -0.63965 0.85449 -0.57666 0.81348 -0.65088 0.75488 -0.75928 0.73877 -0.63965 0.29834 -0.29199 0.29834 -0.25879 0.41797 -0.28564 0.29834 -0.29199 0.41797 -0.28564 0.29834 -0.25879 0.42578 -0.32373 0.41797 -0.28564 0.29834 -0.29199 0.42578 -0.32373 0.50732 -0.24854 0.41797 -0.28564 0.42578 -0.32373 0.29834 -0.29199 0.41797 -0.28564 0.42578 -0.32373 0.29834 -0.47656 0.29834 -0.29199 0.72998 -0.76318 0.78711 -0.88721 0.71387 -0.88623 0.72998 -0.76318 0.75488 -0.75928 0.78711 -0.88721 0.67188 -0.65869 0.75488 -0.75928 0.72998 -0.76318 0.67188 -0.65869 0.73877 -0.63965 0.75488 -0.75928 0.63574 -0.56543 0.73877 -0.63965 0.67188 -0.65869 0.63574 -0.56543 0.73340 -0.52930 0.73877 -0.63965 0.57617 -0.41309 0.42969 -0.45703 0.55664 -0.32227 0.57617 -0.41309 0.57520 -0.44678 0.42969 -0.45703 0.47266 -0.11768 0.40332 -0.11768 0.46924 -0.05762 0.47266 -0.11768 0.41797 -0.28564 0.40332 -0.11768 0.50732 -0.24854 0.41797 -0.28564 0.47266 -0.11768 0.50732 -0.24854 0.42578 -0.32373 0.41797 -0.28564 0.06787 -0.26709 0.03076 -0.42871 0.01367 -0.32129 0.06787 -0.26709 0.06299 -0.47266 0.03076 -0.42871 0.17480 -0.48730 0.06299 -0.47266 0.06787 -0.26709 0.17480 -0.48730 0.05762 -0.55664 0.06299 -0.47266 0.17090 -0.59424 0.05762 -0.55664 0.17480 -0.48730 0.17090 -0.59424 0.07275 -0.64600 0.05762 -0.55664 0.18506 -0.65137 0.07275 -0.64600 0.17090 -0.59424 0.20264 -0.12695 0.09961 -0.17188 0.10889 -0.08105 0.20264 -0.12695 0.19971 -0.19922 0.09961 -0.17188 0.27832 -0.10107 0.19971 -0.19922 0.20264 -0.12695 0.27832 -0.10107 0.27832 -0.19238 0.19971 -0.19922 0.19971 -0.19922 0.27832 -0.19238 0.27832 -0.10107 0.19971 -0.19922 0.16943 -0.28223 0.27832 -0.19238 0.09961 -0.17188 0.16943 -0.28223 0.19971 -0.19922 0.09961 -0.17188 0.06787 -0.26709 0.16943 -0.28223 0.91699 -0.50830 0.92773 -0.42920 0.92725 -0.52344 0.91699 -0.50830 0.91260 -0.43701 0.92773 -0.42920 0.92773 -0.52588 0.91992 -0.44482 0.92773 -0.42822 0.92773 -0.52588 0.91504 -0.51660 0.91992 -0.44482 0.92188 -0.49707 0.92822 -0.42871 0.92822 -0.52539 0.92188 -0.49707 0.90967 -0.42773 0.92822 -0.42871 0.98145 -0.43066 0.92920 -0.52246 0.92920 -0.43066 0.98145 -0.43066 0.98145 -0.52246 0.92920 -0.52246 0.98145 -0.43066 0.92920 -0.52246 0.92920 -0.43066 0.98145 -0.43066 0.98145 -0.52246 0.92920 -0.52246 0.92920 -0.43066 0.98145 -0.52246 0.92920 -0.52246 0.92920 -0.43066 0.98145 -0.43066 0.98145 -0.52246 0.22900 -0.04834 0.20410 -0.01562 0.25684 -0.01270 0.22900 -0.04834 0.18262 -0.05762 0.20410 -0.01562 0.74658 -0.43262 0.74463 -0.48389 0.70312 -0.44873 0.74658 -0.43262 0.79297 -0.44775 0.74463 -0.48389 0.17090 -0.59424 0.27832 -0.57520 0.18506 -0.65137 0.17090 -0.59424 0.17480 -0.48730 0.27832 -0.57520 0.92920 -0.43066 0.98145 -0.52246 0.92920 -0.52246 0.92920 -0.43066 0.98145 -0.43066 0.98145 -0.52246 0.92920 -0.43066 0.98145 -0.52197 0.92920 -0.52246 0.92920 -0.43066 0.98145 -0.43066 0.98145 -0.52197 0.63574 -0.56543 0.55957 -0.62695 0.56055 -0.57080 0.63574 -0.56543 0.65527 -0.66309 0.55957 -0.62695 0.67188 -0.65869 0.65527 -0.66309 0.63574 -0.56543 0.67188 -0.65869 0.72998 -0.76318 0.65527 -0.66309 0.60156 -0.67578 0.56982 -0.68311 0.56055 -0.63184 0.60156 -0.67578 0.66699 -0.75928 0.56982 -0.68311 0.62646 -0.94922 0.70264 -0.88965 0.73975 -0.97363 0.62646 -0.94922 0.68164 -0.87988 0.70264 -0.88965 0.74658 -0.43262 0.74463 -0.48389 0.70312 -0.44873 0.74658 -0.43262 0.79297 -0.44775 0.74463 -0.48389 0.74658 -0.43262 0.74463 -0.48389 0.70312 -0.44873 0.74658 -0.43262 0.79297 -0.44775 0.74463 -0.48389 0.74658 -0.43262 0.74463 -0.48389 0.70312 -0.44873 0.74658 -0.43262 0.79297 -0.44775 0.74463 -0.48389 0.74658 -0.43262 0.74463 -0.48389 0.70312 -0.44873 0.74658 -0.43262 0.79297 -0.44775 0.74463 -0.48389 0.92139 -0.45850 0.92822 -0.52539 0.91016 -0.52490 0.92139 -0.45850 0.92822 -0.42578 0.92822 -0.52539 0.66699 -0.75928 0.62158 -0.78223 0.56982 -0.68311 0.66699 -0.75928 0.65576 -0.88574 0.62158 -0.78223 0.63867 -0.66895 0.65527 -0.66309 0.72998 -0.76318 0.63867 -0.66895 0.55957 -0.62695 0.65527 -0.66309 0.65576 -0.88574 0.62061 -0.89648 0.62158 -0.78223 0.65576 -0.88574 0.61719 -0.95508 0.62061 -0.89648 0.63135 -0.77783 0.61816 -0.78320 0.56396 -0.68164 0.63135 -0.77783 0.61572 -0.89697 0.61816 -0.78320 0.25684 -0.01270 0.27832 -0.10107 0.27832 -0.01465 0.25684 -0.01270 0.22900 -0.04834 0.27832 -0.10107 0.20410 -0.01562 0.22900 -0.04834 0.25684 -0.01270 0.20410 -0.01562 0.18262 -0.05762 0.22900 -0.04834 0.18506 -0.65137 0.27832 -0.80127 0.27832 -0.62402 0.18506 -0.65137 0.24414 -0.79639 0.27832 -0.80127 0.17480 -0.48730 0.27832 -0.57520 0.27832 -0.46387 0.17480 -0.48730 0.17090 -0.59424 0.27832 -0.57520 0.05762 -0.55664 0.17090 -0.59424 0.17480 -0.48730 0.41797 -0.28564 0.40332 -0.11768 0.29834 -0.25879 0.41797 -0.28564 0.47266 -0.11768 0.40332 -0.11768 0.50732 -0.24854 0.47266 -0.11768 0.41797 -0.28564 0.20264 -0.12695 0.19971 -0.19922 0.27832 -0.10107 0.20264 -0.12695 0.09961 -0.17188 0.19971 -0.19922 0.10889 -0.08105 0.09961 -0.17188 0.20264 -0.12695 0.85449 -0.57666 0.88379 -0.64551 0.90576 -0.54736 0.85449 -0.57666 0.81348 -0.65088 0.88379 -0.64551 0.73877 -0.63965 0.81348 -0.65088 0.85449 -0.57666 0.73877 -0.63965 0.75488 -0.75928 0.81348 -0.65088 0.67188 -0.65869 0.75488 -0.75928 0.73877 -0.63965 0.67188 -0.65869 0.72998 -0.76318 0.75488 -0.75928 0.88379 -0.64551 0.94971 -0.64258 0.90576 -0.54736 0.88379 -0.64551 0.98877 -0.72656 0.94971 -0.64258 0.91064 -0.73145 0.98877 -0.72656 0.88379 -0.64551 0.91064 -0.73145 0.89746 -0.82324 0.98877 -0.72656 0.82080 -0.74707 0.89746 -0.82324 0.91064 -0.73145 0.82080 -0.74707 0.82617 -0.82471 0.89746 -0.82324 0.75488 -0.75928 0.82617 -0.82471 0.82080 -0.74707 0.75488 -0.75928 0.78711 -0.88721 0.82617 -0.82471 0.72998 -0.76318 0.78711 -0.88721 0.75488 -0.75928 0.72998 -0.76318 0.71387 -0.88623 0.78711 -0.88721 0.70264 -0.88965 0.71387 -0.88623 0.72998 -0.76318 0.70264 -0.88965 0.73975 -0.97363 0.71387 -0.88623 0.62646 -0.94922 0.73975 -0.97363 0.70264 -0.88965 0.78027 -0.02832 0.69678 -0.20410 0.77100 -0.20898 0.78027 -0.02832 0.68848 -0.04541 0.69678 -0.20410 0.76807 -0.41602 0.76855 -0.30127 0.71240 -0.40967 0.76807 -0.41602 0.85693 -0.35254 0.76855 -0.30127 0.84619 -0.42285 0.85693 -0.35254 0.76807 -0.41602 0.84619 -0.42285 0.94385 -0.32471 0.85693 -0.35254 0.89209 -0.42529 0.94385 -0.32471 0.84619 -0.42285 0.71240 -0.40967 0.61670 -0.31152 0.63965 -0.42041 0.71240 -0.40967 0.69824 -0.22754 0.61670 -0.31152 0.76855 -0.30127 0.69824 -0.22754 0.71240 -0.40967 0.76855 -0.30127 0.77100 -0.20898 0.69824 -0.22754 0.86523 -0.26367 0.77100 -0.20898 0.76855 -0.30127 0.86523 -0.26367 0.85986 -0.22705 0.77100 -0.20898 0.94189 -0.23389 0.85986 -0.22705 0.86523 -0.26367 0.94189 -0.23389 0.85889 -0.20068 0.85986 -0.22705 0.88623 -0.05029 0.85889 -0.20068 0.94189 -0.23389 0.88623 -0.05029 0.78027 -0.02832 0.85889 -0.20068 0.85889 -0.20068 0.77100 -0.20898 0.85986 -0.22705 0.85889 -0.20068 0.78027 -0.02832 0.77100 -0.20898 0.86523 -0.26367 0.94385 -0.32471 0.94189 -0.23389 0.86523 -0.26367 0.85693 -0.35254 0.94385 -0.32471 0.76855 -0.30127 0.85693 -0.35254 0.86523 -0.26367 0.27100 -0.95068 0.21680 -0.95557 0.24365 -0.96875 0.27100 -0.95068 0.23242 -0.90039 0.21680 -0.95557 0.12891 -0.69629 0.18506 -0.70654 0.15869 -0.68750 0.12891 -0.69629 0.10889 -0.73145 0.18506 -0.70654 0.09863 -0.71094 0.10889 -0.73145 0.12891 -0.69629 0.09863 -0.71094 0.06836 -0.73877 0.10889 -0.73145 0.06543 -0.71436 0.06836 -0.73877 0.09863 -0.71094 0.06543 -0.71436 0.03467 -0.73096 0.06836 -0.73877 0.03662 -0.70898 0.03467 -0.73096 0.06543 -0.71436 0.70264 -0.88965 0.68164 -0.87988 0.62646 -0.94922 0.70264 -0.88965 0.69434 -0.76270 0.68164 -0.87988 0.72998 -0.76318 0.69434 -0.76270 0.70264 -0.88965 0.90234 -0.89844 0.80615 -0.97754 0.92236 -0.97314 0.90234 -0.89844 0.80615 -0.89990 0.80615 -0.97754 0.82617 -0.82471 0.80615 -0.89990 0.90234 -0.89844 0.82617 -0.82471 0.78711 -0.88721 0.80615 -0.89990 0.78711 -0.88721 0.80615 -0.97754 0.80615 -0.89990 0.78711 -0.88721 0.73975 -0.97363 0.80615 -0.97754 0.71387 -0.88623 0.73975 -0.97363 0.78711 -0.88721 0.12158 -0.83447 0.20850 -0.84424 0.19971 -0.77686 0.12158 -0.83447 0.16748 -0.87256 0.20850 -0.84424 0.12354 -0.85986 0.16748 -0.87256 0.12158 -0.83447 0.11572 -0.78711 0.12158 -0.83447 0.19971 -0.77686 0.11572 -0.78711 0.08105 -0.84424 0.12158 -0.83447 0.10889 -0.73145 0.19971 -0.77686 0.18506 -0.70654 0.10889 -0.73145 0.11572 -0.78711 0.19971 -0.77686 0.06689 -0.79346 0.11572 -0.78711 0.10889 -0.73145 0.06689 -0.79346 0.08105 -0.84424 0.11572 -0.78711 0.04346 -0.85059 0.08105 -0.84424 0.06689 -0.79346 0.04346 -0.85059 0.08984 -0.86377 0.08105 -0.84424 0.05420 -0.87256 0.08984 -0.86377 0.04346 -0.85059 0.05420 -0.87256 0.06104 -0.93066 0.08984 -0.86377 0.02197 -0.79150 0.03467 -0.73096 0.01514 -0.73096 0.02197 -0.79150 0.03613 -0.79150 0.03467 -0.73096 0.01807 -0.84863 0.03613 -0.79150 0.02197 -0.79150 0.01807 -0.84863 0.04346 -0.85059 0.03613 -0.79150 0.11084 -0.97461 0.06104 -0.93066 0.08643 -0.98291 0.11084 -0.97461 0.08984 -0.86377 0.06104 -0.93066 0.13232 -0.96973 0.08984 -0.86377 0.11084 -0.97461 0.13232 -0.96973 0.12354 -0.85986 0.08984 -0.86377 0.18262 -0.95801 0.12354 -0.85986 0.13232 -0.96973 0.18262 -0.95801 0.16748 -0.87256 0.12354 -0.85986 0.23242 -0.90039 0.16748 -0.87256 0.18262 -0.95801 0.23242 -0.90039 0.20850 -0.84424 0.16748 -0.87256 0.06836 -0.73877 0.06689 -0.79346 0.10889 -0.73145 0.06836 -0.73877 0.03467 -0.73096 0.06689 -0.79346 0.12158 -0.83447 0.08984 -0.86377 0.12354 -0.85986 0.12158 -0.83447 0.08105 -0.84424 0.08984 -0.86377 0.68408 -0.49756 0.70801 -0.49414 0.69775 -0.47998 0.68408 -0.49756 0.70068 -0.50684 0.70801 -0.49414 0.66504 -0.54053 0.59131 -0.50635 0.60303 -0.53955 0.66504 -0.54053 0.67480 -0.52637 0.59131 -0.50635 0.62402 -0.45654 0.69775 -0.47998 0.65625 -0.43408 0.62402 -0.45654 0.68408 -0.49756 0.69775 -0.47998 0.67529 -0.51270 0.68408 -0.49756 0.62402 -0.45654 0.59375 -0.47363 0.67529 -0.51270 0.62402 -0.45654 0.59375 -0.47363 0.59131 -0.50635 0.67529 -0.51270 0.47412 -0.79248 0.50635 -0.92383 0.50537 -0.80273 0.47412 -0.79248 0.43115 -0.91992 0.50635 -0.92383 0.40430 -0.84326 0.43115 -0.91992 0.47412 -0.79248 0.39062 -0.70557 0.47852 -0.76123 0.48828 -0.73730 0.39062 -0.70557 0.38525 -0.72852 0.47852 -0.76123 0.33740 -0.74756 0.38525 -0.72852 0.36670 -0.71436 0.33740 -0.74756 0.36621 -0.75684 0.38525 -0.72852 0.35010 -0.85645 0.36621 -0.75684 0.33740 -0.74756 0.35010 -0.85645 0.40430 -0.84326 0.36621 -0.75684 0.38525 -0.72852 0.47412 -0.79248 0.47852 -0.76123 0.38525 -0.72852 0.36621 -0.75684 0.47412 -0.79248 0.50488 -0.76025 0.47412 -0.79248 0.50537 -0.80273 0.50488 -0.76025 0.47852 -0.76123 0.47412 -0.79248 0.89746 -0.82324 0.96289 -0.81445 0.98877 -0.72656 0.89746 -0.82324 0.94775 -0.90479 0.96289 -0.81445 0.90234 -0.89844 0.94775 -0.90479 0.89746 -0.82324 0.90234 -0.89844 0.94385 -0.97998 0.94775 -0.90479 0.92236 -0.97314 0.94385 -0.97998 0.90234 -0.89844 0.88379 -0.64551 0.82080 -0.74707 0.91064 -0.73145 0.88379 -0.64551 0.81348 -0.65088 0.82080 -0.74707 0.84814 -0.49219 0.90576 -0.54736 0.86279 -0.47314 0.84814 -0.49219 0.85449 -0.57666 0.90576 -0.54736 0.73340 -0.52930 0.85449 -0.57666 0.84814 -0.49219 0.73340 -0.52930 0.73877 -0.63965 0.85449 -0.57666 0.63574 -0.56543 0.73877 -0.63965 0.73340 -0.52930 0.63574 -0.56543 0.67188 -0.65869 0.73877 -0.63965 0.65527 -0.66309 0.67188 -0.65869 0.63574 -0.56543 0.65527 -0.66309 0.72998 -0.76318 0.67188 -0.65869 0.63867 -0.66895 0.72998 -0.76318 0.65527 -0.66309 0.63867 -0.66895 0.69434 -0.76270 0.72998 -0.76318 0.60840 -0.22754 0.68848 -0.04541 0.60107 -0.05957 0.60840 -0.22754 0.69678 -0.20410 0.68848 -0.04541 0.69824 -0.22754 0.69678 -0.20410 0.60840 -0.22754 0.69824 -0.22754 0.77100 -0.20898 0.69678 -0.20410 0.26270 -0.83740 0.35010 -0.85645 0.33740 -0.74756 0.26270 -0.83740 0.24170 -0.88623 0.35010 -0.85645 0.03613 -0.79150 0.06689 -0.79346 0.03467 -0.73096 0.03613 -0.79150 0.04346 -0.85059 0.06689 -0.79346 0.57666 -0.15918 0.51758 -0.16602 0.55127 -0.18701 0.57666 -0.15918 0.49756 -0.08301 0.51758 -0.16602 0.58154 -0.07764 0.49756 -0.08301 0.57666 -0.15918 0.58154 -0.07764 0.57129 -0.04785 0.49756 -0.08301 0.56982 -0.51025 0.44775 -0.61914 0.54590 -0.57422 0.56982 -0.51025 0.42969 -0.45703 0.44775 -0.61914 0.57520 -0.44678 0.42969 -0.45703 0.56982 -0.51025 0.57520 -0.44678 0.57617 -0.41309 0.42969 -0.45703 0.49414 -0.97900 0.43115 -0.91992 0.42676 -0.96484 0.49414 -0.97900 0.50635 -0.92383 0.43115 -0.91992 0.40332 -0.11768 0.40186 -0.01318 0.34521 -0.08984 0.40332 -0.11768 0.46924 -0.05762 0.40186 -0.01318 0.47266 -0.11768 0.46924 -0.05762 0.40332 -0.11768 0.03076 -0.42871 0.06787 -0.26709 0.01367 -0.32129 0.03076 -0.42871 0.06299 -0.47266 0.06787 -0.26709 0.20264 -0.12695 0.18262 -0.05762 0.10889 -0.08105 0.20264 -0.12695 0.22900 -0.04834 0.18262 -0.05762 0.27832 -0.10107 0.22900 -0.04834 0.20264 -0.12695 0.92773 -0.42920 0.91699 -0.50830 0.92725 -0.52344 0.92773 -0.42920 0.91260 -0.43701 0.91699 -0.50830 0.91992 -0.44482 0.92773 -0.52588 0.92773 -0.42822 0.91992 -0.44482 0.91504 -0.51660 0.92773 -0.52588 0.92822 -0.42871 0.92188 -0.49707 0.92822 -0.52539 0.92822 -0.42871 0.90967 -0.42773 0.92188 -0.49707 0.98145 -0.43066 0.92920 -0.52246 0.98145 -0.52246 0.98145 -0.43066 0.92920 -0.43066 0.92920 -0.52246 0.98145 -0.43066 0.92920 -0.52246 0.98145 -0.52246 0.98145 -0.43066 0.92920 -0.43066 0.92920 -0.52246 0.92920 -0.43066 0.98145 -0.52246 0.98145 -0.43066 0.92920 -0.43066 0.92920 -0.52246 0.98145 -0.52246 0.74463 -0.48389 0.74658 -0.43262 0.70312 -0.44873 0.74463 -0.48389 0.79297 -0.44775 0.74658 -0.43262 0.79883 -0.49023 0.79297 -0.44775 0.74463 -0.48389 0.92920 -0.43066 0.98145 -0.52246 0.98145 -0.43066 0.92920 -0.43066 0.92920 -0.52246 0.98145 -0.52246 0.92920 -0.43066 0.98145 -0.52197 0.98145 -0.43066 0.92920 -0.43066 0.92920 -0.52246 0.98145 -0.52197 0.55957 -0.62695 0.63574 -0.56543 0.56055 -0.57080 0.55957 -0.62695 0.65527 -0.66309 0.63574 -0.56543 0.63867 -0.66895 0.65527 -0.66309 0.55957 -0.62695 0.56982 -0.68311 0.60156 -0.67578 0.56055 -0.63184 0.56982 -0.68311 0.66699 -0.75928 0.60156 -0.67578 0.62158 -0.78223 0.66699 -0.75928 0.56982 -0.68311 0.62158 -0.78223 0.65576 -0.88574 0.66699 -0.75928 0.62061 -0.89648 0.65576 -0.88574 0.62158 -0.78223 0.62061 -0.89648 0.61719 -0.95508 0.65576 -0.88574 0.74463 -0.48389 0.74658 -0.43262 0.70312 -0.44873 0.74463 -0.48389 0.79297 -0.44775 0.74658 -0.43262 0.79883 -0.49023 0.79297 -0.44775 0.74463 -0.48389 0.74463 -0.48389 0.74658 -0.43262 0.70312 -0.44873 0.74463 -0.48389 0.79297 -0.44775 0.74658 -0.43262 0.79883 -0.49023 0.79297 -0.44775 0.74463 -0.48389 0.74463 -0.48389 0.74658 -0.43262 0.70312 -0.44873 0.74463 -0.48389 0.79297 -0.44775 0.74658 -0.43262 0.79883 -0.49023 0.79297 -0.44775 0.74463 -0.48389 0.74463 -0.48389 0.74658 -0.43262 0.70312 -0.44873 0.74463 -0.48389 0.79297 -0.44775 0.74658 -0.43262 0.79883 -0.49023 0.79297 -0.44775 0.74463 -0.48389 0.92822 -0.52539 0.92139 -0.45850 0.91016 -0.52490 0.92822 -0.52539 0.92822 -0.42578 0.92139 -0.45850 0.61816 -0.78320 0.63135 -0.77783 0.56396 -0.68164 0.61816 -0.78320 0.61572 -0.89697 0.63135 -0.77783 0.82080 -0.74707 0.91064 -0.73145 0.89746 -0.82324 0.60840 -0.22754 0.60107 -0.05957 0.68896 -0.04639 0.03467 -0.73096 0.03662 -0.70898 0.06543 -0.71436 0.35010 -0.85645 0.30322 -0.91553 0.24170 -0.88623 0.47412 -0.79248 0.43115 -0.91992 0.40430 -0.84326 0.13232 -0.96973 0.11084 -0.97461 0.08984 -0.86377 0.40332 -0.11768 0.29834 -0.15088 0.29834 -0.11377 0.42969 -0.45703 0.57520 -0.44678 0.56982 -0.51025 0.85693 -0.35254 0.86523 -0.26367 0.94385 -0.32471 0.79883 -0.49023 0.74463 -0.48389 0.79297 -0.44775 0.90234 -0.89844 0.80615 -0.89990 0.82617 -0.82471 0.79883 -0.49023 0.74463 -0.48389 0.79297 -0.44775 0.79883 -0.49023 0.74463 -0.48389 0.79297 -0.44775 0.79883 -0.49023 0.74463 -0.48389 0.79297 -0.44775 0.79883 -0.49023 0.74463 -0.48389 0.79297 -0.44775 0.92676 -0.52539 0.92676 -0.43213 0.91162 -0.48145 0.70264 -0.88965 0.68164 -0.87988 0.69434 -0.76270 0.29834 -0.73145 0.33643 -0.72021 0.44775 -0.61914 0.16943 -0.28223 0.27832 -0.28564 0.27832 -0.19238 0.90234 -0.89844 0.89746 -0.82324 0.82617 -0.82471 0.13232 -0.96973 0.16016 -0.98779 0.18262 -0.95801 0.59131 -0.50635 0.67480 -0.52637 0.67529 -0.51270 0.94189 -0.23389 0.98584 -0.08301 0.88623 -0.05029 0.36621 -0.75684 0.40430 -0.84326 0.47412 -0.79248 0.18262 -0.95801 0.21680 -0.95557 0.23242 -0.90039 0.24170 -0.88623 0.30322 -0.91553 0.35010 -0.85645 0.57129 -0.04785 0.49951 -0.05322 0.49756 -0.08301 0.42578 -0.32373 0.29834 -0.29199 0.29834 -0.47656 0.42969 -0.45703 0.57617 -0.41309 0.55664 -0.32227 0.75488 -0.75928 0.82080 -0.74707 0.81348 -0.65088 0.60840 -0.22754 0.61670 -0.31152 0.69824 -0.22754 0.17480 -0.48730 0.06299 -0.47266 0.05762 -0.55664 0.92676 -0.43213 0.92676 -0.52539 0.91162 -0.48145</float_array>
     <technique_common>
      <accessor count="1542" offset="0" source="#realb26_2-lib-texcoords-array" stride="2">
       <param name="U" type="float"/>
       <param name="V" type="float"/>
      </accessor>
     </technique_common>
    </source>
    <vertices id="realb26_2-lib-vertices">
     <input semantic="POSITION" source="#realb26_2-lib-positions"/>
    </vertices>
    <polylist count="514" material="mat2.png">
     <input offset="0" semantic="VERTEX" source="#realb26_2-lib-vertices"/>
     <input offset="1" semantic="NORMAL" source="#realb26_2-lib-normals"/>
     <input offset="2" semantic="TEXCOORD" source="#realb26_2-lib-texcoords"/>
     <vcount>3 3 3 3 3 3 3 3 3 3 3 3 3 3 3 3 3 3 3 3 3 3 3 3 3 3 3 3 3 3 3 3 3 3 3 3 3 3 3 3 3 3 3 3 3 3 3 3 3 3 3 3 3 3 3 3 3 3 3 3 3 3 3 3 3 3 3 3 3 3 3 3 3 3 3 3 3 3 3 3 3 3 3 3 3 3 3 3 3 3 3 3 3 3 3 3 3 3 3 3 3 3 3 3 3 3 3 3 3 3 3 3 3 3 3 3 3 3 3 3 3 3 3 3 3 3 3 3 3 3 3 3 3 3 3 3 3 3 3 3 3 3 3 3 3 3 3 3 3 3 3 3 3 3 3 3 3 3 3 3 3 3 3 3 3 3 3 3 3 3 3 3 3 3 3 3 3 3 3 3 3 3 3 3 3 3 3 3 3 3 3 3 3 3 3 3 3 3 3 3 3 3 3 3 3 3 3 3 3 3 3 3 3 3 3 3 3 3 3 3 3 3 3 3 3 3 3 3 3 3 3 3 3 3 3 3 3 3 3 3 3 3 3 3 3 3 3 3 3 3 3 3 3 3 3 3 3 3 3 3 3 3 3 3 3 3 3 3 3 3 3 3 3 3 3 3 3 3 3 3 3 3 3 3 3 3 3 3 3 3 3 3 3 3 3 3 3 3 3 3 3 3 3 3 3 3 3 3 3 3 3 3 3 3 3 3 3 3 3 3 3 3 3 3 3 3 3 3 3 3 3 3 3 3 3 3 3 3 3 3 3 3 3 3 3 3 3 3 3 3 3 3 3 3 3 3 3 3 3 3 3 3 3 3 3 3 3 3 3 3 3 3 3 3 3 3 3 3 3 3 3 3 3 3 3 3 3 3 3 3 3 3 3 3 3 3 3 3 3 3 3 3 3 3 3 3 3 3 3 3 3 3 3 3 3 3 3 3 3 3 3 3 3 3 3 3 3 3 3 3 3 3 3 3 3 3 3 3 3 3 3 3 3 3 3 3 3 3 3 3 3 3 3 3 3 3 3 3 3 3 3 3 3 3 3 3 3 3 3 3 3 3 3 3 3 3 3 3 3 3 3 3 3 3 3 3 3 3 3 3 3 3 3 3 3 3 3 3 3 3 3 3 3 3 3 3 3 3 3 3 3 3 3 3</vcount>
     <p>2 2 2 1 1 1 0 0 0 1 5 5 3 4 4 0 3 3 0 8 8 3 7 7 4 6 6 3 11 11 5 10 10 4 9 9 4 14 14 5 13 13 6 12 12 2 17 17 0 16 16 7 15 15 0 20 20 8 19 19 7 18 18 7 23 23 8 22 22 9 21 21 8 26 26 10 25 25 9 24 24 2 29 29 7 28 28 11 27 27 7 32 32 9 31 31 11 30 30 14 35 35 13 34 34 12 33 33 13 38 38 15 37 37 12 36 36 12 41 41 15 40 40 16 39 39 15 44 44 9 43 43 16 42 42 16 47 47 9 46 46 10 45 45 19 50 50 18 49 49 17 48 48 18 53 53 20 52 52 17 51 51 17 56 56 20 55 55 21 54 54 20 59 59 22 58 58 21 57 57 21 62 62 22 61 61 23 60 60 22 65 65 24 64 64 23 63 63 23 68 68 24 67 67 25 66 66 19 71 71 26 70 70 18 69 69 26 74 74 27 73 73 18 72 72 18 77 77 27 76 76 28 75 75 27 80 80 29 79 79 28 78 78 28 83 83 29 82 82 30 81 81 29 86 86 31 85 85 30 84 84 30 89 89 31 88 88 32 87 87 31 92 92 33 91 91 32 90 90 21 95 95 35 94 94 34 93 93 35 98 98 36 97 97 34 96 96 34 101 101 36 100 100 37 99 99 36 104 104 38 103 103 37 102 102 40 107 107 8 106 106 39 105 105 8 110 110 41 109 109 39 108 108 39 113 113 41 112 112 42 111 111 41 116 116 0 115 115 42 114 114 42 119 119 0 118 118 4 117 117 44 122 122 36 121 121 43 120 120 36 125 125 35 124 124 43 123 123 43 128 128 35 127 127 45 126 126 35 131 131 46 130 130 45 129 129 45 134 134 46 133 133 47 132 132 46 137 137 48 136 136 47 135 135 51 140 140 50 139 139 49 138 138 50 143 143 10 142 142 49 141 141 37 146 146 38 145 145 52 144 144 38 149 149 10 148 148 52 147 147 52 152 152 10 151 151 53 150 150 10 155 155 50 154 154 53 153 153 53 158 158 50 157 157 54 156 156 57 161 161 56 160 160 55 159 159 56 164 164 58 163 163 55 162 162 55 167 167 58 166 166 59 165 165 62 170 170 61 169 169 60 168 168 61 173 173 58 172 172 60 171 171 60 176 176 58 175 175 63 174 174 58 179 179 56 178 178 63 177 177 63 182 182 56 181 181 26 180 180 56 185 185 57 184 184 26 183 183 62 188 188 60 187 187 64 186 186 60 191 191 65 190 190 64 189 189 64 194 194 65 193 193 66 192 192 65 197 197 59 196 196 66 195 195 66 200 200 59 199 199 61 198 198 59 203 203 58 202 202 61 201 201 68 206 206 67 205 205 63 204 204 67 209 209 60 208 208 63 207 207 17 212 212 57 211 211 69 210 210 57 215 215 55 214 214 69 213 213 72 218 218 71 217 217 70 216 216 71 221 221 73 220 220 70 219 219 70 224 224 73 223 223 74 222 222 73 227 227 75 226 226 74 225 225 74 230 230 75 229 229 76 228 228 75 233 233 77 232 232 76 231 231 76 236 236 77 235 235 78 234 234 77 239 239 79 238 238 78 237 237 78 242 242 79 241 241 80 240 240 79 245 245 81 244 244 80 243 243 80 248 248 81 247 247 82 246 246 81 251 251 83 250 250 82 249 249 82 254 254 83 253 253 84 252 252 83 257 257 85 256 256 84 255 255 72 260 260 86 259 259 71 258 258 86 263 263 87 262 262 71 261 261 71 266 266 87 265 265 88 264 264 87 269 269 89 268 268 88 267 267 88 272 272 89 271 271 77 270 270 89 275 275 79 274 274 77 273 273 92 278 278 91 277 277 90 276 276 91 281 281 93 280 280 90 279 279 90 284 284 93 283 283 94 282 282 93 287 287 95 286 286 94 285 285 94 290 290 95 289 289 96 288 288 95 293 293 97 292 292 96 291 291 88 296 296 77 295 295 98 294 294 77 299 299 75 298 298 98 297 297 98 302 302 75 301 301 73 300 300 86 305 305 99 304 304 87 303 303 99 308 308 100 307 307 87 306 306 87 311 311 100 310 310 81 309 309 100 314 314 83 313 313 81 312 312 84 317 317 101 316 316 82 315 315 101 320 320 80 319 319 82 318 318 79 323 323 89 322 322 81 321 321 89 326 326 87 325 325 81 324 324 99 329 329 102 328 328 100 327 327 102 332 332 83 331 331 100 330 330 85 335 335 102 334 334 84 333 333 102 338 338 78 337 337 84 336 336 84 341 341 78 340 340 101 339 339 78 344 344 80 343 343 101 342 342 86 347 347 74 346 346 99 345 345 74 350 350 76 349 349 99 348 348 99 353 353 76 352 352 78 351 351 74 356 356 103 355 355 70 354 354 103 359 359 104 358 358 70 357 357 70 362 362 104 361 361 105 360 360 74 365 365 86 364 364 103 363 363 86 368 368 106 367 367 103 366 366 103 371 371 106 370 370 104 369 369 106 374 374 105 373 373 104 372 372 106 377 377 86 376 376 105 375 375 86 380 380 72 379 379 105 378 378 105 383 383 72 382 382 70 381 381 109 386 386 108 385 385 107 384 384 108 389 389 62 388 388 107 387 387 107 392 392 62 391 391 110 390 390 62 395 395 64 394 394 110 393 393 113 398 398 112 397 397 111 396 396 112 401 401 114 400 400 111 399 399 111 404 404 114 403 403 108 402 402 114 407 407 115 406 406 108 405 405 108 410 410 115 409 409 61 408 408 115 413 413 66 412 412 61 411 411 112 416 416 116 415 415 114 414 414 116 419 419 115 418 418 114 417 417 111 422 422 108 421 421 113 420 420 108 425 425 109 424 424 113 423 423 118 428 428 117 427 427 51 426 426 117 431 431 119 430 430 51 429 429 51 434 434 119 433 433 50 432 432 119 437 437 120 436 436 50 435 435 50 440 440 120 439 439 54 438 438 120 443 443 121 442 442 54 441 441 54 446 446 121 445 445 122 444 444 121 449 449 91 448 448 122 447 447 122 452 452 91 451 451 123 450 450 91 455 455 92 454 454 123 453 453 123 458 458 92 457 457 124 456 456 92 461 461 117 460 460 124 459 459 124 464 464 117 463 463 118 462 462 38 467 467 36 466 466 125 465 465 36 470 470 44 469 469 125 468 468 19 473 473 17 472 472 63 471 471 17 476 476 69 475 475 63 474 474 63 479 479 69 478 478 68 477 477 69 482 482 55 481 481 68 480 480 68 485 485 55 484 484 67 483 483 55 488 488 59 487 487 67 486 486 67 491 491 59 490 490 65 489 489 115 494 494 116 493 493 66 492 492 116 497 497 126 496 496 66 495 495 66 500 500 126 499 499 110 498 498 126 503 503 116 502 502 109 501 501 116 506 506 112 505 505 109 504 504 109 509 509 112 508 508 113 507 507 110 512 512 126 511 511 107 510 510 126 515 515 109 514 514 107 513 513 27 518 518 26 517 517 29 516 516 26 521 521 127 520 520 29 519 519 29 524 524 127 523 523 128 522 522 127 527 527 118 526 526 128 525 525 128 530 530 118 529 529 51 528 528 57 533 533 129 532 532 26 531 531 129 536 536 127 535 535 26 534 534 118 538 539 37 538 538 124 537 537 37 541 542 52 540 541 124 539 540 124 544 545 52 543 544 122 542 543 52 547 548 54 546 547 122 545 546 117 550 551 92 549 550 119 548 549 92 553 554 130 552 553 119 551 552 119 556 557 130 555 556 120 554 555 130 559 560 121 558 559 120 557 558 40 562 563 39 561 562 131 560 561 39 565 566 132 564 565 131 563 564 131 568 569 132 567 568 31 566 567 132 571 572 33 570 571 31 569 570 40 574 575 131 573 574 128 572 573 131 577 578 29 576 577 128 575 576 93 580 581 91 579 580 95 578 579 91 583 584 121 582 583 95 581 582 95 586 587 121 585 586 133 584 585 121 589 590 130 588 589 133 587 588 133 592 593 130 591 592 90 590 591 130 595 596 92 594 595 90 593 594 118 598 599 127 597 598 134 596 597 127 601 602 135 600 601 134 599 600 10 604 605 8 603 604 49 602 603 8 607 608 40 606 607 49 605 606 49 610 611 40 609 610 51 608 609 40 613 614 128 612 613 51 611 612 118 616 617 134 615 616 37 614 615 134 619 620 135 618 619 37 617 618 37 622 623 135 621 622 34 620 621 135 625 626 129 624 625 34 623 624 34 628 629 129 627 628 136 626 627 129 631 632 57 630 631 136 629 630 136 634 635 57 633 634 17 632 633 10 637 638 38 636 637 16 635 636 38 640 641 125 639 640 16 638 639 16 643 644 125 642 643 12 641 642 125 646 647 44 645 646 12 644 645 12 649 650 44 648 649 137 647 648 44 652 653 45 651 652 137 650 651 137 655 656 45 654 655 138 653 654 45 658 659 47 657 658 138 656 657 140 661 662 139 660 661 88 659 660 139 664 665 71 663 664 88 662 663 140 667 668 88 666 667 141 665 666 88 670 671 98 669 670 141 668 669 139 673 674 142 672 673 71 671 672 142 676 677 73 675 676 71 674 675 139 679 680 140 678 679 143 677 678 140 682 683 144 681 682 143 680 681 141 685 686 146 684 685 145 683 684 146 688 689 147 687 688 145 686 687 141 691 692 145 690 691 140 689 690 145 694 695 144 693 694 140 692 693 13 697 698 11 696 697 15 695 696 11 700 701 9 699 700 15 698 699 150 702 704 149 701 703 148 701 702 149 705 707 151 704 706 148 703 705 17 708 710 21 707 709 136 706 708 21 711 713 34 710 712 136 709 711 142 714 716 152 713 715 146 712 714 152 717 719 147 716 718 146 715 717 139 720 722 143 719 721 142 718 720 143 723 725 152 722 724 142 721 723 147 726 728 152 725 727 90 724 726 152 729 731 153 728 730 90 727 729 90 732 734 153 731 733 133 730 732 153 735 737 95 734 736 133 733 735 152 738 740 143 737 739 97 736 738 143 741 743 154 740 742 97 739 741 90 744 746 94 743 745 147 742 744 94 747 749 155 746 748 147 745 747 158 749 752 157 748 751 156 748 750 157 752 755 159 751 754 156 750 753 162 755 758 161 754 757 160 753 756 161 756 761 163 756 760 160 756 759 166 758 764 165 758 763 164 757 762 165 761 767 167 760 766 164 759 765 170 763 770 169 763 769 168 762 768 169 766 773 171 765 772 168 764 771 73 769 776 146 768 775 98 767 774 146 772 779 141 771 778 98 770 777 143 775 782 144 774 781 154 773 780 144 778 785 155 777 784 154 776 783 95 781 788 153 780 787 97 779 786 153 784 791 152 783 790 97 782 789 144 787 794 145 786 793 155 785 792 145 790 797 147 789 796 155 788 795 97 793 800 154 792 799 96 791 798 154 796 803 155 795 802 96 794 801 14 799 806 12 798 805 172 797 804 12 802 809 173 801 808 172 800 807 172 805 812 173 804 811 5 803 810 173 808 815 6 807 814 5 806 813 20 811 818 18 810 817 22 809 816 18 814 821 174 813 820 22 812 819 35 817 824 21 816 823 46 815 822 21 820 827 23 819 826 46 818 825 46 823 830 23 822 829 25 821 828 39 826 833 42 825 832 132 824 831 42 829 836 175 828 835 132 827 834 132 832 839 175 831 838 33 830 837 12 835 842 137 834 841 176 833 840 137 838 845 138 837 844 176 836 843 176 841 848 138 840 847 177 839 846 33 844 851 179 843 850 178 842 849 179 847 854 180 846 853 178 845 852 178 850 857 180 849 856 181 848 855 180 853 860 182 852 859 181 851 858 181 856 863 182 855 862 183 854 861 182 859 866 184 858 865 183 857 864 33 862 869 175 861 868 179 860 867 175 865 872 177 864 871 179 863 870 179 868 875 177 867 874 185 866 873 177 871 878 186 870 877 185 869 876 185 874 881 186 873 880 187 872 879 186 877 884 188 876 883 187 875 882 187 880 887 188 879 886 182 878 885 188 883 890 189 882 889 182 881 888 182 886 893 189 885 892 184 884 891 189 889 896 190 888 895 184 887 894 184 892 899 190 891 898 191 890 897 190 895 902 192 894 901 191 893 900 191 898 905 192 897 904 193 896 903 195 901 908 194 900 907 24 899 906 194 904 911 28 903 910 24 902 909 198 907 914 197 906 913 196 905 912 197 910 917 199 909 916 196 908 915 196 913 920 199 912 919 200 911 918 199 916 923 201 915 922 200 914 921 200 919 926 201 918 925 202 917 924 202 922 929 201 921 928 198 920 927 201 925 932 203 924 931 198 923 930 198 928 935 203 927 934 197 926 933 203 931 938 195 930 937 197 929 936 197 934 941 195 933 940 204 932 939 195 937 944 205 936 943 204 935 942 204 940 947 205 939 946 206 938 945 205 943 950 207 942 949 206 941 948 206 946 953 207 945 952 22 944 951 207 949 956 24 948 955 22 947 954 205 952 959 195 951 958 207 950 957 195 955 962 24 954 961 207 953 960 206 958 965 201 957 964 204 956 963 201 961 968 199 960 967 204 959 966 204 964 971 199 963 970 197 962 969 210 967 974 209 966 973 208 965 972 209 970 977 211 969 976 208 968 975 210 973 980 208 972 979 212 971 978 208 976 983 213 975 982 212 974 981 212 979 986 213 978 985 214 977 984 213 982 989 215 981 988 214 980 987 214 985 992 215 984 991 216 983 990 215 988 995 217 987 994 216 986 993 216 991 998 217 990 997 218 989 996 193 994 1001 219 993 1000 191 992 999 219 997 1004 220 996 1003 191 995 1002 191 1000 1007 220 999 1006 184 998 1005 223 1003 1010 222 1002 1009 221 1001 1008 222 1006 1013 224 1005 1012 221 1004 1011 221 1009 1016 224 1008 1015 188 1007 1014 224 1012 1019 189 1011 1018 188 1010 1017 224 1015 1022 222 1014 1021 189 1013 1020 222 1018 1025 192 1017 1024 189 1016 1023 189 1021 1028 192 1020 1027 190 1019 1026 227 1024 1031 226 1023 1030 225 1022 1029 226 1027 1034 228 1026 1033 225 1025 1032 225 1030 1037 228 1029 1036 229 1028 1035 227 1033 1040 225 1032 1039 230 1031 1038 225 1036 1043 231 1035 1042 230 1034 1041 208 1039 1046 227 1038 1045 213 1037 1044 227 1042 1049 230 1041 1048 213 1040 1047 213 1045 1052 230 1044 1051 232 1043 1050 230 1048 1055 231 1047 1054 232 1046 1053 232 1051 1058 231 1050 1057 233 1049 1056 231 1054 1061 234 1053 1060 233 1052 1059 233 1057 1064 234 1056 1063 235 1055 1062 234 1060 1067 236 1059 1066 235 1058 1065 218 1063 1070 217 1062 1069 236 1061 1068 217 1066 1073 237 1065 1072 236 1064 1071 236 1069 1076 237 1068 1075 235 1067 1074 237 1072 1079 233 1071 1078 235 1070 1077 218 1075 1082 236 1074 1081 216 1073 1080 236 1078 1085 234 1077 1084 216 1076 1083 216 1081 1088 234 1080 1087 214 1079 1086 234 1084 1091 229 1083 1090 214 1082 1089 214 1087 1094 229 1086 1093 238 1085 1092 229 1090 1097 228 1089 1096 238 1088 1095 238 1093 1100 228 1092 1099 211 1091 1098 228 1096 1103 226 1095 1102 211 1094 1101 213 1099 1106 232 1098 1105 215 1097 1104 232 1102 1109 217 1101 1108 215 1100 1107 229 1105 1112 234 1104 1111 225 1103 1110 234 1108 1115 231 1107 1114 225 1106 1113 241 1111 1118 240 1110 1117 239 1109 1116 240 1114 1121 242 1113 1120 239 1112 1119 238 1117 1124 209 1116 1123 241 1115 1122 209 1120 1127 240 1119 1126 241 1118 1125 238 1123 1130 241 1122 1129 212 1121 1128 241 1126 1133 239 1125 1132 212 1124 1131 212 1129 1136 239 1128 1135 242 1127 1134 212 1132 1139 242 1131 1138 210 1130 1137 242 1135 1142 209 1134 1141 210 1133 1140 245 1138 1145 244 1137 1144 243 1136 1143 244 1141 1148 202 1140 1147 243 1139 1146 243 1144 1151 202 1143 1150 198 1142 1149 248 1147 1154 247 1146 1153 246 1145 1152 247 1150 1157 249 1149 1156 246 1148 1155 246 1153 1160 249 1152 1159 250 1151 1158 249 1156 1163 251 1155 1162 250 1154 1161 250 1159 1166 251 1158 1165 196 1157 1164 251 1162 1169 198 1161 1168 196 1160 1167 247 1165 1172 243 1164 1171 249 1163 1170 243 1168 1175 251 1167 1174 249 1166 1173 245 1171 1178 243 1170 1177 248 1169 1176 243 1174 1181 247 1173 1180 248 1172 1179 177 1177 1184 138 1176 1183 186 1175 1182 138 1180 1187 47 1179 1186 186 1178 1185 186 1183 1190 47 1182 1189 221 1181 1188 47 1186 1193 32 1185 1192 221 1184 1191 221 1189 1196 32 1188 1195 223 1187 1194 185 1192 1199 187 1191 1198 179 1190 1197 187 1195 1202 180 1194 1201 179 1193 1200 32 1198 1205 33 1197 1204 223 1196 1203 33 1201 1208 178 1200 1207 223 1199 1206 223 1204 1211 178 1203 1210 222 1202 1209 178 1207 1214 181 1206 1213 222 1205 1212 222 1210 1217 181 1209 1216 192 1208 1215 181 1213 1220 183 1212 1219 192 1211 1218 192 1216 1223 183 1215 1222 252 1214 1221 183 1219 1226 184 1218 1225 252 1217 1224 252 1222 1229 184 1221 1228 253 1220 1227 184 1225 1232 220 1224 1231 253 1223 1230 174 1228 1235 28 1227 1234 206 1226 1233 28 1231 1238 194 1230 1237 206 1229 1236 206 1234 1241 194 1233 1240 203 1232 1239 194 1237 1244 195 1236 1243 203 1235 1242 250 1240 1247 196 1239 1246 254 1238 1245 196 1243 1250 255 1242 1249 254 1241 1248 217 1246 1253 232 1245 1252 237 1244 1251 232 1249 1256 233 1248 1255 237 1247 1254 255 1252 1259 244 1251 1258 254 1250 1257 244 1255 1262 245 1254 1261 254 1253 1260 254 1258 1265 245 1257 1264 250 1256 1263 245 1261 1268 246 1260 1267 250 1259 1266 24 1264 1271 28 1263 1270 25 1262 1269 28 1267 1274 30 1266 1273 25 1265 1272 25 1270 1277 30 1269 1276 48 1268 1275 30 1273 1280 256 1272 1279 48 1271 1278 200 1276 1283 202 1275 1282 255 1274 1281 202 1279 1286 244 1278 1285 255 1277 1284 4 1282 1289 6 1281 1288 42 1280 1287 6 1285 1292 177 1284 1291 42 1283 1290 42 1288 1295 177 1287 1294 175 1286 1293 32 1291 1298 47 1290 1297 256 1289 1296 47 1294 1301 48 1293 1300 256 1292 1299 177 1297 1304 6 1296 1303 176 1295 1302 6 1300 1307 173 1299 1306 176 1298 1305 176 1303 1310 173 1302 1309 12 1301 1308 258 1306 1313 227 1305 1312 257 1304 1311 227 1309 1316 208 1308 1315 257 1307 1314 258 1312 1319 259 1311 1318 227 1310 1317 259 1315 1322 226 1314 1321 227 1313 1320 257 1318 1325 208 1317 1324 260 1316 1323 208 1321 1328 211 1320 1327 260 1319 1326 262 1324 1331 258 1323 1330 261 1322 1329 258 1327 1334 257 1326 1333 261 1325 1332 193 1330 1337 264 1329 1336 263 1328 1335 264 1333 1340 259 1332 1339 263 1331 1338 262 1336 1343 263 1335 1342 258 1334 1341 263 1339 1346 259 1338 1345 258 1337 1344 267 1341 1349 266 1341 1348 265 1340 1347 266 1344 1352 268 1343 1351 265 1342 1350 265 1347 1355 268 1346 1354 267 1345 1353 193 1350 1358 269 1349 1357 264 1348 1356 269 1353 1361 260 1352 1360 264 1351 1359 269 1356 1364 261 1355 1363 260 1354 1362 261 1359 1367 257 1358 1366 260 1357 1365 193 1362 1370 192 1361 1369 269 1360 1368 192 1365 1373 252 1364 1372 269 1363 1371 269 1368 1376 252 1367 1375 253 1366 1374 269 1371 1379 253 1370 1378 261 1369 1377 253 1374 1382 270 1373 1381 261 1372 1380 261 1377 1385 270 1376 1384 262 1375 1383 270 1380 1388 219 1379 1387 262 1378 1386 262 1383 1391 219 1382 1390 263 1381 1389 219 1386 1394 193 1385 1393 263 1384 1392 273 1389 1397 272 1388 1396 271 1387 1395 272 1390 1400 274 1390 1399 271 1390 1398 271 1393 1403 274 1392 1402 273 1391 1401 277 1395 1406 276 1395 1405 275 1394 1404 276 1398 1409 278 1397 1408 275 1396 1407 275 1401 1412 278 1400 1411 277 1399 1410 281 1402 1415 280 1402 1414 279 1402 1413 280 1404 1418 282 1403 1417 279 1403 1416 279 1405 1421 282 1405 1420 281 1405 1419 285 1408 1424 284 1407 1423 283 1406 1422 284 1410 1427 286 1410 1426 283 1409 1425 283 1413 1430 286 1412 1429 285 1411 1428 211 1416 1433 226 1415 1432 264 1414 1431 226 1419 1436 259 1418 1435 264 1417 1434 253 1422 1439 220 1421 1438 270 1420 1437 220 1425 1442 219 1424 1441 270 1423 1440 52 1428 1445 53 1427 1444 54 1426 1443 26 1431 1448 19 1430 1447 63 1429 1446 102 1434 1451 85 1433 1450 83 1432 1449 110 1437 1454 64 1436 1453 66 1435 1452 61 1440 1457 62 1439 1456 108 1438 1455 78 1443 1460 102 1442 1459 99 1441 1458 0 1446 1463 41 1445 1462 8 1444 1461 129 1449 1466 135 1448 1465 127 1447 1464 60 1452 1469 67 1451 1468 65 1450 1467 151 1455 1472 149 1454 1471 150 1453 1470 122 1458 1475 123 1457 1474 124 1456 1473 159 1459 1478 157 1459 1477 158 1459 1476 163 1461 1481 161 1460 1480 162 1460 1479 167 1464 1484 165 1463 1483 166 1462 1482 171 1467 1487 169 1466 1486 170 1465 1485 73 1470 1490 142 1469 1489 146 1468 1488 96 1473 1493 155 1472 1492 94 1471 1491 28 1476 1496 174 1475 1495 18 1474 1494 44 1479 1499 43 1478 1498 45 1477 1497 188 1482 1502 186 1481 1501 221 1480 1500 238 1485 1505 212 1484 1504 214 1483 1503 242 1488 1508 240 1487 1507 209 1486 1506 22 1491 1511 174 1490 1510 206 1489 1509 243 1494 1514 198 1493 1513 251 1492 1512 211 1497 1517 209 1496 1516 238 1495 1515 196 1500 1520 200 1499 1519 255 1498 1518 245 1503 1523 248 1502 1522 246 1501 1521 29 1506 1526 131 1505 1525 31 1504 1524 32 1509 1529 256 1508 1528 30 1507 1527 180 1512 1532 187 1511 1531 182 1510 1530 203 1515 1535 201 1514 1534 206 1513 1533 25 1518 1538 48 1517 1537 46 1516 1536 211 1521 1541 264 1520 1540 260 1519 1539</p>
    </polylist>
   </mesh>
  </geometry>
  <geometry id="weapon_3-lib" name="weapon_3">
   <mesh>
    <source id="weapon_3-lib-positions" name="position">
     <float_array id="weapon_3-lib-positions-array" count="123">-5.71972 3.83478 4.74003 -6.29369 6.86909 3.77639 -7.19282 3.83449 4.02961 -5.31570 6.86946 4.35361 -5.16433 3.83487 6.32595 -4.61673 6.86963 6.34973 -5.85179 3.83485 7.85985 -5.48174 6.86949 8.27876 -7.37946 3.83440 8.44220 -7.40357 6.86897 9.01148 -8.85255 3.83412 7.73179 -9.25663 6.86877 8.11813 -9.40794 3.83402 6.14587 -9.95537 6.86863 6.12203 -8.72051 3.83428 4.61196 -9.09059 6.86875 4.19298 -8.06726 6.86877 3.70096 -7.19285 9.90360 4.02955 -5.71976 9.90389 4.73996 -5.16413 9.90400 6.32590 -5.85158 9.90397 7.85979 -7.37949 9.90351 8.44214 -8.85235 9.90325 7.73173 -9.40795 9.90310 6.14516 -8.72054 9.90339 4.61189 -7.17421 7.80840 3.59279 -6.29587 6.86595 -7.90265 -6.68420 7.26090 -7.91960 -7.07876 6.87197 -7.93652 -7.17438 5.92967 3.59298 -6.69045 6.47726 -7.91958 -5.73144 6.86215 -8.96298 -6.63422 7.77977 -9.00177 -7.55162 6.87600 -9.04043 -6.64879 5.95811 -9.00227 -6.05993 6.86525 -11.07911 -6.54889 7.36212 -11.09995 -7.04548 6.87282 -11.12110 -6.55674 6.37593 -11.10027 -7.28605 3.00327 6.23615 -7.28614 10.68936 6.23579</float_array>
     <technique_common>
      <accessor count="41" source="#weapon_3-lib-positions-array" stride="3">
       <param name="X" type="float"/>
       <param name="Y" type="float"/>
       <param name="Z" type="float"/>
      </accessor>
     </technique_common>
    </source>
    <source id="weapon_3-lib-normals" name="normal">
     <float_array id="weapon_3-lib-normals-array" count="696">0.60595 -0.59071 -0.53282 0.47597 0.01386 -0.87935 0.02881 -0.59721 -0.80157 0.60595 -0.59071 -0.53282 0.76731 0.00772 -0.64123 0.47597 0.01386 -0.87935 0.81126 -0.58369 0.03427 0.76731 0.00772 -0.64123 0.60595 -0.59071 -0.53282 0.81126 -0.58369 0.03427 0.99910 0.00002 0.04236 0.76731 0.00772 -0.64123 0.55656 -0.58564 0.58929 0.99910 0.00002 0.04236 0.81126 -0.58369 0.03427 0.55656 -0.58564 0.58929 0.68557 0.00001 0.72801 0.99910 0.00002 0.04236 -0.03433 -0.58762 0.80841 0.68557 0.00001 0.72801 0.55656 -0.58564 0.58929 -0.03433 -0.58762 0.80841 -0.04248 -0.00002 0.99910 0.68557 0.00001 0.72801 -0.60435 -0.58577 0.54003 -0.04248 -0.00002 0.99910 -0.03433 -0.58762 0.80841 -0.60435 -0.58577 0.54003 -0.74482 0.00003 0.66727 -0.04248 -0.00002 0.99910 -0.81115 -0.58383 -0.03429 -0.74482 0.00003 0.66727 -0.60435 -0.58577 0.54003 -0.81115 -0.58383 -0.03429 -0.99910 0.00001 -0.04235 -0.74482 0.00003 0.66727 -0.55641 -0.58577 -0.58931 -0.99910 0.00001 -0.04235 -0.81115 -0.58383 -0.03429 -0.55641 -0.58577 -0.58931 -0.71024 -0.00773 -0.70392 -0.99910 0.00001 -0.04235 0.02881 -0.59721 -0.80157 -0.71024 -0.00773 -0.70392 -0.55641 -0.58577 -0.58931 0.02881 -0.59721 -0.80157 -0.39959 -0.01393 -0.91659 -0.71024 -0.00773 -0.70392 0.76731 0.00772 -0.64123 0.03927 0.60299 -0.79678 0.47597 0.01386 -0.87935 0.76731 0.00772 -0.64123 0.73445 0.18104 -0.65407 0.03927 0.60299 -0.79678 0.99910 0.00002 0.04236 0.73445 0.18104 -0.65407 0.76731 0.00772 -0.64123 0.99910 0.00002 0.04236 0.98322 0.17765 0.04148 0.73445 0.18104 -0.65407 0.68557 0.00001 0.72801 0.98322 0.17765 0.04148 0.99910 0.00002 0.04236 0.68557 0.00001 0.72801 0.67641 0.18104 0.71393 0.98322 0.17765 0.04148 -0.04248 -0.00002 0.99910 0.67641 0.18104 0.71393 0.68557 0.00001 0.72801 -0.04248 -0.00002 0.99910 -0.04185 0.18461 0.98192 0.67641 0.18104 0.71393 -0.74482 0.00003 0.66727 -0.04185 0.18461 0.98192 -0.04248 -0.00002 0.99910 -0.74482 0.00003 0.66727 -0.73448 0.18111 0.65401 -0.04185 0.18461 0.98192 -0.99910 0.00001 -0.04235 -0.73448 0.18111 0.65401 -0.74482 0.00003 0.66727 -0.99910 0.00001 -0.04235 -0.98321 0.17769 -0.04163 -0.73448 0.18111 0.65401 -0.71024 -0.00773 -0.70392 -0.98321 0.17769 -0.04163 -0.99910 0.00001 -0.04235 -0.71024 -0.00773 -0.70392 -0.65304 0.44284 -0.61435 -0.98321 0.17769 -0.04163 -0.39959 -0.01393 -0.91659 -0.65304 0.44284 -0.61435 -0.71024 -0.00773 -0.70392 -0.39959 -0.01393 -0.91659 0.03927 0.60299 -0.79678 -0.65304 0.44284 -0.61435 0.72912 0.68438 -0.00040 0.69646 0.69188 0.19039 0.72960 0.68388 -0.00032 0.72912 0.68438 -0.00040 0.69592 0.69247 0.19022 0.69646 0.69188 0.19039 -0.72613 0.68464 -0.06332 -0.69961 0.70215 0.13240 -0.72702 0.68367 -0.06346 -0.72613 0.68464 -0.06332 -0.69857 0.70309 0.13287 -0.69961 0.70215 0.13240 -0.72639 -0.68448 -0.06197 -0.71006 -0.69182 0.13111 -0.72687 -0.68398 -0.06193 -0.72639 -0.68448 -0.06197 -0.70952 -0.69248 0.13059 -0.71006 -0.69182 0.13111 0.72882 -0.68471 -0.00179 0.68556 -0.70244 0.19127 0.72972 -0.68374 -0.00185 0.72882 -0.68471 -0.00179 0.68467 -0.70329 0.19135 0.68556 -0.70244 0.19127 0.69592 0.69247 0.19022 0.70638 0.69951 0.10827 0.69646 0.69188 0.19039 0.69592 0.69247 0.19022 0.70637 0.69954 0.10812 0.70638 0.69951 0.10827 -0.69857 0.70309 0.13287 -0.70205 0.71047 0.04857 -0.69961 0.70215 0.13240 -0.69857 0.70309 0.13287 -0.70201 0.71050 0.04865 -0.70205 0.71047 0.04857 -0.70952 -0.69248 0.13059 -0.71312 -0.69939 0.04813 -0.71006 -0.69182 0.13111 -0.70952 -0.69248 0.13059 -0.71310 -0.69941 0.04812 -0.71312 -0.69939 0.04813 0.68467 -0.70329 0.19135 0.69548 -0.71044 0.10759 0.68556 -0.70244 0.19127 0.68467 -0.70329 0.19135 0.69547 -0.71044 0.10770 0.69548 -0.71044 0.10759 0.70637 0.69954 0.10812 0.71080 0.69483 -0.10938 0.70638 0.69951 0.10827 0.70637 0.69954 0.10812 0.71076 0.69487 -0.10941 0.71080 0.69483 -0.10938 -0.70201 0.71050 0.04865 -0.68817 0.70572 -0.16848 -0.70205 0.71047 0.04857 -0.70201 0.71050 0.04865 -0.68818 0.70571 -0.16848 -0.68817 0.70572 -0.16848 -0.71310 -0.69941 0.04812 -0.69913 -0.69473 -0.16903 -0.71312 -0.69939 0.04813 -0.71310 -0.69941 0.04812 -0.69912 -0.69473 -0.16903 -0.69913 -0.69473 -0.16903 0.69547 -0.71044 0.10770 0.69992 -0.70575 -0.10972 0.69548 -0.71044 0.10759 0.69547 -0.71044 0.10770 0.69985 -0.70582 -0.10967 0.69992 -0.70575 -0.10972 0.00019 -1.00000 0.00003 -0.81115 -0.58383 -0.03429 -0.60435 -0.58577 0.54003 0.00019 -1.00000 0.00003 -0.55641 -0.58577 -0.58931 -0.81115 -0.58383 -0.03429 0.02881 -0.59721 -0.80157 -0.55641 -0.58577 -0.58931 0.00019 -1.00000 0.00003 0.00019 -1.00000 0.00003 0.60595 -0.59071 -0.53282 0.02881 -0.59721 -0.80157 0.00019 -1.00000 0.00003 0.81126 -0.58369 0.03427 0.60595 -0.59071 -0.53282 0.55656 -0.58564 0.58929 0.81126 -0.58369 0.03427 0.00019 -1.00000 0.00003 0.00019 -1.00000 0.00003 -0.03433 -0.58762 0.80841 0.55656 -0.58564 0.58929 0.00019 -1.00000 0.00003 -0.60435 -0.58577 0.54003 -0.03433 -0.58762 0.80841 -0.00019 1.00000 -0.00000 -0.25331 0.93995 0.22873 -0.34688 0.93779 -0.01466 -0.00019 1.00000 -0.00000 -0.01450 0.94213 0.33495 -0.25331 0.93995 0.22873 0.23250 0.94011 0.24927 -0.01450 0.94213 0.33495 -0.00019 1.00000 -0.00000 -0.00019 1.00000 -0.00000 0.34651 0.93793 0.01461 0.23250 0.94011 0.24927 -0.00019 1.00000 -0.00000 0.25293 0.94005 -0.22877 0.34651 0.93793 0.01461 0.03927 0.60299 -0.79678 0.25293 0.94005 -0.22877 -0.00019 1.00000 -0.00000 -0.00019 1.00000 -0.00000 -0.12880 0.93246 -0.33754 0.03927 0.60299 -0.79678 -0.00019 1.00000 -0.00000 -0.34688 0.93779 -0.01466 -0.65304 0.44284 -0.61435 0.04257 -0.00001 -0.99909 0.04257 -0.00001 -0.99909 0.04257 -0.00001 -0.99909 0.04257 -0.00001 -0.99909 0.04157 -0.20419 -0.97805 -0.39959 -0.01393 -0.91659 0.02881 -0.59721 -0.80157 0.47597 0.01386 -0.87935 0.04157 -0.20419 -0.97805 0.02881 -0.59721 -0.80157 0.03927 0.60299 -0.79678 0.04159 0.20425 -0.97804 0.47597 0.01386 -0.87935 -0.39959 -0.01393 -0.91659 0.04159 0.20425 -0.97804 0.03927 0.60299 -0.79678</float_array>
     <technique_common>
      <accessor count="232" source="#weapon_3-lib-normals-array" stride="3">
       <param name="X" type="float"/>
       <param name="Y" type="float"/>
       <param name="Z" type="float"/>
      </accessor>
     </technique_common>
    </source>
    <source id="weapon_3-lib-texcoords">
     <float_array id="weapon_3-lib-texcoords-array" count="464">0.53418 -0.14355 0.35449 -0.06641 0.53418 -0.02930 0.53418 -0.14355 0.35449 -0.14355 0.35449 -0.06641 0.53418 -0.25781 0.35449 -0.14355 0.53418 -0.14355 0.53418 -0.25781 0.35449 -0.25781 0.35449 -0.14355 0.53418 -0.37109 0.35449 -0.25781 0.53418 -0.25781 0.53418 -0.37109 0.35449 -0.37109 0.35449 -0.25781 0.53418 -0.48535 0.35449 -0.37109 0.53418 -0.37109 0.53418 -0.48535 0.35449 -0.48535 0.35449 -0.37109 0.53418 -0.59961 0.35449 -0.48535 0.53418 -0.48535 0.53418 -0.59961 0.35449 -0.59961 0.35449 -0.48535 0.53418 -0.71289 0.35449 -0.59961 0.53418 -0.59961 0.53418 -0.71289 0.35449 -0.71289 0.35449 -0.59961 0.53418 -0.82715 0.35449 -0.71289 0.53418 -0.71289 0.53418 -0.82715 0.35449 -0.82715 0.35449 -0.71289 0.53418 -0.94141 0.35449 -0.82715 0.53418 -0.82715 0.53418 -0.94141 0.35449 -0.90430 0.35449 -0.82715 0.35449 -0.14355 0.17480 -0.02930 0.35449 -0.06641 0.35449 -0.14355 0.17480 -0.14355 0.17480 -0.02930 0.35449 -0.25781 0.17480 -0.14355 0.35449 -0.14355 0.35449 -0.25781 0.17480 -0.25781 0.17480 -0.14355 0.35449 -0.37109 0.17480 -0.25781 0.35449 -0.25781 0.35449 -0.37109 0.17480 -0.37109 0.17480 -0.25781 0.35449 -0.48535 0.17480 -0.37109 0.35449 -0.37109 0.35449 -0.48535 0.17480 -0.48535 0.17480 -0.37109 0.35449 -0.59961 0.17480 -0.48535 0.35449 -0.48535 0.35449 -0.59961 0.17480 -0.59961 0.17480 -0.48535 0.35449 -0.71289 0.17480 -0.59961 0.35449 -0.59961 0.35449 -0.71289 0.17480 -0.71289 0.17480 -0.59961 0.35449 -0.82715 0.17480 -0.71289 0.35449 -0.71289 0.35449 -0.82715 0.17480 -0.82715 0.17480 -0.71289 0.35449 -0.90430 0.17480 -0.82715 0.35449 -0.82715 0.35449 -0.90430 0.17480 -0.94141 0.17480 -0.82715 0.04785 -0.01367 0.01465 -0.79590 0.01465 -0.01367 0.04785 -0.01367 0.04785 -0.79590 0.01465 -0.79590 0.08203 -0.01367 0.04785 -0.79590 0.04785 -0.01367 0.08203 -0.01367 0.08203 -0.79590 0.04785 -0.79590 0.11621 -0.01367 0.08203 -0.79590 0.08203 -0.01367 0.11621 -0.01367 0.11621 -0.79590 0.08203 -0.79590 0.14941 -0.01367 0.11621 -0.79590 0.11621 -0.01367 0.14941 -0.01367 0.14941 -0.79590 0.11621 -0.79590 0.04785 -0.79590 0.01465 -0.87012 0.01465 -0.79590 0.04785 -0.79590 0.04785 -0.87012 0.01465 -0.87012 0.08203 -0.79590 0.04785 -0.87012 0.04785 -0.79590 0.08203 -0.79590 0.08203 -0.87012 0.04785 -0.87012 0.11621 -0.79590 0.08203 -0.87012 0.08203 -0.79590 0.11621 -0.79590 0.11621 -0.87012 0.08203 -0.87012 0.14941 -0.79590 0.11621 -0.87012 0.11621 -0.79590 0.14941 -0.79590 0.14941 -0.87012 0.11621 -0.87012 0.04785 -0.87012 0.03516 -0.96582 0.01465 -0.87012 0.04785 -0.87012 0.05664 -0.96582 0.03516 -0.96582 0.08203 -0.87012 0.05664 -0.96582 0.04785 -0.87012 0.08203 -0.87012 0.08301 -0.96582 0.05664 -0.96582 0.11621 -0.87012 0.08301 -0.96582 0.08203 -0.87012 0.11621 -0.87012 0.10547 -0.96582 0.08301 -0.96582 0.14941 -0.87012 0.10547 -0.96582 0.11621 -0.87012 0.14941 -0.87012 0.12793 -0.96582 0.10547 -0.96582 0.69922 -0.59082 0.83301 -0.53711 0.83203 -0.64648 0.69922 -0.59082 0.75586 -0.45801 0.83301 -0.53711 0.64551 -0.45801 0.75586 -0.45801 0.69922 -0.59082 0.69922 -0.59082 0.56738 -0.53516 0.64551 -0.45801 0.69922 -0.59082 0.56641 -0.64551 0.56738 -0.53516 0.64355 -0.72363 0.56641 -0.64551 0.69922 -0.59082 0.69922 -0.59082 0.75391 -0.72461 0.64355 -0.72363 0.69922 -0.59082 0.83203 -0.64648 0.75391 -0.72461 0.85938 -0.85156 0.91406 -0.72168 0.99023 -0.79785 0.85938 -0.85156 0.80566 -0.72070 0.91406 -0.72168 0.72949 -0.79785 0.80566 -0.72070 0.85938 -0.85156 0.85938 -0.85156 0.72852 -0.90527 0.72949 -0.79785 0.85938 -0.85156 0.80469 -0.98242 0.72852 -0.90527 0.91309 -0.98242 0.80469 -0.98242 0.85938 -0.85156 0.85938 -0.85156 0.99023 -0.90625 0.91309 -0.98242 0.85938 -0.85156 0.99023 -0.79785 0.99023 -0.90625 0.08398 -0.98633 0.08301 -0.96582 0.10547 -0.96582 0.10449 -0.98633 0.40039 -0.94141 0.35449 -0.90430 0.53418 -0.94141 0.35449 -0.06641 0.40039 -0.02930 0.53418 -0.02930 0.17480 -0.02930 0.30859 -0.02930 0.35449 -0.06641 0.35449 -0.90430 0.30859 -0.94141 0.17480 -0.94141</float_array>
     <technique_common>
      <accessor count="232" offset="0" source="#weapon_3-lib-texcoords-array" stride="2">
       <param name="U" type="float"/>
       <param name="V" type="float"/>
      </accessor>
     </technique_common>
    </source>
    <vertices id="weapon_3-lib-vertices">
     <input semantic="POSITION" source="#weapon_3-lib-positions"/>
    </vertices>
    <polylist count="77" material="mat4.png">
     <input offset="0" semantic="VERTEX" source="#weapon_3-lib-vertices"/>
     <input offset="1" semantic="NORMAL" source="#weapon_3-lib-normals"/>
     <input offset="2" semantic="TEXCOORD" source="#weapon_3-lib-texcoords"/>
     <vcount>3 3 3 3 3 3 3 3 3 3 3 3 3 3 3 3 3 3 3 3 3 3 3 3 3 3 3 3 3 3 3 3 3 3 3 3 3 3 3 3 3 3 3 3 3 3 3 3 3 3 3 3 3 3 3 3 3 3 3 3 3 3 3 3 3 3 3 3 3 3 3 3 4 3 3 3 3</vcount>
     <p>2 2 2 1 1 1 0 0 0 1 5 5 3 4 4 0 3 3 0 8 8 3 7 7 4 6 6 3 11 11 5 10 10 4 9 9 4 14 14 5 13 13 6 12 12 5 17 17 7 16 16 6 15 15 6 20 20 7 19 19 8 18 18 7 23 23 9 22 22 8 21 21 8 26 26 9 25 25 10 24 24 9 29 29 11 28 28 10 27 27 10 32 32 11 31 31 12 30 30 11 35 35 13 34 34 12 33 33 12 38 38 13 37 37 14 36 36 13 41 41 15 40 40 14 39 39 14 44 44 15 43 43 2 42 42 15 47 47 16 46 46 2 45 45 1 50 50 17 49 49 3 48 48 17 53 53 18 52 52 3 51 51 3 56 56 18 55 55 5 54 54 18 59 59 19 58 58 5 57 57 5 62 62 19 61 61 7 60 60 19 65 65 20 64 64 7 63 63 7 68 68 20 67 67 9 66 66 20 71 71 21 70 70 9 69 69 9 74 74 21 73 73 11 72 72 21 77 77 22 76 76 11 75 75 11 80 80 22 79 79 13 78 78 22 83 83 23 82 82 13 81 81 13 86 86 23 85 85 15 84 84 23 89 89 24 88 88 15 87 87 15 92 92 24 91 91 16 90 90 24 95 95 17 94 94 16 93 93 1 98 98 26 97 97 25 96 96 26 101 101 27 100 100 25 99 99 25 104 104 27 103 103 16 102 102 27 107 107 28 106 106 16 105 105 16 110 110 28 109 109 29 108 108 28 113 113 30 112 112 29 111 111 29 116 116 30 115 115 1 114 114 30 119 119 26 118 118 1 117 117 26 122 122 31 121 121 27 120 120 31 125 125 32 124 124 27 123 123 27 128 128 32 127 127 28 126 126 32 131 131 33 130 130 28 129 129 28 134 134 33 133 133 30 132 132 33 137 137 34 136 136 30 135 135 30 140 140 34 139 139 26 138 138 34 143 143 31 142 142 26 141 141 31 146 146 35 145 145 32 144 144 35 149 149 36 148 148 32 147 147 32 152 152 36 151 151 33 150 150 36 155 155 37 154 154 33 153 153 33 158 158 37 157 157 34 156 156 37 161 161 38 160 160 34 159 159 34 164 164 38 163 163 31 162 162 38 167 167 35 166 166 31 165 165 10 170 170 12 169 169 39 168 168 12 173 173 14 172 172 39 171 171 39 176 176 14 175 175 2 174 174 2 179 179 0 178 178 39 177 177 0 182 182 4 181 181 39 180 180 39 185 185 4 184 184 6 183 183 6 188 188 8 187 187 39 186 186 8 191 191 10 190 190 39 189 189 23 194 194 22 193 193 40 192 192 22 197 197 21 196 196 40 195 195 40 200 200 21 199 199 20 198 198 20 203 203 19 202 202 40 201 201 19 206 206 18 205 205 40 204 204 40 209 209 18 208 208 17 207 207 17 212 212 24 211 211 40 210 210 24 215 215 23 214 214 40 213 213 35 219 219 38 218 218 37 217 217 36 216 216 2 222 222 16 221 221 29 220 220 2 225 225 29 224 224 1 223 223 1 228 228 25 227 227 17 226 226 17 231 231 25 230 230 16 229 229</p>
    </polylist>
   </mesh>
  </geometry>
 </library_geometries>
 <library_visual_scenes>
  <visual_scene id="Scene" name="Scene">
   <node id="Camera" name="Camera">
    <rotate sid="rotateY">0 1 0 -0.00000</rotate>
    <rotate sid="rotateX">1 0 0 -0.00000</rotate>
    <rotate sid="rotateZ">0 0 1 -0.00000</rotate>
    <translate sid="translate">0.00000 0.00000 21.10277</translate>
    <instance_camera url="#Camera-Camera"/>
   </node>
   <node id="realb26" name="realb26">
    <translate sid="translate">0.00000 0.00000 0.00000</translate>
    <rotate sid="head">0 1 0 0.00000</rotate>
    <rotate sid="pitch">1 0 0 0.00000</rotate>
    <rotate sid="bank">0 0 1 0.00000</rotate>
    <scale sid="scale">1.00000 1.00000 1.00000</scale>
    <instance_geometry url="#realb26-lib">
     <bind_material>
      <technique_common>
       <instance_material symbol="mat3.png" target="#mat3.png">
        <bind_vertex_input semantic="UVSET0" input_semantic="TEXCOORD"/>
       </instance_material>
      </technique_common>
     </bind_material>
    </instance_geometry>
   </node>
   <node id="realb26_1" name="realb26_1">
    <translate sid="translate">0.00000 0.00000 0.00000</translate>
    <rotate sid="head">0 1 0 0.00000</rotate>
    <rotate sid="pitch">1 0 0 0.00000</rotate>
    <rotate sid="bank">0 0 1 0.00000</rotate>
    <scale sid="scale">1.00000 1.00000 1.00000</scale>
    <instance_geometry url="#realb26_1-lib">
     <bind_material>
      <technique_common>
       <instance_material symbol="mat1.png" target="#mat1.png">
        <bind_vertex_input semantic="UVSET0" input_semantic="TEXCOORD"/>
       </instance_material>
      </technique_common>
     </bind_material>
    </instance_geometry>
   </node>
   <node id="realb26_2" name="realb26_2">
    <translate sid="translate">0.00000 0.00000 0.00000</translate>
    <rotate sid="head">0 1 0 0.00000</rotate>
    <rotate sid="pitch">1 0 0 0.00000</rotate>
    <rotate sid="bank">0 0 1 0.00000</rotate>
    <scale sid="scale">1.00000 1.00000 1.00000</scale>
    <instance_geometry url="#realb26_2-lib">
     <bind_material>
      <technique_common>
       <instance_material symbol="mat2.png" target="#mat2.png">
        <bind_vertex_input semantic="UVSET0" input_semantic="TEXCOORD"/>
       </instance_material>
      </technique_common>
     </bind_material>
    </instance_geometry>
   </node>
   <node id="weapon_3" name="weapon_3">
    <translate sid="translate">0.00000 0.00000 0.00000</translate>
    <rotate sid="head">0 1 0 0.00000</rotate>
    <rotate sid="pitch">1 0 0 0.00000</rotate>
    <rotate sid="bank">0 0 1 0.00000</rotate>
    <scale sid="scale">1.00000 1.00000 1.00000</scale>
    <instance_geometry url="#weapon_3-lib">
     <bind_material>
      <technique_common>
       <instance_material symbol="mat4.png" target="#mat4.png">
        <bind_vertex_input semantic="UVSET0" input_semantic="TEXCOORD"/>
       </instance_material>
      </technique_common>
     </bind_material>
    </instance_geometry>
   </node>
  </visual_scene>
 </library_visual_scenes>
 <scene>
  <instance_visual_scene url="#Scene"/>
 </scene>
</COLLADA>
